{
"type": "FeatureCollection",
"name": "geo_08_訪問介護",
"crs": { "type": "name", "properties": { "name": "urn:ogc:def:crs:OGC:1.3:CRS84" } },
"features": [
{ "type": "Feature", "properties": { "内容": "株式会社ベスト　訪問介護ベストケア【訪問介護】茨城県水戸市見川５丁目１２７－１　２０１号", "url2": "https://www.kaigokensaku.mhlw.go.jp/08/index.php?action_kouhyou_detail_004_kani=true&JigyosyoCd=0870103363-00&ServiceCd=110&Type=search" }, "geometry": { "type": "Point", "coordinates": [ 140.430488400000058, 36.3729707 ] } },
{ "type": "Feature", "properties": { "内容": "自立支援センター・ライフサポート水戸【訪問介護】茨城県水戸河和田1丁目1577-2グレースステーション水戸102号", "url2": "https://www.kaigokensaku.mhlw.go.jp/08/index.php?action_kouhyou_detail_004_kani=true&JigyosyoCd=0870101466-00&ServiceCd=110&Type=search" }, "geometry": { "type": "Point", "coordinates": [ 140.415614652376178, 36.377454654112995 ] } },
{ "type": "Feature", "properties": { "内容": "ケアサポートぽてと【訪問介護】平須町１２２５－５", "url2": "https://www.kaigokensaku.mhlw.go.jp/08/index.php?action_kouhyou_detail_004_kani=true&JigyosyoCd=0870103876-00&ServiceCd=110&Type=search" }, "geometry": { "type": "Point", "coordinates": [ 140.424362500000029, 36.3302848 ] } },
{ "type": "Feature", "properties": { "内容": "ゆりかご介護サービス【訪問介護】茨城県水戸市飯富町3467-1", "url2": "https://www.kaigokensaku.mhlw.go.jp/08/index.php?action_kouhyou_detail_004_kani=true&JigyosyoCd=0870101326-00&ServiceCd=110&Type=search" }, "geometry": { "type": "Point", "coordinates": [ 140.4147163, 36.4225731 ] } },
{ "type": "Feature", "properties": { "内容": "株式会社コムズケア水戸【訪問介護】姫子１丁目７８１―７", "url2": "https://www.kaigokensaku.mhlw.go.jp/08/index.php?action_kouhyou_detail_004_kani=true&JigyosyoCd=0870103835-00&ServiceCd=110&Type=search" }, "geometry": { "type": "Point", "coordinates": [ 140.427258, 36.379056 ] } },
{ "type": "Feature", "properties": { "内容": "ヘルパーステーションわくわく【訪問介護】茨城県水戸市松が丘2-1-2和楽久プロシード赤塚", "url2": "https://www.kaigokensaku.mhlw.go.jp/08/index.php?action_kouhyou_detail_004_kani=true&JigyosyoCd=0870105772-00&ServiceCd=110&Type=search" }, "geometry": { "type": "Point", "coordinates": [ 140.433451100000013, 36.3870061 ] } },
{ "type": "Feature", "properties": { "内容": "あんしん介護サービス【訪問介護】茨城県水戸市元吉田町２７１０－１", "url2": "https://www.kaigokensaku.mhlw.go.jp/08/index.php?action_kouhyou_detail_004_kani=true&JigyosyoCd=0870101888-00&ServiceCd=110&Type=search" }, "geometry": { "type": "Point", "coordinates": [ 140.487724828836036, 36.355331981568085 ] } },
{ "type": "Feature", "properties": { "内容": "訪問介護サービス事業所　森のクマさん　水戸店【訪問介護】水戸市藤柄町2965番地1", "url2": "https://www.kaigokensaku.mhlw.go.jp/08/index.php?action_kouhyou_detail_004_kani=true&JigyosyoCd=0870103462-00&ServiceCd=110&Type=search" }, "geometry": { "type": "Point", "coordinates": [ 140.484805822090124, 36.361273272553611 ] } },
{ "type": "Feature", "properties": { "内容": "訪問介護ケアレジデンス水戸【訪問介護】茨城県水戸市東原3-2-11スイコウスクエア内", "url2": "https://www.kaigokensaku.mhlw.go.jp/08/index.php?action_kouhyou_detail_004_kani=true&JigyosyoCd=0870106366-00&ServiceCd=110&Type=search" }, "geometry": { "type": "Point", "coordinates": [ 140.44823398871992, 36.386870546844641 ] } },
{ "type": "Feature", "properties": { "内容": "ニチイケアセンター河和田【訪問介護】茨城県水戸市河和田2丁目2232-53", "url2": "https://www.kaigokensaku.mhlw.go.jp/08/index.php?action_kouhyou_detail_004_kani=true&JigyosyoCd=0870106416-00&ServiceCd=110&Type=search" }, "geometry": { "type": "Point", "coordinates": [ 140.4028729, 36.3779796 ] } },
{ "type": "Feature", "properties": { "内容": "ニチイケアセンター上水戸【訪問介護】茨城県水戸市上水戸4-6-45", "url2": "https://www.kaigokensaku.mhlw.go.jp/08/index.php?action_kouhyou_detail_004_kani=true&JigyosyoCd=0870100682-00&ServiceCd=110&Type=search" }, "geometry": { "type": "Point", "coordinates": [ 140.444392200000038, 36.3919443 ] } },
{ "type": "Feature", "properties": { "内容": "訪問介護サービスセンター　アテンドハウス・ウエスト【訪問介護】茨城県水戸市東原3丁目2-12アテンドハウス・ウエスト", "url2": "https://www.kaigokensaku.mhlw.go.jp/08/index.php?action_kouhyou_detail_004_kani=true&JigyosyoCd=0870104635-00&ServiceCd=110&Type=search" }, "geometry": { "type": "Point", "coordinates": [ 140.4463505, 36.386806 ] } },
{ "type": "Feature", "properties": { "内容": "有限会社　光ホームヘルプ【訪問介護】茨城県水戸市元吉田町1023-7", "url2": "https://www.kaigokensaku.mhlw.go.jp/08/index.php?action_kouhyou_detail_004_kani=true&JigyosyoCd=0870101912-00&ServiceCd=110&Type=search" }, "geometry": { "type": "Point", "coordinates": [ 140.464535585969543, 36.349257486772281 ] } },
{ "type": "Feature", "properties": { "内容": "ケアサービスいこま【訪問介護】茨城県水戸市笠原町1429-2", "url2": "https://www.kaigokensaku.mhlw.go.jp/08/index.php?action_kouhyou_detail_004_kani=true&JigyosyoCd=0870102845-00&ServiceCd=110&Type=search" }, "geometry": { "type": "Point", "coordinates": [ 140.437852600000042, 36.3416834 ] } },
{ "type": "Feature", "properties": { "内容": "訪問介護あおぞら水戸【訪問介護】茨城県水戸市見川5-1250-6", "url2": "https://www.kaigokensaku.mhlw.go.jp/08/index.php?action_kouhyou_detail_004_kani=true&JigyosyoCd=0870106556-00&ServiceCd=110&Type=search" }, "geometry": { "type": "Point", "coordinates": [ 140.4251435, 36.3697499 ] } },
{ "type": "Feature", "properties": { "内容": "訪問介護ステーション　コンフォルト緑岡【訪問介護】茨城県水戸市笠原町1361-2", "url2": "https://www.kaigokensaku.mhlw.go.jp/08/index.php?action_kouhyou_detail_004_kani=true&JigyosyoCd=0870106952-00&ServiceCd=110&Type=search" }, "geometry": { "type": "Point", "coordinates": [ 140.4500889, 36.3519386 ] } },
{ "type": "Feature", "properties": { "内容": "サンピア　訪問介護事業所【訪問介護】茨城県水戸市内原町１２２番地", "url2": "https://www.kaigokensaku.mhlw.go.jp/08/index.php?action_kouhyou_detail_004_kani=true&JigyosyoCd=0873100192-00&ServiceCd=110&Type=search" }, "geometry": { "type": "Point", "coordinates": [ 140.3562554, 36.3714779 ] } },
{ "type": "Feature", "properties": { "内容": "在宅介護サービス　まごの手【訪問介護】茨城県水戸市本町３－２－２６", "url2": "https://www.kaigokensaku.mhlw.go.jp/08/index.php?action_kouhyou_detail_004_kani=true&JigyosyoCd=0870101441-00&ServiceCd=110&Type=search" }, "geometry": { "type": "Point", "coordinates": [ 140.4934893, 36.3656799 ] } },
{ "type": "Feature", "properties": { "内容": "ご長寿くらぶ水戸見川訪問介護事業所【訪問介護】水戸市見川町字丹下一の牧２１３１－２１６５", "url2": "https://www.kaigokensaku.mhlw.go.jp/08/index.php?action_kouhyou_detail_004_kani=true&JigyosyoCd=0870105137-00&ServiceCd=110&Type=search" }, "geometry": { "type": "Point", "coordinates": [ 140.439629700000069, 36.3582812 ] } },
{ "type": "Feature", "properties": { "内容": "公益社団法人水戸市シルバー人材センター介護保険事業所【訪問介護】茨城県水戸市大塚町1863-169", "url2": "https://www.kaigokensaku.mhlw.go.jp/08/index.php?action_kouhyou_detail_004_kani=true&JigyosyoCd=0870100120-00&ServiceCd=110&Type=search" }, "geometry": { "type": "Point", "coordinates": [ 140.408415224744004, 36.38481899539407 ] } },
{ "type": "Feature", "properties": { "内容": "訪問介護ステーション　もみじ館【訪問介護】茨城県水戸市鯉淵町2222-1", "url2": "https://www.kaigokensaku.mhlw.go.jp/08/index.php?action_kouhyou_detail_004_kani=true&JigyosyoCd=0870104072-00&ServiceCd=110&Type=search" }, "geometry": { "type": "Point", "coordinates": [ 140.3676413, 36.3575209 ] } },
{ "type": "Feature", "properties": { "内容": "医療法人社団北水会　在宅ケアサービスセンターそらまめ【訪問介護】河和田町3003-1", "url2": "https://www.kaigokensaku.mhlw.go.jp/08/index.php?action_kouhyou_detail_004_kani=true&JigyosyoCd=0870104122-00&ServiceCd=110&Type=search" }, "geometry": { "type": "Point", "coordinates": [ 140.413045600000032, 36.3697539 ] } },
{ "type": "Feature", "properties": { "内容": "セントケア水戸【訪問介護】茨城県水戸市城南3-16-16アシスト城南ビル202", "url2": "https://www.kaigokensaku.mhlw.go.jp/08/index.php?action_kouhyou_detail_004_kani=true&JigyosyoCd=0870103116-00&ServiceCd=110&Type=search" }, "geometry": { "type": "Point", "coordinates": [ 140.4840687, 36.3643816 ] } },
{ "type": "Feature", "properties": { "内容": "ホームケア土屋　茨城【訪問介護】茨城県水戸市城南1－6－10越川ビル201号室", "url2": "https://www.kaigokensaku.mhlw.go.jp/08/index.php?action_kouhyou_detail_004_kani=true&JigyosyoCd=0870106788-00&ServiceCd=110&Type=search" }, "geometry": { "type": "Point", "coordinates": [ 140.4738561, 36.3658916 ] } },
{ "type": "Feature", "properties": { "内容": "医療法人社団協栄会　訪問介護事業所　「いろどり」【訪問介護】石川１丁目４０１７番１サポートハウス「いろどり」", "url2": "https://www.kaigokensaku.mhlw.go.jp/08/index.php?action_kouhyou_detail_004_kani=true&JigyosyoCd=0870104585-00&ServiceCd=110&Type=search" }, "geometry": { "type": "Point", "coordinates": [ 140.426438861356104, 36.390705836355643 ] } },
{ "type": "Feature", "properties": { "内容": "医心館訪問介護ステーション水戸【訪問介護】茨城県水戸市元吉田町1052-1", "url2": "https://www.kaigokensaku.mhlw.go.jp/08/index.php?action_kouhyou_detail_004_kani=true&JigyosyoCd=0870106473-00&ServiceCd=110&Type=search" }, "geometry": { "type": "Point", "coordinates": [ 140.463160499999987, 36.3406614 ] } },
{ "type": "Feature", "properties": { "内容": "訪問介護事業所　まごころの手　水戸【訪問介護】水戸市西原2-12-7中央オートビル２階", "url2": "https://www.kaigokensaku.mhlw.go.jp/08/index.php?action_kouhyou_detail_004_kani=true&JigyosyoCd=0870105392-00&ServiceCd=110&Type=search" }, "geometry": { "type": "Point", "coordinates": [ 140.447068899999977, 36.3816934 ] } },
{ "type": "Feature", "properties": { "内容": "訪問介護ステーション　とうはら【訪問介護】茨城県水戸市酒門町2950-5", "url2": "https://www.kaigokensaku.mhlw.go.jp/08/index.php?action_kouhyou_detail_004_kani=true&JigyosyoCd=0870105467-00&ServiceCd=110&Type=search" }, "geometry": { "type": "Point", "coordinates": [ 140.49799459999997, 36.3429114 ] } },
{ "type": "Feature", "properties": { "内容": "ウエルシア介護サービス水戸【訪問介護】水戸市百合が丘町8番3", "url2": "https://www.kaigokensaku.mhlw.go.jp/08/index.php?action_kouhyou_detail_004_kani=true&JigyosyoCd=0870100278-00&ServiceCd=110&Type=search" }, "geometry": { "type": "Point", "coordinates": [ 140.5040024, 36.3428755 ] } },
{ "type": "Feature", "properties": { "内容": "ご長寿くらぶ水戸酒門【訪問介護】酒門町567-４ご長寿くらぶ水戸酒門", "url2": "https://www.kaigokensaku.mhlw.go.jp/08/index.php?action_kouhyou_detail_004_kani=true&JigyosyoCd=0870105228-00&ServiceCd=110&Type=search" }, "geometry": { "type": "Point", "coordinates": [ 140.4957614, 36.3488606 ] } },
{ "type": "Feature", "properties": { "内容": "ウエルシア介護サービス水戸渡里【訪問介護】茨城県水戸市渡里2556‐3シャンテドミールD棟　101号", "url2": "https://www.kaigokensaku.mhlw.go.jp/08/index.php?action_kouhyou_detail_004_kani=true&JigyosyoCd=0870107000-00&ServiceCd=110&Type=search" }, "geometry": { "type": "Point", "coordinates": [ 140.4390606, 36.4049 ] } },
{ "type": "Feature", "properties": { "内容": "ウエルシア介護サービス水戸見川【訪問介護】茨城県水戸市見川町2563-424", "url2": "https://www.kaigokensaku.mhlw.go.jp/08/index.php?action_kouhyou_detail_004_kani=true&JigyosyoCd=0870107133-00&ServiceCd=110&Type=search" }, "geometry": { "type": "Point", "coordinates": [ 140.4407186, 36.3579672 ] } },
{ "type": "Feature", "properties": { "内容": "ツクイ・サンフォレスト水戸【訪問介護】茨城県水戸市中央2-6-32", "url2": "https://www.kaigokensaku.mhlw.go.jp/08/index.php?action_kouhyou_detail_004_kani=true&JigyosyoCd=0870105368-00&ServiceCd=110&Type=search" }, "geometry": { "type": "Point", "coordinates": [ 140.4704021, 36.3672026 ] } },
{ "type": "Feature", "properties": { "内容": "訪問介護ステーション　くるみ館【訪問介護】茨城県水戸市河和田町３３３５－１", "url2": "https://www.kaigokensaku.mhlw.go.jp/08/index.php?action_kouhyou_detail_004_kani=true&JigyosyoCd=0870103488-00&ServiceCd=110&Type=search" }, "geometry": { "type": "Point", "coordinates": [ 140.402246699999978, 36.3672261 ] } },
{ "type": "Feature", "properties": { "内容": "ヘルパーステーション水戸桑林【訪問介護】茨城県水戸市見川町2142-10", "url2": "https://www.kaigokensaku.mhlw.go.jp/08/index.php?action_kouhyou_detail_004_kani=true&JigyosyoCd=0870105400-00&ServiceCd=110&Type=search" }, "geometry": { "type": "Point", "coordinates": [ 140.424147799999986, 36.3566228 ] } },
{ "type": "Feature", "properties": { "内容": "ご長寿くらぶ水戸金町訪問介護事業所【訪問介護】茨城県水戸市金町2-3-30", "url2": "https://www.kaigokensaku.mhlw.go.jp/08/index.php?action_kouhyou_detail_004_kani=true&JigyosyoCd=0870106358-00&ServiceCd=110&Type=search" }, "geometry": { "type": "Point", "coordinates": [ 140.4651199, 36.3830918 ] } },
{ "type": "Feature", "properties": { "内容": "フロイデみとホームヘルパーステーション【訪問介護】茨城県水戸市堀町967－1", "url2": "https://www.kaigokensaku.mhlw.go.jp/08/index.php?action_kouhyou_detail_004_kani=true&JigyosyoCd=0870106457-00&ServiceCd=110&Type=search" }, "geometry": { "type": "Point", "coordinates": [ 140.433643499999988, 36.4029795 ] } },
{ "type": "Feature", "properties": { "内容": "訪問介護いっしん水戸城東【訪問介護】茨城県水戸市城東四丁目4-6", "url2": "https://www.kaigokensaku.mhlw.go.jp/08/index.php?action_kouhyou_detail_004_kani=true&JigyosyoCd=0870105434-00&ServiceCd=110&Type=search" }, "geometry": { "type": "Point", "coordinates": [ 140.4945523, 36.3746261 ] } },
{ "type": "Feature", "properties": { "内容": "ヘルパーステーションけやき【訪問介護】茨城県水戸市住吉町57－2", "url2": "https://www.kaigokensaku.mhlw.go.jp/08/index.php?action_kouhyou_detail_004_kani=true&JigyosyoCd=0870100401-00&ServiceCd=110&Type=search" }, "geometry": { "type": "Point", "coordinates": [ 140.479521129346637, 36.3345969116154 ] } },
{ "type": "Feature", "properties": { "内容": "ホームヘルパーステーションかたくり【訪問介護】茨城県水戸市河和田町4510-1", "url2": "https://www.kaigokensaku.mhlw.go.jp/08/index.php?action_kouhyou_detail_004_kani=true&JigyosyoCd=0870100419-00&ServiceCd=110&Type=search" }, "geometry": { "type": "Point", "coordinates": [ 140.39304530000004, 36.3480926 ] } },
{ "type": "Feature", "properties": { "内容": "ヘルプサービス　みどりおか【訪問介護】水戸市見川町1820-16", "url2": "https://www.kaigokensaku.mhlw.go.jp/08/index.php?action_kouhyou_detail_004_kani=true&JigyosyoCd=0870100518-00&ServiceCd=110&Type=search" }, "geometry": { "type": "Point", "coordinates": [ 140.436049499999967, 36.3566758 ] } },
{ "type": "Feature", "properties": { "内容": "アースサポート水戸【訪問介護】茨城県水戸市赤塚1丁目376番地の1", "url2": "https://www.kaigokensaku.mhlw.go.jp/08/index.php?action_kouhyou_detail_004_kani=true&JigyosyoCd=0870102894-00&ServiceCd=110&Type=search" }, "geometry": { "type": "Point", "coordinates": [ 140.416947700000037, 36.3828218 ] } },
{ "type": "Feature", "properties": { "内容": "アースサポート水戸中央【訪問介護】茨城県水戸市白梅３丁目１０番５号", "url2": "https://www.kaigokensaku.mhlw.go.jp/08/index.php?action_kouhyou_detail_004_kani=true&JigyosyoCd=0870106614-00&ServiceCd=110&Type=search" }, "geometry": { "type": "Point", "coordinates": [ 140.482702, 36.3635065 ] } },
{ "type": "Feature", "properties": { "内容": "ケアサービスすず【訪問介護】茨城県水戸市酒門町3292番地の38", "url2": "https://www.kaigokensaku.mhlw.go.jp/08/index.php?action_kouhyou_detail_004_kani=true&JigyosyoCd=0870107059-00&ServiceCd=110&Type=search" }, "geometry": { "type": "Point", "coordinates": [ 140.4835254, 36.3369998 ] } },
{ "type": "Feature", "properties": { "内容": "ヘルパーステーション安住野【訪問介護】茨城県水戸市笠原町645-1", "url2": "https://www.kaigokensaku.mhlw.go.jp/08/index.php?action_kouhyou_detail_004_kani=true&JigyosyoCd=0870106200-00&ServiceCd=110&Type=search" }, "geometry": { "type": "Point", "coordinates": [ 140.45518590000006, 36.3419308 ] } },
{ "type": "Feature", "properties": { "内容": "訪問介護センターアゼリア河和田【訪問介護】茨城県水戸市河和田3-2568-1ティーエスビル1-B", "url2": "https://www.kaigokensaku.mhlw.go.jp/08/index.php?action_kouhyou_detail_004_kani=true&JigyosyoCd=0870102787-00&ServiceCd=110&Type=search" }, "geometry": { "type": "Point", "coordinates": [ 140.404543881723043, 36.372562903394304 ] } },
{ "type": "Feature", "properties": { "内容": "コープヘルパーステーション【訪問介護】茨城県水戸市赤塚1-2029-121", "url2": "https://www.kaigokensaku.mhlw.go.jp/08/index.php?action_kouhyou_detail_004_kani=true&JigyosyoCd=0870101672-00&ServiceCd=110&Type=search" }, "geometry": { "type": "Point", "coordinates": [ 140.414178399999969, 36.3854714 ] } },
{ "type": "Feature", "properties": { "内容": "訪問介護フレンドリー【訪問介護】茨城県水戸市見和２丁目215-11", "url2": "https://www.kaigokensaku.mhlw.go.jp/08/index.php?action_kouhyou_detail_004_kani=true&JigyosyoCd=0870106754-00&ServiceCd=110&Type=search" }, "geometry": { "type": "Point", "coordinates": [ 140.4298671, 36.3765179 ] } },
{ "type": "Feature", "properties": { "内容": "有限会社　ほっと水戸【訪問介護】茨城県水戸市見川町2131番地の１", "url2": "https://www.kaigokensaku.mhlw.go.jp/08/index.php?action_kouhyou_detail_004_kani=true&JigyosyoCd=0870100112-00&ServiceCd=110&Type=search" }, "geometry": { "type": "Point", "coordinates": [ 140.430906186908373, 36.363199562379677 ] } },
{ "type": "Feature", "properties": { "内容": "訪問介護事業所　ハート24　水戸事業所【訪問介護】茨城県水戸市大塚町1803番地4", "url2": "https://www.kaigokensaku.mhlw.go.jp/08/index.php?action_kouhyou_detail_004_kani=true&JigyosyoCd=0870100583-00&ServiceCd=110&Type=search" }, "geometry": { "type": "Point", "coordinates": [ 140.398506599999962, 36.3871411 ] } },
{ "type": "Feature", "properties": { "内容": "ツクイ水戸【訪問介護】茨城県水戸市五軒町3-3-45", "url2": "https://www.kaigokensaku.mhlw.go.jp/08/index.php?action_kouhyou_detail_004_kani=true&JigyosyoCd=0870100336-00&ServiceCd=110&Type=search" }, "geometry": { "type": "Point", "coordinates": [ 140.461696599999982, 36.3838538 ] } },
{ "type": "Feature", "properties": { "内容": "しもいちヘルパーステーション【訪問介護】水戸市浜田２－９－５塚原浜田ビル２Ｆ", "url2": "https://www.kaigokensaku.mhlw.go.jp/08/index.php?action_kouhyou_detail_004_kani=true&JigyosyoCd=0870103900-00&ServiceCd=110&Type=search" }, "geometry": { "type": "Point", "coordinates": [ 140.500276106238402, 36.367698729533352 ] } },
{ "type": "Feature", "properties": { "内容": "訪問介護　ヘルパーコール【訪問介護】茨城県水戸市笠原町1375-1", "url2": "https://www.kaigokensaku.mhlw.go.jp/08/index.php?action_kouhyou_detail_004_kani=true&JigyosyoCd=0870100211-00&ServiceCd=110&Type=search" }, "geometry": { "type": "Point", "coordinates": [ 140.448807958665157, 36.353215803469325 ] } },
{ "type": "Feature", "properties": { "内容": "株式会社　ケアコーポレーションみのわ【訪問介護】茨城県水戸市千波町727-1　石川ビル104", "url2": "https://www.kaigokensaku.mhlw.go.jp/08/index.php?action_kouhyou_detail_004_kani=true&JigyosyoCd=0870102837-00&ServiceCd=110&Type=search" }, "geometry": { "type": "Point", "coordinates": [ 140.467749799999979, 36.3673253 ] } },
{ "type": "Feature", "properties": { "内容": "ミサキ介護サービス【訪問介護】茨城県水戸市住吉町78-12", "url2": "https://www.kaigokensaku.mhlw.go.jp/08/index.php?action_kouhyou_detail_004_kani=true&JigyosyoCd=0870102712-00&ServiceCd=110&Type=search" }, "geometry": { "type": "Point", "coordinates": [ 140.476499804893535, 36.336032297562049 ] } },
{ "type": "Feature", "properties": { "内容": "ナザレ園訪問介護事業所水戸【訪問介護】茨城県水戸市石川1-3829-3", "url2": "https://www.kaigokensaku.mhlw.go.jp/08/index.php?action_kouhyou_detail_004_kani=true&JigyosyoCd=0870107026-00&ServiceCd=110&Type=search" }, "geometry": { "type": "Point", "coordinates": [ 140.4300135, 36.3919566 ] } },
{ "type": "Feature", "properties": { "内容": "有限会社ハンディキャブ【訪問介護】茨城県日立市河原子町３－２－７", "url2": "https://www.kaigokensaku.mhlw.go.jp/08/index.php?action_kouhyou_detail_004_kani=true&JigyosyoCd=0870200789-00&ServiceCd=110&Type=search" }, "geometry": { "type": "Point", "coordinates": [ 140.642802499999988, 36.5434499 ] } },
{ "type": "Feature", "properties": { "内容": "合同会社Foryou介護センターいちご畑【訪問介護】茨城県日立市鮎川町6-21-2", "url2": "https://www.kaigokensaku.mhlw.go.jp/08/index.php?action_kouhyou_detail_004_kani=true&JigyosyoCd=0870201233-00&ServiceCd=110&Type=search" }, "geometry": { "type": "Point", "coordinates": [ 140.632885755294836, 36.568233896994585 ] } },
{ "type": "Feature", "properties": { "内容": "合同会社Foryou　訪問介護どんぐり【訪問介護】小木津町2-16-11", "url2": "https://www.kaigokensaku.mhlw.go.jp/08/index.php?action_kouhyou_detail_004_kani=true&JigyosyoCd=0870202702-00&ServiceCd=110&Type=search" }, "geometry": { "type": "Point", "coordinates": [ 140.643065799999988, 36.6528007 ] } },
{ "type": "Feature", "properties": { "内容": "日立市多賀農業協同組合　介護センターすずらん【訪問介護】茨城県日立市多賀町１丁目１２番１０号", "url2": "https://www.kaigokensaku.mhlw.go.jp/08/index.php?action_kouhyou_detail_004_kani=true&JigyosyoCd=0870200045-00&ServiceCd=110&Type=search" }, "geometry": { "type": "Point", "coordinates": [ 140.631406127647466, 36.553898140075923 ] } },
{ "type": "Feature", "properties": { "内容": "日立市シルバー人材センター介護保険事業所【訪問介護】日立市幸町1丁目17番1号", "url2": "https://www.kaigokensaku.mhlw.go.jp/08/index.php?action_kouhyou_detail_004_kani=true&JigyosyoCd=0870200482-00&ServiceCd=110&Type=search" }, "geometry": { "type": "Point", "coordinates": [ 140.659039074713036, 36.591114747203001 ] } },
{ "type": "Feature", "properties": { "内容": "訪問介護ステーション久慈浜【訪問介護】茨城県日立市久慈町３－４－１４", "url2": "https://www.kaigokensaku.mhlw.go.jp/08/index.php?action_kouhyou_detail_004_kani=true&JigyosyoCd=0870201472-00&ServiceCd=110&Type=search" }, "geometry": { "type": "Point", "coordinates": [ 140.615974599999959, 36.4958505 ] } },
{ "type": "Feature", "properties": { "内容": "訪問介護　クローバーの丘【訪問介護】茨城県日立市鹿島町1-7-1ポレスター鹿島町804", "url2": "https://www.kaigokensaku.mhlw.go.jp/08/index.php?action_kouhyou_detail_004_kani=true&JigyosyoCd=0870202421-00&ServiceCd=110&Type=search" }, "geometry": { "type": "Point", "coordinates": [ 140.651290499999988, 36.5956382 ] } },
{ "type": "Feature", "properties": { "内容": "結　訪問介護事業所【訪問介護】茨城県日立市川尻町６－５１－３５", "url2": "https://www.kaigokensaku.mhlw.go.jp/08/index.php?action_kouhyou_detail_004_kani=true&JigyosyoCd=0870202736-00&ServiceCd=110&Type=search" }, "geometry": { "type": "Point", "coordinates": [ 140.689470300000011, 36.6694775 ] } },
{ "type": "Feature", "properties": { "内容": "シルバーライフサポート木の実【訪問介護】茨城県日立市十王町友部東２－１－１９", "url2": "https://www.kaigokensaku.mhlw.go.jp/08/index.php?action_kouhyou_detail_004_kani=true&JigyosyoCd=0873500011-00&ServiceCd=110&Type=search" }, "geometry": { "type": "Point", "coordinates": [ 140.6864971, 36.6707964 ] } },
{ "type": "Feature", "properties": { "内容": "ヘルパーステーション　みずき桜の杜【訪問介護】茨城県日立市水木町2-25-3", "url2": "https://www.kaigokensaku.mhlw.go.jp/08/index.php?action_kouhyou_detail_004_kani=true&JigyosyoCd=0870202561-00&ServiceCd=110&Type=search" }, "geometry": { "type": "Point", "coordinates": [ 140.6275311, 36.5173415 ] } },
{ "type": "Feature", "properties": { "内容": "かごや　訪問介護事業所【訪問介護】茨城県日立市相田町2-5-7", "url2": "https://www.kaigokensaku.mhlw.go.jp/08/index.php?action_kouhyou_detail_004_kani=true&JigyosyoCd=0870201027-00&ServiceCd=110&Type=search" }, "geometry": { "type": "Point", "coordinates": [ 140.68398209999998, 36.6289428 ] } },
{ "type": "Feature", "properties": { "内容": "鮎川さくら館　指定訪問介護事業所【訪問介護】日立市国分町3-12-10", "url2": "https://www.kaigokensaku.mhlw.go.jp/08/index.php?action_kouhyou_detail_004_kani=true&JigyosyoCd=0870200912-00&ServiceCd=110&Type=search" }, "geometry": { "type": "Point", "coordinates": [ 140.649529600000051, 36.5670299 ] } },
{ "type": "Feature", "properties": { "内容": "訪問介護　秋桜【訪問介護】茨城県日立市東大沼町３－２８－３", "url2": "https://www.kaigokensaku.mhlw.go.jp/08/index.php?action_kouhyou_detail_004_kani=true&JigyosyoCd=0870200656-00&ServiceCd=110&Type=search" }, "geometry": { "type": "Point", "coordinates": [ 140.624153854894502, 36.526419830423393 ] } },
{ "type": "Feature", "properties": { "内容": "あおばケアサービス【訪問介護】茨城県日立市金沢町１－１０－１０", "url2": "https://www.kaigokensaku.mhlw.go.jp/08/index.php?action_kouhyou_detail_004_kani=true&JigyosyoCd=0870200946-00&ServiceCd=110&Type=search" }, "geometry": { "type": "Point", "coordinates": [ 140.623896599999966, 36.5422627 ] } },
{ "type": "Feature", "properties": { "内容": "訪問介護オムソリ【訪問介護】茨城県日立市神峰町4丁目17番10号", "url2": "https://www.kaigokensaku.mhlw.go.jp/08/index.php?action_kouhyou_detail_004_kani=true&JigyosyoCd=0870202959-00&ServiceCd=110&Type=search" }, "geometry": { "type": "Point", "coordinates": [ 140.6579764, 36.6031622 ] } },
{ "type": "Feature", "properties": { "内容": "訪問介護　エス企画【訪問介護】茨城県日立市東大沼町4-29-27", "url2": "https://www.kaigokensaku.mhlw.go.jp/08/index.php?action_kouhyou_detail_004_kani=true&JigyosyoCd=0870202793-00&ServiceCd=110&Type=search" }, "geometry": { "type": "Point", "coordinates": [ 140.6324726, 36.5243995 ] } },
{ "type": "Feature", "properties": { "内容": "ご長寿くらぶ日立滑川訪問介護事業所【訪問介護】東滑川町４－１５－１", "url2": "https://www.kaigokensaku.mhlw.go.jp/08/index.php?action_kouhyou_detail_004_kani=true&JigyosyoCd=0870202330-00&ServiceCd=110&Type=search" }, "geometry": { "type": "Point", "coordinates": [ 140.677100818524195, 36.621706501355327 ] } },
{ "type": "Feature", "properties": { "内容": "訪問介護事業所　まごころの手【訪問介護】茨城県日立市多賀町２－１０－７", "url2": "https://www.kaigokensaku.mhlw.go.jp/08/index.php?action_kouhyou_detail_004_kani=true&JigyosyoCd=0870201845-00&ServiceCd=110&Type=search" }, "geometry": { "type": "Point", "coordinates": [ 140.63022460000002, 36.5576765 ] } },
{ "type": "Feature", "properties": { "内容": "一般社団法人ライフ・ケア・ひたち支援センターはーとぽっぽ【訪問介護】茨城県日立市鹿島町１－５－９", "url2": "https://www.kaigokensaku.mhlw.go.jp/08/index.php?action_kouhyou_detail_004_kani=true&JigyosyoCd=0870200151-00&ServiceCd=110&Type=search" }, "geometry": { "type": "Point", "coordinates": [ 140.65214160000005, 36.5963321 ] } },
{ "type": "Feature", "properties": { "内容": "介護福祉サービス　ふきのとう【訪問介護】茨城県日立市石名坂町１丁目４１番地１号", "url2": "https://www.kaigokensaku.mhlw.go.jp/08/index.php?action_kouhyou_detail_004_kani=true&JigyosyoCd=0870201480-00&ServiceCd=110&Type=search" }, "geometry": { "type": "Point", "coordinates": [ 140.5969479, 36.5129954 ] } },
{ "type": "Feature", "properties": { "内容": "ウエルシア介護サービス日立大みか【訪問介護】茨城県日立市大みか町3-25-1", "url2": "https://www.kaigokensaku.mhlw.go.jp/08/index.php?action_kouhyou_detail_004_kani=true&JigyosyoCd=0870202850-00&ServiceCd=110&Type=search" }, "geometry": { "type": "Point", "coordinates": [ 140.6306094, 36.5117477 ] } },
{ "type": "Feature", "properties": { "内容": "ご長寿くらぶ日立おおみか訪問介護事業所【訪問介護】大甕町三丁目16-22", "url2": "https://www.kaigokensaku.mhlw.go.jp/08/index.php?action_kouhyou_detail_004_kani=true&JigyosyoCd=0870202041-00&ServiceCd=110&Type=search" }, "geometry": { "type": "Point", "coordinates": [ 140.630672499999946, 36.5134573 ] } },
{ "type": "Feature", "properties": { "内容": "ニチイケアセンター日立【訪問介護】茨城県日立市助川町2-6-22", "url2": "https://www.kaigokensaku.mhlw.go.jp/08/index.php?action_kouhyou_detail_004_kani=true&JigyosyoCd=0870200094-00&ServiceCd=110&Type=search" }, "geometry": { "type": "Point", "coordinates": [ 140.648045, 36.5930879 ] } },
{ "type": "Feature", "properties": { "内容": "ニチイケアセンター大みか【訪問介護】茨城県日立市森山町2丁目25-22益子テナント6", "url2": "https://www.kaigokensaku.mhlw.go.jp/08/index.php?action_kouhyou_detail_004_kani=true&JigyosyoCd=0870202678-00&ServiceCd=110&Type=search" }, "geometry": { "type": "Point", "coordinates": [ 140.617183762465572, 36.522473792239481 ] } },
{ "type": "Feature", "properties": { "内容": "アースサポート日立【訪問介護】茨城県日立市桜川町1丁目1番13号", "url2": "https://www.kaigokensaku.mhlw.go.jp/08/index.php?action_kouhyou_detail_004_kani=true&JigyosyoCd=0870201639-00&ServiceCd=110&Type=search" }, "geometry": { "type": "Point", "coordinates": [ 140.628337399999964, 36.5571694 ] } },
{ "type": "Feature", "properties": { "内容": "ニチイケアセンター多賀【訪問介護】茨城県日立市東多賀町2丁目-9-9", "url2": "https://www.kaigokensaku.mhlw.go.jp/08/index.php?action_kouhyou_detail_004_kani=true&JigyosyoCd=0870201407-00&ServiceCd=110&Type=search" }, "geometry": { "type": "Point", "coordinates": [ 140.633095700000013, 36.5489872 ] } },
{ "type": "Feature", "properties": { "内容": "日立介護ステーション【訪問介護】茨城県日立市会瀬町2-21-11", "url2": "https://www.kaigokensaku.mhlw.go.jp/08/index.php?action_kouhyou_detail_004_kani=true&JigyosyoCd=0870200011-00&ServiceCd=110&Type=search" }, "geometry": { "type": "Point", "coordinates": [ 140.648914538036564, 36.578883238890846 ] } },
{ "type": "Feature", "properties": { "内容": "有限会社　日立看護師家政婦紹介所【訪問介護】茨城県日立市東町1-15-3", "url2": "https://www.kaigokensaku.mhlw.go.jp/08/index.php?action_kouhyou_detail_004_kani=true&JigyosyoCd=0870200334-00&ServiceCd=110&Type=search" }, "geometry": { "type": "Point", "coordinates": [ 140.663251800000012, 36.5980874 ] } },
{ "type": "Feature", "properties": { "内容": "ヘルパーステーションたがひたち【訪問介護】茨城県日立市城南町二丁目1番1号", "url2": "https://www.kaigokensaku.mhlw.go.jp/08/index.php?action_kouhyou_detail_004_kani=true&JigyosyoCd=0870200953-00&ServiceCd=110&Type=search" }, "geometry": { "type": "Point", "coordinates": [ 140.644807899999989, 36.589159200000019 ] } },
{ "type": "Feature", "properties": { "内容": "あさがおケアサービス【訪問介護】日立市千石町２－４－６", "url2": "https://www.kaigokensaku.mhlw.go.jp/08/index.php?action_kouhyou_detail_004_kani=true&JigyosyoCd=0870201118-00&ServiceCd=110&Type=search" }, "geometry": { "type": "Point", "coordinates": [ 140.627829199999951, 36.5545863 ] } },
{ "type": "Feature", "properties": { "内容": "訪問介護　かみーら【訪問介護】日立市金沢町4-9-20", "url2": "https://www.kaigokensaku.mhlw.go.jp/08/index.php?action_kouhyou_detail_004_kani=true&JigyosyoCd=0870201100-00&ServiceCd=110&Type=search" }, "geometry": { "type": "Point", "coordinates": [ 140.6178921, 36.540114 ] } },
{ "type": "Feature", "properties": { "内容": "ふらわあケアサポート宮田【訪問介護】茨城県日立市宮田町4-10-8", "url2": "https://www.kaigokensaku.mhlw.go.jp/08/index.php?action_kouhyou_detail_004_kani=true&JigyosyoCd=0870202124-00&ServiceCd=110&Type=search" }, "geometry": { "type": "Point", "coordinates": [ 140.653501020237712, 36.604087012841241 ] } },
{ "type": "Feature", "properties": { "内容": "訪問介護　リライフ【訪問介護】茨城県日立市大沼町４－９－１１サービス付き高齢者向け住宅　リライフ根道ヶ丘", "url2": "https://www.kaigokensaku.mhlw.go.jp/08/index.php?action_kouhyou_detail_004_kani=true&JigyosyoCd=0870201936-00&ServiceCd=110&Type=search" }, "geometry": { "type": "Point", "coordinates": [ 140.614677996728432, 36.534785726996311 ] } },
{ "type": "Feature", "properties": { "内容": "訪問介護事業所いろは【訪問介護】茨城県日立市小木津町510-4", "url2": "https://www.kaigokensaku.mhlw.go.jp/08/index.php?action_kouhyou_detail_004_kani=true&JigyosyoCd=0870202751-00&ServiceCd=110&Type=search" }, "geometry": { "type": "Point", "coordinates": [ 140.666183105604262, 36.643818412195273 ] } },
{ "type": "Feature", "properties": { "内容": "ケアサポート輪【訪問介護】茨城県土浦市中村南2-10-7", "url2": "https://www.kaigokensaku.mhlw.go.jp/08/index.php?action_kouhyou_detail_004_kani=true&JigyosyoCd=0870302742-00&ServiceCd=110&Type=search" }, "geometry": { "type": "Point", "coordinates": [ 140.171289600000023, 36.0394008 ] } },
{ "type": "Feature", "properties": { "内容": "介護のアリス【訪問介護】茨城県土浦市桜ヶ丘町14-34", "url2": "https://www.kaigokensaku.mhlw.go.jp/08/index.php?action_kouhyou_detail_004_kani=true&JigyosyoCd=0870301025-00&ServiceCd=110&Type=search" }, "geometry": { "type": "Point", "coordinates": [ 140.195323019837531, 36.062275897217205 ] } },
{ "type": "Feature", "properties": { "内容": "プルメリア訪問介護株式会社【訪問介護】茨城県土浦市田中3-8-28", "url2": "https://www.kaigokensaku.mhlw.go.jp/08/index.php?action_kouhyou_detail_004_kani=true&JigyosyoCd=0870301702-00&ServiceCd=110&Type=search" }, "geometry": { "type": "Point", "coordinates": [ 140.184570126319898, 36.087038157095371 ] } },
{ "type": "Feature", "properties": { "内容": "指定訪問介護事業所山手【訪問介護】茨城県土浦市国分町7-6", "url2": "https://www.kaigokensaku.mhlw.go.jp/08/index.php?action_kouhyou_detail_004_kani=true&JigyosyoCd=0870302734-00&ServiceCd=110&Type=search" }, "geometry": { "type": "Point", "coordinates": [ 140.1884794, 36.0662078 ] } },
{ "type": "Feature", "properties": { "内容": "訪問介護Ｋ-ウィンズ土浦【訪問介護】茨城県土浦市上高津新町8-31", "url2": "https://www.kaigokensaku.mhlw.go.jp/08/index.php?action_kouhyou_detail_004_kani=true&JigyosyoCd=0870300894-00&ServiceCd=110&Type=search" }, "geometry": { "type": "Point", "coordinates": [ 140.184149599999984, 36.0613016 ] } },
{ "type": "Feature", "properties": { "内容": "訪問介護事業所　静霞園【訪問介護】茨城県土浦市東若松町３３７９番地", "url2": "https://www.kaigokensaku.mhlw.go.jp/08/index.php?action_kouhyou_detail_004_kani=true&JigyosyoCd=0870300191-00&ServiceCd=110&Type=search" }, "geometry": { "type": "Point", "coordinates": [ 140.2093979, 36.1082959 ] } },
{ "type": "Feature", "properties": { "内容": "ヘルパーステーションあすか【訪問介護】土浦市神立町673-8", "url2": "https://www.kaigokensaku.mhlw.go.jp/08/index.php?action_kouhyou_detail_004_kani=true&JigyosyoCd=0870300712-00&ServiceCd=110&Type=search" }, "geometry": { "type": "Point", "coordinates": [ 140.2381604, 36.1164106 ] } },
{ "type": "Feature", "properties": { "内容": "在宅介護サービス　虹【訪問介護】茨城県土浦市中高津3丁目14番3号", "url2": "https://www.kaigokensaku.mhlw.go.jp/08/index.php?action_kouhyou_detail_004_kani=true&JigyosyoCd=0870301082-00&ServiceCd=110&Type=search" }, "geometry": { "type": "Point", "coordinates": [ 140.177517222964866, 36.067182237843198 ] } },
{ "type": "Feature", "properties": { "内容": "ヘルパーステーション　こまち【訪問介護】茨城県土浦市田宮604番地", "url2": "https://www.kaigokensaku.mhlw.go.jp/08/index.php?action_kouhyou_detail_004_kani=true&JigyosyoCd=0870301991-00&ServiceCd=110&Type=search" }, "geometry": { "type": "Point", "coordinates": [ 140.145924871740931, 36.133575224255956 ] } },
{ "type": "Feature", "properties": { "内容": "国分ひまわり指定訪問介護事業所【訪問介護】茨城県土浦市国分町１０番２号", "url2": "https://www.kaigokensaku.mhlw.go.jp/08/index.php?action_kouhyou_detail_004_kani=true&JigyosyoCd=0870302577-00&ServiceCd=110&Type=search" }, "geometry": { "type": "Point", "coordinates": [ 140.1898004, 36.0685039 ] } },
{ "type": "Feature", "properties": { "内容": "ご長寿くらぶ土浦みぎもみ【訪問介護】右籾2722-2", "url2": "https://www.kaigokensaku.mhlw.go.jp/08/index.php?action_kouhyou_detail_004_kani=true&JigyosyoCd=0870302833-00&ServiceCd=110&Type=search" }, "geometry": { "type": "Point", "coordinates": [ 140.1863889, 36.0434409 ] } },
{ "type": "Feature", "properties": { "内容": "ヘルパーステーション　まいはうす【訪問介護】茨城県土浦市乙戸1－69", "url2": "https://www.kaigokensaku.mhlw.go.jp/08/index.php?action_kouhyou_detail_004_kani=true&JigyosyoCd=0870303203-00&ServiceCd=110&Type=search" }, "geometry": { "type": "Point", "coordinates": [ 140.1452509, 36.0406123 ] } },
{ "type": "Feature", "properties": { "内容": "ニチイケアセンター土浦【訪問介護】茨城県土浦市下高津１－１９－３３矢田テナントＮＯ．１", "url2": "https://www.kaigokensaku.mhlw.go.jp/08/index.php?action_kouhyou_detail_004_kani=true&JigyosyoCd=0870300142-00&ServiceCd=110&Type=search" }, "geometry": { "type": "Point", "coordinates": [ 140.194092800000021, 36.0741558 ] } },
{ "type": "Feature", "properties": { "内容": "ニチイケアセンター神立【訪問介護】茨城県土浦市神立中央2-3-2-104", "url2": "https://www.kaigokensaku.mhlw.go.jp/08/index.php?action_kouhyou_detail_004_kani=true&JigyosyoCd=0870302965-00&ServiceCd=110&Type=search" }, "geometry": { "type": "Point", "coordinates": [ 140.2424527, 36.1209934 ] } },
{ "type": "Feature", "properties": { "内容": "喜楽希楽サービス訪問介護事業所【訪問介護】土浦市上高津486-2土浦めぐみ教会　福祉館しおん1F", "url2": "https://www.kaigokensaku.mhlw.go.jp/08/index.php?action_kouhyou_detail_004_kani=true&JigyosyoCd=0870302262-00&ServiceCd=110&Type=search" }, "geometry": { "type": "Point", "coordinates": [ 140.180601192265357, 36.082708582670442 ] } },
{ "type": "Feature", "properties": { "内容": "はなまる介護サービス【訪問介護】土浦市小山田1丁目341番地", "url2": "https://www.kaigokensaku.mhlw.go.jp/08/index.php?action_kouhyou_detail_004_kani=true&JigyosyoCd=0870301603-00&ServiceCd=110&Type=search" }, "geometry": { "type": "Point", "coordinates": [ 140.1421183, 36.0391042 ] } },
{ "type": "Feature", "properties": { "内容": "訪問介護事業所ふるさと【訪問介護】茨城県土浦市荒川沖５－４４CBI住宅１０１", "url2": "https://www.kaigokensaku.mhlw.go.jp/08/index.php?action_kouhyou_detail_004_kani=true&JigyosyoCd=0870303039-00&ServiceCd=110&Type=search" }, "geometry": { "type": "Point", "coordinates": [ 140.1590407, 36.0196989 ] } },
{ "type": "Feature", "properties": { "内容": "ほっと訪問介護【訪問介護】茨城県土浦市神立中央5-4-20ケアセンター元気館3階", "url2": "https://www.kaigokensaku.mhlw.go.jp/08/index.php?action_kouhyou_detail_004_kani=true&JigyosyoCd=0870302916-00&ServiceCd=110&Type=search" }, "geometry": { "type": "Point", "coordinates": [ 140.230287299999986, 36.120511 ] } },
{ "type": "Feature", "properties": { "内容": "あらい【訪問介護】茨城県土浦市神立中央3-9-17クレオール101", "url2": "https://www.kaigokensaku.mhlw.go.jp/08/index.php?action_kouhyou_detail_004_kani=true&JigyosyoCd=0870303104-00&ServiceCd=110&Type=search" }, "geometry": { "type": "Point", "coordinates": [ 140.2393227, 36.1197369 ] } },
{ "type": "Feature", "properties": { "内容": "テンダープラス【訪問介護】茨城県土浦市中荒川沖町12-8メゾンド八千代102", "url2": "https://www.kaigokensaku.mhlw.go.jp/08/index.php?action_kouhyou_detail_004_kani=true&JigyosyoCd=0870303336-00&ServiceCd=110&Type=search" }, "geometry": { "type": "Point", "coordinates": [ 140.1657329, 36.0353833 ] } },
{ "type": "Feature", "properties": { "内容": "(株)長寿館訪問介護事業所【訪問介護】茨城県土浦市永国1048-1", "url2": "https://www.kaigokensaku.mhlw.go.jp/08/index.php?action_kouhyou_detail_004_kani=true&JigyosyoCd=0870300423-00&ServiceCd=110&Type=search" }, "geometry": { "type": "Point", "coordinates": [ 140.181994199999963, 36.0640928 ] } },
{ "type": "Feature", "properties": { "内容": "ヘルパーステーション桑林【訪問介護】茨城県土浦市荒川沖東3-17-28アシステットリビング荒川沖", "url2": "https://www.kaigokensaku.mhlw.go.jp/08/index.php?action_kouhyou_detail_004_kani=true&JigyosyoCd=0870301561-00&ServiceCd=110&Type=search" }, "geometry": { "type": "Point", "coordinates": [ 140.168661899999961, 36.026747 ] } },
{ "type": "Feature", "properties": { "内容": "訪問介護いっしん永国【訪問介護】茨城県土浦市永国903-1", "url2": "https://www.kaigokensaku.mhlw.go.jp/08/index.php?action_kouhyou_detail_004_kani=true&JigyosyoCd=0870302437-00&ServiceCd=110&Type=search" }, "geometry": { "type": "Point", "coordinates": [ 140.178264143624915, 36.065555560186723 ] } },
{ "type": "Feature", "properties": { "内容": "訪問介護いっしん土浦【訪問介護】茨城県土浦市おおつ野8-24-11", "url2": "https://www.kaigokensaku.mhlw.go.jp/08/index.php?action_kouhyou_detail_004_kani=true&JigyosyoCd=0870302445-00&ServiceCd=110&Type=search" }, "geometry": { "type": "Point", "coordinates": [ 140.252756488498164, 36.094773318037007 ] } },
{ "type": "Feature", "properties": { "内容": "訪問介護いっしん土浦中央【訪問介護】茨城県土浦市中央1-5-16", "url2": "https://www.kaigokensaku.mhlw.go.jp/08/index.php?action_kouhyou_detail_004_kani=true&JigyosyoCd=0870302551-00&ServiceCd=110&Type=search" }, "geometry": { "type": "Point", "coordinates": [ 140.199940199999986, 36.0815848 ] } },
{ "type": "Feature", "properties": { "内容": "アモールケアー【訪問介護】茨城県土浦市天川1丁目28番12号202", "url2": "https://www.kaigokensaku.mhlw.go.jp/08/index.php?action_kouhyou_detail_004_kani=true&JigyosyoCd=0870303153-00&ServiceCd=110&Type=search" }, "geometry": { "type": "Point", "coordinates": [ 140.172938, 36.067730500000017 ] } },
{ "type": "Feature", "properties": { "内容": "訪問介護ゆうしん【訪問介護】茨城県土浦市東真鍋町6-20NAC土浦第２ハイツ302号室", "url2": "https://www.kaigokensaku.mhlw.go.jp/08/index.php?action_kouhyou_detail_004_kani=true&JigyosyoCd=0870303286-00&ServiceCd=110&Type=search" }, "geometry": { "type": "Point", "coordinates": [ 140.2062976, 36.0932407 ] } },
{ "type": "Feature", "properties": { "内容": "ヘルパーステーションあんじん【訪問介護】茨城県土浦市神立町3628-8", "url2": "https://www.kaigokensaku.mhlw.go.jp/08/index.php?action_kouhyou_detail_004_kani=true&JigyosyoCd=0870302478-00&ServiceCd=110&Type=search" }, "geometry": { "type": "Point", "coordinates": [ 140.2158164, 36.1141095 ] } },
{ "type": "Feature", "properties": { "内容": "アースサポート土浦【訪問介護】茨城県土浦市荒川沖321番1", "url2": "https://www.kaigokensaku.mhlw.go.jp/08/index.php?action_kouhyou_detail_004_kani=true&JigyosyoCd=0870301736-00&ServiceCd=110&Type=search" }, "geometry": { "type": "Point", "coordinates": [ 140.161153900000045, 36.0294854 ] } },
{ "type": "Feature", "properties": { "内容": "訪問介護ステーション夢眠つちうら【訪問介護】茨城県土浦市滝田１丁目３３番１号", "url2": "https://www.kaigokensaku.mhlw.go.jp/08/index.php?action_kouhyou_detail_004_kani=true&JigyosyoCd=0870303245-00&ServiceCd=110&Type=search" }, "geometry": { "type": "Point", "coordinates": [ 140.211353186959684, 36.069857805405917 ] } },
{ "type": "Feature", "properties": { "内容": "訪問介護事業所プラザマアム【訪問介護】茨城県土浦市板谷7-626-11", "url2": "https://www.kaigokensaku.mhlw.go.jp/08/index.php?action_kouhyou_detail_004_kani=true&JigyosyoCd=0870302312-00&ServiceCd=110&Type=search" }, "geometry": { "type": "Point", "coordinates": [ 140.209064200000057, 36.114048199999971 ] } },
{ "type": "Feature", "properties": { "内容": "社会福祉法人土浦市社会福祉協議会訪問介護事業所うらら【訪問介護】茨城県土浦市大和町9番2号　ウララ2ビル　5階", "url2": "https://www.kaigokensaku.mhlw.go.jp/08/index.php?action_kouhyou_detail_004_kani=true&JigyosyoCd=0870300647-00&ServiceCd=110&Type=search" }, "geometry": { "type": "Point", "coordinates": [ 140.20353610185245, 36.07796279617849 ] } },
{ "type": "Feature", "properties": { "内容": "ヤックスヘルパーステーション土浦【訪問介護】茨城県土浦市真鍋3-3386ヤックスドラッグ土浦真鍋店内", "url2": "https://www.kaigokensaku.mhlw.go.jp/08/index.php?action_kouhyou_detail_004_kani=true&JigyosyoCd=0870300936-00&ServiceCd=110&Type=search" }, "geometry": { "type": "Point", "coordinates": [ 140.203232599999978, 36.0925561 ] } },
{ "type": "Feature", "properties": { "内容": "ヘルパーステーションえがお【訪問介護】茨城県土浦市中村東2-21-1", "url2": "https://www.kaigokensaku.mhlw.go.jp/08/index.php?action_kouhyou_detail_004_kani=true&JigyosyoCd=0870302973-00&ServiceCd=110&Type=search" }, "geometry": { "type": "Point", "coordinates": [ 140.173742, 36.0450343 ] } },
{ "type": "Feature", "properties": { "内容": "あずみ苑グランデ土浦【訪問介護】茨城県土浦市中1161-15", "url2": "https://www.kaigokensaku.mhlw.go.jp/08/index.php?action_kouhyou_detail_004_kani=true&JigyosyoCd=0870301827-00&ServiceCd=110&Type=search" }, "geometry": { "type": "Point", "coordinates": [ 140.172757100000013, 36.0486058 ] } },
{ "type": "Feature", "properties": { "内容": "訪問介護ステーション　マナ【訪問介護】茨城県土浦市烏山２丁目530-386", "url2": "https://www.kaigokensaku.mhlw.go.jp/08/index.php?action_kouhyou_detail_004_kani=true&JigyosyoCd=0870301439-00&ServiceCd=110&Type=search" }, "geometry": { "type": "Point", "coordinates": [ 140.2032891, 36.0496963 ] } },
{ "type": "Feature", "properties": { "内容": "さくら・介護ステーション古河【訪問介護】茨城県古河市女沼850-5メゾンド・ジェンティール104Ｂ号", "url2": "https://www.kaigokensaku.mhlw.go.jp/08/index.php?action_kouhyou_detail_004_kani=true&JigyosyoCd=0870401221-00&ServiceCd=110&Type=search" }, "geometry": { "type": "Point", "coordinates": [ 139.742643899999962, 36.180166 ] } },
{ "type": "Feature", "properties": { "内容": "訪問介護事業所　ひだまり【訪問介護】茨城県古河市高野1420-1", "url2": "https://www.kaigokensaku.mhlw.go.jp/08/index.php?action_kouhyou_detail_004_kani=true&JigyosyoCd=0870401296-00&ServiceCd=110&Type=search" }, "geometry": { "type": "Point", "coordinates": [ 139.749235900000031, 36.1555997 ] } },
{ "type": "Feature", "properties": { "内容": "コスモス指定訪問介護事業所【訪問介護】茨城県古河市諸川５８３－３６", "url2": "https://www.kaigokensaku.mhlw.go.jp/08/index.php?action_kouhyou_detail_004_kani=true&JigyosyoCd=0874300155-00&ServiceCd=110&Type=search" }, "geometry": { "type": "Point", "coordinates": [ 139.818243833135227, 36.193777238747593 ] } },
{ "type": "Feature", "properties": { "内容": "有限会社　ケアサービスコスモス倶楽部【訪問介護】茨城県古河市旭町２丁目１４番６１号", "url2": "https://www.kaigokensaku.mhlw.go.jp/08/index.php?action_kouhyou_detail_004_kani=true&JigyosyoCd=0870400140-00&ServiceCd=110&Type=search" }, "geometry": { "type": "Point", "coordinates": [ 139.725496283452031, 36.197657051045617 ] } },
{ "type": "Feature", "properties": { "内容": "家族の家ひまわり古河　訪問介護事業所【訪問介護】茨城県古河市西牛谷442", "url2": "https://www.kaigokensaku.mhlw.go.jp/08/index.php?action_kouhyou_detail_004_kani=true&JigyosyoCd=0870401486-00&ServiceCd=110&Type=search" }, "geometry": { "type": "Point", "coordinates": [ 139.736177, 36.1995441 ] } },
{ "type": "Feature", "properties": { "内容": "ご長寿くらぶ古河旭町訪問介護事業所【訪問介護】茨城県古河市旭町2丁目15－53", "url2": "https://www.kaigokensaku.mhlw.go.jp/08/index.php?action_kouhyou_detail_004_kani=true&JigyosyoCd=0870401668-00&ServiceCd=110&Type=search" }, "geometry": { "type": "Point", "coordinates": [ 139.726545216007992, 36.196827481005286 ] } },
{ "type": "Feature", "properties": { "内容": "介護サービスさんわ指定訪問介護事業所【訪問介護】茨城県古河市尾崎3920-14", "url2": "https://www.kaigokensaku.mhlw.go.jp/08/index.php?action_kouhyou_detail_004_kani=true&JigyosyoCd=0874300452-00&ServiceCd=110&Type=search" }, "geometry": { "type": "Point", "coordinates": [ 139.847205700000018, 36.1902272 ] } },
{ "type": "Feature", "properties": { "内容": "さくらそう介護サービス【訪問介護】茨城県古河市宮前町5−16桜台西マンション206号室", "url2": "https://www.kaigokensaku.mhlw.go.jp/08/index.php?action_kouhyou_detail_004_kani=true&JigyosyoCd=0870400793-00&ServiceCd=110&Type=search" }, "geometry": { "type": "Point", "coordinates": [ 139.698571714538218, 36.201194522409445 ] } },
{ "type": "Feature", "properties": { "内容": "ヘルパーステーションばんどう【訪問介護】茨城県古河市大山498-4", "url2": "https://www.kaigokensaku.mhlw.go.jp/08/index.php?action_kouhyou_detail_004_kani=true&JigyosyoCd=0870401239-00&ServiceCd=110&Type=search" }, "geometry": { "type": "Point", "coordinates": [ 139.715197499999903, 36.146211 ] } },
{ "type": "Feature", "properties": { "内容": "医療法人徳洲会　訪問介護　四季【訪問介護】茨城県古河市鴻巣1175-1", "url2": "https://www.kaigokensaku.mhlw.go.jp/08/index.php?action_kouhyou_detail_004_kani=true&JigyosyoCd=0870401585-00&ServiceCd=110&Type=search" }, "geometry": { "type": "Point", "coordinates": [ 139.707853300000011, 36.1736828 ] } },
{ "type": "Feature", "properties": { "内容": "訪問介護本舗４４の福来郎【訪問介護】諸川1416-16鈴木ハイツ105", "url2": "https://www.kaigokensaku.mhlw.go.jp/08/index.php?action_kouhyou_detail_004_kani=true&JigyosyoCd=0870401676-00&ServiceCd=110&Type=search" }, "geometry": { "type": "Point", "coordinates": [ 139.8095195, 36.1937049 ] } },
{ "type": "Feature", "properties": { "内容": "ニチイケアセンター三和【訪問介護】茨城県古河市北間中橋173-94", "url2": "https://www.kaigokensaku.mhlw.go.jp/08/index.php?action_kouhyou_detail_004_kani=true&JigyosyoCd=0870401684-00&ServiceCd=110&Type=search" }, "geometry": { "type": "Point", "coordinates": [ 139.8600744, 36.1982972 ] } },
{ "type": "Feature", "properties": { "内容": "ニチイケアセンター古河【訪問介護】古河市古河643-1", "url2": "https://www.kaigokensaku.mhlw.go.jp/08/index.php?action_kouhyou_detail_004_kani=true&JigyosyoCd=0870400132-00&ServiceCd=110&Type=search" }, "geometry": { "type": "Point", "coordinates": [ 139.71486219999997, 36.1900864 ] } },
{ "type": "Feature", "properties": { "内容": "ウエルシア介護サービス古河【訪問介護】茨城県古河市鴻巣956-1", "url2": "https://www.kaigokensaku.mhlw.go.jp/08/index.php?action_kouhyou_detail_004_kani=true&JigyosyoCd=0870400306-00&ServiceCd=110&Type=search" }, "geometry": { "type": "Point", "coordinates": [ 139.706493425151109, 36.176368767913921 ] } },
{ "type": "Feature", "properties": { "内容": "訪問介護　れんげ【訪問介護】東本町1-7-19ＭＫビル302", "url2": "https://www.kaigokensaku.mhlw.go.jp/08/index.php?action_kouhyou_detail_004_kani=true&JigyosyoCd=0870401882-00&ServiceCd=110&Type=search" }, "geometry": { "type": "Point", "coordinates": [ 139.712217343240695, 36.194030592495096 ] } },
{ "type": "Feature", "properties": { "内容": "ヘルパーステーションほほえみ倶楽部　古河【訪問介護】茨城県古河市小堤中新田245-1", "url2": "https://www.kaigokensaku.mhlw.go.jp/08/index.php?action_kouhyou_detail_004_kani=true&JigyosyoCd=0870400835-00&ServiceCd=110&Type=search" }, "geometry": { "type": "Point", "coordinates": [ 139.765017, 36.207256 ] } },
{ "type": "Feature", "properties": { "内容": "けあビジョン古河【訪問介護】茨城県古河市中田999-1ﾊﾟﾙﾈｯﾄ仙101", "url2": "https://www.kaigokensaku.mhlw.go.jp/08/index.php?action_kouhyou_detail_004_kani=true&JigyosyoCd=0870401155-00&ServiceCd=110&Type=search" }, "geometry": { "type": "Point", "coordinates": [ 139.709008, 36.1459624 ] } },
{ "type": "Feature", "properties": { "内容": "ヘルパーステーションゆきわり草【訪問介護】諸川1676-1", "url2": "https://www.kaigokensaku.mhlw.go.jp/08/index.php?action_kouhyou_detail_004_kani=true&JigyosyoCd=0870400728-00&ServiceCd=110&Type=search" }, "geometry": { "type": "Point", "coordinates": [ 139.805622699999986, 36.2022359 ] } },
{ "type": "Feature", "properties": { "内容": "古河社協介護ステーション訪問介護事業所【訪問介護】茨城県古河市新久田271番地1古河福祉の森会館", "url2": "https://www.kaigokensaku.mhlw.go.jp/08/index.php?action_kouhyou_detail_004_kani=true&JigyosyoCd=0870400447-00&ServiceCd=110&Type=search" }, "geometry": { "type": "Point", "coordinates": [ 139.703190680950911, 36.16882852264601 ] } },
{ "type": "Feature", "properties": { "内容": "ライフケア　リンク【訪問介護】茨城県古河市恩名2199番地1", "url2": "https://www.kaigokensaku.mhlw.go.jp/08/index.php?action_kouhyou_detail_004_kani=true&JigyosyoCd=0870401841-00&ServiceCd=110&Type=search" }, "geometry": { "type": "Point", "coordinates": [ 139.849644725794974, 36.167136023808702 ] } },
{ "type": "Feature", "properties": { "内容": "きぼうケアサービス【訪問介護】諸川1307-25", "url2": "https://www.kaigokensaku.mhlw.go.jp/08/index.php?action_kouhyou_detail_004_kani=true&JigyosyoCd=0870400991-00&ServiceCd=110&Type=search" }, "geometry": { "type": "Point", "coordinates": [ 139.812403499999988, 36.2030688 ] } },
{ "type": "Feature", "properties": { "内容": "ココエール【訪問介護】下辺見3025", "url2": "https://www.kaigokensaku.mhlw.go.jp/08/index.php?action_kouhyou_detail_004_kani=true&JigyosyoCd=0870401866-00&ServiceCd=110&Type=search" }, "geometry": { "type": "Point", "coordinates": [ 139.727999899999986, 36.1752153 ] } },
{ "type": "Feature", "properties": { "内容": "ヘルパーステーション　ほまれ【訪問介護】茨城県古河市諸川1826-1サンワハイツ1-105", "url2": "https://www.kaigokensaku.mhlw.go.jp/08/index.php?action_kouhyou_detail_004_kani=true&JigyosyoCd=0870401965-00&ServiceCd=110&Type=search" }, "geometry": { "type": "Point", "coordinates": [ 139.8096907, 36.2007348 ] } },
{ "type": "Feature", "properties": { "内容": "訪問介護優楽【訪問介護】茨城県石岡市半ノ木11018-3", "url2": "https://www.kaigokensaku.mhlw.go.jp/08/index.php?action_kouhyou_detail_004_kani=true&JigyosyoCd=0870501285-00&ServiceCd=110&Type=search" }, "geometry": { "type": "Point", "coordinates": [ 140.261333500000035, 36.2358696 ] } },
{ "type": "Feature", "properties": { "内容": "介護ステーション　かいじ【訪問介護】茨城県石岡市貝地2-10-39", "url2": "https://www.kaigokensaku.mhlw.go.jp/08/index.php?action_kouhyou_detail_004_kani=true&JigyosyoCd=0870500618-00&ServiceCd=110&Type=search" }, "geometry": { "type": "Point", "coordinates": [ 140.282551099999978, 36.1828294 ] } },
{ "type": "Feature", "properties": { "内容": "訪問介護ステーションドルフィン石岡【訪問介護】石岡市石岡3039-8", "url2": "https://www.kaigokensaku.mhlw.go.jp/08/index.php?action_kouhyou_detail_004_kani=true&JigyosyoCd=0870500964-00&ServiceCd=110&Type=search" }, "geometry": { "type": "Point", "coordinates": [ 140.289430700000025, 36.1925536 ] } },
{ "type": "Feature", "properties": { "内容": "ニチイケアセンター石岡【訪問介護】茨城県石岡市石岡14046-2中建ビル201号室", "url2": "https://www.kaigokensaku.mhlw.go.jp/08/index.php?action_kouhyou_detail_004_kani=true&JigyosyoCd=0870500212-00&ServiceCd=110&Type=search" }, "geometry": { "type": "Point", "coordinates": [ 140.289524600000021, 36.1930994 ] } },
{ "type": "Feature", "properties": { "内容": "訪問介護事業所カーサフェリーチェ【訪問介護】茨城県石岡市東石岡4-1-8サービス付き高齢者向け住宅カーサ・フェリーチェ", "url2": "https://www.kaigokensaku.mhlw.go.jp/08/index.php?action_kouhyou_detail_004_kani=true&JigyosyoCd=0870501186-00&ServiceCd=110&Type=search" }, "geometry": { "type": "Point", "coordinates": [ 140.2966189, 36.1860961 ] } },
{ "type": "Feature", "properties": { "内容": "セントケア石岡【訪問介護】茨城県石岡市鹿の子1-14-12", "url2": "https://www.kaigokensaku.mhlw.go.jp/08/index.php?action_kouhyou_detail_004_kani=true&JigyosyoCd=0870500675-00&ServiceCd=110&Type=search" }, "geometry": { "type": "Point", "coordinates": [ 140.260105601188684, 36.202345820624814 ] } },
{ "type": "Feature", "properties": { "内容": "ウエルシア介護サービス石岡【訪問介護】茨城県石岡市石岡2280-2", "url2": "https://www.kaigokensaku.mhlw.go.jp/08/index.php?action_kouhyou_detail_004_kani=true&JigyosyoCd=0870500139-00&ServiceCd=110&Type=search" }, "geometry": { "type": "Point", "coordinates": [ 140.285572499999944, 36.2018833 ] } },
{ "type": "Feature", "properties": { "内容": "訪問介護いっしん石岡【訪問介護】茨城県石岡市柿岡2314-13", "url2": "https://www.kaigokensaku.mhlw.go.jp/08/index.php?action_kouhyou_detail_004_kani=true&JigyosyoCd=0870501053-00&ServiceCd=110&Type=search" }, "geometry": { "type": "Point", "coordinates": [ 140.199884699999984, 36.2367664 ] } },
{ "type": "Feature", "properties": { "内容": "指定訪問介護　サン・テレーズガーデン【訪問介護】茨城県石岡市東石岡5－3－10", "url2": "https://www.kaigokensaku.mhlw.go.jp/08/index.php?action_kouhyou_detail_004_kani=true&JigyosyoCd=0870501038-00&ServiceCd=110&Type=search" }, "geometry": { "type": "Point", "coordinates": [ 140.292564461238129, 36.191588964047234 ] } },
{ "type": "Feature", "properties": { "内容": "訪問介護事業所　「ハート２４」石岡事業所【訪問介護】茨城県石岡市根当11008番地13", "url2": "https://www.kaigokensaku.mhlw.go.jp/08/index.php?action_kouhyou_detail_004_kani=true&JigyosyoCd=0870500188-00&ServiceCd=110&Type=search" }, "geometry": { "type": "Point", "coordinates": [ 140.263518100000027, 36.230852 ] } },
{ "type": "Feature", "properties": { "内容": "やさしい手結城巡回訪問介護事業所【訪問介護】茨城県結城市結城9802-1やさしい手シニアリビングやさしえ結城", "url2": "https://www.kaigokensaku.mhlw.go.jp/08/index.php?action_kouhyou_detail_004_kani=true&JigyosyoCd=0870700523-00&ServiceCd=110&Type=search" }, "geometry": { "type": "Point", "coordinates": [ 139.860247299999969, 36.2904288 ] } },
{ "type": "Feature", "properties": { "内容": "結城福祉センター【訪問介護】茨城県結城市結城9783-3", "url2": "https://www.kaigokensaku.mhlw.go.jp/08/index.php?action_kouhyou_detail_004_kani=true&JigyosyoCd=0870700713-00&ServiceCd=110&Type=search" }, "geometry": { "type": "Point", "coordinates": [ 139.8586652, 36.2933642 ] } },
{ "type": "Feature", "properties": { "内容": "のこのこ訪問介護【訪問介護】茨城県結城市6944-1", "url2": "https://www.kaigokensaku.mhlw.go.jp/08/index.php?action_kouhyou_detail_004_kani=true&JigyosyoCd=0870700705-00&ServiceCd=110&Type=search" }, "geometry": { "type": "Point", "coordinates": [ 139.8662914, 36.2998932 ] } },
{ "type": "Feature", "properties": { "内容": "ケアサポート結【訪問介護】茨城県結城市大字鹿窪945", "url2": "https://www.kaigokensaku.mhlw.go.jp/08/index.php?action_kouhyou_detail_004_kani=true&JigyosyoCd=0870700788-00&ServiceCd=110&Type=search" }, "geometry": { "type": "Point", "coordinates": [ 139.8813092, 36.2767621 ] } },
{ "type": "Feature", "properties": { "内容": "らっくあおやま【訪問介護】茨城県結城市結城7201番地9", "url2": "https://www.kaigokensaku.mhlw.go.jp/08/index.php?action_kouhyou_detail_004_kani=true&JigyosyoCd=0870700655-00&ServiceCd=110&Type=search" }, "geometry": { "type": "Point", "coordinates": [ 139.875587, 36.2986344 ] } },
{ "type": "Feature", "properties": { "内容": "訪問介護事業所　小春日和【訪問介護】結城12082-36サービス付き高齢者向け住宅　小春日和", "url2": "https://www.kaigokensaku.mhlw.go.jp/08/index.php?action_kouhyou_detail_004_kani=true&JigyosyoCd=0870700663-00&ServiceCd=110&Type=search" }, "geometry": { "type": "Point", "coordinates": [ 139.8728121, 36.3168014 ] } },
{ "type": "Feature", "properties": { "内容": "社会福祉法人　結城市社会福祉協議会【訪問介護】茨城県結城市大字結城1194番地結城市健康増進センター", "url2": "https://www.kaigokensaku.mhlw.go.jp/08/index.php?action_kouhyou_detail_004_kani=true&JigyosyoCd=0870700093-00&ServiceCd=110&Type=search" }, "geometry": { "type": "Point", "coordinates": [ 139.8797404, 36.30384080000001 ] } },
{ "type": "Feature", "properties": { "内容": "結城やわらぎ【訪問介護】茨城県結城市大字結城1452-1有料老人ホーム　サニーライフ結城", "url2": "https://www.kaigokensaku.mhlw.go.jp/08/index.php?action_kouhyou_detail_004_kani=true&JigyosyoCd=0870700457-00&ServiceCd=110&Type=search" }, "geometry": { "type": "Point", "coordinates": [ 139.8777379, 36.3058799 ] } },
{ "type": "Feature", "properties": { "内容": "訪問介護サービス悠々の花【訪問介護】茨城県結城市みどり町2-2-7グランシャリオA102", "url2": "https://www.kaigokensaku.mhlw.go.jp/08/index.php?action_kouhyou_detail_004_kani=true&JigyosyoCd=0870700739-00&ServiceCd=110&Type=search" }, "geometry": { "type": "Point", "coordinates": [ 139.8630659, 36.3009411 ] } },
{ "type": "Feature", "properties": { "内容": "きずな【訪問介護】茨城県龍ヶ崎市砂町5237-6", "url2": "https://www.kaigokensaku.mhlw.go.jp/08/index.php?action_kouhyou_detail_004_kani=true&JigyosyoCd=0870801321-00&ServiceCd=110&Type=search" }, "geometry": { "type": "Point", "coordinates": [ 140.196252012562837, 35.900588000344001 ] } },
{ "type": "Feature", "properties": { "内容": "ホームヘルプサービス　ソラスト龍ケ崎【訪問介護】茨城県龍ケ崎市緑町46", "url2": "https://www.kaigokensaku.mhlw.go.jp/08/index.php?action_kouhyou_detail_004_kani=true&JigyosyoCd=0870801172-00&ServiceCd=110&Type=search" }, "geometry": { "type": "Point", "coordinates": [ 140.195741, 35.9082308 ] } },
{ "type": "Feature", "properties": { "内容": "ニチイケアセンターたつのこ【訪問介護】姫宮町253-1", "url2": "https://www.kaigokensaku.mhlw.go.jp/08/index.php?action_kouhyou_detail_004_kani=true&JigyosyoCd=0870801354-00&ServiceCd=110&Type=search" }, "geometry": { "type": "Point", "coordinates": [ 140.1754999, 35.9052454 ] } },
{ "type": "Feature", "properties": { "内容": "訪問介護事業所　たつのこ【訪問介護】茨城県龍ケ崎市中根台１丁目４－１飯野ハイツA棟１０２", "url2": "https://www.kaigokensaku.mhlw.go.jp/08/index.php?action_kouhyou_detail_004_kani=true&JigyosyoCd=0870801214-00&ServiceCd=110&Type=search" }, "geometry": { "type": "Point", "coordinates": [ 140.168917599999986, 35.9313305 ] } },
{ "type": "Feature", "properties": { "内容": "訪問介護事業所フレンド【訪問介護】茨城県龍ケ崎市松ヶ丘4-5-8ウェイビィ森田事務所１", "url2": "https://www.kaigokensaku.mhlw.go.jp/08/index.php?action_kouhyou_detail_004_kani=true&JigyosyoCd=0870801453-00&ServiceCd=110&Type=search" }, "geometry": { "type": "Point", "coordinates": [ 140.210563900672469, 35.934156159322434 ] } },
{ "type": "Feature", "properties": { "内容": "ドット３６５竜ケ崎（訪問介護）【訪問介護】茨城県龍ケ崎市緑町184番地2", "url2": "https://www.kaigokensaku.mhlw.go.jp/08/index.php?action_kouhyou_detail_004_kani=true&JigyosyoCd=0870801412-00&ServiceCd=110&Type=search" }, "geometry": { "type": "Point", "coordinates": [ 140.197843299999988, 35.9073104 ] } },
{ "type": "Feature", "properties": { "内容": "ユーアンドアイ介護ステーション【訪問介護】茨城県龍ケ崎市奈戸岡2番195", "url2": "https://www.kaigokensaku.mhlw.go.jp/08/index.php?action_kouhyou_detail_004_kani=true&JigyosyoCd=0870800307-00&ServiceCd=110&Type=search" }, "geometry": { "type": "Point", "coordinates": [ 140.180169852337258, 35.924524686033898 ] } },
{ "type": "Feature", "properties": { "内容": "あすか【訪問介護】茨城県　龍ケ崎市　松葉　3丁目　12番地　２", "url2": "https://www.kaigokensaku.mhlw.go.jp/08/index.php?action_kouhyou_detail_004_kani=true&JigyosyoCd=0870800463-00&ServiceCd=110&Type=search" }, "geometry": { "type": "Point", "coordinates": [ 140.15382390000002, 35.937874 ] } },
{ "type": "Feature", "properties": { "内容": "ご長寿くらぶ龍ケ崎訪問介護事業所【訪問介護】龍ヶ崎中根台4-2-9", "url2": "https://www.kaigokensaku.mhlw.go.jp/08/index.php?action_kouhyou_detail_004_kani=true&JigyosyoCd=0870801057-00&ServiceCd=110&Type=search" }, "geometry": { "type": "Point", "coordinates": [ 140.173273086547852, 35.931072460187963 ] } },
{ "type": "Feature", "properties": { "内容": "牛尾病院訪問介護センター【訪問介護】茨城県龍ケ崎市寺後3937-10", "url2": "https://www.kaigokensaku.mhlw.go.jp/08/index.php?action_kouhyou_detail_004_kani=true&JigyosyoCd=0870800224-00&ServiceCd=110&Type=search" }, "geometry": { "type": "Point", "coordinates": [ 140.147580599999969, 35.928925 ] } },
{ "type": "Feature", "properties": { "内容": "訪問介護いっしん龍ケ崎【訪問介護】茨城県龍ケ崎市白羽4-4-68", "url2": "https://www.kaigokensaku.mhlw.go.jp/08/index.php?action_kouhyou_detail_004_kani=true&JigyosyoCd=0870800950-00&ServiceCd=110&Type=search" }, "geometry": { "type": "Point", "coordinates": [ 140.219682199999966, 35.9258544 ] } },
{ "type": "Feature", "properties": { "内容": "訪問介護事業所　心愛【訪問介護】茨城県龍ヶ崎市長山5-14-9", "url2": "https://www.kaigokensaku.mhlw.go.jp/08/index.php?action_kouhyou_detail_004_kani=true&JigyosyoCd=0870801339-00&ServiceCd=110&Type=search" }, "geometry": { "type": "Point", "coordinates": [ 140.157488336218506, 35.94863325580814 ] } },
{ "type": "Feature", "properties": { "内容": "訪問介護事業所　いつくしの杜【訪問介護】茨城県龍ケ崎市佐貫3-6-7伊勢喜屋ビル4F", "url2": "https://www.kaigokensaku.mhlw.go.jp/08/index.php?action_kouhyou_detail_004_kani=true&JigyosyoCd=0870801263-00&ServiceCd=110&Type=search" }, "geometry": { "type": "Point", "coordinates": [ 140.14084, 35.9300637 ] } },
{ "type": "Feature", "properties": { "内容": "有限会社　ケアサポートあさがお【訪問介護】茨城県下妻市高道祖4605-1", "url2": "https://www.kaigokensaku.mhlw.go.jp/08/index.php?action_kouhyou_detail_004_kani=true&JigyosyoCd=0871000311-00&ServiceCd=110&Type=search" }, "geometry": { "type": "Point", "coordinates": [ 140.01082550000001, 36.1893053 ] } },
{ "type": "Feature", "properties": { "内容": "あおば指定訪問介護事業所【訪問介護】茨城県下妻市南原１２４－１", "url2": "https://www.kaigokensaku.mhlw.go.jp/08/index.php?action_kouhyou_detail_004_kani=true&JigyosyoCd=0871000188-00&ServiceCd=110&Type=search" }, "geometry": { "type": "Point", "coordinates": [ 139.9443846, 36.1994466 ] } },
{ "type": "Feature", "properties": { "内容": "あさひ介護支援センター【訪問介護】茨城県下妻市堀篭1434番地10", "url2": "https://www.kaigokensaku.mhlw.go.jp/08/index.php?action_kouhyou_detail_004_kani=true&JigyosyoCd=0871001038-00&ServiceCd=110&Type=search" }, "geometry": { "type": "Point", "coordinates": [ 139.9762108, 36.1837206 ] } },
{ "type": "Feature", "properties": { "内容": "合同会社なないろ【訪問介護】茨城県下妻市高道祖1023-1", "url2": "https://www.kaigokensaku.mhlw.go.jp/08/index.php?action_kouhyou_detail_004_kani=true&JigyosyoCd=0871001137-00&ServiceCd=110&Type=search" }, "geometry": { "type": "Point", "coordinates": [ 140.0100435, 36.1914991 ] } },
{ "type": "Feature", "properties": { "内容": "ヘルパーステーションふれあい【訪問介護】茨城県下妻市大木253-1", "url2": "https://www.kaigokensaku.mhlw.go.jp/08/index.php?action_kouhyou_detail_004_kani=true&JigyosyoCd=0871000865-00&ServiceCd=110&Type=search" }, "geometry": { "type": "Point", "coordinates": [ 139.95639464121308, 36.20868745106737 ] } },
{ "type": "Feature", "properties": { "内容": "スマイル指定訪問介護事業所【訪問介護】茨城県下妻市半谷1046-10", "url2": "https://www.kaigokensaku.mhlw.go.jp/08/index.php?action_kouhyou_detail_004_kani=true&JigyosyoCd=0871000675-00&ServiceCd=110&Type=search" }, "geometry": { "type": "Point", "coordinates": [ 139.953215, 36.2065013 ] } },
{ "type": "Feature", "properties": { "内容": "下妻社協ケアセンター【訪問介護】茨城県下妻市別府５４５番地", "url2": "https://www.kaigokensaku.mhlw.go.jp/08/index.php?action_kouhyou_detail_004_kani=true&JigyosyoCd=0871000030-00&ServiceCd=110&Type=search" }, "geometry": { "type": "Point", "coordinates": [ 139.93982010000002, 36.149606 ] } },
{ "type": "Feature", "properties": { "内容": "訪問介護　とわ【訪問介護】茨城県下妻市下妻乙55－1", "url2": "https://www.kaigokensaku.mhlw.go.jp/08/index.php?action_kouhyou_detail_004_kani=true&JigyosyoCd=0871001103-00&ServiceCd=110&Type=search" }, "geometry": { "type": "Point", "coordinates": [ 139.962095299999987, 36.190118 ] } },
{ "type": "Feature", "properties": { "内容": "訪問介護いっしん下妻【訪問介護】茨城県下妻市村岡乙167-1", "url2": "https://www.kaigokensaku.mhlw.go.jp/08/index.php?action_kouhyou_detail_004_kani=true&JigyosyoCd=0871000972-00&ServiceCd=110&Type=search" }, "geometry": { "type": "Point", "coordinates": [ 139.92031980541833, 36.155575707430266 ] } },
{ "type": "Feature", "properties": { "内容": "リーフホームヘルパーステーション【訪問介護】茨城県常総市上蛇町８４１９", "url2": "https://www.kaigokensaku.mhlw.go.jp/08/index.php?action_kouhyou_detail_004_kani=true&JigyosyoCd=0871100350-00&ServiceCd=110&Type=search" }, "geometry": { "type": "Point", "coordinates": [ 139.999959900000022, 36.076382 ] } },
{ "type": "Feature", "properties": { "内容": "介護サービスラビット【訪問介護】茨城県常総市向石下119番地19", "url2": "https://www.kaigokensaku.mhlw.go.jp/08/index.php?action_kouhyou_detail_004_kani=true&JigyosyoCd=0871100962-00&ServiceCd=110&Type=search" }, "geometry": { "type": "Point", "coordinates": [ 139.963255, 36.1171635 ] } },
{ "type": "Feature", "properties": { "内容": "けんちの苑ヘルパーステーション【訪問介護】常総市豊岡町丙3264", "url2": "https://www.kaigokensaku.mhlw.go.jp/08/index.php?action_kouhyou_detail_004_kani=true&JigyosyoCd=0871100152-00&ServiceCd=110&Type=search" }, "geometry": { "type": "Point", "coordinates": [ 139.973113300000023, 36.0299288 ] } },
{ "type": "Feature", "properties": { "内容": "ヘルパーステーション真心【訪問介護】茨城県常総市中妻町1023番地2", "url2": "https://www.kaigokensaku.mhlw.go.jp/08/index.php?action_kouhyou_detail_004_kani=true&JigyosyoCd=0871100889-00&ServiceCd=110&Type=search" }, "geometry": { "type": "Point", "coordinates": [ 139.993839400000013, 36.0467054 ] } },
{ "type": "Feature", "properties": { "内容": "ウエルシア介護サービス常総【訪問介護】茨城県常総市新石下3930-1", "url2": "https://www.kaigokensaku.mhlw.go.jp/08/index.php?action_kouhyou_detail_004_kani=true&JigyosyoCd=0871100319-00&ServiceCd=110&Type=search" }, "geometry": { "type": "Point", "coordinates": [ 139.9776928, 36.1105416 ] } },
{ "type": "Feature", "properties": { "内容": "訪問介護ステーション国安【訪問介護】茨城県常陸太田市国安町1628-1訪問介護ステーション国安", "url2": "https://www.kaigokensaku.mhlw.go.jp/08/index.php?action_kouhyou_detail_004_kani=true&JigyosyoCd=0871200911-00&ServiceCd=110&Type=search" }, "geometry": { "type": "Point", "coordinates": [ 140.488971673142231, 36.595475436455999 ] } },
{ "type": "Feature", "properties": { "内容": "ホームケアサポート　らしく【訪問介護】茨城県常陸太田市馬場町956", "url2": "https://www.kaigokensaku.mhlw.go.jp/08/index.php?action_kouhyou_detail_004_kani=true&JigyosyoCd=0871200978-00&ServiceCd=110&Type=search" }, "geometry": { "type": "Point", "coordinates": [ 140.5291058, 36.5482929 ] } },
{ "type": "Feature", "properties": { "内容": "ニチイケアセンター常陸太田【訪問介護】茨城県常陸太田市宮本町482-3小林ビル2F", "url2": "https://www.kaigokensaku.mhlw.go.jp/08/index.php?action_kouhyou_detail_004_kani=true&JigyosyoCd=0871200093-00&ServiceCd=110&Type=search" }, "geometry": { "type": "Point", "coordinates": [ 140.517700399999967, 36.5458646 ] } },
{ "type": "Feature", "properties": { "内容": "訪問介護　西山苑【訪問介護】茨城県常陸太田市木崎二町９３７番地の２", "url2": "https://www.kaigokensaku.mhlw.go.jp/08/index.php?action_kouhyou_detail_004_kani=true&JigyosyoCd=0871200069-00&ServiceCd=110&Type=search" }, "geometry": { "type": "Point", "coordinates": [ 140.5251041, 36.5312807 ] } },
{ "type": "Feature", "properties": { "内容": "ナザレ園訪問介護事業所常陸太田【訪問介護】茨城県常陸太田市磯部町字腰巻57番地ナザレ園ホーム・ライフ・サービス常陸太田", "url2": "https://www.kaigokensaku.mhlw.go.jp/08/index.php?action_kouhyou_detail_004_kani=true&JigyosyoCd=0871200903-00&ServiceCd=110&Type=search" }, "geometry": { "type": "Point", "coordinates": [ 140.530966988113391, 36.519322658193744 ] } },
{ "type": "Feature", "properties": { "内容": "指定訪問介護事業所「まごころ」【訪問介護】茨城県常陸太田市稲木町３３番地", "url2": "https://www.kaigokensaku.mhlw.go.jp/08/index.php?action_kouhyou_detail_004_kani=true&JigyosyoCd=0871200077-00&ServiceCd=110&Type=search" }, "geometry": { "type": "Point", "coordinates": [ 140.523883699999942, 36.5305806 ] } },
{ "type": "Feature", "properties": { "内容": "ひばり訪問介護ステーション【訪問介護】茨城県常陸太田市真弓町１９５３－２", "url2": "https://www.kaigokensaku.mhlw.go.jp/08/index.php?action_kouhyou_detail_004_kani=true&JigyosyoCd=0871200226-00&ServiceCd=110&Type=search" }, "geometry": { "type": "Point", "coordinates": [ 140.570533100000034, 36.529688 ] } },
{ "type": "Feature", "properties": { "内容": "ヘルパーステーション　えみの里【訪問介護】茨城県常陸太田市徳田町143番地特別養護老人ホームえみの里", "url2": "https://www.kaigokensaku.mhlw.go.jp/08/index.php?action_kouhyou_detail_004_kani=true&JigyosyoCd=0871200283-00&ServiceCd=110&Type=search" }, "geometry": { "type": "Point", "coordinates": [ 140.48294, 36.7732189 ] } },
{ "type": "Feature", "properties": { "内容": "訪問介護　幸ちゃん【訪問介護】茨城県　高萩市　大和町3-13", "url2": "https://www.kaigokensaku.mhlw.go.jp/08/index.php?action_kouhyou_detail_004_kani=true&JigyosyoCd=0871400552-00&ServiceCd=110&Type=search" }, "geometry": { "type": "Point", "coordinates": [ 140.712266499999942, 36.7105104 ] } },
{ "type": "Feature", "properties": { "内容": "常陸農業協同組合　在宅介護サービス事業部【訪問介護】茨城県高萩市本町１丁目１００番地の２", "url2": "https://www.kaigokensaku.mhlw.go.jp/08/index.php?action_kouhyou_detail_004_kani=true&JigyosyoCd=0871400024-00&ServiceCd=110&Type=search" }, "geometry": { "type": "Point", "coordinates": [ 140.708852799999988, 36.7128929 ] } },
{ "type": "Feature", "properties": { "内容": "高萩市社会福祉協議会ホームヘルプサービス事業所【訪問介護】高萩市春日町３－１０高萩市総合福祉センター", "url2": "https://www.kaigokensaku.mhlw.go.jp/08/index.php?action_kouhyou_detail_004_kani=true&JigyosyoCd=0871400057-00&ServiceCd=110&Type=search" }, "geometry": { "type": "Point", "coordinates": [ 140.717096, 36.7195831 ] } },
{ "type": "Feature", "properties": { "内容": "有限会社七福神ヘルパーステーション【訪問介護】茨城県高萩市大字上手綱萩平4010-4", "url2": "https://www.kaigokensaku.mhlw.go.jp/08/index.php?action_kouhyou_detail_004_kani=true&JigyosyoCd=0871400453-00&ServiceCd=110&Type=search" }, "geometry": { "type": "Point", "coordinates": [ 140.670625709786918, 36.758974877842881 ] } },
{ "type": "Feature", "properties": { "内容": "高萩たんぽぽヘルパーステーション事業所【訪問介護】高萩市下手綱６９０", "url2": "https://www.kaigokensaku.mhlw.go.jp/08/index.php?action_kouhyou_detail_004_kani=true&JigyosyoCd=0871400222-00&ServiceCd=110&Type=search" }, "geometry": { "type": "Point", "coordinates": [ 140.713824, 36.7333425 ] } },
{ "type": "Feature", "properties": { "内容": "訪問介護事業所　あやとり【訪問介護】茨城県北茨城市華川町小豆畑1141-1", "url2": "https://www.kaigokensaku.mhlw.go.jp/08/index.php?action_kouhyou_detail_004_kani=true&JigyosyoCd=0871500112-00&ServiceCd=110&Type=search" }, "geometry": { "type": "Point", "coordinates": [ 140.698548, 36.824121 ] } },
{ "type": "Feature", "properties": { "内容": "訪問介護こごみ【訪問介護】中郷町足洗751-2", "url2": "https://www.kaigokensaku.mhlw.go.jp/08/index.php?action_kouhyou_detail_004_kani=true&JigyosyoCd=0871500500-00&ServiceCd=110&Type=search" }, "geometry": { "type": "Point", "coordinates": [ 140.738385900000026, 36.7724247 ] } },
{ "type": "Feature", "properties": { "内容": "夢なかま訪問介護【訪問介護】茨城県北茨城市中郷町石岡2577-2", "url2": "https://www.kaigokensaku.mhlw.go.jp/08/index.php?action_kouhyou_detail_004_kani=true&JigyosyoCd=0871500385-00&ServiceCd=110&Type=search" }, "geometry": { "type": "Point", "coordinates": [ 140.714875733827597, 36.782876759101967 ] } },
{ "type": "Feature", "properties": { "内容": "介護じゃんけんぽん北茨城【訪問介護】北茨城市大津町北町２－４－１０", "url2": "https://www.kaigokensaku.mhlw.go.jp/08/index.php?action_kouhyou_detail_004_kani=true&JigyosyoCd=0871500393-00&ServiceCd=110&Type=search" }, "geometry": { "type": "Point", "coordinates": [ 140.779789700000038, 36.8456209 ] } },
{ "type": "Feature", "properties": { "内容": "合同会社にこにこ北茨城【訪問介護】茨城県北茨城市平潟町351-1", "url2": "https://www.kaigokensaku.mhlw.go.jp/08/index.php?action_kouhyou_detail_004_kani=true&JigyosyoCd=0871500641-00&ServiceCd=110&Type=search" }, "geometry": { "type": "Point", "coordinates": [ 140.791334453211874, 36.854277292411865 ] } },
{ "type": "Feature", "properties": { "内容": "訪問介護ケアレジデンス北茨城【訪問介護】茨城県北茨城市磯原町磯原1890-48", "url2": "https://www.kaigokensaku.mhlw.go.jp/08/index.php?action_kouhyou_detail_004_kani=true&JigyosyoCd=0871500955-00&ServiceCd=110&Type=search" }, "geometry": { "type": "Point", "coordinates": [ 140.7468241, 36.8035811 ] } },
{ "type": "Feature", "properties": { "内容": "ヘルパーステーション樹楽【訪問介護】茨城県北茨城市大津町字五浦　3－17－1", "url2": "https://www.kaigokensaku.mhlw.go.jp/08/index.php?action_kouhyou_detail_004_kani=true&JigyosyoCd=0871500963-00&ServiceCd=110&Type=search" }, "geometry": { "type": "Point", "coordinates": [ 140.7991533, 36.832039 ] } },
{ "type": "Feature", "properties": { "内容": "デイドリーム【訪問介護】北茨城市中郷町汐見ヶ丘５丁目１９７番地の２５", "url2": "https://www.kaigokensaku.mhlw.go.jp/08/index.php?action_kouhyou_detail_004_kani=true&JigyosyoCd=0871500245-00&ServiceCd=110&Type=search" }, "geometry": { "type": "Point", "coordinates": [ 140.733330600000045, 36.7652502 ] } },
{ "type": "Feature", "properties": { "内容": "ヘルパーステーションあかね【訪問介護】茨城県北茨城市関本町関本中字辻265-1", "url2": "https://www.kaigokensaku.mhlw.go.jp/08/index.php?action_kouhyou_detail_004_kani=true&JigyosyoCd=0871500229-00&ServiceCd=110&Type=search" }, "geometry": { "type": "Point", "coordinates": [ 140.77683537724613, 36.846700993137183 ] } },
{ "type": "Feature", "properties": { "内容": "ライフサポート平賀【訪問介護】茨城県北茨城市磯原町磯原1630番地の109", "url2": "https://www.kaigokensaku.mhlw.go.jp/08/index.php?action_kouhyou_detail_004_kani=true&JigyosyoCd=0871500088-00&ServiceCd=110&Type=search" }, "geometry": { "type": "Point", "coordinates": [ 140.754723399999989, 36.8021281 ] } },
{ "type": "Feature", "properties": { "内容": "中郷介護ステーション【訪問介護】茨城県北茨城市中郷町上桜井2865", "url2": "https://www.kaigokensaku.mhlw.go.jp/08/index.php?action_kouhyou_detail_004_kani=true&JigyosyoCd=0871500120-00&ServiceCd=110&Type=search" }, "geometry": { "type": "Point", "coordinates": [ 140.734726611271526, 36.777642281663695 ] } },
{ "type": "Feature", "properties": { "内容": "ケアステーション　オリーブ【訪問介護】磯原町木皿783", "url2": "https://www.kaigokensaku.mhlw.go.jp/08/index.php?action_kouhyou_detail_004_kani=true&JigyosyoCd=0871500971-00&ServiceCd=110&Type=search" }, "geometry": { "type": "Point", "coordinates": [ 140.7131721, 36.7934366 ] } },
{ "type": "Feature", "properties": { "内容": "ヘルパーステーション　虹【訪問介護】茨城県北茨城市大津町五浦1丁目99-1", "url2": "https://www.kaigokensaku.mhlw.go.jp/08/index.php?action_kouhyou_detail_004_kani=true&JigyosyoCd=0871500476-00&ServiceCd=110&Type=search" }, "geometry": { "type": "Point", "coordinates": [ 140.800368959630617, 36.829591974533159 ] } },
{ "type": "Feature", "properties": { "内容": "ケアライフ下郷【訪問介護】笠間市下郷4536-115", "url2": "https://www.kaigokensaku.mhlw.go.jp/08/index.php?action_kouhyou_detail_004_kani=true&JigyosyoCd=0871600318-00&ServiceCd=110&Type=search" }, "geometry": { "type": "Point", "coordinates": [ 140.27856810000003, 36.29195 ] } },
{ "type": "Feature", "properties": { "内容": "ヘルパーステーションケアーズあさひ【訪問介護】469-1", "url2": "https://www.kaigokensaku.mhlw.go.jp/08/index.php?action_kouhyou_detail_004_kani=true&JigyosyoCd=0871600607-00&ServiceCd=110&Type=search" }, "geometry": { "type": "Point", "coordinates": [ 19.863212400000062, 60.1201316 ] } },
{ "type": "Feature", "properties": { "内容": "訪問介護事業所スマイル【訪問介護】茨城県笠間市美原１丁目５番３３号サービス付高齢者向け住宅スマイル", "url2": "https://www.kaigokensaku.mhlw.go.jp/08/index.php?action_kouhyou_detail_004_kani=true&JigyosyoCd=0871600672-00&ServiceCd=110&Type=search" }, "geometry": { "type": "Point", "coordinates": [ 140.30972, 36.3449946 ] } },
{ "type": "Feature", "properties": { "内容": "ヘルパーステーション一期一笑【訪問介護】水戸市鯉渕６２２７－９", "url2": "https://www.kaigokensaku.mhlw.go.jp/08/index.php?action_kouhyou_detail_004_kani=true&JigyosyoCd=0871600805-00&ServiceCd=110&Type=search" }, "geometry": { "type": "Point", "coordinates": [ 140.373402599999963, 36.3461813 ] } },
{ "type": "Feature", "properties": { "内容": "すずらんの里　指定訪問介護事業所【訪問介護】茨城県笠間市土師1293-5", "url2": "https://www.kaigokensaku.mhlw.go.jp/08/index.php?action_kouhyou_detail_004_kani=true&JigyosyoCd=0873200174-00&ServiceCd=110&Type=search" }, "geometry": { "type": "Point", "coordinates": [ 140.308467, 36.3064459 ] } },
{ "type": "Feature", "properties": { "内容": "ヘルパーステーション楽寿縁【訪問介護】茨城県笠間市笠間1453-8", "url2": "https://www.kaigokensaku.mhlw.go.jp/08/index.php?action_kouhyou_detail_004_kani=true&JigyosyoCd=0871600995-00&ServiceCd=110&Type=search" }, "geometry": { "type": "Point", "coordinates": [ 140.2536838, 36.3793056 ] } },
{ "type": "Feature", "properties": { "内容": "訪問介護事業所　いわまの郷【訪問介護】下郷6004－1", "url2": "https://www.kaigokensaku.mhlw.go.jp/08/index.php?action_kouhyou_detail_004_kani=true&JigyosyoCd=0871600458-00&ServiceCd=110&Type=search" }, "geometry": { "type": "Point", "coordinates": [ 140.268028919573908, 36.300635759292334 ] } },
{ "type": "Feature", "properties": { "内容": "笠間市社会福祉協議会訪問介護事業所【訪問介護】茨城県笠間市笠間４３６４番地２", "url2": "https://www.kaigokensaku.mhlw.go.jp/08/index.php?action_kouhyou_detail_004_kani=true&JigyosyoCd=0871600326-00&ServiceCd=110&Type=search" }, "geometry": { "type": "Point", "coordinates": [ 140.249962672074872, 36.37501527268568 ] } },
{ "type": "Feature", "properties": { "内容": "ＮＰＯ介護支援センターコスモス【訪問介護】笠間市湯崎1048-13", "url2": "https://www.kaigokensaku.mhlw.go.jp/08/index.php?action_kouhyou_detail_004_kani=true&JigyosyoCd=0871600227-00&ServiceCd=110&Type=search" }, "geometry": { "type": "Point", "coordinates": [ 140.3173854, 36.3077552 ] } },
{ "type": "Feature", "properties": { "内容": "訪問介護ホームヘルプ春日和かさま【訪問介護】茨城県笠間市中央1丁目2番26号", "url2": "https://www.kaigokensaku.mhlw.go.jp/08/index.php?action_kouhyou_detail_004_kani=true&JigyosyoCd=0871601043-00&ServiceCd=110&Type=search" }, "geometry": { "type": "Point", "coordinates": [ 140.306548, 36.3470268 ] } },
{ "type": "Feature", "properties": { "内容": "セントケア友部【訪問介護】茨城県笠間市八雲1-1-1YNKビル１Ｆ　Ａ号室", "url2": "https://www.kaigokensaku.mhlw.go.jp/08/index.php?action_kouhyou_detail_004_kani=true&JigyosyoCd=0871600268-00&ServiceCd=110&Type=search" }, "geometry": { "type": "Point", "coordinates": [ 140.306874799201694, 36.349158088597243 ] } },
{ "type": "Feature", "properties": { "内容": "訪問介護いっしん笠間【訪問介護】茨城県笠間市鯉淵6266番地27", "url2": "https://www.kaigokensaku.mhlw.go.jp/08/index.php?action_kouhyou_detail_004_kani=true&JigyosyoCd=0871600920-00&ServiceCd=110&Type=search" }, "geometry": { "type": "Point", "coordinates": [ 140.3271334, 36.3486192 ] } },
{ "type": "Feature", "properties": { "内容": "合同会社訪問介護事業所リアナ【訪問介護】茨城県笠間市片庭1410番地２", "url2": "https://www.kaigokensaku.mhlw.go.jp/08/index.php?action_kouhyou_detail_004_kani=true&JigyosyoCd=0871601084-00&ServiceCd=110&Type=search" }, "geometry": { "type": "Point", "coordinates": [ 140.215852399999989, 36.4071028 ] } },
{ "type": "Feature", "properties": { "内容": "社会福祉法人　尚生会　指定訪問介護事業所　介護センターかさま【訪問介護】茨城県笠間市石井甲32-1", "url2": "https://www.kaigokensaku.mhlw.go.jp/08/index.php?action_kouhyou_detail_004_kani=true&JigyosyoCd=0871600037-00&ServiceCd=110&Type=search" }, "geometry": { "type": "Point", "coordinates": [ 140.244250731213356, 36.381749946480227 ] } },
{ "type": "Feature", "properties": { "内容": "指定訪問介護事業所　ゆう【訪問介護】茨城県笠間市鯉渕6612-213", "url2": "https://www.kaigokensaku.mhlw.go.jp/08/index.php?action_kouhyou_detail_004_kani=true&JigyosyoCd=0873200281-00&ServiceCd=110&Type=search" }, "geometry": { "type": "Point", "coordinates": [ 140.3266731, 36.3491695 ] } },
{ "type": "Feature", "properties": { "内容": "株式会社　アメニティー・ケアサービス【訪問介護】下高井1255-6", "url2": "https://www.kaigokensaku.mhlw.go.jp/08/index.php?action_kouhyou_detail_004_kani=true&JigyosyoCd=0871700779-00&ServiceCd=110&Type=search" }, "geometry": { "type": "Point", "coordinates": [ 140.03312219999998, 35.9292416 ] } },
{ "type": "Feature", "properties": { "内容": "訪問介護事業所ハートフル取手【訪問介護】茨城県取手市小浮気187-1", "url2": "https://www.kaigokensaku.mhlw.go.jp/08/index.php?action_kouhyou_detail_004_kani=true&JigyosyoCd=0871701462-00&ServiceCd=110&Type=search" }, "geometry": { "type": "Point", "coordinates": [ 140.106210826698089, 35.922922509385515 ] } },
{ "type": "Feature", "properties": { "内容": "指定訪問介護事業所大好き【訪問介護】茨城県取手市新取手1-4-15原田ビル1階", "url2": "https://www.kaigokensaku.mhlw.go.jp/08/index.php?action_kouhyou_detail_004_kani=true&JigyosyoCd=0871700795-00&ServiceCd=110&Type=search" }, "geometry": { "type": "Point", "coordinates": [ 140.044697600000063, 35.9182352 ] } },
{ "type": "Feature", "properties": { "内容": "藤代なごみの郷【訪問介護】茨城県取手市椚木１３４２－２", "url2": "https://www.kaigokensaku.mhlw.go.jp/08/index.php?action_kouhyou_detail_004_kani=true&JigyosyoCd=0874400286-00&ServiceCd=110&Type=search" }, "geometry": { "type": "Point", "coordinates": [ 140.093400299999985, 35.9259384 ] } },
{ "type": "Feature", "properties": { "内容": "とりでケアサービス介護事業所【訪問介護】茨城県取手市本郷1-31-15", "url2": "https://www.kaigokensaku.mhlw.go.jp/08/index.php?action_kouhyou_detail_004_kani=true&JigyosyoCd=0871700043-00&ServiceCd=110&Type=search" }, "geometry": { "type": "Point", "coordinates": [ 140.061920012897531, 35.91168309812624 ] } },
{ "type": "Feature", "properties": { "内容": "ケアサポートKIKI【訪問介護】茨城県取手市寺田4725-3", "url2": "https://www.kaigokensaku.mhlw.go.jp/08/index.php?action_kouhyou_detail_004_kani=true&JigyosyoCd=0871700191-00&ServiceCd=110&Type=search" }, "geometry": { "type": "Point", "coordinates": [ 140.041650733038097, 35.916737601176997 ] } },
{ "type": "Feature", "properties": { "内容": "訪問介護ステーションringo【訪問介護】茨城県取手市本郷5-14-19", "url2": "https://www.kaigokensaku.mhlw.go.jp/08/index.php?action_kouhyou_detail_004_kani=true&JigyosyoCd=0871701488-00&ServiceCd=110&Type=search" }, "geometry": { "type": "Point", "coordinates": [ 140.0587251, 35.9122135 ] } },
{ "type": "Feature", "properties": { "内容": "ヘルパーステーションことり【訪問介護】茨城県取手市戸頭6-1-7-204", "url2": "https://www.kaigokensaku.mhlw.go.jp/08/index.php?action_kouhyou_detail_004_kani=true&JigyosyoCd=0871701421-00&ServiceCd=110&Type=search" }, "geometry": { "type": "Point", "coordinates": [ 140.011256596295226, 35.926037831917291 ] } },
{ "type": "Feature", "properties": { "内容": "ニチイケアセンター取手新町【訪問介護】茨城県取手市新町3-13-6", "url2": "https://www.kaigokensaku.mhlw.go.jp/08/index.php?action_kouhyou_detail_004_kani=true&JigyosyoCd=0871700084-00&ServiceCd=110&Type=search" }, "geometry": { "type": "Point", "coordinates": [ 140.056950961376941, 35.899140054865477 ] } },
{ "type": "Feature", "properties": { "内容": "訪問介護　二ノ国【訪問介護】茨城県取手市双葉3丁目12番地11号", "url2": "https://www.kaigokensaku.mhlw.go.jp/08/index.php?action_kouhyou_detail_004_kani=true&JigyosyoCd=0871701686-00&ServiceCd=110&Type=search" }, "geometry": { "type": "Point", "coordinates": [ 140.1225714, 35.938707 ] } },
{ "type": "Feature", "properties": { "内容": "株式会社　プラテック　介護のバナナ【訪問介護】茨城県取手市上高井383-1", "url2": "https://www.kaigokensaku.mhlw.go.jp/08/index.php?action_kouhyou_detail_004_kani=true&JigyosyoCd=0871700282-00&ServiceCd=110&Type=search" }, "geometry": { "type": "Point", "coordinates": [ 140.023095500000011, 35.9286887 ] } },
{ "type": "Feature", "properties": { "内容": "ヘルパーセンターホワイト【訪問介護】茨城県取手市米ノ井167-9", "url2": "https://www.kaigokensaku.mhlw.go.jp/08/index.php?action_kouhyou_detail_004_kani=true&JigyosyoCd=0871701470-00&ServiceCd=110&Type=search" }, "geometry": { "type": "Point", "coordinates": [ 140.026582, 35.9245561 ] } },
{ "type": "Feature", "properties": { "内容": "ヘルパーみらく【訪問介護】茨城県取手市井野台5丁目4-14", "url2": "https://www.kaigokensaku.mhlw.go.jp/08/index.php?action_kouhyou_detail_004_kani=true&JigyosyoCd=0871701645-00&ServiceCd=110&Type=search" }, "geometry": { "type": "Point", "coordinates": [ 140.0679366, 35.9092953 ] } },
{ "type": "Feature", "properties": { "内容": "ヘルパーステーションおひさま【訪問介護】茨城県取手市戸頭3-2-8ホスピタリティホームきんもくせい内", "url2": "https://www.kaigokensaku.mhlw.go.jp/08/index.php?action_kouhyou_detail_004_kani=true&JigyosyoCd=0871701223-00&ServiceCd=110&Type=search" }, "geometry": { "type": "Point", "coordinates": [ 140.013158200000021, 35.919542 ] } },
{ "type": "Feature", "properties": { "内容": "社会福祉法人取手市社会福祉協議会【訪問介護】茨城県取手市藤代700", "url2": "https://www.kaigokensaku.mhlw.go.jp/08/index.php?action_kouhyou_detail_004_kani=true&JigyosyoCd=0871700019-00&ServiceCd=110&Type=search" }, "geometry": { "type": "Point", "coordinates": [ 140.111403815185753, 35.921297991520944 ] } },
{ "type": "Feature", "properties": { "内容": "セントケア取手【訪問介護】茨城県取手市新町3丁目2-8菊地ビルＥ号室", "url2": "https://www.kaigokensaku.mhlw.go.jp/08/index.php?action_kouhyou_detail_004_kani=true&JigyosyoCd=0871700522-00&ServiceCd=110&Type=search" }, "geometry": { "type": "Point", "coordinates": [ 140.059190830118155, 35.897582951307378 ] } },
{ "type": "Feature", "properties": { "内容": "ヘルパーステーション　はあとぴあ【訪問介護】取手市井野253", "url2": "https://www.kaigokensaku.mhlw.go.jp/08/index.php?action_kouhyou_detail_004_kani=true&JigyosyoCd=0871700944-00&ServiceCd=110&Type=search" }, "geometry": { "type": "Point", "coordinates": [ 140.086482899999965, 35.9025077 ] } },
{ "type": "Feature", "properties": { "内容": "訪問介護事業所Aimable【訪問介護】宮和田１０６７番地１１マーサ藤代３号室", "url2": "https://www.kaigokensaku.mhlw.go.jp/08/index.php?action_kouhyou_detail_004_kani=true&JigyosyoCd=0871701736-00&ServiceCd=110&Type=search" }, "geometry": { "type": "Point", "coordinates": [ 140.119321, 35.918681 ] } },
{ "type": "Feature", "properties": { "内容": "ヘルパーステーション　水彩館【訪問介護】茨城県取手市小文間5720番1", "url2": "https://www.kaigokensaku.mhlw.go.jp/08/index.php?action_kouhyou_detail_004_kani=true&JigyosyoCd=0871701678-00&ServiceCd=110&Type=search" }, "geometry": { "type": "Point", "coordinates": [ 140.095364357672111, 35.892005016638471 ] } },
{ "type": "Feature", "properties": { "内容": "ライブラリ取手訪問介護事業所【訪問介護】新町3-2-14", "url2": "https://www.kaigokensaku.mhlw.go.jp/08/index.php?action_kouhyou_detail_004_kani=true&JigyosyoCd=0871701314-00&ServiceCd=110&Type=search" }, "geometry": { "type": "Point", "coordinates": [ 139.6488957, 35.6323789 ] } },
{ "type": "Feature", "properties": { "内容": "訪問介護ステーション　ひびき【訪問介護】茨城県取手市野々井1049-9", "url2": "https://www.kaigokensaku.mhlw.go.jp/08/index.php?action_kouhyou_detail_004_kani=true&JigyosyoCd=0871701769-00&ServiceCd=110&Type=search" }, "geometry": { "type": "Point", "coordinates": [ 140.0312547, 35.9237229 ] } },
{ "type": "Feature", "properties": { "内容": "訪問介護　SLPe【訪問介護】茨城県取手市宮和田298", "url2": "https://www.kaigokensaku.mhlw.go.jp/08/index.php?action_kouhyou_detail_004_kani=true&JigyosyoCd=0871700837-00&ServiceCd=110&Type=search" }, "geometry": { "type": "Point", "coordinates": [ 140.124898752977742, 35.925912729385281 ] } },
{ "type": "Feature", "properties": { "内容": "合同会社ケアサービスふたば【訪問介護】茨城県取手市双葉2-1-19メゾンエスポワール１棟　101", "url2": "https://www.kaigokensaku.mhlw.go.jp/08/index.php?action_kouhyou_detail_004_kani=true&JigyosyoCd=0871701389-00&ServiceCd=110&Type=search" }, "geometry": { "type": "Point", "coordinates": [ 140.120500539233944, 35.939221100251963 ] } },
{ "type": "Feature", "properties": { "内容": "フラワー【訪問介護】茨城県取手市東6-68-7", "url2": "https://www.kaigokensaku.mhlw.go.jp/08/index.php?action_kouhyou_detail_004_kani=true&JigyosyoCd=0871701322-00&ServiceCd=110&Type=search" }, "geometry": { "type": "Point", "coordinates": [ 140.077042, 35.8907062 ] } },
{ "type": "Feature", "properties": { "内容": "株式会社　トータルライフ琥珀【訪問介護】茨城県牛久市城中町1955番地23", "url2": "https://www.kaigokensaku.mhlw.go.jp/08/index.php?action_kouhyou_detail_004_kani=true&JigyosyoCd=0871901039-00&ServiceCd=110&Type=search" }, "geometry": { "type": "Point", "coordinates": [ 140.128483606677918, 35.966643112448594 ] } },
{ "type": "Feature", "properties": { "内容": "うぐいすの森【訪問介護】茨城県牛久市猪子町992番地158ご隠居長屋　和楽久牛久", "url2": "https://www.kaigokensaku.mhlw.go.jp/08/index.php?action_kouhyou_detail_004_kani=true&JigyosyoCd=0871901054-00&ServiceCd=110&Type=search" }, "geometry": { "type": "Point", "coordinates": [ 140.138583899999986, 35.9922329 ] } },
{ "type": "Feature", "properties": { "内容": "訪問介護　ひばり【訪問介護】茨城県牛久市上柏田４丁目13-2", "url2": "https://www.kaigokensaku.mhlw.go.jp/08/index.php?action_kouhyou_detail_004_kani=true&JigyosyoCd=0871901351-00&ServiceCd=110&Type=search" }, "geometry": { "type": "Point", "coordinates": [ 140.1573835, 35.9871329 ] } },
{ "type": "Feature", "properties": { "内容": "訪問介護よつば【訪問介護】茨城県牛久市城中町1854-9", "url2": "https://www.kaigokensaku.mhlw.go.jp/08/index.php?action_kouhyou_detail_004_kani=true&JigyosyoCd=0871901401-00&ServiceCd=110&Type=search" }, "geometry": { "type": "Point", "coordinates": [ 140.130995273717701, 35.963287505988326 ] } },
{ "type": "Feature", "properties": { "内容": "訪問介護ロコアクシュ【訪問介護】茨城県牛久市中央2-5-27", "url2": "https://www.kaigokensaku.mhlw.go.jp/08/index.php?action_kouhyou_detail_004_kani=true&JigyosyoCd=0871901336-00&ServiceCd=110&Type=search" }, "geometry": { "type": "Point", "coordinates": [ 140.1459863, 35.9813214 ] } },
{ "type": "Feature", "properties": { "内容": "ホームヘルプサービス　ソラスト牛久【訪問介護】茨城県牛久市栄町5-9", "url2": "https://www.kaigokensaku.mhlw.go.jp/08/index.php?action_kouhyou_detail_004_kani=true&JigyosyoCd=0871901187-00&ServiceCd=110&Type=search" }, "geometry": { "type": "Point", "coordinates": [ 140.150815200000011, 35.9799445 ] } },
{ "type": "Feature", "properties": { "内容": "介護サービス　いろどり【訪問介護】茨城県牛久市田宮町576番地113", "url2": "https://www.kaigokensaku.mhlw.go.jp/08/index.php?action_kouhyou_detail_004_kani=true&JigyosyoCd=0871900742-00&ServiceCd=110&Type=search" }, "geometry": { "type": "Point", "coordinates": [ 140.134107740104412, 35.975192731245926 ] } },
{ "type": "Feature", "properties": { "内容": "ニチイケアセンター牛久南【訪問介護】茨城県牛久市南3-20-2", "url2": "https://www.kaigokensaku.mhlw.go.jp/08/index.php?action_kouhyou_detail_004_kani=true&JigyosyoCd=0871900676-00&ServiceCd=110&Type=search" }, "geometry": { "type": "Point", "coordinates": [ 140.150074200000063, 35.9700793 ] } },
{ "type": "Feature", "properties": { "内容": "ご長寿くらぶ　牛久城中Ⅰ訪問介護事業所【訪問介護】茨城県牛久市城中町1955-4ご長寿くらぶ牛久城中Ⅰ", "url2": "https://www.kaigokensaku.mhlw.go.jp/08/index.php?action_kouhyou_detail_004_kani=true&JigyosyoCd=0871901237-00&ServiceCd=110&Type=search" }, "geometry": { "type": "Point", "coordinates": [ 140.1283472, 35.9670077 ] } },
{ "type": "Feature", "properties": { "内容": "訪問介護ステーション　ひたち野【訪問介護】ひたち野東四丁目８－４ひたち野レジデンス", "url2": "https://www.kaigokensaku.mhlw.go.jp/08/index.php?action_kouhyou_detail_004_kani=true&JigyosyoCd=0871900874-00&ServiceCd=110&Type=search" }, "geometry": { "type": "Point", "coordinates": [ 140.169032, 36.0047913 ] } },
{ "type": "Feature", "properties": { "内容": "ウエルシア介護サービス牛久【訪問介護】茨城県牛久市神谷5-1-1", "url2": "https://www.kaigokensaku.mhlw.go.jp/08/index.php?action_kouhyou_detail_004_kani=true&JigyosyoCd=0871900130-00&ServiceCd=110&Type=search" }, "geometry": { "type": "Point", "coordinates": [ 140.155459800000017, 35.9644355 ] } },
{ "type": "Feature", "properties": { "内容": "訪問介護ステーションコキア【訪問介護】茨城県牛久市ひたち野西三丁目31－8グリーンヒルズ藤田弐番館102", "url2": "https://www.kaigokensaku.mhlw.go.jp/08/index.php?action_kouhyou_detail_004_kani=true&JigyosyoCd=0871901492-00&ServiceCd=110&Type=search" }, "geometry": { "type": "Point", "coordinates": [ 140.158506, 36.0098366 ] } },
{ "type": "Feature", "properties": { "内容": "ケアサポート　笑福【訪問介護】茨城県　牛久市　南7-51-13", "url2": "https://www.kaigokensaku.mhlw.go.jp/08/index.php?action_kouhyou_detail_004_kani=true&JigyosyoCd=0871900643-00&ServiceCd=110&Type=search" }, "geometry": { "type": "Point", "coordinates": [ 140.143680413751014, 35.961108301620435 ] } },
{ "type": "Feature", "properties": { "内容": "生活クラブ　ケアステーション牛久【訪問介護】茨城県牛久市猪子町992番676", "url2": "https://www.kaigokensaku.mhlw.go.jp/08/index.php?action_kouhyou_detail_004_kani=true&JigyosyoCd=0871901294-00&ServiceCd=110&Type=search" }, "geometry": { "type": "Point", "coordinates": [ 140.137296945368917, 35.994658000999578 ] } },
{ "type": "Feature", "properties": { "内容": "牛久市社会福祉協議会指定訪問介護事業所【訪問介護】茨城県牛久市女化町８５９番地の３", "url2": "https://www.kaigokensaku.mhlw.go.jp/08/index.php?action_kouhyou_detail_004_kani=true&JigyosyoCd=0871900312-00&ServiceCd=110&Type=search" }, "geometry": { "type": "Point", "coordinates": [ 140.184458, 35.958187202493889 ] } },
{ "type": "Feature", "properties": { "内容": "ケアサポート　やたべ【訪問介護】茨城県つくば市境田148-24", "url2": "https://www.kaigokensaku.mhlw.go.jp/08/index.php?action_kouhyou_detail_004_kani=true&JigyosyoCd=0872001300-00&ServiceCd=110&Type=search" }, "geometry": { "type": "Point", "coordinates": [ 140.078552800000011, 36.0179051 ] } },
{ "type": "Feature", "properties": { "内容": "訪問介護　なかよし【訪問介護】茨城県つくば市北条　4326-2", "url2": "https://www.kaigokensaku.mhlw.go.jp/08/index.php?action_kouhyou_detail_004_kani=true&JigyosyoCd=0872001813-00&ServiceCd=110&Type=search" }, "geometry": { "type": "Point", "coordinates": [ 140.089936099999932, 36.1759613 ] } },
{ "type": "Feature", "properties": { "内容": "アタラシア【訪問介護】東光台2丁目23番地1セジュール東光台B棟　103号室", "url2": "https://www.kaigokensaku.mhlw.go.jp/08/index.php?action_kouhyou_detail_004_kani=true&JigyosyoCd=0872003298-00&ServiceCd=110&Type=search" }, "geometry": { "type": "Point", "coordinates": [ 140.066882600000014, 36.0982646 ] } },
{ "type": "Feature", "properties": { "内容": "コンフォートつくば訪問介護事業所【訪問介護】茨城県つくば市台町2-3-10サンシャイン・コンフォートつくば", "url2": "https://www.kaigokensaku.mhlw.go.jp/08/index.php?action_kouhyou_detail_004_kani=true&JigyosyoCd=0872002530-00&ServiceCd=110&Type=search" }, "geometry": { "type": "Point", "coordinates": [ 140.083847800000058, 36.038683 ] } },
{ "type": "Feature", "properties": { "内容": "訪問介護アドニス【訪問介護】茨城県つくば市筑穂3-5-3", "url2": "https://www.kaigokensaku.mhlw.go.jp/08/index.php?action_kouhyou_detail_004_kani=true&JigyosyoCd=0872003033-00&ServiceCd=110&Type=search" }, "geometry": { "type": "Point", "coordinates": [ 140.0780556, 36.1299475 ] } },
{ "type": "Feature", "properties": { "内容": "あんじゅ【訪問介護】茨城県つくば市花畑1-14-6プロスパー　102", "url2": "https://www.kaigokensaku.mhlw.go.jp/08/index.php?action_kouhyou_detail_004_kani=true&JigyosyoCd=0872001680-00&ServiceCd=110&Type=search" }, "geometry": { "type": "Point", "coordinates": [ 140.0887861, 36.1292024 ] } },
{ "type": "Feature", "properties": { "内容": "アイシーネット介護センター【訪問介護】つくば市柴崎１０５５", "url2": "https://www.kaigokensaku.mhlw.go.jp/08/index.php?action_kouhyou_detail_004_kani=true&JigyosyoCd=0872000518-00&ServiceCd=110&Type=search" }, "geometry": { "type": "Point", "coordinates": [ 140.1190772, 36.1089581 ] } },
{ "type": "Feature", "properties": { "内容": "ヘルパーステーション　ぽらりす【訪問介護】茨城県つくば市上郷3621-4", "url2": "https://www.kaigokensaku.mhlw.go.jp/08/index.php?action_kouhyou_detail_004_kani=true&JigyosyoCd=0872001110-00&ServiceCd=110&Type=search" }, "geometry": { "type": "Point", "coordinates": [ 140.012075500000037, 36.0993578 ] } },
{ "type": "Feature", "properties": { "内容": "フクタク【訪問介護】茨城県つくば市森の里24-1", "url2": "https://www.kaigokensaku.mhlw.go.jp/08/index.php?action_kouhyou_detail_004_kani=true&JigyosyoCd=0872003405-00&ServiceCd=110&Type=search" }, "geometry": { "type": "Point", "coordinates": [ 139.7204992, 35.5976698 ] } },
{ "type": "Feature", "properties": { "内容": "あいヘルパーステーション【訪問介護】茨城県つくば市上郷1600番地1", "url2": "https://www.kaigokensaku.mhlw.go.jp/08/index.php?action_kouhyou_detail_004_kani=true&JigyosyoCd=0872003157-00&ServiceCd=110&Type=search" }, "geometry": { "type": "Point", "coordinates": [ 140.0123491, 36.106288 ] } },
{ "type": "Feature", "properties": { "内容": "ニチイケアセンターつくば【訪問介護】つくば市千現1-17-28　千現ビル0102号室", "url2": "https://www.kaigokensaku.mhlw.go.jp/08/index.php?action_kouhyou_detail_004_kani=true&JigyosyoCd=0872000179-00&ServiceCd=110&Type=search" }, "geometry": { "type": "Point", "coordinates": [ 140.125755199999958, 36.07289 ] } },
{ "type": "Feature", "properties": { "内容": "つくば介護サービスこころ【訪問介護】茨城県つくば市松代1-16-13シャンデパステークB-101", "url2": "https://www.kaigokensaku.mhlw.go.jp/08/index.php?action_kouhyou_detail_004_kani=true&JigyosyoCd=0872000930-00&ServiceCd=110&Type=search" }, "geometry": { "type": "Point", "coordinates": [ 140.0975853, 36.0705876 ] } },
{ "type": "Feature", "properties": { "内容": "訪問介護ステーション　みどりの【訪問介護】茨城県つくば市台町2丁目4番地1", "url2": "https://www.kaigokensaku.mhlw.go.jp/08/index.php?action_kouhyou_detail_004_kani=true&JigyosyoCd=0872001524-00&ServiceCd=110&Type=search" }, "geometry": { "type": "Point", "coordinates": [ 140.083217800000057, 36.0387329 ] } },
{ "type": "Feature", "properties": { "内容": "社会福祉法人つくば市社会福祉協議会【訪問介護】茨城県つくば市筑穂1-10-4", "url2": "https://www.kaigokensaku.mhlw.go.jp/08/index.php?action_kouhyou_detail_004_kani=true&JigyosyoCd=0872000021-00&ServiceCd=110&Type=search" }, "geometry": { "type": "Point", "coordinates": [ 140.081990799999971, 36.1365047 ] } },
{ "type": "Feature", "properties": { "内容": "訪問介護事業所株式会社ひまわり【訪問介護】茨城県つくば市安食２５３０－６２", "url2": "https://www.kaigokensaku.mhlw.go.jp/08/index.php?action_kouhyou_detail_004_kani=true&JigyosyoCd=0872002027-00&ServiceCd=110&Type=search" }, "geometry": { "type": "Point", "coordinates": [ 140.0219251, 36.164144800000017 ] } },
{ "type": "Feature", "properties": { "内容": "訪問介護事業所　CRidgE【訪問介護】茨城県つくば市吾妻2-8-8つくばシティアビル2階", "url2": "https://www.kaigokensaku.mhlw.go.jp/08/index.php?action_kouhyou_detail_004_kani=true&JigyosyoCd=0872003504-00&ServiceCd=110&Type=search" }, "geometry": { "type": "Point", "coordinates": [ 140.112645, 36.0837496 ] } },
{ "type": "Feature", "properties": { "内容": "つくば介護サービス【訪問介護】つくば市中内５６番地８", "url2": "https://www.kaigokensaku.mhlw.go.jp/08/index.php?action_kouhyou_detail_004_kani=true&JigyosyoCd=0872001763-00&ServiceCd=110&Type=search" }, "geometry": { "type": "Point", "coordinates": [ 140.107976120237709, 36.042746624108254 ] } },
{ "type": "Feature", "properties": { "内容": "セントケアつくば南【訪問介護】茨城県つくば市高野台2-11-6ソレアードTSUKUBA104", "url2": "https://www.kaigokensaku.mhlw.go.jp/08/index.php?action_kouhyou_detail_004_kani=true&JigyosyoCd=0871100301-00&ServiceCd=110&Type=search" }, "geometry": { "type": "Point", "coordinates": [ 139.9950517, 36.0244694 ] } },
{ "type": "Feature", "properties": { "内容": "ウエルシア介護サービスつくば【訪問介護】茨城県つくば市豊里の杜2丁目1-1", "url2": "https://www.kaigokensaku.mhlw.go.jp/08/index.php?action_kouhyou_detail_004_kani=true&JigyosyoCd=0872000450-00&ServiceCd=110&Type=search" }, "geometry": { "type": "Point", "coordinates": [ 140.046644300000025, 36.100658 ] } },
{ "type": "Feature", "properties": { "内容": "医心館訪問介護ステーションつくば【訪問介護】茨城県つくば市学園の森三丁目12番9", "url2": "https://www.kaigokensaku.mhlw.go.jp/08/index.php?action_kouhyou_detail_004_kani=true&JigyosyoCd=0872003355-00&ServiceCd=110&Type=search" }, "geometry": { "type": "Point", "coordinates": [ 140.087615699999986, 36.0952232 ] } },
{ "type": "Feature", "properties": { "内容": "医心館訪問介護ステーションつくばⅡ【訪問介護】茨城県つくば市二の宮1-12-1", "url2": "https://www.kaigokensaku.mhlw.go.jp/08/index.php?action_kouhyou_detail_004_kani=true&JigyosyoCd=0872003413-00&ServiceCd=110&Type=search" }, "geometry": { "type": "Point", "coordinates": [ 140.1165517, 36.0693705 ] } },
{ "type": "Feature", "properties": { "内容": "訪問介護いっしんつくば【訪問介護】茨城県つくば市台町2-5-2", "url2": "https://www.kaigokensaku.mhlw.go.jp/08/index.php?action_kouhyou_detail_004_kani=true&JigyosyoCd=0872002712-00&ServiceCd=110&Type=search" }, "geometry": { "type": "Point", "coordinates": [ 140.082937904229766, 36.038710528070872 ] } },
{ "type": "Feature", "properties": { "内容": "ニチイケアセンターつくばみどりの【訪問介護】茨城県つくば市みどりの2丁目31番地7トルビヨン店舗", "url2": "https://www.kaigokensaku.mhlw.go.jp/08/index.php?action_kouhyou_detail_004_kani=true&JigyosyoCd=0872003215-00&ServiceCd=110&Type=search" }, "geometry": { "type": "Point", "coordinates": [ 140.0572151, 36.0353953 ] } },
{ "type": "Feature", "properties": { "内容": "アグリケアサービス　藍衣【訪問介護】茨城県つくば市吾妻1-10-1つくばセンタービル1階", "url2": "https://www.kaigokensaku.mhlw.go.jp/08/index.php?action_kouhyou_detail_004_kani=true&JigyosyoCd=0872003439-00&ServiceCd=110&Type=search" }, "geometry": { "type": "Point", "coordinates": [ 140.114267500000011, 36.0812913 ] } },
{ "type": "Feature", "properties": { "内容": "マリア・カサブランカ【訪問介護】茨城県つくば市高野1213-18", "url2": "https://www.kaigokensaku.mhlw.go.jp/08/index.php?action_kouhyou_detail_004_kani=true&JigyosyoCd=0872002464-00&ServiceCd=110&Type=search" }, "geometry": { "type": "Point", "coordinates": [ 140.037968845572379, 36.106518962726923 ] } },
{ "type": "Feature", "properties": { "内容": "医療法人善心会　訪問介護ステーションつくば【訪問介護】茨城県つくば市手代木302番地2・2階ほのぼの荘つくば", "url2": "https://www.kaigokensaku.mhlw.go.jp/08/index.php?action_kouhyou_detail_004_kani=true&JigyosyoCd=0872002886-00&ServiceCd=110&Type=search" }, "geometry": { "type": "Point", "coordinates": [ 140.106294873541287, 36.059172976426069 ] } },
{ "type": "Feature", "properties": { "内容": "ホームヘルプサービスうちね【訪問介護】つくば市上ノ室2439", "url2": "https://www.kaigokensaku.mhlw.go.jp/08/index.php?action_kouhyou_detail_004_kani=true&JigyosyoCd=0872000245-00&ServiceCd=110&Type=search" }, "geometry": { "type": "Point", "coordinates": [ 140.134955039286751, 36.085178664787158 ] } },
{ "type": "Feature", "properties": { "内容": "ユーミット訪問介護事業所【訪問介護】茨城県つくば市梅園ニ丁目５－３梅園スクエアＡ棟１０１", "url2": "https://www.kaigokensaku.mhlw.go.jp/08/index.php?action_kouhyou_detail_004_kani=true&JigyosyoCd=0872003066-00&ServiceCd=110&Type=search" }, "geometry": { "type": "Point", "coordinates": [ 140.141733518385337, 36.058293784473371 ] } },
{ "type": "Feature", "properties": { "内容": "あーくすケア【訪問介護】茨城県つくば市二の宮３－１０－３セイント・ピュア１０３", "url2": "https://www.kaigokensaku.mhlw.go.jp/08/index.php?action_kouhyou_detail_004_kani=true&JigyosyoCd=0872003561-00&ServiceCd=110&Type=search" }, "geometry": { "type": "Point", "coordinates": [ 140.1157067, 36.0680107 ] } },
{ "type": "Feature", "properties": { "内容": "ヘルパーステーションプロスペクト【訪問介護】茨城県ひたちなか市高野字柏野２４５５－１", "url2": "https://www.kaigokensaku.mhlw.go.jp/08/index.php?action_kouhyou_detail_004_kani=true&JigyosyoCd=0872101332-00&ServiceCd=110&Type=search" }, "geometry": { "type": "Point", "coordinates": [ 140.539754665190088, 36.441105485146046 ] } },
{ "type": "Feature", "properties": { "内容": "ひたちなか市社会福祉協議会訪問サービスセンター【訪問介護】茨城県ひたちなか市金上５６２－１", "url2": "https://www.kaigokensaku.mhlw.go.jp/08/index.php?action_kouhyou_detail_004_kani=true&JigyosyoCd=0872100201-00&ServiceCd=110&Type=search" }, "geometry": { "type": "Point", "coordinates": [ 140.540005, 36.3713131 ] } },
{ "type": "Feature", "properties": { "内容": "訪問介護　ありがとう【訪問介護】茨城県ひたちなか市東石川3159-18", "url2": "https://www.kaigokensaku.mhlw.go.jp/08/index.php?action_kouhyou_detail_004_kani=true&JigyosyoCd=0872102082-00&ServiceCd=110&Type=search" }, "geometry": { "type": "Point", "coordinates": [ 140.537461226467684, 36.418288041610126 ] } },
{ "type": "Feature", "properties": { "内容": "ニチイケアセンターひたちなか【訪問介護】茨城県ひたちなか市東石川2-6-10", "url2": "https://www.kaigokensaku.mhlw.go.jp/08/index.php?action_kouhyou_detail_004_kani=true&JigyosyoCd=0872100144-00&ServiceCd=110&Type=search" }, "geometry": { "type": "Point", "coordinates": [ 140.536973100000068, 36.3956511 ] } },
{ "type": "Feature", "properties": { "内容": "訪問介護　ありが園【訪問介護】茨城県ひたちなか市東石川3159-18　2階", "url2": "https://www.kaigokensaku.mhlw.go.jp/08/index.php?action_kouhyou_detail_004_kani=true&JigyosyoCd=0872102579-00&ServiceCd=110&Type=search" }, "geometry": { "type": "Point", "coordinates": [ 140.537526698436409, 36.418219033559922 ] } },
{ "type": "Feature", "properties": { "内容": "指定訪問介護事業所はるのさと【訪問介護】茨城県ひたちなか市堀口79番地2", "url2": "https://www.kaigokensaku.mhlw.go.jp/08/index.php?action_kouhyou_detail_004_kani=true&JigyosyoCd=0872102405-00&ServiceCd=110&Type=search" }, "geometry": { "type": "Point", "coordinates": [ 140.510784143439992, 36.389432371856095 ] } },
{ "type": "Feature", "properties": { "内容": "恵苑ホームヘルプサービスステーション【訪問介護】茨城県ひたちなか市烏ヶ台11836－1", "url2": "https://www.kaigokensaku.mhlw.go.jp/08/index.php?action_kouhyou_detail_004_kani=true&JigyosyoCd=0872100136-00&ServiceCd=110&Type=search" }, "geometry": { "type": "Point", "coordinates": [ 140.60044419999997, 36.3677417 ] } },
{ "type": "Feature", "properties": { "内容": "セントケアひたちなか【訪問介護】茨城県ひたちなか市東石川3367-1浜田ビルＢ号", "url2": "https://www.kaigokensaku.mhlw.go.jp/08/index.php?action_kouhyou_detail_004_kani=true&JigyosyoCd=0872101217-00&ServiceCd=110&Type=search" }, "geometry": { "type": "Point", "coordinates": [ 140.538230938823602, 36.404363259147402 ] } },
{ "type": "Feature", "properties": { "内容": "訪問介護ケアレジデンスひたちなか【訪問介護】茨城県ひたちなか市大字東石川3527-4田彦ハイツA棟101号室", "url2": "https://www.kaigokensaku.mhlw.go.jp/08/index.php?action_kouhyou_detail_004_kani=true&JigyosyoCd=0872102389-00&ServiceCd=110&Type=search" }, "geometry": { "type": "Point", "coordinates": [ 140.5235659, 36.4116844 ] } },
{ "type": "Feature", "properties": { "内容": "医心館訪問介護ステーションひたちなか【訪問介護】茨城県ひたちなか市外野一丁目35番20号", "url2": "https://www.kaigokensaku.mhlw.go.jp/08/index.php?action_kouhyou_detail_004_kani=true&JigyosyoCd=0872102595-00&ServiceCd=110&Type=search" }, "geometry": { "type": "Point", "coordinates": [ 140.5384674, 36.406616 ] } },
{ "type": "Feature", "properties": { "内容": "訪問介護いっしんひたちなか【訪問介護】茨城県ひたちなか市大成町49-14", "url2": "https://www.kaigokensaku.mhlw.go.jp/08/index.php?action_kouhyou_detail_004_kani=true&JigyosyoCd=0872101928-00&ServiceCd=110&Type=search" }, "geometry": { "type": "Point", "coordinates": [ 140.540020899999945, 36.3871282 ] } },
{ "type": "Feature", "properties": { "内容": "ウエルシア介護サービスひたちなか【訪問介護】茨城県ひたちなか市中根3361-1", "url2": "https://www.kaigokensaku.mhlw.go.jp/08/index.php?action_kouhyou_detail_004_kani=true&JigyosyoCd=0872100318-00&ServiceCd=110&Type=search" }, "geometry": { "type": "Point", "coordinates": [ 140.574511300000012, 36.3804159 ] } },
{ "type": "Feature", "properties": { "内容": "ひたちなか介護ステ－ション【訪問介護】茨城県ひたちなか市東石川3丁目28-10", "url2": "https://www.kaigokensaku.mhlw.go.jp/08/index.php?action_kouhyou_detail_004_kani=true&JigyosyoCd=0872100342-00&ServiceCd=110&Type=search" }, "geometry": { "type": "Point", "coordinates": [ 140.534168709549874, 36.389112164941515 ] } },
{ "type": "Feature", "properties": { "内容": "訪問介護庵の家【訪問介護】高場1557-21", "url2": "https://www.kaigokensaku.mhlw.go.jp/08/index.php?action_kouhyou_detail_004_kani=true&JigyosyoCd=0872102181-00&ServiceCd=110&Type=search" }, "geometry": { "type": "Point", "coordinates": [ 140.5427393, 36.4206889 ] } },
{ "type": "Feature", "properties": { "内容": "ケアサポート暖々【訪問介護】茨城県ひたちなか市足崎１４５７－１５９", "url2": "https://www.kaigokensaku.mhlw.go.jp/08/index.php?action_kouhyou_detail_004_kani=true&JigyosyoCd=0872101746-00&ServiceCd=110&Type=search" }, "geometry": { "type": "Point", "coordinates": [ 140.553396485935991, 36.411610260032816 ] } },
{ "type": "Feature", "properties": { "内容": "訪問介護サービスセンター北勝園【訪問介護】茨城県ひたちなか市津田2093-1", "url2": "https://www.kaigokensaku.mhlw.go.jp/08/index.php?action_kouhyou_detail_004_kani=true&JigyosyoCd=0872100185-00&ServiceCd=110&Type=search" }, "geometry": { "type": "Point", "coordinates": [ 140.4922105, 36.4055704 ] } },
{ "type": "Feature", "properties": { "内容": "ご長寿くらぶ東石川訪問介護事業所【訪問介護】茨城県ひたちなか市西光地2-18-1", "url2": "https://www.kaigokensaku.mhlw.go.jp/08/index.php?action_kouhyou_detail_004_kani=true&JigyosyoCd=0872101688-00&ServiceCd=110&Type=search" }, "geometry": { "type": "Point", "coordinates": [ 140.531763291712849, 36.416354940204513 ] } },
{ "type": "Feature", "properties": { "内容": "ご長寿くらぶ佐和　訪問介護事業所【訪問介護】茨城県ひたちなか市大字高場字道脇988-8", "url2": "https://www.kaigokensaku.mhlw.go.jp/08/index.php?action_kouhyou_detail_004_kani=true&JigyosyoCd=0872101886-00&ServiceCd=110&Type=search" }, "geometry": { "type": "Point", "coordinates": [ 140.531655164225299, 36.429190402259856 ] } },
{ "type": "Feature", "properties": { "内容": "有限会社　ソフト・ケア【訪問介護】茨城県ひたちなか市馬渡　2758-1", "url2": "https://www.kaigokensaku.mhlw.go.jp/08/index.php?action_kouhyou_detail_004_kani=true&JigyosyoCd=0872100292-00&ServiceCd=110&Type=search" }, "geometry": { "type": "Point", "coordinates": [ 140.565686599999907, 36.3971736 ] } },
{ "type": "Feature", "properties": { "内容": "ルアル訪問介護　ひたちなか【訪問介護】41-1", "url2": "https://www.kaigokensaku.mhlw.go.jp/08/index.php?action_kouhyou_detail_004_kani=true&JigyosyoCd=0872101654-00&ServiceCd=110&Type=search" }, "geometry": { "type": "Point", "coordinates": [ 139.692638, 35.7707719 ] } },
{ "type": "Feature", "properties": { "内容": "フロイデひたちなかホームヘルパーステーション【訪問介護】足崎1474-8　フロイデひたちなかメディカルプラザ内フロイデひたちなかメディカルプラザ", "url2": "https://www.kaigokensaku.mhlw.go.jp/08/index.php?action_kouhyou_detail_004_kani=true&JigyosyoCd=0872102421-00&ServiceCd=110&Type=search" }, "geometry": { "type": "Point", "coordinates": [ 140.552857325656106, 36.4040607526846 ] } },
{ "type": "Feature", "properties": { "内容": "バンビケア【訪問介護】東石川3-21-27", "url2": "https://www.kaigokensaku.mhlw.go.jp/08/index.php?action_kouhyou_detail_004_kani=true&JigyosyoCd=0872102603-00&ServiceCd=110&Type=search" }, "geometry": { "type": "Point", "coordinates": [ 140.534270104076228, 36.394727708050851 ] } },
{ "type": "Feature", "properties": { "内容": "訪問介護ステーションルリエ【訪問介護】茨城県鹿嶋市小山1033-39", "url2": "https://www.kaigokensaku.mhlw.go.jp/08/index.php?action_kouhyou_detail_004_kani=true&JigyosyoCd=0872200951-00&ServiceCd=110&Type=search" }, "geometry": { "type": "Point", "coordinates": [ 140.627949849288058, 36.008313728460834 ] } },
{ "type": "Feature", "properties": { "内容": "在宅ケアセンターライフｉｎたかおざき　ホームヘルプサービス【訪問介護】茨城県鹿嶋市平井1350-332", "url2": "https://www.kaigokensaku.mhlw.go.jp/08/index.php?action_kouhyou_detail_004_kani=true&JigyosyoCd=0872200068-00&ServiceCd=110&Type=search" }, "geometry": { "type": "Point", "coordinates": [ 140.659983499999953, 35.9593344 ] } },
{ "type": "Feature", "properties": { "内容": "特定非営利活動法人　はーとふる【訪問介護】茨城県鹿嶋市大字宮中5279-19", "url2": "https://www.kaigokensaku.mhlw.go.jp/08/index.php?action_kouhyou_detail_004_kani=true&JigyosyoCd=0872201090-00&ServiceCd=110&Type=search" }, "geometry": { "type": "Point", "coordinates": [ 140.6424123, 35.9660336 ] } },
{ "type": "Feature", "properties": { "内容": "訪問介護事業所クローバー【訪問介護】茨城県鹿嶋市荒野1571-42", "url2": "https://www.kaigokensaku.mhlw.go.jp/08/index.php?action_kouhyou_detail_004_kani=true&JigyosyoCd=0872201058-00&ServiceCd=110&Type=search" }, "geometry": { "type": "Point", "coordinates": [ 140.624187624449632, 36.014563218853105 ] } },
{ "type": "Feature", "properties": { "内容": "ひまわり鹿嶋事業所【訪問介護】茨城県鹿嶋市荒野94-1", "url2": "https://www.kaigokensaku.mhlw.go.jp/08/index.php?action_kouhyou_detail_004_kani=true&JigyosyoCd=0872200936-00&ServiceCd=110&Type=search" }, "geometry": { "type": "Point", "coordinates": [ 140.638170299999956, 36.018318 ] } },
{ "type": "Feature", "properties": { "内容": "鹿嶋ふれあいヘルプサービス【訪問介護】茨城県鹿嶋市宮中2030-1", "url2": "https://www.kaigokensaku.mhlw.go.jp/08/index.php?action_kouhyou_detail_004_kani=true&JigyosyoCd=0872200746-00&ServiceCd=110&Type=search" }, "geometry": { "type": "Point", "coordinates": [ 140.6453143, 35.9679097 ] } },
{ "type": "Feature", "properties": { "内容": "与市訪問介護【訪問介護】茨城県鹿嶋市宮中290-2-101SASビル", "url2": "https://www.kaigokensaku.mhlw.go.jp/08/index.php?action_kouhyou_detail_004_kani=true&JigyosyoCd=0872201082-00&ServiceCd=110&Type=search" }, "geometry": { "type": "Point", "coordinates": [ 140.643100299999986, 35.9592919 ] } },
{ "type": "Feature", "properties": { "内容": "ニチイケアセンター鹿嶋【訪問介護】茨城県鹿嶋市鉢形台2-1-3三廣ビル2階", "url2": "https://www.kaigokensaku.mhlw.go.jp/08/index.php?action_kouhyou_detail_004_kani=true&JigyosyoCd=0872200084-00&ServiceCd=110&Type=search" }, "geometry": { "type": "Point", "coordinates": [ 140.646771, 35.9620368 ] } },
{ "type": "Feature", "properties": { "内容": "ウエルシア介護サービス鹿嶋【訪問介護】茨城県鹿嶋市宮中字東山289-1", "url2": "https://www.kaigokensaku.mhlw.go.jp/08/index.php?action_kouhyou_detail_004_kani=true&JigyosyoCd=0872200456-00&ServiceCd=110&Type=search" }, "geometry": { "type": "Point", "coordinates": [ 140.642802500000016, 35.9627497 ] } },
{ "type": "Feature", "properties": { "内容": "家族の家ひまわり潮来訪問介護事業所【訪問介護】茨城県潮来市日の出7-9-22", "url2": "https://www.kaigokensaku.mhlw.go.jp/08/index.php?action_kouhyou_detail_004_kani=true&JigyosyoCd=0872300454-00&ServiceCd=110&Type=search" }, "geometry": { "type": "Point", "coordinates": [ 140.5672716, 35.9369628 ] } },
{ "type": "Feature", "properties": { "内容": "訪問介護事業所　千縁【訪問介護】茨城県潮来市牛堀707-3", "url2": "https://www.kaigokensaku.mhlw.go.jp/08/index.php?action_kouhyou_detail_004_kani=true&JigyosyoCd=0872300470-00&ServiceCd=110&Type=search" }, "geometry": { "type": "Point", "coordinates": [ 140.5187745, 35.9634062 ] } },
{ "type": "Feature", "properties": { "内容": "有限会社　仁友介護サービス【訪問介護】茨城県潮来市永山７３３－１", "url2": "https://www.kaigokensaku.mhlw.go.jp/08/index.php?action_kouhyou_detail_004_kani=true&JigyosyoCd=0872300082-00&ServiceCd=110&Type=search" }, "geometry": { "type": "Point", "coordinates": [ 140.509042249073786, 35.96483751130787 ] } },
{ "type": "Feature", "properties": { "内容": "潮来市社協　指定訪問介護事業所【訪問介護】茨城県潮来市辻７６５番地潮来市保健センター", "url2": "https://www.kaigokensaku.mhlw.go.jp/08/index.php?action_kouhyou_detail_004_kani=true&JigyosyoCd=0872300017-00&ServiceCd=110&Type=search" }, "geometry": { "type": "Point", "coordinates": [ 140.556155499999932, 35.949478 ] } },
{ "type": "Feature", "properties": { "内容": "銀杏の木【訪問介護】茨城県潮来市延方4945", "url2": "https://www.kaigokensaku.mhlw.go.jp/08/index.php?action_kouhyou_detail_004_kani=true&JigyosyoCd=0872300462-00&ServiceCd=110&Type=search" }, "geometry": { "type": "Point", "coordinates": [ 140.6056795, 35.9362701 ] } },
{ "type": "Feature", "properties": { "内容": "アネシス指定訪問介護事業所【訪問介護】茨城県守谷市薬師台2-16-3", "url2": "https://www.kaigokensaku.mhlw.go.jp/08/index.php?action_kouhyou_detail_004_kani=true&JigyosyoCd=0872400213-00&ServiceCd=110&Type=search" }, "geometry": { "type": "Point", "coordinates": [ 139.967444300000011, 35.9626608 ] } },
{ "type": "Feature", "properties": { "内容": "ひばりの訪問介護【訪問介護】松前台7-13-10", "url2": "https://www.kaigokensaku.mhlw.go.jp/08/index.php?action_kouhyou_detail_004_kani=true&JigyosyoCd=0872400809-00&ServiceCd=110&Type=search" }, "geometry": { "type": "Point", "coordinates": [ 139.959263420762625, 35.974330582160405 ] } },
{ "type": "Feature", "properties": { "内容": "ニチイケアセンターけやき台【訪問介護】けやき台二丁目1－２デザインスペース南守谷1", "url2": "https://www.kaigokensaku.mhlw.go.jp/08/index.php?action_kouhyou_detail_004_kani=true&JigyosyoCd=0872400981-00&ServiceCd=110&Type=search" }, "geometry": { "type": "Point", "coordinates": [ 140.0014718, 35.9326349 ] } },
{ "type": "Feature", "properties": { "内容": "指定訪問介護事業所　コスモス【訪問介護】守谷市松並　1630-1", "url2": "https://www.kaigokensaku.mhlw.go.jp/08/index.php?action_kouhyou_detail_004_kani=true&JigyosyoCd=0872400072-00&ServiceCd=110&Type=search" }, "geometry": { "type": "Point", "coordinates": [ 139.9987572, 35.9560168 ] } },
{ "type": "Feature", "properties": { "内容": "㈱長寿館訪問介護事業所　守谷【訪問介護】茨城県守谷市松前台4-2-1", "url2": "https://www.kaigokensaku.mhlw.go.jp/08/index.php?action_kouhyou_detail_004_kani=true&JigyosyoCd=0872401195-00&ServiceCd=110&Type=search" }, "geometry": { "type": "Point", "coordinates": [ 139.975572, 35.9515333 ] } },
{ "type": "Feature", "properties": { "内容": "訪問介護いっしん守谷【訪問介護】茨城県守谷市本町3294-2", "url2": "https://www.kaigokensaku.mhlw.go.jp/08/index.php?action_kouhyou_detail_004_kani=true&JigyosyoCd=0872400718-00&ServiceCd=110&Type=search" }, "geometry": { "type": "Point", "coordinates": [ 139.999319799999967, 35.9393979 ] } },
{ "type": "Feature", "properties": { "内容": "訪問介護事業所　健幸【訪問介護】茨城県守谷市立沢197-104エンゼルハイツ101", "url2": "https://www.kaigokensaku.mhlw.go.jp/08/index.php?action_kouhyou_detail_004_kani=true&JigyosyoCd=0872401146-00&ServiceCd=110&Type=search" }, "geometry": { "type": "Point", "coordinates": [ 139.977044036106861, 35.952164042032031 ] } },
{ "type": "Feature", "properties": { "内容": "訪問介護ケアパーク守谷【訪問介護】茨城県守谷市薬師台6-7-1", "url2": "https://www.kaigokensaku.mhlw.go.jp/08/index.php?action_kouhyou_detail_004_kani=true&JigyosyoCd=0872400742-00&ServiceCd=110&Type=search" }, "geometry": { "type": "Point", "coordinates": [ 139.9636486, 35.9603484 ] } },
{ "type": "Feature", "properties": { "内容": "守谷市社協ヘルパーステーション【訪問介護】茨城県守谷市大柏９５４－３いきいきプラザ・げんき館内", "url2": "https://www.kaigokensaku.mhlw.go.jp/08/index.php?action_kouhyou_detail_004_kani=true&JigyosyoCd=0872400080-00&ServiceCd=110&Type=search" }, "geometry": { "type": "Point", "coordinates": [ 139.9767229, 35.9508757 ] } },
{ "type": "Feature", "properties": { "内容": "合同会社たけのこ会【訪問介護】茨城県守谷市松ケ丘5-34-8ハイツ恵105号室", "url2": "https://www.kaigokensaku.mhlw.go.jp/08/index.php?action_kouhyou_detail_004_kani=true&JigyosyoCd=0872401138-00&ServiceCd=110&Type=search" }, "geometry": { "type": "Point", "coordinates": [ 139.9806374, 35.9441306 ] } },
{ "type": "Feature", "properties": { "内容": "訪問介護ステーション　サングリ－ンピア大宮【訪問介護】茨城県常陸大宮市若林952-1", "url2": "https://www.kaigokensaku.mhlw.go.jp/08/index.php?action_kouhyou_detail_004_kani=true&JigyosyoCd=0872500426-00&ServiceCd=110&Type=search" }, "geometry": { "type": "Point", "coordinates": [ 140.383412600000014, 36.5442739 ] } },
{ "type": "Feature", "properties": { "内容": "訪問介護サービス事業所　森のクマさん　常陸大宮店【訪問介護】抽ケ台町2906-6", "url2": "https://www.kaigokensaku.mhlw.go.jp/08/index.php?action_kouhyou_detail_004_kani=true&JigyosyoCd=0872500350-00&ServiceCd=110&Type=search" }, "geometry": { "type": "Point", "coordinates": [ 140.402801899999986, 36.5478174 ] } },
{ "type": "Feature", "properties": { "内容": "ニチイケアセンター常陸大宮【訪問介護】茨城県常陸大宮市下村田2456-1カーサＭＩＷＡ103号室", "url2": "https://www.kaigokensaku.mhlw.go.jp/08/index.php?action_kouhyou_detail_004_kani=true&JigyosyoCd=0872500517-00&ServiceCd=110&Type=search" }, "geometry": { "type": "Point", "coordinates": [ 140.4291945, 36.5250622 ] } },
{ "type": "Feature", "properties": { "内容": "医療法人法人芳栄会　ヘルパーステーションわかば【訪問介護】茨城県常陸大宮市宇留野3109", "url2": "https://www.kaigokensaku.mhlw.go.jp/08/index.php?action_kouhyou_detail_004_kani=true&JigyosyoCd=0872500558-00&ServiceCd=110&Type=search" }, "geometry": { "type": "Point", "coordinates": [ 140.4183009, 36.543846 ] } },
{ "type": "Feature", "properties": { "内容": "おおみやホームヘルパーステーション【訪問介護】茨城県常陸大宮市上町３２１番地", "url2": "https://www.kaigokensaku.mhlw.go.jp/08/index.php?action_kouhyou_detail_004_kani=true&JigyosyoCd=0873300289-00&ServiceCd=110&Type=search" }, "geometry": { "type": "Point", "coordinates": [ 140.412728390599113, 36.549220827624595 ] } },
{ "type": "Feature", "properties": { "内容": "みわ訪問介護事業所【訪問介護】茨城県常陸大宮市鷲子２０２３－２", "url2": "https://www.kaigokensaku.mhlw.go.jp/08/index.php?action_kouhyou_detail_004_kani=true&JigyosyoCd=0872500483-00&ServiceCd=110&Type=search" }, "geometry": { "type": "Point", "coordinates": [ 140.2430733, 36.6648195 ] } },
{ "type": "Feature", "properties": { "内容": "訪問介護ステーションドルフィン【訪問介護】常陸大宮市泉497-1", "url2": "https://www.kaigokensaku.mhlw.go.jp/08/index.php?action_kouhyou_detail_004_kani=true&JigyosyoCd=0873300826-00&ServiceCd=110&Type=search" }, "geometry": { "type": "Point", "coordinates": [ 140.425439099999949, 36.528401 ] } },
{ "type": "Feature", "properties": { "内容": "ごぜんやまホームヘルパーステーション【訪問介護】茨城県常陸大宮市野口平146-1", "url2": "https://www.kaigokensaku.mhlw.go.jp/08/index.php?action_kouhyou_detail_004_kani=true&JigyosyoCd=0873100689-00&ServiceCd=110&Type=search" }, "geometry": { "type": "Point", "coordinates": [ 140.3383384, 36.5581032 ] } },
{ "type": "Feature", "properties": { "内容": "ヘルパーステーションあおいとり【訪問介護】茨城県那珂市菅谷３９１２－３", "url2": "https://www.kaigokensaku.mhlw.go.jp/08/index.php?action_kouhyou_detail_004_kani=true&JigyosyoCd=0873300545-00&ServiceCd=110&Type=search" }, "geometry": { "type": "Point", "coordinates": [ 140.458277772660807, 36.454470936179234 ] } },
{ "type": "Feature", "properties": { "内容": "ヘルパーステーション　なみき【訪問介護】茨城県那珂市中台481-7", "url2": "https://www.kaigokensaku.mhlw.go.jp/08/index.php?action_kouhyou_detail_004_kani=true&JigyosyoCd=0872600119-00&ServiceCd=110&Type=search" }, "geometry": { "type": "Point", "coordinates": [ 140.478583599999979, 36.4131095 ] } },
{ "type": "Feature", "properties": { "内容": "ナザレ園訪問介護事業所【訪問介護】茨城県那珂市中里　361番地2", "url2": "https://www.kaigokensaku.mhlw.go.jp/08/index.php?action_kouhyou_detail_004_kani=true&JigyosyoCd=0873300230-00&ServiceCd=110&Type=search" }, "geometry": { "type": "Point", "coordinates": [ 140.456263300000046, 36.4843146 ] } },
{ "type": "Feature", "properties": { "内容": "ヘルパーステーション1up【訪問介護】茨城県那珂市菅谷6151番地", "url2": "https://www.kaigokensaku.mhlw.go.jp/08/index.php?action_kouhyou_detail_004_kani=true&JigyosyoCd=0872600648-00&ServiceCd=110&Type=search" }, "geometry": { "type": "Point", "coordinates": [ 140.490334252570619, 36.444697177808784 ] } },
{ "type": "Feature", "properties": { "内容": "訪問介護サービスぽおの【訪問介護】茨城県那珂市堤211", "url2": "https://www.kaigokensaku.mhlw.go.jp/08/index.php?action_kouhyou_detail_004_kani=true&JigyosyoCd=0872600689-00&ServiceCd=110&Type=search" }, "geometry": { "type": "Point", "coordinates": [ 140.5152654, 36.4505502 ] } },
{ "type": "Feature", "properties": { "内容": "ウエルシア介護サービス那珂【訪問介護】茨城県那珂市竹ノ内3-7-3", "url2": "https://www.kaigokensaku.mhlw.go.jp/08/index.php?action_kouhyou_detail_004_kani=true&JigyosyoCd=0872600127-00&ServiceCd=110&Type=search" }, "geometry": { "type": "Point", "coordinates": [ 140.50196649999998, 36.4475593 ] } },
{ "type": "Feature", "properties": { "内容": "訪問介護ステーション「のぞみ」【訪問介護】茨城県那珂市菅谷６０５", "url2": "https://www.kaigokensaku.mhlw.go.jp/08/index.php?action_kouhyou_detail_004_kani=true&JigyosyoCd=0873300537-00&ServiceCd=110&Type=search" }, "geometry": { "type": "Point", "coordinates": [ 140.496483399999988, 36.460527 ] } },
{ "type": "Feature", "properties": { "内容": "在宅介護サービス　えくぼ【訪問介護】茨城県那珂市後台1495-1", "url2": "https://www.kaigokensaku.mhlw.go.jp/08/index.php?action_kouhyou_detail_004_kani=true&JigyosyoCd=0873300875-00&ServiceCd=110&Type=search" }, "geometry": { "type": "Point", "coordinates": [ 140.479140384317049, 36.423140015738447 ] } },
{ "type": "Feature", "properties": { "内容": "訪問介護ぽっかぽか【訪問介護】茨城県那珂市菅谷964-1サービス付き高齢者向け住宅　ファミーユぽっかぽか", "url2": "https://www.kaigokensaku.mhlw.go.jp/08/index.php?action_kouhyou_detail_004_kani=true&JigyosyoCd=0872600440-00&ServiceCd=110&Type=search" }, "geometry": { "type": "Point", "coordinates": [ 140.511602586630232, 36.448915496134994 ] } },
{ "type": "Feature", "properties": { "内容": "訪問介護サービスいきいき【訪問介護】茨城県　那珂市　瓜連　１７４０", "url2": "https://www.kaigokensaku.mhlw.go.jp/08/index.php?action_kouhyou_detail_004_kani=true&JigyosyoCd=0872600259-00&ServiceCd=110&Type=search" }, "geometry": { "type": "Point", "coordinates": [ 140.448749275393681, 36.504091480274326 ] } },
{ "type": "Feature", "properties": { "内容": "ヘルパーステーションふくら愛【訪問介護】茨城県那珂市中台750-5", "url2": "https://www.kaigokensaku.mhlw.go.jp/08/index.php?action_kouhyou_detail_004_kani=true&JigyosyoCd=0872600606-00&ServiceCd=110&Type=search" }, "geometry": { "type": "Point", "coordinates": [ 140.4848365, 36.4102356 ] } },
{ "type": "Feature", "properties": { "内容": "訪問介護事業所　ごだい【訪問介護】茨城県那珂市後台２０４５－４", "url2": "https://www.kaigokensaku.mhlw.go.jp/08/index.php?action_kouhyou_detail_004_kani=true&JigyosyoCd=0873300362-00&ServiceCd=110&Type=search" }, "geometry": { "type": "Point", "coordinates": [ 140.4753581, 36.437993 ] } },
{ "type": "Feature", "properties": { "内容": "介護サービス優雨【訪問介護】茨城県筑西市門井1920番地7", "url2": "https://www.kaigokensaku.mhlw.go.jp/08/index.php?action_kouhyou_detail_004_kani=true&JigyosyoCd=0872700620-00&ServiceCd=110&Type=search" }, "geometry": { "type": "Point", "coordinates": [ 140.032542400000011, 36.32977 ] } },
{ "type": "Feature", "properties": { "内容": "株式会社ほーむけあいしやま指定訪問介護事業所【訪問介護】茨城県筑西市玉戸1602-10", "url2": "https://www.kaigokensaku.mhlw.go.jp/08/index.php?action_kouhyou_detail_004_kani=true&JigyosyoCd=0870600178-00&ServiceCd=110&Type=search" }, "geometry": { "type": "Point", "coordinates": [ 139.956746100000032, 36.274575 ] } },
{ "type": "Feature", "properties": { "内容": "ケアネスやすらぎ【訪問介護】筑西市二木成1351", "url2": "https://www.kaigokensaku.mhlw.go.jp/08/index.php?action_kouhyou_detail_004_kani=true&JigyosyoCd=0870600368-00&ServiceCd=110&Type=search" }, "geometry": { "type": "Point", "coordinates": [ 139.9771125, 36.3002817 ] } },
{ "type": "Feature", "properties": { "内容": "訪問介護事業所　ぴーぷる【訪問介護】茨城県筑西市藤ヶ谷６９５－９", "url2": "https://www.kaigokensaku.mhlw.go.jp/08/index.php?action_kouhyou_detail_004_kani=true&JigyosyoCd=0870600434-00&ServiceCd=110&Type=search" }, "geometry": { "type": "Point", "coordinates": [ 139.973846203876462, 36.297825405470043 ] } },
{ "type": "Feature", "properties": { "内容": "ケアステーションたいよう【訪問介護】茨城県筑西市岡芹953-7", "url2": "https://www.kaigokensaku.mhlw.go.jp/08/index.php?action_kouhyou_detail_004_kani=true&JigyosyoCd=0872701172-00&ServiceCd=110&Type=search" }, "geometry": { "type": "Point", "coordinates": [ 139.974938400000013, 36.3174711 ] } },
{ "type": "Feature", "properties": { "内容": "在宅介護サービス　ふれんず【訪問介護】茨城県筑西市甲536", "url2": "https://www.kaigokensaku.mhlw.go.jp/08/index.php?action_kouhyou_detail_004_kani=true&JigyosyoCd=0872700331-00&ServiceCd=110&Type=search" }, "geometry": { "type": "Point", "coordinates": [ 139.976541899999972, 36.3169385 ] } },
{ "type": "Feature", "properties": { "内容": "杏花指定訪問介護事業所【訪問介護】茨城県筑西市木戸332-1", "url2": "https://www.kaigokensaku.mhlw.go.jp/08/index.php?action_kouhyou_detail_004_kani=true&JigyosyoCd=0872700307-00&ServiceCd=110&Type=search" }, "geometry": { "type": "Point", "coordinates": [ 139.977801199999931, 36.2438601 ] } },
{ "type": "Feature", "properties": { "内容": "有限会社ホームケアサービスほほえみ【訪問介護】茨城県筑西市樋口34", "url2": "https://www.kaigokensaku.mhlw.go.jp/08/index.php?action_kouhyou_detail_004_kani=true&JigyosyoCd=0870600350-00&ServiceCd=110&Type=search" }, "geometry": { "type": "Point", "coordinates": [ 139.975593586508239, 36.371125103050353 ] } },
{ "type": "Feature", "properties": { "内容": "在宅支援サービス　みんなの家【訪問介護】茨城県筑西市関本下１７５３－１", "url2": "https://www.kaigokensaku.mhlw.go.jp/08/index.php?action_kouhyou_detail_004_kani=true&JigyosyoCd=0872700604-00&ServiceCd=110&Type=search" }, "geometry": { "type": "Point", "coordinates": [ 139.9163619, 36.2503399 ] } },
{ "type": "Feature", "properties": { "内容": "ニチイケアセンター　下館【訪問介護】茨城県筑西市下中山406ロイヤルマンション1F", "url2": "https://www.kaigokensaku.mhlw.go.jp/08/index.php?action_kouhyou_detail_004_kani=true&JigyosyoCd=0870600228-00&ServiceCd=110&Type=search" }, "geometry": { "type": "Point", "coordinates": [ 139.987834099999986, 36.304103 ] } },
{ "type": "Feature", "properties": { "内容": "在宅介護事業所　ほ～む【訪問介護】茨城県筑西市藤ヶ谷１８５８－４３", "url2": "https://www.kaigokensaku.mhlw.go.jp/08/index.php?action_kouhyou_detail_004_kani=true&JigyosyoCd=0872700471-00&ServiceCd=110&Type=search" }, "geometry": { "type": "Point", "coordinates": [ 139.956056499999988, 36.2658123 ] } },
{ "type": "Feature", "properties": { "内容": "介護事業所ひだまり【訪問介護】茨城県筑西市二木成1551板橋ハイツ１-102", "url2": "https://www.kaigokensaku.mhlw.go.jp/08/index.php?action_kouhyou_detail_004_kani=true&JigyosyoCd=0872700992-00&ServiceCd=110&Type=search" }, "geometry": { "type": "Point", "coordinates": [ 139.9790261, 36.2981493 ] } },
{ "type": "Feature", "properties": { "内容": "ホームケアOHANA【訪問介護】茨城県筑西市樋口1300番地91", "url2": "https://www.kaigokensaku.mhlw.go.jp/08/index.php?action_kouhyou_detail_004_kani=true&JigyosyoCd=0872701255-00&ServiceCd=110&Type=search" }, "geometry": { "type": "Point", "coordinates": [ 139.9725741, 36.3530426 ] } },
{ "type": "Feature", "properties": { "内容": "ケアサポート　おおよし【訪問介護】茨城県筑西市藤ヶ谷1303", "url2": "https://www.kaigokensaku.mhlw.go.jp/08/index.php?action_kouhyou_detail_004_kani=true&JigyosyoCd=0872700828-00&ServiceCd=110&Type=search" }, "geometry": { "type": "Point", "coordinates": [ 139.958581575934232, 36.2536780379588 ] } },
{ "type": "Feature", "properties": { "内容": "ウエルシア介護サービス下館【訪問介護】茨城県筑西市下野殿795-1", "url2": "https://www.kaigokensaku.mhlw.go.jp/08/index.php?action_kouhyou_detail_004_kani=true&JigyosyoCd=0870600236-00&ServiceCd=110&Type=search" }, "geometry": { "type": "Point", "coordinates": [ 139.971593599999977, 36.270172 ] } },
{ "type": "Feature", "properties": { "内容": "ヘルパーステーション陽日【訪問介護】茨城県筑西市稲野辺306-2メルハウスA-2", "url2": "https://www.kaigokensaku.mhlw.go.jp/08/index.php?action_kouhyou_detail_004_kani=true&JigyosyoCd=0872701214-00&ServiceCd=110&Type=search" }, "geometry": { "type": "Point", "coordinates": [ 139.9813005, 36.3163553 ] } },
{ "type": "Feature", "properties": { "内容": "恒幸園ヘルパーステーション【訪問介護】茨城県筑西市向川澄98-1", "url2": "https://www.kaigokensaku.mhlw.go.jp/08/index.php?action_kouhyou_detail_004_kani=true&JigyosyoCd=0874100571-00&ServiceCd=110&Type=search" }, "geometry": { "type": "Point", "coordinates": [ 140.012676526983654, 36.32935541196931 ] } },
{ "type": "Feature", "properties": { "内容": "さくら・介護ステーション清風高校前【訪問介護】茨城県坂東市岩井4498-9", "url2": "https://www.kaigokensaku.mhlw.go.jp/08/index.php?action_kouhyou_detail_004_kani=true&JigyosyoCd=0872800511-00&ServiceCd=110&Type=search" }, "geometry": { "type": "Point", "coordinates": [ 139.890735478168153, 36.046251744935105 ] } },
{ "type": "Feature", "properties": { "内容": "訪問介護にじいろ【訪問介護】茨城県坂東市長谷689-3", "url2": "https://www.kaigokensaku.mhlw.go.jp/08/index.php?action_kouhyou_detail_004_kani=true&JigyosyoCd=0872800552-00&ServiceCd=110&Type=search" }, "geometry": { "type": "Point", "coordinates": [ 139.8780879, 36.0368167 ] } },
{ "type": "Feature", "properties": { "内容": "つむぎ訪問介護センター【訪問介護】茨城県坂東市沓掛2524-2", "url2": "https://www.kaigokensaku.mhlw.go.jp/08/index.php?action_kouhyou_detail_004_kani=true&JigyosyoCd=0872800537-00&ServiceCd=110&Type=search" }, "geometry": { "type": "Point", "coordinates": [ 139.899974143377676, 36.107519433805429 ] } },
{ "type": "Feature", "properties": { "内容": "介護支援センター　あさひ【訪問介護】茨城県坂東市幸田367", "url2": "https://www.kaigokensaku.mhlw.go.jp/08/index.php?action_kouhyou_detail_004_kani=true&JigyosyoCd=0872800255-00&ServiceCd=110&Type=search" }, "geometry": { "type": "Point", "coordinates": [ 139.901267499999989, 36.0549057 ] } },
{ "type": "Feature", "properties": { "内容": "水郷エスコート【訪問介護】茨城県稲敷市上之島2476", "url2": "https://www.kaigokensaku.mhlw.go.jp/08/index.php?action_kouhyou_detail_004_kani=true&JigyosyoCd=0872900345-00&ServiceCd=110&Type=search" }, "geometry": { "type": "Point", "coordinates": [ 140.47786080000003, 35.9313096 ] } },
{ "type": "Feature", "properties": { "内容": "訪問介護いなしき【訪問介護】茨城県稲敷市光葉2番地7", "url2": "https://www.kaigokensaku.mhlw.go.jp/08/index.php?action_kouhyou_detail_004_kani=true&JigyosyoCd=0872900121-00&ServiceCd=110&Type=search" }, "geometry": { "type": "Point", "coordinates": [ 140.387291600000026, 35.9424294 ] } },
{ "type": "Feature", "properties": { "内容": "社会福祉法人　稲敷市社会福祉協議会　訪問介護事業所【訪問介護】茨城県稲敷市江戸崎甲１９９２番地", "url2": "https://www.kaigokensaku.mhlw.go.jp/08/index.php?action_kouhyou_detail_004_kani=true&JigyosyoCd=0872900022-00&ServiceCd=110&Type=search" }, "geometry": { "type": "Point", "coordinates": [ 140.315089, 35.9613392 ] } },
{ "type": "Feature", "properties": { "内容": "けあビジョンホーム稲敷訪問介護【訪問介護】茨城県稲敷市江戸崎甲373番2", "url2": "https://www.kaigokensaku.mhlw.go.jp/08/index.php?action_kouhyou_detail_004_kani=true&JigyosyoCd=0872900550-00&ServiceCd=110&Type=search" }, "geometry": { "type": "Point", "coordinates": [ 140.3168612, 35.9598376 ] } },
{ "type": "Feature", "properties": { "内容": "指定訪問介護事業所水郷荘【訪問介護】茨城県稲敷市幸田1252", "url2": "https://www.kaigokensaku.mhlw.go.jp/08/index.php?action_kouhyou_detail_004_kani=true&JigyosyoCd=0873800262-00&ServiceCd=110&Type=search" }, "geometry": { "type": "Point", "coordinates": [ 140.38690280000003, 35.9408101 ] } },
{ "type": "Feature", "properties": { "内容": "訪問介護うさぎ【訪問介護】茨城県稲敷市福田１５９７番地", "url2": "https://www.kaigokensaku.mhlw.go.jp/08/index.php?action_kouhyou_detail_004_kani=true&JigyosyoCd=0872900451-00&ServiceCd=110&Type=search" }, "geometry": { "type": "Point", "coordinates": [ 140.3703725, 35.9445334 ] } },
{ "type": "Feature", "properties": { "内容": "ヘルパーステーション太陽【訪問介護】茨城県かすみがうら市深谷3654-9", "url2": "https://www.kaigokensaku.mhlw.go.jp/08/index.php?action_kouhyou_detail_004_kani=true&JigyosyoCd=0873000210-00&ServiceCd=110&Type=search" }, "geometry": { "type": "Point", "coordinates": [ 140.313517100000013, 36.0895723 ] } },
{ "type": "Feature", "properties": { "内容": "ヘルパーステーション　フラワーガーデン【訪問介護】茨城県かすみがうら市牛渡2845番地NPO法人　心道学園", "url2": "https://www.kaigokensaku.mhlw.go.jp/08/index.php?action_kouhyou_detail_004_kani=true&JigyosyoCd=0873000327-00&ServiceCd=110&Type=search" }, "geometry": { "type": "Point", "coordinates": [ 140.3332263, 36.0661859 ] } },
{ "type": "Feature", "properties": { "内容": "ピソ天神訪問介護事業所【訪問介護】かすみがうら市宍倉５６９６－３", "url2": "https://www.kaigokensaku.mhlw.go.jp/08/index.php?action_kouhyou_detail_004_kani=true&JigyosyoCd=0873900377-00&ServiceCd=110&Type=search" }, "geometry": { "type": "Point", "coordinates": [ 140.271023199999945, 36.1302736 ] } },
{ "type": "Feature", "properties": { "内容": "訪問介護いっしん稲吉【訪問介護】茨城県かすみがうら市稲吉東3-7-12", "url2": "https://www.kaigokensaku.mhlw.go.jp/08/index.php?action_kouhyou_detail_004_kani=true&JigyosyoCd=0873000319-00&ServiceCd=110&Type=search" }, "geometry": { "type": "Point", "coordinates": [ 140.253599799999961, 36.1289732 ] } },
{ "type": "Feature", "properties": { "内容": "訪問介護いっしん【訪問介護】かすみがうら市下稲吉2279-1", "url2": "https://www.kaigokensaku.mhlw.go.jp/08/index.php?action_kouhyou_detail_004_kani=true&JigyosyoCd=0873900328-00&ServiceCd=110&Type=search" }, "geometry": { "type": "Point", "coordinates": [ 140.250790338098113, 36.131476967880403 ] } },
{ "type": "Feature", "properties": { "内容": "株式会社　ケアサポート桜川【訪問介護】茨城県桜川市真壁町上小幡１６７４", "url2": "https://www.kaigokensaku.mhlw.go.jp/08/index.php?action_kouhyou_detail_004_kani=true&JigyosyoCd=0875100166-00&ServiceCd=110&Type=search" }, "geometry": { "type": "Point", "coordinates": [ 140.1114516, 36.2994899 ] } },
{ "type": "Feature", "properties": { "内容": "ニチイケアセンター岩瀬【訪問介護】茨城県桜川市明日香3丁目48ロワールタナカヤ2Ｆ", "url2": "https://www.kaigokensaku.mhlw.go.jp/08/index.php?action_kouhyou_detail_004_kani=true&JigyosyoCd=0873200430-00&ServiceCd=110&Type=search" }, "geometry": { "type": "Point", "coordinates": [ 140.112696300000039, 36.364018 ] } },
{ "type": "Feature", "properties": { "内容": "桜川市社協岩瀬指定訪問介護事業所【訪問介護】茨城県桜川市鍬田６１２番地桜川市岩瀬福祉センター内", "url2": "https://www.kaigokensaku.mhlw.go.jp/08/index.php?action_kouhyou_detail_004_kani=true&JigyosyoCd=0875100109-00&ServiceCd=110&Type=search" }, "geometry": { "type": "Point", "coordinates": [ 140.099870199999941, 36.3617902 ] } },
{ "type": "Feature", "properties": { "内容": "訪問介護まかべ【訪問介護】茨城県桜川市真壁町田字堰下１４２８番地", "url2": "https://www.kaigokensaku.mhlw.go.jp/08/index.php?action_kouhyou_detail_004_kani=true&JigyosyoCd=0874100621-00&ServiceCd=110&Type=search" }, "geometry": { "type": "Point", "coordinates": [ 140.101253799999967, 36.267071500000014 ] } },
{ "type": "Feature", "properties": { "内容": "訪問サポート　ハートケア【訪問介護】茨城県神栖市賀379", "url2": "https://www.kaigokensaku.mhlw.go.jp/08/index.php?action_kouhyou_detail_004_kani=true&JigyosyoCd=0875200677-00&ServiceCd=110&Type=search" }, "geometry": { "type": "Point", "coordinates": [ 140.614217199999985, 35.9054339 ] } },
{ "type": "Feature", "properties": { "内容": "ゆかり訪問介護サービス【訪問介護】神栖市矢田部　８７２５－６", "url2": "https://www.kaigokensaku.mhlw.go.jp/08/index.php?action_kouhyou_detail_004_kani=true&JigyosyoCd=0873600514-00&ServiceCd=110&Type=search" }, "geometry": { "type": "Point", "coordinates": [ 140.788752299999942, 35.7944442 ] } },
{ "type": "Feature", "properties": { "内容": "ばんなん賀訪問介護事業所【訪問介護】神栖市賀2149", "url2": "https://www.kaigokensaku.mhlw.go.jp/08/index.php?action_kouhyou_detail_004_kani=true&JigyosyoCd=0875200164-00&ServiceCd=110&Type=search" }, "geometry": { "type": "Point", "coordinates": [ 140.624236200000041, 35.900272 ] } },
{ "type": "Feature", "properties": { "内容": "指定訪問介護フクシス【訪問介護】茨城県神栖市息栖３０４０－９３第１５平成荘８号棟", "url2": "https://www.kaigokensaku.mhlw.go.jp/08/index.php?action_kouhyou_detail_004_kani=true&JigyosyoCd=0875200776-00&ServiceCd=110&Type=search" }, "geometry": { "type": "Point", "coordinates": [ 140.6310144, 35.8788649 ] } },
{ "type": "Feature", "properties": { "内容": "ヘルパーステーション　ケアプラス　かみす【訪問介護】茨城県神栖市知手中央4-12-9", "url2": "https://www.kaigokensaku.mhlw.go.jp/08/index.php?action_kouhyou_detail_004_kani=true&JigyosyoCd=0875200784-00&ServiceCd=110&Type=search" }, "geometry": { "type": "Point", "coordinates": [ 140.716872299999977, 35.8781689 ] } },
{ "type": "Feature", "properties": { "内容": "訪問介護事業所やえん【訪問介護】茨城県神栖市知手中央2－8－32", "url2": "https://www.kaigokensaku.mhlw.go.jp/08/index.php?action_kouhyou_detail_004_kani=true&JigyosyoCd=0875200966-00&ServiceCd=110&Type=search" }, "geometry": { "type": "Point", "coordinates": [ 140.7092375, 35.8844217 ] } },
{ "type": "Feature", "properties": { "内容": "ニチイケアセンター神栖【訪問介護】茨城県神栖市大野原3-11-11", "url2": "https://www.kaigokensaku.mhlw.go.jp/08/index.php?action_kouhyou_detail_004_kani=true&JigyosyoCd=0875200941-00&ServiceCd=110&Type=search" }, "geometry": { "type": "Point", "coordinates": [ 140.6421948, 35.8967475 ] } },
{ "type": "Feature", "properties": { "内容": "みずほケア神栖ヘルパーステーション【訪問介護】堀割2-26-29", "url2": "https://www.kaigokensaku.mhlw.go.jp/08/index.php?action_kouhyou_detail_004_kani=true&JigyosyoCd=0875200479-00&ServiceCd=110&Type=search" }, "geometry": { "type": "Point", "coordinates": [ 140.637225700000045, 35.9241999 ] } },
{ "type": "Feature", "properties": { "内容": "訪問介護事業所　喜多村【訪問介護】柳川3476-2", "url2": "https://www.kaigokensaku.mhlw.go.jp/08/index.php?action_kouhyou_detail_004_kani=true&JigyosyoCd=0875200826-00&ServiceCd=110&Type=search" }, "geometry": { "type": "Point", "coordinates": [ 140.725433, 35.874702 ] } },
{ "type": "Feature", "properties": { "内容": "アンダンテ神栖訪問介護【訪問介護】茨城県神栖市土合南1丁目8番22号", "url2": "https://www.kaigokensaku.mhlw.go.jp/08/index.php?action_kouhyou_detail_004_kani=true&JigyosyoCd=0875200735-00&ServiceCd=110&Type=search" }, "geometry": { "type": "Point", "coordinates": [ 140.773957600000017, 35.785852990044056 ] } },
{ "type": "Feature", "properties": { "内容": "企業組合ひまわり【訪問介護】茨城県神栖市太田新町3-2-7", "url2": "https://www.kaigokensaku.mhlw.go.jp/08/index.php?action_kouhyou_detail_004_kani=true&JigyosyoCd=0873600746-00&ServiceCd=110&Type=search" }, "geometry": { "type": "Point", "coordinates": [ 140.729941599999989, 35.8347875 ] } },
{ "type": "Feature", "properties": { "内容": "有限会社ハートケアーたんぽぽ【訪問介護】神栖市知手中央７丁目１０１４番３５", "url2": "https://www.kaigokensaku.mhlw.go.jp/08/index.php?action_kouhyou_detail_004_kani=true&JigyosyoCd=0873600787-00&ServiceCd=110&Type=search" }, "geometry": { "type": "Point", "coordinates": [ 140.707751199999961, 35.8717724 ] } },
{ "type": "Feature", "properties": { "内容": "ヘルパーステーション　母里【訪問介護】茨城県神栖市太田3292-1", "url2": "https://www.kaigokensaku.mhlw.go.jp/08/index.php?action_kouhyou_detail_004_kani=true&JigyosyoCd=0875200016-00&ServiceCd=110&Type=search" }, "geometry": { "type": "Point", "coordinates": [ 140.719907237989787, 35.843121927381894 ] } },
{ "type": "Feature", "properties": { "内容": "指定訪問介護事業所　せーじ【訪問介護】平泉903-30", "url2": "https://www.kaigokensaku.mhlw.go.jp/08/index.php?action_kouhyou_detail_004_kani=true&JigyosyoCd=0875200388-00&ServiceCd=110&Type=search" }, "geometry": { "type": "Point", "coordinates": [ 140.631704, 35.914326 ] } },
{ "type": "Feature", "properties": { "内容": "ミナト介護サービスはさき【訪問介護】茨城県神栖市土合南２－１－２１", "url2": "https://www.kaigokensaku.mhlw.go.jp/08/index.php?action_kouhyou_detail_004_kani=true&JigyosyoCd=0873600704-00&ServiceCd=110&Type=search" }, "geometry": { "type": "Point", "coordinates": [ 140.7750647, 35.7883194 ] } },
{ "type": "Feature", "properties": { "内容": "ケアなごみ【訪問介護】茨城県神栖市波崎6442-1", "url2": "https://www.kaigokensaku.mhlw.go.jp/08/index.php?action_kouhyou_detail_004_kani=true&JigyosyoCd=0875200107-00&ServiceCd=110&Type=search" }, "geometry": { "type": "Point", "coordinates": [ 140.807412418098124, 35.752205502246383 ] } },
{ "type": "Feature", "properties": { "内容": "株式会社カシマクオリティーライフ【訪問介護】茨城県神栖市土合東1-2-7", "url2": "https://www.kaigokensaku.mhlw.go.jp/08/index.php?action_kouhyou_detail_004_kani=true&JigyosyoCd=0873600100-00&ServiceCd=110&Type=search" }, "geometry": { "type": "Point", "coordinates": [ 140.780766509448995, 35.786615811142745 ] } },
{ "type": "Feature", "properties": { "内容": "つどい訪問介護事業所【訪問介護】茨城県神栖市太田703-89藤コーポK棟", "url2": "https://www.kaigokensaku.mhlw.go.jp/08/index.php?action_kouhyou_detail_004_kani=true&JigyosyoCd=0875200982-00&ServiceCd=110&Type=search" }, "geometry": { "type": "Point", "coordinates": [ 140.736943700000012, 35.832145 ] } },
{ "type": "Feature", "properties": { "内容": "訪問介護サービス　たいよう【訪問介護】茨城県神栖市深芝南3-26-6", "url2": "https://www.kaigokensaku.mhlw.go.jp/08/index.php?action_kouhyou_detail_004_kani=true&JigyosyoCd=0875200990-00&ServiceCd=110&Type=search" }, "geometry": { "type": "Point", "coordinates": [ 140.649981700000012, 35.9145647 ] } },
{ "type": "Feature", "properties": { "内容": "ケアサポートのどか【訪問介護】茨城県神栖市知手中央8-4-30", "url2": "https://www.kaigokensaku.mhlw.go.jp/08/index.php?action_kouhyou_detail_004_kani=true&JigyosyoCd=0875200156-00&ServiceCd=110&Type=search" }, "geometry": { "type": "Point", "coordinates": [ 140.709481399999987, 35.8673142 ] } },
{ "type": "Feature", "properties": { "内容": "社会福祉法人　白十字会　神栖訪問介護事業所【訪問介護】茨城県神栖市賀2148-26神栖ケアサポートセンター", "url2": "https://www.kaigokensaku.mhlw.go.jp/08/index.php?action_kouhyou_detail_004_kani=true&JigyosyoCd=0875200099-00&ServiceCd=110&Type=search" }, "geometry": { "type": "Point", "coordinates": [ 140.623199665606677, 35.89948391951436 ] } },
{ "type": "Feature", "properties": { "内容": "ブレーメンヘルパーステーション【訪問介護】茨城県神栖市平泉東一丁目６４－６０", "url2": "https://www.kaigokensaku.mhlw.go.jp/08/index.php?action_kouhyou_detail_004_kani=true&JigyosyoCd=0875201089-00&ServiceCd=110&Type=search" }, "geometry": { "type": "Point", "coordinates": [ 140.639832100000035, 35.900829899999977 ] } },
{ "type": "Feature", "properties": { "内容": "訪問介護なないろ【訪問介護】茨城県神栖市神栖2丁目18-8第一小澤荘８号", "url2": "https://www.kaigokensaku.mhlw.go.jp/08/index.php?action_kouhyou_detail_004_kani=true&JigyosyoCd=0875201030-00&ServiceCd=110&Type=search" }, "geometry": { "type": "Point", "coordinates": [ 140.643360939217388, 35.902407334482 ] } },
{ "type": "Feature", "properties": { "内容": "指定訪問介護事業所　ひなたぼっこ【訪問介護】茨城県神栖市若松中央1-22-17", "url2": "https://www.kaigokensaku.mhlw.go.jp/08/index.php?action_kouhyou_detail_004_kani=true&JigyosyoCd=0873600779-00&ServiceCd=110&Type=search" }, "geometry": { "type": "Point", "coordinates": [ 140.737998678963066, 35.837123751192266 ] } },
{ "type": "Feature", "properties": { "内容": "ヘルパーステーションゆいまーる【訪問介護】茨城県神栖市太田683－167", "url2": "https://www.kaigokensaku.mhlw.go.jp/08/index.php?action_kouhyou_detail_004_kani=true&JigyosyoCd=0875201097-00&ServiceCd=110&Type=search" }, "geometry": { "type": "Point", "coordinates": [ 140.7264557, 35.8391568 ] } },
{ "type": "Feature", "properties": { "内容": "指定訪問介護事業所息栖サテライト【訪問介護】茨城県神栖市息栖3950-64", "url2": "https://www.kaigokensaku.mhlw.go.jp/08/index.php?action_kouhyou_detail_004_kani=true&JigyosyoCd=0873600688-00&ServiceCd=110&Type=search" }, "geometry": { "type": "Point", "coordinates": [ 140.63451490044713, 35.881509624795484 ] } },
{ "type": "Feature", "properties": { "内容": "ふくふく神栖【訪問介護】茨城県神栖市若松中央2-20", "url2": "https://www.kaigokensaku.mhlw.go.jp/08/index.php?action_kouhyou_detail_004_kani=true&JigyosyoCd=0873600753-00&ServiceCd=110&Type=search" }, "geometry": { "type": "Point", "coordinates": [ 140.734065284655799, 35.835214951044215 ] } },
{ "type": "Feature", "properties": { "内容": "株式会社さわやか【訪問介護】茨城県神栖市日川３６５１－３", "url2": "https://www.kaigokensaku.mhlw.go.jp/08/index.php?action_kouhyou_detail_004_kani=true&JigyosyoCd=0875200867-00&ServiceCd=110&Type=search" }, "geometry": { "type": "Point", "coordinates": [ 140.697478, 35.8535159 ] } },
{ "type": "Feature", "properties": { "内容": "訪問介護事業所さくら【訪問介護】行方市南９５－７むつみ荘", "url2": "https://www.kaigokensaku.mhlw.go.jp/08/index.php?action_kouhyou_detail_004_kani=true&JigyosyoCd=0875300162-00&ServiceCd=110&Type=search" }, "geometry": { "type": "Point", "coordinates": [ 140.46809559999997, 36.0170812 ] } },
{ "type": "Feature", "properties": { "内容": "行方市社会福祉協議会訪問介護事業所【訪問介護】茨城県行方市玉造甲478番地1行方市地域包括支援センター敷地内", "url2": "https://www.kaigokensaku.mhlw.go.jp/08/index.php?action_kouhyou_detail_004_kani=true&JigyosyoCd=0875300048-00&ServiceCd=110&Type=search" }, "geometry": { "type": "Point", "coordinates": [ 140.414680043573213, 36.103087092082845 ] } },
{ "type": "Feature", "properties": { "内容": "社会福祉法人白十字会　白十字会ヘルパーステーション【訪問介護】茨城県行方市麻生3290-12", "url2": "https://www.kaigokensaku.mhlw.go.jp/08/index.php?action_kouhyou_detail_004_kani=true&JigyosyoCd=0873700496-00&ServiceCd=110&Type=search" }, "geometry": { "type": "Point", "coordinates": [ 140.498312400000032, 36.0194818 ] } },
{ "type": "Feature", "properties": { "内容": "訪問介護　ぽっかぽか【訪問介護】茨城県行方市繁昌６４２－１", "url2": "https://www.kaigokensaku.mhlw.go.jp/08/index.php?action_kouhyou_detail_004_kani=true&JigyosyoCd=0873600605-00&ServiceCd=110&Type=search" }, "geometry": { "type": "Point", "coordinates": [ 140.5217868, 36.0627587 ] } },
{ "type": "Feature", "properties": { "内容": "ニチイケアセンター鉾田【訪問介護】茨城県鉾田市新鉾田2丁目16-6江戸屋ビル", "url2": "https://www.kaigokensaku.mhlw.go.jp/08/index.php?action_kouhyou_detail_004_kani=true&JigyosyoCd=0875400293-00&ServiceCd=110&Type=search" }, "geometry": { "type": "Point", "coordinates": [ 140.5228785, 36.1545111 ] } },
{ "type": "Feature", "properties": { "内容": "ウエルシア介護サービス鉾田【訪問介護】茨城県鉾田市新鉾田2-11-1", "url2": "https://www.kaigokensaku.mhlw.go.jp/08/index.php?action_kouhyou_detail_004_kani=true&JigyosyoCd=0875400327-00&ServiceCd=110&Type=search" }, "geometry": { "type": "Point", "coordinates": [ 140.5220294, 36.155938 ] } },
{ "type": "Feature", "properties": { "内容": "ニチイケアセンターたいよう【訪問介護】茨城県鉾田市上沢1483", "url2": "https://www.kaigokensaku.mhlw.go.jp/08/index.php?action_kouhyou_detail_004_kani=true&JigyosyoCd=0873600712-00&ServiceCd=110&Type=search" }, "geometry": { "type": "Point", "coordinates": [ 140.591811600000028, 36.1085747 ] } },
{ "type": "Feature", "properties": { "内容": "社会福祉法人鉾田市社会福祉協議会訪問介護事業所【訪問介護】茨城県鉾田市当間228番地", "url2": "https://www.kaigokensaku.mhlw.go.jp/08/index.php?action_kouhyou_detail_004_kani=true&JigyosyoCd=0875400012-00&ServiceCd=110&Type=search" }, "geometry": { "type": "Point", "coordinates": [ 140.4844166, 36.1530038 ] } },
{ "type": "Feature", "properties": { "内容": "あずみ苑　ラ・テラス小絹【訪問介護】茨城県つくばみらい市小絹839-6", "url2": "https://www.kaigokensaku.mhlw.go.jp/08/index.php?action_kouhyou_detail_004_kani=true&JigyosyoCd=0875500100-00&ServiceCd=110&Type=search" }, "geometry": { "type": "Point", "coordinates": [ 139.9805792, 35.9816379 ] } },
{ "type": "Feature", "properties": { "内容": "ご長寿くらぶみらい平訪問介護事業所【訪問介護】茨城県つくばみらい市紫峰が丘2-20-1", "url2": "https://www.kaigokensaku.mhlw.go.jp/08/index.php?action_kouhyou_detail_004_kani=true&JigyosyoCd=0875500266-00&ServiceCd=110&Type=search" }, "geometry": { "type": "Point", "coordinates": [ 140.037999, 36.0022054 ] } },
{ "type": "Feature", "properties": { "内容": "社会福祉法人ほほえみ会　スマイルケア指定訪問介護事業所【訪問介護】茨城県つくばみらい市福岡1330-4", "url2": "https://www.kaigokensaku.mhlw.go.jp/08/index.php?action_kouhyou_detail_004_kani=true&JigyosyoCd=0875500415-00&ServiceCd=110&Type=search" }, "geometry": { "type": "Point", "coordinates": [ 140.0327896, 36.0279549 ] } },
{ "type": "Feature", "properties": { "内容": "ウエルシア介護サービスつくばみらい【訪問介護】つくばみらい市陽光台1-14-1", "url2": "https://www.kaigokensaku.mhlw.go.jp/08/index.php?action_kouhyou_detail_004_kani=true&JigyosyoCd=0875500043-00&ServiceCd=110&Type=search" }, "geometry": { "type": "Point", "coordinates": [ 140.040352847885174, 35.995520550813211 ] } },
{ "type": "Feature", "properties": { "内容": "クレア訪問介護ステーション【訪問介護】茨城県つくばみらい市絹の台2-4-13", "url2": "https://www.kaigokensaku.mhlw.go.jp/08/index.php?action_kouhyou_detail_004_kani=true&JigyosyoCd=0875500555-00&ServiceCd=110&Type=search" }, "geometry": { "type": "Point", "coordinates": [ 139.9805869, 35.9787203 ] } },
{ "type": "Feature", "properties": { "内容": "訪問介護事業所ケアサービスかのん【訪問介護】野堀６１１－２９０", "url2": "https://www.kaigokensaku.mhlw.go.jp/08/index.php?action_kouhyou_detail_004_kani=true&JigyosyoCd=0875500589-00&ServiceCd=110&Type=search" }, "geometry": { "type": "Point", "coordinates": [ 140.0764441, 35.9705866 ] } },
{ "type": "Feature", "properties": { "内容": "ケアステージつくばみらい指定訪問介護事業所【訪問介護】茨城県つくばみらい市東楢戸872番地7", "url2": "https://www.kaigokensaku.mhlw.go.jp/08/index.php?action_kouhyou_detail_004_kani=true&JigyosyoCd=0875500332-00&ServiceCd=110&Type=search" }, "geometry": { "type": "Point", "coordinates": [ 140.034165068466763, 35.991156370324283 ] } },
{ "type": "Feature", "properties": { "内容": "ニチイケアセンター小美玉【訪問介護】茨城県小美玉市中野谷５０１－１４メゾン石塚ーC号", "url2": "https://www.kaigokensaku.mhlw.go.jp/08/index.php?action_kouhyou_detail_004_kani=true&JigyosyoCd=0875600520-00&ServiceCd=110&Type=search" }, "geometry": { "type": "Point", "coordinates": [ 140.3217683, 36.228826 ] } },
{ "type": "Feature", "properties": { "内容": "小美玉社協ヘルパーセンター【訪問介護】茨城県小美玉市部室1106番地小美玉市四季健康館内", "url2": "https://www.kaigokensaku.mhlw.go.jp/08/index.php?action_kouhyou_detail_004_kani=true&JigyosyoCd=0875600058-00&ServiceCd=110&Type=search" }, "geometry": { "type": "Point", "coordinates": [ 140.3355381, 36.241382800000011 ] } },
{ "type": "Feature", "properties": { "内容": "株式会社　県央福祉サービス【訪問介護】茨城県小美玉市中野谷565", "url2": "https://www.kaigokensaku.mhlw.go.jp/08/index.php?action_kouhyou_detail_004_kani=true&JigyosyoCd=0875600116-00&ServiceCd=110&Type=search" }, "geometry": { "type": "Point", "coordinates": [ 140.33144470000002, 36.2212183 ] } },
{ "type": "Feature", "properties": { "内容": "あしたば訪問介護事業所【訪問介護】つくばみらい市陽光台４丁目９番地3", "url2": "https://www.kaigokensaku.mhlw.go.jp/08/index.php?action_kouhyou_detail_004_kani=true&JigyosyoCd=0875500217-00&ServiceCd=110&Type=search" }, "geometry": { "type": "Point", "coordinates": [ 140.035416700000013, 35.9950094 ] } },
{ "type": "Feature", "properties": { "内容": "ヘルパーステーション　おあしす【訪問介護】茨城県東茨城郡茨城町小幡18-1", "url2": "https://www.kaigokensaku.mhlw.go.jp/08/index.php?action_kouhyou_detail_004_kani=true&JigyosyoCd=0873100754-00&ServiceCd=110&Type=search" }, "geometry": { "type": "Point", "coordinates": [ 140.384652700000061, 36.2627391 ] } },
{ "type": "Feature", "properties": { "内容": "ヘルパーステーションのあ【訪問介護】茨城県東茨城郡茨城町上石崎４５５７－５１０", "url2": "https://www.kaigokensaku.mhlw.go.jp/08/index.php?action_kouhyou_detail_004_kani=true&JigyosyoCd=0873101570-00&ServiceCd=110&Type=search" }, "geometry": { "type": "Point", "coordinates": [ 140.467751262565599, 36.30607022299985 ] } },
{ "type": "Feature", "properties": { "内容": "いばらきケア　訪問介護事業所【訪問介護】茨城県東茨城郡茨城町長岡4434-1", "url2": "https://www.kaigokensaku.mhlw.go.jp/08/index.php?action_kouhyou_detail_004_kani=true&JigyosyoCd=0870103694-00&ServiceCd=110&Type=search" }, "geometry": { "type": "Point", "coordinates": [ 140.4519154, 36.3073541 ] } },
{ "type": "Feature", "properties": { "内容": "大洗町社会福祉協議会　指定訪問介護事業所【訪問介護】東茨城郡大洗町港中央２６－１ゆっくら健康館1階", "url2": "https://www.kaigokensaku.mhlw.go.jp/08/index.php?action_kouhyou_detail_004_kani=true&JigyosyoCd=0873100440-00&ServiceCd=110&Type=search" }, "geometry": { "type": "Point", "coordinates": [ 140.570236, 36.3116038 ] } },
{ "type": "Feature", "properties": { "内容": "訪問介護いっしん大洗【訪問介護】茨城県東茨城郡大洗町大貫町64-46", "url2": "https://www.kaigokensaku.mhlw.go.jp/08/index.php?action_kouhyou_detail_004_kani=true&JigyosyoCd=0873101703-00&ServiceCd=110&Type=search" }, "geometry": { "type": "Point", "coordinates": [ 140.564961600000061, 36.3078682 ] } },
{ "type": "Feature", "properties": { "内容": "訪問介護サービス　サザンクロス【訪問介護】城里町上泉１２５２－２", "url2": "https://www.kaigokensaku.mhlw.go.jp/08/index.php?action_kouhyou_detail_004_kani=true&JigyosyoCd=0873101133-00&ServiceCd=110&Type=search" }, "geometry": { "type": "Point", "coordinates": [ 140.395311399999969, 36.4812524 ] } },
{ "type": "Feature", "properties": { "内容": "訪問介護事業所　アリア城里【訪問介護】茨城県東茨城郡城里町小勝385", "url2": "https://www.kaigokensaku.mhlw.go.jp/08/index.php?action_kouhyou_detail_004_kani=true&JigyosyoCd=0873101737-00&ServiceCd=110&Type=search" }, "geometry": { "type": "Point", "coordinates": [ 140.29225120000001, 36.4823748 ] } },
{ "type": "Feature", "properties": { "内容": "城里町社会福祉協議会　　訪問介護事業所【訪問介護】東茨城郡城里町小勝１４００　　城里町七会保健福祉センター内", "url2": "https://www.kaigokensaku.mhlw.go.jp/08/index.php?action_kouhyou_detail_004_kani=true&JigyosyoCd=0873101240-00&ServiceCd=110&Type=search" }, "geometry": { "type": "Point", "coordinates": [ 140.281777599999941, 36.4710899 ] } },
{ "type": "Feature", "properties": { "内容": "在宅サポート　オークス東海【訪問介護】茨城県那珂郡東海村船場588-7", "url2": "https://www.kaigokensaku.mhlw.go.jp/08/index.php?action_kouhyou_detail_004_kani=true&JigyosyoCd=0873301287-00&ServiceCd=110&Type=search" }, "geometry": { "type": "Point", "coordinates": [ 140.5468065, 36.4499254 ] } },
{ "type": "Feature", "properties": { "内容": "ホームヘルプサービス東海【訪問介護】那珂郡東海村船場７４２－１６　　ケアハウス東海内", "url2": "https://www.kaigokensaku.mhlw.go.jp/08/index.php?action_kouhyou_detail_004_kani=true&JigyosyoCd=0873300123-00&ServiceCd=110&Type=search" }, "geometry": { "type": "Point", "coordinates": [ 140.557791100000031, 36.4582448 ] } },
{ "type": "Feature", "properties": { "内容": "あこーど　東海【訪問介護】村松北1-2-32", "url2": "https://www.kaigokensaku.mhlw.go.jp/08/index.php?action_kouhyou_detail_004_kani=true&JigyosyoCd=0873301113-00&ServiceCd=110&Type=search" }, "geometry": { "type": "Point", "coordinates": [ 140.575954010975636, 36.466932566685685 ] } },
{ "type": "Feature", "properties": { "内容": "訪問介護事業所　エイライフ【訪問介護】茨城県那珂郡東海村舟石川舟石川駅東四丁目６番２０号", "url2": "https://www.kaigokensaku.mhlw.go.jp/08/index.php?action_kouhyou_detail_004_kani=true&JigyosyoCd=0873301394-00&ServiceCd=110&Type=search" }, "geometry": { "type": "Point", "coordinates": [ 140.565859499999988, 36.4612784 ] } },
{ "type": "Feature", "properties": { "内容": "ホームヘルプ　オリヴィエ【訪問介護】茨城県那珂郡東海村舟石川667-1", "url2": "https://www.kaigokensaku.mhlw.go.jp/08/index.php?action_kouhyou_detail_004_kani=true&JigyosyoCd=0873301360-00&ServiceCd=110&Type=search" }, "geometry": { "type": "Point", "coordinates": [ 140.5519036, 36.4656806 ] } },
{ "type": "Feature", "properties": { "内容": "ヘルパーステーション　アリア【訪問介護】茨城県久慈郡大子町袋田2693-1", "url2": "https://www.kaigokensaku.mhlw.go.jp/08/index.php?action_kouhyou_detail_004_kani=true&JigyosyoCd=0873400444-00&ServiceCd=110&Type=search" }, "geometry": { "type": "Point", "coordinates": [ 140.3850142, 36.7472872 ] } },
{ "type": "Feature", "properties": { "内容": "社会福祉法人大子町社会福祉協議会指定訪問介護事業所【訪問介護】茨城県久慈郡大子町大字浅川１２５３番地旧浅川小学校", "url2": "https://www.kaigokensaku.mhlw.go.jp/08/index.php?action_kouhyou_detail_004_kani=true&JigyosyoCd=0873400477-00&ServiceCd=110&Type=search" }, "geometry": { "type": "Point", "coordinates": [ 140.333692967984035, 36.801077032224143 ] } },
{ "type": "Feature", "properties": { "内容": "社会福祉法人美浦村社会福祉協議会指定訪問介護事業所【訪問介護】茨城県稲敷郡美浦村受領１５４６－１", "url2": "https://www.kaigokensaku.mhlw.go.jp/08/index.php?action_kouhyou_detail_004_kani=true&JigyosyoCd=0873800353-00&ServiceCd=110&Type=search" }, "geometry": { "type": "Point", "coordinates": [ 140.301478, 36.005073 ] } },
{ "type": "Feature", "properties": { "内容": "訪問介護　あゆみ【訪問介護】茨城県水戸市島田町３４０３－１", "url2": "https://www.kaigokensaku.mhlw.go.jp/08/index.php?action_kouhyou_detail_004_kani=true&JigyosyoCd=0870101532-00&ServiceCd=110&Type=search" }, "geometry": { "type": "Point", "coordinates": [ 140.556281399999989, 36.3235881 ] } },
{ "type": "Feature", "properties": { "内容": "訪問介護事業所ケアセンターR【訪問介護】茨城県水戸市平須町１８２２番地の２２７　原口アパート２号", "url2": "https://www.kaigokensaku.mhlw.go.jp/08/index.php?action_kouhyou_detail_004_kani=true&JigyosyoCd=0870103546-00&ServiceCd=110&Type=search" }, "geometry": { "type": "Point", "coordinates": [ 140.436078, 36.3332539 ] } },
{ "type": "Feature", "properties": { "内容": "ヘルパーステーション　ほうせんか【訪問介護】茨城県小美玉市橋場美25-1", "url2": "https://www.kaigokensaku.mhlw.go.jp/08/index.php?action_kouhyou_detail_004_kani=true&JigyosyoCd=0873100911-00&ServiceCd=110&Type=search" }, "geometry": { "type": "Point", "coordinates": [ 140.372046, 36.2543483 ] } },
{ "type": "Feature", "properties": { "内容": "訪問介護ひるがお【訪問介護】茨城県稲敷郡阿見町曙14番地1", "url2": "https://www.kaigokensaku.mhlw.go.jp/08/index.php?action_kouhyou_detail_004_kani=true&JigyosyoCd=0873801104-00&ServiceCd=110&Type=search" }, "geometry": { "type": "Point", "coordinates": [ 140.228859300000067, 36.0344683 ] } },
{ "type": "Feature", "properties": { "内容": "ホンゴウケア【訪問介護】茨城県稲敷郡阿見町うずら野2-2-12栗島マンション101", "url2": "https://www.kaigokensaku.mhlw.go.jp/08/index.php?action_kouhyou_detail_004_kani=true&JigyosyoCd=0873801377-00&ServiceCd=110&Type=search" }, "geometry": { "type": "Point", "coordinates": [ 140.174342, 36.0343115 ] } },
{ "type": "Feature", "properties": { "内容": "訪問介護事業所たけよう【訪問介護】茨城県稲敷郡阿見町中央3丁目2-5", "url2": "https://www.kaigokensaku.mhlw.go.jp/08/index.php?action_kouhyou_detail_004_kani=true&JigyosyoCd=0873801476-00&ServiceCd=110&Type=search" }, "geometry": { "type": "Point", "coordinates": [ 140.212925399999989, 36.0338615 ] } },
{ "type": "Feature", "properties": { "内容": "NTケア【訪問介護】茨城県稲敷郡阿見町うずら野2丁目17-56", "url2": "https://www.kaigokensaku.mhlw.go.jp/08/index.php?action_kouhyou_detail_004_kani=true&JigyosyoCd=0873801484-00&ServiceCd=110&Type=search" }, "geometry": { "type": "Point", "coordinates": [ 140.1778301, 36.0335456 ] } },
{ "type": "Feature", "properties": { "内容": "はるケアサービス有限会社【訪問介護】茨城県猿島郡境町長井戸220-2", "url2": "https://www.kaigokensaku.mhlw.go.jp/08/index.php?action_kouhyou_detail_004_kani=true&JigyosyoCd=0874300890-00&ServiceCd=110&Type=search" }, "geometry": { "type": "Point", "coordinates": [ 139.8012824, 36.1225112 ] } },
{ "type": "Feature", "properties": { "内容": "介護サービスひだまり【訪問介護】茨城県稲敷郡阿見町中郷2-3-4", "url2": "https://www.kaigokensaku.mhlw.go.jp/08/index.php?action_kouhyou_detail_004_kani=true&JigyosyoCd=0873801211-00&ServiceCd=110&Type=search" }, "geometry": { "type": "Point", "coordinates": [ 140.21567129999994, 36.0409844 ] } },
{ "type": "Feature", "properties": { "内容": "株式会社ケアファクトリー在宅介護事業部【訪問介護】茨城県水戸市見和１－２９８－７", "url2": "https://www.kaigokensaku.mhlw.go.jp/08/index.php?action_kouhyou_detail_004_kani=true&JigyosyoCd=0870100245-00&ServiceCd=110&Type=search" }, "geometry": { "type": "Point", "coordinates": [ 140.43601, 36.3767871 ] } },
{ "type": "Feature", "properties": { "内容": "訪問介護事業所PIECE【訪問介護】茨城県稲敷郡阿見町中央二丁目9番9号", "url2": "https://www.kaigokensaku.mhlw.go.jp/08/index.php?action_kouhyou_detail_004_kani=true&JigyosyoCd=0873801351-00&ServiceCd=110&Type=search" }, "geometry": { "type": "Point", "coordinates": [ 140.219647499999979, 36.027221300000022 ] } },
{ "type": "Feature", "properties": { "内容": "訪問介護ステーション　ファミリア【訪問介護】茨城県稲敷郡阿見町荒川本郷1854-21", "url2": "https://www.kaigokensaku.mhlw.go.jp/08/index.php?action_kouhyou_detail_004_kani=true&JigyosyoCd=0873801385-00&ServiceCd=110&Type=search" }, "geometry": { "type": "Point", "coordinates": [ 140.183283503296508, 36.015606969712834 ] } },
{ "type": "Feature", "properties": { "内容": "阿見翔裕園ヘルパーステーション【訪問介護】茨城県稲敷郡阿見町阿見5137番地", "url2": "https://www.kaigokensaku.mhlw.go.jp/08/index.php?action_kouhyou_detail_004_kani=true&JigyosyoCd=0873801492-00&ServiceCd=110&Type=search" }, "geometry": { "type": "Point", "coordinates": [ 140.198956700000025, 36.030333 ] } },
{ "type": "Feature", "properties": { "内容": "阿見町社会福祉協議会指定訪問介護事業所【訪問介護】茨城県稲敷郡阿見町阿見４６７１－１阿見町総合保健福祉会館内", "url2": "https://www.kaigokensaku.mhlw.go.jp/08/index.php?action_kouhyou_detail_004_kani=true&JigyosyoCd=0873800098-00&ServiceCd=110&Type=search" }, "geometry": { "type": "Point", "coordinates": [ 140.2138996, 36.0437352 ] } },
{ "type": "Feature", "properties": { "内容": "ヘルパーステーションいちか【訪問介護】茨城県稲敷郡阿見町住吉2-6-8ウィンディア住吉A　101号室", "url2": "https://www.kaigokensaku.mhlw.go.jp/08/index.php?action_kouhyou_detail_004_kani=true&JigyosyoCd=0873801468-00&ServiceCd=110&Type=search" }, "geometry": { "type": "Point", "coordinates": [ 140.1750701, 36.037169 ] } },
{ "type": "Feature", "properties": { "内容": "訪問介護事業所オーシャン【訪問介護】茨城県稲敷郡阿見町阿見５９－６３", "url2": "https://www.kaigokensaku.mhlw.go.jp/08/index.php?action_kouhyou_detail_004_kani=true&JigyosyoCd=0873800957-00&ServiceCd=110&Type=search" }, "geometry": { "type": "Point", "coordinates": [ 140.2141626, 36.0544639 ] } },
{ "type": "Feature", "properties": { "内容": "ケアサービスひなた【訪問介護】茨城県結城郡八千代町菅谷2126-1", "url2": "https://www.kaigokensaku.mhlw.go.jp/08/index.php?action_kouhyou_detail_004_kani=true&JigyosyoCd=0874200546-00&ServiceCd=110&Type=search" }, "geometry": { "type": "Point", "coordinates": [ 139.867165399999976, 36.1950634 ] } },
{ "type": "Feature", "properties": { "内容": "おおしま指定訪問介護事業所【訪問介護】茨城県猿島郡五霞町原宿台４－６－１０", "url2": "https://www.kaigokensaku.mhlw.go.jp/08/index.php?action_kouhyou_detail_004_kani=true&JigyosyoCd=0874300148-00&ServiceCd=110&Type=search" }, "geometry": { "type": "Point", "coordinates": [ 139.735953099999961, 36.0968897 ] } },
{ "type": "Feature", "properties": { "内容": "訪問介護事業所わきあいあい【訪問介護】茨城県猿島郡五霞町原宿台1-3-1", "url2": "https://www.kaigokensaku.mhlw.go.jp/08/index.php?action_kouhyou_detail_004_kani=true&JigyosyoCd=0874301161-00&ServiceCd=110&Type=search" }, "geometry": { "type": "Point", "coordinates": [ 139.737466600000062, 36.1000699 ] } },
{ "type": "Feature", "properties": { "内容": "有限会社　まごころケアサービス【訪問介護】茨城県猿島郡境町塚崎２５５７番地の１", "url2": "https://www.kaigokensaku.mhlw.go.jp/08/index.php?action_kouhyou_detail_004_kani=true&JigyosyoCd=0874300809-00&ServiceCd=110&Type=search" }, "geometry": { "type": "Point", "coordinates": [ 139.773826399999962, 36.1263873 ] } },
{ "type": "Feature", "properties": { "内容": "訪問介護事業所クローバー【訪問介護】茨城県猿島郡西泉田1203-8サンハイム西泉田101", "url2": "https://www.kaigokensaku.mhlw.go.jp/08/index.php?action_kouhyou_detail_004_kani=true&JigyosyoCd=0874301278-00&ServiceCd=110&Type=search" }, "geometry": { "type": "Point", "coordinates": [ 139.8109095, 36.1205055 ] } },
{ "type": "Feature", "properties": { "内容": "介護支援センター　たんぽぽ【訪問介護】茨城県猿島郡境町大字伏木１２２７", "url2": "https://www.kaigokensaku.mhlw.go.jp/08/index.php?action_kouhyou_detail_004_kani=true&JigyosyoCd=0874300684-00&ServiceCd=110&Type=search" }, "geometry": { "type": "Point", "coordinates": [ 139.8289254, 36.0954655 ] } }
]
}
