{
"type": "FeatureCollection",
"name": "geo_08_短期入所生活介護",
"crs": { "type": "name", "properties": { "name": "urn:ogc:def:crs:OGC:1.3:CRS84" } },
"features": [
{ "type": "Feature", "properties": { "内容": "特別養護老人ホーム　フォレストヴィラ水戸【短期入所生活介護】茨城県水戸市全隈町1256-7", "url": "https://www.kaigokensaku.mhlw.go.jp/08/index.php?action_kouhyou_detail_004_kani=true&JigyosyoCd=0870100294-00&ServiceCd=210&Type=search", "url2": null }, "geometry": { "type": "Point", "coordinates": [ 140.387796900000012, 36.4211669 ] } },
{ "type": "Feature", "properties": { "内容": "明日葉ケアセンター【短期入所生活介護】水戸市見川町丹下一ノ牧2131-1303", "url": "https://www.kaigokensaku.mhlw.go.jp/08/index.php?action_kouhyou_detail_004_kani=true&JigyosyoCd=0870102019-00&ServiceCd=210&Type=search", "url2": null }, "geometry": { "type": "Point", "coordinates": [ 140.439629700000069, 36.3582812 ] } },
{ "type": "Feature", "properties": { "内容": "特別養護老人ホームライフピア河和田【短期入所生活介護】水戸市河和田町4126-201", "url": "https://www.kaigokensaku.mhlw.go.jp/08/index.php?action_kouhyou_detail_004_kani=true&JigyosyoCd=0870100476-00&ServiceCd=210&Type=search", "url2": null }, "geometry": { "type": "Point", "coordinates": [ 140.4043719, 36.3543031 ] } },
{ "type": "Feature", "properties": { "内容": "ショートステイ　あんじゅ【短期入所生活介護】水戸市島田町３４０３－１", "url": "https://www.kaigokensaku.mhlw.go.jp/08/index.php?action_kouhyou_detail_004_kani=true&JigyosyoCd=0870102902-00&ServiceCd=210&Type=search", "url2": "http://homepage3.com/ambition/co/" }, "geometry": { "type": "Point", "coordinates": [ 140.556281399999989, 36.3235881 ] } },
{ "type": "Feature", "properties": { "内容": "特別養護老人ホームはぎの郷【短期入所生活介護】茨城県水戸市酒門町2946-3", "url": "https://www.kaigokensaku.mhlw.go.jp/08/index.php?action_kouhyou_detail_004_kani=true&JigyosyoCd=0870103553-00&ServiceCd=210&Type=search", "url2": "http://www.mokusei-grp.jp/contents/senior_support/haginosato.html" }, "geometry": { "type": "Point", "coordinates": [ 140.497658, 36.34112 ] } },
{ "type": "Feature", "properties": { "内容": "みと東部特別養護老人ホーム【短期入所生活介護】茨城県水戸市酒門町1177-3", "url": "https://www.kaigokensaku.mhlw.go.jp/08/index.php?action_kouhyou_detail_004_kani=true&JigyosyoCd=0870106275-00&ServiceCd=210&Type=search", "url2": "https://swc-jinshinkai.com/" }, "geometry": { "type": "Point", "coordinates": [ 140.4851036, 36.3410454 ] } },
{ "type": "Feature", "properties": { "内容": "特別養護老人ホーム欅倶楽部【短期入所生活介護】茨城県水戸市酒門町3158", "url": "https://www.kaigokensaku.mhlw.go.jp/08/index.php?action_kouhyou_detail_004_kani=true&JigyosyoCd=0870105848-00&ServiceCd=210&Type=search", "url2": "http://www.momiyama-kai.org" }, "geometry": { "type": "Point", "coordinates": [ 140.487227600000011, 36.3404528 ] } },
{ "type": "Feature", "properties": { "内容": "ショート藤が原【短期入所生活介護】茨城県水戸市藤井町1117-1488", "url": "https://www.kaigokensaku.mhlw.go.jp/08/index.php?action_kouhyou_detail_004_kani=true&JigyosyoCd=0870104148-00&ServiceCd=210&Type=search", "url2": "http://www.shinaikai.or.jp" }, "geometry": { "type": "Point", "coordinates": [ 140.3874379, 36.4581435 ] } },
{ "type": "Feature", "properties": { "内容": "特別養護老人ホームアクティブハートさかど【短期入所生活介護】茨城県水戸市酒門町字西割４３９０番", "url": "https://www.kaigokensaku.mhlw.go.jp/08/index.php?action_kouhyou_detail_004_kani=true&JigyosyoCd=0870101128-00&ServiceCd=210&Type=search", "url2": "http://ah-sakado.com/" }, "geometry": { "type": "Point", "coordinates": [ 140.4718666, 36.3298517 ] } },
{ "type": "Feature", "properties": { "内容": "特別養護老人ホームアクティブハートさかど【短期入所生活介護】茨城県水戸市酒門町字西割４３９０番", "url": "https://www.kaigokensaku.mhlw.go.jp/08/index.php?action_kouhyou_detail_004_kani=true&JigyosyoCd=0870105038-00&ServiceCd=210&Type=search", "url2": "http://ah-sakado.com/" }, "geometry": { "type": "Point", "coordinates": [ 140.471933300000046, 36.3297406 ] } },
{ "type": "Feature", "properties": { "内容": "特別養護老人ホームかさはら【短期入所生活介護】茨城県水戸市笠原町75-3", "url": "https://www.kaigokensaku.mhlw.go.jp/08/index.php?action_kouhyou_detail_004_kani=true&JigyosyoCd=0870105152-00&ServiceCd=210&Type=search", "url2": "http://kasa-koufukukai.jp" }, "geometry": { "type": "Point", "coordinates": [ 140.4489065, 36.3405415 ] } },
{ "type": "Feature", "properties": { "内容": "みと東部特別養護老人ホーム【短期入所生活介護】茨城県水戸市酒門町1177-3", "url": "https://www.kaigokensaku.mhlw.go.jp/08/index.php?action_kouhyou_detail_004_kani=true&JigyosyoCd=0870106283-00&ServiceCd=210&Type=search", "url2": "https://swc-jinshinkai.com/" }, "geometry": { "type": "Point", "coordinates": [ 140.4851036, 36.3410454 ] } },
{ "type": "Feature", "properties": { "内容": "特別養護老人ホーム渡里すずらん苑ショートステイ【短期入所生活介護】茨城県水戸市堀町字北ノ前95-1", "url": "https://www.kaigokensaku.mhlw.go.jp/08/index.php?action_kouhyou_detail_004_kani=true&JigyosyoCd=0870107190-00&ServiceCd=210&Type=search", "url2": "https://310suzuran.jp/" }, "geometry": { "type": "Point", "coordinates": [ 140.416784311550003, 36.409692539178472 ] } },
{ "type": "Feature", "properties": { "内容": "社会福祉法人尚生会　介護老人福祉施設グリーンハウスみと【短期入所生活介護】茨城県水戸市塩崎町3503", "url": "https://www.kaigokensaku.mhlw.go.jp/08/index.php?action_kouhyou_detail_004_kani=true&JigyosyoCd=0870101656-00&ServiceCd=210&Type=search", "url2": "http://www.shoseikai.com" }, "geometry": { "type": "Point", "coordinates": [ 140.552381299999979, 36.3377609 ] } },
{ "type": "Feature", "properties": { "内容": "短期入所生活介護　ユーアイの家【短期入所生活介護】茨城県水戸市吉沼町1839-1", "url": "https://www.kaigokensaku.mhlw.go.jp/08/index.php?action_kouhyou_detail_004_kani=true&JigyosyoCd=0870102456-00&ServiceCd=210&Type=search", "url2": "https://www.you-i-mura.com" }, "geometry": { "type": "Point", "coordinates": [ 140.5184146, 36.3629433 ] } },
{ "type": "Feature", "properties": { "内容": "ショートステイかたくりの郷【短期入所生活介護】茨城県水戸市大塚町1763-12", "url": "https://www.kaigokensaku.mhlw.go.jp/08/index.php?action_kouhyou_detail_004_kani=true&JigyosyoCd=0870106077-00&ServiceCd=210&Type=search", "url2": "http://www.suisei.or.jp;" }, "geometry": { "type": "Point", "coordinates": [ 140.3917078, 36.389994 ] } },
{ "type": "Feature", "properties": { "内容": "特別養護老人ホーム　愛友園【短期入所生活介護】茨城県水戸市緑町３－９－３５", "url": "https://www.kaigokensaku.mhlw.go.jp/08/index.php?action_kouhyou_detail_004_kani=true&JigyosyoCd=0870100393-00&ServiceCd=210&Type=search", "url2": "http://www.aiyuuen.server-shared.com/" }, "geometry": { "type": "Point", "coordinates": [ 140.443448699999976, 36.3829971 ] } },
{ "type": "Feature", "properties": { "内容": "双葉陽だまり館【短期入所生活介護】茨城県水戸市開江町７番地", "url": "https://www.kaigokensaku.mhlw.go.jp/08/index.php?action_kouhyou_detail_004_kani=true&JigyosyoCd=0870105541-00&ServiceCd=210&Type=search", "url2": "www.heart-pia.com" }, "geometry": { "type": "Point", "coordinates": [ 140.390412690505542, 36.395073674254682 ] } },
{ "type": "Feature", "properties": { "内容": "特別養護老人ホーム　もみじ館【短期入所生活介護】茨城県水戸市鯉淵町2222-1", "url": "https://www.kaigokensaku.mhlw.go.jp/08/index.php?action_kouhyou_detail_004_kani=true&JigyosyoCd=0873100390-00&ServiceCd=210&Type=search", "url2": "https://hokuyoukai.jp/momiji/" }, "geometry": { "type": "Point", "coordinates": [ 140.3685892, 36.3568759 ] } },
{ "type": "Feature", "properties": { "内容": "もみじ館【短期入所生活介護】茨城県水戸市鯉淵町2222-1", "url": "https://www.kaigokensaku.mhlw.go.jp/08/index.php?action_kouhyou_detail_004_kani=true&JigyosyoCd=0873100408-00&ServiceCd=210&Type=search", "url2": "https://hokuyoukai.jp/momiji/" }, "geometry": { "type": "Point", "coordinates": [ 140.3685892, 36.3568759 ] } },
{ "type": "Feature", "properties": { "内容": "かたくりステイさざんか【短期入所生活介護】水戸市河和田町4516-1", "url": "https://www.kaigokensaku.mhlw.go.jp/08/index.php?action_kouhyou_detail_004_kani=true&JigyosyoCd=0870103223-00&ServiceCd=210&Type=search", "url2": "http://www.suisei.or.jp" }, "geometry": { "type": "Point", "coordinates": [ 140.392487, 36.3485814 ] } },
{ "type": "Feature", "properties": { "内容": "特別養護老人ホーム　ライフピア青柳【短期入所生活介護】茨城県水戸市青柳町3796", "url": "https://www.kaigokensaku.mhlw.go.jp/08/index.php?action_kouhyou_detail_004_kani=true&JigyosyoCd=0870100328-00&ServiceCd=210&Type=search", "url2": "http://www.myfavorite.bz/lifepiaaoyagi/" }, "geometry": { "type": "Point", "coordinates": [ 140.477884099999983, 36.3984414 ] } },
{ "type": "Feature", "properties": { "内容": "短期入所生活介護事業所　桜川陽だまり館【短期入所生活介護】水戸市河和田町58番地", "url": "https://www.kaigokensaku.mhlw.go.jp/08/index.php?action_kouhyou_detail_004_kani=true&JigyosyoCd=0870103066-00&ServiceCd=210&Type=search", "url2": "http://www.heart-pia.com/" }, "geometry": { "type": "Point", "coordinates": [ 140.4273373, 36.3672725 ] } },
{ "type": "Feature", "properties": { "内容": "特別養護老人ホームもくせい【短期入所生活介護】茨城県水戸市東原3丁目2-7", "url": "https://www.kaigokensaku.mhlw.go.jp/08/index.php?action_kouhyou_detail_004_kani=true&JigyosyoCd=0870103330-00&ServiceCd=210&Type=search", "url2": "http://hokusuikai.or.jp/mokusei/" }, "geometry": { "type": "Point", "coordinates": [ 140.4473499, 36.3863006 ] } },
{ "type": "Feature", "properties": { "内容": "特別養護老人ホーム　あいおんの里水戸【短期入所生活介護】河和田町4422-1", "url": "https://www.kaigokensaku.mhlw.go.jp/08/index.php?action_kouhyou_detail_004_kani=true&JigyosyoCd=0870106689-00&ServiceCd=210&Type=search", "url2": "http://www.youkou-kai.or.jp/" }, "geometry": { "type": "Point", "coordinates": [ 140.399618694637951, 36.360933816931478 ] } },
{ "type": "Feature", "properties": { "内容": "長生園【短期入所生活介護】茨城県水戸市堀町1185番地", "url": "https://www.kaigokensaku.mhlw.go.jp/08/index.php?action_kouhyou_detail_004_kani=true&JigyosyoCd=0870104338-00&ServiceCd=210&Type=search", "url2": "http://hokusuikai.or.jp/chouseien/" }, "geometry": { "type": "Point", "coordinates": [ 140.428051699999969, 36.3999703 ] } },
{ "type": "Feature", "properties": { "内容": "ユニット型ショートステイ長生園【短期入所生活介護】茨城県水戸市堀町1185番地", "url": "https://www.kaigokensaku.mhlw.go.jp/08/index.php?action_kouhyou_detail_004_kani=true&JigyosyoCd=0870105988-00&ServiceCd=210&Type=search", "url2": "http://www.hokusuikai.or.jp" }, "geometry": { "type": "Point", "coordinates": [ 140.427893400000016, 36.3995509 ] } },
{ "type": "Feature", "properties": { "内容": "ショートステイ安住野【短期入所生活介護】茨城県水戸市笠原町645-1", "url": "https://www.kaigokensaku.mhlw.go.jp/08/index.php?action_kouhyou_detail_004_kani=true&JigyosyoCd=0870104577-00&ServiceCd=210&Type=search", "url2": "http://ls-yamano.jp/" }, "geometry": { "type": "Point", "coordinates": [ 140.455487100000028, 36.3417279 ] } },
{ "type": "Feature", "properties": { "内容": "ショートステイ東野の家【短期入所生活介護】茨城県水戸市東野町２１５－１", "url": "https://www.kaigokensaku.mhlw.go.jp/08/index.php?action_kouhyou_detail_004_kani=true&JigyosyoCd=0870102803-00&ServiceCd=210&Type=search", "url2": "http://www.tokusenkai.jimusho.jp/" }, "geometry": { "type": "Point", "coordinates": [ 140.451952300000016, 36.3227496 ] } },
{ "type": "Feature", "properties": { "内容": "特別養護老人ホーム　祐功の館【短期入所生活介護】茨城県水戸市飯島町1308番1", "url": "https://www.kaigokensaku.mhlw.go.jp/08/index.php?action_kouhyou_detail_004_kani=true&JigyosyoCd=0870105301-00&ServiceCd=210&Type=search", "url2": "http://www.yukonoyakata.com" }, "geometry": { "type": "Point", "coordinates": [ 140.391485352114842, 36.366644947731139 ] } },
{ "type": "Feature", "properties": { "内容": "ショートステイ梅寿園【短期入所生活介護】茨城県水戸市見川町1820－10", "url": "https://www.kaigokensaku.mhlw.go.jp/08/index.php?action_kouhyou_detail_004_kani=true&JigyosyoCd=0870100633-00&ServiceCd=210&Type=search", "url2": "http://www.shinaikai.or.jp" }, "geometry": { "type": "Point", "coordinates": [ 140.43453028993531, 36.355717353352205 ] } },
{ "type": "Feature", "properties": { "内容": "ショートステイ梅寿園【短期入所生活介護】茨城県水戸市見川町1820-10", "url": "https://www.kaigokensaku.mhlw.go.jp/08/index.php?action_kouhyou_detail_004_kani=true&JigyosyoCd=0870105822-00&ServiceCd=210&Type=search", "url2": "http://www.shinaikai.or.jp" }, "geometry": { "type": "Point", "coordinates": [ 140.434570900000011, 36.3556946 ] } },
{ "type": "Feature", "properties": { "内容": "株式会社アズ・ライフケア　あずみ苑水戸【短期入所生活介護】茨城県水戸市河和田２丁目２１－３", "url": "https://www.kaigokensaku.mhlw.go.jp/08/index.php?action_kouhyou_detail_004_kani=true&JigyosyoCd=0870106242-00&ServiceCd=210&Type=search", "url2": "https://www.az-lifecare.co.jp/" }, "geometry": { "type": "Point", "coordinates": [ 140.4069589, 36.3781576 ] } },
{ "type": "Feature", "properties": { "内容": "ショートステイサービス　山水苑【短期入所生活介護】日立市下深萩町1770番地", "url": "https://www.kaigokensaku.mhlw.go.jp/08/index.php?action_kouhyou_detail_004_kani=true&JigyosyoCd=0870201159-00&ServiceCd=210&Type=search", "url2": "http://sansuien-care.com/" }, "geometry": { "type": "Point", "coordinates": [ 140.543228370116594, 36.632191694947203 ] } },
{ "type": "Feature", "properties": { "内容": "社会福祉法人　聖愛会　ショートステイ石名坂聖孝園【短期入所生活介護】茨城県日立市石名坂町2-16-1", "url": "https://www.kaigokensaku.mhlw.go.jp/08/index.php?action_kouhyou_detail_004_kani=true&JigyosyoCd=0870202538-00&ServiceCd=210&Type=search", "url2": "http://aikohkai.or.jp/ishinazaka" }, "geometry": { "type": "Point", "coordinates": [ 140.5976886, 36.5153594 ] } },
{ "type": "Feature", "properties": { "内容": "日立市かねはた短期入所施設【短期入所生活介護】日立市大沼町3丁目25番10号", "url": "https://www.kaigokensaku.mhlw.go.jp/08/index.php?action_kouhyou_detail_004_kani=true&JigyosyoCd=0870200250-00&ServiceCd=210&Type=search", "url2": "http://www.hitachi-jigyoudan.com/" }, "geometry": { "type": "Point", "coordinates": [ 140.615772900000024, 36.5298666 ] } },
{ "type": "Feature", "properties": { "内容": "特別養護老人ホーム　銀砂台【短期入所生活介護】茨城県日立市砂沢町字尾ノ作1155番地の1", "url": "https://www.kaigokensaku.mhlw.go.jp/08/index.php?action_kouhyou_detail_004_kani=true&JigyosyoCd=0870200128-00&ServiceCd=210&Type=search", "url2": "http://www.ginsadai.com" }, "geometry": { "type": "Point", "coordinates": [ 140.673995900000023, 36.6563227 ] } },
{ "type": "Feature", "properties": { "内容": "ショートステイサービス山水苑サテライト【短期入所生活介護】茨城県日立市神峰町1₋8₋6", "url": "https://www.kaigokensaku.mhlw.go.jp/08/index.php?action_kouhyou_detail_004_kani=true&JigyosyoCd=0870202769-00&ServiceCd=210&Type=search", "url2": "http://sansuien-care.com/" }, "geometry": { "type": "Point", "coordinates": [ 140.65260418028717, 36.597228317574768 ] } },
{ "type": "Feature", "properties": { "内容": "特別養護老人ホーム　成華園【短期入所生活介護】茨城県日立市久慈町4-19-21", "url": "https://www.kaigokensaku.mhlw.go.jp/08/index.php?action_kouhyou_detail_004_kani=true&JigyosyoCd=0870200524-00&ServiceCd=210&Type=search", "url2": "http://seikaen-seiwakai.com" }, "geometry": { "type": "Point", "coordinates": [ 140.610097499999938, 36.4900844 ] } },
{ "type": "Feature", "properties": { "内容": "特別養護老人ホーム　鮎川さくら館【短期入所生活介護】茨城県日立市国分町三丁目12番10号", "url": "https://www.kaigokensaku.mhlw.go.jp/08/index.php?action_kouhyou_detail_004_kani=true&JigyosyoCd=0870200870-00&ServiceCd=210&Type=search", "url2": "http://www.syujinkai-kh.or.jp/ayukawasakurakan/" }, "geometry": { "type": "Point", "coordinates": [ 140.649529600000051, 36.5670299 ] } },
{ "type": "Feature", "properties": { "内容": "特別養護老人ホームさくら館サテライト【短期入所生活介護】茨城県日立市桜川町１－１－１ウェルニックプラザ3階", "url": "https://www.kaigokensaku.mhlw.go.jp/08/index.php?action_kouhyou_detail_004_kani=true&JigyosyoCd=0870201449-00&ServiceCd=210&Type=search", "url2": "http://www.syujinkai-kh.or.jp/wellnic/sakurakans/" }, "geometry": { "type": "Point", "coordinates": [ 140.627859700000045, 36.5566778 ] } },
{ "type": "Feature", "properties": { "内容": "特別養護老人ホーム　成華園サテライト【短期入所生活介護】茨城県日立市久慈町3-18-11", "url": "https://www.kaigokensaku.mhlw.go.jp/08/index.php?action_kouhyou_detail_004_kani=true&JigyosyoCd=0870202777-00&ServiceCd=210&Type=search", "url2": "http://seikaen-seiwakai.com" }, "geometry": { "type": "Point", "coordinates": [ 140.6172005, 36.4965838 ] } },
{ "type": "Feature", "properties": { "内容": "老人短期入所事業ＭＡＯ【短期入所生活介護】茨城県日立市下土木内町字荻町545-1", "url": "https://www.kaigokensaku.mhlw.go.jp/08/index.php?action_kouhyou_detail_004_kani=true&JigyosyoCd=0870200557-00&ServiceCd=210&Type=search", "url2": "https://care-net.biz/08/mao/" }, "geometry": { "type": "Point", "coordinates": [ 140.579854246108795, 36.496971046340995 ] } },
{ "type": "Feature", "properties": { "内容": "特別養護老人ホーム金沢弁天園【短期入所生活介護】茨城県日立市東金沢町4-16-10", "url": "https://www.kaigokensaku.mhlw.go.jp/08/index.php?action_kouhyou_detail_004_kani=true&JigyosyoCd=0870201001-00&ServiceCd=210&Type=search", "url2": "http://k-bentenen.com/" }, "geometry": { "type": "Point", "coordinates": [ 140.6284019, 36.5396775 ] } },
{ "type": "Feature", "properties": { "内容": "ほっと・すてい　なめかわ【短期入所生活介護】茨城県日立市東滑川町1-36-1", "url": "https://www.kaigokensaku.mhlw.go.jp/08/index.php?action_kouhyou_detail_004_kani=true&JigyosyoCd=0870202603-00&ServiceCd=210&Type=search", "url2": "https://hot-group-hitachi.com" }, "geometry": { "type": "Point", "coordinates": [ 140.670774599999987, 36.6068677 ] } },
{ "type": "Feature", "properties": { "内容": "特別養護老人ホーム　サン豊浦【短期入所生活介護】茨城県日立市川尻町字稲荷作７５８－２７", "url": "https://www.kaigokensaku.mhlw.go.jp/08/index.php?action_kouhyou_detail_004_kani=true&JigyosyoCd=0870200110-00&ServiceCd=210&Type=search", "url2": "http://www.santoyoura-toyouranosato.com" }, "geometry": { "type": "Point", "coordinates": [ 140.689476966409302, 36.660210652002512 ] } },
{ "type": "Feature", "properties": { "内容": "特別養護老人ホーム　一想園　指定短期入所生活介護事業所【短期入所生活介護】茨城県日立市田尻町2-8-10", "url": "https://www.kaigokensaku.mhlw.go.jp/08/index.php?action_kouhyou_detail_004_kani=true&JigyosyoCd=0870201423-00&ServiceCd=210&Type=search", "url2": "http://www.issoen.jp/" }, "geometry": { "type": "Point", "coordinates": [ 140.666880600000013, 36.6336197 ] } },
{ "type": "Feature", "properties": { "内容": "ショートステイ　福祉の森　聖孝園【短期入所生活介護】茨城県日立市十王町高原333-6", "url": "https://www.kaigokensaku.mhlw.go.jp/08/index.php?action_kouhyou_detail_004_kani=true&JigyosyoCd=0873500094-00&ServiceCd=210&Type=search", "url2": "http://www.aikohkai.or.jp" }, "geometry": { "type": "Point", "coordinates": [ 140.6233392, 36.673243 ] } },
{ "type": "Feature", "properties": { "内容": "特別養護老人ホーム小咲園【短期入所生活介護】茨城県日立市諏訪町５丁目５番１号", "url": "https://www.kaigokensaku.mhlw.go.jp/08/index.php?action_kouhyou_detail_004_kani=true&JigyosyoCd=0870200219-00&ServiceCd=210&Type=search", "url2": "https://kosakuen.com/shortstay.html" }, "geometry": { "type": "Point", "coordinates": [ 140.6196538, 36.5665839 ] } },
{ "type": "Feature", "properties": { "内容": "日立市萬春園【短期入所生活介護】茨城県日立市鮎川町3-2-10", "url": "https://www.kaigokensaku.mhlw.go.jp/08/index.php?action_kouhyou_detail_004_kani=true&JigyosyoCd=0870200326-00&ServiceCd=210&Type=search", "url2": "https://www.hitachi-jigyoudan.com" }, "geometry": { "type": "Point", "coordinates": [ 140.639355412871026, 36.564590585525856 ] } },
{ "type": "Feature", "properties": { "内容": "短期入所生活介護　ひたちの森すこやかビレッジ【短期入所生活介護】茨城県日立市東滑川町５－１０－３", "url": "https://www.kaigokensaku.mhlw.go.jp/08/index.php?action_kouhyou_detail_004_kani=true&JigyosyoCd=0870201308-00&ServiceCd=210&Type=search", "url2": "http://www.sukoyakavillage.com" }, "geometry": { "type": "Point", "coordinates": [ 140.68068310000001, 36.6163912 ] } },
{ "type": "Feature", "properties": { "内容": "特別養護老人ホーム　シルトピア【短期入所生活介護】茨城県土浦市本郷１６７９－１", "url": "https://www.kaigokensaku.mhlw.go.jp/08/index.php?action_kouhyou_detail_004_kani=true&JigyosyoCd=0870302346-00&ServiceCd=210&Type=search", "url2": "http.//www.shirutopia.or.jp" }, "geometry": { "type": "Point", "coordinates": [ 140.173078799999985, 36.1565294 ] } },
{ "type": "Feature", "properties": { "内容": "社会福祉法人筑水会ライフサポートサンルーナ【短期入所生活介護】茨城県土浦市おおつ野2丁目1-1", "url": "https://www.kaigokensaku.mhlw.go.jp/08/index.php?action_kouhyou_detail_004_kani=true&JigyosyoCd=0870302668-00&ServiceCd=210&Type=search", "url2": "http:/www.sunluna.jp/" }, "geometry": { "type": "Point", "coordinates": [ 140.2564768, 36.0867181 ] } },
{ "type": "Feature", "properties": { "内容": "特別養護老人ホーム　シルトピア【短期入所生活介護】茨城県土浦市本郷１６７９－１", "url": "https://www.kaigokensaku.mhlw.go.jp/08/index.php?action_kouhyou_detail_004_kani=true&JigyosyoCd=0873900088-00&ServiceCd=210&Type=search", "url2": "http://www.shirutopia.or.jp" }, "geometry": { "type": "Point", "coordinates": [ 140.173078799999956, 36.1565294 ] } },
{ "type": "Feature", "properties": { "内容": "特別養護老人ホーム滝の園【短期入所生活介護】茨城県土浦市宍塚1935番地", "url": "https://www.kaigokensaku.mhlw.go.jp/08/index.php?action_kouhyou_detail_004_kani=true&JigyosyoCd=0870300217-00&ServiceCd=210&Type=search", "url2": "https://kinsuikai.com/" }, "geometry": { "type": "Point", "coordinates": [ 140.170946800000024, 36.0825869 ] } },
{ "type": "Feature", "properties": { "内容": "土浦晴山苑ショートステイサービス【短期入所生活介護】茨城県土浦市田村町２３２１-５", "url": "https://www.kaigokensaku.mhlw.go.jp/08/index.php?action_kouhyou_detail_004_kani=true&JigyosyoCd=0870301215-00&ServiceCd=210&Type=search", "url2": "https://seizan-kai.or.jp/" }, "geometry": { "type": "Point", "coordinates": [ 140.25264889999994, 36.0923574 ] } },
{ "type": "Feature", "properties": { "内容": "特別養護老人ホーム　　やすらぎの園【短期入所生活介護】茨城県土浦市小岩田西二丁目1番49号", "url": "https://www.kaigokensaku.mhlw.go.jp/08/index.php?action_kouhyou_detail_004_kani=true&JigyosyoCd=0870300779-00&ServiceCd=210&Type=search", "url2": "juseikai-yasuraginosono.or.jp" }, "geometry": { "type": "Point", "coordinates": [ 140.1891229, 36.0605835 ] } },
{ "type": "Feature", "properties": { "内容": "特別養護老人ホーム　飛羽ノ園【短期入所生活介護】茨城県土浦市小松三丁目１８番１８号", "url": "https://www.kaigokensaku.mhlw.go.jp/08/index.php?action_kouhyou_detail_004_kani=true&JigyosyoCd=0870300241-00&ServiceCd=210&Type=search", "url2": "http://www11.ocn.ne.jp/^hiwanoen/" }, "geometry": { "type": "Point", "coordinates": [ 140.202133799999956, 36.0648962 ] } },
{ "type": "Feature", "properties": { "内容": "特別養護老人ホーム　なごみ【短期入所生活介護】茨城県土浦市右籾644-1", "url": "https://www.kaigokensaku.mhlw.go.jp/08/index.php?action_kouhyou_detail_004_kani=true&JigyosyoCd=0870301363-00&ServiceCd=210&Type=search", "url2": "http://nagomi-tsuchiura.com/" }, "geometry": { "type": "Point", "coordinates": [ 140.183385700000031, 36.0505918 ] } },
{ "type": "Feature", "properties": { "内容": "特別養護老人ホームこほく【短期入所生活介護】茨城県土浦市菅谷町タカノス１１６８－１", "url": "https://www.kaigokensaku.mhlw.go.jp/08/index.php?action_kouhyou_detail_004_kani=true&JigyosyoCd=0870302387-00&ServiceCd=210&Type=search", "url2": "http://www.seisyukai.or.jp/" }, "geometry": { "type": "Point", "coordinates": [ 140.274838199650134, 36.097712641824032 ] } },
{ "type": "Feature", "properties": { "内容": "特別養護老人ホーム憩いの里【短期入所生活介護】土浦市高岡2315", "url": "https://www.kaigokensaku.mhlw.go.jp/08/index.php?action_kouhyou_detail_004_kani=true&JigyosyoCd=0873900765-00&ServiceCd=210&Type=search", "url2": "http://showfukai.com/" }, "geometry": { "type": "Point", "coordinates": [ 140.15358470000001, 36.1302062 ] } },
{ "type": "Feature", "properties": { "内容": "ショートステイセンターにいはり【短期入所生活介護】茨城県土浦市藤沢３５３４－１", "url": "https://www.kaigokensaku.mhlw.go.jp/08/index.php?action_kouhyou_detail_004_kani=true&JigyosyoCd=0873900658-00&ServiceCd=210&Type=search", "url2": "http://www.seisyuukai.com/ccniihari/" }, "geometry": { "type": "Point", "coordinates": [ 140.173319898672503, 36.12050816591772 ] } },
{ "type": "Feature", "properties": { "内容": "特別養護老人ホーム　もりの家【短期入所生活介護】土浦市北荒川沖町８番１号", "url": "https://www.kaigokensaku.mhlw.go.jp/08/index.php?action_kouhyou_detail_004_kani=true&JigyosyoCd=0870300290-00&ServiceCd=210&Type=search", "url2": "http://www.morino-ie.jp/" }, "geometry": { "type": "Point", "coordinates": [ 140.1669478, 36.0369124 ] } },
{ "type": "Feature", "properties": { "内容": "特別養護老人ホームはなのえん【短期入所生活介護】茨城県土浦市粟野町1852-1", "url": "https://www.kaigokensaku.mhlw.go.jp/08/index.php?action_kouhyou_detail_004_kani=true&JigyosyoCd=0870303328-00&ServiceCd=210&Type=search", "url2": "https://kasumigaurashikikai.com/" }, "geometry": { "type": "Point", "coordinates": [ 140.198624064418027, 36.140376521682704 ] } },
{ "type": "Feature", "properties": { "内容": "短期入所生活介護事業所　プラザマアム【短期入所生活介護】茨城県土浦市板谷7-626-11", "url": "https://www.kaigokensaku.mhlw.go.jp/08/index.php?action_kouhyou_detail_004_kani=true&JigyosyoCd=0880300025-00&ServiceCd=210&Type=search", "url2": "http://www.p-maam.co.jp/" }, "geometry": { "type": "Point", "coordinates": [ 140.209064200000057, 36.114048199999971 ] } },
{ "type": "Feature", "properties": { "内容": "土浦永国ケアセンターそよ風【短期入所生活介護】茨城県土浦市中高津１丁目２２番地７７号", "url": "https://www.kaigokensaku.mhlw.go.jp/08/index.php?action_kouhyou_detail_004_kani=true&JigyosyoCd=0870301496-00&ServiceCd=210&Type=search", "url2": "https://www.sykz.co.jp" }, "geometry": { "type": "Point", "coordinates": [ 140.187366099999963, 36.0638153 ] } },
{ "type": "Feature", "properties": { "内容": "特別養護老人ホーム　滝田【短期入所生活介護】茨城県土浦市滝田１丁目10-2", "url": "https://www.kaigokensaku.mhlw.go.jp/08/index.php?action_kouhyou_detail_004_kani=true&JigyosyoCd=0870302874-00&ServiceCd=210&Type=search", "url2": "https://tokuyou-takita.com" }, "geometry": { "type": "Point", "coordinates": [ 140.215735, 36.068645 ] } },
{ "type": "Feature", "properties": { "内容": "特別養護老人ホーム　はなのえん【短期入所生活介護】土浦市粟野町1852-1", "url": "https://www.kaigokensaku.mhlw.go.jp/08/index.php?action_kouhyou_detail_004_kani=true&JigyosyoCd=0870301017-00&ServiceCd=210&Type=search", "url2": "https://kasumigaurashikikai.com/" }, "geometry": { "type": "Point", "coordinates": [ 140.1986187, 36.1403332 ] } },
{ "type": "Feature", "properties": { "内容": "特別養護老人ホーム　静霞園【短期入所生活介護】茨城県土浦市東若松町3379番地", "url": "https://www.kaigokensaku.mhlw.go.jp/08/index.php?action_kouhyou_detail_004_kani=true&JigyosyoCd=0870300209-00&ServiceCd=210&Type=search", "url2": "http://www.aishinkai.or.jp" }, "geometry": { "type": "Point", "coordinates": [ 140.2093979, 36.1082959 ] } },
{ "type": "Feature", "properties": { "内容": "ショートステイえがお【短期入所生活介護】茨城県土浦市中村東2-21-1", "url": "https://www.kaigokensaku.mhlw.go.jp/08/index.php?action_kouhyou_detail_004_kani=true&JigyosyoCd=0870301959-00&ServiceCd=210&Type=search", "url2": "https://kaigo-egao.jikokai.or.jp/" }, "geometry": { "type": "Point", "coordinates": [ 140.173653, 36.0450171 ] } },
{ "type": "Feature", "properties": { "内容": "短期入所生活介護　希望の森【短期入所生活介護】茨城県古河市上大野1889-1", "url": "https://www.kaigokensaku.mhlw.go.jp/08/index.php?action_kouhyou_detail_004_kani=true&JigyosyoCd=0870400900-00&ServiceCd=210&Type=search", "url2": "http://www.ai-wa-kai.com/kibounomori" }, "geometry": { "type": "Point", "coordinates": [ 139.7842614, 36.2223539 ] } },
{ "type": "Feature", "properties": { "内容": "秋明館ショートステイサービス【短期入所生活介護】茨城県古河市諸川２５３０－４", "url": "https://www.kaigokensaku.mhlw.go.jp/08/index.php?action_kouhyou_detail_004_kani=true&JigyosyoCd=0874300759-00&ServiceCd=210&Type=search", "url2": "http://wahukai.or.jp" }, "geometry": { "type": "Point", "coordinates": [ 139.8164649, 36.2046568 ] } },
{ "type": "Feature", "properties": { "内容": "特別養護老人ホーム愛和苑【短期入所生活介護】古河市駒羽根３２０－１", "url": "https://www.kaigokensaku.mhlw.go.jp/08/index.php?action_kouhyou_detail_004_kani=true&JigyosyoCd=0874300817-00&ServiceCd=210&Type=search", "url2": "http://ai-wa-kai.or.jp" }, "geometry": { "type": "Point", "coordinates": [ 139.7512213, 36.1730088 ] } },
{ "type": "Feature", "properties": { "内容": "老人短期入所事業　わたらせ【短期入所生活介護】茨城県古河市大山字西野507番5", "url": "https://www.kaigokensaku.mhlw.go.jp/08/index.php?action_kouhyou_detail_004_kani=true&JigyosyoCd=0870400173-00&ServiceCd=210&Type=search", "url2": "http：/jyukoukai-watarase.or.jp" }, "geometry": { "type": "Point", "coordinates": [ 139.714984, 36.147116 ] } },
{ "type": "Feature", "properties": { "内容": "特別養護老人ホーム　愛光園【短期入所生活介護】茨城県古河市新久田２５０－４", "url": "https://www.kaigokensaku.mhlw.go.jp/08/index.php?action_kouhyou_detail_004_kani=true&JigyosyoCd=0870400041-00&ServiceCd=210&Type=search", "url2": "http://aikouen.net/" }, "geometry": { "type": "Point", "coordinates": [ 139.70197840000003, 36.1694411 ] } },
{ "type": "Feature", "properties": { "内容": "あずみ苑古河【短期入所生活介護】茨城県古河市諸川1393-2", "url": "https://www.kaigokensaku.mhlw.go.jp/08/index.php?action_kouhyou_detail_004_kani=true&JigyosyoCd=0870400561-00&ServiceCd=210&Type=search", "url2": "http://www.azumien.jp" }, "geometry": { "type": "Point", "coordinates": [ 139.8071931, 36.1960019 ] } },
{ "type": "Feature", "properties": { "内容": "特別養護老人ホーム　四季の郷【短期入所生活介護】茨城県古河市東間中橋198", "url": "https://www.kaigokensaku.mhlw.go.jp/08/index.php?action_kouhyou_detail_004_kani=true&JigyosyoCd=0870401262-00&ServiceCd=210&Type=search", "url2": "http://w3.dreams.ne.jp/fj5106/" }, "geometry": { "type": "Point", "coordinates": [ 139.863835756097387, 36.194184942378953 ] } },
{ "type": "Feature", "properties": { "内容": "短期入所生活介護けやきの舎【短期入所生活介護】茨城県古河市仁連601", "url": "https://www.kaigokensaku.mhlw.go.jp/08/index.php?action_kouhyou_detail_004_kani=true&JigyosyoCd=0870400645-00&ServiceCd=210&Type=search", "url2": "http://www.nogihosp.or.jp/" }, "geometry": { "type": "Point", "coordinates": [ 139.8060194, 36.1830133 ] } },
{ "type": "Feature", "properties": { "内容": "特別養護老人ホーム　白英荘【短期入所生活介護】茨城県古河市小堤１７９６－２", "url": "https://www.kaigokensaku.mhlw.go.jp/08/index.php?action_kouhyou_detail_004_kani=true&JigyosyoCd=0870401205-00&ServiceCd=210&Type=search", "url2": "http://hakueisou.or.jp" }, "geometry": { "type": "Point", "coordinates": [ 139.7638902, 36.2021594 ] } },
{ "type": "Feature", "properties": { "内容": "特別養護老人ホーム　白英荘【短期入所生活介護】茨城県古河市小堤１７９６－２", "url": "https://www.kaigokensaku.mhlw.go.jp/08/index.php?action_kouhyou_detail_004_kani=true&JigyosyoCd=0874300122-00&ServiceCd=210&Type=search", "url2": "http://hakueisou.or.jp" }, "geometry": { "type": "Point", "coordinates": [ 139.763836099999907, 36.2022807 ] } },
{ "type": "Feature", "properties": { "内容": "ショートステイこすもす【短期入所生活介護】茨城県古河市大和田1802-1", "url": "https://www.kaigokensaku.mhlw.go.jp/08/index.php?action_kouhyou_detail_004_kani=true&JigyosyoCd=0870400926-00&ServiceCd=210&Type=search", "url2": "株式会社しもふさの郷" }, "geometry": { "type": "Point", "coordinates": [ 139.789903200000026, 36.2022649 ] } },
{ "type": "Feature", "properties": { "内容": "特別養護老人ホームみどりの丘【短期入所生活介護】茨城県古河市尾崎4608-1", "url": "https://www.kaigokensaku.mhlw.go.jp/08/index.php?action_kouhyou_detail_004_kani=true&JigyosyoCd=0870401551-00&ServiceCd=210&Type=search", "url2": "www.s-3273.com" }, "geometry": { "type": "Point", "coordinates": [ 139.838597299999947, 36.2193013 ] } },
{ "type": "Feature", "properties": { "内容": "特別養護老人ホームみどりの里【短期入所生活介護】茨城県古河市東山田4796-2", "url": "https://www.kaigokensaku.mhlw.go.jp/08/index.php?action_kouhyou_detail_004_kani=true&JigyosyoCd=0874300205-00&ServiceCd=210&Type=search", "url2": "https://www.s-3273.com" }, "geometry": { "type": "Point", "coordinates": [ 139.831205599999947, 36.1597328 ] } },
{ "type": "Feature", "properties": { "内容": "ろまんの舎【短期入所生活介護】茨城県古河市下辺見2845", "url": "https://www.kaigokensaku.mhlw.go.jp/08/index.php?action_kouhyou_detail_004_kani=true&JigyosyoCd=0870401353-00&ServiceCd=210&Type=search", "url2": "https://www.roman-no-ie.com" }, "geometry": { "type": "Point", "coordinates": [ 139.731188199336259, 36.174760811879537 ] } },
{ "type": "Feature", "properties": { "内容": "特別養護老人ホーム愛和苑【短期入所生活介護】茨城県古河市駒羽根320-1", "url": "https://www.kaigokensaku.mhlw.go.jp/08/index.php?action_kouhyou_detail_004_kani=true&JigyosyoCd=0870401973-00&ServiceCd=210&Type=search", "url2": "http://www.ai-wa-kai.com/" }, "geometry": { "type": "Point", "coordinates": [ 139.7510891, 36.1729851 ] } },
{ "type": "Feature", "properties": { "内容": "ショートステイ　みやびの里【短期入所生活介護】駒羽根1420-1", "url": "https://www.kaigokensaku.mhlw.go.jp/08/index.php?action_kouhyou_detail_004_kani=true&JigyosyoCd=0870400983-00&ServiceCd=210&Type=search", "url2": "http://www.asahikeaservice-miyabinosato.com/" }, "geometry": { "type": "Point", "coordinates": [ 139.757907400000022, 36.158285800000016 ] } },
{ "type": "Feature", "properties": { "内容": "特別養護老人ホーム　ゆりの里【短期入所生活介護】茨城県石岡市東石岡3-17-38", "url": "https://www.kaigokensaku.mhlw.go.jp/08/index.php?action_kouhyou_detail_004_kani=true&JigyosyoCd=0870501111-00&ServiceCd=210&Type=search", "url2": "http://seijokai.net/" }, "geometry": { "type": "Point", "coordinates": [ 140.29648370000001, 36.1839663 ] } },
{ "type": "Feature", "properties": { "内容": "特別養護老人ホーム明翠苑【短期入所生活介護】茨城県石岡市半ノ木１１４８１－１", "url": "https://www.kaigokensaku.mhlw.go.jp/08/index.php?action_kouhyou_detail_004_kani=true&JigyosyoCd=0870500055-00&ServiceCd=210&Type=search", "url2": "http://tekisuikai.or.jp" }, "geometry": { "type": "Point", "coordinates": [ 140.271031200000039, 36.2344378 ] } },
{ "type": "Feature", "properties": { "内容": "石岡市特別養護老人ホームのぞみ【短期入所生活介護】茨城県石岡市大砂１０５２７－６", "url": "https://www.kaigokensaku.mhlw.go.jp/08/index.php?action_kouhyou_detail_004_kani=true&JigyosyoCd=0870500279-00&ServiceCd=210&Type=search", "url2": "http://nozomijs.jp/" }, "geometry": { "type": "Point", "coordinates": [ 140.250286272491394, 36.223309996866512 ] } },
{ "type": "Feature", "properties": { "内容": "特別養護老人ホームれもん【短期入所生活介護】茨城県石岡市下林3346-1", "url": "https://www.kaigokensaku.mhlw.go.jp/08/index.php?action_kouhyou_detail_004_kani=true&JigyosyoCd=0870500634-00&ServiceCd=210&Type=search", "url2": "souyuukai-lemon-2006@ec4.technowave.ne.jp" }, "geometry": { "type": "Point", "coordinates": [ 140.243508799999972, 36.2273215 ] } },
{ "type": "Feature", "properties": { "内容": "特別養護老人ホーム石岡陽だまり館【短期入所生活介護】茨城県石岡市府中1丁目3番10号", "url": "https://www.kaigokensaku.mhlw.go.jp/08/index.php?action_kouhyou_detail_004_kani=true&JigyosyoCd=0870501277-00&ServiceCd=210&Type=search", "url2": "http://www.heart-pia.com/meguminokai/facility/hidamari_ishioka.html" }, "geometry": { "type": "Point", "coordinates": [ 140.275447500000013, 36.191521 ] } },
{ "type": "Feature", "properties": { "内容": "短期入所生活介護事業所　石岡陽だまり館【短期入所生活介護】茨城県石岡市府中一丁目3番10号", "url": "https://www.kaigokensaku.mhlw.go.jp/08/index.php?action_kouhyou_detail_004_kani=true&JigyosyoCd=0870500659-00&ServiceCd=210&Type=search", "url2": "http://www.heart-pia.com/" }, "geometry": { "type": "Point", "coordinates": [ 140.275498700000071, 36.1915479 ] } },
{ "type": "Feature", "properties": { "内容": "ショートステイ　センチュリー石岡【短期入所生活介護】茨城県石岡市三村字舘塚6286番地１", "url": "https://www.kaigokensaku.mhlw.go.jp/08/index.php?action_kouhyou_detail_004_kani=true&JigyosyoCd=0870500105-00&ServiceCd=210&Type=search", "url2": "sencyuriishioka@intio.or.jp" }, "geometry": { "type": "Point", "coordinates": [ 140.27872739999998, 36.1527992 ] } },
{ "type": "Feature", "properties": { "内容": "特別養護老人ホームようよう【短期入所生活介護】茨城県石岡市東石岡市3-2-19", "url": "https://www.kaigokensaku.mhlw.go.jp/08/index.php?action_kouhyou_detail_004_kani=true&JigyosyoCd=0870500881-00&ServiceCd=210&Type=search", "url2": "http://www.sannoudaiyouyou.jp/" }, "geometry": { "type": "Point", "coordinates": [ 140.287556, 36.1900483 ] } },
{ "type": "Feature", "properties": { "内容": "老人短期入所事業談話館【短期入所生活介護】茨城県石岡市部原７８４番１", "url": "https://www.kaigokensaku.mhlw.go.jp/08/index.php?action_kouhyou_detail_004_kani=true&JigyosyoCd=0873900682-00&ServiceCd=210&Type=search", "url2": "http://www.bungosou.or.jp/ydanwakan/" }, "geometry": { "type": "Point", "coordinates": [ 140.223979010589545, 36.261837451317845 ] } },
{ "type": "Feature", "properties": { "内容": "ショートステイ「あいリレー石岡鹿の子」【短期入所生活介護】茨城県石岡市鹿の子2-8-37", "url": "https://www.kaigokensaku.mhlw.go.jp/08/index.php?action_kouhyou_detail_004_kani=true&JigyosyoCd=0870501194-00&ServiceCd=210&Type=search", "url2": "https://i-relay.jp/" }, "geometry": { "type": "Point", "coordinates": [ 140.2586914, 36.2052842 ] } },
{ "type": "Feature", "properties": { "内容": "特別養護老人ホーム　やさと【短期入所生活介護】茨城県石岡市小倉442-1", "url": "https://www.kaigokensaku.mhlw.go.jp/08/index.php?action_kouhyou_detail_004_kani=true&JigyosyoCd=0873900179-00&ServiceCd=210&Type=search", "url2": "http://www.taijinkai.or.jp/" }, "geometry": { "type": "Point", "coordinates": [ 140.170209500000027, 36.2402818 ] } },
{ "type": "Feature", "properties": { "内容": "あずみ苑　結城【短期入所生活介護】茨城県結城市大字結城10638", "url": "https://www.kaigokensaku.mhlw.go.jp/08/index.php?action_kouhyou_detail_004_kani=true&JigyosyoCd=0870700374-00&ServiceCd=210&Type=search", "url2": "http://www.azumien.jp/" }, "geometry": { "type": "Point", "coordinates": [ 139.86240140000001, 36.3027515 ] } },
{ "type": "Feature", "properties": { "内容": "特別養護老人ホームたけだ【短期入所生活介護】茨城県結城市大字結城字健田12744番地特別養護老人ホームたけだ", "url": "https://www.kaigokensaku.mhlw.go.jp/08/index.php?action_kouhyou_detail_004_kani=true&JigyosyoCd=0870700754-00&ServiceCd=210&Type=search", "url2": "http://takeda-yuki.or.jp" }, "geometry": { "type": "Point", "coordinates": [ 139.883457613426373, 36.295598451255586 ] } },
{ "type": "Feature", "properties": { "内容": "特別養護老人ホーム　ヒューマン・ハウス【短期入所生活介護】茨城県結城市大字結城10767-19", "url": "https://www.kaigokensaku.mhlw.go.jp/08/index.php?action_kouhyou_detail_004_kani=true&JigyosyoCd=0870700051-00&ServiceCd=210&Type=search", "url2": "https://www.tokuyou-human-house.com/" }, "geometry": { "type": "Point", "coordinates": [ 139.850121400000035, 36.3056497 ] } },
{ "type": "Feature", "properties": { "内容": "特別養護老人ホーム　ヒューマン・ハウス【短期入所生活介護】茨城県結城市大字結城10767番地の19", "url": "https://www.kaigokensaku.mhlw.go.jp/08/index.php?action_kouhyou_detail_004_kani=true&JigyosyoCd=0870700549-00&ServiceCd=210&Type=search", "url2": null }, "geometry": { "type": "Point", "coordinates": [ 139.850121400000035, 36.305649699999989 ] } },
{ "type": "Feature", "properties": { "内容": "青嵐荘特別養護老人ホーム【短期入所生活介護】茨城県結城市七五三場210-1", "url": "https://www.kaigokensaku.mhlw.go.jp/08/index.php?action_kouhyou_detail_004_kani=true&JigyosyoCd=0870700077-00&ServiceCd=210&Type=search", "url2": "http://www.houkoukai.or.jp" }, "geometry": { "type": "Point", "coordinates": [ 139.8295359, 36.2037463 ] } },
{ "type": "Feature", "properties": { "内容": "あじさいの家【短期入所生活介護】茨城県結城市大字武井1244-6", "url": "https://www.kaigokensaku.mhlw.go.jp/08/index.php?action_kouhyou_detail_004_kani=true&JigyosyoCd=0870700424-00&ServiceCd=210&Type=search", "url2": "http://www.shimofusa.ne.jp" }, "geometry": { "type": "Point", "coordinates": [ 139.824670400000059, 36.2326077 ] } },
{ "type": "Feature", "properties": { "内容": "特別養護老人ホームたけだ【短期入所生活介護】茨城県結城市結城字健田12744番地特別養護老人ホームたけだ", "url": "https://www.kaigokensaku.mhlw.go.jp/08/index.php?action_kouhyou_detail_004_kani=true&JigyosyoCd=0870700747-00&ServiceCd=210&Type=search", "url2": "https://takeda-yuki.or.jp" }, "geometry": { "type": "Point", "coordinates": [ 139.883454573333381, 36.295609826794703 ] } },
{ "type": "Feature", "properties": { "内容": "特別養護老人ホームリカステ　短期入所【短期入所生活介護】茨城県龍ケ崎市馴馬町3120", "url": "https://www.kaigokensaku.mhlw.go.jp/08/index.php?action_kouhyou_detail_004_kani=true&JigyosyoCd=0870801255-00&ServiceCd=210&Type=search", "url2": "https://lycaste.jp" }, "geometry": { "type": "Point", "coordinates": [ 140.182319799999988, 35.9148117 ] } },
{ "type": "Feature", "properties": { "内容": "特別養護老人ホーム　やすらぎの里【短期入所生活介護】茨城県龍ヶ崎市大徳町字古川4965番地の1", "url": "https://www.kaigokensaku.mhlw.go.jp/08/index.php?action_kouhyou_detail_004_kani=true&JigyosyoCd=0870800067-00&ServiceCd=210&Type=search", "url2": "http://www.intio.or.jp/yasuragi/index.html" }, "geometry": { "type": "Point", "coordinates": [ 140.200904600000058, 35.9021707 ] } },
{ "type": "Feature", "properties": { "内容": "短期入所生活介護事業　龍ケ岡【短期入所生活介護】茨城県龍ケ崎市中里１－１－１７", "url": "https://www.kaigokensaku.mhlw.go.jp/08/index.php?action_kouhyou_detail_004_kani=true&JigyosyoCd=0870800364-00&ServiceCd=210&Type=search", "url2": "http://ryuugaoka.sakura.ne.jp" }, "geometry": { "type": "Point", "coordinates": [ 140.203027900000052, 35.9345253 ] } },
{ "type": "Feature", "properties": { "内容": "ショートステイ　縁【短期入所生活介護】茨城県龍ケ崎市藤ケ丘4-4-3", "url": "https://www.kaigokensaku.mhlw.go.jp/08/index.php?action_kouhyou_detail_004_kani=true&JigyosyoCd=0870800844-00&ServiceCd=210&Type=search", "url2": "https://goen-yukari.jimdofree.com/" }, "geometry": { "type": "Point", "coordinates": [ 140.193859600472166, 35.939406809594665 ] } },
{ "type": "Feature", "properties": { "内容": "特別養護老人ホーム　やすらぎの里【短期入所生活介護】大徳町字古川4965番地の1", "url": "https://www.kaigokensaku.mhlw.go.jp/08/index.php?action_kouhyou_detail_004_kani=true&JigyosyoCd=0870800927-00&ServiceCd=210&Type=search", "url2": "http:///www.intio.or.jp/yasuragi/index.html" }, "geometry": { "type": "Point", "coordinates": [ 140.205902, 35.8961 ] } },
{ "type": "Feature", "properties": { "内容": "ショートステイ　ときわぎ【短期入所生活介護】茨城県龍ケ崎市若柴町1225", "url": "https://www.kaigokensaku.mhlw.go.jp/08/index.php?action_kouhyou_detail_004_kani=true&JigyosyoCd=0870801032-00&ServiceCd=210&Type=search", "url2": "http://magokoro@tokiwagi-care.jp" }, "geometry": { "type": "Point", "coordinates": [ 140.147919300000012, 35.9313692 ] } },
{ "type": "Feature", "properties": { "内容": "特別養護老人ホーム　竜成園【短期入所生活介護】龍ヶ崎市半田町１３８８番地", "url": "https://www.kaigokensaku.mhlw.go.jp/08/index.php?action_kouhyou_detail_004_kani=true&JigyosyoCd=0870800083-00&ServiceCd=210&Type=search", "url2": "http://www.ryuseien.or.jp" }, "geometry": { "type": "Point", "coordinates": [ 140.2366032, 35.9204027 ] } },
{ "type": "Feature", "properties": { "内容": "特別養護老人ホーム　竜成園【短期入所生活介護】茨城県龍ケ崎市半田町1388番地", "url": "https://www.kaigokensaku.mhlw.go.jp/08/index.php?action_kouhyou_detail_004_kani=true&JigyosyoCd=0870800935-00&ServiceCd=210&Type=search", "url2": "http:www.ryuseien.or.jp" }, "geometry": { "type": "Point", "coordinates": [ 140.2367171, 35.9204042 ] } },
{ "type": "Feature", "properties": { "内容": "トクベツヨウゴロウジンホームリカステ【短期入所生活介護】茨城県龍ヶ崎市馴馬町3120", "url": "https://www.kaigokensaku.mhlw.go.jp/08/index.php?action_kouhyou_detail_004_kani=true&JigyosyoCd=0870801461-00&ServiceCd=210&Type=search", "url2": "http://lycaste.jp" }, "geometry": { "type": "Point", "coordinates": [ 140.1823997, 35.9147391 ] } },
{ "type": "Feature", "properties": { "内容": "特別養護老人ホーム愛宕園【短期入所生活介護】茨城県下妻市下木戸544-１", "url": "https://www.kaigokensaku.mhlw.go.jp/08/index.php?action_kouhyou_detail_004_kani=true&JigyosyoCd=0871000949-00&ServiceCd=210&Type=search", "url2": "http://www.atagoen.jp/" }, "geometry": { "type": "Point", "coordinates": [ 139.9501077, 36.1929349 ] } },
{ "type": "Feature", "properties": { "内容": "特別養護老人ホーム　愛宕園【短期入所生活介護】茨城県下妻市下木戸５４４－１", "url": "https://www.kaigokensaku.mhlw.go.jp/08/index.php?action_kouhyou_detail_004_kani=true&JigyosyoCd=0871000048-00&ServiceCd=210&Type=search", "url2": "http://www.atagoen.jp/" }, "geometry": { "type": "Point", "coordinates": [ 139.9501077, 36.1929349 ] } },
{ "type": "Feature", "properties": { "内容": "特別養護老人ホーム　ラポールしもつま【短期入所生活介護】下妻市江1827-1", "url": "https://www.kaigokensaku.mhlw.go.jp/08/index.php?action_kouhyou_detail_004_kani=true&JigyosyoCd=0871000055-00&ServiceCd=210&Type=search", "url2": "http://www.hirama-byouinn.or.jp" }, "geometry": { "type": "Point", "coordinates": [ 139.935604799999965, 36.2282531 ] } },
{ "type": "Feature", "properties": { "内容": "短期入所生活介護事業所はなみずきの杜【短期入所生活介護】茨城県下妻市下栗1223番地", "url": "https://www.kaigokensaku.mhlw.go.jp/08/index.php?action_kouhyou_detail_004_kani=true&JigyosyoCd=0871000964-00&ServiceCd=210&Type=search", "url2": "https://hanamizukinomori.jp/" }, "geometry": { "type": "Point", "coordinates": [ 139.959271493501319, 36.163296417102615 ] } },
{ "type": "Feature", "properties": { "内容": "特別養護老人ホーム千代川さくら館【短期入所生活介護】茨城県下妻市五箇５７４番地", "url": "https://www.kaigokensaku.mhlw.go.jp/08/index.php?action_kouhyou_detail_004_kani=true&JigyosyoCd=0874200355-00&ServiceCd=210&Type=search", "url2": null }, "geometry": { "type": "Point", "coordinates": [ 139.928505, 36.144048 ] } },
{ "type": "Feature", "properties": { "内容": "特別養護老人ホーム加養の里【短期入所生活介護】茨城県下妻市加養４９３番地", "url": "https://www.kaigokensaku.mhlw.go.jp/08/index.php?action_kouhyou_detail_004_kani=true&JigyosyoCd=0871000774-00&ServiceCd=210&Type=search", "url2": "http://kayounosato.jp/" }, "geometry": { "type": "Point", "coordinates": [ 139.986112, 36.178053 ] } },
{ "type": "Feature", "properties": { "内容": "特別養護老人ホーム加養の里【短期入所生活介護】茨城県下妻市加養493番地", "url": "https://www.kaigokensaku.mhlw.go.jp/08/index.php?action_kouhyou_detail_004_kani=true&JigyosyoCd=0871001145-00&ServiceCd=210&Type=search", "url2": "http://kayounosato.jp/" }, "geometry": { "type": "Point", "coordinates": [ 139.9861321, 36.1780823 ] } },
{ "type": "Feature", "properties": { "内容": "特別養護老人ホーム　筑水苑【短期入所生活介護】常総市水海道高野町６７１－１", "url": "https://www.kaigokensaku.mhlw.go.jp/08/index.php?action_kouhyou_detail_004_kani=true&JigyosyoCd=0871100244-00&ServiceCd=210&Type=search", "url2": "http://www.tikusuien.or.jp" }, "geometry": { "type": "Point", "coordinates": [ 139.984538, 36.0074895 ] } },
{ "type": "Feature", "properties": { "内容": "特別養護老人ホーム筑波キングス・ガーデン【短期入所生活介護】茨城県常総市大生郷町1818-2", "url": "https://www.kaigokensaku.mhlw.go.jp/08/index.php?action_kouhyou_detail_004_kani=true&JigyosyoCd=0871100087-00&ServiceCd=210&Type=search", "url2": "http://www.kings-garden.or.jp" }, "geometry": { "type": "Point", "coordinates": [ 139.949130100000048, 36.0672322 ] } },
{ "type": "Feature", "properties": { "内容": "けんちの苑　短期入所生活介護　ゆりいか【短期入所生活介護】茨城県常総市豊岡町丙3278-1", "url": "https://www.kaigokensaku.mhlw.go.jp/08/index.php?action_kouhyou_detail_004_kani=true&JigyosyoCd=0871100681-00&ServiceCd=210&Type=search", "url2": "www.kenchi.jp" }, "geometry": { "type": "Point", "coordinates": [ 139.964890700000012, 36.0292689 ] } },
{ "type": "Feature", "properties": { "内容": "特別養護老人ホーム　「里の音」【短期入所生活介護】茨城県常総市豊岡町丙３０８０－１", "url": "https://www.kaigokensaku.mhlw.go.jp/08/index.php?action_kouhyou_detail_004_kani=true&JigyosyoCd=0871100392-00&ServiceCd=210&Type=search", "url2": null }, "geometry": { "type": "Point", "coordinates": [ 139.9690276, 36.0297315 ] } },
{ "type": "Feature", "properties": { "内容": "L・ハーモニー石下　ショートステイ【短期入所生活介護】原宿１１５５", "url": "https://www.kaigokensaku.mhlw.go.jp/08/index.php?action_kouhyou_detail_004_kani=true&JigyosyoCd=0871100459-00&ServiceCd=210&Type=search", "url2": "http://www.l-harmony.jp/" }, "geometry": { "type": "Point", "coordinates": [ 139.969301200000018, 36.1345662 ] } },
{ "type": "Feature", "properties": { "内容": "ショートステイ常総なごみ【短期入所生活介護】茨城県常総市大輪町1045番地1", "url": "https://www.kaigokensaku.mhlw.go.jp/08/index.php?action_kouhyou_detail_004_kani=true&JigyosyoCd=0871100822-00&ServiceCd=210&Type=search", "url2": null }, "geometry": { "type": "Point", "coordinates": [ 139.9700196, 36.0633819 ] } },
{ "type": "Feature", "properties": { "内容": "千の杜　ショートステイ【短期入所生活介護】茨城県常総市菅生町1319－1", "url": "https://www.kaigokensaku.mhlw.go.jp/08/index.php?action_kouhyou_detail_004_kani=true&JigyosyoCd=0871100848-00&ServiceCd=210&Type=search", "url2": "https://www.mokusei-grp.jp/" }, "geometry": { "type": "Point", "coordinates": [ 139.931563899999986, 35.9861642 ] } },
{ "type": "Feature", "properties": { "内容": "特別養護老人ホーム　よしの荘【短期入所生活介護】常総市上蛇町1888-1", "url": "https://www.kaigokensaku.mhlw.go.jp/08/index.php?action_kouhyou_detail_004_kani=true&JigyosyoCd=0871100079-00&ServiceCd=210&Type=search", "url2": "http://www.yoshinosou.or.jp/" }, "geometry": { "type": "Point", "coordinates": [ 140.001357899999988, 36.0736231 ] } },
{ "type": "Feature", "properties": { "内容": "特別養護老人ホーム　よしの荘【短期入所生活介護】茨城県常総市上蛇町1888-1", "url": "https://www.kaigokensaku.mhlw.go.jp/08/index.php?action_kouhyou_detail_004_kani=true&JigyosyoCd=0871180014-00&ServiceCd=210&Type=search", "url2": "http://www.yoshinosou.jp/" }, "geometry": { "type": "Point", "coordinates": [ 140.001138699999956, 36.0735717 ] } },
{ "type": "Feature", "properties": { "内容": "つくば長寿の郷【短期入所生活介護】常総市大沢1994番地6", "url": "https://www.kaigokensaku.mhlw.go.jp/08/index.php?action_kouhyou_detail_004_kani=true&JigyosyoCd=0871100434-00&ServiceCd=210&Type=search", "url2": "http://tsukuba-choju.jp/" }, "geometry": { "type": "Point", "coordinates": [ 139.9366933, 36.1213437 ] } },
{ "type": "Feature", "properties": { "内容": "特別養護老人ホーム　松栄荘【短期入所生活介護】茨城県常陸太田市箕町９１１番地の１", "url": "https://www.kaigokensaku.mhlw.go.jp/08/index.php?action_kouhyou_detail_004_kani=true&JigyosyoCd=0873400154-00&ServiceCd=210&Type=search", "url2": "www.anshin-sunpia.or.jp" }, "geometry": { "type": "Point", "coordinates": [ 140.445039, 36.5614579 ] } },
{ "type": "Feature", "properties": { "内容": "特別養護老人ホーム　西山苑【短期入所生活介護】茨城県常陸太田市木崎二町937番地の２", "url": "https://www.kaigokensaku.mhlw.go.jp/08/index.php?action_kouhyou_detail_004_kani=true&JigyosyoCd=0871200036-00&ServiceCd=210&Type=search", "url2": null }, "geometry": { "type": "Point", "coordinates": [ 140.5251058, 36.5313722 ] } },
{ "type": "Feature", "properties": { "内容": "特別養護老人ホーム　世矢の里【短期入所生活介護】茨城県常陸太田市亀作町481-1", "url": "https://www.kaigokensaku.mhlw.go.jp/08/index.php?action_kouhyou_detail_004_kani=true&JigyosyoCd=0871200457-00&ServiceCd=210&Type=search", "url2": "http://www8.plala.or.jp/seyanosato/" }, "geometry": { "type": "Point", "coordinates": [ 140.567727800000057, 36.5263022 ] } },
{ "type": "Feature", "properties": { "内容": "藤井ハイム常陸太田　ショートステイ【短期入所生活介護】茨城県常陸太田市新宿町1427番地3", "url": "https://www.kaigokensaku.mhlw.go.jp/08/index.php?action_kouhyou_detail_004_kani=true&JigyosyoCd=0871200812-00&ServiceCd=210&Type=search", "url2": "https://www.fujii-hospital.com/hitachioota/hi_index.html" }, "geometry": { "type": "Point", "coordinates": [ 140.511934200000042, 36.546806 ] } },
{ "type": "Feature", "properties": { "内容": "ショートステイもりの里【短期入所生活介護】茨城県常陸太田市幡町278-3", "url": "https://www.kaigokensaku.mhlw.go.jp/08/index.php?action_kouhyou_detail_004_kani=true&JigyosyoCd=0871201000-00&ServiceCd=210&Type=search", "url2": "https://care-net.biz/08/syomakai/b43.p" }, "geometry": { "type": "Point", "coordinates": [ 140.5420274, 36.5421372 ] } },
{ "type": "Feature", "properties": { "内容": "地域密着型特別養護老人ホームもりの里（空床）【短期入所生活介護】茨城県常陸太田市幡町278-3", "url": "https://www.kaigokensaku.mhlw.go.jp/08/index.php?action_kouhyou_detail_004_kani=true&JigyosyoCd=0871201018-00&ServiceCd=210&Type=search", "url2": "https://care-net.biz/08/syomakai/b43.p" }, "geometry": { "type": "Point", "coordinates": [ 140.5420274, 36.5421372 ] } },
{ "type": "Feature", "properties": { "内容": "特別養護老人ホーム　誠信園【短期入所生活介護】茨城県常陸太田市和久町864-1", "url": "https://www.kaigokensaku.mhlw.go.jp/08/index.php?action_kouhyou_detail_004_kani=true&JigyosyoCd=0873400162-00&ServiceCd=210&Type=search", "url2": "http://www.aikouen.net/" }, "geometry": { "type": "Point", "coordinates": [ 140.479223499999989, 36.6141303 ] } },
{ "type": "Feature", "properties": { "内容": "ショートステイ　えみの里【短期入所生活介護】茨城県常陸太田市徳田町143", "url": "https://www.kaigokensaku.mhlw.go.jp/08/index.php?action_kouhyou_detail_004_kani=true&JigyosyoCd=0871200325-00&ServiceCd=210&Type=search", "url2": "http://care-net.biz/08/syomakai/" }, "geometry": { "type": "Point", "coordinates": [ 140.48294, 36.7732189 ] } },
{ "type": "Feature", "properties": { "内容": "ショートステイ　高萩聖孝園【短期入所生活介護】茨城県高萩市大字上手綱2番地", "url": "https://www.kaigokensaku.mhlw.go.jp/08/index.php?action_kouhyou_detail_004_kani=true&JigyosyoCd=0871400321-00&ServiceCd=210&Type=search", "url2": "http://www.aikohkai.or.jp/seikoen/index.html" }, "geometry": { "type": "Point", "coordinates": [ 140.703016299999945, 36.7358113 ] } },
{ "type": "Feature", "properties": { "内容": "指定介護老人福祉施設特別養護老人ホーム松籟荘【短期入所生活介護】茨城県高萩市下手綱１９５１－８", "url": "https://www.kaigokensaku.mhlw.go.jp/08/index.php?action_kouhyou_detail_004_kani=true&JigyosyoCd=0871400065-00&ServiceCd=210&Type=search", "url2": "http://www.health-care.or.jp/shourai" }, "geometry": { "type": "Point", "coordinates": [ 140.691017, 36.7280924 ] } },
{ "type": "Feature", "properties": { "内容": "指定介護老人福祉施設特別養護老人ホーム松籟荘【短期入所生活介護】茨城県高萩市下手綱１９５１－８", "url": "https://www.kaigokensaku.mhlw.go.jp/08/index.php?action_kouhyou_detail_004_kani=true&JigyosyoCd=0871400479-00&ServiceCd=210&Type=search", "url2": "http//www.health-care.or.jp/shourai" }, "geometry": { "type": "Point", "coordinates": [ 140.691017, 36.7280924 ] } },
{ "type": "Feature", "properties": { "内容": "松籟荘サテライト安良川別館【短期入所生活介護】安良川９６３－１０", "url": "https://www.kaigokensaku.mhlw.go.jp/08/index.php?action_kouhyou_detail_004_kani=true&JigyosyoCd=0871400487-00&ServiceCd=210&Type=search", "url2": "http://www.health-care.or.jp" }, "geometry": { "type": "Point", "coordinates": [ 140.707077199999958, 36.7103645 ] } },
{ "type": "Feature", "properties": { "内容": "特別養護老人ホーム　ときわの杜【短期入所生活介護】茨城県北茨城市関本町福田1875-1", "url": "https://www.kaigokensaku.mhlw.go.jp/08/index.php?action_kouhyou_detail_004_kani=true&JigyosyoCd=0871500039-00&ServiceCd=210&Type=search", "url2": "tokiwanomori.com" }, "geometry": { "type": "Point", "coordinates": [ 140.7603904, 36.8543887 ] } },
{ "type": "Feature", "properties": { "内容": "ショートステイ　エスコート磯原【短期入所生活介護】茨城県北茨城市華川町車1145-65", "url": "https://www.kaigokensaku.mhlw.go.jp/08/index.php?action_kouhyou_detail_004_kani=true&JigyosyoCd=0871500369-00&ServiceCd=210&Type=search", "url2": "https://www.esukouto.jp/" }, "geometry": { "type": "Point", "coordinates": [ 140.739701599999989, 36.8182424 ] } },
{ "type": "Feature", "properties": { "内容": "特別養護老人ホーム　あかねサクラ館【短期入所生活介護】関本町関本中２５９－６", "url": "https://www.kaigokensaku.mhlw.go.jp/08/index.php?action_kouhyou_detail_004_kani=true&JigyosyoCd=0871500823-00&ServiceCd=210&Type=search", "url2": "http://akanekai.com/" }, "geometry": { "type": "Point", "coordinates": [ 140.784111, 36.8563586 ] } },
{ "type": "Feature", "properties": { "内容": "特別養護老人ホームヴィレッジかさま【短期入所生活介護】茨城県笠間市下市毛１３０１", "url": "https://www.kaigokensaku.mhlw.go.jp/08/index.php?action_kouhyou_detail_004_kani=true&JigyosyoCd=0871600144-00&ServiceCd=210&Type=search", "url2": null }, "geometry": { "type": "Point", "coordinates": [ 140.2461358, 36.3606724 ] } },
{ "type": "Feature", "properties": { "内容": "特別養護老人ホームヴィレッジかさま【短期入所生活介護】茨城県笠間市下市毛1301", "url": "https://www.kaigokensaku.mhlw.go.jp/08/index.php?action_kouhyou_detail_004_kani=true&JigyosyoCd=0871600714-00&ServiceCd=210&Type=search", "url2": "https://www.koujuukai.jp/" }, "geometry": { "type": "Point", "coordinates": [ 140.2461358, 36.3606724 ] } },
{ "type": "Feature", "properties": { "内容": "短期入所生活介護事業所　笠間陽だまり館【短期入所生活介護】南友部１９６６番地１３９", "url": "https://www.kaigokensaku.mhlw.go.jp/08/index.php?action_kouhyou_detail_004_kani=true&JigyosyoCd=0871600755-00&ServiceCd=210&Type=search", "url2": "http://www.heart-pia.com/" }, "geometry": { "type": "Point", "coordinates": [ 140.309894621981812, 36.355244767973709 ] } },
{ "type": "Feature", "properties": { "内容": "宍戸苑短期入所生活介護事業所【短期入所生活介護】茨城県笠間市橋爪　４６２－１", "url": "https://www.kaigokensaku.mhlw.go.jp/08/index.php?action_kouhyou_detail_004_kani=true&JigyosyoCd=0873200125-00&ServiceCd=210&Type=search", "url2": "https://sisidoen.or.jp/" }, "geometry": { "type": "Point", "coordinates": [ 140.2951845, 36.3393723 ] } },
{ "type": "Feature", "properties": { "内容": "特別養護老人ホーム　すずらんの里【短期入所生活介護】茨城県笠間市土師１２８３－５", "url": "https://www.kaigokensaku.mhlw.go.jp/08/index.php?action_kouhyou_detail_004_kani=true&JigyosyoCd=0873200083-00&ServiceCd=210&Type=search", "url2": "https://kasama-suzuran.com/" }, "geometry": { "type": "Point", "coordinates": [ 140.2969974, 36.2994852 ] } },
{ "type": "Feature", "properties": { "内容": "特別養護老人ホーム　みどりの郷福原【短期入所生活介護】茨城県笠間市福原字新谷59-1", "url": "https://www.kaigokensaku.mhlw.go.jp/08/index.php?action_kouhyou_detail_004_kani=true&JigyosyoCd=0871690004-00&ServiceCd=210&Type=search", "url2": "https://w-midorinosato.com/" }, "geometry": { "type": "Point", "coordinates": [ 140.184301383066611, 36.346455342226072 ] } },
{ "type": "Feature", "properties": { "内容": "社会福祉法人尚生会　特別養護老人ホーム　かさまグリーンハウス【短期入所生活介護】茨城県笠間市福田3199", "url": "https://www.kaigokensaku.mhlw.go.jp/08/index.php?action_kouhyou_detail_004_kani=true&JigyosyoCd=0871600060-00&ServiceCd=210&Type=search", "url2": "http://www.shoseikai.com" }, "geometry": { "type": "Point", "coordinates": [ 140.280879599999906, 36.4076085 ] } },
{ "type": "Feature", "properties": { "内容": "短期入所生活介護　藤代なごみの郷【短期入所生活介護】茨城県取手市椚木1342－2", "url": "https://www.kaigokensaku.mhlw.go.jp/08/index.php?action_kouhyou_detail_004_kani=true&JigyosyoCd=0871701231-00&ServiceCd=210&Type=search", "url2": "www.f-nagomi.or.jp/" }, "geometry": { "type": "Point", "coordinates": [ 140.093400299999985, 35.9259384 ] } },
{ "type": "Feature", "properties": { "内容": "特別養護老人ホーム・ルロシェ【短期入所生活介護】茨城県取手市神浦646", "url": "https://www.kaigokensaku.mhlw.go.jp/08/index.php?action_kouhyou_detail_004_kani=true&JigyosyoCd=0871700910-00&ServiceCd=210&Type=search", "url2": "http://le-rocher.jp" }, "geometry": { "type": "Point", "coordinates": [ 140.125842799999987, 35.886463 ] } },
{ "type": "Feature", "properties": { "内容": "ショートステイサービスめぐみの杜【短期入所生活介護】茨城県取手市稲29番1", "url": "https://www.kaigokensaku.mhlw.go.jp/08/index.php?action_kouhyou_detail_004_kani=true&JigyosyoCd=0871700886-00&ServiceCd=210&Type=search", "url2": "http://shinwakai-ibaraki.jp/" }, "geometry": { "type": "Point", "coordinates": [ 140.04458580000005, 35.9095553 ] } },
{ "type": "Feature", "properties": { "内容": "特別養護老人ホーム　さらの杜【短期入所生活介護】茨城県取手市下高井2148", "url": "https://www.kaigokensaku.mhlw.go.jp/08/index.php?action_kouhyou_detail_004_kani=true&JigyosyoCd=0871700100-00&ServiceCd=210&Type=search", "url2": "http://www.saranomori.net/" }, "geometry": { "type": "Point", "coordinates": [ 140.0278366, 35.9290276 ] } },
{ "type": "Feature", "properties": { "内容": "特別養護老人ホーム　取手市ふれあいの郷【短期入所生活介護】取手市ゆめみ野3-23-1", "url": "https://www.kaigokensaku.mhlw.go.jp/08/index.php?action_kouhyou_detail_004_kani=true&JigyosyoCd=0871700076-00&ServiceCd=210&Type=search", "url2": "http://www.torideshi-fureainosato.com" }, "geometry": { "type": "Point", "coordinates": [ 140.044196300000067, 35.9255424 ] } },
{ "type": "Feature", "properties": { "内容": "特別養護老人ホーム北相寿園短期入所生活介護【短期入所生活介護】茨城県取手市岡1476番地", "url": "https://www.kaigokensaku.mhlw.go.jp/08/index.php?action_kouhyou_detail_004_kani=true&JigyosyoCd=0874400070-00&ServiceCd=210&Type=search", "url2": "http://www.soujinkai.com/" }, "geometry": { "type": "Point", "coordinates": [ 140.056434, 35.9215606 ] } },
{ "type": "Feature", "properties": { "内容": "ショートステイ　水彩館【短期入所生活介護】茨城県取手市小文間5720番地1", "url": "https://www.kaigokensaku.mhlw.go.jp/08/index.php?action_kouhyou_detail_004_kani=true&JigyosyoCd=0871700373-00&ServiceCd=210&Type=search", "url2": "http://m.suisaikan.jp/" }, "geometry": { "type": "Point", "coordinates": [ 140.095326399999948, 35.89201749999998 ] } },
{ "type": "Feature", "properties": { "内容": "ショートステイ　ソレイユ【短期入所生活介護】茨城県牛久市猪子町990-1延寿リゾート　ソレイユ", "url": "https://www.kaigokensaku.mhlw.go.jp/08/index.php?action_kouhyou_detail_004_kani=true&JigyosyoCd=0871900908-00&ServiceCd=210&Type=search", "url2": null }, "geometry": { "type": "Point", "coordinates": [ 140.136743799999977, 35.994725 ] } },
{ "type": "Feature", "properties": { "内容": "ショートステイ　ルシオーレ【短期入所生活介護】茨城県牛久市岡見町1060番地7", "url": "https://www.kaigokensaku.mhlw.go.jp/08/index.php?action_kouhyou_detail_004_kani=true&JigyosyoCd=0871901286-00&ServiceCd=210&Type=search", "url2": null }, "geometry": { "type": "Point", "coordinates": [ 140.1806781, 35.9775366 ] } },
{ "type": "Feature", "properties": { "内容": "特別養護老人ホーム　グランヴィラ牛久【短期入所生活介護】茨城県牛久市猪子町892-2", "url": "https://www.kaigokensaku.mhlw.go.jp/08/index.php?action_kouhyou_detail_004_kani=true&JigyosyoCd=0871901120-00&ServiceCd=210&Type=search", "url2": "https://www.jojinkai.com/gv_ushiku/" }, "geometry": { "type": "Point", "coordinates": [ 140.141364899999985, 35.9991777 ] } },
{ "type": "Feature", "properties": { "内容": "特別養護老人ホーム　元気館【短期入所生活介護】茨城県牛久市城中町字埋作148-1", "url": "https://www.kaigokensaku.mhlw.go.jp/08/index.php?action_kouhyou_detail_004_kani=true&JigyosyoCd=0871900544-00&ServiceCd=210&Type=search", "url2": "http://www.jiyokai.com" }, "geometry": { "type": "Point", "coordinates": [ 140.132200300000022, 35.9535888 ] } },
{ "type": "Feature", "properties": { "内容": "指定短期入所生活介護事業所　博慈園【短期入所生活介護】茨城県牛久市女化町253－2", "url": "https://www.kaigokensaku.mhlw.go.jp/08/index.php?action_kouhyou_detail_004_kani=true&JigyosyoCd=0871900080-00&ServiceCd=210&Type=search", "url2": "http://www.hakujien.or.jp" }, "geometry": { "type": "Point", "coordinates": [ 140.173130300000025, 35.9477318 ] } },
{ "type": "Feature", "properties": { "内容": "指定短期入所生活介護事業所　博慈園【短期入所生活介護】茨城県牛久市女化町253－2", "url": "https://www.kaigokensaku.mhlw.go.jp/08/index.php?action_kouhyou_detail_004_kani=true&JigyosyoCd=0871900981-00&ServiceCd=210&Type=search", "url2": "http://www.hakujien.or.jp" }, "geometry": { "type": "Point", "coordinates": [ 140.173199399999987, 35.9476555 ] } },
{ "type": "Feature", "properties": { "内容": "ショートステイサービス　こころの里【短期入所生活介護】茨城県牛久市久野町545", "url": "https://www.kaigokensaku.mhlw.go.jp/08/index.php?action_kouhyou_detail_004_kani=true&JigyosyoCd=0871901385-00&ServiceCd=210&Type=search", "url2": "https://cocorono-sato.com" }, "geometry": { "type": "Point", "coordinates": [ 140.231491648262278, 35.959098859297001 ] } },
{ "type": "Feature", "properties": { "内容": "特別養護老人ホーム　牛久さくら園【短期入所生活介護】牛久市上柏田1-18-4", "url": "https://www.kaigokensaku.mhlw.go.jp/08/index.php?action_kouhyou_detail_004_kani=true&JigyosyoCd=0871900163-00&ServiceCd=210&Type=search", "url2": "http://www.wakatake.kai.or.jp/" }, "geometry": { "type": "Point", "coordinates": [ 140.152414300000032, 35.9938758 ] } },
{ "type": "Feature", "properties": { "内容": "ショートステイとまと【短期入所生活介護】上柏田1－17－19", "url": "https://www.kaigokensaku.mhlw.go.jp/08/index.php?action_kouhyou_detail_004_kani=true&JigyosyoCd=0871900700-00&ServiceCd=210&Type=search", "url2": "https://central.or.jp/facilities/tomato.php" }, "geometry": { "type": "Point", "coordinates": [ 140.1537203, 35.9938383 ] } },
{ "type": "Feature", "properties": { "内容": "短期入所生活介護　特別養護老人ホームひかり【短期入所生活介護】茨城県牛久市遠山町478-1", "url": "https://www.kaigokensaku.mhlw.go.jp/08/index.php?action_kouhyou_detail_004_kani=true&JigyosyoCd=0871900999-00&ServiceCd=210&Type=search", "url2": "http://tokuyo-hikari.egao.or.jp/" }, "geometry": { "type": "Point", "coordinates": [ 140.152246560279877, 35.944722917039122 ] } },
{ "type": "Feature", "properties": { "内容": "特別養護老人ホームつくばの杜【短期入所生活介護】茨城県つくば市吉瀬字神送1017-1", "url": "https://www.kaigokensaku.mhlw.go.jp/08/index.php?action_kouhyou_detail_004_kani=true&JigyosyoCd=0872000211-00&ServiceCd=210&Type=search", "url2": "http://www.tsukubanomori.or.jp" }, "geometry": { "type": "Point", "coordinates": [ 140.149310872074921, 36.075534049800211 ] } },
{ "type": "Feature", "properties": { "内容": "ショートステイ　木の花さくや【短期入所生活介護】つくば市鬼ヶ窪字大割１２１２番１１", "url": "https://www.kaigokensaku.mhlw.go.jp/08/index.php?action_kouhyou_detail_004_kani=true&JigyosyoCd=0872001797-00&ServiceCd=210&Type=search", "url2": "http://www.nozomikai.com" }, "geometry": { "type": "Point", "coordinates": [ 140.048380599999973, 36.0866457 ] } },
{ "type": "Feature", "properties": { "内容": "特別養護老人ホーム　シニアガーデン別館【短期入所生活介護】茨城県つくば市大曽根3699-3", "url": "https://www.kaigokensaku.mhlw.go.jp/08/index.php?action_kouhyou_detail_004_kani=true&JigyosyoCd=0872003272-00&ServiceCd=210&Type=search", "url2": "http://www.f-kenseikai.or.jp" }, "geometry": { "type": "Point", "coordinates": [ 140.0786765, 36.1385186 ] } },
{ "type": "Feature", "properties": { "内容": "あずみ苑高見原【短期入所生活介護】茨城県つくば市高見原2-10-77", "url": "https://www.kaigokensaku.mhlw.go.jp/08/index.php?action_kouhyou_detail_004_kani=true&JigyosyoCd=0872001623-00&ServiceCd=210&Type=search", "url2": "http://www.azumien.jp" }, "geometry": { "type": "Point", "coordinates": [ 140.131516499999947, 35.9973224 ] } },
{ "type": "Feature", "properties": { "内容": "短期入所生活介護事業所シニアガーデン【短期入所生活介護】茨城県つくば市大曽根3690", "url": "https://www.kaigokensaku.mhlw.go.jp/08/index.php?action_kouhyou_detail_004_kani=true&JigyosyoCd=0872000625-00&ServiceCd=210&Type=search", "url2": "https://f-kenseikai.or.jp/" }, "geometry": { "type": "Point", "coordinates": [ 140.0790405, 36.1389629 ] } },
{ "type": "Feature", "properties": { "内容": "ショートステイつくばなごみ【短期入所生活介護】茨城県つくば市今鹿島５０１４－１", "url": "https://www.kaigokensaku.mhlw.go.jp/08/index.php?action_kouhyou_detail_004_kani=true&JigyosyoCd=0872003447-00&ServiceCd=210&Type=search", "url2": null }, "geometry": { "type": "Point", "coordinates": [ 140.0418692, 36.1241318 ] } },
{ "type": "Feature", "properties": { "内容": "特別養護老人ホーム　新つくばホーム新館【短期入所生活介護】茨城県つくば市学園の森３丁目２９番地２茨城県つくば市学園の森３丁目２９番地２", "url": "https://www.kaigokensaku.mhlw.go.jp/08/index.php?action_kouhyou_detail_004_kani=true&JigyosyoCd=0872090014-00&ServiceCd=210&Type=search", "url2": "http://www.shin-tsukuba.jp" }, "geometry": { "type": "Point", "coordinates": [ 140.091555100000051, 36.0926016 ] } },
{ "type": "Feature", "properties": { "内容": "特別養護老人ホーム新つくばホーム【短期入所生活介護】茨城県つくば市学園の森３丁目２９番地２", "url": "https://www.kaigokensaku.mhlw.go.jp/08/index.php?action_kouhyou_detail_004_kani=true&JigyosyoCd=0872000203-00&ServiceCd=210&Type=search", "url2": "http://chikunan-kai.jp/facility/shintukuba/" }, "geometry": { "type": "Point", "coordinates": [ 140.091074600000042, 36.0941375 ] } },
{ "type": "Feature", "properties": { "内容": "ショートステイ　フロンティア【短期入所生活介護】茨城県つくば市上郷1600-3", "url": "https://www.kaigokensaku.mhlw.go.jp/08/index.php?action_kouhyou_detail_004_kani=true&JigyosyoCd=0872002944-00&ServiceCd=210&Type=search", "url2": "http://hakuai-kai.or.jp" }, "geometry": { "type": "Point", "coordinates": [ 140.0215723, 36.1065746 ] } },
{ "type": "Feature", "properties": { "内容": "短期入所生活介護事業所　シニアガーデンアネックス【短期入所生活介護】茨城県つくば市水守1189-5", "url": "https://www.kaigokensaku.mhlw.go.jp/08/index.php?action_kouhyou_detail_004_kani=true&JigyosyoCd=0872001649-00&ServiceCd=210&Type=search", "url2": "https://f-kenseikai.or.jp/facility/senior-garden-a/" }, "geometry": { "type": "Point", "coordinates": [ 140.0560037, 36.1671103 ] } },
{ "type": "Feature", "properties": { "内容": "松代ケアセンターそよ風【短期入所生活介護】茨城県つくば市松代4-8-2", "url": "https://www.kaigokensaku.mhlw.go.jp/08/index.php?action_kouhyou_detail_004_kani=true&JigyosyoCd=0872002365-00&ServiceCd=210&Type=search", "url2": null }, "geometry": { "type": "Point", "coordinates": [ 140.10468220000007, 36.0671075 ] } },
{ "type": "Feature", "properties": { "内容": "流星台ケアセンターそよ風【短期入所生活介護】流星台3-7", "url": "https://www.kaigokensaku.mhlw.go.jp/08/index.php?action_kouhyou_detail_004_kani=true&JigyosyoCd=0872003207-00&ServiceCd=210&Type=search", "url2": null }, "geometry": { "type": "Point", "coordinates": [ 140.1233394, 36.0990598 ] } },
{ "type": "Feature", "properties": { "内容": "特別養護老人ホーム　アイリスコート【短期入所生活介護】茨城県つくば市上横場429-1", "url": "https://www.kaigokensaku.mhlw.go.jp/08/index.php?action_kouhyou_detail_004_kani=true&JigyosyoCd=0872000864-00&ServiceCd=210&Type=search", "url2": "http://www.iriscourt.jp" }, "geometry": { "type": "Point", "coordinates": [ 140.08749882219854, 36.05194923582993 ] } },
{ "type": "Feature", "properties": { "内容": "ショートステイセンター　筑波園　短期入所生活介護事業所【短期入所生活介護】茨城県つくば市北条１１８０", "url": "https://www.kaigokensaku.mhlw.go.jp/08/index.php?action_kouhyou_detail_004_kani=true&JigyosyoCd=0872000336-00&ServiceCd=210&Type=search", "url2": "http://www.intio.or.jp/tukubaen" }, "geometry": { "type": "Point", "coordinates": [ 140.097934900000041, 36.1806333 ] } },
{ "type": "Feature", "properties": { "内容": "特別養護老人ホーム　くきの里【短期入所生活介護】茨城県つくば市上岩崎1845-27", "url": "https://www.kaigokensaku.mhlw.go.jp/08/index.php?action_kouhyou_detail_004_kani=true&JigyosyoCd=0872000708-00&ServiceCd=210&Type=search", "url2": "http://www.aishinkai.or.jp" }, "geometry": { "type": "Point", "coordinates": [ 140.095927800000027, 35.9858872 ] } },
{ "type": "Feature", "properties": { "内容": "ショートステイセンター筑波園　短期入所生活介護事業所【短期入所生活介護】茨城県つくば市北条1180", "url": "https://www.kaigokensaku.mhlw.go.jp/08/index.php?action_kouhyou_detail_004_kani=true&JigyosyoCd=0872002605-00&ServiceCd=210&Type=search", "url2": "http://www.intio.or.jp/tukubaen" }, "geometry": { "type": "Point", "coordinates": [ 140.0978924, 36.180632 ] } },
{ "type": "Feature", "properties": { "内容": "ショートステイあいリレーつくば【短期入所生活介護】茨城県つくば市要273-1", "url": "https://www.kaigokensaku.mhlw.go.jp/08/index.php?action_kouhyou_detail_004_kani=true&JigyosyoCd=0872003488-00&ServiceCd=210&Type=search", "url2": "https://i-relay.jp" }, "geometry": { "type": "Point", "coordinates": [ 140.086277599999988, 36.1168734 ] } },
{ "type": "Feature", "properties": { "内容": "ショートステイはなみずき【短期入所生活介護】下原５２５－１", "url": "https://www.kaigokensaku.mhlw.go.jp/08/index.php?action_kouhyou_detail_004_kani=true&JigyosyoCd=0872002415-00&ServiceCd=210&Type=search", "url2": "http://hanamizuki-care.jp/" }, "geometry": { "type": "Point", "coordinates": [ 140.132449085319507, 36.039898816451007 ] } },
{ "type": "Feature", "properties": { "内容": "特別養護老人ホーム大地と大空【短期入所生活介護】茨城県つくば市稲荷原１２４１－１", "url": "https://www.kaigokensaku.mhlw.go.jp/08/index.php?action_kouhyou_detail_004_kani=true&JigyosyoCd=0872002050-00&ServiceCd=210&Type=search", "url2": "https://kinsuikai.com/" }, "geometry": { "type": "Point", "coordinates": [ 140.1141788, 36.0068934 ] } },
{ "type": "Feature", "properties": { "内容": "特別養護老人ホーム美健荘【短期入所生活介護】茨城県つくば市上郷1438-3", "url": "https://www.kaigokensaku.mhlw.go.jp/08/index.php?action_kouhyou_detail_004_kani=true&JigyosyoCd=0872000195-00&ServiceCd=210&Type=search", "url2": "http：//www.bikensou.jp/" }, "geometry": { "type": "Point", "coordinates": [ 140.017169, 36.1106677 ] } },
{ "type": "Feature", "properties": { "内容": "短期入所生活介護事業所　らいふつくば花畑【短期入所生活介護】茨城県つくば市花畑１－１７－４", "url": "https://www.kaigokensaku.mhlw.go.jp/08/index.php?action_kouhyou_detail_004_kani=true&JigyosyoCd=0872001342-00&ServiceCd=210&Type=search", "url2": "http://www.tombow-life.jp/" }, "geometry": { "type": "Point", "coordinates": [ 140.0882239, 36.131633 ] } },
{ "type": "Feature", "properties": { "内容": "特別養護老人ホーム　はまぎくの里【短期入所生活介護】ひたちなか市中根952-1", "url": "https://www.kaigokensaku.mhlw.go.jp/08/index.php?action_kouhyou_detail_004_kani=true&JigyosyoCd=0872100771-00&ServiceCd=210&Type=search", "url2": "http//www.hamagiku4165.com" }, "geometry": { "type": "Point", "coordinates": [ 140.5620116, 36.3869834 ] } },
{ "type": "Feature", "properties": { "内容": "いくり苑　短期入所生活介護【短期入所生活介護】ひたちなか市磯崎町4555-1", "url": "https://www.kaigokensaku.mhlw.go.jp/08/index.php?action_kouhyou_detail_004_kani=true&JigyosyoCd=0872100979-00&ServiceCd=210&Type=search", "url2": "http:/www16.plala.or.jp.ikurien/" }, "geometry": { "type": "Point", "coordinates": [ 140.619541799999979, 36.3765158 ] } },
{ "type": "Feature", "properties": { "内容": "特別養護老人ホームさわの森【短期入所生活介護】茨城県ひたちなか市高野字柏野2448", "url": "https://www.kaigokensaku.mhlw.go.jp/08/index.php?action_kouhyou_detail_004_kani=true&JigyosyoCd=0872101084-00&ServiceCd=210&Type=search", "url2": "http://www.moritakinenkai.com/" }, "geometry": { "type": "Point", "coordinates": [ 140.539755558228052, 36.440357491352657 ] } },
{ "type": "Feature", "properties": { "内容": "ユニット型特別養護老人ホーム　はまぎくの里【短期入所生活介護】茨城県ひたちなか市中根９５２－１", "url": "https://www.kaigokensaku.mhlw.go.jp/08/index.php?action_kouhyou_detail_004_kani=true&JigyosyoCd=0872102066-00&ServiceCd=210&Type=search", "url2": "keiyuukai@cream.plala.co.jp" }, "geometry": { "type": "Point", "coordinates": [ 140.5618177, 36.3872552 ] } },
{ "type": "Feature", "properties": { "内容": "いくり苑短期入所生活介護事業所【短期入所生活介護】茨城県ひたちなか市磯崎町4562-1", "url": "https://www.kaigokensaku.mhlw.go.jp/08/index.php?action_kouhyou_detail_004_kani=true&JigyosyoCd=0872102249-00&ServiceCd=210&Type=search", "url2": "http://www.ikurien.com" }, "geometry": { "type": "Point", "coordinates": [ 140.61952733054963, 36.376569272755297 ] } },
{ "type": "Feature", "properties": { "内容": "春寿園短期入所生活介護【短期入所生活介護】茨城県ひたちなか市堀口８８－１", "url": "https://www.kaigokensaku.mhlw.go.jp/08/index.php?action_kouhyou_detail_004_kani=true&JigyosyoCd=0872102280-00&ServiceCd=210&Type=search", "url2": "syunjyuen@syunjyukai2225.or.jp" }, "geometry": { "type": "Point", "coordinates": [ 140.508048599999938, 36.3900705 ] } },
{ "type": "Feature", "properties": { "内容": "特別養護老人ホーム　サンフラワーひたちなか【短期入所生活介護】茨城県ひたちなか市長砂字久保633-1", "url": "https://www.kaigokensaku.mhlw.go.jp/08/index.php?action_kouhyou_detail_004_kani=true&JigyosyoCd=0872100250-00&ServiceCd=210&Type=search", "url2": "http://www.tokai-sunflower.com/" }, "geometry": { "type": "Point", "coordinates": [ 140.577312594500768, 36.417916867824296 ] } },
{ "type": "Feature", "properties": { "内容": "短期入所生活介護　特別養護老人ホームグリーンハウスひたちなか【短期入所生活介護】茨城県ひたちなか市東石川3183-1", "url": "https://www.kaigokensaku.mhlw.go.jp/08/index.php?action_kouhyou_detail_004_kani=true&JigyosyoCd=0872101829-00&ServiceCd=210&Type=search", "url2": "http://www.shoseikai.com/hitatinaka/top/hitatinaka_top.html" }, "geometry": { "type": "Point", "coordinates": [ 140.537405055464177, 36.415451819121934 ] } },
{ "type": "Feature", "properties": { "内容": "北勝園【短期入所生活介護】茨城県ひたちなか市津田２０９３－１", "url": "https://www.kaigokensaku.mhlw.go.jp/08/index.php?action_kouhyou_detail_004_kani=true&JigyosyoCd=0872100193-00&ServiceCd=210&Type=search", "url2": "http://hokusuikai.or.jp" }, "geometry": { "type": "Point", "coordinates": [ 140.491982900000039, 36.4050076 ] } },
{ "type": "Feature", "properties": { "内容": "特別養護老人ホーム　恵苑【短期入所生活介護】茨城県ひたちなか市烏ヶ台11835-2", "url": "https://www.kaigokensaku.mhlw.go.jp/08/index.php?action_kouhyou_detail_004_kani=true&JigyosyoCd=0872100177-00&ServiceCd=210&Type=search", "url2": "http://www.katsujinkai.or.jp/skin/home.php?PG=g_megumi" }, "geometry": { "type": "Point", "coordinates": [ 140.599883200000022, 36.3680583 ] } },
{ "type": "Feature", "properties": { "内容": "特別養護老人ホームかつた【短期入所生活介護】茨城県ひたちなか市三反田3690-3", "url": "https://www.kaigokensaku.mhlw.go.jp/08/index.php?action_kouhyou_detail_004_kani=true&JigyosyoCd=0872102546-00&ServiceCd=210&Type=search", "url2": "https://swc-jinshinkai.com/" }, "geometry": { "type": "Point", "coordinates": [ 140.5443353, 36.3720681 ] } },
{ "type": "Feature", "properties": { "内容": "特別養護老人ホームかつた【短期入所生活介護】茨城県ひたちなか市三反田3690-3", "url": "https://www.kaigokensaku.mhlw.go.jp/08/index.php?action_kouhyou_detail_004_kani=true&JigyosyoCd=0872102553-00&ServiceCd=210&Type=search", "url2": "https://swc-jinshinkai.com/" }, "geometry": { "type": "Point", "coordinates": [ 140.5443353, 36.3720681 ] } },
{ "type": "Feature", "properties": { "内容": "特別養護老人ホームサテライトさわの森【短期入所生活介護】茨城県ひたちなか市西光地3丁目16-4", "url": "https://www.kaigokensaku.mhlw.go.jp/08/index.php?action_kouhyou_detail_004_kani=true&JigyosyoCd=0872102009-00&ServiceCd=210&Type=search", "url2": "http://www.morita-kinenkai.com/" }, "geometry": { "type": "Point", "coordinates": [ 140.5354193, 36.4206332 ] } },
{ "type": "Feature", "properties": { "内容": "サテライト松寿園　和【短期入所生活介護】茨城県鹿嶋市和782-52", "url": "https://www.kaigokensaku.mhlw.go.jp/08/index.php?action_kouhyou_detail_004_kani=true&JigyosyoCd=0872201041-00&ServiceCd=210&Type=search", "url2": "http://matsukura-shojuen.jp/satellte" }, "geometry": { "type": "Point", "coordinates": [ 140.605361, 36.0500242 ] } },
{ "type": "Feature", "properties": { "内容": "特別養護老人ホーム　　セ・シボンかしま【短期入所生活介護】茨城県鹿嶋市須賀1350-1", "url": "https://www.kaigokensaku.mhlw.go.jp/08/index.php?action_kouhyou_detail_004_kani=true&JigyosyoCd=0872200423-00&ServiceCd=210&Type=search", "url2": "http://shifuku.or.jp/index.htm" }, "geometry": { "type": "Point", "coordinates": [ 140.623536699999931, 35.9782791 ] } },
{ "type": "Feature", "properties": { "内容": "社会福祉法人　神和会　特別養護老人ホーム　大野の郷【短期入所生活介護】茨城県鹿嶋市大字和字治825番5", "url": "https://www.kaigokensaku.mhlw.go.jp/08/index.php?action_kouhyou_detail_004_kani=true&JigyosyoCd=0872200605-00&ServiceCd=210&Type=search", "url2": "https://kashimashi.net/oononosato/" }, "geometry": { "type": "Point", "coordinates": [ 140.612514011253296, 36.039993380621361 ] } },
{ "type": "Feature", "properties": { "内容": "短期入所生活介護　鹿嶋市ウェルポート鹿嶋の郷【短期入所生活介護】茨城県鹿嶋市大字宮中４６０３番地１", "url": "https://www.kaigokensaku.mhlw.go.jp/08/index.php?action_kouhyou_detail_004_kani=true&JigyosyoCd=0872200142-00&ServiceCd=210&Type=search", "url2": null }, "geometry": { "type": "Point", "coordinates": [ 140.635410500000035, 35.9832061 ] } },
{ "type": "Feature", "properties": { "内容": "特別養護老人ホーム　松寿園【短期入所生活介護】鹿嶋市武井1956-3", "url": "https://www.kaigokensaku.mhlw.go.jp/08/index.php?action_kouhyou_detail_004_kani=true&JigyosyoCd=0872200092-00&ServiceCd=210&Type=search", "url2": "http://www5.ocn.ne.jp/~syoujuen" }, "geometry": { "type": "Point", "coordinates": [ 140.58403, 36.0564784 ] } },
{ "type": "Feature", "properties": { "内容": "特別養護老人ホーム　松寿園【短期入所生活介護】鹿嶋市武井1956-3", "url": "https://www.kaigokensaku.mhlw.go.jp/08/index.php?action_kouhyou_detail_004_kani=true&JigyosyoCd=0872200829-00&ServiceCd=210&Type=search", "url2": "http://shojuen.sakura.ne.jp/" }, "geometry": { "type": "Point", "coordinates": [ 140.58403, 36.0564784 ] } },
{ "type": "Feature", "properties": { "内容": "社会福祉法人　神和会　特別養護老人ホーム　大野の郷【短期入所生活介護】茨城県鹿嶋市大字和字治825番5", "url": "https://www.kaigokensaku.mhlw.go.jp/08/index.php?action_kouhyou_detail_004_kani=true&JigyosyoCd=0872201116-00&ServiceCd=210&Type=search", "url2": "https://kashimashi.net/oononosato/" }, "geometry": { "type": "Point", "coordinates": [ 140.60159440000001, 36.0396843 ] } },
{ "type": "Feature", "properties": { "内容": "指定短期入所生活介護事業所いたこの郷【短期入所生活介護】茨城県潮来市大生字大生原804番556", "url": "https://www.kaigokensaku.mhlw.go.jp/08/index.php?action_kouhyou_detail_004_kani=true&JigyosyoCd=0872300280-00&ServiceCd=210&Type=search", "url2": "http://www.itakonosato.com" }, "geometry": { "type": "Point", "coordinates": [ 140.551593451806639, 35.985900468757094 ] } },
{ "type": "Feature", "properties": { "内容": "特別養護老人ホーム福楽園【短期入所生活介護】茨城県潮来市上戸１９２１－１", "url": "https://www.kaigokensaku.mhlw.go.jp/08/index.php?action_kouhyou_detail_004_kani=true&JigyosyoCd=0872300132-00&ServiceCd=210&Type=search", "url2": "http://www.fukrakuen.or.jp/" }, "geometry": { "type": "Point", "coordinates": [ 140.537275, 35.9501777 ] } },
{ "type": "Feature", "properties": { "内容": "特別養護老人ホームあやめ荘【短期入所生活介護】茨城県潮来市水原１５４９－１", "url": "https://www.kaigokensaku.mhlw.go.jp/08/index.php?action_kouhyou_detail_004_kani=true&JigyosyoCd=0872300140-00&ServiceCd=210&Type=search", "url2": "http://shifuku.or.jp/ayamesou" }, "geometry": { "type": "Point", "coordinates": [ 140.5748725, 35.9737939 ] } },
{ "type": "Feature", "properties": { "内容": "お泊りサービス　花きりん【短期入所生活介護】茨城県守谷市立沢９５０－１", "url": "https://www.kaigokensaku.mhlw.go.jp/08/index.php?action_kouhyou_detail_004_kani=true&JigyosyoCd=0872400296-00&ServiceCd=210&Type=search", "url2": "https://www.wellbee.biz" }, "geometry": { "type": "Point", "coordinates": [ 139.976515899999981, 35.9543454 ] } },
{ "type": "Feature", "properties": { "内容": "特別養護老人ホームやまゆりの郷【短期入所生活介護】大山新田149-1", "url": "https://www.kaigokensaku.mhlw.go.jp/08/index.php?action_kouhyou_detail_004_kani=true&JigyosyoCd=0872401013-00&ServiceCd=210&Type=search", "url2": "https://yamayurinosato.org" }, "geometry": { "type": "Point", "coordinates": [ 139.9641981, 35.9721238 ] } },
{ "type": "Feature", "properties": { "内容": "特別養護老人ホーム峰林荘【短期入所生活介護】茨城県守谷市野木崎1931", "url": "https://www.kaigokensaku.mhlw.go.jp/08/index.php?action_kouhyou_detail_004_kani=true&JigyosyoCd=0872400064-00&ServiceCd=210&Type=search", "url2": "https://hourinkai.com" }, "geometry": { "type": "Point", "coordinates": [ 139.958156799999955, 35.9525451 ] } },
{ "type": "Feature", "properties": { "内容": "特別養護老人ホーム峰林荘【短期入所生活介護】野木崎1931", "url": "https://www.kaigokensaku.mhlw.go.jp/08/index.php?action_kouhyou_detail_004_kani=true&JigyosyoCd=0872400759-00&ServiceCd=210&Type=search", "url2": "https://hourinkai.com/" }, "geometry": { "type": "Point", "coordinates": [ 139.9583155, 35.9523306 ] } },
{ "type": "Feature", "properties": { "内容": "短期入所生活介護事業所やまゆりの郷【短期入所生活介護】茨城県守谷市大山新田149-1", "url": "https://www.kaigokensaku.mhlw.go.jp/08/index.php?action_kouhyou_detail_004_kani=true&JigyosyoCd=0872400841-00&ServiceCd=210&Type=search", "url2": "http://www.yamayurinosato.org" }, "geometry": { "type": "Point", "coordinates": [ 139.964323334640568, 35.972056478984911 ] } },
{ "type": "Feature", "properties": { "内容": "ショートステイみやびの里守谷【短期入所生活介護】茨城県守谷市大柏600-1", "url": "https://www.kaigokensaku.mhlw.go.jp/08/index.php?action_kouhyou_detail_004_kani=true&JigyosyoCd=0872400635-00&ServiceCd=210&Type=search", "url2": "http://www.asahikeaservice-miyabinosato.com/" }, "geometry": { "type": "Point", "coordinates": [ 139.973558, 35.9443786 ] } },
{ "type": "Feature", "properties": { "内容": "特別養護老人ホーム　サングリーンピア大宮【短期入所生活介護】茨城県常陸大宮市若林1723-15", "url": "https://www.kaigokensaku.mhlw.go.jp/08/index.php?action_kouhyou_detail_004_kani=true&JigyosyoCd=0872500293-00&ServiceCd=210&Type=search", "url2": "http://sungreenpia.com/" }, "geometry": { "type": "Point", "coordinates": [ 140.382704823278772, 36.546759453882352 ] } },
{ "type": "Feature", "properties": { "内容": "特別養護老人ホーム　おがわ【短期入所生活介護】茨城県常陸大宮市上小瀬4425", "url": "https://www.kaigokensaku.mhlw.go.jp/08/index.php?action_kouhyou_detail_004_kani=true&JigyosyoCd=0873300172-00&ServiceCd=210&Type=search", "url2": null }, "geometry": { "type": "Point", "coordinates": [ 140.3161601, 36.6086961 ] } },
{ "type": "Feature", "properties": { "内容": "特別養護老人ホーム　御前山フロイデガルテン【短期入所生活介護】茨城県常陸大宮市野口平146-1", "url": "https://www.kaigokensaku.mhlw.go.jp/08/index.php?action_kouhyou_detail_004_kani=true&JigyosyoCd=0873100671-00&ServiceCd=210&Type=search", "url2": "https://www.hakuyukai-sfg.com/gozenyama.php" }, "geometry": { "type": "Point", "coordinates": [ 140.3383384, 36.5581032 ] } },
{ "type": "Feature", "properties": { "内容": "特別養護老人ホームみわ【短期入所生活介護】茨城県常陸大宮市鷲子２０２３－２", "url": "https://www.kaigokensaku.mhlw.go.jp/08/index.php?action_kouhyou_detail_004_kani=true&JigyosyoCd=0873300651-00&ServiceCd=210&Type=search", "url2": "bikoukai.com" }, "geometry": { "type": "Point", "coordinates": [ 140.2430733, 36.6648195 ] } },
{ "type": "Feature", "properties": { "内容": "特別養護老人ホーム　ドルフィン【短期入所生活介護】常陸大宮市泉497-1", "url": "https://www.kaigokensaku.mhlw.go.jp/08/index.php?action_kouhyou_detail_004_kani=true&JigyosyoCd=0873300842-00&ServiceCd=210&Type=search", "url2": "http://www.dolphin-net.or.jp" }, "geometry": { "type": "Point", "coordinates": [ 140.425439099999949, 36.528401 ] } },
{ "type": "Feature", "properties": { "内容": "ドルフィンサテライト【短期入所生活介護】常陸大宮市泉503", "url": "https://www.kaigokensaku.mhlw.go.jp/08/index.php?action_kouhyou_detail_004_kani=true&JigyosyoCd=0872500210-00&ServiceCd=210&Type=search", "url2": "http://www.dolphin-net.or.jp" }, "geometry": { "type": "Point", "coordinates": [ 140.424923562812864, 36.528121133377567 ] } },
{ "type": "Feature", "properties": { "内容": "大宮フロイデドルフ【短期入所生活介護】茨城県常陸大宮市抽ヶ台町889-1", "url": "https://www.kaigokensaku.mhlw.go.jp/08/index.php?action_kouhyou_detail_004_kani=true&JigyosyoCd=0872500269-00&ServiceCd=210&Type=search", "url2": "https://www.hakuyukai-sfg.com/dorf.php" }, "geometry": { "type": "Point", "coordinates": [ 140.406420900000057, 36.5480813 ] } },
{ "type": "Feature", "properties": { "内容": "小規模特別養護老人ホームみのりの森【短期入所生活介護】常陸大宮市鷹巣2243-1", "url": "https://www.kaigokensaku.mhlw.go.jp/08/index.php?action_kouhyou_detail_004_kani=true&JigyosyoCd=0872500285-00&ServiceCd=210&Type=search", "url2": "https://minorien.or.jp" }, "geometry": { "type": "Point", "coordinates": [ 140.395882499999971, 36.573039 ] } },
{ "type": "Feature", "properties": { "内容": "特別養護老人ホームみのり園【短期入所生活介護】茨城県常陸大宮市鷹巣2243-1", "url": "https://www.kaigokensaku.mhlw.go.jp/08/index.php?action_kouhyou_detail_004_kani=true&JigyosyoCd=0873300214-00&ServiceCd=210&Type=search", "url2": "https://minorien.or.jp" }, "geometry": { "type": "Point", "coordinates": [ 140.395882499999971, 36.573039 ] } },
{ "type": "Feature", "properties": { "内容": "ケアサポート希望の丘【短期入所生活介護】茨城県那珂市横堀1632", "url": "https://www.kaigokensaku.mhlw.go.jp/08/index.php?action_kouhyou_detail_004_kani=true&JigyosyoCd=0872600598-00&ServiceCd=210&Type=search", "url2": "http://www.trust-caresupport.com" }, "geometry": { "type": "Point", "coordinates": [ 140.513241017721555, 36.468585073994433 ] } },
{ "type": "Feature", "properties": { "内容": "特別養護老人ホーム　藤井ハイム那珂　短期入所　従来型【短期入所生活介護】茨城県那珂市瓜連433-2", "url": "https://www.kaigokensaku.mhlw.go.jp/08/index.php?action_kouhyou_detail_004_kani=true&JigyosyoCd=0872600564-00&ServiceCd=210&Type=search", "url2": "http://www.fujii-hospital.com/html/fujiiheim_main.html" }, "geometry": { "type": "Point", "coordinates": [ 140.4491899, 36.4993219 ] } },
{ "type": "Feature", "properties": { "内容": "特別養護老人ホーム　藤井ハイム那珂　短期入所ユニット型空床【短期入所生活介護】茨城県那珂市瓜連433-2", "url": "https://www.kaigokensaku.mhlw.go.jp/08/index.php?action_kouhyou_detail_004_kani=true&JigyosyoCd=0872600572-00&ServiceCd=210&Type=search", "url2": "http://www.fujii-hospital.com/html/fujiiheim_main.html" }, "geometry": { "type": "Point", "coordinates": [ 140.4491899, 36.4993219 ] } },
{ "type": "Feature", "properties": { "内容": "特別養護老人ホームナザレ園　オリーブ【短期入所生活介護】中里342番地3", "url": "https://www.kaigokensaku.mhlw.go.jp/08/index.php?action_kouhyou_detail_004_kani=true&JigyosyoCd=0872600549-00&ServiceCd=210&Type=search", "url2": "http://www.nazareen.or.jp/" }, "geometry": { "type": "Point", "coordinates": [ 140.457168799999977, 36.4851895 ] } },
{ "type": "Feature", "properties": { "内容": "特別養護老人ホームナザレ園【短期入所生活介護】茨城県那珂市中里342番地3", "url": "https://www.kaigokensaku.mhlw.go.jp/08/index.php?action_kouhyou_detail_004_kani=true&JigyosyoCd=0873300206-00&ServiceCd=210&Type=search", "url2": "http://www.nazareen.or.jp/" }, "geometry": { "type": "Point", "coordinates": [ 140.457168799999977, 36.4851895 ] } },
{ "type": "Feature", "properties": { "内容": "ショートステイはる風【短期入所生活介護】茨城県那珂市後台2400-1ケアコミュニティはる風", "url": "https://www.kaigokensaku.mhlw.go.jp/08/index.php?action_kouhyou_detail_004_kani=true&JigyosyoCd=0872600473-00&ServiceCd=210&Type=search", "url2": "https://apex-pj.com/harukaze/" }, "geometry": { "type": "Point", "coordinates": [ 140.482241099999982, 36.4353601 ] } },
{ "type": "Feature", "properties": { "内容": "特別養護老人ホーム　ゆたか園【短期入所生活介護】茨城県那珂市後台2042-1", "url": "https://www.kaigokensaku.mhlw.go.jp/08/index.php?action_kouhyou_detail_004_kani=true&JigyosyoCd=0873300198-00&ServiceCd=210&Type=search", "url2": "http://www.houjyunkai.or.jp/" }, "geometry": { "type": "Point", "coordinates": [ 140.475630872352639, 36.437415921467874 ] } },
{ "type": "Feature", "properties": { "内容": "ショートステイひばりヶ丘【短期入所生活介護】茨城県那珂市菅谷528", "url": "https://www.kaigokensaku.mhlw.go.jp/08/index.php?action_kouhyou_detail_004_kani=true&JigyosyoCd=0872600093-00&ServiceCd=210&Type=search", "url2": "https://seitoukai-ibaraki.com/" }, "geometry": { "type": "Point", "coordinates": [ 140.496139, 36.4608436 ] } },
{ "type": "Feature", "properties": { "内容": "指定短期入所生活介護　いくり苑那珂【短期入所生活介護】茨城県那珂市菅谷3799-6", "url": "https://www.kaigokensaku.mhlw.go.jp/08/index.php?action_kouhyou_detail_004_kani=true&JigyosyoCd=0872600200-00&ServiceCd=210&Type=search", "url2": "naka@ikurien.com" }, "geometry": { "type": "Point", "coordinates": [ 140.501430931213378, 36.431527911418641 ] } },
{ "type": "Feature", "properties": { "内容": "県西せいかん荘指定短期入所生活介護事業所【短期入所生活介護】筑西市蓬田241", "url": "https://www.kaigokensaku.mhlw.go.jp/08/index.php?action_kouhyou_detail_004_kani=true&JigyosyoCd=0874100134-00&ServiceCd=210&Type=search", "url2": null }, "geometry": { "type": "Point", "coordinates": [ 140.041555, 36.3600451 ] } },
{ "type": "Feature", "properties": { "内容": "しらとり短期入所生活介護事業所【短期入所生活介護】茨城県筑西市上平塚590-1", "url": "https://www.kaigokensaku.mhlw.go.jp/08/index.php?action_kouhyou_detail_004_kani=true&JigyosyoCd=0872700075-00&ServiceCd=210&Type=search", "url2": "http://tokuyou-shiratori.jp/" }, "geometry": { "type": "Point", "coordinates": [ 139.929286100000013, 36.3198465 ] } },
{ "type": "Feature", "properties": { "内容": "あずみ苑　下館【短期入所生活介護】茨城県筑西市岡芹2130", "url": "https://www.kaigokensaku.mhlw.go.jp/08/index.php?action_kouhyou_detail_004_kani=true&JigyosyoCd=0872700364-00&ServiceCd=210&Type=search", "url2": "www.kaigokensaku.mhlw.go.jp" }, "geometry": { "type": "Point", "coordinates": [ 139.9715022, 36.316513 ] } },
{ "type": "Feature", "properties": { "内容": "しらとりハワイアン　短期入所生活介護【短期入所生活介護】茨城県筑西市上平塚７４８－１", "url": "https://www.kaigokensaku.mhlw.go.jp/08/index.php?action_kouhyou_detail_004_kani=true&JigyosyoCd=0872700810-00&ServiceCd=210&Type=search", "url2": "http://shiratori-hawaiianday.jp/" }, "geometry": { "type": "Point", "coordinates": [ 139.928189, 36.319899300000031 ] } },
{ "type": "Feature", "properties": { "内容": "特別養護老人ホーム　あしま【短期入所生活介護】下中山３６０番地１", "url": "https://www.kaigokensaku.mhlw.go.jp/08/index.php?action_kouhyou_detail_004_kani=true&JigyosyoCd=0872700661-00&ServiceCd=210&Type=search", "url2": "http://www.rintokukai.com" }, "geometry": { "type": "Point", "coordinates": [ 139.985956499999929, 36.3031308 ] } },
{ "type": "Feature", "properties": { "内容": "ショートステイ　ひまわり苑【短期入所生活介護】茨城県筑西市吉田640-1", "url": "https://www.kaigokensaku.mhlw.go.jp/08/index.php?action_kouhyou_detail_004_kani=true&JigyosyoCd=0872701198-00&ServiceCd=210&Type=search", "url2": "https://www.himawari-akeno.jp/" }, "geometry": { "type": "Point", "coordinates": [ 140.0128195, 36.2671417 ] } },
{ "type": "Feature", "properties": { "内容": "ショートステイまごころの杜【短期入所生活介護】茨城県筑西市西方1667", "url": "https://www.kaigokensaku.mhlw.go.jp/08/index.php?action_kouhyou_detail_004_kani=true&JigyosyoCd=0872701081-00&ServiceCd=210&Type=search", "url2": "http://sekiyoukai.or.jp/" }, "geometry": { "type": "Point", "coordinates": [ 139.956009799999947, 36.2850543 ] } },
{ "type": "Feature", "properties": { "内容": "特別養護老人ホーム筑圃苑【短期入所生活介護】茨城県筑西市木戸354番地", "url": "https://www.kaigokensaku.mhlw.go.jp/08/index.php?action_kouhyou_detail_004_kani=true&JigyosyoCd=0874100191-00&ServiceCd=210&Type=search", "url2": "http://ohata-hospital.jp/tsukuhoen/" }, "geometry": { "type": "Point", "coordinates": [ 139.98071939999997, 36.245047400000011 ] } },
{ "type": "Feature", "properties": { "内容": "特別養護老人ホーム　中舘園【短期入所生活介護】茨城県筑西市八丁台457", "url": "https://www.kaigokensaku.mhlw.go.jp/08/index.php?action_kouhyou_detail_004_kani=true&JigyosyoCd=0872700299-00&ServiceCd=210&Type=search", "url2": "https://www.nakadateen.com" }, "geometry": { "type": "Point", "coordinates": [ 139.974415200000067, 36.3258638 ] } },
{ "type": "Feature", "properties": { "内容": "宮山公園福祉センター　さくら荘　短期入所生活介護事業所【短期入所生活介護】茨城県筑西市宮山３８１－１", "url": "https://www.kaigokensaku.mhlw.go.jp/08/index.php?action_kouhyou_detail_004_kani=true&JigyosyoCd=0872700430-00&ServiceCd=210&Type=search", "url2": "http://www.shiun.or.jp" }, "geometry": { "type": "Point", "coordinates": [ 140.047564500000021, 36.2567323 ] } },
{ "type": "Feature", "properties": { "内容": "特別養護老人ホーム　紫雲荘【短期入所生活介護】茨城県筑西市海老ヶ島1999", "url": "https://www.kaigokensaku.mhlw.go.jp/08/index.php?action_kouhyou_detail_004_kani=true&JigyosyoCd=0874100167-00&ServiceCd=210&Type=search", "url2": "http://www.shiun.or.jp" }, "geometry": { "type": "Point", "coordinates": [ 140.03483, 36.2426165 ] } },
{ "type": "Feature", "properties": { "内容": "桜づつみ【短期入所生活介護】茨城県筑西市小林465-1", "url": "https://www.kaigokensaku.mhlw.go.jp/08/index.php?action_kouhyou_detail_004_kani=true&JigyosyoCd=0870600509-00&ServiceCd=210&Type=search", "url2": "http://www.intio.or.jp/gogyo/miyatacl.html" }, "geometry": { "type": "Point", "coordinates": [ 139.979201099999955, 36.3199064 ] } },
{ "type": "Feature", "properties": { "内容": "特別養護老人ホーム　恒幸園【短期入所生活介護】筑西市向川澄98-1", "url": "https://www.kaigokensaku.mhlw.go.jp/08/index.php?action_kouhyou_detail_004_kani=true&JigyosyoCd=0874100548-00&ServiceCd=210&Type=search", "url2": "http://www.kohtokukai.jp/" }, "geometry": { "type": "Point", "coordinates": [ 140.012675, 36.3292229 ] } },
{ "type": "Feature", "properties": { "内容": "特別養護老人ホーム敬心苑【短期入所生活介護】茨城県筑西市野殿１５９５－３", "url": "https://www.kaigokensaku.mhlw.go.jp/08/index.php?action_kouhyou_detail_004_kani=true&JigyosyoCd=0870600095-00&ServiceCd=210&Type=search", "url2": null }, "geometry": { "type": "Point", "coordinates": [ 139.970861499999955, 36.2756948 ] } },
{ "type": "Feature", "properties": { "内容": "株式会社アズ・ライフケア　あずみ苑岩井【短期入所生活介護】茨城県坂東市岩井1823-1", "url": "https://www.kaigokensaku.mhlw.go.jp/08/index.php?action_kouhyou_detail_004_kani=true&JigyosyoCd=0872800164-00&ServiceCd=210&Type=search", "url2": "https://www.az-lifecare.co.jp/" }, "geometry": { "type": "Point", "coordinates": [ 139.8893112, 36.0568454 ] } },
{ "type": "Feature", "properties": { "内容": "特別養護老人ホーム　恵愛荘【短期入所生活介護】茨城県坂東市沓掛337", "url": "https://www.kaigokensaku.mhlw.go.jp/08/index.php?action_kouhyou_detail_004_kani=true&JigyosyoCd=0874300213-00&ServiceCd=210&Type=search", "url2": "http://www.keiai-seifu.or.jp" }, "geometry": { "type": "Point", "coordinates": [ 139.895773400000053, 36.089081 ] } },
{ "type": "Feature", "properties": { "内容": "延寿館短期入所生活介護【短期入所生活介護】茨城県坂東市長須１１８８－２", "url": "https://www.kaigokensaku.mhlw.go.jp/08/index.php?action_kouhyou_detail_004_kani=true&JigyosyoCd=0872800297-00&ServiceCd=210&Type=search", "url2": "http://www.enjyukan.or.jp" }, "geometry": { "type": "Point", "coordinates": [ 139.849959300000023, 36.053309 ] } },
{ "type": "Feature", "properties": { "内容": "特別養護老人ホーム　ハートフル広侖【短期入所生活介護】茨城県坂東市小山２５８", "url": "https://www.kaigokensaku.mhlw.go.jp/08/index.php?action_kouhyou_detail_004_kani=true&JigyosyoCd=0871800066-00&ServiceCd=210&Type=search", "url2": "https://www.heartful-kourin.com/" }, "geometry": { "type": "Point", "coordinates": [ 139.878233799999947, 36.0160301 ] } },
{ "type": "Feature", "properties": { "内容": "特別養護老人ホームさしまの家（従来・空床利用型）【短期入所生活介護】茨城県坂東市生子1630-1", "url": "https://www.kaigokensaku.mhlw.go.jp/08/index.php?action_kouhyou_detail_004_kani=true&JigyosyoCd=0872800461-00&ServiceCd=210&Type=search", "url2": "https://jikou-gakuen.jp/" }, "geometry": { "type": "Point", "coordinates": [ 139.8445829, 36.0950617 ] } },
{ "type": "Feature", "properties": { "内容": "特別養護老人ホームさしまの家（ユニット・空床利用型）【短期入所生活介護】茨城県坂東市生子1630-1", "url": "https://www.kaigokensaku.mhlw.go.jp/08/index.php?action_kouhyou_detail_004_kani=true&JigyosyoCd=0872800479-00&ServiceCd=210&Type=search", "url2": "https://jikou-gakuen.jp/" }, "geometry": { "type": "Point", "coordinates": [ 139.8445829, 36.0950617 ] } },
{ "type": "Feature", "properties": { "内容": "ショートステイさしまの家【短期入所生活介護】茨城県坂東市生子1630-1", "url": "https://www.kaigokensaku.mhlw.go.jp/08/index.php?action_kouhyou_detail_004_kani=true&JigyosyoCd=0872800487-00&ServiceCd=210&Type=search", "url2": "https://jikou-gakuen.jp/elder/" }, "geometry": { "type": "Point", "coordinates": [ 139.844700315668518, 36.095115254603755 ] } },
{ "type": "Feature", "properties": { "内容": "短期入所生活介護事業所　長寿の里【短期入所生活介護】茨城県坂東市中里1213番地", "url": "https://www.kaigokensaku.mhlw.go.jp/08/index.php?action_kouhyou_detail_004_kani=true&JigyosyoCd=0871800140-00&ServiceCd=210&Type=search", "url2": "http://www.housikai.or.jp" }, "geometry": { "type": "Point", "coordinates": [ 139.90666669999996, 36.021608199999989 ] } },
{ "type": "Feature", "properties": { "内容": "短期入所生活介護事業所長寿の里【短期入所生活介護】茨城県坂東市中里１２１３番地", "url": "https://www.kaigokensaku.mhlw.go.jp/08/index.php?action_kouhyou_detail_004_kani=true&JigyosyoCd=0872800362-00&ServiceCd=210&Type=search", "url2": "http://www.housikai.or.jp" }, "geometry": { "type": "Point", "coordinates": [ 139.913074100000017, 36.0243304 ] } },
{ "type": "Feature", "properties": { "内容": "特別養護老人ホーム宝永館【短期入所生活介護】茨城県稲敷市寺内字大久保600番地1", "url": "https://www.kaigokensaku.mhlw.go.jp/08/index.php?action_kouhyou_detail_004_kani=true&JigyosyoCd=0873800221-00&ServiceCd=210&Type=search", "url2": "http://www.houeikan.jp" }, "geometry": { "type": "Point", "coordinates": [ 140.314258, 35.9253351 ] } },
{ "type": "Feature", "properties": { "内容": "特別養護老人ホームトリアネイ【短期入所生活介護】茨城県稲敷市江戸崎甲1233-3", "url": "https://www.kaigokensaku.mhlw.go.jp/08/index.php?action_kouhyou_detail_004_kani=true&JigyosyoCd=0872900485-00&ServiceCd=210&Type=search", "url2": "https://trianaei.jp/" }, "geometry": { "type": "Point", "coordinates": [ 140.31527393422175, 35.972965335983005 ] } },
{ "type": "Feature", "properties": { "内容": "特別養護老人ホーム　すだちの里【短期入所生活介護】稲敷市蒲ヶ山77番地", "url": "https://www.kaigokensaku.mhlw.go.jp/08/index.php?action_kouhyou_detail_004_kani=true&JigyosyoCd=0873800510-00&ServiceCd=210&Type=search", "url2": "http://www.sudachi.or.jp" }, "geometry": { "type": "Point", "coordinates": [ 140.275175900000022, 35.9694731 ] } },
{ "type": "Feature", "properties": { "内容": "短期入所生活介護事業所さくらがわ【短期入所生活介護】茨城県稲敷市飯出1257-1", "url": "https://www.kaigokensaku.mhlw.go.jp/08/index.php?action_kouhyou_detail_004_kani=true&JigyosyoCd=0872900154-00&ServiceCd=210&Type=search", "url2": "http://kawachikouseikai.org/index.html" }, "geometry": { "type": "Point", "coordinates": [ 140.369723300000032, 35.9784663 ] } },
{ "type": "Feature", "properties": { "内容": "単独型短期入所生活介護事業所水郷荘【短期入所生活介護】茨城県稲敷市光葉2－81", "url": "https://www.kaigokensaku.mhlw.go.jp/08/index.php?action_kouhyou_detail_004_kani=true&JigyosyoCd=0872900444-00&ServiceCd=210&Type=search", "url2": "https://www.suigosou.com/" }, "geometry": { "type": "Point", "coordinates": [ 140.387658170500174, 35.941370236615995 ] } },
{ "type": "Feature", "properties": { "内容": "指定短期入所生活介護事業所水郷荘【短期入所生活介護】茨城県稲敷市幸田1252", "url": "https://www.kaigokensaku.mhlw.go.jp/08/index.php?action_kouhyou_detail_004_kani=true&JigyosyoCd=0873800239-00&ServiceCd=210&Type=search", "url2": "https://suigosou.com/" }, "geometry": { "type": "Point", "coordinates": [ 140.38690280000003, 35.9408101 ] } },
{ "type": "Feature", "properties": { "内容": "短期入所生活介護事業所　筑水苑かすみがうら【短期入所生活介護】茨城県かすみがうら市宍倉6150-5", "url": "https://www.kaigokensaku.mhlw.go.jp/08/index.php?action_kouhyou_detail_004_kani=true&JigyosyoCd=0873000400-00&ServiceCd=210&Type=search", "url2": "http://www.tikusuien.jp" }, "geometry": { "type": "Point", "coordinates": [ 140.26157177619632, 36.123788441909809 ] } },
{ "type": "Feature", "properties": { "内容": "特別養護老人ホーム　ふるさと【短期入所生活介護】茨城県かすみがうら市新治１８１１－６", "url": "https://www.kaigokensaku.mhlw.go.jp/08/index.php?action_kouhyou_detail_004_kani=true&JigyosyoCd=0873000061-00&ServiceCd=210&Type=search", "url2": "https://kasumikai-furusato.com/" }, "geometry": { "type": "Point", "coordinates": [ 140.248464, 36.1405248 ] } },
{ "type": "Feature", "properties": { "内容": "特別養護老人ホーム　グリーンヒル千代田【短期入所生活介護】茨城県かすみがうら市上佐谷2008", "url": "https://www.kaigokensaku.mhlw.go.jp/08/index.php?action_kouhyou_detail_004_kani=true&JigyosyoCd=0873900427-00&ServiceCd=210&Type=search", "url2": null }, "geometry": { "type": "Point", "coordinates": [ 140.210730499999954, 36.1639882 ] } },
{ "type": "Feature", "properties": { "内容": "特別養護老人ホームサンシャインつくば【短期入所生活介護】茨城県かすみがうら市上大堤210-27", "url": "https://www.kaigokensaku.mhlw.go.jp/08/index.php?action_kouhyou_detail_004_kani=true&JigyosyoCd=0873900096-00&ServiceCd=210&Type=search", "url2": "https://www.seihoukai-ibaraki.org" }, "geometry": { "type": "Point", "coordinates": [ 140.2884168, 36.1086919 ] } },
{ "type": "Feature", "properties": { "内容": "社会福祉法人廣山会　特別養護老人ホーム　プルミエールひたち野【短期入所生活介護】かすみがうら市大字上土田山田330番地2", "url": "https://www.kaigokensaku.mhlw.go.jp/08/index.php?action_kouhyou_detail_004_kani=true&JigyosyoCd=0873900187-00&ServiceCd=210&Type=search", "url2": "http://www.premierehitachino.com" }, "geometry": { "type": "Point", "coordinates": [ 140.230902, 36.149865 ] } },
{ "type": "Feature", "properties": { "内容": "社会福祉法人　聖隷会　ショートステイ　霞ヶ浦の里【短期入所生活介護】茨城県かすみがうら市男神356番地１", "url": "https://www.kaigokensaku.mhlw.go.jp/08/index.php?action_kouhyou_detail_004_kani=true&JigyosyoCd=0873000111-00&ServiceCd=210&Type=search", "url2": "https://www.seireikai.jp/" }, "geometry": { "type": "Point", "coordinates": [ 140.345545899999934, 36.0883939 ] } },
{ "type": "Feature", "properties": { "内容": "特別養護老人ホームさつき荘【短期入所生活介護】桜川市富岡203-1", "url": "https://www.kaigokensaku.mhlw.go.jp/08/index.php?action_kouhyou_detail_004_kani=true&JigyosyoCd=0873200133-00&ServiceCd=210&Type=search", "url2": "https://kenseikai.cc" }, "geometry": { "type": "Point", "coordinates": [ 140.093805, 36.3739004 ] } },
{ "type": "Feature", "properties": { "内容": "特別養護老人ホーム　ひだまりの家　やまと【短期入所生活介護】茨城県桜川市大国玉４５１４－２", "url": "https://www.kaigokensaku.mhlw.go.jp/08/index.php?action_kouhyou_detail_004_kani=true&JigyosyoCd=0874100423-00&ServiceCd=210&Type=search", "url2": "http://www.hidamarinoie-yamato.jp/" }, "geometry": { "type": "Point", "coordinates": [ 140.068535, 36.3156651 ] } },
{ "type": "Feature", "properties": { "内容": "特別養護老人ホーム上の原【短期入所生活介護】茨城県桜川市上野原地新田154-4", "url": "https://www.kaigokensaku.mhlw.go.jp/08/index.php?action_kouhyou_detail_004_kani=true&JigyosyoCd=0875100380-00&ServiceCd=210&Type=search", "url2": "https://www.u-gaku.or.jp/" }, "geometry": { "type": "Point", "coordinates": [ 140.048368, 36.3508942 ] } },
{ "type": "Feature", "properties": { "内容": "特別養護老人ホーム　サンホーム真壁【短期入所生活介護】茨城県桜川市真壁町下谷貝1449-1", "url": "https://www.kaigokensaku.mhlw.go.jp/08/index.php?action_kouhyou_detail_004_kani=true&JigyosyoCd=0874100209-00&ServiceCd=210&Type=search", "url2": "https://liberte-ibaraki.com/" }, "geometry": { "type": "Point", "coordinates": [ 140.060419599999932, 36.2978365 ] } },
{ "type": "Feature", "properties": { "内容": "特別養護老人ホーム　はまなす【短期入所生活介護】茨城県神栖市日川字石塚4112", "url": "https://www.kaigokensaku.mhlw.go.jp/08/index.php?action_kouhyou_detail_004_kani=true&JigyosyoCd=0875200313-00&ServiceCd=210&Type=search", "url2": null }, "geometry": { "type": "Point", "coordinates": [ 140.695383099999987, 35.8659754 ] } },
{ "type": "Feature", "properties": { "内容": "はまなす第2ショートステイ【短期入所生活介護】日川字石塚2978", "url": "https://www.kaigokensaku.mhlw.go.jp/08/index.php?action_kouhyou_detail_004_kani=true&JigyosyoCd=0875200545-00&ServiceCd=210&Type=search", "url2": null }, "geometry": { "type": "Point", "coordinates": [ 140.694282434035841, 35.861503627968737 ] } },
{ "type": "Feature", "properties": { "内容": "特別養護老人ホーム白寿荘【短期入所生活介護】神栖市賀2148", "url": "https://www.kaigokensaku.mhlw.go.jp/08/index.php?action_kouhyou_detail_004_kani=true&JigyosyoCd=0873600159-00&ServiceCd=210&Type=search", "url2": "http://www.hakujujikai.or.jp/shisetu/kasima-hakujuso.html" }, "geometry": { "type": "Point", "coordinates": [ 140.6240115, 35.9005423 ] } },
{ "type": "Feature", "properties": { "内容": "特別養護老人ホーム白寿荘【短期入所生活介護】茨城県神栖市賀2148-112", "url": "https://www.kaigokensaku.mhlw.go.jp/08/index.php?action_kouhyou_detail_004_kani=true&JigyosyoCd=0875200891-00&ServiceCd=210&Type=search", "url2": "http://www.hakujujikai.or.jp/shisetu/kasima-hakujuso.html" }, "geometry": { "type": "Point", "coordinates": [ 140.623990042327847, 35.901081124319745 ] } },
{ "type": "Feature", "properties": { "内容": "特別養護老人ホーム　マリンピア神栖【短期入所生活介護】茨城県神栖市矢田部１２６７８－７", "url": "https://www.kaigokensaku.mhlw.go.jp/08/index.php?action_kouhyou_detail_004_kani=true&JigyosyoCd=0875200131-00&ServiceCd=210&Type=search", "url2": "http://www.welfara-marinepia.or.jp/" }, "geometry": { "type": "Point", "coordinates": [ 140.762870600000042, 35.8249027 ] } },
{ "type": "Feature", "properties": { "内容": "健康サポートうらら【短期入所生活介護】大野原中央３丁目１番５０号", "url": "https://www.kaigokensaku.mhlw.go.jp/08/index.php?action_kouhyou_detail_004_kani=true&JigyosyoCd=0875200297-00&ServiceCd=210&Type=search", "url2": null }, "geometry": { "type": "Point", "coordinates": [ 140.63688819999993, 35.88626 ] } },
{ "type": "Feature", "properties": { "内容": "特別養護老人ホーム　しおさい苑【短期入所生活介護】茨城県神栖市矢田部9416-1", "url": "https://www.kaigokensaku.mhlw.go.jp/08/index.php?action_kouhyou_detail_004_kani=true&JigyosyoCd=0873600167-00&ServiceCd=210&Type=search", "url2": null }, "geometry": { "type": "Point", "coordinates": [ 140.786230100000012, 35.8030906 ] } },
{ "type": "Feature", "properties": { "内容": "特別養護老人ホーム　あそうの郷【短期入所生活介護】茨城県行方市青沼981－2", "url": "https://www.kaigokensaku.mhlw.go.jp/08/index.php?action_kouhyou_detail_004_kani=true&JigyosyoCd=0873700538-00&ServiceCd=210&Type=search", "url2": "http://www.ai-wa-kai.com/" }, "geometry": { "type": "Point", "coordinates": [ 140.5135061, 36.0270083 ] } },
{ "type": "Feature", "properties": { "内容": "特別養護老人ホームきたうら【短期入所生活介護】茨城県行方市山田３３３９－６", "url": "https://www.kaigokensaku.mhlw.go.jp/08/index.php?action_kouhyou_detail_004_kani=true&JigyosyoCd=0873700298-00&ServiceCd=210&Type=search", "url2": "http://www.doaikai.com" }, "geometry": { "type": "Point", "coordinates": [ 140.517508099999986, 36.081449 ] } },
{ "type": "Feature", "properties": { "内容": "朝霞荘短期入所生活介護事業所【短期入所生活介護】行方市麻生1088－1", "url": "https://www.kaigokensaku.mhlw.go.jp/08/index.php?action_kouhyou_detail_004_kani=true&JigyosyoCd=0873700231-00&ServiceCd=210&Type=search", "url2": "http://www.portland.ne.jp/~sinwakai/" }, "geometry": { "type": "Point", "coordinates": [ 140.4830427, 35.9903596 ] } },
{ "type": "Feature", "properties": { "内容": "特別養護老人ホーム玉寿荘【短期入所生活介護】行方市手賀1854-1", "url": "https://www.kaigokensaku.mhlw.go.jp/08/index.php?action_kouhyou_detail_004_kani=true&JigyosyoCd=0873700132-00&ServiceCd=210&Type=search", "url2": "care-net.biz/08/gyokujyusou/" }, "geometry": { "type": "Point", "coordinates": [ 140.433533799999964, 36.0847135 ] } },
{ "type": "Feature", "properties": { "内容": "特別養護老人ホームあそうの郷【短期入所生活介護】行方市青沼９８１番地２", "url": "https://www.kaigokensaku.mhlw.go.jp/08/index.php?action_kouhyou_detail_004_kani=true&JigyosyoCd=0873700546-00&ServiceCd=210&Type=search", "url2": "http://www.ai-wa-kai.com" }, "geometry": { "type": "Point", "coordinates": [ 140.51322719999996, 36.0261425 ] } },
{ "type": "Feature", "properties": { "内容": "特別養護老人ホーム　うぇるさんて　大洋【短期入所生活介護】茨城県鉾田市上幡木1512番地4", "url": "https://www.kaigokensaku.mhlw.go.jp/08/index.php?action_kouhyou_detail_004_kani=true&JigyosyoCd=0873600456-00&ServiceCd=210&Type=search", "url2": "http://wellsante.net" }, "geometry": { "type": "Point", "coordinates": [ 140.6042665, 36.0818257 ] } },
{ "type": "Feature", "properties": { "内容": "特別養護老人ホーム　鉾田サンハウス【短期入所生活介護】茨城県　鉾田市　鳥栖2100-9", "url": "https://www.kaigokensaku.mhlw.go.jp/08/index.php?action_kouhyou_detail_004_kani=true&JigyosyoCd=0875400129-00&ServiceCd=210&Type=search", "url2": "http://www.hyakurisunhouse.com" }, "geometry": { "type": "Point", "coordinates": [ 140.479444199999989, 36.1959489 ] } },
{ "type": "Feature", "properties": { "内容": "特別養護老人ホーム樅の木荘【短期入所生活介護】鉾田市樅山500番地1", "url": "https://www.kaigokensaku.mhlw.go.jp/08/index.php?action_kouhyou_detail_004_kani=true&JigyosyoCd=0873600084-00&ServiceCd=210&Type=search", "url2": "http://www.momiyam-kai.org/" }, "geometry": { "type": "Point", "coordinates": [ 140.553913200000011, 36.1990757 ] } },
{ "type": "Feature", "properties": { "内容": "特別養護老人ホーム東湖園【短期入所生活介護】茨城県鉾田市安房１６７０－１２", "url": "https://www.kaigokensaku.mhlw.go.jp/08/index.php?action_kouhyou_detail_004_kani=true&JigyosyoCd=0873600142-00&ServiceCd=210&Type=search", "url2": "http://www.tokoen.hello-net.info/" }, "geometry": { "type": "Point", "coordinates": [ 140.527076699999952, 36.1655114 ] } },
{ "type": "Feature", "properties": { "内容": "特別養護老人ホーム　東湖園【短期入所生活介護】茨城県鉾田市安房1670-12", "url": "https://www.kaigokensaku.mhlw.go.jp/08/index.php?action_kouhyou_detail_004_kani=true&JigyosyoCd=0875400145-00&ServiceCd=210&Type=search", "url2": "http://www.tokoen.hello-net.info/" }, "geometry": { "type": "Point", "coordinates": [ 140.527076699999952, 36.1655114 ] } },
{ "type": "Feature", "properties": { "内容": "特別養護老人ホーム藤の家【短期入所生活介護】茨城県鉾田市湯坪2166番8", "url": "https://www.kaigokensaku.mhlw.go.jp/08/index.php?action_kouhyou_detail_004_kani=true&JigyosyoCd=0875400210-00&ServiceCd=210&Type=search", "url2": "fujinoie.com" }, "geometry": { "type": "Point", "coordinates": [ 140.5328946, 36.1780044 ] } },
{ "type": "Feature", "properties": { "内容": "特別養護老人ホーム　藤の家【短期入所生活介護】湯坪2166番8", "url": "https://www.kaigokensaku.mhlw.go.jp/08/index.php?action_kouhyou_detail_004_kani=true&JigyosyoCd=0875400228-00&ServiceCd=210&Type=search", "url2": "www.fujinoie.com" }, "geometry": { "type": "Point", "coordinates": [ 140.532798899999989, 36.1779487 ] } },
{ "type": "Feature", "properties": { "内容": "特別養護老人ホームぬくもり荘(多床室)【短期入所生活介護】茨城県つくばみらい市古川１０４７", "url": "https://www.kaigokensaku.mhlw.go.jp/08/index.php?action_kouhyou_detail_004_kani=true&JigyosyoCd=0874000037-00&ServiceCd=210&Type=search", "url2": "http://www.nukumorisou.com/" }, "geometry": { "type": "Point", "coordinates": [ 140.013099, 35.9927669 ] } },
{ "type": "Feature", "properties": { "内容": "特別養護老人ホームぬくもり荘(ユニット型個室)【短期入所生活介護】茨城県つくばみらい市古川1047", "url": "https://www.kaigokensaku.mhlw.go.jp/08/index.php?action_kouhyou_detail_004_kani=true&JigyosyoCd=0875500225-00&ServiceCd=210&Type=search", "url2": "http://www.nukumorisou.com/" }, "geometry": { "type": "Point", "coordinates": [ 140.013110099999949, 35.9927419 ] } },
{ "type": "Feature", "properties": { "内容": "特別養護老人ホーム　いなの里【短期入所生活介護】つくばみらい市長渡呂新田840番地2", "url": "https://www.kaigokensaku.mhlw.go.jp/08/index.php?action_kouhyou_detail_004_kani=true&JigyosyoCd=0874000110-00&ServiceCd=210&Type=search", "url2": "http://www.inanosato.com/index.html" }, "geometry": { "type": "Point", "coordinates": [ 140.02731, 35.9567133 ] } },
{ "type": "Feature", "properties": { "内容": "特別養護老人ホーム　いなの里【短期入所生活介護】長渡呂新田840－2", "url": "https://www.kaigokensaku.mhlw.go.jp/08/index.php?action_kouhyou_detail_004_kani=true&JigyosyoCd=0875500233-00&ServiceCd=210&Type=search", "url2": "http://www.inanosato.com/index.html" }, "geometry": { "type": "Point", "coordinates": [ 140.02731, 35.9567133 ] } },
{ "type": "Feature", "properties": { "内容": "特別養護老人ホーム雅荘【短期入所生活介護】つくばみらい市福岡1199", "url": "https://www.kaigokensaku.mhlw.go.jp/08/index.php?action_kouhyou_detail_004_kani=true&JigyosyoCd=0875500175-00&ServiceCd=210&Type=search", "url2": "http://www.miyabisou.jp" }, "geometry": { "type": "Point", "coordinates": [ 140.032833181506362, 36.024233205295843 ] } },
{ "type": "Feature", "properties": { "内容": "特別養護老人ホーム青丘園【短期入所生活介護】茨城県小美玉市橋場美519-1", "url": "https://www.kaigokensaku.mhlw.go.jp/08/index.php?action_kouhyou_detail_004_kani=true&JigyosyoCd=0873100382-00&ServiceCd=210&Type=search", "url2": "http://www.s-seikyu.com/" }, "geometry": { "type": "Point", "coordinates": [ 140.375037400000025, 36.253970600000017 ] } },
{ "type": "Feature", "properties": { "内容": "百里サンハウス短期入所生活介護事業所【短期入所生活介護】茨城県小美玉市下吉影2347-109", "url": "https://www.kaigokensaku.mhlw.go.jp/08/index.php?action_kouhyou_detail_004_kani=true&JigyosyoCd=0873100317-00&ServiceCd=210&Type=search", "url2": "http://hyakurisunhouse.com/" }, "geometry": { "type": "Point", "coordinates": [ 140.429149895758115, 36.169142947479592 ] } },
{ "type": "Feature", "properties": { "内容": "百里サンハウス短期入所生活介護事業所(ユニット型)【短期入所生活介護】茨城県小美玉市下吉影2437-109", "url": "https://www.kaigokensaku.mhlw.go.jp/08/index.php?action_kouhyou_detail_004_kani=true&JigyosyoCd=0875600314-00&ServiceCd=210&Type=search", "url2": "http://hyakurisunhouse.com/" }, "geometry": { "type": "Point", "coordinates": [ 140.429300399999988, 36.169084 ] } },
{ "type": "Feature", "properties": { "内容": "ショートステイほのか【短期入所生活介護】茨城県小美玉市中台145-4", "url": "https://www.kaigokensaku.mhlw.go.jp/08/index.php?action_kouhyou_detail_004_kani=true&JigyosyoCd=0875600207-00&ServiceCd=210&Type=search", "url2": "http://www.kuonkai.or.jp" }, "geometry": { "type": "Point", "coordinates": [ 140.3161182, 36.2240343 ] } },
{ "type": "Feature", "properties": { "内容": "美野里陽だまり館【短期入所生活介護】茨城県小美玉市花野井字中丸358番地55", "url": "https://www.kaigokensaku.mhlw.go.jp/08/index.php?action_kouhyou_detail_004_kani=true&JigyosyoCd=0875600553-00&ServiceCd=210&Type=search", "url2": "http://www.heart⁻pia.com" }, "geometry": { "type": "Point", "coordinates": [ 140.3094877, 36.2304642 ] } },
{ "type": "Feature", "properties": { "内容": "美野里陽だまり館【短期入所生活介護】茨城県小美玉市花野井字中丸358番地55", "url": "https://www.kaigokensaku.mhlw.go.jp/08/index.php?action_kouhyou_detail_004_kani=true&JigyosyoCd=0875600561-00&ServiceCd=210&Type=search", "url2": "http://www.heart-pia.com" }, "geometry": { "type": "Point", "coordinates": [ 140.3094877, 36.2304642 ] } },
{ "type": "Feature", "properties": { "内容": "美野里陽だまり館【短期入所生活介護】茨城県小美玉市花野井字中丸358番地55", "url": "https://www.kaigokensaku.mhlw.go.jp/08/index.php?action_kouhyou_detail_004_kani=true&JigyosyoCd=0875600579-00&ServiceCd=210&Type=search", "url2": "http://www.heart⁻pia.com" }, "geometry": { "type": "Point", "coordinates": [ 140.3094877, 36.2304642 ] } },
{ "type": "Feature", "properties": { "内容": "特別養護老人ホームくらしテラス小美玉【短期入所生活介護】茨城県小美玉市野田197番地1", "url": "https://www.kaigokensaku.mhlw.go.jp/08/index.php?action_kouhyou_detail_004_kani=true&JigyosyoCd=0875600603-00&ServiceCd=210&Type=search", "url2": "https://www.kurashiterasu-omitama.jp/" }, "geometry": { "type": "Point", "coordinates": [ 140.368273, 36.1845442 ] } },
{ "type": "Feature", "properties": { "内容": "特別養護老人ホームくらしテラス小美玉【短期入所生活介護】茨城県小美玉市野田197番地1", "url": "https://www.kaigokensaku.mhlw.go.jp/08/index.php?action_kouhyou_detail_004_kani=true&JigyosyoCd=0875600611-00&ServiceCd=210&Type=search", "url2": "https://www.kurashiterasu-omitama.jp/" }, "geometry": { "type": "Point", "coordinates": [ 140.368288938690853, 36.184703723494763 ] } },
{ "type": "Feature", "properties": { "内容": "短期入所生活介護　サンホーム竹原【短期入所生活介護】小美玉市竹原４０５－６", "url": "https://www.kaigokensaku.mhlw.go.jp/08/index.php?action_kouhyou_detail_004_kani=true&JigyosyoCd=0873100945-00&ServiceCd=210&Type=search", "url2": "http;//www.baikoukai.jp/" }, "geometry": { "type": "Point", "coordinates": [ 140.3303201, 36.2138302 ] } },
{ "type": "Feature", "properties": { "内容": "短期入所生活介護事業所　せせらぎ荘【短期入所生活介護】茨城県小美玉市中延676-7", "url": "https://www.kaigokensaku.mhlw.go.jp/08/index.php?action_kouhyou_detail_004_kani=true&JigyosyoCd=0875600165-00&ServiceCd=210&Type=search", "url2": "http://www.baikoukai.jp/" }, "geometry": { "type": "Point", "coordinates": [ 140.365782699999954, 36.1831058 ] } },
{ "type": "Feature", "properties": { "内容": "特別養護老人ホーム　あいおんの里羽鳥【短期入所生活介護】茨城県小美玉市羽刈653-7", "url": "https://www.kaigokensaku.mhlw.go.jp/08/index.php?action_kouhyou_detail_004_kani=true&JigyosyoCd=0875600355-00&ServiceCd=210&Type=search", "url2": "https://youkou-kai.or.jp/hatori" }, "geometry": { "type": "Point", "coordinates": [ 140.305943778712475, 36.250780461801391 ] } },
{ "type": "Feature", "properties": { "内容": "特別養護老人ホーム　あいおんの里羽鳥　多床室【短期入所生活介護】茨城県小美玉市羽刈653-7", "url": "https://www.kaigokensaku.mhlw.go.jp/08/index.php?action_kouhyou_detail_004_kani=true&JigyosyoCd=0875600496-00&ServiceCd=210&Type=search", "url2": "https://youkou-kai.or.jp/hatori" }, "geometry": { "type": "Point", "coordinates": [ 140.305938414294474, 36.250776135738519 ] } },
{ "type": "Feature", "properties": { "内容": "ショートステイ　晴風園【短期入所生活介護】茨城県小美玉市高崎2032番地8", "url": "https://www.kaigokensaku.mhlw.go.jp/08/index.php?action_kouhyou_detail_004_kani=true&JigyosyoCd=0873900294-00&ServiceCd=210&Type=search", "url2": null }, "geometry": { "type": "Point", "coordinates": [ 140.308823373801175, 36.167671394208043 ] } },
{ "type": "Feature", "properties": { "内容": "特別養護老人ホーム　ルミエ・デ・ソレイユ【短期入所生活介護】茨城県小美玉市山野707-13特別養護老人ホーム　ルミエ・デ・ソレイユ", "url": "https://www.kaigokensaku.mhlw.go.jp/08/index.php?action_kouhyou_detail_004_kani=true&JigyosyoCd=0875600371-00&ServiceCd=210&Type=search", "url2": "info@syuhaku-lumie.or.jp" }, "geometry": { "type": "Point", "coordinates": [ 140.3739756, 36.1687459 ] } },
{ "type": "Feature", "properties": { "内容": "ショートステイみどりの杜【短期入所生活介護】茨城県東茨城郡茨城町大字小幡字北山２７６５番４", "url": "https://www.kaigokensaku.mhlw.go.jp/08/index.php?action_kouhyou_detail_004_kani=true&JigyosyoCd=0873101463-00&ServiceCd=210&Type=search", "url2": "http://www.tsutsumikai.com" }, "geometry": { "type": "Point", "coordinates": [ 140.395721, 36.2644086 ] } },
{ "type": "Feature", "properties": { "内容": "特別養護老人ホーム　けやき園【短期入所生活介護】茨城県東茨城郡茨城町下座７５５", "url": "https://www.kaigokensaku.mhlw.go.jp/08/index.php?action_kouhyou_detail_004_kani=true&JigyosyoCd=0873100838-00&ServiceCd=210&Type=search", "url2": null }, "geometry": { "type": "Point", "coordinates": [ 140.4011878, 36.2509997 ] } },
{ "type": "Feature", "properties": { "内容": "ショートステイ　桜の郷元気　ひたちの長岡【短期入所生活介護】茨城県東茨城郡茨城町長岡3652-32", "url": "https://www.kaigokensaku.mhlw.go.jp/08/index.php?action_kouhyou_detail_004_kani=true&JigyosyoCd=0873101877-00&ServiceCd=210&Type=search", "url2": "https://www.taijinkai.or.jp/" }, "geometry": { "type": "Point", "coordinates": [ 140.4504412, 36.3008071 ] } },
{ "type": "Feature", "properties": { "内容": "ショートステイとんぼ【短期入所生活介護】茨城県東茨城郡茨城町中石崎2651-1", "url": "https://www.kaigokensaku.mhlw.go.jp/08/index.php?action_kouhyou_detail_004_kani=true&JigyosyoCd=0873101398-00&ServiceCd=210&Type=search", "url2": "http://www.shinaikai.or.jp" }, "geometry": { "type": "Point", "coordinates": [ 140.494658100000038, 36.283589 ] } },
{ "type": "Feature", "properties": { "内容": "特別養護老人ホームときわ木園【短期入所生活介護】東茨城郡茨城町若宮393-6", "url": "https://www.kaigokensaku.mhlw.go.jp/08/index.php?action_kouhyou_detail_004_kani=true&JigyosyoCd=0873100275-00&ServiceCd=210&Type=search", "url2": "http://tokiwagien.jp/" }, "geometry": { "type": "Point", "coordinates": [ 140.495604, 36.3089682 ] } },
{ "type": "Feature", "properties": { "内容": "ショートステイ　ウィステリア倶楽部【短期入所生活介護】茨城県東茨城郡茨城町前田1707-349", "url": "https://www.kaigokensaku.mhlw.go.jp/08/index.php?action_kouhyou_detail_004_kani=true&JigyosyoCd=0873101927-00&ServiceCd=210&Type=search", "url2": "www.shinaikai.or.jp" }, "geometry": { "type": "Point", "coordinates": [ 140.443208199999987, 36.3202292 ] } },
{ "type": "Feature", "properties": { "内容": "特別養護老人ホーム　桜の郷元気【短期入所生活介護】茨城県東茨城郡茨城町桜の郷231－7", "url": "https://www.kaigokensaku.mhlw.go.jp/08/index.php?action_kouhyou_detail_004_kani=true&JigyosyoCd=0873101091-00&ServiceCd=210&Type=search", "url2": "http://www.taijinkai.or.jp/index.html" }, "geometry": { "type": "Point", "coordinates": [ 140.408419699999968, 36.3230825 ] } },
{ "type": "Feature", "properties": { "内容": "特別養護老人ホームひぬま苑【短期入所生活介護】茨城県東茨城郡大洗町大貫町3269-1", "url": "https://www.kaigokensaku.mhlw.go.jp/08/index.php?action_kouhyou_detail_004_kani=true&JigyosyoCd=0873100333-00&ServiceCd=210&Type=search", "url2": "http://www.hinumaen.sakura.ne.jp/" }, "geometry": { "type": "Point", "coordinates": [ 140.554571, 36.3053352 ] } },
{ "type": "Feature", "properties": { "内容": "短期入所生活介護　特別養護老人ホーム　うみべの家【短期入所生活介護】茨城県東茨城郡大洗町大貫町255-5", "url": "https://www.kaigokensaku.mhlw.go.jp/08/index.php?action_kouhyou_detail_004_kani=true&JigyosyoCd=0873101315-00&ServiceCd=210&Type=search", "url2": "https://www.umibenoie.com/" }, "geometry": { "type": "Point", "coordinates": [ 140.561209400000052, 36.301338600000015 ] } },
{ "type": "Feature", "properties": { "内容": "ショート城里【短期入所生活介護】茨城県東茨城郡城里町上圷624-1", "url": "https://www.kaigokensaku.mhlw.go.jp/08/index.php?action_kouhyou_detail_004_kani=true&JigyosyoCd=0873101851-00&ServiceCd=210&Type=search", "url2": "https://shinaikai.or.jp/" }, "geometry": { "type": "Point", "coordinates": [ 140.3743976, 36.4956106 ] } },
{ "type": "Feature", "properties": { "内容": "サテライトケアステーション桂【短期入所生活介護】茨城県東茨城郡城里町高根台1-53", "url": "https://www.kaigokensaku.mhlw.go.jp/08/index.php?action_kouhyou_detail_004_kani=true&JigyosyoCd=0873101935-00&ServiceCd=210&Type=search", "url2": "www.shinaikai.or.jp" }, "geometry": { "type": "Point", "coordinates": [ 140.3447332, 36.5210991 ] } },
{ "type": "Feature", "properties": { "内容": "ショート桂【短期入所生活介護】茨城県東茨城郡城里町高根台1-53", "url": "https://www.kaigokensaku.mhlw.go.jp/08/index.php?action_kouhyou_detail_004_kani=true&JigyosyoCd=0873101943-00&ServiceCd=210&Type=search", "url2": "www.shinaikai.or.jp" }, "geometry": { "type": "Point", "coordinates": [ 140.3447332, 36.5210991 ] } },
{ "type": "Feature", "properties": { "内容": "特別養護老人ホーム　グリーンなかさい【短期入所生活介護】茨城県東茨城郡城里町那珂西　1483-3", "url": "https://www.kaigokensaku.mhlw.go.jp/08/index.php?action_kouhyou_detail_004_kani=true&JigyosyoCd=0873100267-00&ServiceCd=210&Type=search", "url2": null }, "geometry": { "type": "Point", "coordinates": [ 140.398714199999972, 36.4669428 ] } },
{ "type": "Feature", "properties": { "内容": "ショートステイ　オリヴィエ【短期入所生活介護】茨城県那珂郡東海村舟石川667-1", "url": "https://www.kaigokensaku.mhlw.go.jp/08/index.php?action_kouhyou_detail_004_kani=true&JigyosyoCd=0873301378-00&ServiceCd=210&Type=search", "url2": "https://olive-olivie.com/" }, "geometry": { "type": "Point", "coordinates": [ 140.5518569, 36.465615 ] } },
{ "type": "Feature", "properties": { "内容": "特別養護老人ホーム　オークス東海【短期入所生活介護】茨城県那珂郡東海村船場５８８－７", "url": "https://www.kaigokensaku.mhlw.go.jp/08/index.php?action_kouhyou_detail_004_kani=true&JigyosyoCd=0873301097-00&ServiceCd=210&Type=search", "url2": "http://ioaks.com" }, "geometry": { "type": "Point", "coordinates": [ 140.5468065, 36.4499254 ] } },
{ "type": "Feature", "properties": { "内容": "特別養護老人ホーム　常陸東海園【短期入所生活介護】茨城県那珂郡東海村村松2804-4", "url": "https://www.kaigokensaku.mhlw.go.jp/08/index.php?action_kouhyou_detail_004_kani=true&JigyosyoCd=0873300180-00&ServiceCd=210&Type=search", "url2": "https://shukutokukaisecond.amebaownd.com/" }, "geometry": { "type": "Point", "coordinates": [ 140.575972, 36.4503907 ] } },
{ "type": "Feature", "properties": { "内容": "特別養護老人ホーム　すみれ【短期入所生活介護】茨城県那珂郡東海村船場703-7", "url": "https://www.kaigokensaku.mhlw.go.jp/08/index.php?action_kouhyou_detail_004_kani=true&JigyosyoCd=0873301022-00&ServiceCd=210&Type=search", "url2": "https://www.seireikai.jp/" }, "geometry": { "type": "Point", "coordinates": [ 140.5450088, 36.4622914 ] } },
{ "type": "Feature", "properties": { "内容": "特別養護老人ホーム　久慈川荘【短期入所生活介護】茨城県久慈郡大子町北田気551-1", "url": "https://www.kaigokensaku.mhlw.go.jp/08/index.php?action_kouhyou_detail_004_kani=true&JigyosyoCd=0873400121-00&ServiceCd=210&Type=search", "url2": "http://kujigawasou.or.jp/tokuyou.html" }, "geometry": { "type": "Point", "coordinates": [ 140.3602237, 36.7645884 ] } },
{ "type": "Feature", "properties": { "内容": "特別養護老人ホーム　あいおんの丘大子【短期入所生活介護】茨城県久慈郡大子町初原字前ノ沢294", "url": "https://www.kaigokensaku.mhlw.go.jp/08/index.php?action_kouhyou_detail_004_kani=true&JigyosyoCd=0873400428-00&ServiceCd=210&Type=search", "url2": "https://youkou-kai.or.jp/daigo" }, "geometry": { "type": "Point", "coordinates": [ 140.318293087077308, 36.799807380652318 ] } },
{ "type": "Feature", "properties": { "内容": "特別養護老人ホームエミール【短期入所生活介護】茨城県稲敷郡美浦村信太2842番1特別養護老人ホームエミール", "url": "https://www.kaigokensaku.mhlw.go.jp/08/index.php?action_kouhyou_detail_004_kani=true&JigyosyoCd=0873801443-00&ServiceCd=210&Type=search", "url2": "https://emile-miho.jp" }, "geometry": { "type": "Point", "coordinates": [ 140.3146457, 35.9891532 ] } },
{ "type": "Feature", "properties": { "内容": "特別養護老人ホームみほ【短期入所生活介護】茨城県稲敷郡美浦村受領881", "url": "https://www.kaigokensaku.mhlw.go.jp/08/index.php?action_kouhyou_detail_004_kani=true&JigyosyoCd=0873800593-00&ServiceCd=210&Type=search", "url2": "http://www.seiei-kai.jp/" }, "geometry": { "type": "Point", "coordinates": [ 140.3122909, 36.0035652 ] } },
{ "type": "Feature", "properties": { "内容": "ケアレジデンス　ショートステイ大洗【短期入所生活介護】茨城県東茨城郡大洗町磯浜町8227-4", "url": "https://www.kaigokensaku.mhlw.go.jp/08/index.php?action_kouhyou_detail_004_kani=true&JigyosyoCd=0873101547-00&ServiceCd=210&Type=search", "url2": "http://www.careresi.jp" }, "geometry": { "type": "Point", "coordinates": [ 140.584442599999988, 36.3264132 ] } },
{ "type": "Feature", "properties": { "内容": "特別養護老人ホーム　阿見翔裕園【短期入所生活介護】茨城県稲敷郡阿見町阿見字阿見原5137番地", "url": "https://www.kaigokensaku.mhlw.go.jp/08/index.php?action_kouhyou_detail_004_kani=true&JigyosyoCd=0873801567-00&ServiceCd=210&Type=search", "url2": "https://www.genkimuragroup.jp/facilitylist/ami" }, "geometry": { "type": "Point", "coordinates": [ 140.2024, 36.03864 ] } },
{ "type": "Feature", "properties": { "内容": "特別養護老人ホーム阿見翔裕園【短期入所生活介護】茨城県稲敷郡阿見町阿見5137番地", "url": "https://www.kaigokensaku.mhlw.go.jp/08/index.php?action_kouhyou_detail_004_kani=true&JigyosyoCd=0873800213-00&ServiceCd=210&Type=search", "url2": "https://www.genkimuragroup.jp/facilitylist/ami/" }, "geometry": { "type": "Point", "coordinates": [ 140.198783117521657, 36.030478118222568 ] } },
{ "type": "Feature", "properties": { "内容": "特別養護老人ホーム　セントラル阿見【短期入所生活介護】茨城県稲敷郡阿見町荒川本郷179-23", "url": "https://www.kaigokensaku.mhlw.go.jp/08/index.php?action_kouhyou_detail_004_kani=true&JigyosyoCd=0873801419-00&ServiceCd=210&Type=search", "url2": "htpp://www.wakatake-kai.or.jp" }, "geometry": { "type": "Point", "coordinates": [ 140.162682100000012, 36.0130616 ] } },
{ "type": "Feature", "properties": { "内容": "特別養護老人ホーム　阿見こなん（短期入所）【短期入所生活介護】茨城県稲敷郡阿見町南平台１－３３－１０", "url": "https://www.kaigokensaku.mhlw.go.jp/08/index.php?action_kouhyou_detail_004_kani=true&JigyosyoCd=0873801013-00&ServiceCd=210&Type=search", "url2": "http://www.seisyuukai.com/" }, "geometry": { "type": "Point", "coordinates": [ 140.255320500000039, 36.022330699999983 ] } },
{ "type": "Feature", "properties": { "内容": "特別養護老人ホーム阿見こなん（短期入所生活介護）【短期入所生活介護】茨城県稲敷郡阿見町南平台1-33-10", "url": "https://www.kaigokensaku.mhlw.go.jp/08/index.php?action_kouhyou_detail_004_kani=true&JigyosyoCd=0873801542-00&ServiceCd=210&Type=search", "url2": "http://www.seisyuukai.com" }, "geometry": { "type": "Point", "coordinates": [ 140.255193600000013, 36.022113 ] } },
{ "type": "Feature", "properties": { "内容": "特別養護老人ホームあじさい苑【短期入所生活介護】茨城県稲敷郡河内町生板字横間8907番地", "url": "https://www.kaigokensaku.mhlw.go.jp/08/index.php?action_kouhyou_detail_004_kani=true&JigyosyoCd=0873800577-00&ServiceCd=210&Type=search", "url2": null }, "geometry": { "type": "Point", "coordinates": [ 140.223500699999931, 35.8768722 ] } },
{ "type": "Feature", "properties": { "内容": "短期入所生活介護事業所鼎の郷【短期入所生活介護】茨城県稲敷郡河内町金江津7501-2", "url": "https://www.kaigokensaku.mhlw.go.jp/08/index.php?action_kouhyou_detail_004_kani=true&JigyosyoCd=0873801344-00&ServiceCd=210&Type=search", "url2": "https:kawchikoseikai.com/" }, "geometry": { "type": "Point", "coordinates": [ 140.33596750000001, 35.8787419 ] } },
{ "type": "Feature", "properties": { "内容": "ショートステイサービス　千の風・河内【短期入所生活介護】稲敷郡河内町生坂4627", "url": "https://www.kaigokensaku.mhlw.go.jp/08/index.php?action_kouhyou_detail_004_kani=true&JigyosyoCd=0873800932-00&ServiceCd=210&Type=search", "url2": "http://www.kenjin.or.jp/sennokaze/kawachi/index.html" }, "geometry": { "type": "Point", "coordinates": [ 140.218660753967271, 35.89002928289667 ] } },
{ "type": "Feature", "properties": { "内容": "特別養護老人ホーム　玉樹【短期入所生活介護】茨城県結城郡八千代町大字菅谷字新田山1021-1", "url": "https://www.kaigokensaku.mhlw.go.jp/08/index.php?action_kouhyou_detail_004_kani=true&JigyosyoCd=0874200389-00&ServiceCd=210&Type=search", "url2": "http://www.tamaki.or.jp" }, "geometry": { "type": "Point", "coordinates": [ 139.888966530983822, 36.180185151636643 ] } },
{ "type": "Feature", "properties": { "内容": "特別養護老人ホームフィオーレ【短期入所生活介護】茨城県結城郡八千代町栗山229-1", "url": "https://www.kaigokensaku.mhlw.go.jp/08/index.php?action_kouhyou_detail_004_kani=true&JigyosyoCd=0874200553-00&ServiceCd=210&Type=search", "url2": "https://tsukubakinenkai.or.jp/" }, "geometry": { "type": "Point", "coordinates": [ 139.9063808, 36.1533351 ] } },
{ "type": "Feature", "properties": { "内容": "短期入所生活介護ショートステイきららの杜【短期入所生活介護】茨城県猿島郡五霞町元栗橋7331-1", "url": "https://www.kaigokensaku.mhlw.go.jp/08/index.php?action_kouhyou_detail_004_kani=true&JigyosyoCd=0874300783-00&ServiceCd=210&Type=search", "url2": "http://www.kiraranomori.or.jp/" }, "geometry": { "type": "Point", "coordinates": [ 139.728611399999977, 36.1115239 ] } },
{ "type": "Feature", "properties": { "内容": "特別養護老人ホーム　ファミール境【短期入所生活介護】茨城県猿島郡境町塚崎４８６４", "url": "https://www.kaigokensaku.mhlw.go.jp/08/index.php?action_kouhyou_detail_004_kani=true&JigyosyoCd=0874300130-00&ServiceCd=210&Type=search", "url2": "http://w3.dreams.ne.jp/famille" }, "geometry": { "type": "Point", "coordinates": [ 139.779917699999942, 36.1179163 ] } },
{ "type": "Feature", "properties": { "内容": "ショートステイ　ソラスト利根【短期入所生活介護】茨城県北相馬郡利根町早尾字早尾台610-1", "url": "https://www.kaigokensaku.mhlw.go.jp/08/index.php?action_kouhyou_detail_004_kani=true&JigyosyoCd=0874400526-00&ServiceCd=210&Type=search", "url2": "http://www.solasto.co.jp/" }, "geometry": { "type": "Point", "coordinates": [ 140.141872, 35.877236 ] } },
{ "type": "Feature", "properties": { "内容": "短期入所生活介護　響【短期入所生活介護】茨城県北相馬郡利根町横須賀147", "url": "https://www.kaigokensaku.mhlw.go.jp/08/index.php?action_kouhyou_detail_004_kani=true&JigyosyoCd=0884400029-00&ServiceCd=210&Type=search", "url2": "https://tone-hibiki.jimdofree.com/" }, "geometry": { "type": "Point", "coordinates": [ 140.1572946, 35.8770259 ] } },
{ "type": "Feature", "properties": { "内容": "短期入所生活介護事業所あおば【短期入所生活介護】大平260-2地域密着型介護施設あおば", "url": "https://www.kaigokensaku.mhlw.go.jp/08/index.php?action_kouhyou_detail_004_kani=true&JigyosyoCd=0874400450-00&ServiceCd=210&Type=search", "url2": "https://kawachikoseikai.com/facility/aoba/aoba-top.html" }, "geometry": { "type": "Point", "coordinates": [ 140.1597515, 35.8776117 ] } },
{ "type": "Feature", "properties": { "内容": "特別養護老人ホームやまなみ園【短期入所生活介護】茨城県北相馬郡利根町立木909", "url": "https://www.kaigokensaku.mhlw.go.jp/08/index.php?action_kouhyou_detail_004_kani=true&JigyosyoCd=0874400229-00&ServiceCd=210&Type=search", "url2": "http://yamanamien.jp/" }, "geometry": { "type": "Point", "coordinates": [ 140.180780700000014, 35.8712743 ] } }
]
}
