{
"type": "FeatureCollection",
"name": "geo_08_小学校",
"crs": { "type": "name", "properties": { "name": "urn:ogc:def:crs:EPSG::6668" } },
"features": [
{ "type": "Feature", "properties": { "P29_001": "08201", "P29_002": "B108110000013", "P29_003": "16001", "P29_004": "茨城大学教育学部附属小学校", "P29_005": "茨城県水戸市三の丸2-6-8", "P29_006": "1", "P29_007": "1", "P29_008": "00", "P29_009": null }, "geometry": { "type": "Point", "coordinates": [ 140.479592535359615, 36.374563516428836 ] } },
{ "type": "Feature", "properties": { "P29_001": "08201", "P29_002": "B108220100019", "P29_003": "16001", "P29_004": "水戸市立三の丸小学校", "P29_005": "茨城県水戸市三の丸1-6-51", "P29_006": "3", "P29_007": "1", "P29_008": "00", "P29_009": null }, "geometry": { "type": "Point", "coordinates": [ 140.476402682976214, 36.374913676934753 ] } },
{ "type": "Feature", "properties": { "P29_001": "08201", "P29_002": "B108220100028", "P29_003": "16001", "P29_004": "水戸市立五軒小学校", "P29_005": "茨城県水戸市金町3-2-25", "P29_006": "3", "P29_007": "1", "P29_008": "00", "P29_009": null }, "geometry": { "type": "Point", "coordinates": [ 140.463370997627976, 36.384334000543483 ] } },
{ "type": "Feature", "properties": { "P29_001": "08201", "P29_002": "B108220100037", "P29_003": "16001", "P29_004": "水戸市立新荘小学校", "P29_005": "茨城県水戸市新荘2-11-1", "P29_006": "3", "P29_007": "1", "P29_008": "00", "P29_009": null }, "geometry": { "type": "Point", "coordinates": [ 140.452187511812355, 36.385851985971613 ] } },
{ "type": "Feature", "properties": { "P29_001": "08201", "P29_002": "B108220100046", "P29_003": "16001", "P29_004": "水戸市立城東小学校", "P29_005": "茨城県水戸市城東2-7-62", "P29_006": "3", "P29_007": "1", "P29_008": "00", "P29_009": null }, "geometry": { "type": "Point", "coordinates": [ 140.493404676298724, 36.373235357697048 ] } },
{ "type": "Feature", "properties": { "P29_001": "08201", "P29_002": "B108220100055", "P29_003": "16001", "P29_004": "水戸市立浜田小学校", "P29_005": "茨城県水戸市浜田1-1-1", "P29_006": "3", "P29_007": "1", "P29_008": "00", "P29_009": null }, "geometry": { "type": "Point", "coordinates": [ 140.494754032279502, 36.363823970736576 ] } },
{ "type": "Feature", "properties": { "P29_001": "08201", "P29_002": "B108220100064", "P29_003": "16001", "P29_004": "水戸市立常磐小学校", "P29_005": "茨城県水戸市西原1-3-12", "P29_006": "3", "P29_007": "1", "P29_008": "00", "P29_009": null }, "geometry": { "type": "Point", "coordinates": [ 140.444122965006216, 36.387182187812328 ] } },
{ "type": "Feature", "properties": { "P29_001": "08201", "P29_002": "B108220100073", "P29_003": "16001", "P29_004": "水戸市立緑岡小学校", "P29_005": "茨城県水戸市見川町2563", "P29_006": "3", "P29_007": "1", "P29_008": "00", "P29_009": null }, "geometry": { "type": "Point", "coordinates": [ 140.443947784144541, 36.356083335967213 ] } },
{ "type": "Feature", "properties": { "P29_001": "08201", "P29_002": "B108220100082", "P29_003": "16001", "P29_004": "水戸市立見川小学校", "P29_005": "茨城県水戸市見川2-96-3", "P29_006": "3", "P29_007": "1", "P29_008": "00", "P29_009": null }, "geometry": { "type": "Point", "coordinates": [ 140.438805059320629, 36.373042542404001 ] } },
{ "type": "Feature", "properties": { "P29_001": "08201", "P29_002": "B108220100091", "P29_003": "16001", "P29_004": "水戸市立寿小学校", "P29_005": "茨城県水戸市平須町1809-1", "P29_006": "3", "P29_007": "1", "P29_008": "00", "P29_009": null }, "geometry": { "type": "Point", "coordinates": [ 140.431674376336332, 36.32890313807048 ] } },
{ "type": "Feature", "properties": { "P29_001": "08201", "P29_002": "B108220100108", "P29_003": "16001", "P29_004": "水戸市立上大野小学校", "P29_005": "茨城県水戸市東大野106-1", "P29_006": "3", "P29_007": "1", "P29_008": "00", "P29_009": null }, "geometry": { "type": "Point", "coordinates": [ 140.526089005398603, 36.363781997316984 ] } },
{ "type": "Feature", "properties": { "P29_001": "08201", "P29_002": "B108220100117", "P29_003": "16001", "P29_004": "水戸市立酒門小学校", "P29_005": "茨城県水戸市酒門町1445-1", "P29_006": "3", "P29_007": "1", "P29_008": "00", "P29_009": null }, "geometry": { "type": "Point", "coordinates": [ 140.493135614808864, 36.341103260556423 ] } },
{ "type": "Feature", "properties": { "P29_001": "08201", "P29_002": "B108220100126", "P29_003": "16001", "P29_004": "水戸市立吉田小学校", "P29_005": "茨城県水戸市元吉田町1757-1", "P29_006": "3", "P29_007": "1", "P29_008": "00", "P29_009": null }, "geometry": { "type": "Point", "coordinates": [ 140.475800885489036, 36.345346432908407 ] } },
{ "type": "Feature", "properties": { "P29_001": "08201", "P29_002": "B108220100135", "P29_003": "16001", "P29_004": "水戸市立渡里小学校", "P29_005": "茨城県水戸市堀町468-1", "P29_006": "3", "P29_007": "1", "P29_008": "00", "P29_009": null }, "geometry": { "type": "Point", "coordinates": [ 140.427164135992172, 36.406011282834498 ] } },
{ "type": "Feature", "properties": { "P29_001": "08201", "P29_002": "B108220100144", "P29_003": "16001", "P29_004": "水戸市立柳河小学校", "P29_005": "茨城県水戸市柳河町318-1", "P29_006": "3", "P29_007": "1", "P29_008": "00", "P29_009": null }, "geometry": { "type": "Point", "coordinates": [ 140.469402395229082, 36.397142960987793 ] } },
{ "type": "Feature", "properties": { "P29_001": "08201", "P29_002": "B108220100153", "P29_003": "16001", "P29_004": "水戸市立石川小学校", "P29_005": "茨城県水戸市石川4-4035", "P29_006": "3", "P29_007": "1", "P29_008": "00", "P29_009": null }, "geometry": { "type": "Point", "coordinates": [ 140.422617947257322, 36.389846354739085 ] } },
{ "type": "Feature", "properties": { "P29_001": "08201", "P29_002": "B108220100162", "P29_003": "16001", "P29_004": "水戸市立飯富小学校", "P29_005": "茨城県水戸市飯富町4420-1", "P29_006": "3", "P29_007": "1", "P29_008": "00", "P29_009": null }, "geometry": { "type": "Point", "coordinates": [ 140.414619705119094, 36.437723112590859 ] } },
{ "type": "Feature", "properties": { "P29_001": "08201", "P29_002": "B108220100171", "P29_003": "16001", "P29_004": "水戸市立河和田小学校", "P29_005": "茨城県水戸市河和田町1019", "P29_006": "3", "P29_007": "1", "P29_008": "00", "P29_009": null }, "geometry": { "type": "Point", "coordinates": [ 140.413044885351042, 36.368530122937301 ] } },
{ "type": "Feature", "properties": { "P29_001": "08201", "P29_002": "B108220100180", "P29_003": "16001", "P29_004": "水戸市立上中妻小学校", "P29_005": "茨城県水戸市大塚町1086-2", "P29_006": "3", "P29_007": "1", "P29_008": "00", "P29_009": null }, "geometry": { "type": "Point", "coordinates": [ 140.392105280127907, 36.383495204162109 ] } },
{ "type": "Feature", "properties": { "P29_001": "08201", "P29_002": "B108220100199", "P29_003": "16001", "P29_004": "水戸市立千波小学校", "P29_005": "茨城県水戸市千波町1538-1", "P29_006": "3", "P29_007": "1", "P29_008": "00", "P29_009": null }, "geometry": { "type": "Point", "coordinates": [ 140.465422473500752, 36.355052550793069 ] } },
{ "type": "Feature", "properties": { "P29_001": "08201", "P29_002": "B108220100206", "P29_003": "16001", "P29_004": "水戸市立梅が丘小学校", "P29_005": "茨城県水戸市姫子1-827-2", "P29_006": "3", "P29_007": "1", "P29_008": "00", "P29_009": null }, "geometry": { "type": "Point", "coordinates": [ 140.432690989552725, 36.38090832671984 ] } },
{ "type": "Feature", "properties": { "P29_001": "08201", "P29_002": "B108220100215", "P29_003": "16001", "P29_004": "水戸市立双葉台小学校", "P29_005": "茨城県水戸市双葉台5-26", "P29_006": "3", "P29_007": "1", "P29_008": "00", "P29_009": null }, "geometry": { "type": "Point", "coordinates": [ 140.4065383043135, 36.395770441387768 ] } },
{ "type": "Feature", "properties": { "P29_001": "08201", "P29_002": "B108220100224", "P29_003": "16001", "P29_004": "水戸市立笠原小学校", "P29_005": "茨城県水戸市笠原347-17", "P29_006": "3", "P29_007": "1", "P29_008": "00", "P29_009": null }, "geometry": { "type": "Point", "coordinates": [ 140.454595000906437, 36.344059995162333 ] } },
{ "type": "Feature", "properties": { "P29_001": "08201", "P29_002": "B108220100233", "P29_003": "16001", "P29_004": "水戸市立赤塚小学校", "P29_005": "茨城県水戸市河和田2-2116-1", "P29_006": "3", "P29_007": "1", "P29_008": "00", "P29_009": null }, "geometry": { "type": "Point", "coordinates": [ 140.404981630852546, 36.378871248731258 ] } },
{ "type": "Feature", "properties": { "P29_001": "08201", "P29_002": "B108220100242", "P29_003": "16001", "P29_004": "水戸市立吉沢小学校", "P29_005": "茨城県水戸市吉沢町169-1", "P29_006": "3", "P29_007": "1", "P29_008": "00", "P29_009": null }, "geometry": { "type": "Point", "coordinates": [ 140.461929431835358, 36.333923110411583 ] } },
{ "type": "Feature", "properties": { "P29_001": "08201", "P29_002": "B108220100251", "P29_003": "16001", "P29_004": "水戸市立堀原小学校", "P29_005": "茨城県水戸市新原1-7-1", "P29_006": "3", "P29_007": "1", "P29_008": "00", "P29_009": null }, "geometry": { "type": "Point", "coordinates": [ 140.430847424340726, 36.393366736647813 ] } },
{ "type": "Feature", "properties": { "P29_001": "08201", "P29_002": "B108220100260", "P29_003": "16001", "P29_004": "水戸市立下大野小学校", "P29_005": "茨城県水戸市塩崎町666", "P29_006": "3", "P29_007": "1", "P29_008": "00", "P29_009": null }, "geometry": { "type": "Point", "coordinates": [ 140.552454812222749, 36.339461331182648 ] } },
{ "type": "Feature", "properties": { "P29_001": "08201", "P29_002": "B108220100279", "P29_003": "16001", "P29_004": "水戸市立稲荷第一小学校", "P29_005": "茨城県水戸市大串町142-1", "P29_006": "3", "P29_007": "1", "P29_008": "00", "P29_009": null }, "geometry": { "type": "Point", "coordinates": [ 140.53751150977817, 36.337063483827514 ] } },
{ "type": "Feature", "properties": { "P29_001": "08201", "P29_002": "B108220100288", "P29_003": "16001", "P29_004": "水戸市立稲荷第二小学校", "P29_005": "茨城県水戸市百合が丘町997-204", "P29_006": "3", "P29_007": "1", "P29_008": "00", "P29_009": null }, "geometry": { "type": "Point", "coordinates": [ 140.510187203250069, 36.345433327295041 ] } },
{ "type": "Feature", "properties": { "P29_001": "08201", "P29_002": "B108220100297", "P29_003": "16001", "P29_004": "水戸市立大場小学校", "P29_005": "茨城県水戸市大場町2489", "P29_006": "3", "P29_007": "1", "P29_008": "00", "P29_009": null }, "geometry": { "type": "Point", "coordinates": [ 140.521313461066114, 36.321715892711907 ] } },
{ "type": "Feature", "properties": { "P29_001": "08201", "P29_002": "B108220100304", "P29_003": "16001", "P29_004": "水戸市立鯉淵小学校", "P29_005": "茨城県水戸市鯉淵町3000", "P29_006": "3", "P29_007": "1", "P29_008": "00", "P29_009": null }, "geometry": { "type": "Point", "coordinates": [ 140.370763203394603, 36.344940755693926 ] } },
{ "type": "Feature", "properties": { "P29_001": "08201", "P29_002": "B108220100313", "P29_003": "16001", "P29_004": "水戸市立妻里小学校", "P29_005": "茨城県水戸市中原町682", "P29_006": "3", "P29_007": "1", "P29_008": "00", "P29_009": null }, "geometry": { "type": "Point", "coordinates": [ 140.360450237722887, 36.381190890090188 ] } },
{ "type": "Feature", "properties": { "P29_001": "08201", "P29_002": "B108220100322", "P29_003": "16001", "P29_004": "水戸市立内原小学校", "P29_005": "茨城県水戸市内原町1451", "P29_006": "3", "P29_007": "1", "P29_008": "00", "P29_009": null }, "geometry": { "type": "Point", "coordinates": [ 140.358965536123179, 36.362213162195403 ] } },
{ "type": "Feature", "properties": { "P29_001": "08202", "P29_002": "B108220200018", "P29_003": "16001", "P29_004": "日立市立助川小学校", "P29_005": "茨城県日立市助川町2-15-1", "P29_006": "3", "P29_007": "1", "P29_008": "00", "P29_009": null }, "geometry": { "type": "Point", "coordinates": [ 140.646621273390139, 36.591314479755162 ] } },
{ "type": "Feature", "properties": { "P29_001": "08202", "P29_002": "B108220200027", "P29_003": "16001", "P29_004": "日立市立会瀬小学校", "P29_005": "茨城県日立市会瀬町2-17-10", "P29_006": "3", "P29_007": "1", "P29_008": "00", "P29_009": null }, "geometry": { "type": "Point", "coordinates": [ 140.652773761988527, 36.577766213078199 ] } },
{ "type": "Feature", "properties": { "P29_001": "08202", "P29_002": "B108220200036", "P29_003": "16001", "P29_004": "日立市立宮田小学校", "P29_005": "茨城県日立市本宮町2-9-1", "P29_006": "3", "P29_007": "1", "P29_008": "00", "P29_009": null }, "geometry": { "type": "Point", "coordinates": [ 140.661150998891799, 36.603785995056526 ] } },
{ "type": "Feature", "properties": { "P29_001": "08202", "P29_002": "B108220200045", "P29_003": "16001", "P29_004": "日立市立仲町小学校", "P29_005": "茨城県日立市宮田町5-5-1", "P29_006": "3", "P29_007": "1", "P29_008": "00", "P29_009": null }, "geometry": { "type": "Point", "coordinates": [ 140.654234999230539, 36.60792500279436 ] } },
{ "type": "Feature", "properties": { "P29_001": "08202", "P29_002": "B108220200054", "P29_003": "16001", "P29_004": "日立市立中小路小学校", "P29_005": "茨城県日立市平和町2-4-1", "P29_006": "3", "P29_007": "1", "P29_008": "00", "P29_009": null }, "geometry": { "type": "Point", "coordinates": [ 140.659069003994063, 36.596425997491643 ] } },
{ "type": "Feature", "properties": { "P29_001": "08202", "P29_002": "B108220200063", "P29_003": "16001", "P29_004": "日立市立大久保小学校", "P29_005": "茨城県日立市末広町1-1-1", "P29_006": "3", "P29_007": "1", "P29_008": "00", "P29_009": null }, "geometry": { "type": "Point", "coordinates": [ 140.625991430660235, 36.558052247959068 ] } },
{ "type": "Feature", "properties": { "P29_001": "08202", "P29_002": "B108220200072", "P29_003": "16001", "P29_004": "日立市立河原子小学校", "P29_005": "茨城県日立市河原子町4-3-4", "P29_006": "3", "P29_007": "1", "P29_008": "00", "P29_009": null }, "geometry": { "type": "Point", "coordinates": [ 140.639510403620932, 36.546621090274485 ] } },
{ "type": "Feature", "properties": { "P29_001": "08202", "P29_002": "B108220200081", "P29_003": "16001", "P29_004": "日立市立油縄子小学校", "P29_005": "茨城県日立市鮎川町3-11-1", "P29_006": "3", "P29_007": "1", "P29_008": "00", "P29_009": null }, "geometry": { "type": "Point", "coordinates": [ 140.639176189242221, 36.565888202451674 ] } },
{ "type": "Feature", "properties": { "P29_001": "08202", "P29_002": "B108220200090", "P29_003": "16001", "P29_004": "日立市立成沢小学校", "P29_005": "茨城県日立市中成沢町3-16-8", "P29_006": "3", "P29_007": "1", "P29_008": "00", "P29_009": null }, "geometry": { "type": "Point", "coordinates": [ 140.636299770271165, 36.573988585562653 ] } },
{ "type": "Feature", "properties": { "P29_001": "08202", "P29_002": "B108220200107", "P29_003": "16001", "P29_004": "日立市立水木小学校", "P29_005": "茨城県日立市水木町1-6-1", "P29_006": "3", "P29_007": "1", "P29_008": "00", "P29_009": null }, "geometry": { "type": "Point", "coordinates": [ 140.630318112845458, 36.521856957934837 ] } },
{ "type": "Feature", "properties": { "P29_001": "08202", "P29_002": "B108220200116", "P29_003": "16001", "P29_004": "日立市立大沼小学校", "P29_005": "茨城県日立市東大沼町2-1-8", "P29_006": "3", "P29_007": "1", "P29_008": "00", "P29_009": null }, "geometry": { "type": "Point", "coordinates": [ 140.6296298321096, 36.534528400054079 ] } },
{ "type": "Feature", "properties": { "P29_001": "08202", "P29_002": "B108220200125", "P29_003": "16001", "P29_004": "日立市立日高小学校", "P29_005": "茨城県日立市日高町2-12-1", "P29_006": "3", "P29_007": "1", "P29_008": "00", "P29_009": null }, "geometry": { "type": "Point", "coordinates": [ 140.682460044053386, 36.639040110349072 ] } },
{ "type": "Feature", "properties": { "P29_001": "08202", "P29_002": "B108220200134", "P29_003": "16001", "P29_004": "日立市立久慈小学校", "P29_005": "茨城県日立市久慈町1-23-1", "P29_006": "3", "P29_007": "1", "P29_008": "00", "P29_009": null }, "geometry": { "type": "Point", "coordinates": [ 140.619267080874096, 36.497604161494884 ] } },
{ "type": "Feature", "properties": { "P29_001": "08202", "P29_002": "B108220200143", "P29_003": "16001", "P29_004": "日立市立坂本小学校", "P29_005": "茨城県日立市南高野町3-21-1", "P29_006": "3", "P29_007": "1", "P29_008": "00", "P29_009": null }, "geometry": { "type": "Point", "coordinates": [ 140.60005306841407, 36.50637948061177 ] } },
{ "type": "Feature", "properties": { "P29_001": "08202", "P29_002": "B108220200152", "P29_003": "16001", "P29_004": "日立市立東小沢小学校", "P29_005": "茨城県日立市下土木内町617", "P29_006": "3", "P29_007": "1", "P29_008": "00", "P29_009": null }, "geometry": { "type": "Point", "coordinates": [ 140.582440286910753, 36.495754105746371 ] } },
{ "type": "Feature", "properties": { "P29_001": "08202", "P29_002": "B108220200170", "P29_003": "16001", "P29_004": "日立市立豊浦小学校", "P29_005": "茨城県日立市折笠町741", "P29_006": "3", "P29_007": "1", "P29_008": "00", "P29_009": null }, "geometry": { "type": "Point", "coordinates": [ 140.691129663034758, 36.655685706907832 ] } },
{ "type": "Feature", "properties": { "P29_001": "08202", "P29_002": "B108220200189", "P29_003": "16001", "P29_004": "日立市立諏訪小学校", "P29_005": "茨城県日立市諏訪町3-10-1", "P29_006": "3", "P29_007": "1", "P29_008": "00", "P29_009": null }, "geometry": { "type": "Point", "coordinates": [ 140.624129005989261, 36.570289001102694 ] } },
{ "type": "Feature", "properties": { "P29_001": "08202", "P29_002": "B108220200198", "P29_003": "16001", "P29_004": "日立市立金沢小学校", "P29_005": "茨城県日立市金沢町5-2-1", "P29_006": "3", "P29_007": "1", "P29_008": "00", "P29_009": null }, "geometry": { "type": "Point", "coordinates": [ 140.612215000922561, 36.540514995293343 ] } },
{ "type": "Feature", "properties": { "P29_001": "08202", "P29_002": "B108220200205", "P29_003": "16001", "P29_004": "日立市立滑川小学校", "P29_005": "茨城県日立市滑川本町1-20-7", "P29_006": "3", "P29_007": "1", "P29_008": "00", "P29_009": null }, "geometry": { "type": "Point", "coordinates": [ 140.668371445734522, 36.617193361284954 ] } },
{ "type": "Feature", "properties": { "P29_001": "08202", "P29_002": "B108220200214", "P29_003": "16001", "P29_004": "日立市立大みか小学校", "P29_005": "茨城県日立市大みか町3-19-15", "P29_006": "3", "P29_007": "1", "P29_008": "00", "P29_009": null }, "geometry": { "type": "Point", "coordinates": [ 140.628185997782651, 36.513379003012886 ] } },
{ "type": "Feature", "properties": { "P29_001": "08202", "P29_002": "B108220200223", "P29_003": "16001", "P29_004": "日立市立田尻小学校", "P29_005": "茨城県日立市田尻町4-39-1", "P29_006": "3", "P29_007": "1", "P29_008": "00", "P29_009": null }, "geometry": { "type": "Point", "coordinates": [ 140.676120997866946, 36.624118000340992 ] } },
{ "type": "Feature", "properties": { "P29_001": "08202", "P29_002": "B108220200232", "P29_003": "16001", "P29_004": "日立市立塙山小学校", "P29_005": "茨城県日立市金沢町2-14-1", "P29_006": "3", "P29_007": "1", "P29_008": "00", "P29_009": null }, "geometry": { "type": "Point", "coordinates": [ 140.616181781895904, 36.548435513581659 ] } },
{ "type": "Feature", "properties": { "P29_001": "08202", "P29_002": "B108220200241", "P29_003": "16001", "P29_004": "日立市立櫛形小学校", "P29_005": "茨城県日立市十王町伊師本郷508", "P29_006": "3", "P29_007": "1", "P29_008": "00", "P29_009": null }, "geometry": { "type": "Point", "coordinates": [ 140.68866284037685, 36.67744905595287 ] } },
{ "type": "Feature", "properties": { "P29_001": "08202", "P29_002": "B108220200250", "P29_003": "16001", "P29_004": "日立市立山部小学校", "P29_005": "茨城県日立市十王町山部841", "P29_006": "3", "P29_007": "1", "P29_008": "00", "P29_009": null }, "geometry": { "type": "Point", "coordinates": [ 140.667364878609362, 36.692556395751431 ] } },
{ "type": "Feature", "properties": { "P29_001": "08203", "P29_002": "B108220300017", "P29_003": "16001", "P29_004": "土浦市立土浦小学校", "P29_005": "茨城県土浦市大手町13-32", "P29_006": "3", "P29_007": "1", "P29_008": "00", "P29_009": null }, "geometry": { "type": "Point", "coordinates": [ 140.197503996519657, 36.08325714020404 ] } },
{ "type": "Feature", "properties": { "P29_001": "08203", "P29_002": "B108220300026", "P29_003": "16001", "P29_004": "土浦市立土浦第二小学校", "P29_005": "茨城県土浦市富士崎2-1-41", "P29_006": "3", "P29_007": "1", "P29_008": "00", "P29_009": null }, "geometry": { "type": "Point", "coordinates": [ 140.197157568052205, 36.071258100557856 ] } },
{ "type": "Feature", "properties": { "P29_001": "08203", "P29_002": "B108220300035", "P29_003": "16001", "P29_004": "土浦市立下高津小学校", "P29_005": "茨城県土浦市下高津4-2-9", "P29_006": "3", "P29_007": "1", "P29_008": "00", "P29_009": null }, "geometry": { "type": "Point", "coordinates": [ 140.183622402630306, 36.076050478378512 ] } },
{ "type": "Feature", "properties": { "P29_001": "08203", "P29_002": "B108220300044", "P29_003": "16001", "P29_004": "土浦市立東小学校", "P29_005": "茨城県土浦市中455", "P29_006": "3", "P29_007": "1", "P29_008": "00", "P29_009": null }, "geometry": { "type": "Point", "coordinates": [ 140.174416667170021, 36.057057694815072 ] } },
{ "type": "Feature", "properties": { "P29_001": "08203", "P29_002": "B108220300053", "P29_003": "16001", "P29_004": "土浦市立大岩田小学校", "P29_005": "茨城県土浦市大岩田2066-1", "P29_006": "3", "P29_007": "1", "P29_008": "00", "P29_009": null }, "geometry": { "type": "Point", "coordinates": [ 140.203992002649329, 36.054756000626426 ] } },
{ "type": "Feature", "properties": { "P29_001": "08203", "P29_002": "B108220300062", "P29_003": "16001", "P29_004": "土浦市立真鍋小学校", "P29_005": "茨城県土浦市真鍋4-3-1", "P29_006": "3", "P29_007": "1", "P29_008": "00", "P29_009": null }, "geometry": { "type": "Point", "coordinates": [ 140.203899068111355, 36.097005384774107 ] } },
{ "type": "Feature", "properties": { "P29_001": "08203", "P29_002": "B108220300071", "P29_003": "16001", "P29_004": "土浦市立都和小学校", "P29_005": "茨城県土浦市並木5-4826-2", "P29_006": "3", "P29_007": "1", "P29_008": "00", "P29_009": null }, "geometry": { "type": "Point", "coordinates": [ 140.191494679174383, 36.11669654983865 ] } },
{ "type": "Feature", "properties": { "P29_001": "08203", "P29_002": "B108220300080", "P29_003": "16001", "P29_004": "土浦市立荒川沖小学校", "P29_005": "茨城県土浦市荒川沖東3-24-3", "P29_006": "3", "P29_007": "1", "P29_008": "00", "P29_009": null }, "geometry": { "type": "Point", "coordinates": [ 140.165106004453548, 36.026230003487321 ] } },
{ "type": "Feature", "properties": { "P29_001": "08203", "P29_002": "B108220300099", "P29_003": "16001", "P29_004": "土浦市立中村小学校", "P29_005": "茨城県土浦市中村南5-29-5", "P29_006": "3", "P29_007": "1", "P29_008": "00", "P29_009": null }, "geometry": { "type": "Point", "coordinates": [ 140.159800996653331, 36.042922002247337 ] } },
{ "type": "Feature", "properties": { "P29_001": "08203", "P29_002": "B108220300106", "P29_003": "16001", "P29_004": "土浦市立上大津東小学校", "P29_005": "茨城県土浦市沖宿町2489", "P29_006": "3", "P29_007": "1", "P29_008": "00", "P29_009": null }, "geometry": { "type": "Point", "coordinates": [ 140.251448250230652, 36.080526930825798 ] } },
{ "type": "Feature", "properties": { "P29_001": "08203", "P29_002": "B108220300115", "P29_003": "16001", "P29_004": "土浦市立神立小学校", "P29_005": "茨城県土浦市中神立町4", "P29_006": "3", "P29_007": "1", "P29_008": "00", "P29_009": null }, "geometry": { "type": "Point", "coordinates": [ 140.232235994185032, 36.118470001556702 ] } },
{ "type": "Feature", "properties": { "P29_001": "08203", "P29_002": "B108220300124", "P29_003": "16001", "P29_004": "土浦市立右籾小学校", "P29_005": "茨城県土浦市右籾1728-3", "P29_006": "3", "P29_007": "1", "P29_008": "00", "P29_009": null }, "geometry": { "type": "Point", "coordinates": [ 140.185660001061649, 36.045395001623149 ] } },
{ "type": "Feature", "properties": { "P29_001": "08203", "P29_002": "B108220300133", "P29_003": "16001", "P29_004": "土浦市立都和南小学校", "P29_005": "茨城県土浦市常名3090", "P29_006": "3", "P29_007": "1", "P29_008": "00", "P29_009": null }, "geometry": { "type": "Point", "coordinates": [ 140.188464004879421, 36.104692998783669 ] } },
{ "type": "Feature", "properties": { "P29_001": "08203", "P29_002": "B108220300142", "P29_003": "16001", "P29_004": "土浦市立乙戸小学校", "P29_005": "茨城県土浦市乙戸南2-1-1", "P29_006": "3", "P29_007": "1", "P29_008": "00", "P29_009": null }, "geometry": { "type": "Point", "coordinates": [ 140.150623929552211, 36.031616656420177 ] } },
{ "type": "Feature", "properties": { "P29_001": "08203", "P29_002": "B108220300151", "P29_003": "16001", "P29_004": "土浦市立菅谷小学校", "P29_005": "茨城県土浦市菅谷町1464-8", "P29_006": "3", "P29_007": "1", "P29_008": "00", "P29_009": null }, "geometry": { "type": "Point", "coordinates": [ 140.260085863243233, 36.111175637833149 ] } },
{ "type": "Feature", "properties": { "P29_001": "08204", "P29_002": "B108220400016", "P29_003": "16001", "P29_004": "古河市立古河第一小学校", "P29_005": "茨城県古河市中央町3-10-1", "P29_006": "3", "P29_007": "1", "P29_008": "00", "P29_009": null }, "geometry": { "type": "Point", "coordinates": [ 139.702326489002644, 36.192652990945717 ] } },
{ "type": "Feature", "properties": { "P29_001": "08204", "P29_002": "B108220400025", "P29_003": "16001", "P29_004": "古河市立古河第二小学校", "P29_005": "茨城県古河市本町2-10-45", "P29_006": "3", "P29_007": "1", "P29_008": "00", "P29_009": null }, "geometry": { "type": "Point", "coordinates": [ 139.707279001095003, 36.192394004799688 ] } },
{ "type": "Feature", "properties": { "P29_001": "08204", "P29_002": "B108220400034", "P29_003": "16001", "P29_004": "古河市立古河第三小学校", "P29_005": "茨城県古河市旭町1-18-4", "P29_006": "3", "P29_007": "1", "P29_008": "00", "P29_009": null }, "geometry": { "type": "Point", "coordinates": [ 139.722692645157224, 36.195378888193794 ] } },
{ "type": "Feature", "properties": { "P29_001": "08204", "P29_002": "B108220400043", "P29_003": "16001", "P29_004": "古河市立古河第四小学校", "P29_005": "茨城県古河市中田1221", "P29_006": "3", "P29_007": "1", "P29_008": "00", "P29_009": null }, "geometry": { "type": "Point", "coordinates": [ 139.714723994820531, 36.154815998629743 ] } },
{ "type": "Feature", "properties": { "P29_001": "08204", "P29_002": "B108220400052", "P29_003": "16001", "P29_004": "古河市立古河第五小学校", "P29_005": "茨城県古河市横山町3-13-27", "P29_006": "3", "P29_007": "1", "P29_008": "00", "P29_009": null }, "geometry": { "type": "Point", "coordinates": [ 139.70259110224066, 36.203321993338079 ] } },
{ "type": "Feature", "properties": { "P29_001": "08204", "P29_002": "B108220400061", "P29_003": "16001", "P29_004": "古河市立古河第六小学校", "P29_005": "茨城県古河市北町16-47", "P29_006": "3", "P29_007": "1", "P29_008": "00", "P29_009": null }, "geometry": { "type": "Point", "coordinates": [ 139.717055036473766, 36.203722725757252 ] } },
{ "type": "Feature", "properties": { "P29_001": "08204", "P29_002": "B108220400070", "P29_003": "16001", "P29_004": "古河市立古河第七小学校", "P29_005": "茨城県古河市三和176-1", "P29_006": "3", "P29_007": "1", "P29_008": "00", "P29_009": null }, "geometry": { "type": "Point", "coordinates": [ 139.705232515611272, 36.164183681316828 ] } },
{ "type": "Feature", "properties": { "P29_001": "08204", "P29_002": "B108220400089", "P29_003": "16001", "P29_004": "古河市立上辺見小学校", "P29_005": "茨城県古河市上辺見1164", "P29_006": "3", "P29_007": "1", "P29_008": "00", "P29_009": null }, "geometry": { "type": "Point", "coordinates": [ 139.731432932344234, 36.18933829405352 ] } },
{ "type": "Feature", "properties": { "P29_001": "08204", "P29_002": "B108220400098", "P29_003": "16001", "P29_004": "古河市立上大野小学校", "P29_005": "茨城県古河市上大野1425", "P29_006": "3", "P29_007": "1", "P29_008": "00", "P29_009": null }, "geometry": { "type": "Point", "coordinates": [ 139.781020115795599, 36.205044952202684 ] } },
{ "type": "Feature", "properties": { "P29_001": "08204", "P29_002": "B108220400105", "P29_003": "16001", "P29_004": "古河市立小堤小学校", "P29_005": "茨城県古河市小堤1815-1", "P29_006": "3", "P29_007": "1", "P29_008": "00", "P29_009": null }, "geometry": { "type": "Point", "coordinates": [ 139.761208781013607, 36.204981323072786 ] } },
{ "type": "Feature", "properties": { "P29_001": "08204", "P29_002": "B108220400114", "P29_003": "16001", "P29_004": "古河市立下大野小学校", "P29_005": "茨城県古河市下大野734-2", "P29_006": "3", "P29_007": "1", "P29_008": "00", "P29_009": null }, "geometry": { "type": "Point", "coordinates": [ 139.772298693058815, 36.167644505368635 ] } },
{ "type": "Feature", "properties": { "P29_001": "08204", "P29_002": "B108220400123", "P29_003": "16001", "P29_004": "古河市立釈迦小学校", "P29_005": "茨城県古河市釈迦271", "P29_006": "3", "P29_007": "1", "P29_008": "00", "P29_009": null }, "geometry": { "type": "Point", "coordinates": [ 139.750993794180971, 36.157056859282719 ] } },
{ "type": "Feature", "properties": { "P29_001": "08204", "P29_002": "B108220400132", "P29_003": "16001", "P29_004": "古河市立駒羽根小学校", "P29_005": "茨城県古河市駒羽根1364", "P29_006": "3", "P29_007": "1", "P29_008": "00", "P29_009": null }, "geometry": { "type": "Point", "coordinates": [ 139.761224893081902, 36.160285802921081 ] } },
{ "type": "Feature", "properties": { "P29_001": "08204", "P29_002": "B108220400141", "P29_003": "16001", "P29_004": "古河市立西牛谷小学校", "P29_005": "茨城県古河市西牛谷650", "P29_006": "3", "P29_007": "1", "P29_008": "00", "P29_009": null }, "geometry": { "type": "Point", "coordinates": [ 139.736914998766082, 36.201087998782128 ] } },
{ "type": "Feature", "properties": { "P29_001": "08204", "P29_002": "B108220400150", "P29_003": "16001", "P29_004": "古河市立水海小学校", "P29_005": "茨城県古河市水海542-1", "P29_006": "3", "P29_007": "1", "P29_008": "00", "P29_009": null }, "geometry": { "type": "Point", "coordinates": [ 139.756526999275906, 36.143624003469256 ] } },
{ "type": "Feature", "properties": { "P29_001": "08204", "P29_002": "B108220400169", "P29_003": "16001", "P29_004": "古河市立下辺見小学校", "P29_005": "茨城県古河市下辺見2400", "P29_006": "3", "P29_007": "1", "P29_008": "00", "P29_009": null }, "geometry": { "type": "Point", "coordinates": [ 139.733583999969284, 36.176757000207338 ] } },
{ "type": "Feature", "properties": { "P29_001": "08204", "P29_002": "B108220400178", "P29_003": "16001", "P29_004": "古河市立中央小学校", "P29_005": "茨城県古河市下大野1573-20", "P29_006": "3", "P29_007": "1", "P29_008": "00", "P29_009": null }, "geometry": { "type": "Point", "coordinates": [ 139.758914029701486, 36.185754502435692 ] } },
{ "type": "Feature", "properties": { "P29_001": "08204", "P29_002": "B108220400187", "P29_003": "16001", "P29_004": "古河市立八俣小学校", "P29_005": "茨城県古河市東山田1814", "P29_006": "3", "P29_007": "1", "P29_008": "00", "P29_009": null }, "geometry": { "type": "Point", "coordinates": [ 139.818804561369461, 36.158232731660753 ] } },
{ "type": "Feature", "properties": { "P29_001": "08204", "P29_002": "B108220400196", "P29_003": "16001", "P29_004": "古河市立諸川小学校", "P29_005": "茨城県古河市諸川1097", "P29_006": "3", "P29_007": "1", "P29_008": "00", "P29_009": null }, "geometry": { "type": "Point", "coordinates": [ 139.811114711689527, 36.196936746410024 ] } },
{ "type": "Feature", "properties": { "P29_001": "08204", "P29_002": "B108220400203", "P29_003": "16001", "P29_004": "古河市立大和田小学校", "P29_005": "茨城県古河市大和田822", "P29_006": "3", "P29_007": "1", "P29_008": "00", "P29_009": null }, "geometry": { "type": "Point", "coordinates": [ 139.796681098571582, 36.190056672000829 ] } },
{ "type": "Feature", "properties": { "P29_001": "08204", "P29_002": "B108220400212", "P29_003": "16001", "P29_004": "古河市立駒込小学校", "P29_005": "茨城県古河市駒込899-3", "P29_006": "3", "P29_007": "1", "P29_008": "00", "P29_009": null }, "geometry": { "type": "Point", "coordinates": [ 139.80747422181463, 36.222620619761081 ] } },
{ "type": "Feature", "properties": { "P29_001": "08204", "P29_002": "B108220400221", "P29_003": "16001", "P29_004": "古河市立名崎小学校", "P29_005": "茨城県古河市尾崎4200", "P29_006": "3", "P29_007": "1", "P29_008": "00", "P29_009": null }, "geometry": { "type": "Point", "coordinates": [ 139.842622324714625, 36.185245851765607 ] } },
{ "type": "Feature", "properties": { "P29_001": "08204", "P29_002": "B108220400230", "P29_003": "16001", "P29_004": "古河市立仁連小学校", "P29_005": "茨城県古河市仁連607", "P29_006": "3", "P29_007": "1", "P29_008": "00", "P29_009": null }, "geometry": { "type": "Point", "coordinates": [ 139.808489549980806, 36.182738383658688 ] } },
{ "type": "Feature", "properties": { "P29_001": "08205", "P29_002": "B108220500015", "P29_003": "16001", "P29_004": "石岡市立石岡小学校", "P29_005": "茨城県石岡市総社1-2-10", "P29_006": "3", "P29_007": "1", "P29_008": "00", "P29_009": null }, "geometry": { "type": "Point", "coordinates": [ 140.268630357888384, 36.190385580461495 ] } },
{ "type": "Feature", "properties": { "P29_001": "08205", "P29_002": "B108220500024", "P29_003": "16001", "P29_004": "石岡市立府中小学校", "P29_005": "茨城県石岡市若松1-11-18", "P29_006": "3", "P29_007": "1", "P29_008": "00", "P29_009": null }, "geometry": { "type": "Point", "coordinates": [ 140.267469857791724, 36.200527936725187 ] } },
{ "type": "Feature", "properties": { "P29_001": "08205", "P29_002": "B108220500033", "P29_003": "16001", "P29_004": "石岡市立高浜小学校", "P29_005": "茨城県石岡市高浜62", "P29_006": "3", "P29_007": "1", "P29_008": "00", "P29_009": null }, "geometry": { "type": "Point", "coordinates": [ 140.297733675868301, 36.165686801359399 ] } },
{ "type": "Feature", "properties": { "P29_001": "08205", "P29_002": "B108220500042", "P29_003": "16001", "P29_004": "石岡市立東小学校", "P29_005": "茨城県石岡市旭台1-11-3", "P29_006": "3", "P29_007": "1", "P29_008": "00", "P29_009": null }, "geometry": { "type": "Point", "coordinates": [ 140.298152443024918, 36.19309182434246 ] } },
{ "type": "Feature", "properties": { "P29_001": "08205", "P29_002": "B108220500051", "P29_003": "16001", "P29_004": "石岡市立関川小学校", "P29_005": "茨城県石岡市石川1153", "P29_006": "3", "P29_007": "1", "P29_008": "00", "P29_009": null }, "geometry": { "type": "Point", "coordinates": [ 140.310095441707006, 36.142439204757125 ] } },
{ "type": "Feature", "properties": { "P29_001": "08205", "P29_002": "B108220500060", "P29_003": "16001", "P29_004": "石岡市立三村小学校", "P29_005": "茨城県石岡市三村1853", "P29_006": "3", "P29_007": "1", "P29_008": "00", "P29_009": null }, "geometry": { "type": "Point", "coordinates": [ 140.28148559264443, 36.152826801009567 ] } },
{ "type": "Feature", "properties": { "P29_001": "08205", "P29_002": "B108220500079", "P29_003": "16001", "P29_004": "石岡市立北小学校", "P29_005": "茨城県石岡市根当10949", "P29_006": "3", "P29_007": "1", "P29_008": "00", "P29_009": null }, "geometry": { "type": "Point", "coordinates": [ 140.26691980399093, 36.228700697650368 ] } },
{ "type": "Feature", "properties": { "P29_001": "08205", "P29_002": "B108220500088", "P29_003": "16001", "P29_004": "石岡市立南小学校", "P29_005": "茨城県石岡市南台4-1-1", "P29_006": "3", "P29_007": "1", "P29_008": "00", "P29_009": null }, "geometry": { "type": "Point", "coordinates": [ 140.295615999539507, 36.179770997796702 ] } },
{ "type": "Feature", "properties": { "P29_001": "08205", "P29_002": "B108220500097", "P29_003": "16001", "P29_004": "石岡市立杉並小学校", "P29_005": "茨城県石岡市杉並2-3-1", "P29_006": "3", "P29_007": "1", "P29_008": "00", "P29_009": null }, "geometry": { "type": "Point", "coordinates": [ 140.284014141414161, 36.203856243643919 ] } },
{ "type": "Feature", "properties": { "P29_001": "08205", "P29_002": "B108220500104", "P29_003": "16001", "P29_004": "石岡市立柿岡小学校", "P29_005": "茨城県石岡市柿岡2159-2", "P29_006": "3", "P29_007": "1", "P29_008": "00", "P29_009": null }, "geometry": { "type": "Point", "coordinates": [ 140.192078945470058, 36.240058743213282 ] } },
{ "type": "Feature", "properties": { "P29_001": "08205", "P29_002": "B108220500113", "P29_003": "16001", "P29_004": "石岡市立園部小学校", "P29_005": "茨城県石岡市宮ケ崎6", "P29_006": "3", "P29_007": "1", "P29_008": "00", "P29_009": null }, "geometry": { "type": "Point", "coordinates": [ 140.250485535346343, 36.259529893687279 ] } },
{ "type": "Feature", "properties": { "P29_001": "08205", "P29_002": "B108220500122", "P29_003": "16001", "P29_004": "石岡市立東成井小学校", "P29_005": "茨城県石岡市東成井996", "P29_006": "3", "P29_007": "1", "P29_008": "00", "P29_009": null }, "geometry": { "type": "Point", "coordinates": [ 140.272604005602716, 36.258181312408361 ] } },
{ "type": "Feature", "properties": { "P29_001": "08205", "P29_002": "B108220500131", "P29_003": "16001", "P29_004": "石岡市立瓦会小学校", "P29_005": "茨城県石岡市瓦谷1135-2", "P29_006": "3", "P29_007": "1", "P29_008": "00", "P29_009": null }, "geometry": { "type": "Point", "coordinates": [ 140.205313579373467, 36.270604387868218 ] } },
{ "type": "Feature", "properties": { "P29_001": "08205", "P29_002": "B108220500140", "P29_003": "16001", "P29_004": "石岡市立林小学校", "P29_005": "茨城県石岡市下林857-1", "P29_006": "3", "P29_007": "1", "P29_008": "00", "P29_009": null }, "geometry": { "type": "Point", "coordinates": [ 140.220370813489126, 36.232174730737256 ] } },
{ "type": "Feature", "properties": { "P29_001": "08205", "P29_002": "B108220500159", "P29_003": "16001", "P29_004": "石岡市立恋瀬小学校", "P29_005": "茨城県石岡市小見832-1", "P29_006": "3", "P29_007": "1", "P29_008": "00", "P29_009": null }, "geometry": { "type": "Point", "coordinates": [ 140.190942053432565, 36.29788696623234 ] } },
{ "type": "Feature", "properties": { "P29_001": "08205", "P29_002": "B108220500168", "P29_003": "16001", "P29_004": "石岡市立葦穂小学校", "P29_005": "茨城県石岡市小屋1054", "P29_006": "3", "P29_007": "1", "P29_008": "00", "P29_009": null }, "geometry": { "type": "Point", "coordinates": [ 140.173695231047674, 36.26340455548408 ] } },
{ "type": "Feature", "properties": { "P29_001": "08205", "P29_002": "B108220500177", "P29_003": "16001", "P29_004": "石岡市立吉生小学校", "P29_005": "茨城県石岡市吉生513-2", "P29_006": "3", "P29_007": "1", "P29_008": "00", "P29_009": null }, "geometry": { "type": "Point", "coordinates": [ 140.162861182669531, 36.232662238781252 ] } },
{ "type": "Feature", "properties": { "P29_001": "08205", "P29_002": "B108220500186", "P29_003": "16001", "P29_004": "石岡市立小幡小学校", "P29_005": "茨城県石岡市小幡4080", "P29_006": "3", "P29_007": "1", "P29_008": "00", "P29_009": null }, "geometry": { "type": "Point", "coordinates": [ 140.161855602205407, 36.222071571976976 ] } },
{ "type": "Feature", "properties": { "P29_001": "08205", "P29_002": "B108220500195", "P29_003": "16001", "P29_004": "石岡市立小桜小学校", "P29_005": "茨城県石岡市川又746", "P29_006": "3", "P29_007": "1", "P29_008": "00", "P29_009": null }, "geometry": { "type": "Point", "coordinates": [ 140.193251302202896, 36.208300742553995 ] } },
{ "type": "Feature", "properties": { "P29_001": "08207", "P29_002": "B108220700013", "P29_003": "16001", "P29_004": "結城市立結城小学校", "P29_005": "茨城県結城市結城1927", "P29_006": "3", "P29_007": "1", "P29_008": "00", "P29_009": null }, "geometry": { "type": "Point", "coordinates": [ 139.879954996285619, 36.306413999329322 ] } },
{ "type": "Feature", "properties": { "P29_001": "08207", "P29_002": "B108220700022", "P29_003": "16001", "P29_004": "結城市立城南小学校", "P29_005": "茨城県結城市城南町1-11", "P29_006": "3", "P29_007": "1", "P29_008": "00", "P29_009": null }, "geometry": { "type": "Point", "coordinates": [ 139.863110361488026, 36.287926731719914 ] } },
{ "type": "Feature", "properties": { "P29_001": "08207", "P29_002": "B108220700031", "P29_003": "16001", "P29_004": "結城市立絹川小学校", "P29_005": "茨城県結城市小森2227", "P29_006": "3", "P29_007": "1", "P29_008": "00", "P29_009": null }, "geometry": { "type": "Point", "coordinates": [ 139.895759997591966, 36.281083001858356 ] } },
{ "type": "Feature", "properties": { "P29_001": "08207", "P29_002": "B108220700040", "P29_003": "16001", "P29_004": "結城市立江川北小学校", "P29_005": "茨城県結城市田間1421", "P29_006": "3", "P29_007": "1", "P29_008": "00", "P29_009": null }, "geometry": { "type": "Point", "coordinates": [ 139.838838641106179, 36.2540492945705 ] } },
{ "type": "Feature", "properties": { "P29_001": "08207", "P29_002": "B108220700059", "P29_003": "16001", "P29_004": "結城市立江川南小学校", "P29_005": "茨城県結城市北南茂呂81", "P29_006": "3", "P29_007": "1", "P29_008": "00", "P29_009": null }, "geometry": { "type": "Point", "coordinates": [ 139.825740000821298, 36.216312000729886 ] } },
{ "type": "Feature", "properties": { "P29_001": "08207", "P29_002": "B108220700068", "P29_003": "16001", "P29_004": "結城市立山川小学校", "P29_005": "茨城県結城市今宿1164-1", "P29_006": "3", "P29_007": "1", "P29_008": "00", "P29_009": null }, "geometry": { "type": "Point", "coordinates": [ 139.875679998562106, 36.233616996571271 ] } },
{ "type": "Feature", "properties": { "P29_001": "08207", "P29_002": "B108220700077", "P29_003": "16001", "P29_004": "結城市立上山川小学校", "P29_005": "茨城県結城市上山川3388", "P29_006": "3", "P29_007": "1", "P29_008": "00", "P29_009": null }, "geometry": { "type": "Point", "coordinates": [ 139.884177994142476, 36.25397499631854 ] } },
{ "type": "Feature", "properties": { "P29_001": "08207", "P29_002": "B108220700086", "P29_003": "16001", "P29_004": "結城市立結城西小学校", "P29_005": "茨城県結城市結城10290-1", "P29_006": "3", "P29_007": "1", "P29_008": "00", "P29_009": null }, "geometry": { "type": "Point", "coordinates": [ 139.861233998104041, 36.301496999311723 ] } },
{ "type": "Feature", "properties": { "P29_001": "08207", "P29_002": "B108220700095", "P29_003": "16001", "P29_004": "結城市立城西小学校", "P29_005": "茨城県結城市結城9633-1", "P29_006": "3", "P29_007": "1", "P29_008": "00", "P29_009": null }, "geometry": { "type": "Point", "coordinates": [ 139.852706997706832, 36.288386998351065 ] } },
{ "type": "Feature", "properties": { "P29_001": "08208", "P29_002": "B108220800012", "P29_003": "16001", "P29_004": "龍ケ崎市立龍ケ崎小学校", "P29_005": "茨城県龍ケ崎市3316", "P29_006": "3", "P29_007": "1", "P29_008": "00", "P29_009": null }, "geometry": { "type": "Point", "coordinates": [ 140.191005447620483, 35.911030645436419 ] } },
{ "type": "Feature", "properties": { "P29_001": "08208", "P29_002": "B108220800021", "P29_003": "16001", "P29_004": "龍ケ崎市立馴柴小学校", "P29_005": "茨城県龍ケ崎市若柴町3135", "P29_006": "3", "P29_007": "1", "P29_008": "00", "P29_009": null }, "geometry": { "type": "Point", "coordinates": [ 140.144257096618958, 35.925815899130264 ] } },
{ "type": "Feature", "properties": { "P29_001": "08208", "P29_002": "B108220800030", "P29_003": "16001", "P29_004": "龍ケ崎市立八原小学校", "P29_005": "茨城県龍ケ崎市藤ケ丘1-22-4", "P29_006": "3", "P29_007": "1", "P29_008": "00", "P29_009": null }, "geometry": { "type": "Point", "coordinates": [ 140.200818669936808, 35.933552160289373 ] } },
{ "type": "Feature", "properties": { "P29_001": "08208", "P29_002": "B108220800049", "P29_003": "16001", "P29_004": "龍ケ崎市立大宮小学校", "P29_005": "茨城県龍ケ崎市大徳町4945", "P29_006": "3", "P29_007": "1", "P29_008": "00", "P29_009": null }, "geometry": { "type": "Point", "coordinates": [ 140.20564431264367, 35.894724553089354 ] } },
{ "type": "Feature", "properties": { "P29_001": "08208", "P29_002": "B108220800058", "P29_003": "16001", "P29_004": "龍ケ崎市立川原代小学校", "P29_005": "茨城県龍ケ崎市川原代町3518", "P29_006": "3", "P29_007": "1", "P29_008": "00", "P29_009": null }, "geometry": { "type": "Point", "coordinates": [ 140.154153504725059, 35.916332049222802 ] } },
{ "type": "Feature", "properties": { "P29_001": "08208", "P29_002": "B108220800067", "P29_003": "16001", "P29_004": "龍ケ崎市立龍ケ崎西小学校", "P29_005": "茨城県龍ケ崎市8810", "P29_006": "3", "P29_007": "1", "P29_008": "00", "P29_009": null }, "geometry": { "type": "Point", "coordinates": [ 140.178747030179665, 35.901789874277995 ] } },
{ "type": "Feature", "properties": { "P29_001": "08208", "P29_002": "B108220800076", "P29_003": "16001", "P29_004": "龍ケ崎市立松葉小学校", "P29_005": "茨城県龍ケ崎市松葉2-9", "P29_006": "3", "P29_007": "1", "P29_008": "00", "P29_009": null }, "geometry": { "type": "Point", "coordinates": [ 140.158128826291346, 35.936889598021288 ] } },
{ "type": "Feature", "properties": { "P29_001": "08208", "P29_002": "B108220800085", "P29_003": "16001", "P29_004": "龍ケ崎市立長山小学校", "P29_005": "茨城県龍ケ崎市長山5-7-1", "P29_006": "3", "P29_007": "1", "P29_008": "00", "P29_009": null }, "geometry": { "type": "Point", "coordinates": [ 140.156896047794987, 35.946559275436087 ] } },
{ "type": "Feature", "properties": { "P29_001": "08208", "P29_002": "B108220800094", "P29_003": "16001", "P29_004": "龍ケ崎市立馴馬台小学校", "P29_005": "茨城県龍ケ崎市平台4-23-1", "P29_006": "3", "P29_007": "1", "P29_008": "00", "P29_009": null }, "geometry": { "type": "Point", "coordinates": [ 140.166387004333728, 35.923186004009914 ] } },
{ "type": "Feature", "properties": { "P29_001": "08208", "P29_002": "B108220800101", "P29_003": "16001", "P29_004": "龍ケ崎市立久保台小学校", "P29_005": "茨城県龍ケ崎市久保台2-3", "P29_006": "3", "P29_007": "1", "P29_008": "00", "P29_009": null }, "geometry": { "type": "Point", "coordinates": [ 140.176725353218444, 35.933167170562818 ] } },
{ "type": "Feature", "properties": { "P29_001": "08208", "P29_002": "B108220800110", "P29_003": "16001", "P29_004": "龍ケ崎市立城ノ内小学校", "P29_005": "茨城県龍ケ崎市城ノ内5-27", "P29_006": "3", "P29_007": "1", "P29_008": "00", "P29_009": null }, "geometry": { "type": "Point", "coordinates": [ 140.214613368432055, 35.921256459760066 ] } },
{ "type": "Feature", "properties": { "P29_001": "08210", "P29_002": "B108221000018", "P29_003": "16001", "P29_004": "下妻市立下妻小学校", "P29_005": "茨城県下妻市下妻乙386", "P29_006": "3", "P29_007": "1", "P29_008": "00", "P29_009": null }, "geometry": { "type": "Point", "coordinates": [ 139.963313001291141, 36.180429999306888 ] } },
{ "type": "Feature", "properties": { "P29_001": "08210", "P29_002": "B108221000027", "P29_003": "16001", "P29_004": "下妻市立上妻小学校", "P29_005": "茨城県下妻市半谷426", "P29_006": "3", "P29_007": "1", "P29_008": "00", "P29_009": null }, "geometry": { "type": "Point", "coordinates": [ 139.936105266530348, 36.218531188322501 ] } },
{ "type": "Feature", "properties": { "P29_001": "08210", "P29_002": "B108221000036", "P29_003": "16001", "P29_004": "下妻市立大宝小学校", "P29_005": "茨城県下妻市大宝625", "P29_006": "3", "P29_007": "1", "P29_008": "00", "P29_009": null }, "geometry": { "type": "Point", "coordinates": [ 139.973033237490029, 36.201952739682113 ] } },
{ "type": "Feature", "properties": { "P29_001": "08210", "P29_002": "B108221000045", "P29_003": "16001", "P29_004": "下妻市立騰波ノ江小学校", "P29_005": "茨城県下妻市若柳甲644", "P29_006": "3", "P29_007": "1", "P29_008": "00", "P29_009": null }, "geometry": { "type": "Point", "coordinates": [ 139.983208355160286, 36.221252504704367 ] } },
{ "type": "Feature", "properties": { "P29_001": "08210", "P29_002": "B108221000054", "P29_003": "16001", "P29_004": "下妻市立高道祖小学校", "P29_005": "茨城県下妻市高道祖2638-1", "P29_006": "3", "P29_007": "1", "P29_008": "00", "P29_009": null }, "geometry": { "type": "Point", "coordinates": [ 140.013209514197968, 36.196078879382853 ] } },
{ "type": "Feature", "properties": { "P29_001": "08210", "P29_002": "B108221000063", "P29_003": "16001", "P29_004": "下妻市立総上小学校", "P29_005": "茨城県下妻市小島1116", "P29_006": "3", "P29_007": "1", "P29_008": "00", "P29_009": null }, "geometry": { "type": "Point", "coordinates": [ 139.961594582886079, 36.172426476469326 ] } },
{ "type": "Feature", "properties": { "P29_001": "08210", "P29_002": "B108221000072", "P29_003": "16001", "P29_004": "下妻市立豊加美小学校", "P29_005": "茨城県下妻市加養128", "P29_006": "3", "P29_007": "1", "P29_008": "00", "P29_009": null }, "geometry": { "type": "Point", "coordinates": [ 139.988200005213344, 36.173904002788063 ] } },
{ "type": "Feature", "properties": { "P29_001": "08210", "P29_002": "B108221000081", "P29_003": "16001", "P29_004": "下妻市立大形小学校", "P29_005": "茨城県下妻市別府199", "P29_006": "3", "P29_007": "1", "P29_008": "00", "P29_009": null }, "geometry": { "type": "Point", "coordinates": [ 139.944204998909697, 36.153293996156464 ] } },
{ "type": "Feature", "properties": { "P29_001": "08210", "P29_002": "B108221000090", "P29_003": "16001", "P29_004": "下妻市立宗道小学校", "P29_005": "茨城県下妻市本宗道120", "P29_006": "3", "P29_007": "1", "P29_008": "00", "P29_009": null }, "geometry": { "type": "Point", "coordinates": [ 139.969579000843282, 36.15857329225431 ] } },
{ "type": "Feature", "properties": { "P29_001": "08211", "P29_002": "B108221100017", "P29_003": "16001", "P29_004": "常総市立水海道小学校", "P29_005": "茨城県常総市水海道天満町2516-1", "P29_006": "3", "P29_007": "1", "P29_008": "00", "P29_009": null }, "geometry": { "type": "Point", "coordinates": [ 139.984221705140016, 36.016546533986393 ] } },
{ "type": "Feature", "properties": { "P29_001": "08211", "P29_002": "B108221100035", "P29_003": "16001", "P29_004": "常総市立菅原小学校", "P29_005": "茨城県常総市大生郷町1615", "P29_006": "3", "P29_007": "1", "P29_008": "00", "P29_009": null }, "geometry": { "type": "Point", "coordinates": [ 139.95090716819567, 36.065210198290387 ] } },
{ "type": "Feature", "properties": { "P29_001": "08211", "P29_002": "B108221100044", "P29_003": "16001", "P29_004": "常総市立豊岡小学校", "P29_005": "茨城県常総市豊岡町丙3362", "P29_006": "3", "P29_007": "1", "P29_008": "00", "P29_009": null }, "geometry": { "type": "Point", "coordinates": [ 139.97176199831631, 36.03436400266537 ] } },
{ "type": "Feature", "properties": { "P29_001": "08211", "P29_002": "B108221100053", "P29_003": "16001", "P29_004": "常総市立五箇小学校", "P29_005": "茨城県常総市上蛇町1508", "P29_006": "3", "P29_007": "1", "P29_008": "00", "P29_009": null }, "geometry": { "type": "Point", "coordinates": [ 140.004199796726141, 36.069721818154974 ] } },
{ "type": "Feature", "properties": { "P29_001": "08211", "P29_002": "B108221100062", "P29_003": "16001", "P29_004": "常総市立三妻小学校", "P29_005": "茨城県常総市中妻町4146", "P29_006": "3", "P29_007": "1", "P29_008": "00", "P29_009": null }, "geometry": { "type": "Point", "coordinates": [ 139.981359252165589, 36.068614208352024 ] } },
{ "type": "Feature", "properties": { "P29_001": "08211", "P29_002": "B108221100071", "P29_003": "16001", "P29_004": "常総市立大生小学校", "P29_005": "茨城県常総市平町415-1", "P29_006": "3", "P29_007": "1", "P29_008": "00", "P29_009": null }, "geometry": { "type": "Point", "coordinates": [ 140.005815000120691, 36.038680996598842 ] } },
{ "type": "Feature", "properties": { "P29_001": "08211", "P29_002": "B108221100080", "P29_003": "16001", "P29_004": "常総市立絹西小学校", "P29_005": "茨城県常総市坂手町7303-3", "P29_006": "3", "P29_007": "1", "P29_008": "00", "P29_009": null }, "geometry": { "type": "Point", "coordinates": [ 139.960552457685793, 36.002000997247833 ] } },
{ "type": "Feature", "properties": { "P29_001": "08211", "P29_002": "B108221100099", "P29_003": "16001", "P29_004": "常総市立菅生小学校", "P29_005": "茨城県常総市菅生町4711", "P29_006": "3", "P29_007": "1", "P29_008": "00", "P29_009": null }, "geometry": { "type": "Point", "coordinates": [ 139.934234516803002, 35.99699166935013 ] } },
{ "type": "Feature", "properties": { "P29_001": "08211", "P29_002": "B108221100106", "P29_003": "16001", "P29_004": "常総市立石下小学校", "P29_005": "茨城県常総市新石下1907-1", "P29_006": "3", "P29_007": "1", "P29_008": "00", "P29_009": null }, "geometry": { "type": "Point", "coordinates": [ 139.981513681033647, 36.111813443550218 ] } },
{ "type": "Feature", "properties": { "P29_001": "08211", "P29_002": "B108221100115", "P29_003": "16001", "P29_004": "常総市立岡田小学校", "P29_005": "茨城県常総市向石下1020", "P29_006": "3", "P29_007": "1", "P29_008": "00", "P29_009": null }, "geometry": { "type": "Point", "coordinates": [ 139.949136251743937, 36.118244651150285 ] } },
{ "type": "Feature", "properties": { "P29_001": "08211", "P29_002": "B108221100124", "P29_003": "16001", "P29_004": "常総市立玉小学校", "P29_005": "茨城県常総市若宮戸794", "P29_006": "3", "P29_007": "1", "P29_008": "00", "P29_009": null }, "geometry": { "type": "Point", "coordinates": [ 139.963426971281365, 36.137515821588977 ] } },
{ "type": "Feature", "properties": { "P29_001": "08211", "P29_002": "B108221100133", "P29_003": "16001", "P29_004": "常総市立豊田小学校", "P29_005": "茨城県常総市豊田2246", "P29_006": "3", "P29_007": "1", "P29_008": "00", "P29_009": null }, "geometry": { "type": "Point", "coordinates": [ 139.996024444847222, 36.11667128224714 ] } },
{ "type": "Feature", "properties": { "P29_001": "08211", "P29_002": "B108221100142", "P29_003": "16001", "P29_004": "常総市立飯沼小学校", "P29_005": "茨城県常総市鴻野山859-1", "P29_006": "3", "P29_007": "1", "P29_008": "00", "P29_009": null }, "geometry": { "type": "Point", "coordinates": [ 139.932091001869821, 36.11538999741343 ] } },
{ "type": "Feature", "properties": { "P29_001": "08212", "P29_002": "B108221200016", "P29_003": "16001", "P29_004": "常陸太田市立世矢小学校", "P29_005": "茨城県常陸太田市真弓町1855", "P29_006": "3", "P29_007": "1", "P29_008": "00", "P29_009": null }, "geometry": { "type": "Point", "coordinates": [ 140.570538445059555, 36.524192521637303 ] } },
{ "type": "Feature", "properties": { "P29_001": "08212", "P29_002": "B108221200052", "P29_003": "16001", "P29_004": "常陸太田市立誉田小学校", "P29_005": "茨城県常陸太田市増井町1303", "P29_006": "3", "P29_007": "1", "P29_008": "00", "P29_009": null }, "geometry": { "type": "Point", "coordinates": [ 140.518808924330528, 36.560100669875837 ] } },
{ "type": "Feature", "properties": { "P29_001": "08212", "P29_002": "B108221200061", "P29_003": "16001", "P29_004": "常陸太田市立太田小学校", "P29_005": "茨城県常陸太田市中城町151", "P29_006": "3", "P29_007": "1", "P29_008": "00", "P29_009": null }, "geometry": { "type": "Point", "coordinates": [ 140.51982213361822, 36.546135044961694 ] } },
{ "type": "Feature", "properties": { "P29_001": "08212", "P29_002": "B108221200070", "P29_003": "16001", "P29_004": "常陸太田市立機初小学校", "P29_005": "茨城県常陸太田市幡町929", "P29_006": "3", "P29_007": "1", "P29_008": "00", "P29_009": null }, "geometry": { "type": "Point", "coordinates": [ 140.540172103690509, 36.545599257252874 ] } },
{ "type": "Feature", "properties": { "P29_001": "08212", "P29_002": "B108221200105", "P29_003": "16001", "P29_004": "常陸太田市立金砂郷小学校", "P29_005": "茨城県常陸太田市大里町4401", "P29_006": "3", "P29_007": "1", "P29_008": "00", "P29_009": null }, "geometry": { "type": "Point", "coordinates": [ 140.485266540851967, 36.541490440142233 ] } },
{ "type": "Feature", "properties": { "P29_001": "08212", "P29_002": "B108221200114", "P29_003": "16001", "P29_004": "常陸太田市立里美小学校", "P29_005": "茨城県常陸太田市大中町60-1", "P29_006": "3", "P29_007": "1", "P29_008": "00", "P29_009": null }, "geometry": { "type": "Point", "coordinates": [ 140.496508323217512, 36.723728291407227 ] } },
{ "type": "Feature", "properties": { "P29_001": "08212", "P29_002": "B108221200123", "P29_003": "16001", "P29_004": "常陸太田市立水府小学校", "P29_005": "茨城県常陸太田市町田町696", "P29_006": "3", "P29_007": "1", "P29_008": "00", "P29_009": null }, "geometry": { "type": "Point", "coordinates": [ 140.485082760481532, 36.622193792240417 ] } },
{ "type": "Feature", "properties": { "P29_001": "08212", "P29_002": "B108221200132", "P29_003": "16001", "P29_004": "常陸太田市立峰山小学校", "P29_005": "茨城県常陸太田市谷河原町298", "P29_006": "3", "P29_007": "1", "P29_008": "00", "P29_009": null }, "geometry": { "type": "Point", "coordinates": [ 140.515716609291104, 36.522743172413968 ] } },
{ "type": "Feature", "properties": { "P29_001": "08214", "P29_002": "B108221400014", "P29_003": "16001", "P29_004": "高萩市立高萩小学校", "P29_005": "茨城県高萩市安良川1048", "P29_006": "3", "P29_007": "1", "P29_008": "00", "P29_009": null }, "geometry": { "type": "Point", "coordinates": [ 140.705354672509088, 36.712999392086502 ] } },
{ "type": "Feature", "properties": { "P29_001": "08214", "P29_002": "B108221400023", "P29_003": "16001", "P29_004": "高萩市立秋山小学校", "P29_005": "茨城県高萩市島名2161-1", "P29_006": "3", "P29_007": "1", "P29_008": "00", "P29_009": null }, "geometry": { "type": "Point", "coordinates": [ 140.686380580317319, 36.715785234650255 ] } },
{ "type": "Feature", "properties": { "P29_001": "08214", "P29_002": "B108221400032", "P29_003": "16001", "P29_004": "高萩市立松岡小学校", "P29_005": "茨城県高萩市下手綱43", "P29_006": "3", "P29_007": "1", "P29_008": "00", "P29_009": null }, "geometry": { "type": "Point", "coordinates": [ 140.705969918482907, 36.738333780800588 ] } },
{ "type": "Feature", "properties": { "P29_001": "08214", "P29_002": "B108221400041", "P29_003": "16001", "P29_004": "高萩市立東小学校", "P29_005": "茨城県高萩市有明町1-141", "P29_006": "3", "P29_007": "1", "P29_008": "00", "P29_009": null }, "geometry": { "type": "Point", "coordinates": [ 140.722325255489665, 36.716614520422048 ] } },
{ "type": "Feature", "properties": { "P29_001": "08215", "P29_002": "B108221500013", "P29_003": "16001", "P29_004": "北茨城市立中郷第一小学校", "P29_005": "茨城県北茨城市中郷町上桜井2905-1", "P29_006": "3", "P29_007": "1", "P29_008": "00", "P29_009": null }, "geometry": { "type": "Point", "coordinates": [ 140.734192553223153, 36.779997559189205 ] } },
{ "type": "Feature", "properties": { "P29_001": "08215", "P29_002": "B108221500022", "P29_003": "16001", "P29_004": "北茨城市立中郷第二小学校", "P29_005": "茨城県北茨城市中郷町小野矢指720-3", "P29_006": "3", "P29_007": "1", "P29_008": "00", "P29_009": null }, "geometry": { "type": "Point", "coordinates": [ 140.715842891876889, 36.756618482676309 ] } },
{ "type": "Feature", "properties": { "P29_001": "08215", "P29_002": "B108221500031", "P29_003": "16001", "P29_004": "北茨城市立石岡小学校", "P29_005": "茨城県北茨城市中郷町石岡823", "P29_006": "3", "P29_007": "1", "P29_008": "00", "P29_009": null }, "geometry": { "type": "Point", "coordinates": [ 140.700744090871325, 36.780895978506074 ] } },
{ "type": "Feature", "properties": { "P29_001": "08215", "P29_002": "B108221500040", "P29_003": "16001", "P29_004": "北茨城市立精華小学校", "P29_005": "茨城県北茨城市磯原町磯原4-36", "P29_006": "3", "P29_007": "1", "P29_008": "00", "P29_009": null }, "geometry": { "type": "Point", "coordinates": [ 140.741258040887033, 36.794191713074298 ] } },
{ "type": "Feature", "properties": { "P29_001": "08215", "P29_002": "B108221500059", "P29_003": "16001", "P29_004": "北茨城市立明徳小学校", "P29_005": "茨城県北茨城市磯原町木皿726", "P29_006": "3", "P29_007": "1", "P29_008": "00", "P29_009": null }, "geometry": { "type": "Point", "coordinates": [ 140.71328023727429, 36.794674478885675 ] } },
{ "type": "Feature", "properties": { "P29_001": "08215", "P29_002": "B108221500068", "P29_003": "16001", "P29_004": "北茨城市立中妻小学校", "P29_005": "茨城県北茨城市華川町中妻456", "P29_006": "3", "P29_007": "1", "P29_008": "00", "P29_009": null }, "geometry": { "type": "Point", "coordinates": [ 140.727113004513768, 36.8096820035612 ] } },
{ "type": "Feature", "properties": { "P29_001": "08215", "P29_002": "B108221500077", "P29_003": "16001", "P29_004": "北茨城市立華川小学校", "P29_005": "茨城県北茨城市華川町上小津田84", "P29_006": "3", "P29_007": "1", "P29_008": "00", "P29_009": null }, "geometry": { "type": "Point", "coordinates": [ 140.708418884598416, 36.826579281074594 ] } },
{ "type": "Feature", "properties": { "P29_001": "08215", "P29_002": "B108221500086", "P29_003": "16001", "P29_004": "北茨城市立関南小学校", "P29_005": "茨城県北茨城市関南町神岡下172", "P29_006": "3", "P29_007": "1", "P29_008": "00", "P29_009": null }, "geometry": { "type": "Point", "coordinates": [ 140.773928894259569, 36.831305064258984 ] } },
{ "type": "Feature", "properties": { "P29_001": "08215", "P29_002": "B108221500095", "P29_003": "16001", "P29_004": "北茨城市立大津小学校", "P29_005": "茨城県北茨城市大津町2301-14", "P29_006": "3", "P29_007": "1", "P29_008": "00", "P29_009": null }, "geometry": { "type": "Point", "coordinates": [ 140.788745423615609, 36.836632548708735 ] } },
{ "type": "Feature", "properties": { "P29_001": "08215", "P29_002": "B108221500102", "P29_003": "16001", "P29_004": "北茨城市立平潟小学校", "P29_005": "茨城県北茨城市平潟町1077", "P29_006": "3", "P29_007": "1", "P29_008": "00", "P29_009": null }, "geometry": { "type": "Point", "coordinates": [ 140.789752480556331, 36.850861282508006 ] } },
{ "type": "Feature", "properties": { "P29_001": "08215", "P29_002": "B108221500111", "P29_003": "16001", "P29_004": "北茨城市立関本小学校", "P29_005": "茨城県北茨城市関本町関本上1470", "P29_006": "3", "P29_007": "1", "P29_008": "00", "P29_009": null }, "geometry": { "type": "Point", "coordinates": [ 140.759961095631496, 36.860451134598982 ] } },
{ "type": "Feature", "properties": { "P29_001": "08216", "P29_002": "B108221600012", "P29_003": "16001", "P29_004": "笠間市立笠間小学校", "P29_005": "茨城県笠間市笠間2689-1", "P29_006": "3", "P29_007": "1", "P29_008": "00", "P29_009": null }, "geometry": { "type": "Point", "coordinates": [ 140.256650658897428, 36.381881444853157 ] } },
{ "type": "Feature", "properties": { "P29_001": "08216", "P29_002": "B108221600021", "P29_003": "16001", "P29_004": "笠間市立稲田小学校", "P29_005": "茨城県笠間市稲田2151-2", "P29_006": "3", "P29_007": "1", "P29_008": "00", "P29_009": null }, "geometry": { "type": "Point", "coordinates": [ 140.202129548807051, 36.358214841950144 ] } },
{ "type": "Feature", "properties": { "P29_001": "08216", "P29_002": "B108221600030", "P29_003": "16001", "P29_004": "笠間市立宍戸小学校", "P29_005": "茨城県笠間市平町22", "P29_006": "3", "P29_007": "1", "P29_008": "00", "P29_009": null }, "geometry": { "type": "Point", "coordinates": [ 140.288623063929521, 36.339547329643111 ] } },
{ "type": "Feature", "properties": { "P29_001": "08216", "P29_002": "B108221600049", "P29_003": "16001", "P29_004": "笠間市立友部小学校", "P29_005": "茨城県笠間市美原3-3-1", "P29_006": "3", "P29_007": "1", "P29_008": "00", "P29_009": null }, "geometry": { "type": "Point", "coordinates": [ 140.31591300267047, 36.343419001489956 ] } },
{ "type": "Feature", "properties": { "P29_001": "08216", "P29_002": "B108221600058", "P29_003": "16001", "P29_004": "笠間市立北川根小学校", "P29_005": "茨城県笠間市湯崎1085-1", "P29_006": "3", "P29_007": "1", "P29_008": "00", "P29_009": null }, "geometry": { "type": "Point", "coordinates": [ 140.327922205962778, 36.31092081870765 ] } },
{ "type": "Feature", "properties": { "P29_001": "08216", "P29_002": "B108221600067", "P29_003": "16001", "P29_004": "笠間市立大原小学校", "P29_005": "茨城県笠間市小原3522-1", "P29_006": "3", "P29_007": "1", "P29_008": "00", "P29_009": null }, "geometry": { "type": "Point", "coordinates": [ 140.313330530333161, 36.369486328927493 ] } },
{ "type": "Feature", "properties": { "P29_001": "08216", "P29_002": "B108221600076", "P29_003": "16001", "P29_004": "笠間市立友部第二小学校", "P29_005": "茨城県笠間市平町1718-93", "P29_006": "3", "P29_007": "1", "P29_008": "00", "P29_009": null }, "geometry": { "type": "Point", "coordinates": [ 140.311487367996108, 36.335780887245292 ] } },
{ "type": "Feature", "properties": { "P29_001": "08216", "P29_002": "B108221600085", "P29_003": "16001", "P29_004": "笠間市立岩間第一小学校", "P29_005": "茨城県笠間市下郷4140-1", "P29_006": "3", "P29_007": "1", "P29_008": "00", "P29_009": null }, "geometry": { "type": "Point", "coordinates": [ 140.275552003914413, 36.29870799795755 ] } },
{ "type": "Feature", "properties": { "P29_001": "08216", "P29_002": "B108221600094", "P29_003": "16001", "P29_004": "笠間市立岩間第二小学校", "P29_005": "茨城県笠間市押辺529-1", "P29_006": "3", "P29_007": "1", "P29_008": "00", "P29_009": null }, "geometry": { "type": "Point", "coordinates": [ 140.32540437022584, 36.298199275023016 ] } },
{ "type": "Feature", "properties": { "P29_001": "08216", "P29_002": "B108221600101", "P29_003": "16001", "P29_004": "笠間市立岩間第三小学校", "P29_005": "茨城県笠間市市野谷1542-19", "P29_006": "3", "P29_007": "1", "P29_008": "00", "P29_009": null }, "geometry": { "type": "Point", "coordinates": [ 140.284986147975388, 36.28531627545933 ] } },
{ "type": "Feature", "properties": { "P29_001": "08217", "P29_002": "B108221700011", "P29_003": "16001", "P29_004": "取手市立取手小学校", "P29_005": "茨城県取手市東5-3-1", "P29_006": "3", "P29_007": "1", "P29_008": "00", "P29_009": null }, "geometry": { "type": "Point", "coordinates": [ 140.070606319295251, 35.890528181369845 ] } },
{ "type": "Feature", "properties": { "P29_001": "08217", "P29_002": "B108221700020", "P29_003": "16001", "P29_004": "取手市立白山小学校", "P29_005": "茨城県取手市白山2-3-18", "P29_006": "3", "P29_007": "1", "P29_008": "00", "P29_009": null }, "geometry": { "type": "Point", "coordinates": [ 140.061165625388611, 35.900762882943845 ] } },
{ "type": "Feature", "properties": { "P29_001": "08217", "P29_002": "B108221700039", "P29_003": "16001", "P29_004": "取手市立永山小学校", "P29_005": "茨城県取手市下高井2340", "P29_006": "3", "P29_007": "1", "P29_008": "00", "P29_009": null }, "geometry": { "type": "Point", "coordinates": [ 140.02864330705853, 35.927341775907543 ] } },
{ "type": "Feature", "properties": { "P29_001": "08217", "P29_002": "B108221700048", "P29_003": "16001", "P29_004": "取手市立寺原小学校", "P29_005": "茨城県取手市井野台5-14-1", "P29_006": "3", "P29_007": "1", "P29_008": "00", "P29_009": null }, "geometry": { "type": "Point", "coordinates": [ 140.063132237029464, 35.910890921453529 ] } },
{ "type": "Feature", "properties": { "P29_001": "08217", "P29_002": "B108221700057", "P29_003": "16001", "P29_004": "取手市立高井小学校", "P29_005": "茨城県取手市ゆめみ野3-22-1", "P29_006": "3", "P29_007": "1", "P29_008": "00", "P29_009": null }, "geometry": { "type": "Point", "coordinates": [ 140.043432999919986, 35.925064997651432 ] } },
{ "type": "Feature", "properties": { "P29_001": "08217", "P29_002": "B108221700066", "P29_003": "16001", "P29_004": "取手市立取手東小学校", "P29_005": "茨城県取手市吉田400", "P29_006": "3", "P29_007": "1", "P29_008": "00", "P29_009": null }, "geometry": { "type": "Point", "coordinates": [ 140.083062999225376, 35.891471998973472 ] } },
{ "type": "Feature", "properties": { "P29_001": "08217", "P29_002": "B108221700075", "P29_003": "16001", "P29_004": "取手市立戸頭小学校", "P29_005": "茨城県取手市戸頭3-21-1", "P29_006": "3", "P29_007": "1", "P29_008": "00", "P29_009": null }, "geometry": { "type": "Point", "coordinates": [ 140.015346994592932, 35.921976995413296 ] } },
{ "type": "Feature", "properties": { "P29_001": "08217", "P29_002": "B108221700084", "P29_003": "16001", "P29_004": "取手市立取手西小学校", "P29_005": "茨城県取手市稲70", "P29_006": "3", "P29_007": "1", "P29_008": "00", "P29_009": null }, "geometry": { "type": "Point", "coordinates": [ 140.046363002781021, 35.909756997354116 ] } },
{ "type": "Feature", "properties": { "P29_001": "08217", "P29_002": "B108221700093", "P29_003": "16001", "P29_004": "取手市立藤代小学校", "P29_005": "茨城県取手市藤代53", "P29_006": "3", "P29_007": "1", "P29_008": "00", "P29_009": null }, "geometry": { "type": "Point", "coordinates": [ 140.109328198159432, 35.92759421360546 ] } },
{ "type": "Feature", "properties": { "P29_001": "08217", "P29_002": "B108221700100", "P29_003": "16001", "P29_004": "取手市立山王小学校", "P29_005": "茨城県取手市山王380", "P29_006": "3", "P29_007": "1", "P29_008": "00", "P29_009": null }, "geometry": { "type": "Point", "coordinates": [ 140.066811721079233, 35.933504666964929 ] } },
{ "type": "Feature", "properties": { "P29_001": "08217", "P29_002": "B108221700119", "P29_003": "16001", "P29_004": "取手市立六郷小学校", "P29_005": "茨城県取手市清水373-1", "P29_006": "3", "P29_007": "1", "P29_008": "00", "P29_009": null }, "geometry": { "type": "Point", "coordinates": [ 140.093547003866007, 35.91263900088132 ] } },
{ "type": "Feature", "properties": { "P29_001": "08217", "P29_002": "B108221700128", "P29_003": "16001", "P29_004": "取手市立久賀小学校", "P29_005": "茨城県取手市萱場60", "P29_006": "3", "P29_007": "1", "P29_008": "00", "P29_009": null }, "geometry": { "type": "Point", "coordinates": [ 140.112861505990395, 35.930417725020725 ] } },
{ "type": "Feature", "properties": { "P29_001": "08217", "P29_002": "B108221700137", "P29_003": "16001", "P29_004": "取手市立宮和田小学校", "P29_005": "茨城県取手市藤代南3-11-1", "P29_006": "3", "P29_007": "1", "P29_008": "00", "P29_009": null }, "geometry": { "type": "Point", "coordinates": [ 140.12204421345524, 35.914804997662472 ] } },
{ "type": "Feature", "properties": { "P29_001": "08217", "P29_002": "B108221700146", "P29_003": "16001", "P29_004": "取手市立桜が丘小学校", "P29_005": "茨城県取手市桜が丘2-17-1", "P29_006": "3", "P29_007": "1", "P29_008": "00", "P29_009": null }, "geometry": { "type": "Point", "coordinates": [ 140.126514000986759, 35.903050002673247 ] } },
{ "type": "Feature", "properties": { "P29_001": "08219", "P29_002": "B108221900019", "P29_003": "16001", "P29_004": "牛久市立牛久小学校", "P29_005": "茨城県牛久市牛久町2619", "P29_006": "3", "P29_007": "1", "P29_008": "00", "P29_009": null }, "geometry": { "type": "Point", "coordinates": [ 140.133200986159409, 35.965904126433024 ] } },
{ "type": "Feature", "properties": { "P29_001": "08219", "P29_002": "B108221900028", "P29_003": "16001", "P29_004": "牛久市立岡田小学校", "P29_005": "茨城県牛久市岡見町2050-2", "P29_006": "3", "P29_007": "1", "P29_008": "00", "P29_009": null }, "geometry": { "type": "Point", "coordinates": [ 140.166933564309716, 35.983515951088833 ] } },
{ "type": "Feature", "properties": { "P29_001": "08219", "P29_002": "B108221900037", "P29_003": "16001", "P29_004": "牛久市立牛久第二小学校", "P29_005": "茨城県牛久市田宮町530", "P29_006": "3", "P29_007": "1", "P29_008": "00", "P29_009": null }, "geometry": { "type": "Point", "coordinates": [ 140.131332110491087, 35.97875346109565 ] } },
{ "type": "Feature", "properties": { "P29_001": "08219", "P29_002": "B108221900046", "P29_003": "16001", "P29_004": "牛久市立中根小学校", "P29_005": "茨城県牛久市中根町235", "P29_006": "3", "P29_007": "1", "P29_008": "00", "P29_009": null }, "geometry": { "type": "Point", "coordinates": [ 140.155091123370198, 35.998833911915483 ] } },
{ "type": "Feature", "properties": { "P29_001": "08219", "P29_002": "B108221900055", "P29_003": "16001", "P29_004": "牛久市立向台小学校", "P29_005": "茨城県牛久市牛久町1606", "P29_006": "3", "P29_007": "1", "P29_008": "00", "P29_009": null }, "geometry": { "type": "Point", "coordinates": [ 140.143618999225708, 35.957044982425799 ] } },
{ "type": "Feature", "properties": { "P29_001": "08219", "P29_002": "B108221900064", "P29_003": "16001", "P29_004": "牛久市立神谷小学校", "P29_005": "茨城県牛久市神谷4-14", "P29_006": "3", "P29_007": "1", "P29_008": "00", "P29_009": null }, "geometry": { "type": "Point", "coordinates": [ 140.163913996059534, 35.963932003668063 ] } },
{ "type": "Feature", "properties": { "P29_001": "08219", "P29_002": "B108221900073", "P29_003": "16001", "P29_004": "牛久市立ひたち野うしく小学校", "P29_005": "茨城県牛久市ひたち野西2-11", "P29_006": "3", "P29_007": "1", "P29_008": "00", "P29_009": null }, "geometry": { "type": "Point", "coordinates": [ 140.155142997242535, 36.013291002695325 ] } },
{ "type": "Feature", "properties": { "P29_001": "08220", "P29_002": "B108222000016", "P29_003": "16001", "P29_004": "つくば市立茎崎第一小学校", "P29_005": "茨城県つくば市高崎2290", "P29_006": "3", "P29_007": "1", "P29_008": "00", "P29_009": null }, "geometry": { "type": "Point", "coordinates": [ 140.124925519411306, 35.999157029137152 ] } },
{ "type": "Feature", "properties": { "P29_001": "08220", "P29_002": "B108222000025", "P29_003": "16001", "P29_004": "つくば市立茎崎第二小学校", "P29_005": "茨城県つくば市上岩崎1076", "P29_006": "3", "P29_007": "1", "P29_008": "00", "P29_009": null }, "geometry": { "type": "Point", "coordinates": [ 140.1016533429746, 35.979140485117142 ] } },
{ "type": "Feature", "properties": { "P29_001": "08220", "P29_002": "B108222000034", "P29_003": "16001", "P29_004": "つくば市立茎崎第三小学校", "P29_005": "茨城県つくば市小茎798-1", "P29_006": "3", "P29_007": "1", "P29_008": "00", "P29_009": null }, "geometry": { "type": "Point", "coordinates": [ 140.11044599453146, 35.994373002730313 ] } },
{ "type": "Feature", "properties": { "P29_001": "08220", "P29_002": "B108222000043", "P29_003": "16001", "P29_004": "つくば市立栄小学校", "P29_005": "茨城県つくば市金田54", "P29_006": "3", "P29_007": "1", "P29_008": "00", "P29_009": null }, "geometry": { "type": "Point", "coordinates": [ 140.143434335903748, 36.103326399989925 ] } },
{ "type": "Feature", "properties": { "P29_001": "08220", "P29_002": "B108222000052", "P29_003": "16001", "P29_004": "つくば市立九重小学校", "P29_005": "茨城県つくば市上ノ室2126", "P29_006": "3", "P29_007": "1", "P29_008": "00", "P29_009": null }, "geometry": { "type": "Point", "coordinates": [ 140.13052550406789, 36.085373388772773 ] } },
{ "type": "Feature", "properties": { "P29_001": "08220", "P29_002": "B108222000061", "P29_003": "16001", "P29_004": "つくば市立桜南小学校", "P29_005": "茨城県つくば市大角豆789-1", "P29_006": "3", "P29_007": "1", "P29_008": "00", "P29_009": null }, "geometry": { "type": "Point", "coordinates": [ 140.15121641253927, 36.064622367400453 ] } },
{ "type": "Feature", "properties": { "P29_001": "08220", "P29_002": "B108222000070", "P29_003": "16001", "P29_004": "つくば市立栗原小学校", "P29_005": "茨城県つくば市栗原2018", "P29_006": "3", "P29_007": "1", "P29_008": "00", "P29_009": null }, "geometry": { "type": "Point", "coordinates": [ 140.11752300299321, 36.127773003921988 ] } },
{ "type": "Feature", "properties": { "P29_001": "08220", "P29_002": "B108222000089", "P29_003": "16001", "P29_004": "つくば市立竹園東小学校", "P29_005": "茨城県つくば市竹園3-13", "P29_006": "3", "P29_007": "1", "P29_008": "00", "P29_009": null }, "geometry": { "type": "Point", "coordinates": [ 140.12378666850779, 36.080733044999121 ] } },
{ "type": "Feature", "properties": { "P29_001": "08220", "P29_002": "B108222000098", "P29_003": "16001", "P29_004": "つくば市立並木小学校", "P29_005": "茨城県つくば市並木2-12", "P29_006": "3", "P29_007": "1", "P29_008": "00", "P29_009": null }, "geometry": { "type": "Point", "coordinates": [ 140.14138613703355, 36.066596436954157 ] } },
{ "type": "Feature", "properties": { "P29_001": "08220", "P29_002": "B108222000105", "P29_003": "16001", "P29_004": "つくば市立吾妻小学校", "P29_005": "茨城県つくば市吾妻2-16", "P29_006": "3", "P29_007": "1", "P29_008": "00", "P29_009": null }, "geometry": { "type": "Point", "coordinates": [ 140.110008003611483, 36.084201996379576 ] } },
{ "type": "Feature", "properties": { "P29_001": "08220", "P29_002": "B108222000114", "P29_003": "16001", "P29_004": "つくば市立竹園西小学校", "P29_005": "茨城県つくば市竹園2-19-4", "P29_006": "3", "P29_007": "1", "P29_008": "00", "P29_009": null }, "geometry": { "type": "Point", "coordinates": [ 140.118627999244552, 36.076040997705093 ] } },
{ "type": "Feature", "properties": { "P29_001": "08220", "P29_002": "B108222000123", "P29_003": "16001", "P29_004": "つくば市立谷田部小学校", "P29_005": "茨城県つくば市谷田部2938", "P29_006": "3", "P29_007": "1", "P29_008": "00", "P29_009": null }, "geometry": { "type": "Point", "coordinates": [ 140.073990809419996, 36.034442783199303 ] } },
{ "type": "Feature", "properties": { "P29_001": "08220", "P29_002": "B108222000132", "P29_003": "16001", "P29_004": "つくば市立真瀬小学校", "P29_005": "茨城県つくば市真瀬2103", "P29_006": "3", "P29_007": "1", "P29_008": "00", "P29_009": null }, "geometry": { "type": "Point", "coordinates": [ 140.034912530967944, 36.058205704010675 ] } },
{ "type": "Feature", "properties": { "P29_001": "08220", "P29_002": "B108222000141", "P29_003": "16001", "P29_004": "つくば市立島名小学校", "P29_005": "茨城県つくば市島名537-1", "P29_006": "3", "P29_007": "1", "P29_008": "00", "P29_009": null }, "geometry": { "type": "Point", "coordinates": [ 140.04836379127633, 36.070921346470534 ] } },
{ "type": "Feature", "properties": { "P29_001": "08220", "P29_002": "B108222000150", "P29_003": "16001", "P29_004": "つくば市立葛城小学校", "P29_005": "茨城県つくば市苅間689", "P29_006": "3", "P29_007": "1", "P29_008": "00", "P29_009": null }, "geometry": { "type": "Point", "coordinates": [ 140.095882966008332, 36.079241808078827 ] } },
{ "type": "Feature", "properties": { "P29_001": "08220", "P29_002": "B108222000169", "P29_003": "16001", "P29_004": "つくば市立柳橋小学校", "P29_005": "茨城県つくば市柳橋360", "P29_006": "3", "P29_007": "1", "P29_008": "00", "P29_009": null }, "geometry": { "type": "Point", "coordinates": [ 140.082594249588254, 36.059113249965634 ] } },
{ "type": "Feature", "properties": { "P29_001": "08220", "P29_002": "B108222000178", "P29_003": "16001", "P29_004": "つくば市立小野川小学校", "P29_005": "茨城県つくば市館野731", "P29_006": "3", "P29_007": "1", "P29_008": "00", "P29_009": null }, "geometry": { "type": "Point", "coordinates": [ 140.115147742319039, 36.040923849114144 ] } },
{ "type": "Feature", "properties": { "P29_001": "08220", "P29_002": "B108222000187", "P29_003": "16001", "P29_004": "つくば市立松代小学校", "P29_005": "茨城県つくば市松代3-3-1", "P29_006": "3", "P29_007": "1", "P29_008": "00", "P29_009": null }, "geometry": { "type": "Point", "coordinates": [ 140.101915001747727, 36.070334999065203 ] } },
{ "type": "Feature", "properties": { "P29_001": "08220", "P29_002": "B108222000196", "P29_003": "16001", "P29_004": "つくば市立手代木南小学校", "P29_005": "茨城県つくば市松代4-24", "P29_006": "3", "P29_007": "1", "P29_008": "00", "P29_009": null }, "geometry": { "type": "Point", "coordinates": [ 140.10297100387217, 36.066223995103947 ] } },
{ "type": "Feature", "properties": { "P29_001": "08220", "P29_002": "B108222000203", "P29_003": "16001", "P29_004": "つくば市立谷田部南小学校", "P29_005": "茨城県つくば市境田191-1", "P29_006": "3", "P29_007": "1", "P29_008": "00", "P29_009": null }, "geometry": { "type": "Point", "coordinates": [ 140.080297042690376, 36.010500649198576 ] } },
{ "type": "Feature", "properties": { "P29_001": "08220", "P29_002": "B108222000212", "P29_003": "16001", "P29_004": "つくば市立二の宮小学校", "P29_005": "茨城県つくば市二の宮4-11", "P29_006": "3", "P29_007": "1", "P29_008": "00", "P29_009": null }, "geometry": { "type": "Point", "coordinates": [ 140.118108997143509, 36.058975002108404 ] } },
{ "type": "Feature", "properties": { "P29_001": "08220", "P29_002": "B108222000221", "P29_003": "16001", "P29_004": "つくば市立東小学校", "P29_005": "茨城県つくば市東2-24-1", "P29_006": "3", "P29_007": "1", "P29_008": "00", "P29_009": null }, "geometry": { "type": "Point", "coordinates": [ 140.130679101279355, 36.054995512173278 ] } },
{ "type": "Feature", "properties": { "P29_001": "08220", "P29_002": "B108222000230", "P29_003": "16001", "P29_004": "つくば市立上郷小学校", "P29_005": "茨城県つくば市上郷2499", "P29_006": "3", "P29_007": "1", "P29_008": "00", "P29_009": null }, "geometry": { "type": "Point", "coordinates": [ 140.015408908101051, 36.096159642835786 ] } },
{ "type": "Feature", "properties": { "P29_001": "08220", "P29_002": "B108222000249", "P29_003": "16001", "P29_004": "つくば市立沼崎小学校", "P29_005": "茨城県つくば市沼崎1650", "P29_006": "3", "P29_007": "1", "P29_008": "00", "P29_009": null }, "geometry": { "type": "Point", "coordinates": [ 140.058280755959743, 36.111670788080104 ] } },
{ "type": "Feature", "properties": { "P29_001": "08220", "P29_002": "B108222000258", "P29_003": "16001", "P29_004": "つくば市立今鹿島小学校", "P29_005": "茨城県つくば市今鹿島1762", "P29_006": "3", "P29_007": "1", "P29_008": "00", "P29_009": null }, "geometry": { "type": "Point", "coordinates": [ 140.042927268704091, 36.12893566491271 ] } },
{ "type": "Feature", "properties": { "P29_001": "08220", "P29_002": "B108222000267", "P29_003": "16001", "P29_004": "つくば市立大曽根小学校", "P29_005": "茨城県つくば市大曽根2917", "P29_006": "3", "P29_007": "1", "P29_008": "00", "P29_009": null }, "geometry": { "type": "Point", "coordinates": [ 140.089365716085439, 36.136729542727245 ] } },
{ "type": "Feature", "properties": { "P29_001": "08220", "P29_002": "B108222000276", "P29_003": "16001", "P29_004": "つくば市立前野小学校", "P29_005": "茨城県つくば市前野1367", "P29_006": "3", "P29_007": "1", "P29_008": "00", "P29_009": null }, "geometry": { "type": "Point", "coordinates": [ 140.056690674010014, 36.139869973605514 ] } },
{ "type": "Feature", "properties": { "P29_001": "08220", "P29_002": "B108222000285", "P29_003": "16001", "P29_004": "つくば市立要小学校", "P29_005": "茨城県つくば市要449-1", "P29_006": "3", "P29_007": "1", "P29_008": "00", "P29_009": null }, "geometry": { "type": "Point", "coordinates": [ 140.079584397754815, 36.110484884227262 ] } },
{ "type": "Feature", "properties": { "P29_001": "08220", "P29_002": "B108222000294", "P29_003": "16001", "P29_004": "つくば市立吉沼小学校", "P29_005": "茨城県つくば市吉沼1010", "P29_006": "3", "P29_007": "1", "P29_008": "00", "P29_009": null }, "geometry": { "type": "Point", "coordinates": [ 140.015094259160264, 36.144345461700674 ] } },
{ "type": "Feature", "properties": { "P29_001": "08220", "P29_002": "B108222000301", "P29_003": "16001", "P29_004": "つくば市立香取台小学校", "P29_005": "茨城県つくば市島名1716（香取台Ａ50街区1画地）", "P29_006": "3", "P29_007": "1", "P29_008": "00", "P29_009": null }, "geometry": { "type": "Point", "coordinates": [ 140.054651221796206, 36.062360784170266 ] } },
{ "type": "Feature", "properties": { "P29_001": "08220", "P29_002": "B108222000310", "P29_003": "16001", "P29_004": "つくば市立研究学園小学校", "P29_005": "茨城県つくば市研究学園2-26", "P29_006": "3", "P29_007": "1", "P29_008": "00", "P29_009": null }, "geometry": { "type": "Point", "coordinates": [ 140.071328418295849, 36.081270417455613 ] } },
{ "type": "Feature", "properties": { "P29_001": "08221", "P29_002": "B108222100015", "P29_003": "16001", "P29_004": "ひたちなか市立那珂湊第一小学校", "P29_005": "茨城県ひたちなか市山ノ上町1-1", "P29_006": "3", "P29_007": "1", "P29_008": "00", "P29_009": null }, "geometry": { "type": "Point", "coordinates": [ 140.585778004741883, 36.340842001580775 ] } },
{ "type": "Feature", "properties": { "P29_001": "08221", "P29_002": "B108222100024", "P29_003": "16001", "P29_004": "ひたちなか市立那珂湊第二小学校", "P29_005": "茨城県ひたちなか市富士ノ上10-1", "P29_006": "3", "P29_007": "1", "P29_008": "00", "P29_009": null }, "geometry": { "type": "Point", "coordinates": [ 140.599170161316977, 36.346991536801269 ] } },
{ "type": "Feature", "properties": { "P29_001": "08221", "P29_002": "B108222100033", "P29_003": "16001", "P29_004": "ひたちなか市立那珂湊第三小学校", "P29_005": "茨城県ひたちなか市西十三奉行13251-1", "P29_006": "3", "P29_007": "1", "P29_008": "00", "P29_009": null }, "geometry": { "type": "Point", "coordinates": [ 140.593108004466444, 36.359977996161199 ] } },
{ "type": "Feature", "properties": { "P29_001": "08221", "P29_002": "B108222100079", "P29_003": "16001", "P29_004": "ひたちなか市立中根小学校", "P29_005": "茨城県ひたちなか市中根1863", "P29_006": "3", "P29_007": "1", "P29_008": "00", "P29_009": null }, "geometry": { "type": "Point", "coordinates": [ 140.560594805026341, 36.381853841196175 ] } },
{ "type": "Feature", "properties": { "P29_001": "08221", "P29_002": "B108222100088", "P29_003": "16001", "P29_004": "ひたちなか市立勝倉小学校", "P29_005": "茨城県ひたちなか市勝倉3010", "P29_006": "3", "P29_007": "1", "P29_008": "00", "P29_009": null }, "geometry": { "type": "Point", "coordinates": [ 140.525293952290951, 36.376879898650955 ] } },
{ "type": "Feature", "properties": { "P29_001": "08221", "P29_002": "B108222100097", "P29_003": "16001", "P29_004": "ひたちなか市立三反田小学校", "P29_005": "茨城県ひたちなか市三反田3065", "P29_006": "3", "P29_007": "1", "P29_008": "00", "P29_009": null }, "geometry": { "type": "Point", "coordinates": [ 140.555597275107345, 36.365220465840757 ] } },
{ "type": "Feature", "properties": { "P29_001": "08221", "P29_002": "B108222100104", "P29_003": "16001", "P29_004": "ひたちなか市立枝川小学校", "P29_005": "茨城県ひたちなか市枝川160", "P29_006": "3", "P29_007": "1", "P29_008": "00", "P29_009": null }, "geometry": { "type": "Point", "coordinates": [ 140.492880663431492, 36.381287304151186 ] } },
{ "type": "Feature", "properties": { "P29_001": "08221", "P29_002": "B108222100113", "P29_003": "16001", "P29_004": "ひたちなか市立東石川小学校", "P29_005": "茨城県ひたちなか市東石川1-1-1", "P29_006": "3", "P29_007": "1", "P29_008": "00", "P29_009": null }, "geometry": { "type": "Point", "coordinates": [ 140.528282000424838, 36.39625000469146 ] } },
{ "type": "Feature", "properties": { "P29_001": "08221", "P29_002": "B108222100122", "P29_003": "16001", "P29_004": "ひたちなか市立市毛小学校", "P29_005": "茨城県ひたちなか市市毛825", "P29_006": "3", "P29_007": "1", "P29_008": "00", "P29_009": null }, "geometry": { "type": "Point", "coordinates": [ 140.502950997927172, 36.401665996610745 ] } },
{ "type": "Feature", "properties": { "P29_001": "08221", "P29_002": "B108222100131", "P29_003": "16001", "P29_004": "ひたちなか市立前渡小学校", "P29_005": "茨城県ひたちなか市馬渡309", "P29_006": "3", "P29_007": "1", "P29_008": "00", "P29_009": null }, "geometry": { "type": "Point", "coordinates": [ 140.574921443074601, 36.40377000366081 ] } },
{ "type": "Feature", "properties": { "P29_001": "08221", "P29_002": "B108222100140", "P29_003": "16001", "P29_004": "ひたちなか市立佐野小学校", "P29_005": "茨城県ひたちなか市稲田76", "P29_006": "3", "P29_007": "1", "P29_008": "00", "P29_009": null }, "geometry": { "type": "Point", "coordinates": [ 140.53244025301538, 36.435290857266182 ] } },
{ "type": "Feature", "properties": { "P29_001": "08221", "P29_002": "B108222100159", "P29_003": "16001", "P29_004": "ひたちなか市立堀口小学校", "P29_005": "茨城県ひたちなか市堀口588", "P29_006": "3", "P29_007": "1", "P29_008": "00", "P29_009": null }, "geometry": { "type": "Point", "coordinates": [ 140.515128278319452, 36.387790474720099 ] } },
{ "type": "Feature", "properties": { "P29_001": "08221", "P29_002": "B108222100168", "P29_003": "16001", "P29_004": "ひたちなか市立高野小学校", "P29_005": "茨城県ひたちなか市高野474", "P29_006": "3", "P29_007": "1", "P29_008": "00", "P29_009": null }, "geometry": { "type": "Point", "coordinates": [ 140.547140000926362, 36.424804003986971 ] } },
{ "type": "Feature", "properties": { "P29_001": "08221", "P29_002": "B108222100177", "P29_003": "16001", "P29_004": "ひたちなか市立田彦小学校", "P29_005": "茨城県ひたちなか市田彦1457", "P29_006": "3", "P29_007": "1", "P29_008": "00", "P29_009": null }, "geometry": { "type": "Point", "coordinates": [ 140.520417546288542, 36.410933522901161 ] } },
{ "type": "Feature", "properties": { "P29_001": "08221", "P29_002": "B108222100186", "P29_003": "16001", "P29_004": "ひたちなか市立津田小学校", "P29_005": "茨城県ひたちなか市津田東1-1-1", "P29_006": "3", "P29_007": "1", "P29_008": "00", "P29_009": null }, "geometry": { "type": "Point", "coordinates": [ 140.505597340891683, 36.41308781341634 ] } },
{ "type": "Feature", "properties": { "P29_001": "08221", "P29_002": "B108222100195", "P29_003": "16001", "P29_004": "ひたちなか市立長堀小学校", "P29_005": "茨城県ひたちなか市長堀町3-5-1", "P29_006": "3", "P29_007": "1", "P29_008": "00", "P29_009": null }, "geometry": { "type": "Point", "coordinates": [ 140.54262159004324, 36.389450094567955 ] } },
{ "type": "Feature", "properties": { "P29_001": "08221", "P29_002": "B108222100202", "P29_003": "16001", "P29_004": "ひたちなか市立外野小学校", "P29_005": "茨城県ひたちなか市外野1-30-1", "P29_006": "3", "P29_007": "1", "P29_008": "00", "P29_009": null }, "geometry": { "type": "Point", "coordinates": [ 140.537370667958527, 36.406198459882759 ] } },
{ "type": "Feature", "properties": { "P29_001": "08222", "P29_002": "B108222200014", "P29_003": "16001", "P29_004": "鹿嶋市立大同東小学校", "P29_005": "茨城県鹿嶋市荒井373", "P29_006": "3", "P29_007": "1", "P29_008": "00", "P29_009": null }, "geometry": { "type": "Point", "coordinates": [ 140.617495224191117, 36.055859534984016 ] } },
{ "type": "Feature", "properties": { "P29_001": "08222", "P29_002": "B108222200023", "P29_003": "16001", "P29_004": "鹿嶋市立大同西小学校", "P29_005": "茨城県鹿嶋市武井264", "P29_006": "3", "P29_007": "1", "P29_008": "00", "P29_009": null }, "geometry": { "type": "Point", "coordinates": [ 140.57837796502568, 36.037738874424889 ] } },
{ "type": "Feature", "properties": { "P29_001": "08222", "P29_002": "B108222200032", "P29_003": "16001", "P29_004": "鹿嶋市立中野東小学校", "P29_005": "茨城県鹿嶋市荒野1221", "P29_006": "3", "P29_007": "1", "P29_008": "00", "P29_009": null }, "geometry": { "type": "Point", "coordinates": [ 140.636195701334742, 36.019106051269937 ] } },
{ "type": "Feature", "properties": { "P29_001": "08222", "P29_002": "B108222200041", "P29_003": "16001", "P29_004": "鹿嶋市立中野西小学校", "P29_005": "茨城県鹿嶋市中1729-3", "P29_006": "3", "P29_007": "1", "P29_008": "00", "P29_009": null }, "geometry": { "type": "Point", "coordinates": [ 140.589706001485695, 36.01501999736719 ] } },
{ "type": "Feature", "properties": { "P29_001": "08222", "P29_002": "B108222200050", "P29_003": "16001", "P29_004": "鹿嶋市立波野小学校", "P29_005": "茨城県鹿嶋市明石516", "P29_006": "3", "P29_007": "1", "P29_008": "00", "P29_009": null }, "geometry": { "type": "Point", "coordinates": [ 140.647309686433459, 35.991756908941419 ] } },
{ "type": "Feature", "properties": { "P29_001": "08222", "P29_002": "B108222200069", "P29_003": "16001", "P29_004": "鹿嶋市立豊郷小学校", "P29_005": "茨城県鹿嶋市須賀1170", "P29_006": "3", "P29_007": "1", "P29_008": "00", "P29_009": null }, "geometry": { "type": "Point", "coordinates": [ 140.610226931730324, 35.98548461727696 ] } },
{ "type": "Feature", "properties": { "P29_001": "08222", "P29_002": "B108222200078", "P29_003": "16001", "P29_004": "鹿嶋市立豊津小学校", "P29_005": "茨城県鹿嶋市大船津2328-1", "P29_006": "3", "P29_007": "1", "P29_008": "00", "P29_009": null }, "geometry": { "type": "Point", "coordinates": [ 140.610273365054837, 35.962690704869139 ] } },
{ "type": "Feature", "properties": { "P29_001": "08222", "P29_002": "B108222200087", "P29_003": "16001", "P29_004": "鹿嶋市立鹿島小学校", "P29_005": "茨城県鹿嶋市城山4-3-43", "P29_006": "3", "P29_007": "1", "P29_008": "00", "P29_009": null }, "geometry": { "type": "Point", "coordinates": [ 140.624340328318283, 35.963709360020204 ] } },
{ "type": "Feature", "properties": { "P29_001": "08222", "P29_002": "B108222200096", "P29_003": "16001", "P29_004": "鹿嶋市立高松小学校", "P29_005": "茨城県鹿嶋市粟生301", "P29_006": "3", "P29_007": "1", "P29_008": "00", "P29_009": null }, "geometry": { "type": "Point", "coordinates": [ 140.651164305227326, 35.942953813762983 ] } },
{ "type": "Feature", "properties": { "P29_001": "08222", "P29_002": "B108222200103", "P29_003": "16001", "P29_004": "鹿嶋市立平井小学校", "P29_005": "茨城県鹿嶋市平井20-2", "P29_006": "3", "P29_007": "1", "P29_008": "00", "P29_009": null }, "geometry": { "type": "Point", "coordinates": [ 140.66738248120555, 35.972910316139455 ] } },
{ "type": "Feature", "properties": { "P29_001": "08222", "P29_002": "B108222200112", "P29_003": "16001", "P29_004": "鹿嶋市立三笠小学校", "P29_005": "茨城県鹿嶋市宮中2042-1", "P29_006": "3", "P29_007": "1", "P29_008": "00", "P29_009": null }, "geometry": { "type": "Point", "coordinates": [ 140.645882825648613, 35.971321518021071 ] } },
{ "type": "Feature", "properties": { "P29_001": "08222", "P29_002": "B108222200121", "P29_003": "16001", "P29_004": "鹿嶋市立鉢形小学校", "P29_005": "茨城県鹿嶋市鉢形台3-15-1", "P29_006": "3", "P29_007": "1", "P29_008": "00", "P29_009": null }, "geometry": { "type": "Point", "coordinates": [ 140.650730491777466, 35.958811493168547 ] } },
{ "type": "Feature", "properties": { "P29_001": "08223", "P29_002": "B108222300013", "P29_003": "16001", "P29_004": "潮来市立潮来小学校", "P29_005": "茨城県潮来市潮来471", "P29_006": "3", "P29_007": "1", "P29_008": "00", "P29_009": null }, "geometry": { "type": "Point", "coordinates": [ 140.547794628640645, 35.942132852957464 ] } },
{ "type": "Feature", "properties": { "P29_001": "08223", "P29_002": "B108222300031", "P29_003": "16001", "P29_004": "潮来市立延方小学校", "P29_005": "茨城県潮来市小泉2090", "P29_006": "3", "P29_007": "1", "P29_008": "00", "P29_009": null }, "geometry": { "type": "Point", "coordinates": [ 140.581124753686339, 35.958825735537033 ] } },
{ "type": "Feature", "properties": { "P29_001": "08223", "P29_002": "B108222300040", "P29_003": "16001", "P29_004": "潮来市立津知小学校", "P29_005": "茨城県潮来市辻829-1", "P29_006": "3", "P29_007": "1", "P29_008": "00", "P29_009": null }, "geometry": { "type": "Point", "coordinates": [ 140.553098808669887, 35.95415895174407 ] } },
{ "type": "Feature", "properties": { "P29_001": "08223", "P29_002": "B108222300059", "P29_003": "16001", "P29_004": "潮来市立日の出小学校", "P29_005": "茨城県潮来市日の出3-12-1", "P29_006": "3", "P29_007": "1", "P29_008": "00", "P29_009": null }, "geometry": { "type": "Point", "coordinates": [ 140.571737001663479, 35.937113001049255 ] } },
{ "type": "Feature", "properties": { "P29_001": "08223", "P29_002": "B108222300068", "P29_003": "16001", "P29_004": "潮来市立牛堀小学校", "P29_005": "茨城県潮来市堀之内1219-1", "P29_006": "3", "P29_007": "1", "P29_008": "00", "P29_009": null }, "geometry": { "type": "Point", "coordinates": [ 140.526283672792175, 35.969474885341192 ] } },
{ "type": "Feature", "properties": { "P29_001": "08224", "P29_002": "B108222400012", "P29_003": "16001", "P29_004": "守谷市立守谷小学校", "P29_005": "茨城県守谷市本町858", "P29_006": "3", "P29_007": "1", "P29_008": "00", "P29_009": null }, "geometry": { "type": "Point", "coordinates": [ 140.001991438123468, 35.946361573545829 ] } },
{ "type": "Feature", "properties": { "P29_001": "08224", "P29_002": "B108222400021", "P29_003": "16001", "P29_004": "守谷市立大井沢小学校", "P29_005": "茨城県守谷市薬師台4-12", "P29_006": "3", "P29_007": "1", "P29_008": "00", "P29_009": null }, "geometry": { "type": "Point", "coordinates": [ 139.964932998099158, 35.961732996920979 ] } },
{ "type": "Feature", "properties": { "P29_001": "08224", "P29_002": "B108222400030", "P29_003": "16001", "P29_004": "守谷市立大野小学校", "P29_005": "茨城県守谷市野木崎492", "P29_006": "3", "P29_007": "1", "P29_008": "00", "P29_009": null }, "geometry": { "type": "Point", "coordinates": [ 139.965238999179633, 35.94606800339573 ] } },
{ "type": "Feature", "properties": { "P29_001": "08224", "P29_002": "B108222400049", "P29_003": "16001", "P29_004": "守谷市立高野小学校", "P29_005": "茨城県守谷市高野1342", "P29_006": "3", "P29_007": "1", "P29_008": "00", "P29_009": null }, "geometry": { "type": "Point", "coordinates": [ 139.987185281838094, 35.92890388814466 ] } },
{ "type": "Feature", "properties": { "P29_001": "08224", "P29_002": "B108222400058", "P29_003": "16001", "P29_004": "守谷市立黒内小学校", "P29_005": "茨城県守谷市百合ケ丘2-2349", "P29_006": "3", "P29_007": "1", "P29_008": "00", "P29_009": null }, "geometry": { "type": "Point", "coordinates": [ 139.986413404512774, 35.953554344185612 ] } },
{ "type": "Feature", "properties": { "P29_001": "08224", "P29_002": "B108222400067", "P29_003": "16001", "P29_004": "守谷市立御所ケ丘小学校", "P29_005": "茨城県守谷市御所ケ丘5-15", "P29_006": "3", "P29_007": "1", "P29_008": "00", "P29_009": null }, "geometry": { "type": "Point", "coordinates": [ 139.973688622120761, 35.964335234657497 ] } },
{ "type": "Feature", "properties": { "P29_001": "08224", "P29_002": "B108222400076", "P29_003": "16001", "P29_004": "守谷市立郷州小学校", "P29_005": "茨城県守谷市みずき野5-4-1", "P29_006": "3", "P29_007": "1", "P29_008": "00", "P29_009": null }, "geometry": { "type": "Point", "coordinates": [ 140.011263004282313, 35.936654000276427 ] } },
{ "type": "Feature", "properties": { "P29_001": "08224", "P29_002": "B108222400085", "P29_003": "16001", "P29_004": "守谷市立松前台小学校", "P29_005": "茨城県守谷市松前台2-16", "P29_006": "3", "P29_007": "1", "P29_008": "00", "P29_009": null }, "geometry": { "type": "Point", "coordinates": [ 139.967133110039413, 35.970158408566625 ] } },
{ "type": "Feature", "properties": { "P29_001": "08224", "P29_002": "B108222400094", "P29_003": "16001", "P29_004": "守谷市立松ケ丘小学校", "P29_005": "茨城県守谷市松ケ丘4-12", "P29_006": "3", "P29_007": "1", "P29_008": "00", "P29_009": null }, "geometry": { "type": "Point", "coordinates": [ 139.98257100452895, 35.942512999540092 ] } },
{ "type": "Feature", "properties": { "P29_001": "08225", "P29_002": "B108222500011", "P29_003": "16001", "P29_004": "常陸大宮市立御前山小学校", "P29_005": "茨城県常陸大宮市野口3217", "P29_006": "3", "P29_007": "1", "P29_008": "00", "P29_009": null }, "geometry": { "type": "Point", "coordinates": [ 140.313477640272538, 36.563868256530668 ] } },
{ "type": "Feature", "properties": { "P29_001": "08225", "P29_002": "B108222500020", "P29_003": "16001", "P29_004": "常陸大宮市立村田小学校", "P29_005": "茨城県常陸大宮市上村田1259-1", "P29_006": "3", "P29_007": "1", "P29_008": "00", "P29_009": null }, "geometry": { "type": "Point", "coordinates": [ 140.41460121820964, 36.527419020963968 ] } },
{ "type": "Feature", "properties": { "P29_001": "08225", "P29_002": "B108222500039", "P29_003": "16001", "P29_004": "常陸大宮市立上野小学校", "P29_005": "茨城県常陸大宮市根本231", "P29_006": "3", "P29_007": "1", "P29_008": "00", "P29_009": null }, "geometry": { "type": "Point", "coordinates": [ 140.437480003818763, 36.527789001303816 ] } },
{ "type": "Feature", "properties": { "P29_001": "08225", "P29_002": "B108222500048", "P29_003": "16001", "P29_004": "常陸大宮市立大宮小学校", "P29_005": "茨城県常陸大宮市北町116", "P29_006": "3", "P29_007": "1", "P29_008": "00", "P29_009": null }, "geometry": { "type": "Point", "coordinates": [ 140.414500559315798, 36.552394826796103 ] } },
{ "type": "Feature", "properties": { "P29_001": "08225", "P29_002": "B108222500057", "P29_003": "16001", "P29_004": "常陸大宮市立大賀小学校", "P29_005": "茨城県常陸大宮市小祝218-2", "P29_006": "3", "P29_007": "1", "P29_008": "00", "P29_009": null }, "geometry": { "type": "Point", "coordinates": [ 140.40137043095126, 36.583579026239086 ] } },
{ "type": "Feature", "properties": { "P29_001": "08225", "P29_002": "B108222500066", "P29_003": "16001", "P29_004": "常陸大宮市立大宮西小学校", "P29_005": "茨城県常陸大宮市抽ヶ台町2906-8", "P29_006": "3", "P29_007": "1", "P29_008": "00", "P29_009": null }, "geometry": { "type": "Point", "coordinates": [ 140.401643916946909, 36.547082145748597 ] } },
{ "type": "Feature", "properties": { "P29_001": "08225", "P29_002": "B108222500075", "P29_003": "16001", "P29_004": "常陸大宮市立山方小学校", "P29_005": "茨城県常陸大宮市山方3292", "P29_006": "3", "P29_007": "1", "P29_008": "00", "P29_009": null }, "geometry": { "type": "Point", "coordinates": [ 140.394791024799929, 36.629780903500027 ] } },
{ "type": "Feature", "properties": { "P29_001": "08225", "P29_002": "B108222500084", "P29_003": "16001", "P29_004": "常陸大宮市立山方南小学校", "P29_005": "茨城県常陸大宮市野上1067", "P29_006": "3", "P29_007": "1", "P29_008": "00", "P29_009": null }, "geometry": { "type": "Point", "coordinates": [ 140.389134510917444, 36.60792462760363 ] } },
{ "type": "Feature", "properties": { "P29_001": "08225", "P29_002": "B108222500093", "P29_003": "16001", "P29_004": "常陸大宮市立大宮北小学校", "P29_005": "茨城県常陸大宮市東野3323", "P29_006": "3", "P29_007": "1", "P29_008": "00", "P29_009": null }, "geometry": { "type": "Point", "coordinates": [ 140.372482646438954, 36.571375348309317 ] } },
{ "type": "Feature", "properties": { "P29_001": "08225", "P29_002": "B108222500100", "P29_003": "16001", "P29_004": "常陸大宮市立美和小学校", "P29_005": "茨城県常陸大宮市小野田22", "P29_006": "3", "P29_007": "1", "P29_008": "00", "P29_009": null }, "geometry": { "type": "Point", "coordinates": [ 140.290577147012414, 36.659604025995208 ] } },
{ "type": "Feature", "properties": { "P29_001": "08225", "P29_002": "B108222500119", "P29_003": "16001", "P29_004": "常陸大宮市立緒川小学校", "P29_005": "茨城県常陸大宮市上小瀬751", "P29_006": "3", "P29_007": "1", "P29_008": "00", "P29_009": null }, "geometry": { "type": "Point", "coordinates": [ 140.321130033228599, 36.597687670634286 ] } },
{ "type": "Feature", "properties": { "P29_001": "08226", "P29_002": "B108222600010", "P29_003": "16001", "P29_004": "那珂市立横堀小学校", "P29_005": "茨城県那珂市横堀1502-1", "P29_006": "3", "P29_007": "1", "P29_008": "00", "P29_009": null }, "geometry": { "type": "Point", "coordinates": [ 140.518848203157148, 36.466256313537286 ] } },
{ "type": "Feature", "properties": { "P29_001": "08226", "P29_002": "B108222600029", "P29_003": "16001", "P29_004": "那珂市立額田小学校", "P29_005": "茨城県那珂市額田北郷311", "P29_006": "3", "P29_007": "1", "P29_008": "00", "P29_009": null }, "geometry": { "type": "Point", "coordinates": [ 140.518934406241328, 36.492296330851637 ] } },
{ "type": "Feature", "properties": { "P29_001": "08226", "P29_002": "B108222600038", "P29_003": "16001", "P29_004": "那珂市立菅谷小学校", "P29_005": "茨城県那珂市菅谷2378-1", "P29_006": "3", "P29_007": "1", "P29_008": "00", "P29_009": null }, "geometry": { "type": "Point", "coordinates": [ 140.499061000018429, 36.444522998523944 ] } },
{ "type": "Feature", "properties": { "P29_001": "08226", "P29_002": "B108222600047", "P29_003": "16001", "P29_004": "那珂市立五台小学校", "P29_005": "茨城県那珂市東木倉960-1", "P29_006": "3", "P29_007": "1", "P29_008": "00", "P29_009": null }, "geometry": { "type": "Point", "coordinates": [ 140.472926396071443, 36.424886093219293 ] } },
{ "type": "Feature", "properties": { "P29_001": "08226", "P29_002": "B108222600056", "P29_003": "16001", "P29_004": "那珂市立芳野小学校", "P29_005": "茨城県那珂市飯田3992", "P29_006": "3", "P29_007": "1", "P29_008": "00", "P29_009": null }, "geometry": { "type": "Point", "coordinates": [ 140.457814000272577, 36.468519003362069 ] } },
{ "type": "Feature", "properties": { "P29_001": "08226", "P29_002": "B108222600065", "P29_003": "16001", "P29_004": "那珂市立木崎小学校", "P29_005": "茨城県那珂市門部2765", "P29_006": "3", "P29_007": "1", "P29_008": "00", "P29_009": null }, "geometry": { "type": "Point", "coordinates": [ 140.482776955001754, 36.488527582389167 ] } },
{ "type": "Feature", "properties": { "P29_001": "08226", "P29_002": "B108222600074", "P29_003": "16001", "P29_004": "那珂市立菅谷西小学校", "P29_005": "茨城県那珂市菅谷4542-1", "P29_006": "3", "P29_007": "1", "P29_008": "00", "P29_009": null }, "geometry": { "type": "Point", "coordinates": [ 140.486944674096861, 36.452838512165329 ] } },
{ "type": "Feature", "properties": { "P29_001": "08226", "P29_002": "B108222600083", "P29_003": "16001", "P29_004": "那珂市立菅谷東小学校", "P29_005": "茨城県那珂市菅谷891-2", "P29_006": "3", "P29_007": "1", "P29_008": "00", "P29_009": null }, "geometry": { "type": "Point", "coordinates": [ 140.507771794045027, 36.447335502861002 ] } },
{ "type": "Feature", "properties": { "P29_001": "08226", "P29_002": "B108222600092", "P29_003": "16001", "P29_004": "那珂市立瓜連小学校", "P29_005": "茨城県那珂市瓜連1296", "P29_006": "3", "P29_007": "1", "P29_008": "00", "P29_009": null }, "geometry": { "type": "Point", "coordinates": [ 140.444289967205805, 36.500780233215828 ] } },
{ "type": "Feature", "properties": { "P29_001": "08227", "P29_002": "B108222700019", "P29_003": "16001", "P29_004": "筑西市立下館小学校", "P29_005": "茨城県筑西市甲392-1", "P29_006": "3", "P29_007": "1", "P29_008": "00", "P29_009": null }, "geometry": { "type": "Point", "coordinates": [ 139.977812161758834, 36.315270163777747 ] } },
{ "type": "Feature", "properties": { "P29_001": "08227", "P29_002": "B108222700028", "P29_003": "16001", "P29_004": "筑西市立伊讃小学校", "P29_005": "茨城県筑西市西谷貝469", "P29_006": "3", "P29_007": "1", "P29_008": "00", "P29_009": null }, "geometry": { "type": "Point", "coordinates": [ 139.961364005942727, 36.309998001323777 ] } },
{ "type": "Feature", "properties": { "P29_001": "08227", "P29_002": "B108222700037", "P29_003": "16001", "P29_004": "筑西市立川島小学校", "P29_005": "茨城県筑西市伊讃美1859", "P29_006": "3", "P29_007": "1", "P29_008": "00", "P29_009": null }, "geometry": { "type": "Point", "coordinates": [ 139.926145000339972, 36.299636997916622 ] } },
{ "type": "Feature", "properties": { "P29_001": "08227", "P29_002": "B108222700046", "P29_003": "16001", "P29_004": "筑西市立竹島小学校", "P29_005": "茨城県筑西市稲野辺26", "P29_006": "3", "P29_007": "1", "P29_008": "00", "P29_009": null }, "geometry": { "type": "Point", "coordinates": [ 139.986767496367349, 36.318348148898103 ] } },
{ "type": "Feature", "properties": { "P29_001": "08227", "P29_002": "B108222700055", "P29_003": "16001", "P29_004": "筑西市立養蚕小学校", "P29_005": "茨城県筑西市下中山298", "P29_006": "3", "P29_007": "1", "P29_008": "00", "P29_009": null }, "geometry": { "type": "Point", "coordinates": [ 139.989069472193393, 36.301358154031341 ] } },
{ "type": "Feature", "properties": { "P29_001": "08227", "P29_002": "B108222700064", "P29_003": "16001", "P29_004": "筑西市立河間小学校", "P29_005": "茨城県筑西市羽方14-2", "P29_006": "3", "P29_007": "1", "P29_008": "00", "P29_009": null }, "geometry": { "type": "Point", "coordinates": [ 139.995470783043658, 36.350561460757071 ] } },
{ "type": "Feature", "properties": { "P29_001": "08227", "P29_002": "B108222700073", "P29_003": "16001", "P29_004": "筑西市立中小学校", "P29_005": "茨城県筑西市中舘1122-1", "P29_006": "3", "P29_007": "1", "P29_008": "00", "P29_009": null }, "geometry": { "type": "Point", "coordinates": [ 139.973938466671285, 36.340437285820578 ] } },
{ "type": "Feature", "properties": { "P29_001": "08227", "P29_002": "B108222700082", "P29_003": "16001", "P29_004": "筑西市立五所小学校", "P29_005": "茨城県筑西市山崎1419-1", "P29_006": "3", "P29_007": "1", "P29_008": "00", "P29_009": null }, "geometry": { "type": "Point", "coordinates": [ 139.937830272327091, 36.332708896169535 ] } },
{ "type": "Feature", "properties": { "P29_001": "08227", "P29_002": "B108222700091", "P29_003": "16001", "P29_004": "筑西市立大田小学校", "P29_005": "茨城県筑西市西方1748-1", "P29_006": "3", "P29_007": "1", "P29_008": "00", "P29_009": null }, "geometry": { "type": "Point", "coordinates": [ 139.958958845086784, 36.281940833441197 ] } },
{ "type": "Feature", "properties": { "P29_001": "08227", "P29_002": "B108222700108", "P29_003": "16001", "P29_004": "筑西市立嘉田生崎小学校", "P29_005": "茨城県筑西市西石田587", "P29_006": "3", "P29_007": "1", "P29_008": "00", "P29_009": null }, "geometry": { "type": "Point", "coordinates": [ 139.990000995031011, 36.277226002838297 ] } },
{ "type": "Feature", "properties": { "P29_001": "08227", "P29_002": "B108222700117", "P29_003": "16001", "P29_004": "筑西市立関城西小学校", "P29_005": "茨城県筑西市関本中388", "P29_006": "3", "P29_007": "1", "P29_008": "00", "P29_009": null }, "geometry": { "type": "Point", "coordinates": [ 139.922064780925751, 36.251896781110162 ] } },
{ "type": "Feature", "properties": { "P29_001": "08227", "P29_002": "B108222700126", "P29_003": "16001", "P29_004": "筑西市立関城東小学校", "P29_005": "茨城県筑西市藤ヶ谷678", "P29_006": "3", "P29_007": "1", "P29_008": "00", "P29_009": null }, "geometry": { "type": "Point", "coordinates": [ 139.965018926949568, 36.248076841720163 ] } },
{ "type": "Feature", "properties": { "P29_001": "08227", "P29_002": "B108222700135", "P29_003": "16001", "P29_004": "筑西市立大村小学校", "P29_005": "茨城県筑西市海老ヶ島1313", "P29_006": "3", "P29_007": "1", "P29_008": "00", "P29_009": null }, "geometry": { "type": "Point", "coordinates": [ 140.037525995656921, 36.248619002366716 ] } },
{ "type": "Feature", "properties": { "P29_001": "08227", "P29_002": "B108222700144", "P29_003": "16001", "P29_004": "筑西市立村田小学校", "P29_005": "茨城県筑西市村田1839", "P29_006": "3", "P29_007": "1", "P29_008": "00", "P29_009": null }, "geometry": { "type": "Point", "coordinates": [ 140.015129974212073, 36.275188145415321 ] } },
{ "type": "Feature", "properties": { "P29_001": "08227", "P29_002": "B108222700153", "P29_003": "16001", "P29_004": "筑西市立鳥羽小学校", "P29_005": "茨城県筑西市鷺島170", "P29_006": "3", "P29_007": "1", "P29_008": "00", "P29_009": null }, "geometry": { "type": "Point", "coordinates": [ 140.015181804861669, 36.244680830942784 ] } },
{ "type": "Feature", "properties": { "P29_001": "08227", "P29_002": "B108222700162", "P29_003": "16001", "P29_004": "筑西市立上野小学校", "P29_005": "茨城県筑西市中上野621-3", "P29_006": "3", "P29_007": "1", "P29_008": "00", "P29_009": null }, "geometry": { "type": "Point", "coordinates": [ 140.029333998597053, 36.218343995991489 ] } },
{ "type": "Feature", "properties": { "P29_001": "08227", "P29_002": "B108222700171", "P29_003": "16001", "P29_004": "筑西市立長讃小学校", "P29_005": "茨城県筑西市宮後1480", "P29_006": "3", "P29_007": "1", "P29_008": "00", "P29_009": null }, "geometry": { "type": "Point", "coordinates": [ 140.053068731638774, 36.263204726019872 ] } },
{ "type": "Feature", "properties": { "P29_001": "08227", "P29_002": "B108222700180", "P29_003": "16001", "P29_004": "筑西市立古里小学校", "P29_005": "茨城県筑西市桑山2498-1", "P29_006": "3", "P29_007": "1", "P29_008": "00", "P29_009": null }, "geometry": { "type": "Point", "coordinates": [ 140.036548587455627, 36.302085673817146 ] } },
{ "type": "Feature", "properties": { "P29_001": "08227", "P29_002": "B108222700199", "P29_003": "16001", "P29_004": "筑西市立新治小学校", "P29_005": "茨城県筑西市門井1890-2", "P29_006": "3", "P29_007": "1", "P29_008": "00", "P29_009": null }, "geometry": { "type": "Point", "coordinates": [ 140.032571995275191, 36.334156000365489 ] } },
{ "type": "Feature", "properties": { "P29_001": "08227", "P29_002": "B108222700206", "P29_003": "16001", "P29_004": "筑西市立小栗小学校", "P29_005": "茨城県筑西市小栗5545", "P29_006": "3", "P29_007": "1", "P29_008": "00", "P29_009": null }, "geometry": { "type": "Point", "coordinates": [ 140.02274101667598, 36.359460106691387 ] } },
{ "type": "Feature", "properties": { "P29_001": "08228", "P29_002": "B108222800018", "P29_003": "16001", "P29_004": "坂東市立七重小学校", "P29_005": "茨城県坂東市借宿683-2", "P29_006": "3", "P29_007": "1", "P29_008": "00", "P29_009": null }, "geometry": { "type": "Point", "coordinates": [ 139.865815145847336, 36.084161268209719 ] } },
{ "type": "Feature", "properties": { "P29_001": "08228", "P29_002": "B108222800027", "P29_003": "16001", "P29_004": "坂東市立弓馬田小学校", "P29_005": "茨城県坂東市馬立30-1", "P29_006": "3", "P29_007": "1", "P29_008": "00", "P29_009": null }, "geometry": { "type": "Point", "coordinates": [ 139.895802588725161, 36.067504925758698 ] } },
{ "type": "Feature", "properties": { "P29_001": "08228", "P29_002": "B108222800036", "P29_003": "16001", "P29_004": "坂東市立飯島小学校", "P29_005": "茨城県坂東市幸田新田1468-1", "P29_006": "3", "P29_007": "1", "P29_008": "00", "P29_009": null }, "geometry": { "type": "Point", "coordinates": [ 139.923319728676518, 36.062947691363355 ] } },
{ "type": "Feature", "properties": { "P29_001": "08228", "P29_002": "B108222800045", "P29_003": "16001", "P29_004": "坂東市立神大実小学校", "P29_005": "茨城県坂東市猫実805", "P29_006": "3", "P29_007": "1", "P29_008": "00", "P29_009": null }, "geometry": { "type": "Point", "coordinates": [ 139.925738000451247, 36.039834000642365 ] } },
{ "type": "Feature", "properties": { "P29_001": "08228", "P29_002": "B108222800054", "P29_003": "16001", "P29_004": "坂東市立岩井第一小学校", "P29_005": "茨城県坂東市岩井2029-1", "P29_006": "3", "P29_007": "1", "P29_008": "00", "P29_009": null }, "geometry": { "type": "Point", "coordinates": [ 139.882492995092491, 36.056693003218648 ] } },
{ "type": "Feature", "properties": { "P29_001": "08228", "P29_002": "B108222800063", "P29_003": "16001", "P29_004": "坂東市立岩井第二小学校", "P29_005": "茨城県坂東市辺田1172-7", "P29_006": "3", "P29_007": "1", "P29_008": "00", "P29_009": null }, "geometry": { "type": "Point", "coordinates": [ 139.896529871355028, 36.04206179850064 ] } },
{ "type": "Feature", "properties": { "P29_001": "08228", "P29_002": "B108222800072", "P29_003": "16001", "P29_004": "坂東市立七郷小学校", "P29_005": "茨城県坂東市矢作87-1", "P29_006": "3", "P29_007": "1", "P29_008": "00", "P29_009": null }, "geometry": { "type": "Point", "coordinates": [ 139.906147018822935, 36.006897350725573 ] } },
{ "type": "Feature", "properties": { "P29_001": "08228", "P29_002": "B108222800081", "P29_003": "16001", "P29_004": "坂東市立中川小学校", "P29_005": "茨城県坂東市小山108", "P29_006": "3", "P29_007": "1", "P29_008": "00", "P29_009": null }, "geometry": { "type": "Point", "coordinates": [ 139.880110766430732, 36.017995502416724 ] } },
{ "type": "Feature", "properties": { "P29_001": "08228", "P29_002": "B108222800090", "P29_003": "16001", "P29_004": "坂東市立長須小学校", "P29_005": "茨城県坂東市長須1243", "P29_006": "3", "P29_007": "1", "P29_008": "00", "P29_009": null }, "geometry": { "type": "Point", "coordinates": [ 139.848688935194758, 36.056150235830579 ] } },
{ "type": "Feature", "properties": { "P29_001": "08228", "P29_002": "B108222800107", "P29_003": "16001", "P29_004": "坂東市立生子菅小学校", "P29_005": "茨城県坂東市生子2219", "P29_006": "3", "P29_007": "1", "P29_008": "00", "P29_009": null }, "geometry": { "type": "Point", "coordinates": [ 139.855493345177962, 36.105485768356054 ] } },
{ "type": "Feature", "properties": { "P29_001": "08228", "P29_002": "B108222800116", "P29_003": "16001", "P29_004": "坂東市立逆井山小学校", "P29_005": "茨城県坂東市逆井1825-30", "P29_006": "3", "P29_007": "1", "P29_008": "00", "P29_009": null }, "geometry": { "type": "Point", "coordinates": [ 139.863958442199987, 36.134372381304466 ] } },
{ "type": "Feature", "properties": { "P29_001": "08228", "P29_002": "B108222800125", "P29_003": "16001", "P29_004": "坂東市立沓掛小学校", "P29_005": "茨城県坂東市沓掛3775", "P29_006": "3", "P29_007": "1", "P29_008": "00", "P29_009": null }, "geometry": { "type": "Point", "coordinates": [ 139.900589707448006, 36.102135350655715 ] } },
{ "type": "Feature", "properties": { "P29_001": "08228", "P29_002": "B108222800134", "P29_003": "16001", "P29_004": "坂東市立内野山小学校", "P29_005": "茨城県坂東市内野山849", "P29_006": "3", "P29_007": "1", "P29_008": "00", "P29_009": null }, "geometry": { "type": "Point", "coordinates": [ 139.921789642967838, 36.085057656345469 ] } },
{ "type": "Feature", "properties": { "P29_001": "08229", "P29_002": "B108222900017", "P29_003": "16001", "P29_004": "稲敷市立江戸崎小学校", "P29_005": "茨城県稲敷市江戸崎甲3194", "P29_006": "3", "P29_007": "1", "P29_008": "00", "P29_009": null }, "geometry": { "type": "Point", "coordinates": [ 140.319990282577265, 35.954914713414972 ] } },
{ "type": "Feature", "properties": { "P29_001": "08229", "P29_002": "B108222900026", "P29_003": "16001", "P29_004": "稲敷市立沼里小学校", "P29_005": "茨城県稲敷市沼田2661-1", "P29_006": "3", "P29_007": "1", "P29_008": "00", "P29_009": null }, "geometry": { "type": "Point", "coordinates": [ 140.28918338104134, 35.96035664804198 ] } },
{ "type": "Feature", "properties": { "P29_001": "08229", "P29_002": "B108222900035", "P29_003": "16001", "P29_004": "稲敷市立高田小学校", "P29_005": "茨城県稲敷市高田854", "P29_006": "3", "P29_007": "1", "P29_008": "00", "P29_009": null }, "geometry": { "type": "Point", "coordinates": [ 140.341342924379433, 35.946951735576121 ] } },
{ "type": "Feature", "properties": { "P29_001": "08229", "P29_002": "B108222900044", "P29_003": "16001", "P29_004": "稲敷市立新利根小学校", "P29_005": "茨城県稲敷市柴崎7218-4", "P29_006": "3", "P29_007": "1", "P29_008": "00", "P29_009": null }, "geometry": { "type": "Point", "coordinates": [ 140.294944732627954, 35.907366736431172 ] } },
{ "type": "Feature", "properties": { "P29_001": "08229", "P29_002": "B108222900080", "P29_003": "16001", "P29_004": "稲敷市立あずま東小学校", "P29_005": "茨城県稲敷市佐原下手1-1", "P29_006": "3", "P29_007": "1", "P29_008": "00", "P29_009": null }, "geometry": { "type": "Point", "coordinates": [ 140.460563002501004, 35.927535003696221 ] } },
{ "type": "Feature", "properties": { "P29_001": "08229", "P29_002": "B108222900099", "P29_003": "16001", "P29_004": "稲敷市立あずま西小学校", "P29_005": "茨城県稲敷市福田1125", "P29_006": "3", "P29_007": "1", "P29_008": "00", "P29_009": null }, "geometry": { "type": "Point", "coordinates": [ 140.367918884077369, 35.936322775435052 ] } },
{ "type": "Feature", "properties": { "P29_001": "08229", "P29_002": "B108222900106", "P29_003": "16001", "P29_004": "稲敷市立あずま北小学校", "P29_005": "茨城県稲敷市伊佐部1673", "P29_006": "3", "P29_007": "1", "P29_008": "00", "P29_009": null }, "geometry": { "type": "Point", "coordinates": [ 140.416506000563544, 35.941825418798707 ] } },
{ "type": "Feature", "properties": { "P29_001": "08229", "P29_002": "B108222900115", "P29_003": "16001", "P29_004": "稲敷市立桜川小学校", "P29_005": "茨城県稲敷市稲敷市柏木4-5", "P29_006": "3", "P29_007": "1", "P29_008": "00", "P29_009": null }, "geometry": { "type": "Point", "coordinates": [ 140.361879995927154, 35.974568002447846 ] } },
{ "type": "Feature", "properties": { "P29_001": "08230", "P29_002": "B108223000014", "P29_003": "16001", "P29_004": "かすみがうら市立霞ヶ浦北小学校", "P29_005": "茨城県かすみがうら市下軽部1232", "P29_006": "3", "P29_007": "1", "P29_008": "00", "P29_009": null }, "geometry": { "type": "Point", "coordinates": [ 140.342683434198676, 36.097471115486385 ] } },
{ "type": "Feature", "properties": { "P29_001": "08230", "P29_002": "B108223000023", "P29_003": "16001", "P29_004": "かすみがうら市立霞ヶ浦南小学校", "P29_005": "茨城県かすみがうら市深谷3660-1", "P29_006": "3", "P29_007": "1", "P29_008": "00", "P29_009": null }, "geometry": { "type": "Point", "coordinates": [ 140.310738158484355, 36.08838213897689 ] } },
{ "type": "Feature", "properties": { "P29_001": "08230", "P29_002": "B108223000078", "P29_003": "16001", "P29_004": "かすみがうら市立下稲吉小学校", "P29_005": "茨城県かすみがうら市下稲吉1623-5", "P29_006": "3", "P29_007": "1", "P29_008": "00", "P29_009": null }, "geometry": { "type": "Point", "coordinates": [ 140.239893866374018, 36.134830398654557 ] } },
{ "type": "Feature", "properties": { "P29_001": "08230", "P29_002": "B108223000087", "P29_003": "16001", "P29_004": "かすみがうら市立下稲吉東小学校", "P29_005": "茨城県かすみがうら市下稲吉2286", "P29_006": "3", "P29_007": "1", "P29_008": "00", "P29_009": null }, "geometry": { "type": "Point", "coordinates": [ 140.251862204059449, 36.130969149142906 ] } },
{ "type": "Feature", "properties": { "P29_001": "08231", "P29_002": "B108223100013", "P29_003": "16001", "P29_004": "桜川市立岩瀬小学校", "P29_005": "茨城県桜川市鍬田553-5", "P29_006": "3", "P29_007": "1", "P29_008": "00", "P29_009": null }, "geometry": { "type": "Point", "coordinates": [ 140.098172144691659, 36.360853014830255 ] } },
{ "type": "Feature", "properties": { "P29_001": "08231", "P29_002": "B108223100022", "P29_003": "16001", "P29_004": "桜川市立坂戸小学校", "P29_005": "茨城県桜川市西飯岡512-4", "P29_006": "3", "P29_007": "1", "P29_008": "00", "P29_009": null }, "geometry": { "type": "Point", "coordinates": [ 140.077562329102165, 36.365606699694695 ] } },
{ "type": "Feature", "properties": { "P29_001": "08231", "P29_002": "B108223100031", "P29_003": "16001", "P29_004": "桜川市立羽黒小学校", "P29_005": "茨城県桜川市友部201", "P29_006": "3", "P29_007": "1", "P29_008": "00", "P29_009": null }, "geometry": { "type": "Point", "coordinates": [ 140.147105758837654, 36.357326053130357 ] } },
{ "type": "Feature", "properties": { "P29_001": "08231", "P29_002": "B108223100059", "P29_003": "16001", "P29_004": "桜川市立南飯田小学校", "P29_005": "茨城県桜川市南飯田1-1", "P29_006": "3", "P29_007": "1", "P29_008": "00", "P29_009": null }, "geometry": { "type": "Point", "coordinates": [ 140.137238226529718, 36.382486928002358 ] } },
{ "type": "Feature", "properties": { "P29_001": "08231", "P29_002": "B108223100068", "P29_003": "16001", "P29_004": "桜川市立谷貝小学校", "P29_005": "茨城県桜川市真壁町下谷貝1146-1", "P29_006": "3", "P29_007": "1", "P29_008": "00", "P29_009": null }, "geometry": { "type": "Point", "coordinates": [ 140.059033342723751, 36.294382562962504 ] } },
{ "type": "Feature", "properties": { "P29_001": "08231", "P29_002": "B108223100077", "P29_003": "16001", "P29_004": "桜川市立樺穂小学校", "P29_005": "茨城県桜川市真壁町長岡437", "P29_006": "3", "P29_007": "1", "P29_008": "00", "P29_009": null }, "geometry": { "type": "Point", "coordinates": [ 140.111604996138624, 36.291625998795908 ] } },
{ "type": "Feature", "properties": { "P29_001": "08231", "P29_002": "B108223100086", "P29_003": "16001", "P29_004": "桜川市立雨引小学校", "P29_005": "茨城県桜川市本木1591", "P29_006": "3", "P29_007": "1", "P29_008": "00", "P29_009": null }, "geometry": { "type": "Point", "coordinates": [ 140.105854334632994, 36.323840226184956 ] } },
{ "type": "Feature", "properties": { "P29_001": "08231", "P29_002": "B108223100095", "P29_003": "16001", "P29_004": "桜川市立大国小学校", "P29_005": "茨城県桜川市大国玉597", "P29_006": "3", "P29_007": "1", "P29_008": "00", "P29_009": null }, "geometry": { "type": "Point", "coordinates": [ 140.075419285870936, 36.326503225069061 ] } },
{ "type": "Feature", "properties": { "P29_001": "08232", "P29_002": "B108223200012", "P29_003": "16001", "P29_004": "神栖市立息栖小学校", "P29_005": "茨城県神栖市平泉2780", "P29_006": "3", "P29_007": "1", "P29_008": "00", "P29_009": null }, "geometry": { "type": "Point", "coordinates": [ 140.637434595111756, 35.904076360599127 ] } },
{ "type": "Feature", "properties": { "P29_001": "08232", "P29_002": "B108223200021", "P29_003": "16001", "P29_004": "神栖市立深芝小学校", "P29_005": "茨城県神栖市深芝南3-8", "P29_006": "3", "P29_007": "1", "P29_008": "00", "P29_009": null }, "geometry": { "type": "Point", "coordinates": [ 140.652062000758178, 35.912801003294604 ] } },
{ "type": "Feature", "properties": { "P29_001": "08232", "P29_002": "B108223200030", "P29_003": "16001", "P29_004": "神栖市立軽野小学校", "P29_005": "茨城県神栖市知手2-2", "P29_006": "3", "P29_007": "1", "P29_008": "00", "P29_009": null }, "geometry": { "type": "Point", "coordinates": [ 140.667729996408184, 35.871817997473173 ] } },
{ "type": "Feature", "properties": { "P29_001": "08232", "P29_002": "B108223200049", "P29_003": "16001", "P29_004": "神栖市立軽野東小学校", "P29_005": "茨城県神栖市奥野谷5746-2", "P29_006": "3", "P29_007": "1", "P29_008": "00", "P29_009": null }, "geometry": { "type": "Point", "coordinates": [ 140.711940039781126, 35.89062413012774 ] } },
{ "type": "Feature", "properties": { "P29_001": "08232", "P29_002": "B108223200058", "P29_003": "16001", "P29_004": "神栖市立大野原小学校", "P29_005": "茨城県神栖市大野原中央2-1-8", "P29_006": "3", "P29_007": "1", "P29_008": "00", "P29_009": null }, "geometry": { "type": "Point", "coordinates": [ 140.643758939678378, 35.885577690245455 ] } },
{ "type": "Feature", "properties": { "P29_001": "08232", "P29_002": "B108223200067", "P29_003": "16001", "P29_004": "神栖市立横瀬小学校", "P29_005": "茨城県神栖市横瀬1276-15", "P29_006": "3", "P29_007": "1", "P29_008": "00", "P29_009": null }, "geometry": { "type": "Point", "coordinates": [ 140.696871601310107, 35.869444128861844 ] } },
{ "type": "Feature", "properties": { "P29_001": "08232", "P29_002": "B108223200076", "P29_003": "16001", "P29_004": "神栖市立大野原西小学校", "P29_005": "茨城県神栖市大野原5-1-45", "P29_006": "3", "P29_007": "1", "P29_008": "00", "P29_009": null }, "geometry": { "type": "Point", "coordinates": [ 140.63679436446796, 35.89085953993056 ] } },
{ "type": "Feature", "properties": { "P29_001": "08232", "P29_002": "B108223200085", "P29_003": "16001", "P29_004": "神栖市立柳川小学校", "P29_005": "茨城県神栖市柳川中央1-9-10", "P29_006": "3", "P29_007": "1", "P29_008": "00", "P29_009": null }, "geometry": { "type": "Point", "coordinates": [ 140.739113983935681, 35.859856810478931 ] } },
{ "type": "Feature", "properties": { "P29_001": "08232", "P29_002": "B108223200094", "P29_003": "16001", "P29_004": "神栖市立太田小学校", "P29_005": "茨城県神栖市太田598-2", "P29_006": "3", "P29_007": "1", "P29_008": "00", "P29_009": null }, "geometry": { "type": "Point", "coordinates": [ 140.719484031816393, 35.836737335222118 ] } },
{ "type": "Feature", "properties": { "P29_001": "08232", "P29_002": "B108223200101", "P29_003": "16001", "P29_004": "神栖市立須田小学校", "P29_005": "茨城県神栖市須田1177-13", "P29_006": "3", "P29_007": "1", "P29_008": "00", "P29_009": null }, "geometry": { "type": "Point", "coordinates": [ 140.749447314126684, 35.828272454699324 ] } },
{ "type": "Feature", "properties": { "P29_001": "08232", "P29_002": "B108223200110", "P29_003": "16001", "P29_004": "神栖市立波崎西小学校", "P29_005": "茨城県神栖市波崎5011", "P29_006": "3", "P29_007": "1", "P29_008": "00", "P29_009": null }, "geometry": { "type": "Point", "coordinates": [ 140.803442516236544, 35.761302178786671 ] } },
{ "type": "Feature", "properties": { "P29_001": "08232", "P29_002": "B108223200129", "P29_003": "16001", "P29_004": "神栖市立植松小学校", "P29_005": "茨城県神栖市土合本町4-9809-2", "P29_006": "3", "P29_007": "1", "P29_008": "00", "P29_009": null }, "geometry": { "type": "Point", "coordinates": [ 140.777468237680466, 35.796818589592228 ] } },
{ "type": "Feature", "properties": { "P29_001": "08232", "P29_002": "B108223200138", "P29_003": "16001", "P29_004": "神栖市立波崎小学校", "P29_005": "茨城県神栖市波崎8759", "P29_006": "3", "P29_007": "1", "P29_008": "00", "P29_009": null }, "geometry": { "type": "Point", "coordinates": [ 140.827417187813808, 35.748411007612255 ] } },
{ "type": "Feature", "properties": { "P29_001": "08232", "P29_002": "B108223200147", "P29_003": "16001", "P29_004": "神栖市立やたべ土合小学校", "P29_005": "茨城県神栖市土合南3-16-36", "P29_006": "3", "P29_007": "1", "P29_008": "00", "P29_009": null }, "geometry": { "type": "Point", "coordinates": [ 140.769306994871073, 35.790277996713968 ] } },
{ "type": "Feature", "properties": { "P29_001": "08233", "P29_002": "B108223300011", "P29_003": "16001", "P29_004": "行方市立麻生小学校", "P29_005": "茨城県行方市麻生1147-1", "P29_006": "3", "P29_007": "1", "P29_008": "00", "P29_009": null }, "geometry": { "type": "Point", "coordinates": [ 140.484784239604124, 35.988929445676156 ] } },
{ "type": "Feature", "properties": { "P29_001": "08233", "P29_002": "B108223300020", "P29_003": "16001", "P29_004": "行方市立麻生東小学校", "P29_005": "茨城県行方市蔵川549", "P29_006": "3", "P29_007": "1", "P29_008": "00", "P29_009": null }, "geometry": { "type": "Point", "coordinates": [ 140.528856994142558, 36.033880998341282 ] } },
{ "type": "Feature", "properties": { "P29_001": "08233", "P29_002": "B108223300039", "P29_003": "16001", "P29_004": "行方市立北浦小学校", "P29_005": "茨城県行方市内宿358-2", "P29_006": "3", "P29_007": "1", "P29_008": "00", "P29_009": null }, "geometry": { "type": "Point", "coordinates": [ 140.508889003257252, 36.090922003404145 ] } },
{ "type": "Feature", "properties": { "P29_001": "08233", "P29_002": "B108223300048", "P29_003": "16001", "P29_004": "行方市立玉造小学校", "P29_005": "茨城県行方市玉造甲3200", "P29_006": "3", "P29_007": "1", "P29_008": "00", "P29_009": null }, "geometry": { "type": "Point", "coordinates": [ 140.436287637719232, 36.101104294985689 ] } },
{ "type": "Feature", "properties": { "P29_001": "08234", "P29_002": "B108223400010", "P29_003": "16001", "P29_004": "鉾田市立旭東小学校", "P29_005": "茨城県鉾田市荒地604", "P29_006": "3", "P29_007": "1", "P29_008": "00", "P29_009": null }, "geometry": { "type": "Point", "coordinates": [ 140.546065403638039, 36.231265315053442 ] } },
{ "type": "Feature", "properties": { "P29_001": "08234", "P29_002": "B108223400029", "P29_003": "16001", "P29_004": "鉾田市立旭南小学校", "P29_005": "茨城県鉾田市樅山576-16", "P29_006": "3", "P29_007": "1", "P29_008": "00", "P29_009": null }, "geometry": { "type": "Point", "coordinates": [ 140.55137318056822, 36.201338128247869 ] } },
{ "type": "Feature", "properties": { "P29_001": "08234", "P29_002": "B108223400038", "P29_003": "16001", "P29_004": "鉾田市立旭北小学校", "P29_005": "茨城県鉾田市田崎3852", "P29_006": "3", "P29_007": "1", "P29_008": "00", "P29_009": null }, "geometry": { "type": "Point", "coordinates": [ 140.521579776739884, 36.25407418137268 ] } },
{ "type": "Feature", "properties": { "P29_001": "08234", "P29_002": "B108223400047", "P29_003": "16001", "P29_004": "鉾田市立旭西小学校", "P29_005": "茨城県鉾田市鹿田904-5", "P29_006": "3", "P29_007": "1", "P29_008": "00", "P29_009": null }, "geometry": { "type": "Point", "coordinates": [ 140.497778497608294, 36.227537372223225 ] } },
{ "type": "Feature", "properties": { "P29_001": "08234", "P29_002": "B108223400056", "P29_003": "16001", "P29_004": "鉾田市立鉾田北小学校", "P29_005": "茨城県鉾田市上冨田1011-1", "P29_006": "3", "P29_007": "1", "P29_008": "00", "P29_009": null }, "geometry": { "type": "Point", "coordinates": [ 140.472078875728243, 36.207702217532194 ] } },
{ "type": "Feature", "properties": { "P29_001": "08234", "P29_002": "B108223400065", "P29_003": "16001", "P29_004": "鉾田市立鉾田南小学校", "P29_005": "茨城県鉾田市烟田1059-1", "P29_006": "3", "P29_007": "1", "P29_008": "00", "P29_009": null }, "geometry": { "type": "Point", "coordinates": [ 140.527817995550947, 36.155612003372269 ] } },
{ "type": "Feature", "properties": { "P29_001": "08234", "P29_002": "B108223400118", "P29_003": "16001", "P29_004": "鉾田市立大洋小学校", "P29_005": "茨城県鉾田市上沢922-1", "P29_006": "3", "P29_007": "1", "P29_008": "00", "P29_009": null }, "geometry": { "type": "Point", "coordinates": [ 140.584872250532811, 36.097643196365759 ] } },
{ "type": "Feature", "properties": { "P29_001": "08235", "P29_002": "B108223500019", "P29_003": "16001", "P29_004": "つくばみらい市立小張小学校", "P29_005": "茨城県つくばみらい市小張1661", "P29_006": "3", "P29_007": "1", "P29_008": "00", "P29_009": null }, "geometry": { "type": "Point", "coordinates": [ 140.039444412790289, 35.982774627350814 ] } },
{ "type": "Feature", "properties": { "P29_001": "08235", "P29_002": "B108223500028", "P29_003": "16001", "P29_004": "つくばみらい市立豊小学校", "P29_005": "茨城県つくばみらい市豊体1692", "P29_006": "3", "P29_007": "1", "P29_008": "00", "P29_009": null }, "geometry": { "type": "Point", "coordinates": [ 140.023929119113802, 35.966972963678707 ] } },
{ "type": "Feature", "properties": { "P29_001": "08235", "P29_002": "B108223500037", "P29_003": "16001", "P29_004": "つくばみらい市立陽光台小学校", "P29_005": "茨城県つくばみらい市陽光台3-1", "P29_006": "3", "P29_007": "1", "P29_008": "00", "P29_009": null }, "geometry": { "type": "Point", "coordinates": [ 140.04389550502907, 35.994807467345652 ] } },
{ "type": "Feature", "properties": { "P29_001": "08235", "P29_002": "B108223500046", "P29_003": "16001", "P29_004": "つくばみらい市立富士見ヶ丘小学校", "P29_005": "茨城県つくばみらい市富士見ヶ丘2-18-1", "P29_006": "3", "P29_007": "1", "P29_008": "00", "P29_009": null }, "geometry": { "type": "Point", "coordinates": [ 140.031522563532832, 35.998039602010905 ] } },
{ "type": "Feature", "properties": { "P29_001": "08235", "P29_002": "B108223500055", "P29_003": "16001", "P29_004": "つくばみらい市立伊奈小学校", "P29_005": "茨城県つくばみらい市谷井田2047", "P29_006": "3", "P29_007": "1", "P29_008": "00", "P29_009": null }, "geometry": { "type": "Point", "coordinates": [ 140.049947188118978, 35.951663876672839 ] } },
{ "type": "Feature", "properties": { "P29_001": "08235", "P29_002": "B108223500064", "P29_003": "16001", "P29_004": "つくばみらい市立伊奈東小学校", "P29_005": "茨城県つくばみらい市板橋2379", "P29_006": "3", "P29_007": "1", "P29_008": "00", "P29_009": null }, "geometry": { "type": "Point", "coordinates": [ 140.054807463024673, 35.982028873575146 ] } },
{ "type": "Feature", "properties": { "P29_001": "08235", "P29_002": "B108223500091", "P29_003": "16001", "P29_004": "つくばみらい市立福岡小学校", "P29_005": "茨城県つくばみらい市福岡971", "P29_006": "3", "P29_007": "1", "P29_008": "00", "P29_009": null }, "geometry": { "type": "Point", "coordinates": [ 140.031366996997491, 36.027310995961372 ] } },
{ "type": "Feature", "properties": { "P29_001": "08235", "P29_002": "B108223500108", "P29_003": "16001", "P29_004": "つくばみらい市立小絹小学校", "P29_005": "茨城県つくばみらい市小絹858", "P29_006": "3", "P29_007": "1", "P29_008": "00", "P29_009": null }, "geometry": { "type": "Point", "coordinates": [ 139.979717524565132, 35.981773304407938 ] } },
{ "type": "Feature", "properties": { "P29_001": "08235", "P29_002": "B108223500117", "P29_003": "16001", "P29_004": "つくばみらい市立谷和原小学校", "P29_005": "茨城県つくばみらい市加藤241", "P29_006": "3", "P29_007": "1", "P29_008": "00", "P29_009": null }, "geometry": { "type": "Point", "coordinates": [ 140.011388350111417, 35.990677965223547 ] } },
{ "type": "Feature", "properties": { "P29_001": "08236", "P29_002": "B108223600045", "P29_003": "16001", "P29_004": "小美玉市立小川南小学校", "P29_005": "茨城県小美玉市小川686-1", "P29_006": "3", "P29_007": "1", "P29_008": "00", "P29_009": null }, "geometry": { "type": "Point", "coordinates": [ 140.358758191725485, 36.167301246072171 ] } },
{ "type": "Feature", "properties": { "P29_001": "08236", "P29_002": "B108223600054", "P29_003": "16001", "P29_004": "小美玉市立竹原小学校", "P29_005": "茨城県小美玉市竹原571", "P29_006": "3", "P29_007": "1", "P29_008": "00", "P29_009": null }, "geometry": { "type": "Point", "coordinates": [ 140.316350393989552, 36.212420086367793 ] } },
{ "type": "Feature", "properties": { "P29_001": "08236", "P29_002": "B108223600063", "P29_003": "16001", "P29_004": "小美玉市立羽鳥小学校", "P29_005": "茨城県小美玉市羽鳥932", "P29_006": "3", "P29_007": "1", "P29_008": "00", "P29_009": null }, "geometry": { "type": "Point", "coordinates": [ 140.282320236178151, 36.242021538851226 ] } },
{ "type": "Feature", "properties": { "P29_001": "08236", "P29_002": "B108223600072", "P29_003": "16001", "P29_004": "小美玉市立堅倉小学校", "P29_005": "茨城県小美玉市堅倉1698-6", "P29_006": "3", "P29_007": "1", "P29_008": "00", "P29_009": null }, "geometry": { "type": "Point", "coordinates": [ 140.355117461155942, 36.234788236769987 ] } },
{ "type": "Feature", "properties": { "P29_001": "08236", "P29_002": "B108223600081", "P29_003": "16001", "P29_004": "小美玉市立納場小学校", "P29_005": "茨城県小美玉市納場444", "P29_006": "3", "P29_007": "1", "P29_008": "00", "P29_009": null }, "geometry": { "type": "Point", "coordinates": [ 140.323280701063339, 36.254208640359792 ] } },
{ "type": "Feature", "properties": { "P29_001": "08302", "P29_002": "B108230200017", "P29_003": "16001", "P29_004": "茨城町立長岡小学校", "P29_005": "茨城県東茨城郡茨城町長岡3168", "P29_006": "3", "P29_007": "1", "P29_008": "00", "P29_009": null }, "geometry": { "type": "Point", "coordinates": [ 140.435080373850099, 36.303473335447855 ] } },
{ "type": "Feature", "properties": { "P29_001": "08302", "P29_002": "B108230200026", "P29_003": "16001", "P29_004": "茨城町立大戸小学校", "P29_005": "茨城県東茨城郡茨城町大戸1730-1", "P29_006": "3", "P29_007": "1", "P29_008": "00", "P29_009": null }, "geometry": { "type": "Point", "coordinates": [ 140.4196356403246, 36.316514074627918 ] } },
{ "type": "Feature", "properties": { "P29_001": "08302", "P29_002": "B108230200035", "P29_003": "16001", "P29_004": "茨城町立青葉小学校", "P29_005": "茨城県東茨城郡茨城町駒場700", "P29_006": "3", "P29_007": "1", "P29_008": "00", "P29_009": null }, "geometry": { "type": "Point", "coordinates": [ 140.430937261003379, 36.276518202225702 ] } },
{ "type": "Feature", "properties": { "P29_001": "08302", "P29_002": "B108230200044", "P29_003": "16001", "P29_004": "茨城町立葵小学校", "P29_005": "茨城県東茨城郡茨城町長岡3715", "P29_006": "3", "P29_007": "1", "P29_008": "00", "P29_009": null }, "geometry": { "type": "Point", "coordinates": [ 140.445826543916695, 36.306812329152827 ] } },
{ "type": "Feature", "properties": { "P29_001": "08309", "P29_002": "B108230900010", "P29_003": "16001", "P29_004": "大洗町立大洗小学校", "P29_005": "茨城県東茨城郡大洗町磯浜町5316-1", "P29_006": "3", "P29_007": "1", "P29_008": "00", "P29_009": null }, "geometry": { "type": "Point", "coordinates": [ 140.57678467110992, 36.316464920402908 ] } },
{ "type": "Feature", "properties": { "P29_001": "08309", "P29_002": "B108230900029", "P29_003": "16001", "P29_004": "大洗町立南小学校", "P29_005": "茨城県東茨城郡大洗町大貫町1212-14", "P29_006": "3", "P29_007": "1", "P29_008": "00", "P29_009": null }, "geometry": { "type": "Point", "coordinates": [ 140.556622167131053, 36.294059828357788 ] } },
{ "type": "Feature", "properties": { "P29_001": "08310", "P29_002": "B108231000017", "P29_003": "16001", "P29_004": "城里町立石塚小学校", "P29_005": "茨城県東茨城郡城里町石塚2497", "P29_006": "3", "P29_007": "1", "P29_008": "00", "P29_009": null }, "geometry": { "type": "Point", "coordinates": [ 140.386639350824993, 36.475747969356462 ] } },
{ "type": "Feature", "properties": { "P29_001": "08310", "P29_002": "B108231000026", "P29_003": "16001", "P29_004": "城里町立常北小学校", "P29_005": "茨城県東茨城郡城里町上青山410", "P29_006": "3", "P29_007": "1", "P29_008": "00", "P29_009": null }, "geometry": { "type": "Point", "coordinates": [ 140.356000998568334, 36.471989002527991 ] } },
{ "type": "Feature", "properties": { "P29_001": "08310", "P29_002": "B108231000035", "P29_003": "16001", "P29_004": "城里町立七会小学校", "P29_005": "茨城県東茨城郡城里町塩子2682", "P29_006": "3", "P29_007": "1", "P29_008": "00", "P29_009": null }, "geometry": { "type": "Point", "coordinates": [ 140.275221995546275, 36.488954996222049 ] } },
{ "type": "Feature", "properties": { "P29_001": "08310", "P29_002": "B108231000044", "P29_003": "16001", "P29_004": "城里町立桂小学校", "P29_005": "茨城県東茨城郡城里町孫根291", "P29_006": "3", "P29_007": "1", "P29_008": "00", "P29_009": null }, "geometry": { "type": "Point", "coordinates": [ 140.345948002932005, 36.506367999059357 ] } },
{ "type": "Feature", "properties": { "P29_001": "08310", "P29_002": "B108231000053", "P29_003": "16001", "P29_004": "城里町立沢山小学校", "P29_005": "茨城県東茨城郡城里町下阿野沢156", "P29_006": "3", "P29_007": "1", "P29_008": "00", "P29_009": null }, "geometry": { "type": "Point", "coordinates": [ 140.353813181893173, 36.524251314390249 ] } },
{ "type": "Feature", "properties": { "P29_001": "08341", "P29_002": "B108234100010", "P29_003": "16001", "P29_004": "東海村立白方小学校", "P29_005": "茨城県那珂郡東海村白方2009", "P29_006": "3", "P29_007": "1", "P29_008": "00", "P29_009": null }, "geometry": { "type": "Point", "coordinates": [ 140.590710584916593, 36.472643872560468 ] } },
{ "type": "Feature", "properties": { "P29_001": "08341", "P29_002": "B108234100029", "P29_003": "16001", "P29_004": "東海村立照沼小学校", "P29_005": "茨城県那珂郡東海村照沼905-2", "P29_006": "3", "P29_007": "1", "P29_008": "00", "P29_009": null }, "geometry": { "type": "Point", "coordinates": [ 140.590050996508836, 36.437451995784002 ] } },
{ "type": "Feature", "properties": { "P29_001": "08341", "P29_002": "B108234100038", "P29_003": "16001", "P29_004": "東海村立中丸小学校", "P29_005": "茨城県那珂郡東海村村松2124-8", "P29_006": "3", "P29_007": "1", "P29_008": "00", "P29_009": null }, "geometry": { "type": "Point", "coordinates": [ 140.564706067090327, 36.456928586922459 ] } },
{ "type": "Feature", "properties": { "P29_001": "08341", "P29_002": "B108234100047", "P29_003": "16001", "P29_004": "東海村立石神小学校", "P29_005": "茨城県那珂郡東海村石神外宿1055", "P29_006": "3", "P29_007": "1", "P29_008": "00", "P29_009": null }, "geometry": { "type": "Point", "coordinates": [ 140.572860666396338, 36.48803865568744 ] } },
{ "type": "Feature", "properties": { "P29_001": "08341", "P29_002": "B108234100056", "P29_003": "16001", "P29_004": "東海村立舟石川小学校", "P29_005": "茨城県那珂郡東海村舟石川690-1", "P29_006": "3", "P29_007": "1", "P29_008": "00", "P29_009": null }, "geometry": { "type": "Point", "coordinates": [ 140.556952529928026, 36.460704699455405 ] } },
{ "type": "Feature", "properties": { "P29_001": "08341", "P29_002": "B108234100065", "P29_003": "16001", "P29_004": "東海村立村松小学校", "P29_005": "茨城県那珂郡東海村村松1443-2", "P29_006": "3", "P29_007": "1", "P29_008": "00", "P29_009": null }, "geometry": { "type": "Point", "coordinates": [ 140.579497003844892, 36.459494998560999 ] } },
{ "type": "Feature", "properties": { "P29_001": "08364", "P29_002": "B108236400012", "P29_003": "16001", "P29_004": "大子町立依上小学校", "P29_005": "茨城県久慈郡大子町下金沢217-1", "P29_006": "3", "P29_007": "1", "P29_008": "00", "P29_009": null }, "geometry": { "type": "Point", "coordinates": [ 140.295551792507155, 36.778812355140417 ] } },
{ "type": "Feature", "properties": { "P29_001": "08364", "P29_002": "B108236400021", "P29_003": "16001", "P29_004": "大子町立だいご小学校", "P29_005": "茨城県久慈郡大子町大子460", "P29_006": "3", "P29_007": "1", "P29_008": "00", "P29_009": null }, "geometry": { "type": "Point", "coordinates": [ 140.353717514350592, 36.772761918500386 ] } },
{ "type": "Feature", "properties": { "P29_001": "08364", "P29_002": "B108236400030", "P29_003": "16001", "P29_004": "大子町立袋田小学校", "P29_005": "茨城県久慈郡大子町袋田1457-1", "P29_006": "3", "P29_007": "1", "P29_008": "00", "P29_009": null }, "geometry": { "type": "Point", "coordinates": [ 140.382954680532578, 36.759251569526242 ] } },
{ "type": "Feature", "properties": { "P29_001": "08364", "P29_002": "B108236400049", "P29_003": "16001", "P29_004": "大子町立上小川小学校", "P29_005": "茨城県久慈郡大子町頃藤5017-2", "P29_006": "3", "P29_007": "1", "P29_008": "00", "P29_009": null }, "geometry": { "type": "Point", "coordinates": [ 140.377729003710925, 36.723710002317929 ] } },
{ "type": "Feature", "properties": { "P29_001": "08364", "P29_002": "B108236400058", "P29_003": "16001", "P29_004": "大子町立生瀬小学校", "P29_005": "茨城県久慈郡大子町高柴1974", "P29_006": "3", "P29_007": "1", "P29_008": "00", "P29_009": null }, "geometry": { "type": "Point", "coordinates": [ 140.42388900128114, 36.778205001765713 ] } },
{ "type": "Feature", "properties": { "P29_001": "08364", "P29_002": "B108236400067", "P29_003": "16001", "P29_004": "大子町立さはら小学校", "P29_005": "茨城県久慈郡大子町左貫1990-3", "P29_006": "3", "P29_007": "1", "P29_008": "00", "P29_009": null }, "geometry": { "type": "Point", "coordinates": [ 140.28314900381713, 36.827139998863132 ] } },
{ "type": "Feature", "properties": { "P29_001": "08442", "P29_002": "B108244200018", "P29_003": "16001", "P29_004": "美浦村立安中小学校", "P29_005": "茨城県稲敷郡美浦村土浦1979-1", "P29_006": "3", "P29_007": "1", "P29_008": "00", "P29_009": null }, "geometry": { "type": "Point", "coordinates": [ 140.345125863769226, 36.010719081592953 ] } },
{ "type": "Feature", "properties": { "P29_001": "08442", "P29_002": "B108244200027", "P29_003": "16001", "P29_004": "美浦村立木原小学校", "P29_005": "茨城県稲敷郡美浦村木原1567", "P29_006": "3", "P29_007": "1", "P29_008": "00", "P29_009": null }, "geometry": { "type": "Point", "coordinates": [ 140.293252789163205, 36.020700103746734 ] } },
{ "type": "Feature", "properties": { "P29_001": "08442", "P29_002": "B108244200036", "P29_003": "16001", "P29_004": "美浦村立大谷小学校", "P29_005": "茨城県稲敷郡美浦村興津366", "P29_006": "3", "P29_007": "1", "P29_008": "00", "P29_009": null }, "geometry": { "type": "Point", "coordinates": [ 140.310333214544897, 35.995394574738917 ] } },
{ "type": "Feature", "properties": { "P29_001": "08443", "P29_002": "B108244300017", "P29_003": "16001", "P29_004": "阿見町立阿見小学校", "P29_005": "茨城県稲敷郡阿見町中央2-1-5", "P29_006": "3", "P29_007": "1", "P29_008": "00", "P29_009": null }, "geometry": { "type": "Point", "coordinates": [ 140.216870027768181, 36.03081594215822 ] } },
{ "type": "Feature", "properties": { "P29_001": "08443", "P29_002": "B108244300026", "P29_003": "16001", "P29_004": "阿見町立本郷小学校", "P29_005": "茨城県稲敷郡阿見町荒川本郷1400", "P29_006": "3", "P29_007": "1", "P29_008": "00", "P29_009": null }, "geometry": { "type": "Point", "coordinates": [ 140.170745005327348, 36.017370001173731 ] } },
{ "type": "Feature", "properties": { "P29_001": "08443", "P29_002": "B108244300035", "P29_003": "16001", "P29_004": "阿見町立君原小学校", "P29_005": "茨城県稲敷郡阿見町塙145", "P29_006": "3", "P29_007": "1", "P29_008": "00", "P29_009": null }, "geometry": { "type": "Point", "coordinates": [ 140.258369925992099, 36.004974016220906 ] } },
{ "type": "Feature", "properties": { "P29_001": "08443", "P29_002": "B108244300044", "P29_003": "16001", "P29_004": "阿見町立舟島小学校", "P29_005": "茨城県稲敷郡阿見町島津3928", "P29_006": "3", "P29_007": "1", "P29_008": "00", "P29_009": null }, "geometry": { "type": "Point", "coordinates": [ 140.255213963499358, 36.02932077763618 ] } },
{ "type": "Feature", "properties": { "P29_001": "08443", "P29_002": "B108244300053", "P29_003": "16001", "P29_004": "阿見町立阿見第一小学校", "P29_005": "茨城県稲敷郡阿見町岡崎3-19", "P29_006": "3", "P29_007": "1", "P29_008": "00", "P29_009": null }, "geometry": { "type": "Point", "coordinates": [ 140.218111282262129, 36.03860804147569 ] } },
{ "type": "Feature", "properties": { "P29_001": "08443", "P29_002": "B108244300062", "P29_003": "16001", "P29_004": "阿見町立阿見第二小学校", "P29_005": "茨城県稲敷郡阿見町阿見4988", "P29_006": "3", "P29_007": "1", "P29_008": "00", "P29_009": null }, "geometry": { "type": "Point", "coordinates": [ 140.203743860158312, 36.031997144582867 ] } },
{ "type": "Feature", "properties": { "P29_001": "08443", "P29_002": "B108244300071", "P29_003": "16001", "P29_004": "阿見町立あさひ小学校", "P29_005": "茨城県稲敷郡阿見町本郷1-5-1", "P29_006": "3", "P29_007": "1", "P29_008": "00", "P29_009": null }, "geometry": { "type": "Point", "coordinates": [ 140.178778440722198, 36.027294932930701 ] } },
{ "type": "Feature", "properties": { "P29_001": "08521", "P29_002": "B108252100012", "P29_003": "16001", "P29_004": "八千代町立中結城小学校", "P29_005": "茨城県結城郡八千代町菅谷351", "P29_006": "3", "P29_007": "1", "P29_008": "00", "P29_009": null }, "geometry": { "type": "Point", "coordinates": [ 139.8837639949557, 36.19745500117623 ] } },
{ "type": "Feature", "properties": { "P29_001": "08521", "P29_002": "B108252100021", "P29_003": "16001", "P29_004": "八千代町立安静小学校", "P29_005": "茨城県結城郡八千代町大字蕗田820", "P29_006": "3", "P29_007": "1", "P29_008": "00", "P29_009": null }, "geometry": { "type": "Point", "coordinates": [ 139.895987004807495, 36.151876997747998 ] } },
{ "type": "Feature", "properties": { "P29_001": "08521", "P29_002": "B108252100030", "P29_003": "16001", "P29_004": "八千代町立下結城小学校", "P29_005": "茨城県結城郡八千代町平塚3740", "P29_006": "3", "P29_007": "1", "P29_008": "00", "P29_009": null }, "geometry": { "type": "Point", "coordinates": [ 139.866572001939574, 36.162514003908328 ] } },
{ "type": "Feature", "properties": { "P29_001": "08521", "P29_002": "B108252100049", "P29_003": "16001", "P29_004": "八千代町立川西小学校", "P29_005": "茨城県結城郡八千代町久下田440", "P29_006": "3", "P29_007": "1", "P29_008": "00", "P29_009": null }, "geometry": { "type": "Point", "coordinates": [ 139.900122998209497, 36.212147996698391 ] } },
{ "type": "Feature", "properties": { "P29_001": "08521", "P29_002": "B108252100058", "P29_003": "16001", "P29_004": "八千代町立西豊田小学校", "P29_005": "茨城県結城郡八千代町太田365", "P29_006": "3", "P29_007": "1", "P29_008": "00", "P29_009": null }, "geometry": { "type": "Point", "coordinates": [ 139.92287300422953, 36.177374996800985 ] } },
{ "type": "Feature", "properties": { "P29_001": "08542", "P29_002": "B108254200017", "P29_003": "16001", "P29_004": "五霞町立五霞東小学校", "P29_005": "茨城県猿島郡五霞町江川200", "P29_006": "3", "P29_007": "1", "P29_008": "00", "P29_009": null }, "geometry": { "type": "Point", "coordinates": [ 139.76065511111031, 36.100404230402859 ] } },
{ "type": "Feature", "properties": { "P29_001": "08542", "P29_002": "B108254200026", "P29_003": "16001", "P29_004": "五霞町立五霞西小学校", "P29_005": "茨城県猿島郡五霞町大字元栗橋1072", "P29_006": "3", "P29_007": "1", "P29_008": "00", "P29_009": null }, "geometry": { "type": "Point", "coordinates": [ 139.741080873096678, 36.113374983644142 ] } },
{ "type": "Feature", "properties": { "P29_001": "08546", "P29_002": "B108254600013", "P29_003": "16001", "P29_004": "境町立境小学校", "P29_005": "茨城県猿島郡境町293", "P29_006": "3", "P29_007": "1", "P29_008": "00", "P29_009": null }, "geometry": { "type": "Point", "coordinates": [ 139.795911431263107, 36.110845305823503 ] } },
{ "type": "Feature", "properties": { "P29_001": "08546", "P29_002": "B108254600022", "P29_003": "16001", "P29_004": "境町立静小学校", "P29_005": "茨城県猿島郡境町塚崎704", "P29_006": "3", "P29_007": "1", "P29_008": "00", "P29_009": null }, "geometry": { "type": "Point", "coordinates": [ 139.776853745923262, 36.130081854220279 ] } },
{ "type": "Feature", "properties": { "P29_001": "08546", "P29_002": "B108254600031", "P29_003": "16001", "P29_004": "境町立長田小学校", "P29_005": "茨城県猿島郡境町蛇池409", "P29_006": "3", "P29_007": "1", "P29_008": "00", "P29_009": null }, "geometry": { "type": "Point", "coordinates": [ 139.812458322419531, 36.129679057479777 ] } },
{ "type": "Feature", "properties": { "P29_001": "08546", "P29_002": "B108254600040", "P29_003": "16001", "P29_004": "境町立猿島小学校", "P29_005": "茨城県猿島郡境町大歩333", "P29_006": "3", "P29_007": "1", "P29_008": "00", "P29_009": null }, "geometry": { "type": "Point", "coordinates": [ 139.819293770255257, 36.107249575441294 ] } },
{ "type": "Feature", "properties": { "P29_001": "08546", "P29_002": "B108254600059", "P29_003": "16001", "P29_004": "境町立森戸小学校", "P29_005": "茨城県猿島郡境町百戸1252", "P29_006": "3", "P29_007": "1", "P29_008": "00", "P29_009": null }, "geometry": { "type": "Point", "coordinates": [ 139.827626036897669, 36.081079604953729 ] } },
{ "type": "Feature", "properties": { "P29_001": "08564", "P29_002": "B108256400047", "P29_003": "16001", "P29_004": "利根町立利根小学校", "P29_005": "茨城県北相馬郡利根町布川4230", "P29_006": "3", "P29_007": "1", "P29_008": "00", "P29_009": null }, "geometry": { "type": "Point", "coordinates": [ 140.153623252649595, 35.852842241066227 ] } },
{ "type": "Feature", "properties": { "P29_001": "08201", "P29_002": "B108320100017", "P29_003": "16001", "P29_004": "リリーベール小学校", "P29_005": "茨城県水戸市藤が原3-1117-1288", "P29_006": "4", "P29_007": "1", "P29_008": "00", "P29_009": null }, "geometry": { "type": "Point", "coordinates": [ 140.392759664099231, 36.460884248386073 ] } },
{ "type": "Feature", "properties": { "P29_001": "08201", "P29_002": "B108320100026", "P29_003": "16001", "P29_004": "水戸英宏小学校", "P29_005": "茨城県水戸市千波町2369-1", "P29_006": "4", "P29_007": "1", "P29_008": "00", "P29_009": null }, "geometry": { "type": "Point", "coordinates": [ 140.447044441700115, 36.361403691970281 ] } },
{ "type": "Feature", "properties": { "P29_001": "08202", "P29_002": "B108320200016", "P29_003": "16001", "P29_004": "久慈川三育小学校", "P29_005": "茨城県日立市留町1097-2", "P29_006": "4", "P29_007": "1", "P29_008": "00", "P29_009": null }, "geometry": { "type": "Point", "coordinates": [ 140.59856864097668, 36.493150090000718 ] } },
{ "type": "Feature", "properties": { "P29_001": "08217", "P29_002": "B108321700019", "P29_003": "16001", "P29_004": "江戸川学園取手小学校", "P29_005": "茨城県取手市野々井1567-3", "P29_006": "4", "P29_007": "1", "P29_008": "00", "P29_009": null }, "geometry": { "type": "Point", "coordinates": [ 140.034938103462622, 35.912875129929638 ] } },
{ "type": "Feature", "properties": { "P29_001": "08224", "P29_002": "B108322400010", "P29_003": "16001", "P29_004": "つくば国際大学東風小学校", "P29_005": "茨城県守谷市百合ヶ丘1-字岩4808-15", "P29_006": "4", "P29_007": "1", "P29_008": "00", "P29_009": null }, "geometry": { "type": "Point", "coordinates": [ 139.983694004962956, 35.95443200305494 ] } },
{ "type": "Feature", "properties": { "P29_001": "08230", "P29_002": "B108323000012", "P29_003": "16001", "P29_004": "青葉台初等学部", "P29_005": "茨城県かすみがうら市上稲吉中山1518", "P29_006": "4", "P29_007": "1", "P29_008": "00", "P29_009": null }, "geometry": { "type": "Point", "coordinates": [ 140.19653000386711, 36.129213996839574 ] } },
{ "type": "Feature", "properties": { "P29_001": "08224", "P29_002": "B108323500017", "P29_003": "16001", "P29_004": "開智望小学校", "P29_005": "茨城県つくばみらい市筒戸字諏訪3400", "P29_006": "4", "P29_007": "1", "P29_008": "00", "P29_009": null }, "geometry": { "type": "Point", "coordinates": [ 139.98698897849701, 35.966561575216282 ] } }
]
}
