{
"type": "FeatureCollection",
"name": "geo_8_3",
"crs": { "type": "name", "properties": { "name": "urn:ogc:def:crs:OGC:1.3:CRS84" } },
"features": [
{ "type": "Feature", "properties": { "ID": 830830430724, "正式名称": "長浜久能歯科医院", "機関区分": 3, "都道府県コード": 8, "市区町村コード": 204, "所在地": "茨城県古河市久能５０６－２", "緯度": 36.160545, "経度": 139.76785, "url": "https://www.iryou.teikyouseido.mhlw.go.jp/znk-web/juminkanja/S2430/initialize?prefCd=08&kikanCd=0830430724&kikanKbn=3", "url2": null, "内容": "長浜久能歯科医院【3:歯科】茨城県古河市久能５０６－２" }, "geometry": { "type": "Point", "coordinates": [ 139.76785, 36.160545 ] } },
{ "type": "Feature", "properties": { "ID": 830830431227, "正式名称": "にし歯科医院", "機関区分": 3, "都道府県コード": 8, "市区町村コード": 204, "所在地": "茨城県古河市久能１３９８−３にし歯科医院", "緯度": 36.160545, "経度": 139.76785, "url": "https://www.iryou.teikyouseido.mhlw.go.jp/znk-web/juminkanja/S2430/initialize?prefCd=08&kikanCd=0830431227&kikanKbn=3", "url2": "nishi-do.com", "内容": "にし歯科医院【3:歯科】茨城県古河市久能１３９８−３にし歯科医院" }, "geometry": { "type": "Point", "coordinates": [ 139.76785, 36.160545 ] } },
{ "type": "Feature", "properties": { "ID": 830830431516, "正式名称": "まつのき歯科古河駅前クリニック", "機関区分": 3, "都道府県コード": 8, "市区町村コード": 204, "所在地": "茨城県古河市雷電町１－１８　あかやまＪＯＹ　Ｂ－３", "緯度": 36.200111, "経度": 139.711637, "url": "https://www.iryou.teikyouseido.mhlw.go.jp/znk-web/juminkanja/S2430/initialize?prefCd=08&kikanCd=0830431516&kikanKbn=3", "url2": null, "内容": "まつのき歯科古河駅前クリニック【3:歯科】茨城県古河市雷電町１－１８　あかやまＪＯＹ　Ｂ－３" }, "geometry": { "type": "Point", "coordinates": [ 139.711637, 36.200111 ] } },
{ "type": "Feature", "properties": { "ID": 830831830526, "正式名称": "ＭＡＯデンタルクリニック", "機関区分": 3, "都道府県コード": 8, "市区町村コード": 228, "所在地": "茨城県坂東市沓掛１６０２－１", "緯度": 36.101803, "経度": 139.89912, "url": "https://www.iryou.teikyouseido.mhlw.go.jp/znk-web/juminkanja/S2430/initialize?prefCd=08&kikanCd=0831830526&kikanKbn=3", "url2": null, "内容": "ＭＡＯデンタルクリニック【3:歯科】茨城県坂東市沓掛１６０２－１" }, "geometry": { "type": "Point", "coordinates": [ 139.89912, 36.101803 ] } },
{ "type": "Feature", "properties": { "ID": 8308651094, "正式名称": "さくら歯科医院", "機関区分": 3, "都道府県コード": 8, "市区町村コード": 204, "所在地": "茨城県古河市下大野２８２８－７", "緯度": 36.183822, "経度": 139.75065, "url": "https://www.iryou.teikyouseido.mhlw.go.jp/znk-web/juminkanja/S2430/initialize?prefCd=08&kikanCd=08651094&kikanKbn=3", "url2": null, "内容": "さくら歯科医院【3:歯科】茨城県古河市下大野２８２８－７" }, "geometry": { "type": "Point", "coordinates": [ 139.75065, 36.183822 ] } },
{ "type": "Feature", "properties": { "ID": 832080003477, "正式名称": "三友歯科耳鼻咽喉科", "機関区分": 3, "都道府県コード": 8, "市区町村コード": 221, "所在地": "茨城県ひたちなか市東石川１４－６", "緯度": 36.392114, "経度": 140.528275, "url": "https://www.iryou.teikyouseido.mhlw.go.jp/znk-web/juminkanja/S2430/initialize?prefCd=08&kikanCd=2080003477&kikanKbn=3", "url2": null, "内容": "三友歯科耳鼻咽喉科【3:歯科】茨城県ひたちなか市東石川１４－６" }, "geometry": { "type": "Point", "coordinates": [ 140.528275, 36.392114 ] } },
{ "type": "Feature", "properties": { "ID": 83208651383, "正式名称": "境デンタルクリニック", "機関区分": 3, "都道府県コード": 8, "市区町村コード": 546, "所在地": "茨城県猿島郡境町長井戸", "緯度": 36.124388, "経度": 139.800788, "url": "https://www.iryou.teikyouseido.mhlw.go.jp/znk-web/juminkanja/S2430/initialize?prefCd=08&kikanCd=208651383&kikanKbn=3", "url2": null, "内容": "境デンタルクリニック【3:歯科】茨城県猿島郡境町長井戸" }, "geometry": { "type": "Point", "coordinates": [ 139.800788, 36.124388 ] } },
{ "type": "Feature", "properties": { "ID": 832330104, "正式名称": "大崎歯科医院", "機関区分": 3, "都道府県コード": 8, "市区町村コード": 223, "所在地": "茨城県潮来市新宮１２２４－２", "緯度": 35.962683, "経度": 140.584084, "url": "https://www.iryou.teikyouseido.mhlw.go.jp/znk-web/juminkanja/S2430/initialize?prefCd=08&kikanCd=2330104&kikanKbn=3", "url2": null, "内容": "大崎歯科医院【3:歯科】茨城県潮来市新宮１２２４－２" }, "geometry": { "type": "Point", "coordinates": [ 140.584084, 35.962683 ] } },
{ "type": "Feature", "properties": { "ID": 832930168, "正式名称": "坂本医院歯科", "機関区分": 3, "都道府県コード": 8, "市区町村コード": 232, "所在地": "茨城県神栖市平泉２５１７", "緯度": 35.906537, "経度": 140.63714, "url": "https://www.iryou.teikyouseido.mhlw.go.jp/znk-web/juminkanja/S2430/initialize?prefCd=08&kikanCd=2930168&kikanKbn=3", "url2": null, "内容": "坂本医院歯科【3:歯科】茨城県神栖市平泉２５１７" }, "geometry": { "type": "Point", "coordinates": [ 140.63714, 35.906537 ] } },
{ "type": "Feature", "properties": { "ID": 832930507, "正式名称": "医療法人繁実会荒野歯科医院", "機関区分": 3, "都道府県コード": 8, "市区町村コード": 232, "所在地": "茨城県神栖市波崎６９８０－１", "緯度": 35.748295, "経度": 140.82396, "url": "https://www.iryou.teikyouseido.mhlw.go.jp/znk-web/juminkanja/S2430/initialize?prefCd=08&kikanCd=2930507&kikanKbn=3", "url2": "https://www.arano-shika.com", "内容": "医療法人繁実会荒野歯科医院【3:歯科】茨城県神栖市波崎６９８０－１" }, "geometry": { "type": "Point", "coordinates": [ 140.82396, 35.748295 ] } },
{ "type": "Feature", "properties": { "ID": 832930630, "正式名称": "うめはら歯科", "機関区分": 3, "都道府県コード": 8, "市区町村コード": 232, "所在地": "茨城県神栖市大野原２丁目６ー６", "緯度": 35.890079, "経度": 140.647115, "url": "https://www.iryou.teikyouseido.mhlw.go.jp/znk-web/juminkanja/S2430/initialize?prefCd=08&kikanCd=2930630&kikanKbn=3", "url2": "https://www.umehara-dental.com/", "内容": "うめはら歯科【3:歯科】茨城県神栖市大野原２丁目６ー６" }, "geometry": { "type": "Point", "coordinates": [ 140.647115, 35.890079 ] } },
{ "type": "Feature", "properties": { "ID": 833030190, "正式名称": "医療法人社団鵠生会　曽デンタルクリニック", "機関区分": 3, "都道府県コード": 8, "市区町村コード": 233, "所在地": "茨城県行方市玉造甲　５１０－４", "緯度": 36.101678, "経度": 140.417373, "url": "https://www.iryou.teikyouseido.mhlw.go.jp/znk-web/juminkanja/S2430/initialize?prefCd=08&kikanCd=3030190&kikanKbn=3", "url2": null, "内容": "医療法人社団鵠生会　曽デンタルクリニック【3:歯科】茨城県行方市玉造甲　５１０－４" }, "geometry": { "type": "Point", "coordinates": [ 140.417373, 36.101678 ] } },
{ "type": "Feature", "properties": { "ID": 833080000029, "正式名称": "海老澤歯科医院", "機関区分": 3, "都道府県コード": 8, "市区町村コード": 201, "所在地": "茨城県水戸市東桜川７９６－１", "緯度": 36.368493, "経度": 140.498994, "url": "https://www.iryou.teikyouseido.mhlw.go.jp/znk-web/juminkanja/S2430/initialize?prefCd=08&kikanCd=3080000029&kikanKbn=3", "url2": "https://www.ebisawa-shika-kyosei-shika.com/", "内容": "海老澤歯科医院【3:歯科】茨城県水戸市東桜川７９６－１" }, "geometry": { "type": "Point", "coordinates": [ 140.498994, 36.368493 ] } },
{ "type": "Feature", "properties": { "ID": 833080000040, "正式名称": "おかざき矯正歯科クリニック", "機関区分": 3, "都道府県コード": 8, "市区町村コード": 201, "所在地": "茨城県水戸市南町３－２－４４", "緯度": 36.376105, "経度": 140.468697, "url": "https://www.iryou.teikyouseido.mhlw.go.jp/znk-web/juminkanja/S2430/initialize?prefCd=08&kikanCd=3080000040&kikanKbn=3", "url2": "http://okazakiortho.com/", "内容": "おかざき矯正歯科クリニック【3:歯科】茨城県水戸市南町３－２－４４" }, "geometry": { "type": "Point", "coordinates": [ 140.468697, 36.376105 ] } },
{ "type": "Feature", "properties": { "ID": 833080000074, "正式名称": "小舩歯科医院", "機関区分": 3, "都道府県コード": 8, "市区町村コード": 201, "所在地": "茨城県水戸市南町３－５－２１", "緯度": 36.378591, "経度": 140.466926, "url": "https://www.iryou.teikyouseido.mhlw.go.jp/znk-web/juminkanja/S2430/initialize?prefCd=08&kikanCd=3080000074&kikanKbn=3", "url2": null, "内容": "小舩歯科医院【3:歯科】茨城県水戸市南町３－５－２１" }, "geometry": { "type": "Point", "coordinates": [ 140.466926, 36.378591 ] } },
{ "type": "Feature", "properties": { "ID": 833080000364, "正式名称": "あべ歯科医院", "機関区分": 3, "都道府県コード": 8, "市区町村コード": 202, "所在地": "茨城県日立市会瀬町", "緯度": 36.581944, "経度": 140.649167, "url": "https://www.iryou.teikyouseido.mhlw.go.jp/znk-web/juminkanja/S2430/initialize?prefCd=08&kikanCd=3080000364&kikanKbn=3", "url2": null, "内容": "あべ歯科医院【3:歯科】茨城県日立市会瀬町" }, "geometry": { "type": "Point", "coordinates": [ 140.649167, 36.581944 ] } },
{ "type": "Feature", "properties": { "ID": 833080000714, "正式名称": "のぎさき歯科クリニック", "機関区分": 3, "都道府県コード": 8, "市区町村コード": 224, "所在地": "茨城県守谷市野木崎５４０－１", "緯度": 35.942722, "経度": 139.95816, "url": "https://www.iryou.teikyouseido.mhlw.go.jp/znk-web/juminkanja/S2430/initialize?prefCd=08&kikanCd=3080000714&kikanKbn=3", "url2": null, "内容": "のぎさき歯科クリニック【3:歯科】茨城県守谷市野木崎５４０－１" }, "geometry": { "type": "Point", "coordinates": [ 139.95816, 35.942722 ] } },
{ "type": "Feature", "properties": { "ID": 833080000964, "正式名称": "えびさわ歯科・こども歯科", "機関区分": 3, "都道府県コード": 8, "市区町村コード": 227, "所在地": "茨城県筑西市西方１７７５－９", "緯度": 36.277222, "経度": 139.961667, "url": "https://www.iryou.teikyouseido.mhlw.go.jp/znk-web/juminkanja/S2430/initialize?prefCd=08&kikanCd=3080000964&kikanKbn=3", "url2": "https://ebisawa-dental.amebaownd.com/", "内容": "えびさわ歯科・こども歯科【3:歯科】茨城県筑西市西方１７７５－９" }, "geometry": { "type": "Point", "coordinates": [ 139.961667, 36.277222 ] } },
{ "type": "Feature", "properties": { "ID": 833080001057, "正式名称": "髙田歯科医院", "機関区分": 3, "都道府県コード": 8, "市区町村コード": 211, "所在地": "茨城県常総市水海道宝町２７６２－３", "緯度": 36.018482, "経度": 139.99146, "url": "https://www.iryou.teikyouseido.mhlw.go.jp/znk-web/juminkanja/S2430/initialize?prefCd=08&kikanCd=3080001057&kikanKbn=3", "url2": null, "内容": "髙田歯科医院【3:歯科】茨城県常総市水海道宝町２７６２－３" }, "geometry": { "type": "Point", "coordinates": [ 139.99146, 36.018482 ] } },
{ "type": "Feature", "properties": { "ID": 833080001162, "正式名称": "林　歯科医院", "機関区分": 3, "都道府県コード": 8, "市区町村コード": 204, "所在地": "茨城県古河市関戸", "緯度": 36.196389, "経度": 139.768056, "url": "https://www.iryou.teikyouseido.mhlw.go.jp/znk-web/juminkanja/S2430/initialize?prefCd=08&kikanCd=3080001162&kikanKbn=3", "url2": null, "内容": "林　歯科医院【3:歯科】茨城県古河市関戸" }, "geometry": { "type": "Point", "coordinates": [ 139.768056, 36.196389 ] } },
{ "type": "Feature", "properties": { "ID": 833080003124, "正式名称": "医療法人　ひかり歯科医院", "機関区分": 3, "都道府県コード": 8, "市区町村コード": 235, "所在地": "茨城県つくばみらい市陽光台２－１９－２", "緯度": 35.996667, "経度": 140.0475, "url": "https://www.iryou.teikyouseido.mhlw.go.jp/znk-web/juminkanja/S2430/initialize?prefCd=08&kikanCd=3080003124&kikanKbn=3", "url2": "https://www.d-hikari.jp/", "内容": "医療法人　ひかり歯科医院【3:歯科】茨城県つくばみらい市陽光台２－１９－２" }, "geometry": { "type": "Point", "coordinates": [ 140.0475, 35.996667 ] } },
{ "type": "Feature", "properties": { "ID": 833080003230, "正式名称": "遊歯科", "機関区分": 3, "都道府県コード": 8, "市区町村コード": 220, "所在地": "茨城県つくば市島名１４９－３", "緯度": 36.066111, "経度": 140.053333, "url": "https://www.iryou.teikyouseido.mhlw.go.jp/znk-web/juminkanja/S2430/initialize?prefCd=08&kikanCd=3080003230&kikanKbn=3", "url2": "http://www.you-dent.net/", "内容": "遊歯科【3:歯科】茨城県つくば市島名１４９－３" }, "geometry": { "type": "Point", "coordinates": [ 140.053333, 36.066111 ] } },
{ "type": "Feature", "properties": { "ID": 833080003278, "正式名称": "こどもとおとなの歯科クリニック", "機関区分": 3, "都道府県コード": 8, "市区町村コード": 201, "所在地": "茨城県水戸市内原２－１イオンモール水戸内原１階", "緯度": 36.37454, "経度": 140.359419, "url": "https://www.iryou.teikyouseido.mhlw.go.jp/znk-web/juminkanja/S2430/initialize?prefCd=08&kikanCd=3080003278&kikanKbn=3", "url2": "https://mito-kodomo-otonashika.jp", "内容": "こどもとおとなの歯科クリニック【3:歯科】茨城県水戸市内原２－１イオンモール水戸内原１階" }, "geometry": { "type": "Point", "coordinates": [ 140.359419, 36.37454 ] } },
{ "type": "Feature", "properties": { "ID": 833080003286, "正式名称": "医療法人社団ＥＤＣ　アース歯科クリニック守谷", "機関区分": 3, "都道府県コード": 8, "市区町村コード": 224, "所在地": "茨城県守谷市中央４－１－２ブライト１階", "緯度": 35.9489889, "経度": 139.9927393, "url": "https://www.iryou.teikyouseido.mhlw.go.jp/znk-web/juminkanja/S2430/initialize?prefCd=08&kikanCd=3080003286&kikanKbn=3", "url2": null, "内容": "医療法人社団ＥＤＣ　アース歯科クリニック守谷【3:歯科】茨城県守谷市中央４－１－２ブライト１階" }, "geometry": { "type": "Point", "coordinates": [ 139.992739300000011, 35.9489889 ] } },
{ "type": "Feature", "properties": { "ID": 833080003288, "正式名称": "ファミリー歯科クリニック", "機関区分": 3, "都道府県コード": 8, "市区町村コード": 232, "所在地": "茨城県神栖市知手中央３－８－２", "緯度": 35.881652, "経度": 140.711063, "url": "https://www.iryou.teikyouseido.mhlw.go.jp/znk-web/juminkanja/S2430/initialize?prefCd=08&kikanCd=3080003288&kikanKbn=3", "url2": "family-dental-clinic.net", "内容": "ファミリー歯科クリニック【3:歯科】茨城県神栖市知手中央３－８－２" }, "geometry": { "type": "Point", "coordinates": [ 140.711063, 35.881652 ] } },
{ "type": "Feature", "properties": { "ID": 833080003289, "正式名称": "ゆき歯科クリニック", "機関区分": 3, "都道府県コード": 8, "市区町村コード": 202, "所在地": "茨城県日立市十王町友部東１－３－１１フォレシェーヌ１０３", "緯度": 36.672127, "経度": 140.687279, "url": "https://www.iryou.teikyouseido.mhlw.go.jp/znk-web/juminkanja/S2430/initialize?prefCd=08&kikanCd=3080003289&kikanKbn=3", "url2": "http://www.yuki-dentalclinic.jp/", "内容": "ゆき歯科クリニック【3:歯科】茨城県日立市十王町友部東１－３－１１フォレシェーヌ１０３" }, "geometry": { "type": "Point", "coordinates": [ 140.687279, 36.672127 ] } },
{ "type": "Feature", "properties": { "ID": 833080003290, "正式名称": "ながやま歯科", "機関区分": 3, "都道府県コード": 8, "市区町村コード": 225, "所在地": "茨城県常陸大宮市抽ケ台町８０４番２７", "緯度": 36.548902, "経度": 140.404226, "url": "https://www.iryou.teikyouseido.mhlw.go.jp/znk-web/juminkanja/S2430/initialize?prefCd=08&kikanCd=3080003290&kikanKbn=3", "url2": "https://www.ngym-shika.com", "内容": "ながやま歯科【3:歯科】茨城県常陸大宮市抽ケ台町８０４番２７" }, "geometry": { "type": "Point", "coordinates": [ 140.404226, 36.548902 ] } },
{ "type": "Feature", "properties": { "ID": 833080003291, "正式名称": "医療法人　井上歯科医院　流星台・いのうえ歯科医院", "機関区分": 3, "都道府県コード": 8, "市区町村コード": 220, "所在地": "茨城県つくば市流星台３７－５", "緯度": 36.0996429, "経度": 140.1250619, "url": "https://www.iryou.teikyouseido.mhlw.go.jp/znk-web/juminkanja/S2430/initialize?prefCd=08&kikanCd=3080003291&kikanKbn=3", "url2": null, "内容": "医療法人　井上歯科医院　流星台・いのうえ歯科医院【3:歯科】茨城県つくば市流星台３７－５" }, "geometry": { "type": "Point", "coordinates": [ 140.1250619, 36.0996429 ] } },
{ "type": "Feature", "properties": { "ID": 833080003292, "正式名称": "ＳＵＮＮＹ　ＤＥＮＴＡＬ　ＣＬＩＮＩＣ", "機関区分": 3, "都道府県コード": 8, "市区町村コード": 220, "所在地": "茨城県つくば市並木４－３－２ＢＬＡＮＤＥつくば並木店舗Ｄ", "緯度": 36.064123, "経度": 140.1500606, "url": "https://www.iryou.teikyouseido.mhlw.go.jp/znk-web/juminkanja/S2430/initialize?prefCd=08&kikanCd=3080003292&kikanKbn=3", "url2": null, "内容": "ＳＵＮＮＹ　ＤＥＮＴＡＬ　ＣＬＩＮＩＣ【3:歯科】茨城県つくば市並木４－３－２ＢＬＡＮＤＥつくば並木店舗Ｄ" }, "geometry": { "type": "Point", "coordinates": [ 140.150060599999989, 36.064123 ] } },
{ "type": "Feature", "properties": { "ID": 833080003293, "正式名称": "あさくら歯科医院", "機関区分": 3, "都道府県コード": 8, "市区町村コード": 217, "所在地": "茨城県取手市宮和田２１８－１", "緯度": 35.91943, "経度": 140.12212, "url": "https://www.iryou.teikyouseido.mhlw.go.jp/znk-web/juminkanja/S2430/initialize?prefCd=08&kikanCd=3080003293&kikanKbn=3", "url2": "https://asakura-dental-clinic.com/", "内容": "あさくら歯科医院【3:歯科】茨城県取手市宮和田２１８－１" }, "geometry": { "type": "Point", "coordinates": [ 140.12212, 35.91943 ] } },
{ "type": "Feature", "properties": { "ID": 833080003294, "正式名称": "はたや歯科", "機関区分": 3, "都道府県コード": 8, "市区町村コード": 205, "所在地": "茨城県石岡市杉並１－５－６９", "緯度": 36.2009253, "経度": 140.2841647, "url": "https://www.iryou.teikyouseido.mhlw.go.jp/znk-web/juminkanja/S2430/initialize?prefCd=08&kikanCd=3080003294&kikanKbn=3", "url2": null, "内容": "はたや歯科【3:歯科】茨城県石岡市杉並１－５－６９" }, "geometry": { "type": "Point", "coordinates": [ 140.2841647, 36.2009253 ] } },
{ "type": "Feature", "properties": { "ID": 833080003295, "正式名称": "のぞみデンタルクリニック", "機関区分": 3, "都道府県コード": 8, "市区町村コード": 201, "所在地": "茨城県水戸市小吹町２５９０－１", "緯度": 36.339664, "経度": 140.437336, "url": "https://www.iryou.teikyouseido.mhlw.go.jp/znk-web/juminkanja/S2430/initialize?prefCd=08&kikanCd=3080003295&kikanKbn=3", "url2": "https://ndc.dental-office.jp/", "内容": "のぞみデンタルクリニック【3:歯科】茨城県水戸市小吹町２５９０－１" }, "geometry": { "type": "Point", "coordinates": [ 140.437336, 36.339664 ] } },
{ "type": "Feature", "properties": { "ID": 833080003296, "正式名称": "歯科富永医院", "機関区分": 3, "都道府県コード": 8, "市区町村コード": 201, "所在地": "茨城県水戸市河和田２－２１８８－６", "緯度": 36.375955, "経度": 140.406268, "url": "https://www.iryou.teikyouseido.mhlw.go.jp/znk-web/juminkanja/S2430/initialize?prefCd=08&kikanCd=3080003296&kikanKbn=3", "url2": "https://www.shika-tominaga.com/", "内容": "歯科富永医院【3:歯科】茨城県水戸市河和田２－２１８８－６" }, "geometry": { "type": "Point", "coordinates": [ 140.406268, 36.375955 ] } },
{ "type": "Feature", "properties": { "ID": 833080003297, "正式名称": "医療法人三笠会　笠原ラ・メール歯科", "機関区分": 3, "都道府県コード": 8, "市区町村コード": 201, "所在地": "茨城県水戸市笠原町１５９２－２", "緯度": 36.336312, "経度": 140.449097, "url": "https://www.iryou.teikyouseido.mhlw.go.jp/znk-web/juminkanja/S2430/initialize?prefCd=08&kikanCd=3080003297&kikanKbn=3", "url2": "https://www.kasaharalamer.com/", "内容": "医療法人三笠会　笠原ラ・メール歯科【3:歯科】茨城県水戸市笠原町１５９２－２" }, "geometry": { "type": "Point", "coordinates": [ 140.449097, 36.336312 ] } },
{ "type": "Feature", "properties": { "ID": 833080003298, "正式名称": "歯科診療所つまさと", "機関区分": 3, "都道府県コード": 8, "市区町村コード": 201, "所在地": "茨城県水戸市有賀町２２２８", "緯度": 36.382284, "経度": 140.363166, "url": "https://www.iryou.teikyouseido.mhlw.go.jp/znk-web/juminkanja/S2430/initialize?prefCd=08&kikanCd=3080003298&kikanKbn=3", "url2": "https://www.tsumasato-dental.com", "内容": "歯科診療所つまさと【3:歯科】茨城県水戸市有賀町２２２８" }, "geometry": { "type": "Point", "coordinates": [ 140.363166, 36.382284 ] } },
{ "type": "Feature", "properties": { "ID": 833080003300, "正式名称": "みずもり歯科クリニック", "機関区分": 3, "都道府県コード": 8, "市区町村コード": 221, "所在地": "茨城県ひたちなか市外野１ー２６ー１４", "緯度": 36.409473, "経度": 140.53302, "url": "https://www.iryou.teikyouseido.mhlw.go.jp/znk-web/juminkanja/S2430/initialize?prefCd=08&kikanCd=3080003300&kikanKbn=3", "url2": "https://mizumori.dental-office.jp", "内容": "みずもり歯科クリニック【3:歯科】茨城県ひたちなか市外野１ー２６ー１４" }, "geometry": { "type": "Point", "coordinates": [ 140.53302, 36.409473 ] } },
{ "type": "Feature", "properties": { "ID": 833080003301, "正式名称": "安藤デンタルクリニック", "機関区分": 3, "都道府県コード": 8, "市区町村コード": 232, "所在地": "茨城県神栖市土合南３－１０－１６", "緯度": 35.7899805, "経度": 140.770964, "url": "https://www.iryou.teikyouseido.mhlw.go.jp/znk-web/juminkanja/S2430/initialize?prefCd=08&kikanCd=3080003301&kikanKbn=3", "url2": "https://ando.dental-net.jp/", "内容": "安藤デンタルクリニック【3:歯科】茨城県神栖市土合南３－１０－１６" }, "geometry": { "type": "Point", "coordinates": [ 140.770964, 35.7899805 ] } },
{ "type": "Feature", "properties": { "ID": 833080003306, "正式名称": "友部駅前オレンジ歯科", "機関区分": 3, "都道府県コード": 8, "市区町村コード": 216, "所在地": "茨城県笠間市東平１丁目１４７０－１７２", "緯度": 36.3452638, "経度": 140.3043225, "url": "https://www.iryou.teikyouseido.mhlw.go.jp/znk-web/juminkanja/S2430/initialize?prefCd=08&kikanCd=3080003306&kikanKbn=3", "url2": null, "内容": "友部駅前オレンジ歯科【3:歯科】茨城県笠間市東平１丁目１４７０－１７２" }, "geometry": { "type": "Point", "coordinates": [ 140.304322500000012, 36.3452638 ] } },
{ "type": "Feature", "properties": { "ID": 833080003307, "正式名称": "こがアロハスマイル歯科", "機関区分": 3, "都道府県コード": 8, "市区町村コード": 204, "所在地": "茨城県古河市下大野２９１５－１", "緯度": 36.185931, "経度": 139.750826, "url": "https://www.iryou.teikyouseido.mhlw.go.jp/znk-web/juminkanja/S2430/initialize?prefCd=08&kikanCd=3080003307&kikanKbn=3", "url2": "https://koga-alohasmile-dc.jp", "内容": "こがアロハスマイル歯科【3:歯科】茨城県古河市下大野２９１５－１" }, "geometry": { "type": "Point", "coordinates": [ 139.750826, 36.185931 ] } },
{ "type": "Feature", "properties": { "ID": 833080003308, "正式名称": "医療法人光輝会　ことぶきデンタルクリニック", "機関区分": 3, "都道府県コード": 8, "市区町村コード": 201, "所在地": "茨城県水戸市平須町向井２１９８－４", "緯度": 36.333674, "経度": 140.426421, "url": "https://www.iryou.teikyouseido.mhlw.go.jp/znk-web/juminkanja/S2430/initialize?prefCd=08&kikanCd=3080003308&kikanKbn=3", "url2": null, "内容": "医療法人光輝会　ことぶきデンタルクリニック【3:歯科】茨城県水戸市平須町向井２１９８－４" }, "geometry": { "type": "Point", "coordinates": [ 140.426421, 36.333674 ] } },
{ "type": "Feature", "properties": { "ID": 833080003313, "正式名称": "アップル歯科・矯正歯科　古河ＥＡＳＴ", "機関区分": 3, "都道府県コード": 8, "市区町村コード": 204, "所在地": "茨城県古河市三杉町２丁目５番１４号", "緯度": 36.205202, "経度": 139.717643, "url": "https://www.iryou.teikyouseido.mhlw.go.jp/znk-web/juminkanja/S2430/initialize?prefCd=08&kikanCd=3080003313&kikanKbn=3", "url2": "https://www.apple-shika.com/kogaeast/", "内容": "アップル歯科・矯正歯科　古河ＥＡＳＴ【3:歯科】茨城県古河市三杉町２丁目５番１４号" }, "geometry": { "type": "Point", "coordinates": [ 139.717643, 36.205202 ] } },
{ "type": "Feature", "properties": { "ID": 833080003314, "正式名称": "ひまわり歯科医院", "機関区分": 3, "都道府県コード": 8, "市区町村コード": 232, "所在地": "茨城県神栖市深芝南２－１－６", "緯度": 35.9070709, "経度": 140.6465517, "url": "https://www.iryou.teikyouseido.mhlw.go.jp/znk-web/juminkanja/S2430/initialize?prefCd=08&kikanCd=3080003314&kikanKbn=3", "url2": null, "内容": "ひまわり歯科医院【3:歯科】茨城県神栖市深芝南２－１－６" }, "geometry": { "type": "Point", "coordinates": [ 140.6465517, 35.9070709 ] } },
{ "type": "Feature", "properties": { "ID": 83308310005, "正式名称": "加藤歯科医院", "機関区分": 3, "都道府県コード": 8, "市区町村コード": 201, "所在地": "茨城県水戸市五軒町２－２－５", "緯度": 36.381456, "経度": 140.464769, "url": "https://www.iryou.teikyouseido.mhlw.go.jp/znk-web/juminkanja/S2430/initialize?prefCd=08&kikanCd=308310005&kikanKbn=3", "url2": "http://mitokato.com/", "内容": "加藤歯科医院【3:歯科】茨城県水戸市五軒町２－２－５" }, "geometry": { "type": "Point", "coordinates": [ 140.464769, 36.381456 ] } },
{ "type": "Feature", "properties": { "ID": 83308310018, "正式名称": "常陽歯科医院", "機関区分": 3, "都道府県コード": 8, "市区町村コード": 201, "所在地": "茨城県水戸市堀町１０２６ー３", "緯度": 36.40108, "経度": 140.435146, "url": "https://www.iryou.teikyouseido.mhlw.go.jp/znk-web/juminkanja/S2430/initialize?prefCd=08&kikanCd=308310018&kikanKbn=3", "url2": null, "内容": "常陽歯科医院【3:歯科】茨城県水戸市堀町１０２６ー３" }, "geometry": { "type": "Point", "coordinates": [ 140.435146, 36.40108 ] } },
{ "type": "Feature", "properties": { "ID": 83308310021, "正式名称": "スマイル歯科", "機関区分": 3, "都道府県コード": 8, "市区町村コード": 201, "所在地": "茨城県水戸市堀町１１６５－５", "緯度": 36.399081, "経度": 140.429036, "url": "https://www.iryou.teikyouseido.mhlw.go.jp/znk-web/juminkanja/S2430/initialize?prefCd=08&kikanCd=308310021&kikanKbn=3", "url2": "https://horismile-dc.com", "内容": "スマイル歯科【3:歯科】茨城県水戸市堀町１１６５－５" }, "geometry": { "type": "Point", "coordinates": [ 140.429036, 36.399081 ] } },
{ "type": "Feature", "properties": { "ID": 83308310034, "正式名称": "小原歯科医院", "機関区分": 3, "都道府県コード": 8, "市区町村コード": 201, "所在地": "茨城県水戸市末広町１丁目１－２１", "緯度": 36.387227, "経度": 140.455222, "url": "https://www.iryou.teikyouseido.mhlw.go.jp/znk-web/juminkanja/S2430/initialize?prefCd=08&kikanCd=308310034&kikanKbn=3", "url2": "https://www.obara-dental.com/", "内容": "小原歯科医院【3:歯科】茨城県水戸市末広町１丁目１－２１" }, "geometry": { "type": "Point", "coordinates": [ 140.455222, 36.387227 ] } },
{ "type": "Feature", "properties": { "ID": 83308310047, "正式名称": "くるみ親子の歯科医院", "機関区分": 3, "都道府県コード": 8, "市区町村コード": 201, "所在地": "茨城県水戸市浜田１－１８－２１", "緯度": 36.363064, "経度": 140.501751, "url": "https://www.iryou.teikyouseido.mhlw.go.jp/znk-web/juminkanja/S2430/initialize?prefCd=08&kikanCd=308310047&kikanKbn=3", "url2": "https://kurumi-family.com/", "内容": "くるみ親子の歯科医院【3:歯科】茨城県水戸市浜田１－１８－２１" }, "geometry": { "type": "Point", "coordinates": [ 140.501751, 36.363064 ] } },
{ "type": "Feature", "properties": { "ID": 83308510010, "正式名称": "飯野歯科医院", "機関区分": 3, "都道府県コード": 8, "市区町村コード": 201, "所在地": "茨城県水戸市金町三丁目一番二十五号", "緯度": 36.384544, "経度": 140.461435, "url": "https://www.iryou.teikyouseido.mhlw.go.jp/znk-web/juminkanja/S2430/initialize?prefCd=08&kikanCd=308510010&kikanKbn=3", "url2": null, "内容": "飯野歯科医院【3:歯科】茨城県水戸市金町三丁目一番二十五号" }, "geometry": { "type": "Point", "coordinates": [ 140.461435, 36.384544 ] } },
{ "type": "Feature", "properties": { "ID": 83308510023, "正式名称": "石川歯科医院", "機関区分": 3, "都道府県コード": 8, "市区町村コード": 201, "所在地": "茨城県水戸市千波町１８７２－２", "緯度": 36.3539, "経度": 140.447312, "url": "https://www.iryou.teikyouseido.mhlw.go.jp/znk-web/juminkanja/S2430/initialize?prefCd=08&kikanCd=308510023&kikanKbn=3", "url2": null, "内容": "石川歯科医院【3:歯科】茨城県水戸市千波町１８７２－２" }, "geometry": { "type": "Point", "coordinates": [ 140.447312, 36.3539 ] } },
{ "type": "Feature", "properties": { "ID": 83308510049, "正式名称": "（公社）茨城県歯科医師会　口腔センター水戸", "機関区分": 3, "都道府県コード": 8, "市区町村コード": 201, "所在地": "茨城県水戸市見和２－２９２－１", "緯度": 36.375224, "経度": 140.435, "url": "https://www.iryou.teikyouseido.mhlw.go.jp/znk-web/juminkanja/S2430/initialize?prefCd=08&kikanCd=308510049&kikanKbn=3", "url2": "http://www.ibasikai.or.jp/", "内容": "（公社）茨城県歯科医師会　口腔センター水戸【3:歯科】茨城県水戸市見和２－２９２－１" }, "geometry": { "type": "Point", "coordinates": [ 140.435, 36.375224 ] } },
{ "type": "Feature", "properties": { "ID": 83308510137, "正式名称": "木田歯科", "機関区分": 3, "都道府県コード": 8, "市区町村コード": 201, "所在地": "茨城県水戸市南町３−２−３２", "緯度": 36.376471, "経度": 140.46752, "url": "https://www.iryou.teikyouseido.mhlw.go.jp/znk-web/juminkanja/S2430/initialize?prefCd=08&kikanCd=308510137&kikanKbn=3", "url2": null, "内容": "木田歯科【3:歯科】茨城県水戸市南町３−２−３２" }, "geometry": { "type": "Point", "coordinates": [ 140.46752, 36.376471 ] } },
{ "type": "Feature", "properties": { "ID": 83308510195, "正式名称": "佐藤歯科医院", "機関区分": 3, "都道府県コード": 8, "市区町村コード": 201, "所在地": "茨城県水戸市本町３－２０－３", "緯度": 36.367441, "経度": 140.497048, "url": "https://www.iryou.teikyouseido.mhlw.go.jp/znk-web/juminkanja/S2430/initialize?prefCd=08&kikanCd=308510195&kikanKbn=3", "url2": null, "内容": "佐藤歯科医院【3:歯科】茨城県水戸市本町３－２０－３" }, "geometry": { "type": "Point", "coordinates": [ 140.497048, 36.367441 ] } },
{ "type": "Feature", "properties": { "ID": 83308510267, "正式名称": "立原歯科診療所", "機関区分": 3, "都道府県コード": 8, "市区町村コード": 201, "所在地": "茨城県水戸市泉町２－２－２９", "緯度": 36.375556, "経度": 140.465833, "url": "https://www.iryou.teikyouseido.mhlw.go.jp/znk-web/juminkanja/S2430/initialize?prefCd=08&kikanCd=308510267&kikanKbn=3", "url2": null, "内容": "立原歯科診療所【3:歯科】茨城県水戸市泉町２－２－２９" }, "geometry": { "type": "Point", "coordinates": [ 140.465833, 36.375556 ] } },
{ "type": "Feature", "properties": { "ID": 83308510313, "正式名称": "中島歯科医院", "機関区分": 3, "都道府県コード": 8, "市区町村コード": 201, "所在地": "茨城県水戸市石川１丁目４０２２番地の８", "緯度": 36.390728, "経度": 140.42539, "url": "https://www.iryou.teikyouseido.mhlw.go.jp/znk-web/juminkanja/S2430/initialize?prefCd=08&kikanCd=308510313&kikanKbn=3", "url2": "https://www.nakajimasika-implant.com/", "内容": "中島歯科医院【3:歯科】茨城県水戸市石川１丁目４０２２番地の８" }, "geometry": { "type": "Point", "coordinates": [ 140.42539, 36.390728 ] } },
{ "type": "Feature", "properties": { "ID": 83308510469, "正式名称": "高崎歯科医院", "機関区分": 3, "都道府県コード": 8, "市区町村コード": 201, "所在地": "茨城県水戸市泉町１－４－１４", "緯度": 36.377372, "経度": 140.464789, "url": "https://www.iryou.teikyouseido.mhlw.go.jp/znk-web/juminkanja/S2430/initialize?prefCd=08&kikanCd=308510469&kikanKbn=3", "url2": "http://www.takasaki-dental.crayonsite.net", "内容": "高崎歯科医院【3:歯科】茨城県水戸市泉町１－４－１４" }, "geometry": { "type": "Point", "coordinates": [ 140.464789, 36.377372 ] } },
{ "type": "Feature", "properties": { "ID": 83308510472, "正式名称": "森永歯科医院", "機関区分": 3, "都道府県コード": 8, "市区町村コード": 201, "所在地": "茨城県水戸市城南２－１５－３０", "緯度": 36.361944, "経度": 140.483611, "url": "https://www.iryou.teikyouseido.mhlw.go.jp/znk-web/juminkanja/S2430/initialize?prefCd=08&kikanCd=308510472&kikanKbn=3", "url2": "http://www.morinaga-shika.com/", "内容": "森永歯科医院【3:歯科】茨城県水戸市城南２－１５－３０" }, "geometry": { "type": "Point", "coordinates": [ 140.483611, 36.361944 ] } },
{ "type": "Feature", "properties": { "ID": 83308510557, "正式名称": "永木歯科医院", "機関区分": 3, "都道府県コード": 8, "市区町村コード": 201, "所在地": "茨城県水戸市城南１ー１ー１７", "緯度": 36.367311, "経度": 140.474823, "url": "https://www.iryou.teikyouseido.mhlw.go.jp/znk-web/juminkanja/S2430/initialize?prefCd=08&kikanCd=308510557&kikanKbn=3", "url2": "http://www2u.biglobe.ne.jp/~nagaki/index.htm", "内容": "永木歯科医院【3:歯科】茨城県水戸市城南１ー１ー１７" }, "geometry": { "type": "Point", "coordinates": [ 140.474823, 36.367311 ] } },
{ "type": "Feature", "properties": { "ID": 83308510661, "正式名称": "榊歯科医院", "機関区分": 3, "都道府県コード": 8, "市区町村コード": 201, "所在地": "茨城県水戸市見川２－２００－８", "緯度": 36.372054, "経度": 140.435017, "url": "https://www.iryou.teikyouseido.mhlw.go.jp/znk-web/juminkanja/S2430/initialize?prefCd=08&kikanCd=308510661&kikanKbn=3", "url2": null, "内容": "榊歯科医院【3:歯科】茨城県水戸市見川２－２００－８" }, "geometry": { "type": "Point", "coordinates": [ 140.435017, 36.372054 ] } },
{ "type": "Feature", "properties": { "ID": 83308510687, "正式名称": "千波歯科クリニック", "機関区分": 3, "都道府県コード": 8, "市区町村コード": 201, "所在地": "茨城県水戸市千波町１２４２－３", "緯度": 36.359961, "経度": 140.469253, "url": "https://www.iryou.teikyouseido.mhlw.go.jp/znk-web/juminkanja/S2430/initialize?prefCd=08&kikanCd=308510687&kikanKbn=3", "url2": null, "内容": "千波歯科クリニック【3:歯科】茨城県水戸市千波町１２４２－３" }, "geometry": { "type": "Point", "coordinates": [ 140.469253, 36.359961 ] } },
{ "type": "Feature", "properties": { "ID": 83308510704, "正式名称": "友常歯科医院", "機関区分": 3, "都道府県コード": 8, "市区町村コード": 201, "所在地": "茨城県水戸市東原２－４－４", "緯度": 36.384903, "経度": 140.444663, "url": "https://www.iryou.teikyouseido.mhlw.go.jp/znk-web/juminkanja/S2430/initialize?prefCd=08&kikanCd=308510704&kikanKbn=3", "url2": null, "内容": "友常歯科医院【3:歯科】茨城県水戸市東原２－４－４" }, "geometry": { "type": "Point", "coordinates": [ 140.444663, 36.384903 ] } },
{ "type": "Feature", "properties": { "ID": 83308510717, "正式名称": "竹内歯科医院", "機関区分": 3, "都道府県コード": 8, "市区町村コード": 201, "所在地": "茨城県水戸市大工町３－９－２９", "緯度": 36.382032, "経度": 140.450017, "url": "https://www.iryou.teikyouseido.mhlw.go.jp/znk-web/juminkanja/S2430/initialize?prefCd=08&kikanCd=308510717&kikanKbn=3", "url2": "https://mito-takeuchi-dental.com/", "内容": "竹内歯科医院【3:歯科】茨城県水戸市大工町３－９－２９" }, "geometry": { "type": "Point", "coordinates": [ 140.450017, 36.382032 ] } },
{ "type": "Feature", "properties": { "ID": 83308510720, "正式名称": "片岡歯科医院", "機関区分": 3, "都道府県コード": 8, "市区町村コード": 201, "所在地": "茨城県水戸市見和１－３２３－９", "緯度": 36.376881, "経度": 140.442197, "url": "https://www.iryou.teikyouseido.mhlw.go.jp/znk-web/juminkanja/S2430/initialize?prefCd=08&kikanCd=308510720&kikanKbn=3", "url2": "http://www.kataoka-shika.jp/", "内容": "片岡歯科医院【3:歯科】茨城県水戸市見和１－３２３－９" }, "geometry": { "type": "Point", "coordinates": [ 140.442197, 36.376881 ] } },
{ "type": "Feature", "properties": { "ID": 83308510818, "正式名称": "横須賀歯科医院", "機関区分": 3, "都道府県コード": 8, "市区町村コード": 201, "所在地": "茨城県水戸市西原２－３－３７", "緯度": 36.389583, "経度": 140.438081, "url": "https://www.iryou.teikyouseido.mhlw.go.jp/znk-web/juminkanja/S2430/initialize?prefCd=08&kikanCd=308510818&kikanKbn=3", "url2": null, "内容": "横須賀歯科医院【3:歯科】茨城県水戸市西原２－３－３７" }, "geometry": { "type": "Point", "coordinates": [ 140.438081, 36.389583 ] } },
{ "type": "Feature", "properties": { "ID": 83308510821, "正式名称": "浅野歯科医院", "機関区分": 3, "都道府県コード": 8, "市区町村コード": 201, "所在地": "茨城県水戸市柳町２－２－２０", "緯度": 36.366611, "経度": 140.489235, "url": "https://www.iryou.teikyouseido.mhlw.go.jp/znk-web/juminkanja/S2430/initialize?prefCd=08&kikanCd=308510821&kikanKbn=3", "url2": "http://www.asano-shika.jp/", "内容": "浅野歯科医院【3:歯科】茨城県水戸市柳町２－２－２０" }, "geometry": { "type": "Point", "coordinates": [ 140.489235, 36.366611 ] } },
{ "type": "Feature", "properties": { "ID": 83308510847, "正式名称": "岩間歯科医院", "機関区分": 3, "都道府県コード": 8, "市区町村コード": 201, "所在地": "茨城県水戸市城南１－２－３８", "緯度": 36.367558, "経度": 140.473749, "url": "https://www.iryou.teikyouseido.mhlw.go.jp/znk-web/juminkanja/S2430/initialize?prefCd=08&kikanCd=308510847&kikanKbn=3", "url2": null, "内容": "岩間歯科医院【3:歯科】茨城県水戸市城南１－２－３８" }, "geometry": { "type": "Point", "coordinates": [ 140.473749, 36.367558 ] } },
{ "type": "Feature", "properties": { "ID": 83308510892, "正式名称": "水戸歯科クリニック矯正歯科センター", "機関区分": 3, "都道府県コード": 8, "市区町村コード": 201, "所在地": "茨城県水戸市水戸市大工町３−３−２６", "緯度": 36.381505, "経度": 140.453854, "url": "https://www.iryou.teikyouseido.mhlw.go.jp/znk-web/juminkanja/S2430/initialize?prefCd=08&kikanCd=308510892&kikanKbn=3", "url2": "https://mito-kyousei.com", "内容": "水戸歯科クリニック矯正歯科センター【3:歯科】茨城県水戸市水戸市大工町３−３−２６" }, "geometry": { "type": "Point", "coordinates": [ 140.453854, 36.381505 ] } },
{ "type": "Feature", "properties": { "ID": 83308510919, "正式名称": "岩元歯科医院", "機関区分": 3, "都道府県コード": 8, "市区町村コード": 201, "所在地": "茨城県水戸市笠原町９９５－９５", "緯度": 36.335054, "経度": 140.442567, "url": "https://www.iryou.teikyouseido.mhlw.go.jp/znk-web/juminkanja/S2430/initialize?prefCd=08&kikanCd=308510919&kikanKbn=3", "url2": null, "内容": "岩元歯科医院【3:歯科】茨城県水戸市笠原町９９５－９５" }, "geometry": { "type": "Point", "coordinates": [ 140.442567, 36.335054 ] } },
{ "type": "Feature", "properties": { "ID": 83308510980, "正式名称": "古関歯科医院", "機関区分": 3, "都道府県コード": 8, "市区町村コード": 201, "所在地": "茨城県水戸市元吉田町１５００", "緯度": 36.34222, "経度": 140.471391, "url": "https://www.iryou.teikyouseido.mhlw.go.jp/znk-web/juminkanja/S2430/initialize?prefCd=08&kikanCd=308510980&kikanKbn=3", "url2": "http://www.kosekishika.com/", "内容": "古関歯科医院【3:歯科】茨城県水戸市元吉田町１５００" }, "geometry": { "type": "Point", "coordinates": [ 140.471391, 36.34222 ] } },
{ "type": "Feature", "properties": { "ID": 83308511075, "正式名称": "今井デンタルクリニック", "機関区分": 3, "都道府県コード": 8, "市区町村コード": 201, "所在地": "茨城県水戸市内原町１５６８－３", "緯度": 36.364569, "経度": 140.354884, "url": "https://www.iryou.teikyouseido.mhlw.go.jp/znk-web/juminkanja/S2430/initialize?prefCd=08&kikanCd=308511075&kikanKbn=3", "url2": null, "内容": "今井デンタルクリニック【3:歯科】茨城県水戸市内原町１５６８－３" }, "geometry": { "type": "Point", "coordinates": [ 140.354884, 36.364569 ] } },
{ "type": "Feature", "properties": { "ID": 83308511235, "正式名称": "根本歯科医院", "機関区分": 3, "都道府県コード": 8, "市区町村コード": 201, "所在地": "茨城県水戸市米沢町３７９－１０－１１", "緯度": 36.348934, "経度": 140.463924, "url": "https://www.iryou.teikyouseido.mhlw.go.jp/znk-web/juminkanja/S2430/initialize?prefCd=08&kikanCd=308511235&kikanKbn=3", "url2": null, "内容": "根本歯科医院【3:歯科】茨城県水戸市米沢町３７９－１０－１１" }, "geometry": { "type": "Point", "coordinates": [ 140.463924, 36.348934 ] } },
{ "type": "Feature", "properties": { "ID": 83308511264, "正式名称": "猿田歯科医院", "機関区分": 3, "都道府県コード": 8, "市区町村コード": 201, "所在地": "茨城県水戸市渡里町２９３２－１１", "緯度": 36.407548, "経度": 140.429876, "url": "https://www.iryou.teikyouseido.mhlw.go.jp/znk-web/juminkanja/S2430/initialize?prefCd=08&kikanCd=308511264&kikanKbn=3", "url2": null, "内容": "猿田歯科医院【3:歯科】茨城県水戸市渡里町２９３２－１１" }, "geometry": { "type": "Point", "coordinates": [ 140.429876, 36.407548 ] } },
{ "type": "Feature", "properties": { "ID": 83308511277, "正式名称": "小鹿歯科医院", "機関区分": 3, "都道府県コード": 8, "市区町村コード": 201, "所在地": "茨城県水戸市五軒町３−３−４７", "緯度": 36.383659, "経度": 140.461884, "url": "https://www.iryou.teikyouseido.mhlw.go.jp/znk-web/juminkanja/S2430/initialize?prefCd=08&kikanCd=308511277&kikanKbn=3", "url2": null, "内容": "小鹿歯科医院【3:歯科】茨城県水戸市五軒町３−３−４７" }, "geometry": { "type": "Point", "coordinates": [ 140.461884, 36.383659 ] } },
{ "type": "Feature", "properties": { "ID": 83308511336, "正式名称": "アオイ歯科診療所", "機関区分": 3, "都道府県コード": 8, "市区町村コード": 201, "所在地": "茨城県水戸市赤塚１－１９７０－３", "緯度": 36.383158, "経度": 140.412404, "url": "https://www.iryou.teikyouseido.mhlw.go.jp/znk-web/juminkanja/S2430/initialize?prefCd=08&kikanCd=308511336&kikanKbn=3", "url2": null, "内容": "アオイ歯科診療所【3:歯科】茨城県水戸市赤塚１－１９７０－３" }, "geometry": { "type": "Point", "coordinates": [ 140.412404, 36.383158 ] } },
{ "type": "Feature", "properties": { "ID": 83308511365, "正式名称": "大工町歯科", "機関区分": 3, "都道府県コード": 8, "市区町村コード": 201, "所在地": "茨城県水戸市大工町１－３－３", "緯度": 36.38028, "経度": 140.459579, "url": "https://www.iryou.teikyouseido.mhlw.go.jp/znk-web/juminkanja/S2430/initialize?prefCd=08&kikanCd=308511365&kikanKbn=3", "url2": "http://daikumachi-shika.com", "内容": "大工町歯科【3:歯科】茨城県水戸市大工町１－３－３" }, "geometry": { "type": "Point", "coordinates": [ 140.459579, 36.38028 ] } },
{ "type": "Feature", "properties": { "ID": 83308511453, "正式名称": "有波歯科医院", "機関区分": 3, "都道府県コード": 8, "市区町村コード": 302, "所在地": "茨城県東茨城郡茨城町中石崎３８７番地１", "緯度": 36.281389, "経度": 140.485, "url": "https://www.iryou.teikyouseido.mhlw.go.jp/znk-web/juminkanja/S2430/initialize?prefCd=08&kikanCd=308511453&kikanKbn=3", "url2": null, "内容": "有波歯科医院【3:歯科】茨城県東茨城郡茨城町中石崎３８７番地１" }, "geometry": { "type": "Point", "coordinates": [ 140.485, 36.281389 ] } },
{ "type": "Feature", "properties": { "ID": 83308511495, "正式名称": "川上歯科医院", "機関区分": 3, "都道府県コード": 8, "市区町村コード": 201, "所在地": "茨城県水戸市見和３－１７８－１０", "緯度": 36.373815, "経度": 140.42661, "url": "https://www.iryou.teikyouseido.mhlw.go.jp/znk-web/juminkanja/S2430/initialize?prefCd=08&kikanCd=308511495&kikanKbn=3", "url2": null, "内容": "川上歯科医院【3:歯科】茨城県水戸市見和３－１７８－１０" }, "geometry": { "type": "Point", "coordinates": [ 140.42661, 36.373815 ] } },
{ "type": "Feature", "properties": { "ID": 83308511509, "正式名称": "富永歯科医院", "機関区分": 3, "都道府県コード": 8, "市区町村コード": 201, "所在地": "茨城県水戸市河和田２－２１９６－１", "緯度": 36.37579, "経度": 140.40605, "url": "https://www.iryou.teikyouseido.mhlw.go.jp/znk-web/juminkanja/S2430/initialize?prefCd=08&kikanCd=308511509&kikanKbn=3", "url2": null, "内容": "富永歯科医院【3:歯科】茨城県水戸市河和田２－２１９６－１" }, "geometry": { "type": "Point", "coordinates": [ 140.40605, 36.37579 ] } },
{ "type": "Feature", "properties": { "ID": 83308511538, "正式名称": "宮永歯科医院", "機関区分": 3, "都道府県コード": 8, "市区町村コード": 201, "所在地": "茨城県水戸市青柳町３８８５－３", "緯度": 36.401804, "経度": 140.479655, "url": "https://www.iryou.teikyouseido.mhlw.go.jp/znk-web/juminkanja/S2430/initialize?prefCd=08&kikanCd=308511538&kikanKbn=3", "url2": null, "内容": "宮永歯科医院【3:歯科】茨城県水戸市青柳町３８８５－３" }, "geometry": { "type": "Point", "coordinates": [ 140.479655, 36.401804 ] } },
{ "type": "Feature", "properties": { "ID": 83308511541, "正式名称": "菊池歯科医院", "機関区分": 3, "都道府県コード": 8, "市区町村コード": 201, "所在地": "茨城県水戸市大足町９１１－４", "緯度": 36.383997, "経度": 140.367419, "url": "https://www.iryou.teikyouseido.mhlw.go.jp/znk-web/juminkanja/S2430/initialize?prefCd=08&kikanCd=308511541&kikanKbn=3", "url2": null, "内容": "菊池歯科医院【3:歯科】茨城県水戸市大足町９１１－４" }, "geometry": { "type": "Point", "coordinates": [ 140.367419, 36.383997 ] } },
{ "type": "Feature", "properties": { "ID": 83308511554, "正式名称": "ジュン歯科医院", "機関区分": 3, "都道府県コード": 8, "市区町村コード": 310, "所在地": "茨城県東茨城郡城里町石塚", "緯度": 36.477778, "経度": 140.383056, "url": "https://www.iryou.teikyouseido.mhlw.go.jp/znk-web/juminkanja/S2430/initialize?prefCd=08&kikanCd=308511554&kikanKbn=3", "url2": null, "内容": "ジュン歯科医院【3:歯科】茨城県東茨城郡城里町石塚" }, "geometry": { "type": "Point", "coordinates": [ 140.383056, 36.477778 ] } },
{ "type": "Feature", "properties": { "ID": 83308511567, "正式名称": "久保谷歯科医院", "機関区分": 3, "都道府県コード": 8, "市区町村コード": 201, "所在地": "茨城県水戸市加倉井町４３８－１", "緯度": 36.387997, "経度": 140.38506, "url": "https://www.iryou.teikyouseido.mhlw.go.jp/znk-web/juminkanja/S2430/initialize?prefCd=08&kikanCd=308511567&kikanKbn=3", "url2": null, "内容": "久保谷歯科医院【3:歯科】茨城県水戸市加倉井町４３８－１" }, "geometry": { "type": "Point", "coordinates": [ 140.38506, 36.387997 ] } },
{ "type": "Feature", "properties": { "ID": 83308511583, "正式名称": "平須歯科医院", "機関区分": 3, "都道府県コード": 8, "市区町村コード": 201, "所在地": "茨城県水戸市平須町１－２０３", "緯度": 36.321264, "経度": 140.439022, "url": "https://www.iryou.teikyouseido.mhlw.go.jp/znk-web/juminkanja/S2430/initialize?prefCd=08&kikanCd=308511583&kikanKbn=3", "url2": null, "内容": "平須歯科医院【3:歯科】茨城県水戸市平須町１－２０３" }, "geometry": { "type": "Point", "coordinates": [ 140.439022, 36.321264 ] } },
{ "type": "Feature", "properties": { "ID": 83308511655, "正式名称": "大澤一茂歯科医院", "機関区分": 3, "都道府県コード": 8, "市区町村コード": 201, "所在地": "茨城県水戸市姫子１－８１５－５", "緯度": 36.381594, "経度": 140.430258, "url": "https://www.iryou.teikyouseido.mhlw.go.jp/znk-web/juminkanja/S2430/initialize?prefCd=08&kikanCd=308511655&kikanKbn=3", "url2": "http://www.osawa-shika.com/", "内容": "大澤一茂歯科医院【3:歯科】茨城県水戸市姫子１－８１５－５" }, "geometry": { "type": "Point", "coordinates": [ 140.430258, 36.381594 ] } },
{ "type": "Feature", "properties": { "ID": 83308511701, "正式名称": "宮内歯科医院", "機関区分": 3, "都道府県コード": 8, "市区町村コード": 201, "所在地": "茨城県水戸市平須町１８２８ー１９２平須ビル１階", "緯度": 36.330015, "経度": 140.440605, "url": "https://www.iryou.teikyouseido.mhlw.go.jp/znk-web/juminkanja/S2430/initialize?prefCd=08&kikanCd=308511701&kikanKbn=3", "url2": null, "内容": "宮内歯科医院【3:歯科】茨城県水戸市平須町１８２８ー１９２平須ビル１階" }, "geometry": { "type": "Point", "coordinates": [ 140.440605, 36.330015 ] } },
{ "type": "Feature", "properties": { "ID": 83308511756, "正式名称": "古木歯科医院", "機関区分": 3, "都道府県コード": 8, "市区町村コード": 201, "所在地": "茨城県水戸市東野町１５２－５", "緯度": 36.325064, "経度": 140.450976, "url": "https://www.iryou.teikyouseido.mhlw.go.jp/znk-web/juminkanja/S2430/initialize?prefCd=08&kikanCd=308511756&kikanKbn=3", "url2": "http://www.furukidental.jp", "内容": "古木歯科医院【3:歯科】茨城県水戸市東野町１５２－５" }, "geometry": { "type": "Point", "coordinates": [ 140.450976, 36.325064 ] } },
{ "type": "Feature", "properties": { "ID": 83308511769, "正式名称": "スケガワ歯科医院", "機関区分": 3, "都道府県コード": 8, "市区町村コード": 201, "所在地": "茨城県水戸市上水戸１－１１－７", "緯度": 36.388906, "経度": 140.449229, "url": "https://www.iryou.teikyouseido.mhlw.go.jp/znk-web/juminkanja/S2430/initialize?prefCd=08&kikanCd=308511769&kikanKbn=3", "url2": "https://www.sukegawa-dental.com/", "内容": "スケガワ歯科医院【3:歯科】茨城県水戸市上水戸１－１１－７" }, "geometry": { "type": "Point", "coordinates": [ 140.449229, 36.388906 ] } },
{ "type": "Feature", "properties": { "ID": 83308511798, "正式名称": "白梅歯科医院", "機関区分": 3, "都道府県コード": 8, "市区町村コード": 201, "所在地": "茨城県水戸市白梅３－２－１８", "緯度": 36.362185, "経度": 140.479796, "url": "https://www.iryou.teikyouseido.mhlw.go.jp/znk-web/juminkanja/S2430/initialize?prefCd=08&kikanCd=308511798&kikanKbn=3", "url2": null, "内容": "白梅歯科医院【3:歯科】茨城県水戸市白梅３－２－１８" }, "geometry": { "type": "Point", "coordinates": [ 140.479796, 36.362185 ] } },
{ "type": "Feature", "properties": { "ID": 83308511815, "正式名称": "谷川歯科医院", "機関区分": 3, "都道府県コード": 8, "市区町村コード": 201, "所在地": "茨城県水戸市千波町２３７４－３９", "緯度": 36.359838, "経度": 140.448984, "url": "https://www.iryou.teikyouseido.mhlw.go.jp/znk-web/juminkanja/S2430/initialize?prefCd=08&kikanCd=308511815&kikanKbn=3", "url2": "http://www.tanikawa-dc.com", "内容": "谷川歯科医院【3:歯科】茨城県水戸市千波町２３７４－３９" }, "geometry": { "type": "Point", "coordinates": [ 140.448984, 36.359838 ] } },
{ "type": "Feature", "properties": { "ID": 83308511857, "正式名称": "関山歯科医院", "機関区分": 3, "都道府県コード": 8, "市区町村コード": 201, "所在地": "茨城県水戸市渡里町２７２２－１", "緯度": 36.404361, "経度": 140.431683, "url": "https://www.iryou.teikyouseido.mhlw.go.jp/znk-web/juminkanja/S2430/initialize?prefCd=08&kikanCd=308511857&kikanKbn=3", "url2": null, "内容": "関山歯科医院【3:歯科】茨城県水戸市渡里町２７２２－１" }, "geometry": { "type": "Point", "coordinates": [ 140.431683, 36.404361 ] } },
{ "type": "Feature", "properties": { "ID": 83308511873, "正式名称": "米川歯科医院", "機関区分": 3, "都道府県コード": 8, "市区町村コード": 201, "所在地": "茨城県水戸市平須町１８１９ー７３", "緯度": 36.329564, "経度": 140.43604, "url": "https://www.iryou.teikyouseido.mhlw.go.jp/znk-web/juminkanja/S2430/initialize?prefCd=08&kikanCd=308511873&kikanKbn=3", "url2": null, "内容": "米川歯科医院【3:歯科】茨城県水戸市平須町１８１９ー７３" }, "geometry": { "type": "Point", "coordinates": [ 140.43604, 36.329564 ] } },
{ "type": "Feature", "properties": { "ID": 83308511886, "正式名称": "かつら歯科クリニック", "機関区分": 3, "都道府県コード": 8, "市区町村コード": 310, "所在地": "茨城県東茨城郡城里町阿波山", "緯度": 36.509722, "経度": 140.370833, "url": "https://www.iryou.teikyouseido.mhlw.go.jp/znk-web/juminkanja/S2430/initialize?prefCd=08&kikanCd=308511886&kikanKbn=3", "url2": null, "内容": "かつら歯科クリニック【3:歯科】茨城県東茨城郡城里町阿波山" }, "geometry": { "type": "Point", "coordinates": [ 140.370833, 36.509722 ] } },
{ "type": "Feature", "properties": { "ID": 83308511974, "正式名称": "かぶとう歯科医院", "機関区分": 3, "都道府県コード": 8, "市区町村コード": 201, "所在地": "茨城県水戸市千波町２８７４番地２２", "緯度": 36.358201, "経度": 140.457653, "url": "https://www.iryou.teikyouseido.mhlw.go.jp/znk-web/juminkanja/S2430/initialize?prefCd=08&kikanCd=308511974&kikanKbn=3", "url2": null, "内容": "かぶとう歯科医院【3:歯科】茨城県水戸市千波町２８７４番地２２" }, "geometry": { "type": "Point", "coordinates": [ 140.457653, 36.358201 ] } },
{ "type": "Feature", "properties": { "ID": 83308511990, "正式名称": "医療法人社団慶仁会　うつぎざき歯科医院", "機関区分": 3, "都道府県コード": 8, "市区町村コード": 201, "所在地": "茨城県水戸市大塚町１８６３－２９", "緯度": 36.385154, "経度": 140.407503, "url": "https://www.iryou.teikyouseido.mhlw.go.jp/znk-web/juminkanja/S2430/initialize?prefCd=08&kikanCd=308511990&kikanKbn=3", "url2": "http://www.utsugizaki-dc.com", "内容": "医療法人社団慶仁会　うつぎざき歯科医院【3:歯科】茨城県水戸市大塚町１８６３－２９" }, "geometry": { "type": "Point", "coordinates": [ 140.407503, 36.385154 ] } },
{ "type": "Feature", "properties": { "ID": 83308512001, "正式名称": "医療法人社団Ｊ’ｓ会ジェイズ歯科", "機関区分": 3, "都道府県コード": 8, "市区町村コード": 201, "所在地": "茨城県水戸市袴塚１－７－８", "緯度": 36.395513, "経度": 140.447619, "url": "https://www.iryou.teikyouseido.mhlw.go.jp/znk-web/juminkanja/S2430/initialize?prefCd=08&kikanCd=308512001&kikanKbn=3", "url2": "http://www.js-shika.com", "内容": "医療法人社団Ｊ’ｓ会ジェイズ歯科【3:歯科】茨城県水戸市袴塚１－７－８" }, "geometry": { "type": "Point", "coordinates": [ 140.447619, 36.395513 ] } },
{ "type": "Feature", "properties": { "ID": 83308512014, "正式名称": "うすい歯科医院", "機関区分": 3, "都道府県コード": 8, "市区町村コード": 201, "所在地": "茨城県水戸市中央２－２－１１", "緯度": 36.367621, "経度": 140.470142, "url": "https://www.iryou.teikyouseido.mhlw.go.jp/znk-web/juminkanja/S2430/initialize?prefCd=08&kikanCd=308512014&kikanKbn=3", "url2": "http://www.81483.jp", "内容": "うすい歯科医院【3:歯科】茨城県水戸市中央２－２－１１" }, "geometry": { "type": "Point", "coordinates": [ 140.470142, 36.367621 ] } },
{ "type": "Feature", "properties": { "ID": 83308512027, "正式名称": "松尾歯科医院", "機関区分": 3, "都道府県コード": 8, "市区町村コード": 201, "所在地": "茨城県水戸市元吉田町１６３０−４", "緯度": 36.352776, "経度": 140.480375, "url": "https://www.iryou.teikyouseido.mhlw.go.jp/znk-web/juminkanja/S2430/initialize?prefCd=08&kikanCd=308512027&kikanKbn=3", "url2": null, "内容": "松尾歯科医院【3:歯科】茨城県水戸市元吉田町１６３０−４" }, "geometry": { "type": "Point", "coordinates": [ 140.480375, 36.352776 ] } },
{ "type": "Feature", "properties": { "ID": 83308512030, "正式名称": "たかだ歯科医院", "機関区分": 3, "都道府県コード": 8, "市区町村コード": 201, "所在地": "茨城県水戸市栗崎町１３９４－１", "緯度": 36.346607, "経度": 140.526565, "url": "https://www.iryou.teikyouseido.mhlw.go.jp/znk-web/juminkanja/S2430/initialize?prefCd=08&kikanCd=308512030&kikanKbn=3", "url2": "https://takada-dental1394.com/", "内容": "たかだ歯科医院【3:歯科】茨城県水戸市栗崎町１３９４－１" }, "geometry": { "type": "Point", "coordinates": [ 140.526565, 36.346607 ] } },
{ "type": "Feature", "properties": { "ID": 83308512043, "正式名称": "さくら歯科医院", "機関区分": 3, "都道府県コード": 8, "市区町村コード": 201, "所在地": "茨城県水戸市城東２－１－３５", "緯度": 36.369554, "経度": 140.492904, "url": "https://www.iryou.teikyouseido.mhlw.go.jp/znk-web/juminkanja/S2430/initialize?prefCd=08&kikanCd=308512043&kikanKbn=3", "url2": null, "内容": "さくら歯科医院【3:歯科】茨城県水戸市城東２－１－３５" }, "geometry": { "type": "Point", "coordinates": [ 140.492904, 36.369554 ] } },
{ "type": "Feature", "properties": { "ID": 83308512072, "正式名称": "大森矯正歯科クリニック", "機関区分": 3, "都道府県コード": 8, "市区町村コード": 201, "所在地": "茨城県水戸市見和３－１３９３－２", "緯度": 36.371279, "経度": 140.421989, "url": "https://www.iryou.teikyouseido.mhlw.go.jp/znk-web/juminkanja/S2430/initialize?prefCd=08&kikanCd=308512072&kikanKbn=3", "url2": "https://oo1182.com", "内容": "大森矯正歯科クリニック【3:歯科】茨城県水戸市見和３－１３９３－２" }, "geometry": { "type": "Point", "coordinates": [ 140.421989, 36.371279 ] } },
{ "type": "Feature", "properties": { "ID": 83308512098, "正式名称": "小川歯科", "機関区分": 3, "都道府県コード": 8, "市区町村コード": 201, "所在地": "茨城県水戸市見和３－６０６－３小川ビル１Ｆ", "緯度": 36.37809, "経度": 140.422705, "url": "https://www.iryou.teikyouseido.mhlw.go.jp/znk-web/juminkanja/S2430/initialize?prefCd=08&kikanCd=308512098&kikanKbn=3", "url2": null, "内容": "小川歯科【3:歯科】茨城県水戸市見和３－６０６－３小川ビル１Ｆ" }, "geometry": { "type": "Point", "coordinates": [ 140.422705, 36.37809 ] } },
{ "type": "Feature", "properties": { "ID": 83308512102, "正式名称": "大和歯科医院", "機関区分": 3, "都道府県コード": 8, "市区町村コード": 201, "所在地": "茨城県水戸市浜田１‐１７‐８", "緯度": 36.3640964, "経度": 140.5004562, "url": "https://www.iryou.teikyouseido.mhlw.go.jp/znk-web/juminkanja/S2430/initialize?prefCd=08&kikanCd=308512102&kikanKbn=3", "url2": null, "内容": "大和歯科医院【3:歯科】茨城県水戸市浜田１‐１７‐８" }, "geometry": { "type": "Point", "coordinates": [ 140.5004562, 36.3640964 ] } },
{ "type": "Feature", "properties": { "ID": 83308512115, "正式名称": "松崎歯科", "機関区分": 3, "都道府県コード": 8, "市区町村コード": 201, "所在地": "茨城県水戸市米沢町１１３－２", "緯度": 36.336548, "経度": 140.461117, "url": "https://www.iryou.teikyouseido.mhlw.go.jp/znk-web/juminkanja/S2430/initialize?prefCd=08&kikanCd=308512115&kikanKbn=3", "url2": "http://www.matsuzaki-dent.jp", "内容": "松崎歯科【3:歯科】茨城県水戸市米沢町１１３－２" }, "geometry": { "type": "Point", "coordinates": [ 140.461117, 36.336548 ] } },
{ "type": "Feature", "properties": { "ID": 83308512128, "正式名称": "そえだ歯科クリニック", "機関区分": 3, "都道府県コード": 8, "市区町村コード": 201, "所在地": "茨城県水戸市千波町２１４－８", "緯度": 36.361929, "経度": 140.460595, "url": "https://www.iryou.teikyouseido.mhlw.go.jp/znk-web/juminkanja/S2430/initialize?prefCd=08&kikanCd=308512128&kikanKbn=3", "url2": null, "内容": "そえだ歯科クリニック【3:歯科】茨城県水戸市千波町２１４－８" }, "geometry": { "type": "Point", "coordinates": [ 140.460595, 36.361929 ] } },
{ "type": "Feature", "properties": { "ID": 83308512131, "正式名称": "おおさわデンタルクリニック", "機関区分": 3, "都道府県コード": 8, "市区町村コード": 201, "所在地": "茨城県水戸市見川町２１３１－１４７６", "緯度": 36.361248, "経度": 140.424945, "url": "https://www.iryou.teikyouseido.mhlw.go.jp/znk-web/juminkanja/S2430/initialize?prefCd=08&kikanCd=308512131&kikanKbn=3", "url2": null, "内容": "おおさわデンタルクリニック【3:歯科】茨城県水戸市見川町２１３１－１４７６" }, "geometry": { "type": "Point", "coordinates": [ 140.424945, 36.361248 ] } },
{ "type": "Feature", "properties": { "ID": 83308512157, "正式名称": "大串歯科医院", "機関区分": 3, "都道府県コード": 8, "市区町村コード": 201, "所在地": "茨城県水戸市大串町９５７－４", "緯度": 36.337729, "経度": 140.543786, "url": "https://www.iryou.teikyouseido.mhlw.go.jp/znk-web/juminkanja/S2430/initialize?prefCd=08&kikanCd=308512157&kikanKbn=3", "url2": null, "内容": "大串歯科医院【3:歯科】茨城県水戸市大串町９５７－４" }, "geometry": { "type": "Point", "coordinates": [ 140.543786, 36.337729 ] } },
{ "type": "Feature", "properties": { "ID": 83308512186, "正式名称": "倉沢歯科医院", "機関区分": 3, "都道府県コード": 8, "市区町村コード": 201, "所在地": "茨城県水戸市元山町１－３－３７", "緯度": 36.379684, "経度": 140.454752, "url": "https://www.iryou.teikyouseido.mhlw.go.jp/znk-web/juminkanja/S2430/initialize?prefCd=08&kikanCd=308512186&kikanKbn=3", "url2": "https://kurasawa.dental-net.jp", "内容": "倉沢歯科医院【3:歯科】茨城県水戸市元山町１－３－３７" }, "geometry": { "type": "Point", "coordinates": [ 140.454752, 36.379684 ] } },
{ "type": "Feature", "properties": { "ID": 83308512229, "正式名称": "青葉歯科クリニック", "機関区分": 3, "都道府県コード": 8, "市区町村コード": 201, "所在地": "茨城県水戸市大塚町１６７７－５", "緯度": 36.387803, "経度": 140.391062, "url": "https://www.iryou.teikyouseido.mhlw.go.jp/znk-web/juminkanja/S2430/initialize?prefCd=08&kikanCd=308512229&kikanKbn=3", "url2": null, "内容": "青葉歯科クリニック【3:歯科】茨城県水戸市大塚町１６７７－５" }, "geometry": { "type": "Point", "coordinates": [ 140.391062, 36.387803 ] } },
{ "type": "Feature", "properties": { "ID": 83308512232, "正式名称": "はら歯科クリニック", "機関区分": 3, "都道府県コード": 8, "市区町村コード": 201, "所在地": "茨城県水戸市酒門町１４２６－１", "緯度": 36.34253, "経度": 140.493275, "url": "https://www.iryou.teikyouseido.mhlw.go.jp/znk-web/juminkanja/S2430/initialize?prefCd=08&kikanCd=308512232&kikanKbn=3", "url2": null, "内容": "はら歯科クリニック【3:歯科】茨城県水戸市酒門町１４２６－１" }, "geometry": { "type": "Point", "coordinates": [ 140.493275, 36.34253 ] } },
{ "type": "Feature", "properties": { "ID": 83308512245, "正式名称": "田川歯科医院", "機関区分": 3, "都道府県コード": 8, "市区町村コード": 201, "所在地": "茨城県水戸市鯉淵町６００５－１", "緯度": 36.341357, "経度": 140.359252, "url": "https://www.iryou.teikyouseido.mhlw.go.jp/znk-web/juminkanja/S2430/initialize?prefCd=08&kikanCd=308512245&kikanKbn=3", "url2": null, "内容": "田川歯科医院【3:歯科】茨城県水戸市鯉淵町６００５－１" }, "geometry": { "type": "Point", "coordinates": [ 140.359252, 36.341357 ] } },
{ "type": "Feature", "properties": { "ID": 83308512261, "正式名称": "やす歯科", "機関区分": 3, "都道府県コード": 8, "市区町村コード": 201, "所在地": "茨城県水戸市大町２－２－７４", "緯度": 36.377879, "経度": 140.473515, "url": "https://www.iryou.teikyouseido.mhlw.go.jp/znk-web/juminkanja/S2430/initialize?prefCd=08&kikanCd=308512261&kikanKbn=3", "url2": null, "内容": "やす歯科【3:歯科】茨城県水戸市大町２－２－７４" }, "geometry": { "type": "Point", "coordinates": [ 140.473515, 36.377879 ] } },
{ "type": "Feature", "properties": { "ID": 83308512287, "正式名称": "村田歯科医院", "機関区分": 3, "都道府県コード": 8, "市区町村コード": 201, "所在地": "茨城県水戸市千波町１１９９－１１", "緯度": 36.365534, "経度": 140.467749, "url": "https://www.iryou.teikyouseido.mhlw.go.jp/znk-web/juminkanja/S2430/initialize?prefCd=08&kikanCd=308512287&kikanKbn=3", "url2": "http://www.murata-dental-mito.info/", "内容": "村田歯科医院【3:歯科】茨城県水戸市千波町１１９９－１１" }, "geometry": { "type": "Point", "coordinates": [ 140.467749, 36.365534 ] } },
{ "type": "Feature", "properties": { "ID": 83308512290, "正式名称": "水戸インプラントクリニックおおとも歯科", "機関区分": 3, "都道府県コード": 8, "市区町村コード": 201, "所在地": "茨城県水戸市見川　５－１３８－５９", "緯度": 36.373011, "経度": 140.429554, "url": "https://www.iryou.teikyouseido.mhlw.go.jp/znk-web/juminkanja/S2430/initialize?prefCd=08&kikanCd=308512290&kikanKbn=3", "url2": "http://www.otomo-sika.net/", "内容": "水戸インプラントクリニックおおとも歯科【3:歯科】茨城県水戸市見川　５－１３８－５９" }, "geometry": { "type": "Point", "coordinates": [ 140.429554, 36.373011 ] } },
{ "type": "Feature", "properties": { "ID": 83308512304, "正式名称": "けやき台歯科医院", "機関区分": 3, "都道府県コード": 8, "市区町村コード": 201, "所在地": "茨城県水戸市酒門町３２９８－１０", "緯度": 36.336107, "経度": 140.484436, "url": "https://www.iryou.teikyouseido.mhlw.go.jp/znk-web/juminkanja/S2430/initialize?prefCd=08&kikanCd=308512304&kikanKbn=3", "url2": null, "内容": "けやき台歯科医院【3:歯科】茨城県水戸市酒門町３２９８－１０" }, "geometry": { "type": "Point", "coordinates": [ 140.484436, 36.336107 ] } },
{ "type": "Feature", "properties": { "ID": 83308512333, "正式名称": "岡歯科医院", "機関区分": 3, "都道府県コード": 8, "市区町村コード": 201, "所在地": "茨城県水戸市柳町１－１４－３", "緯度": 36.365384, "経度": 140.487632, "url": "https://www.iryou.teikyouseido.mhlw.go.jp/znk-web/juminkanja/S2430/initialize?prefCd=08&kikanCd=308512333&kikanKbn=3", "url2": "https://itp.ne.jp/info/080601280100000899/", "内容": "岡歯科医院【3:歯科】茨城県水戸市柳町１－１４－３" }, "geometry": { "type": "Point", "coordinates": [ 140.487632, 36.365384 ] } },
{ "type": "Feature", "properties": { "ID": 83308512362, "正式名称": "たなか歯科医院", "機関区分": 3, "都道府県コード": 8, "市区町村コード": 201, "所在地": "茨城県水戸市元吉田町３１５－１４－１０１", "緯度": 36.354583, "経度": 140.472529, "url": "https://www.iryou.teikyouseido.mhlw.go.jp/znk-web/juminkanja/S2430/initialize?prefCd=08&kikanCd=308512362&kikanKbn=3", "url2": null, "内容": "たなか歯科医院【3:歯科】茨城県水戸市元吉田町３１５－１４－１０１" }, "geometry": { "type": "Point", "coordinates": [ 140.472529, 36.354583 ] } },
{ "type": "Feature", "properties": { "ID": 83308512421, "正式名称": "とびた歯科クリニック", "機関区分": 3, "都道府県コード": 8, "市区町村コード": 231, "所在地": "茨城県桜川市富士見台２－１０８", "緯度": 36.359722, "経度": 140.118056, "url": "https://www.iryou.teikyouseido.mhlw.go.jp/znk-web/juminkanja/S2430/initialize?prefCd=08&kikanCd=308512421&kikanKbn=3", "url2": "http://www.tobitasika.com", "内容": "とびた歯科クリニック【3:歯科】茨城県桜川市富士見台２－１０８" }, "geometry": { "type": "Point", "coordinates": [ 140.118056, 36.359722 ] } },
{ "type": "Feature", "properties": { "ID": 83308512447, "正式名称": "田澤歯科医院", "機関区分": 3, "都道府県コード": 8, "市区町村コード": 201, "所在地": "茨城県水戸市姫子２丁目３５２番地１８号", "緯度": 36.38028, "経度": 140.416078, "url": "https://www.iryou.teikyouseido.mhlw.go.jp/znk-web/juminkanja/S2430/initialize?prefCd=08&kikanCd=308512447&kikanKbn=3", "url2": "http://www.tazawa-dc.jp", "内容": "田澤歯科医院【3:歯科】茨城県水戸市姫子２丁目３５２番地１８号" }, "geometry": { "type": "Point", "coordinates": [ 140.416078, 36.38028 ] } },
{ "type": "Feature", "properties": { "ID": 83308512463, "正式名称": "つばき歯科医院", "機関区分": 3, "都道府県コード": 8, "市区町村コード": 201, "所在地": "茨城県水戸市笠原町９７８－２５茨城県開発公社ビル２Ｆ", "緯度": 36.343673, "経度": 140.445586, "url": "https://www.iryou.teikyouseido.mhlw.go.jp/znk-web/juminkanja/S2430/initialize?prefCd=08&kikanCd=308512463&kikanKbn=3", "url2": null, "内容": "つばき歯科医院【3:歯科】茨城県水戸市笠原町９７８－２５茨城県開発公社ビル２Ｆ" }, "geometry": { "type": "Point", "coordinates": [ 140.445586, 36.343673 ] } },
{ "type": "Feature", "properties": { "ID": 83308512476, "正式名称": "かいとう歯科医院", "機関区分": 3, "都道府県コード": 8, "市区町村コード": 236, "所在地": "茨城県小美玉市羽刈２８９−７４", "緯度": 36.250465, "経度": 140.30197, "url": "https://www.iryou.teikyouseido.mhlw.go.jp/znk-web/juminkanja/S2430/initialize?prefCd=08&kikanCd=308512476&kikanKbn=3", "url2": null, "内容": "かいとう歯科医院【3:歯科】茨城県小美玉市羽刈２８９−７４" }, "geometry": { "type": "Point", "coordinates": [ 140.30197, 36.250465 ] } },
{ "type": "Feature", "properties": { "ID": 83308512489, "正式名称": "レイクヒルひぬま歯科", "機関区分": 3, "都道府県コード": 8, "市区町村コード": 302, "所在地": "茨城県東茨城郡茨城町下石崎２３２４", "緯度": 36.28556, "経度": 140.512992, "url": "https://www.iryou.teikyouseido.mhlw.go.jp/znk-web/juminkanja/S2430/initialize?prefCd=08&kikanCd=308512489&kikanKbn=3", "url2": null, "内容": "レイクヒルひぬま歯科【3:歯科】茨城県東茨城郡茨城町下石崎２３２４" }, "geometry": { "type": "Point", "coordinates": [ 140.512992, 36.28556 ] } },
{ "type": "Feature", "properties": { "ID": 83308512506, "正式名称": "フカヤ歯科クリニック", "機関区分": 3, "都道府県コード": 8, "市区町村コード": 201, "所在地": "茨城県水戸市河和田２丁目１４番１１号", "緯度": 36.376389, "経度": 140.41, "url": "https://www.iryou.teikyouseido.mhlw.go.jp/znk-web/juminkanja/S2430/initialize?prefCd=08&kikanCd=308512506&kikanKbn=3", "url2": "http://www.fukaya-dc.com", "内容": "フカヤ歯科クリニック【3:歯科】茨城県水戸市河和田２丁目１４番１１号" }, "geometry": { "type": "Point", "coordinates": [ 140.41, 36.376389 ] } },
{ "type": "Feature", "properties": { "ID": 83308512519, "正式名称": "たかつち歯科医院", "機関区分": 3, "都道府県コード": 8, "市区町村コード": 302, "所在地": "茨城県東茨城郡茨城町前田", "緯度": 36.31, "経度": 140.441667, "url": "https://www.iryou.teikyouseido.mhlw.go.jp/znk-web/juminkanja/S2430/initialize?prefCd=08&kikanCd=308512519&kikanKbn=3", "url2": "http://www.takatsuchi-dc.com/", "内容": "たかつち歯科医院【3:歯科】茨城県東茨城郡茨城町前田" }, "geometry": { "type": "Point", "coordinates": [ 140.441667, 36.31 ] } },
{ "type": "Feature", "properties": { "ID": 83308512522, "正式名称": "大高歯科クリニック", "機関区分": 3, "都道府県コード": 8, "市区町村コード": 201, "所在地": "茨城県水戸市元吉田町８３７－２", "緯度": 36.35324, "経度": 140.476872, "url": "https://www.iryou.teikyouseido.mhlw.go.jp/znk-web/juminkanja/S2430/initialize?prefCd=08&kikanCd=308512522&kikanKbn=3", "url2": null, "内容": "大高歯科クリニック【3:歯科】茨城県水戸市元吉田町８３７－２" }, "geometry": { "type": "Point", "coordinates": [ 140.476872, 36.35324 ] } },
{ "type": "Feature", "properties": { "ID": 83308512535, "正式名称": "医療法人社団木村歯科医院", "機関区分": 3, "都道府県コード": 8, "市区町村コード": 201, "所在地": "茨城県水戸市中丸町５１７－６", "緯度": 36.389765, "経度": 140.405183, "url": "https://www.iryou.teikyouseido.mhlw.go.jp/znk-web/juminkanja/S2430/initialize?prefCd=08&kikanCd=308512535&kikanKbn=3", "url2": null, "内容": "医療法人社団木村歯科医院【3:歯科】茨城県水戸市中丸町５１７－６" }, "geometry": { "type": "Point", "coordinates": [ 140.405183, 36.389765 ] } },
{ "type": "Feature", "properties": { "ID": 83308512551, "正式名称": "あべ歯科クリニック", "機関区分": 3, "都道府県コード": 8, "市区町村コード": 216, "所在地": "茨城県笠間市泉", "緯度": 36.290571, "経度": 140.276701, "url": "https://www.iryou.teikyouseido.mhlw.go.jp/znk-web/juminkanja/S2430/initialize?prefCd=08&kikanCd=308512551&kikanKbn=3", "url2": "https://www.abeshika-clinic.com/", "内容": "あべ歯科クリニック【3:歯科】茨城県笠間市泉" }, "geometry": { "type": "Point", "coordinates": [ 140.276701, 36.290571 ] } },
{ "type": "Feature", "properties": { "ID": 83308512564, "正式名称": "医療法人　三笠会　笠原歯科", "機関区分": 3, "都道府県コード": 8, "市区町村コード": 201, "所在地": "茨城県水戸市笠原町８８７－１０", "緯度": 36.336619, "経度": 140.449717, "url": "https://www.iryou.teikyouseido.mhlw.go.jp/znk-web/juminkanja/S2430/initialize?prefCd=08&kikanCd=308512564&kikanKbn=3", "url2": "https://www.kasaharashika.com", "内容": "医療法人　三笠会　笠原歯科【3:歯科】茨城県水戸市笠原町８８７－１０" }, "geometry": { "type": "Point", "coordinates": [ 140.449717, 36.336619 ] } },
{ "type": "Feature", "properties": { "ID": 83308512577, "正式名称": "笠原中央歯科医院", "機関区分": 3, "都道府県コード": 8, "市区町村コード": 201, "所在地": "茨城県水戸市笠原町５６５－５", "緯度": 36.346942, "経度": 140.454794, "url": "https://www.iryou.teikyouseido.mhlw.go.jp/znk-web/juminkanja/S2430/initialize?prefCd=08&kikanCd=308512577&kikanKbn=3", "url2": null, "内容": "笠原中央歯科医院【3:歯科】茨城県水戸市笠原町５６５－５" }, "geometry": { "type": "Point", "coordinates": [ 140.454794, 36.346942 ] } },
{ "type": "Feature", "properties": { "ID": 83308512580, "正式名称": "川﨑歯科クリニック", "機関区分": 3, "都道府県コード": 8, "市区町村コード": 201, "所在地": "茨城県水戸市城東１－３－８イソラヴェラ２Ｆ", "緯度": 36.370269, "経度": 140.487561, "url": "https://www.iryou.teikyouseido.mhlw.go.jp/znk-web/juminkanja/S2430/initialize?prefCd=08&kikanCd=308512580&kikanKbn=3", "url2": null, "内容": "川﨑歯科クリニック【3:歯科】茨城県水戸市城東１－３－８イソラヴェラ２Ｆ" }, "geometry": { "type": "Point", "coordinates": [ 140.487561, 36.370269 ] } },
{ "type": "Feature", "properties": { "ID": 83308512593, "正式名称": "たかやま歯科医院", "機関区分": 3, "都道府県コード": 8, "市区町村コード": 201, "所在地": "茨城県水戸市青柳町４７５９－２", "緯度": 36.385285, "経度": 140.483714, "url": "https://www.iryou.teikyouseido.mhlw.go.jp/znk-web/juminkanja/S2430/initialize?prefCd=08&kikanCd=308512593&kikanKbn=3", "url2": null, "内容": "たかやま歯科医院【3:歯科】茨城県水戸市青柳町４７５９－２" }, "geometry": { "type": "Point", "coordinates": [ 140.483714, 36.385285 ] } },
{ "type": "Feature", "properties": { "ID": 83308512607, "正式名称": "かわかみ歯科クリニック", "機関区分": 3, "都道府県コード": 8, "市区町村コード": 201, "所在地": "茨城県水戸市吉沼町５１８－１", "緯度": 36.367003, "経度": 140.511234, "url": "https://www.iryou.teikyouseido.mhlw.go.jp/znk-web/juminkanja/S2430/initialize?prefCd=08&kikanCd=308512607&kikanKbn=3", "url2": "http://www.kawakamishika.net/index.html", "内容": "かわかみ歯科クリニック【3:歯科】茨城県水戸市吉沼町５１８－１" }, "geometry": { "type": "Point", "coordinates": [ 140.511234, 36.367003 ] } },
{ "type": "Feature", "properties": { "ID": 83308512610, "正式名称": "中央ビル歯科医院", "機関区分": 3, "都道府県コード": 8, "市区町村コード": 201, "所在地": "茨城県水戸市泉町２－３－２中央ビル７階", "緯度": 36.379077, "経度": 140.464014, "url": "https://www.iryou.teikyouseido.mhlw.go.jp/znk-web/juminkanja/S2430/initialize?prefCd=08&kikanCd=308512610&kikanKbn=3", "url2": null, "内容": "中央ビル歯科医院【3:歯科】茨城県水戸市泉町２－３－２中央ビル７階" }, "geometry": { "type": "Point", "coordinates": [ 140.464014, 36.379077 ] } },
{ "type": "Feature", "properties": { "ID": 83308512636, "正式名称": "やなぎだ歯科", "機関区分": 3, "都道府県コード": 8, "市区町村コード": 231, "所在地": "茨城県桜川市西飯岡", "緯度": 36.362778, "経度": 140.080833, "url": "https://www.iryou.teikyouseido.mhlw.go.jp/znk-web/juminkanja/S2430/initialize?prefCd=08&kikanCd=308512636&kikanKbn=3", "url2": "http://www.yanagida-dc.com", "内容": "やなぎだ歯科【3:歯科】茨城県桜川市西飯岡" }, "geometry": { "type": "Point", "coordinates": [ 140.080833, 36.362778 ] } },
{ "type": "Feature", "properties": { "ID": 83308512678, "正式名称": "ヴィース歯科クリニック", "機関区分": 3, "都道府県コード": 8, "市区町村コード": 201, "所在地": "茨城県水戸市百合が丘町８１４－１", "緯度": 36.343151, "経度": 140.505411, "url": "https://www.iryou.teikyouseido.mhlw.go.jp/znk-web/juminkanja/S2430/initialize?prefCd=08&kikanCd=308512678&kikanKbn=3", "url2": null, "内容": "ヴィース歯科クリニック【3:歯科】茨城県水戸市百合が丘町８１４－１" }, "geometry": { "type": "Point", "coordinates": [ 140.505411, 36.343151 ] } },
{ "type": "Feature", "properties": { "ID": 83308512681, "正式名称": "医療法人社団奎林会光林堂歯科医院", "機関区分": 3, "都道府県コード": 8, "市区町村コード": 236, "所在地": "茨城県小美玉市幡谷４０６－３", "緯度": 36.156389, "経度": 140.380556, "url": "https://www.iryou.teikyouseido.mhlw.go.jp/znk-web/juminkanja/S2430/initialize?prefCd=08&kikanCd=308512681&kikanKbn=3", "url2": "http://www.korindo-dc.com", "内容": "医療法人社団奎林会光林堂歯科医院【3:歯科】茨城県小美玉市幡谷４０６－３" }, "geometry": { "type": "Point", "coordinates": [ 140.380556, 36.156389 ] } },
{ "type": "Feature", "properties": { "ID": 83308512694, "正式名称": "泉歯科矯正歯科医院", "機関区分": 3, "都道府県コード": 8, "市区町村コード": 201, "所在地": "茨城県水戸市堀町１１０８－１１", "緯度": 36.399844, "経度": 140.433927, "url": "https://www.iryou.teikyouseido.mhlw.go.jp/znk-web/juminkanja/S2430/initialize?prefCd=08&kikanCd=308512694&kikanKbn=3", "url2": null, "内容": "泉歯科矯正歯科医院【3:歯科】茨城県水戸市堀町１１０８－１１" }, "geometry": { "type": "Point", "coordinates": [ 140.433927, 36.399844 ] } },
{ "type": "Feature", "properties": { "ID": 83308512711, "正式名称": "ひびの歯科", "機関区分": 3, "都道府県コード": 8, "市区町村コード": 231, "所在地": "茨城県桜川市南飯田９２９－３", "緯度": 36.386757, "経度": 140.13249, "url": "https://www.iryou.teikyouseido.mhlw.go.jp/znk-web/juminkanja/S2430/initialize?prefCd=08&kikanCd=308512711&kikanKbn=3", "url2": null, "内容": "ひびの歯科【3:歯科】茨城県桜川市南飯田９２９－３" }, "geometry": { "type": "Point", "coordinates": [ 140.13249, 36.386757 ] } },
{ "type": "Feature", "properties": { "ID": 83308512724, "正式名称": "浅田歯科医院", "機関区分": 3, "都道府県コード": 8, "市区町村コード": 201, "所在地": "茨城県水戸市河和田１－１５１３－３２", "緯度": 36.374544, "経度": 140.416809, "url": "https://www.iryou.teikyouseido.mhlw.go.jp/znk-web/juminkanja/S2430/initialize?prefCd=08&kikanCd=308512724&kikanKbn=3", "url2": "http://asddc2061.com/index.html", "内容": "浅田歯科医院【3:歯科】茨城県水戸市河和田１－１５１３－３２" }, "geometry": { "type": "Point", "coordinates": [ 140.416809, 36.374544 ] } },
{ "type": "Feature", "properties": { "ID": 83308512737, "正式名称": "上田歯科クリニック", "機関区分": 3, "都道府県コード": 8, "市区町村コード": 201, "所在地": "茨城県水戸市西原１－１５－２１", "緯度": 36.390631, "経度": 140.443739, "url": "https://www.iryou.teikyouseido.mhlw.go.jp/znk-web/juminkanja/S2430/initialize?prefCd=08&kikanCd=308512737&kikanKbn=3", "url2": null, "内容": "上田歯科クリニック【3:歯科】茨城県水戸市西原１－１５－２１" }, "geometry": { "type": "Point", "coordinates": [ 140.443739, 36.390631 ] } },
{ "type": "Feature", "properties": { "ID": 83308512795, "正式名称": "ほうとく歯科", "機関区分": 3, "都道府県コード": 8, "市区町村コード": 201, "所在地": "茨城県水戸市河和田町４４０５−１１８", "緯度": 36.359071, "経度": 140.399027, "url": "https://www.iryou.teikyouseido.mhlw.go.jp/znk-web/juminkanja/S2430/initialize?prefCd=08&kikanCd=308512795&kikanKbn=3", "url2": null, "内容": "ほうとく歯科【3:歯科】茨城県水戸市河和田町４４０５−１１８" }, "geometry": { "type": "Point", "coordinates": [ 140.399027, 36.359071 ] } },
{ "type": "Feature", "properties": { "ID": 83308512809, "正式名称": "愛和歯科医院", "機関区分": 3, "都道府県コード": 8, "市区町村コード": 201, "所在地": "茨城県水戸市笠原町１０２９－２", "緯度": 36.352281, "経度": 140.45545, "url": "https://www.iryou.teikyouseido.mhlw.go.jp/znk-web/juminkanja/S2430/initialize?prefCd=08&kikanCd=308512809&kikanKbn=3", "url2": "https://aiwashika.com", "内容": "愛和歯科医院【3:歯科】茨城県水戸市笠原町１０２９－２" }, "geometry": { "type": "Point", "coordinates": [ 140.45545, 36.352281 ] } },
{ "type": "Feature", "properties": { "ID": 83308512825, "正式名称": "小澤歯科医院", "機関区分": 3, "都道府県コード": 8, "市区町村コード": 201, "所在地": "茨城県水戸市見川５−１２５−１０", "緯度": 36.371446, "経度": 140.431121, "url": "https://www.iryou.teikyouseido.mhlw.go.jp/znk-web/juminkanja/S2430/initialize?prefCd=08&kikanCd=308512825&kikanKbn=3", "url2": null, "内容": "小澤歯科医院【3:歯科】茨城県水戸市見川５−１２５−１０" }, "geometry": { "type": "Point", "coordinates": [ 140.431121, 36.371446 ] } },
{ "type": "Feature", "properties": { "ID": 83308512854, "正式名称": "モダンデンタル中庭歯科医院", "機関区分": 3, "都道府県コード": 8, "市区町村コード": 201, "所在地": "茨城県水戸市河和田２－１－７", "緯度": 36.380494, "経度": 140.410785, "url": "https://www.iryou.teikyouseido.mhlw.go.jp/znk-web/juminkanja/S2430/initialize?prefCd=08&kikanCd=308512854&kikanKbn=3", "url2": null, "内容": "モダンデンタル中庭歯科医院【3:歯科】茨城県水戸市河和田２－１－７" }, "geometry": { "type": "Point", "coordinates": [ 140.410785, 36.380494 ] } },
{ "type": "Feature", "properties": { "ID": 83308512867, "正式名称": "田崎歯科", "機関区分": 3, "都道府県コード": 8, "市区町村コード": 201, "所在地": "茨城県水戸市千波町２３６－３", "緯度": 36.363316, "経度": 140.462682, "url": "https://www.iryou.teikyouseido.mhlw.go.jp/znk-web/juminkanja/S2430/initialize?prefCd=08&kikanCd=308512867&kikanKbn=3", "url2": null, "内容": "田崎歯科【3:歯科】茨城県水戸市千波町２３６－３" }, "geometry": { "type": "Point", "coordinates": [ 140.462682, 36.363316 ] } },
{ "type": "Feature", "properties": { "ID": 83308512883, "正式名称": "すずき歯科クリニック", "機関区分": 3, "都道府県コード": 8, "市区町村コード": 201, "所在地": "茨城県水戸市吉沢町２７１－３", "緯度": 36.330783, "経度": 140.459185, "url": "https://www.iryou.teikyouseido.mhlw.go.jp/znk-web/juminkanja/S2430/initialize?prefCd=08&kikanCd=308512883&kikanKbn=3", "url2": null, "内容": "すずき歯科クリニック【3:歯科】茨城県水戸市吉沢町２７１－３" }, "geometry": { "type": "Point", "coordinates": [ 140.459185, 36.330783 ] } },
{ "type": "Feature", "properties": { "ID": 83308512926, "正式名称": "医療法人社団　ふたば歯科", "機関区分": 3, "都道府県コード": 8, "市区町村コード": 205, "所在地": "茨城県石岡市南台３－３４－２０", "緯度": 36.176944, "経度": 140.318056, "url": "https://www.iryou.teikyouseido.mhlw.go.jp/znk-web/juminkanja/S2430/initialize?prefCd=08&kikanCd=308512926&kikanKbn=3", "url2": null, "内容": "医療法人社団　ふたば歯科【3:歯科】茨城県石岡市南台３－３４－２０" }, "geometry": { "type": "Point", "coordinates": [ 140.318056, 36.176944 ] } },
{ "type": "Feature", "properties": { "ID": 83308512971, "正式名称": "佐久間歯科", "機関区分": 3, "都道府県コード": 8, "市区町村コード": 236, "所在地": "茨城県小美玉市堅１６１７ー１", "緯度": 36.232778, "経度": 140.353056, "url": "https://www.iryou.teikyouseido.mhlw.go.jp/znk-web/juminkanja/S2430/initialize?prefCd=08&kikanCd=308512971&kikanKbn=3", "url2": null, "内容": "佐久間歯科【3:歯科】茨城県小美玉市堅１６１７ー１" }, "geometry": { "type": "Point", "coordinates": [ 140.353056, 36.232778 ] } },
{ "type": "Feature", "properties": { "ID": 83308512984, "正式名称": "ファーストデンタルクリニック", "機関区分": 3, "都道府県コード": 8, "市区町村コード": 201, "所在地": "茨城県水戸市宮町１－１－１エクセル６Ｆ", "緯度": 36.371042, "経度": 140.475936, "url": "https://www.iryou.teikyouseido.mhlw.go.jp/znk-web/juminkanja/S2430/initialize?prefCd=08&kikanCd=308512984&kikanKbn=3", "url2": null, "内容": "ファーストデンタルクリニック【3:歯科】茨城県水戸市宮町１－１－１エクセル６Ｆ" }, "geometry": { "type": "Point", "coordinates": [ 140.475936, 36.371042 ] } },
{ "type": "Feature", "properties": { "ID": 83308512997, "正式名称": "医療法人光輝会　見和歯科クリニック", "機関区分": 3, "都道府県コード": 8, "市区町村コード": 201, "所在地": "茨城県水戸市見和二丁目２４６番地１　堤ビル３階", "緯度": 36.373716, "経度": 140.431974, "url": "https://www.iryou.teikyouseido.mhlw.go.jp/znk-web/juminkanja/S2430/initialize?prefCd=08&kikanCd=308512997&kikanKbn=3", "url2": "http://www.miwa-dental-clinic.jp", "内容": "医療法人光輝会　見和歯科クリニック【3:歯科】茨城県水戸市見和二丁目２４６番地１　堤ビル３階" }, "geometry": { "type": "Point", "coordinates": [ 140.431974, 36.373716 ] } },
{ "type": "Feature", "properties": { "ID": 83308513008, "正式名称": "大内歯科医院", "機関区分": 3, "都道府県コード": 8, "市区町村コード": 201, "所在地": "茨城県水戸市千波町２４７５－１１", "緯度": 36.365002, "経度": 140.450609, "url": "https://www.iryou.teikyouseido.mhlw.go.jp/znk-web/juminkanja/S2430/initialize?prefCd=08&kikanCd=308513008&kikanKbn=3", "url2": null, "内容": "大内歯科医院【3:歯科】茨城県水戸市千波町２４７５－１１" }, "geometry": { "type": "Point", "coordinates": [ 140.450609, 36.365002 ] } },
{ "type": "Feature", "properties": { "ID": 83308513011, "正式名称": "むろふし歯科", "機関区分": 3, "都道府県コード": 8, "市区町村コード": 201, "所在地": "茨城県水戸市元吉田町２１９７－１２", "緯度": 36.350523, "経度": 140.483438, "url": "https://www.iryou.teikyouseido.mhlw.go.jp/znk-web/juminkanja/S2430/initialize?prefCd=08&kikanCd=308513011&kikanKbn=3", "url2": "http://www.murofushi-sika.jp", "内容": "むろふし歯科【3:歯科】茨城県水戸市元吉田町２１９７－１２" }, "geometry": { "type": "Point", "coordinates": [ 140.483438, 36.350523 ] } },
{ "type": "Feature", "properties": { "ID": 83308513024, "正式名称": "水戸インプラント矯正歯科クリニック", "機関区分": 3, "都道府県コード": 8, "市区町村コード": 201, "所在地": "茨城県水戸市南町１－３－３６志村ビル５階", "緯度": 36.375748, "経度": 140.473525, "url": "https://www.iryou.teikyouseido.mhlw.go.jp/znk-web/juminkanja/S2430/initialize?prefCd=08&kikanCd=308513024&kikanKbn=3", "url2": "http://www.implant.cc", "内容": "水戸インプラント矯正歯科クリニック【3:歯科】茨城県水戸市南町１－３－３６志村ビル５階" }, "geometry": { "type": "Point", "coordinates": [ 140.473525, 36.375748 ] } },
{ "type": "Feature", "properties": { "ID": 83308513040, "正式名称": "塙歯科", "機関区分": 3, "都道府県コード": 8, "市区町村コード": 201, "所在地": "茨城県水戸市小吹町２５６８－４", "緯度": 36.342061, "経度": 140.436654, "url": "https://www.iryou.teikyouseido.mhlw.go.jp/znk-web/juminkanja/S2430/initialize?prefCd=08&kikanCd=308513040&kikanKbn=3", "url2": null, "内容": "塙歯科【3:歯科】茨城県水戸市小吹町２５６８－４" }, "geometry": { "type": "Point", "coordinates": [ 140.436654, 36.342061 ] } },
{ "type": "Feature", "properties": { "ID": 83308513053, "正式名称": "トヨシマデンタルクリニック", "機関区分": 3, "都道府県コード": 8, "市区町村コード": 302, "所在地": "茨城県東茨城郡茨城町長岡３４８０－１０１", "緯度": 36.302222, "経度": 140.446111, "url": "https://www.iryou.teikyouseido.mhlw.go.jp/znk-web/juminkanja/S2430/initialize?prefCd=08&kikanCd=308513053&kikanKbn=3", "url2": null, "内容": "トヨシマデンタルクリニック【3:歯科】茨城県東茨城郡茨城町長岡３４８０－１０１" }, "geometry": { "type": "Point", "coordinates": [ 140.446111, 36.302222 ] } },
{ "type": "Feature", "properties": { "ID": 83308513082, "正式名称": "金澤歯科医院", "機関区分": 3, "都道府県コード": 8, "市区町村コード": 201, "所在地": "茨城県水戸市新原２－５－９", "緯度": 36.394455, "経度": 140.439003, "url": "https://www.iryou.teikyouseido.mhlw.go.jp/znk-web/juminkanja/S2430/initialize?prefCd=08&kikanCd=308513082&kikanKbn=3", "url2": null, "内容": "金澤歯科医院【3:歯科】茨城県水戸市新原２－５－９" }, "geometry": { "type": "Point", "coordinates": [ 140.439003, 36.394455 ] } },
{ "type": "Feature", "properties": { "ID": 83308513095, "正式名称": "大金歯科医院", "機関区分": 3, "都道府県コード": 8, "市区町村コード": 201, "所在地": "茨城県水戸市五軒町２－１－１０", "緯度": 36.380491, "経度": 140.464023, "url": "https://www.iryou.teikyouseido.mhlw.go.jp/znk-web/juminkanja/S2430/initialize?prefCd=08&kikanCd=308513095&kikanKbn=3", "url2": null, "内容": "大金歯科医院【3:歯科】茨城県水戸市五軒町２－１－１０" }, "geometry": { "type": "Point", "coordinates": [ 140.464023, 36.380491 ] } },
{ "type": "Feature", "properties": { "ID": 83308513109, "正式名称": "いいじま矯正歯科", "機関区分": 3, "都道府県コード": 8, "市区町村コード": 201, "所在地": "茨城県水戸市宮町２－３－３８　ホテルシルバーイン３Ｆ", "緯度": 36.372719, "経度": 140.474783, "url": "https://www.iryou.teikyouseido.mhlw.go.jp/znk-web/juminkanja/S2430/initialize?prefCd=08&kikanCd=308513109&kikanKbn=3", "url2": "http://www.m3030.jp/", "内容": "いいじま矯正歯科【3:歯科】茨城県水戸市宮町２－３－３８　ホテルシルバーイン３Ｆ" }, "geometry": { "type": "Point", "coordinates": [ 140.474783, 36.372719 ] } },
{ "type": "Feature", "properties": { "ID": 83308513112, "正式名称": "御茶園通り歯科クリニック", "機関区分": 3, "都道府県コード": 8, "市区町村コード": 201, "所在地": "茨城県水戸市千波町４６２－６", "緯度": 36.36547, "経度": 140.452824, "url": "https://www.iryou.teikyouseido.mhlw.go.jp/znk-web/juminkanja/S2430/initialize?prefCd=08&kikanCd=308513112&kikanKbn=3", "url2": "http://www.osaen-dc.com", "内容": "御茶園通り歯科クリニック【3:歯科】茨城県水戸市千波町４６２－６" }, "geometry": { "type": "Point", "coordinates": [ 140.452824, 36.36547 ] } },
{ "type": "Feature", "properties": { "ID": 83308513125, "正式名称": "宇野デンタルクリニック", "機関区分": 3, "都道府県コード": 8, "市区町村コード": 309, "所在地": "茨城県東茨城郡大洗町桜道２５２", "緯度": 36.313611, "経度": 140.565278, "url": "https://www.iryou.teikyouseido.mhlw.go.jp/znk-web/juminkanja/S2430/initialize?prefCd=08&kikanCd=308513125&kikanKbn=3", "url2": null, "内容": "宇野デンタルクリニック【3:歯科】茨城県東茨城郡大洗町桜道２５２" }, "geometry": { "type": "Point", "coordinates": [ 140.565278, 36.313611 ] } },
{ "type": "Feature", "properties": { "ID": 83308513141, "正式名称": "医療法人緑生会　水戸エンゼル歯科クリニック", "機関区分": 3, "都道府県コード": 8, "市区町村コード": 201, "所在地": "茨城県水戸市見和２丁目２５３－９", "緯度": 36.374868, "経度": 140.432335, "url": "https://www.iryou.teikyouseido.mhlw.go.jp/znk-web/juminkanja/S2430/initialize?prefCd=08&kikanCd=308513141&kikanKbn=3", "url2": null, "内容": "医療法人緑生会　水戸エンゼル歯科クリニック【3:歯科】茨城県水戸市見和２丁目２５３－９" }, "geometry": { "type": "Point", "coordinates": [ 140.432335, 36.374868 ] } },
{ "type": "Feature", "properties": { "ID": 83308513167, "正式名称": "三の丸歯科医院", "機関区分": 3, "都道府県コード": 8, "市区町村コード": 201, "所在地": "茨城県水戸市三の丸１－１－２７", "緯度": 36.374312, "経度": 140.477872, "url": "https://www.iryou.teikyouseido.mhlw.go.jp/znk-web/juminkanja/S2430/initialize?prefCd=08&kikanCd=308513167&kikanKbn=3", "url2": null, "内容": "三の丸歯科医院【3:歯科】茨城県水戸市三の丸１－１－２７" }, "geometry": { "type": "Point", "coordinates": [ 140.477872, 36.374312 ] } },
{ "type": "Feature", "properties": { "ID": 83308513200, "正式名称": "こばなわ歯科医院", "機関区分": 3, "都道府県コード": 8, "市区町村コード": 236, "所在地": "茨城県小美玉市下馬場", "緯度": 36.161389, "経度": 140.370278, "url": "https://www.iryou.teikyouseido.mhlw.go.jp/znk-web/juminkanja/S2430/initialize?prefCd=08&kikanCd=308513200&kikanKbn=3", "url2": "http://www.kobanawashika.com", "内容": "こばなわ歯科医院【3:歯科】茨城県小美玉市下馬場" }, "geometry": { "type": "Point", "coordinates": [ 140.370278, 36.161389 ] } },
{ "type": "Feature", "properties": { "ID": 83308513226, "正式名称": "りかデンタルクリニック", "機関区分": 3, "都道府県コード": 8, "市区町村コード": 201, "所在地": "茨城県水戸市見和２－５０４－４", "緯度": 36.37727, "経度": 140.430957, "url": "https://www.iryou.teikyouseido.mhlw.go.jp/znk-web/juminkanja/S2430/initialize?prefCd=08&kikanCd=308513226&kikanKbn=3", "url2": null, "内容": "りかデンタルクリニック【3:歯科】茨城県水戸市見和２－５０４－４" }, "geometry": { "type": "Point", "coordinates": [ 140.430957, 36.37727 ] } },
{ "type": "Feature", "properties": { "ID": 83308513255, "正式名称": "いずみかわ歯科", "機関区分": 3, "都道府県コード": 8, "市区町村コード": 216, "所在地": "茨城県笠間市鯉淵６７４０－１０", "緯度": 36.349739, "経度": 140.332577, "url": "https://www.iryou.teikyouseido.mhlw.go.jp/znk-web/juminkanja/S2430/initialize?prefCd=08&kikanCd=308513255&kikanKbn=3", "url2": null, "内容": "いずみかわ歯科【3:歯科】茨城県笠間市鯉淵６７４０－１０" }, "geometry": { "type": "Point", "coordinates": [ 140.332577, 36.349739 ] } },
{ "type": "Feature", "properties": { "ID": 83308513271, "正式名称": "外山歯科医院", "機関区分": 3, "都道府県コード": 8, "市区町村コード": 201, "所在地": "茨城県水戸市大塚町１７４１−１１", "緯度": 36.393906, "経度": 140.391185, "url": "https://www.iryou.teikyouseido.mhlw.go.jp/znk-web/juminkanja/S2430/initialize?prefCd=08&kikanCd=308513271&kikanKbn=3", "url2": null, "内容": "外山歯科医院【3:歯科】茨城県水戸市大塚町１７４１−１１" }, "geometry": { "type": "Point", "coordinates": [ 140.391185, 36.393906 ] } },
{ "type": "Feature", "properties": { "ID": 83308513284, "正式名称": "水戸さくら通り歯科", "機関区分": 3, "都道府県コード": 8, "市区町村コード": 201, "所在地": "茨城県水戸市米沢町１４２－３", "緯度": 36.33755, "経度": 140.461513, "url": "https://www.iryou.teikyouseido.mhlw.go.jp/znk-web/juminkanja/S2430/initialize?prefCd=08&kikanCd=308513284&kikanKbn=3", "url2": "http://www.mitosakura-dc.com", "内容": "水戸さくら通り歯科【3:歯科】茨城県水戸市米沢町１４２－３" }, "geometry": { "type": "Point", "coordinates": [ 140.461513, 36.33755 ] } },
{ "type": "Feature", "properties": { "ID": 83308513314, "正式名称": "安藤歯科医院", "機関区分": 3, "都道府県コード": 8, "市区町村コード": 201, "所在地": "茨城県水戸市けやき台１－２３－１５", "緯度": 36.338033, "経度": 140.492008, "url": "https://www.iryou.teikyouseido.mhlw.go.jp/znk-web/juminkanja/S2430/initialize?prefCd=08&kikanCd=308513314&kikanKbn=3", "url2": "http://www.andodental.com/", "内容": "安藤歯科医院【3:歯科】茨城県水戸市けやき台１－２３－１５" }, "geometry": { "type": "Point", "coordinates": [ 140.492008, 36.338033 ] } },
{ "type": "Feature", "properties": { "ID": 83308513327, "正式名称": "上野医院歯科", "機関区分": 3, "都道府県コード": 8, "市区町村コード": 201, "所在地": "茨城県水戸市中丸町２６７", "緯度": 36.387465, "経度": 140.409057, "url": "https://www.iryou.teikyouseido.mhlw.go.jp/znk-web/juminkanja/S2430/initialize?prefCd=08&kikanCd=308513327&kikanKbn=3", "url2": "http://uenoiinshika.com/", "内容": "上野医院歯科【3:歯科】茨城県水戸市中丸町２６７" }, "geometry": { "type": "Point", "coordinates": [ 140.409057, 36.387465 ] } },
{ "type": "Feature", "properties": { "ID": 83308513330, "正式名称": "うめさと歯科クリニック", "機関区分": 3, "都道府県コード": 8, "市区町村コード": 216, "所在地": "茨城県笠間市下郷４４６８－２－５", "緯度": 36.293889, "経度": 140.282222, "url": "https://www.iryou.teikyouseido.mhlw.go.jp/znk-web/juminkanja/S2430/initialize?prefCd=08&kikanCd=308513330&kikanKbn=3", "url2": "http://www.umesato-dc.com/", "内容": "うめさと歯科クリニック【3:歯科】茨城県笠間市下郷４４６８－２－５" }, "geometry": { "type": "Point", "coordinates": [ 140.282222, 36.293889 ] } },
{ "type": "Feature", "properties": { "ID": 83308513343, "正式名称": "はせがわ歯科医院", "機関区分": 3, "都道府県コード": 8, "市区町村コード": 302, "所在地": "茨城県東茨城郡茨城町小鶴１２−５", "緯度": 36.291389, "経度": 140.43, "url": "https://www.iryou.teikyouseido.mhlw.go.jp/znk-web/juminkanja/S2430/initialize?prefCd=08&kikanCd=308513343&kikanKbn=3", "url2": "http://www.dental-hasegawa.com/", "内容": "はせがわ歯科医院【3:歯科】茨城県東茨城郡茨城町小鶴１２−５" }, "geometry": { "type": "Point", "coordinates": [ 140.43, 36.291389 ] } },
{ "type": "Feature", "properties": { "ID": 83308513372, "正式名称": "ふくはら歯科クリニック", "機関区分": 3, "都道府県コード": 8, "市区町村コード": 216, "所在地": "茨城県笠間市福原３０８０－４", "緯度": 36.356018, "経度": 140.197678, "url": "https://www.iryou.teikyouseido.mhlw.go.jp/znk-web/juminkanja/S2430/initialize?prefCd=08&kikanCd=308513372&kikanKbn=3", "url2": "http://www.fukuhara-dent.jp/", "内容": "ふくはら歯科クリニック【3:歯科】茨城県笠間市福原３０８０－４" }, "geometry": { "type": "Point", "coordinates": [ 140.197678, 36.356018 ] } },
{ "type": "Feature", "properties": { "ID": 83308513385, "正式名称": "東平歯科クリニック", "機関区分": 3, "都道府県コード": 8, "市区町村コード": 216, "所在地": "茨城県笠間市東平３－１－１２", "緯度": 36.349458, "経度": 140.3147, "url": "https://www.iryou.teikyouseido.mhlw.go.jp/znk-web/juminkanja/S2430/initialize?prefCd=08&kikanCd=308513385&kikanKbn=3", "url2": "http://www.higashidaira-dental-clinic.jp", "内容": "東平歯科クリニック【3:歯科】茨城県笠間市東平３－１－１２" }, "geometry": { "type": "Point", "coordinates": [ 140.3147, 36.349458 ] } },
{ "type": "Feature", "properties": { "ID": 83308513402, "正式名称": "みどりおか歯科クリニック", "機関区分": 3, "都道府県コード": 8, "市区町村コード": 201, "所在地": "茨城県水戸市千波町２８３２番地８６", "緯度": 36.356863, "経度": 140.453141, "url": "https://www.iryou.teikyouseido.mhlw.go.jp/znk-web/juminkanja/S2430/initialize?prefCd=08&kikanCd=308513402&kikanKbn=3", "url2": "https://www.ryokushinkai-clinic.com/", "内容": "みどりおか歯科クリニック【3:歯科】茨城県水戸市千波町２８３２番地８６" }, "geometry": { "type": "Point", "coordinates": [ 140.453141, 36.356863 ] } },
{ "type": "Feature", "properties": { "ID": 83308513431, "正式名称": "アキデンタルクリニック", "機関区分": 3, "都道府県コード": 8, "市区町村コード": 216, "所在地": "茨城県笠間市赤坂９－３", "緯度": 36.389722, "経度": 140.253889, "url": "https://www.iryou.teikyouseido.mhlw.go.jp/znk-web/juminkanja/S2430/initialize?prefCd=08&kikanCd=308513431&kikanKbn=3", "url2": null, "内容": "アキデンタルクリニック【3:歯科】茨城県笠間市赤坂９－３" }, "geometry": { "type": "Point", "coordinates": [ 140.253889, 36.389722 ] } },
{ "type": "Feature", "properties": { "ID": 83308513444, "正式名称": "くりの森ハートランド歯科クリニック", "機関区分": 3, "都道府県コード": 8, "市区町村コード": 216, "所在地": "茨城県笠間市平町１８７７－８", "緯度": 36.330556, "経度": 140.308333, "url": "https://www.iryou.teikyouseido.mhlw.go.jp/znk-web/juminkanja/S2430/initialize?prefCd=08&kikanCd=308513444&kikanKbn=3", "url2": "https://kurinomori-dc.com", "内容": "くりの森ハートランド歯科クリニック【3:歯科】茨城県笠間市平町１８７７－８" }, "geometry": { "type": "Point", "coordinates": [ 140.308333, 36.330556 ] } },
{ "type": "Feature", "properties": { "ID": 83308513457, "正式名称": "しろさとハートランド歯科クリニック", "機関区分": 3, "都道府県コード": 8, "市区町村コード": 310, "所在地": "茨城県東茨城郡城里町石塚１６４４−１", "緯度": 36.483279, "経度": 140.379766, "url": "https://www.iryou.teikyouseido.mhlw.go.jp/znk-web/juminkanja/S2430/initialize?prefCd=08&kikanCd=308513457&kikanKbn=3", "url2": null, "内容": "しろさとハートランド歯科クリニック【3:歯科】茨城県東茨城郡城里町石塚１６４４−１" }, "geometry": { "type": "Point", "coordinates": [ 140.379766, 36.483279 ] } },
{ "type": "Feature", "properties": { "ID": 83308513473, "正式名称": "プラス歯科クリニック", "機関区分": 3, "都道府県コード": 8, "市区町村コード": 201, "所在地": "茨城県水戸市笠原町２８５－１７", "緯度": 36.347658, "経度": 140.457253, "url": "https://www.iryou.teikyouseido.mhlw.go.jp/znk-web/juminkanja/S2430/initialize?prefCd=08&kikanCd=308513473&kikanKbn=3", "url2": null, "内容": "プラス歯科クリニック【3:歯科】茨城県水戸市笠原町２８５－１７" }, "geometry": { "type": "Point", "coordinates": [ 140.457253, 36.347658 ] } },
{ "type": "Feature", "properties": { "ID": 83308513486, "正式名称": "梅香歯科クリニック", "機関区分": 3, "都道府県コード": 8, "市区町村コード": 201, "所在地": "茨城県水戸市南町２－１－２１", "緯度": 36.375082, "経度": 140.469247, "url": "https://www.iryou.teikyouseido.mhlw.go.jp/znk-web/juminkanja/S2430/initialize?prefCd=08&kikanCd=308513486&kikanKbn=3", "url2": null, "内容": "梅香歯科クリニック【3:歯科】茨城県水戸市南町２－１－２１" }, "geometry": { "type": "Point", "coordinates": [ 140.469247, 36.375082 ] } },
{ "type": "Feature", "properties": { "ID": 83308513503, "正式名称": "てらかど歯科クリニック", "機関区分": 3, "都道府県コード": 8, "市区町村コード": 201, "所在地": "茨城県水戸市双葉台５－７９７－１", "緯度": 36.394078, "経度": 140.404749, "url": "https://www.iryou.teikyouseido.mhlw.go.jp/znk-web/juminkanja/S2430/initialize?prefCd=08&kikanCd=308513503&kikanKbn=3", "url2": "terakado-dental.wixsite.com/clinic", "内容": "てらかど歯科クリニック【3:歯科】茨城県水戸市双葉台５－７９７－１" }, "geometry": { "type": "Point", "coordinates": [ 140.404749, 36.394078 ] } },
{ "type": "Feature", "properties": { "ID": 83308513529, "正式名称": "ばば歯科クリニック", "機関区分": 3, "都道府県コード": 8, "市区町村コード": 201, "所在地": "茨城県水戸市根本２－５７３－１", "緯度": 36.383416, "経度": 140.469515, "url": "https://www.iryou.teikyouseido.mhlw.go.jp/znk-web/juminkanja/S2430/initialize?prefCd=08&kikanCd=308513529&kikanKbn=3", "url2": "http://babashika.com/", "内容": "ばば歯科クリニック【3:歯科】茨城県水戸市根本２－５７３－１" }, "geometry": { "type": "Point", "coordinates": [ 140.469515, 36.383416 ] } },
{ "type": "Feature", "properties": { "ID": 83308513545, "正式名称": "医療法人社団陵栄会水戸デンタルクリニック", "機関区分": 3, "都道府県コード": 8, "市区町村コード": 201, "所在地": "茨城県水戸市中央２－７－４１サンバレーＭＩＴＯ　１０３号室", "緯度": 36.366714, "経度": 140.470677, "url": "https://www.iryou.teikyouseido.mhlw.go.jp/znk-web/juminkanja/S2430/initialize?prefCd=08&kikanCd=308513545&kikanKbn=3", "url2": null, "内容": "医療法人社団陵栄会水戸デンタルクリニック【3:歯科】茨城県水戸市中央２－７－４１サンバレーＭＩＴＯ　１０３号室" }, "geometry": { "type": "Point", "coordinates": [ 140.470677, 36.366714 ] } },
{ "type": "Feature", "properties": { "ID": 83308513558, "正式名称": "かず歯科診療所", "機関区分": 3, "都道府県コード": 8, "市区町村コード": 201, "所在地": "茨城県水戸市元吉田町９１３－１アークヒルズ元吉田１Ａ", "緯度": 36.352827, "経度": 140.473265, "url": "https://www.iryou.teikyouseido.mhlw.go.jp/znk-web/juminkanja/S2430/initialize?prefCd=08&kikanCd=308513558&kikanKbn=3", "url2": "http://kazu-d-office.com/", "内容": "かず歯科診療所【3:歯科】茨城県水戸市元吉田町９１３－１アークヒルズ元吉田１Ａ" }, "geometry": { "type": "Point", "coordinates": [ 140.473265, 36.352827 ] } },
{ "type": "Feature", "properties": { "ID": 83308513561, "正式名称": "柴原歯科医院", "機関区分": 3, "都道府県コード": 8, "市区町村コード": 201, "所在地": "茨城県水戸市赤塚１－２１９－２", "緯度": 36.383263, "経度": 140.420254, "url": "https://www.iryou.teikyouseido.mhlw.go.jp/znk-web/juminkanja/S2430/initialize?prefCd=08&kikanCd=308513561&kikanKbn=3", "url2": null, "内容": "柴原歯科医院【3:歯科】茨城県水戸市赤塚１－２１９－２" }, "geometry": { "type": "Point", "coordinates": [ 140.420254, 36.383263 ] } },
{ "type": "Feature", "properties": { "ID": 83308513574, "正式名称": "ユービ歯科", "機関区分": 3, "都道府県コード": 8, "市区町村コード": 201, "所在地": "茨城県水戸市酒門町２９８０", "緯度": 36.341837, "経度": 140.498468, "url": "https://www.iryou.teikyouseido.mhlw.go.jp/znk-web/juminkanja/S2430/initialize?prefCd=08&kikanCd=308513574&kikanKbn=3", "url2": "http://www.ub-dental.com", "内容": "ユービ歯科【3:歯科】茨城県水戸市酒門町２９８０" }, "geometry": { "type": "Point", "coordinates": [ 140.498468, 36.341837 ] } },
{ "type": "Feature", "properties": { "ID": 83308513604, "正式名称": "ハートフル歯科クリニック", "機関区分": 3, "都道府県コード": 8, "市区町村コード": 201, "所在地": "茨城県水戸市堀町１７６２－１０", "緯度": 36.395946, "経度": 140.416966, "url": "https://www.iryou.teikyouseido.mhlw.go.jp/znk-web/juminkanja/S2430/initialize?prefCd=08&kikanCd=308513604&kikanKbn=3", "url2": null, "内容": "ハートフル歯科クリニック【3:歯科】茨城県水戸市堀町１７６２－１０" }, "geometry": { "type": "Point", "coordinates": [ 140.416966, 36.395946 ] } },
{ "type": "Feature", "properties": { "ID": 83308513617, "正式名称": "しまぶくろデンタルクリニック", "機関区分": 3, "都道府県コード": 8, "市区町村コード": 201, "所在地": "茨城県水戸市堀町４８１番地６", "緯度": 36.405144, "経度": 140.426027, "url": "https://www.iryou.teikyouseido.mhlw.go.jp/znk-web/juminkanja/S2430/initialize?prefCd=08&kikanCd=308513617&kikanKbn=3", "url2": "https://www.shima-dc-2018.com/", "内容": "しまぶくろデンタルクリニック【3:歯科】茨城県水戸市堀町４８１番地６" }, "geometry": { "type": "Point", "coordinates": [ 140.426027, 36.405144 ] } },
{ "type": "Feature", "properties": { "ID": 83308513633, "正式名称": "笠間さくら歯科", "機関区分": 3, "都道府県コード": 8, "市区町村コード": 216, "所在地": "茨城県笠間市鯉淵６２６９－１２", "緯度": 36.344475, "経度": 140.32576, "url": "https://www.iryou.teikyouseido.mhlw.go.jp/znk-web/juminkanja/S2430/initialize?prefCd=08&kikanCd=308513633&kikanKbn=3", "url2": "https://www.kasamasakurashika.com/", "内容": "笠間さくら歯科【3:歯科】茨城県笠間市鯉淵６２６９－１２" }, "geometry": { "type": "Point", "coordinates": [ 140.32576, 36.344475 ] } },
{ "type": "Feature", "properties": { "ID": 83308513646, "正式名称": "内原歯科医院", "機関区分": 3, "都道府県コード": 8, "市区町村コード": 201, "所在地": "茨城県水戸市内原町６４０－１", "緯度": 36.367214, "経度": 140.362766, "url": "https://www.iryou.teikyouseido.mhlw.go.jp/znk-web/juminkanja/S2430/initialize?prefCd=08&kikanCd=308513646&kikanKbn=3", "url2": "https://uchihara-shika.com", "内容": "内原歯科医院【3:歯科】茨城県水戸市内原町６４０－１" }, "geometry": { "type": "Point", "coordinates": [ 140.362766, 36.367214 ] } },
{ "type": "Feature", "properties": { "ID": 83308513659, "正式名称": "今井歯科クリニック", "機関区分": 3, "都道府県コード": 8, "市区町村コード": 201, "所在地": "茨城県水戸市南町３－１－１８", "緯度": 36.376041, "経度": 140.466921, "url": "https://www.iryou.teikyouseido.mhlw.go.jp/znk-web/juminkanja/S2430/initialize?prefCd=08&kikanCd=308513659&kikanKbn=3", "url2": "http://www.imai-shika.jp/", "内容": "今井歯科クリニック【3:歯科】茨城県水戸市南町３－１－１８" }, "geometry": { "type": "Point", "coordinates": [ 140.466921, 36.376041 ] } },
{ "type": "Feature", "properties": { "ID": 83308513675, "正式名称": "スマイルデンタルクリニック", "機関区分": 3, "都道府県コード": 8, "市区町村コード": 302, "所在地": "茨城県東茨城郡茨城町奥谷１８－４スマイルデンタルクリニック", "緯度": 36.286633, "経度": 140.4219, "url": "https://www.iryou.teikyouseido.mhlw.go.jp/znk-web/juminkanja/S2430/initialize?prefCd=08&kikanCd=308513675&kikanKbn=3", "url2": null, "内容": "スマイルデンタルクリニック【3:歯科】茨城県東茨城郡茨城町奥谷１８－４スマイルデンタルクリニック" }, "geometry": { "type": "Point", "coordinates": [ 140.4219, 36.286633 ] } },
{ "type": "Feature", "properties": { "ID": 83308513688, "正式名称": "Ｎ・Ｉデンタルクリニック", "機関区分": 3, "都道府県コード": 8, "市区町村コード": 201, "所在地": "茨城県水戸市河和田町５００５－３", "緯度": 36.371175, "経度": 140.41053, "url": "https://www.iryou.teikyouseido.mhlw.go.jp/znk-web/juminkanja/S2430/initialize?prefCd=08&kikanCd=308513688&kikanKbn=3", "url2": null, "内容": "Ｎ・Ｉデンタルクリニック【3:歯科】茨城県水戸市河和田町５００５－３" }, "geometry": { "type": "Point", "coordinates": [ 140.41053, 36.371175 ] } },
{ "type": "Feature", "properties": { "ID": 83308520013, "正式名称": "神里歯科医院", "機関区分": 3, "都道府県コード": 8, "市区町村コード": 216, "所在地": "茨城県笠間市笠間１２５６", "緯度": 36.3825, "経度": 140.257778, "url": "https://www.iryou.teikyouseido.mhlw.go.jp/znk-web/juminkanja/S2430/initialize?prefCd=08&kikanCd=308520013&kikanKbn=3", "url2": null, "内容": "神里歯科医院【3:歯科】茨城県笠間市笠間１２５６" }, "geometry": { "type": "Point", "coordinates": [ 140.257778, 36.3825 ] } },
{ "type": "Feature", "properties": { "ID": 83308520026, "正式名称": "田崎歯科医院", "機関区分": 3, "都道府県コード": 8, "市区町村コード": 216, "所在地": "茨城県笠間市笠間", "緯度": 36.383056, "経度": 140.256389, "url": "https://www.iryou.teikyouseido.mhlw.go.jp/znk-web/juminkanja/S2430/initialize?prefCd=08&kikanCd=308520026&kikanKbn=3", "url2": null, "内容": "田崎歯科医院【3:歯科】茨城県笠間市笠間" }, "geometry": { "type": "Point", "coordinates": [ 140.256389, 36.383056 ] } },
{ "type": "Feature", "properties": { "ID": 83308520055, "正式名称": "安藤歯科医院", "機関区分": 3, "都道府県コード": 8, "市区町村コード": 216, "所在地": "茨城県笠間市笠間１３９８", "緯度": 36.384322, "経度": 140.252999, "url": "https://www.iryou.teikyouseido.mhlw.go.jp/znk-web/juminkanja/S2430/initialize?prefCd=08&kikanCd=308520055&kikanKbn=3", "url2": null, "内容": "安藤歯科医院【3:歯科】茨城県笠間市笠間１３９８" }, "geometry": { "type": "Point", "coordinates": [ 140.252999, 36.384322 ] } },
{ "type": "Feature", "properties": { "ID": 83308520084, "正式名称": "塙歯科医院", "機関区分": 3, "都道府県コード": 8, "市区町村コード": 216, "所在地": "茨城県笠間市笠間１９４９－２", "緯度": 36.373333, "経度": 140.254167, "url": "https://www.iryou.teikyouseido.mhlw.go.jp/znk-web/juminkanja/S2430/initialize?prefCd=08&kikanCd=308520084&kikanKbn=3", "url2": "http://www.hanawa.dental-net.jp", "内容": "塙歯科医院【3:歯科】茨城県笠間市笠間１９４９－２" }, "geometry": { "type": "Point", "coordinates": [ 140.254167, 36.373333 ] } },
{ "type": "Feature", "properties": { "ID": 83308520198, "正式名称": "太田歯科医院", "機関区分": 3, "都道府県コード": 8, "市区町村コード": 231, "所在地": "茨城県桜川市岩瀬２１－２", "緯度": 36.356944, "経度": 140.114444, "url": "https://www.iryou.teikyouseido.mhlw.go.jp/znk-web/juminkanja/S2430/initialize?prefCd=08&kikanCd=308520198&kikanKbn=3", "url2": null, "内容": "太田歯科医院【3:歯科】茨城県桜川市岩瀬２１－２" }, "geometry": { "type": "Point", "coordinates": [ 140.114444, 36.356944 ] } },
{ "type": "Feature", "properties": { "ID": 83308520228, "正式名称": "目黒歯科医院", "機関区分": 3, "都道府県コード": 8, "市区町村コード": 231, "所在地": "茨城県桜川市岩瀬１４３", "緯度": 36.3619, "経度": 140.10873, "url": "https://www.iryou.teikyouseido.mhlw.go.jp/znk-web/juminkanja/S2430/initialize?prefCd=08&kikanCd=308520228&kikanKbn=3", "url2": null, "内容": "目黒歯科医院【3:歯科】茨城県桜川市岩瀬１４３" }, "geometry": { "type": "Point", "coordinates": [ 140.10873, 36.3619 ] } },
{ "type": "Feature", "properties": { "ID": 83308520244, "正式名称": "清宮歯科医院", "機関区分": 3, "都道府県コード": 8, "市区町村コード": 216, "所在地": "茨城県笠間市平町１７２０－３１", "緯度": 36.333889, "経度": 140.314444, "url": "https://www.iryou.teikyouseido.mhlw.go.jp/znk-web/juminkanja/S2430/initialize?prefCd=08&kikanCd=308520244&kikanKbn=3", "url2": null, "内容": "清宮歯科医院【3:歯科】茨城県笠間市平町１７２０－３１" }, "geometry": { "type": "Point", "coordinates": [ 140.314444, 36.333889 ] } },
{ "type": "Feature", "properties": { "ID": 83308520257, "正式名称": "清浦歯科", "機関区分": 3, "都道府県コード": 8, "市区町村コード": 216, "所在地": "茨城県笠間市橋爪９２７", "緯度": 36.3325, "経度": 140.302222, "url": "https://www.iryou.teikyouseido.mhlw.go.jp/znk-web/juminkanja/S2430/initialize?prefCd=08&kikanCd=308520257&kikanKbn=3", "url2": "https://kiyoura-shika.com", "内容": "清浦歯科【3:歯科】茨城県笠間市橋爪９２７" }, "geometry": { "type": "Point", "coordinates": [ 140.302222, 36.3325 ] } },
{ "type": "Feature", "properties": { "ID": 83308520286, "正式名称": "つなかわ歯科医院", "機関区分": 3, "都道府県コード": 8, "市区町村コード": 216, "所在地": "茨城県笠間市笠間１９５８", "緯度": 36.372778, "経度": 140.256111, "url": "https://www.iryou.teikyouseido.mhlw.go.jp/znk-web/juminkanja/S2430/initialize?prefCd=08&kikanCd=308520286&kikanKbn=3", "url2": null, "内容": "つなかわ歯科医院【3:歯科】茨城県笠間市笠間１９５８" }, "geometry": { "type": "Point", "coordinates": [ 140.256111, 36.372778 ] } },
{ "type": "Feature", "properties": { "ID": 83308520299, "正式名称": "湊歯科医院", "機関区分": 3, "都道府県コード": 8, "市区町村コード": 216, "所在地": "茨城県笠間市石井１０２５－１", "緯度": 36.383889, "経度": 140.247778, "url": "https://www.iryou.teikyouseido.mhlw.go.jp/znk-web/juminkanja/S2430/initialize?prefCd=08&kikanCd=308520299&kikanKbn=3", "url2": "http://ksm-minato-dc.com", "内容": "湊歯科医院【3:歯科】茨城県笠間市石井１０２５－１" }, "geometry": { "type": "Point", "coordinates": [ 140.247778, 36.383889 ] } },
{ "type": "Feature", "properties": { "ID": 83308520303, "正式名称": "仲田歯科医院", "機関区分": 3, "都道府県コード": 8, "市区町村コード": 216, "所在地": "茨城県笠間市下郷４４２５−１５", "緯度": 36.288611, "経度": 140.276944, "url": "https://www.iryou.teikyouseido.mhlw.go.jp/znk-web/juminkanja/S2430/initialize?prefCd=08&kikanCd=308520303&kikanKbn=3", "url2": "https://nakata-dental.jp/machine.html", "内容": "仲田歯科医院【3:歯科】茨城県笠間市下郷４４２５−１５" }, "geometry": { "type": "Point", "coordinates": [ 140.276944, 36.288611 ] } },
{ "type": "Feature", "properties": { "ID": 83308520329, "正式名称": "大沢歯科", "機関区分": 3, "都道府県コード": 8, "市区町村コード": 216, "所在地": "茨城県笠間市下郷４５４２－１３６", "緯度": 36.294444, "経度": 140.286389, "url": "https://www.iryou.teikyouseido.mhlw.go.jp/znk-web/juminkanja/S2430/initialize?prefCd=08&kikanCd=308520329&kikanKbn=3", "url2": null, "内容": "大沢歯科【3:歯科】茨城県笠間市下郷４５４２－１３６" }, "geometry": { "type": "Point", "coordinates": [ 140.286389, 36.294444 ] } },
{ "type": "Feature", "properties": { "ID": 83308520332, "正式名称": "河村歯科医院", "機関区分": 3, "都道府県コード": 8, "市区町村コード": 216, "所在地": "茨城県笠間市笠間２２８－２", "緯度": 36.390326, "経度": 140.256421, "url": "https://www.iryou.teikyouseido.mhlw.go.jp/znk-web/juminkanja/S2430/initialize?prefCd=08&kikanCd=308520332&kikanKbn=3", "url2": null, "内容": "河村歯科医院【3:歯科】茨城県笠間市笠間２２８－２" }, "geometry": { "type": "Point", "coordinates": [ 140.256421, 36.390326 ] } },
{ "type": "Feature", "properties": { "ID": 83308520358, "正式名称": "磯部歯科医院", "機関区分": 3, "都道府県コード": 8, "市区町村コード": 231, "所在地": "茨城県桜川市友部８１６ー３３", "緯度": 36.358844, "経度": 140.137527, "url": "https://www.iryou.teikyouseido.mhlw.go.jp/znk-web/juminkanja/S2430/initialize?prefCd=08&kikanCd=308520358&kikanKbn=3", "url2": null, "内容": "磯部歯科医院【3:歯科】茨城県桜川市友部８１６ー３３" }, "geometry": { "type": "Point", "coordinates": [ 140.137527, 36.358844 ] } },
{ "type": "Feature", "properties": { "ID": 83308520361, "正式名称": "中山歯科医院", "機関区分": 3, "都道府県コード": 8, "市区町村コード": 216, "所在地": "茨城県笠間市下郷４０８７－１", "緯度": 36.291944, "経度": 140.275278, "url": "https://www.iryou.teikyouseido.mhlw.go.jp/znk-web/juminkanja/S2430/initialize?prefCd=08&kikanCd=308520361&kikanKbn=3", "url2": null, "内容": "中山歯科医院【3:歯科】茨城県笠間市下郷４０８７－１" }, "geometry": { "type": "Point", "coordinates": [ 140.275278, 36.291944 ] } },
{ "type": "Feature", "properties": { "ID": 83308520390, "正式名称": "太田歯科医院", "機関区分": 3, "都道府県コード": 8, "市区町村コード": 216, "所在地": "茨城県笠間市笠間１７０９－１", "緯度": 36.378704, "経度": 140.247041, "url": "https://www.iryou.teikyouseido.mhlw.go.jp/znk-web/juminkanja/S2430/initialize?prefCd=08&kikanCd=308520390&kikanKbn=3", "url2": null, "内容": "太田歯科医院【3:歯科】茨城県笠間市笠間１７０９－１" }, "geometry": { "type": "Point", "coordinates": [ 140.247041, 36.378704 ] } },
{ "type": "Feature", "properties": { "ID": 83308520404, "正式名称": "富士見台歯科", "機関区分": 3, "都道府県コード": 8, "市区町村コード": 231, "所在地": "茨城県桜川市富士見台２－７２－１", "緯度": 36.360278, "経度": 140.119444, "url": "https://www.iryou.teikyouseido.mhlw.go.jp/znk-web/juminkanja/S2430/initialize?prefCd=08&kikanCd=308520404&kikanKbn=3", "url2": null, "内容": "富士見台歯科【3:歯科】茨城県桜川市富士見台２－７２－１" }, "geometry": { "type": "Point", "coordinates": [ 140.119444, 36.360278 ] } },
{ "type": "Feature", "properties": { "ID": 83308520417, "正式名称": "かさま歯科", "機関区分": 3, "都道府県コード": 8, "市区町村コード": 216, "所在地": "茨城県笠間市笠間１５４２－５", "緯度": 36.380278, "経度": 140.255, "url": "https://www.iryou.teikyouseido.mhlw.go.jp/znk-web/juminkanja/S2430/initialize?prefCd=08&kikanCd=308520417&kikanKbn=3", "url2": null, "内容": "かさま歯科【3:歯科】茨城県笠間市笠間１５４２－５" }, "geometry": { "type": "Point", "coordinates": [ 140.255, 36.380278 ] } },
{ "type": "Feature", "properties": { "ID": 83308520420, "正式名称": "奥田歯科医院", "機関区分": 3, "都道府県コード": 8, "市区町村コード": 216, "所在地": "茨城県笠間市旭町３２７－１", "緯度": 36.324444, "経度": 140.321111, "url": "https://www.iryou.teikyouseido.mhlw.go.jp/znk-web/juminkanja/S2430/initialize?prefCd=08&kikanCd=308520420&kikanKbn=3", "url2": "http://www.okuda.dental-office.jp", "内容": "奥田歯科医院【3:歯科】茨城県笠間市旭町３２７－１" }, "geometry": { "type": "Point", "coordinates": [ 140.321111, 36.324444 ] } },
{ "type": "Feature", "properties": { "ID": 83308520433, "正式名称": "菅谷歯科医院", "機関区分": 3, "都道府県コード": 8, "市区町村コード": 216, "所在地": "茨城県笠間市押辺５１３", "緯度": 36.287327, "経度": 140.30951, "url": "https://www.iryou.teikyouseido.mhlw.go.jp/znk-web/juminkanja/S2430/initialize?prefCd=08&kikanCd=308520433&kikanKbn=3", "url2": null, "内容": "菅谷歯科医院【3:歯科】茨城県笠間市押辺５１３" }, "geometry": { "type": "Point", "coordinates": [ 140.30951, 36.287327 ] } },
{ "type": "Feature", "properties": { "ID": 83308520446, "正式名称": "斉藤歯科医院", "機関区分": 3, "都道府県コード": 8, "市区町村コード": 216, "所在地": "茨城県笠間市泉２０７３", "緯度": 36.288282, "経度": 140.274823, "url": "https://www.iryou.teikyouseido.mhlw.go.jp/znk-web/juminkanja/S2430/initialize?prefCd=08&kikanCd=308520446&kikanKbn=3", "url2": null, "内容": "斉藤歯科医院【3:歯科】茨城県笠間市泉２０７３" }, "geometry": { "type": "Point", "coordinates": [ 140.274823, 36.288282 ] } },
{ "type": "Feature", "properties": { "ID": 83308520475, "正式名称": "たち歯科", "機関区分": 3, "都道府県コード": 8, "市区町村コード": 216, "所在地": "茨城県笠間市八雲", "緯度": 36.345278, "経度": 140.306111, "url": "https://www.iryou.teikyouseido.mhlw.go.jp/znk-web/juminkanja/S2430/initialize?prefCd=08&kikanCd=308520475&kikanKbn=3", "url2": "http://www.tachishika.jp", "内容": "たち歯科【3:歯科】茨城県笠間市八雲" }, "geometry": { "type": "Point", "coordinates": [ 140.306111, 36.345278 ] } },
{ "type": "Feature", "properties": { "ID": 83308520491, "正式名称": "赤津歯科", "機関区分": 3, "都道府県コード": 8, "市区町村コード": 216, "所在地": "茨城県笠間市長兎路５２５－１", "緯度": 36.301942, "経度": 140.338645, "url": "https://www.iryou.teikyouseido.mhlw.go.jp/znk-web/juminkanja/S2430/initialize?prefCd=08&kikanCd=308520491&kikanKbn=3", "url2": null, "内容": "赤津歯科【3:歯科】茨城県笠間市長兎路５２５－１" }, "geometry": { "type": "Point", "coordinates": [ 140.338645, 36.301942 ] } },
{ "type": "Feature", "properties": { "ID": 83308530087, "正式名称": "西垣歯科医院", "機関区分": 3, "都道府県コード": 8, "市区町村コード": 225, "所在地": "茨城県常陸大宮市上町３４３", "緯度": 36.546389, "経度": 140.415556, "url": "https://www.iryou.teikyouseido.mhlw.go.jp/znk-web/juminkanja/S2430/initialize?prefCd=08&kikanCd=308530087&kikanKbn=3", "url2": null, "内容": "西垣歯科医院【3:歯科】茨城県常陸大宮市上町３４３" }, "geometry": { "type": "Point", "coordinates": [ 140.415556, 36.546389 ] } },
{ "type": "Feature", "properties": { "ID": 83308530276, "正式名称": "那珂歯科クリニック", "機関区分": 3, "都道府県コード": 8, "市区町村コード": 226, "所在地": "茨城県那珂市菅谷６２０７", "緯度": 36.443326, "経度": 140.491907, "url": "https://www.iryou.teikyouseido.mhlw.go.jp/znk-web/juminkanja/S2430/initialize?prefCd=08&kikanCd=308530276&kikanKbn=3", "url2": null, "内容": "那珂歯科クリニック【3:歯科】茨城県那珂市菅谷６２０７" }, "geometry": { "type": "Point", "coordinates": [ 140.491907, 36.443326 ] } },
{ "type": "Feature", "properties": { "ID": 83308530292, "正式名称": "市野澤歯科医院", "機関区分": 3, "都道府県コード": 8, "市区町村コード": 225, "所在地": "茨城県常陸大宮市上村田３７４－１", "緯度": 36.5343, "経度": 140.420605, "url": "https://www.iryou.teikyouseido.mhlw.go.jp/znk-web/juminkanja/S2430/initialize?prefCd=08&kikanCd=308530292&kikanKbn=3", "url2": "https://www.ichinosawa-dc.com/", "内容": "市野澤歯科医院【3:歯科】茨城県常陸大宮市上村田３７４－１" }, "geometry": { "type": "Point", "coordinates": [ 140.420605, 36.5343 ] } },
{ "type": "Feature", "properties": { "ID": 83308530335, "正式名称": "吉川歯科医院", "機関区分": 3, "都道府県コード": 8, "市区町村コード": 226, "所在地": "茨城県那珂市額田北郷６０８", "緯度": 36.491187, "経度": 140.517525, "url": "https://www.iryou.teikyouseido.mhlw.go.jp/znk-web/juminkanja/S2430/initialize?prefCd=08&kikanCd=308530335&kikanKbn=3", "url2": "http://www.yoshidental.com", "内容": "吉川歯科医院【3:歯科】茨城県那珂市額田北郷６０８" }, "geometry": { "type": "Point", "coordinates": [ 140.517525, 36.491187 ] } },
{ "type": "Feature", "properties": { "ID": 83308530351, "正式名称": "大和田歯科医院", "機関区分": 3, "都道府県コード": 8, "市区町村コード": 225, "所在地": "茨城県常陸大宮市野口１５９４－２", "緯度": 36.550517, "経度": 140.329693, "url": "https://www.iryou.teikyouseido.mhlw.go.jp/znk-web/juminkanja/S2430/initialize?prefCd=08&kikanCd=308530351&kikanKbn=3", "url2": null, "内容": "大和田歯科医院【3:歯科】茨城県常陸大宮市野口１５９４－２" }, "geometry": { "type": "Point", "coordinates": [ 140.329693, 36.550517 ] } },
{ "type": "Feature", "properties": { "ID": 83308530364, "正式名称": "かみが歯科医院", "機関区分": 3, "都道府県コード": 8, "市区町村コード": 226, "所在地": "茨城県那珂市菅谷５４４７", "緯度": 36.44375, "経度": 140.50153, "url": "https://www.iryou.teikyouseido.mhlw.go.jp/znk-web/juminkanja/S2430/initialize?prefCd=08&kikanCd=308530364&kikanKbn=3", "url2": null, "内容": "かみが歯科医院【3:歯科】茨城県那珂市菅谷５４４７" }, "geometry": { "type": "Point", "coordinates": [ 140.50153, 36.44375 ] } },
{ "type": "Feature", "properties": { "ID": 83308530380, "正式名称": "ノグチ歯科", "機関区分": 3, "都道府県コード": 8, "市区町村コード": 225, "所在地": "茨城県常陸大宮市山方", "緯度": 36.623889, "経度": 140.405833, "url": "https://www.iryou.teikyouseido.mhlw.go.jp/znk-web/juminkanja/S2430/initialize?prefCd=08&kikanCd=308530380&kikanKbn=3", "url2": null, "内容": "ノグチ歯科【3:歯科】茨城県常陸大宮市山方" }, "geometry": { "type": "Point", "coordinates": [ 140.405833, 36.623889 ] } },
{ "type": "Feature", "properties": { "ID": 83308530407, "正式名称": "塩野歯科医院", "機関区分": 3, "都道府県コード": 8, "市区町村コード": 226, "所在地": "茨城県那珂市後台６８０－１", "緯度": 36.421944, "経度": 140.4925, "url": "https://www.iryou.teikyouseido.mhlw.go.jp/znk-web/juminkanja/S2430/initialize?prefCd=08&kikanCd=308530407&kikanKbn=3", "url2": "https://asougi0831.wixsite.com", "内容": "塩野歯科医院【3:歯科】茨城県那珂市後台６８０－１" }, "geometry": { "type": "Point", "coordinates": [ 140.4925, 36.421944 ] } },
{ "type": "Feature", "properties": { "ID": 83308530410, "正式名称": "水口歯科医院", "機関区分": 3, "都道府県コード": 8, "市区町村コード": 226, "所在地": "茨城県那珂市後台２７２７－１", "緯度": 36.431328, "経度": 140.48476, "url": "https://www.iryou.teikyouseido.mhlw.go.jp/znk-web/juminkanja/S2430/initialize?prefCd=08&kikanCd=308530410&kikanKbn=3", "url2": null, "内容": "水口歯科医院【3:歯科】茨城県那珂市後台２７２７－１" }, "geometry": { "type": "Point", "coordinates": [ 140.48476, 36.431328 ] } },
{ "type": "Feature", "properties": { "ID": 83308530436, "正式名称": "かわい歯科クリニック", "機関区分": 3, "都道府県コード": 8, "市区町村コード": 225, "所在地": "茨城県常陸大宮市鷹巣１５６３－１", "緯度": 36.567222, "経度": 140.408333, "url": "https://www.iryou.teikyouseido.mhlw.go.jp/znk-web/juminkanja/S2430/initialize?prefCd=08&kikanCd=308530436&kikanKbn=3", "url2": null, "内容": "かわい歯科クリニック【3:歯科】茨城県常陸大宮市鷹巣１５６３－１" }, "geometry": { "type": "Point", "coordinates": [ 140.408333, 36.567222 ] } },
{ "type": "Feature", "properties": { "ID": 83308530465, "正式名称": "市岡歯科医院", "機関区分": 3, "都道府県コード": 8, "市区町村コード": 226, "所在地": "茨城県那珂市飯田２８３０", "緯度": 36.460567, "経度": 140.449672, "url": "https://www.iryou.teikyouseido.mhlw.go.jp/znk-web/juminkanja/S2430/initialize?prefCd=08&kikanCd=308530465&kikanKbn=3", "url2": null, "内容": "市岡歯科医院【3:歯科】茨城県那珂市飯田２８３０" }, "geometry": { "type": "Point", "coordinates": [ 140.449672, 36.460567 ] } },
{ "type": "Feature", "properties": { "ID": 83308530481, "正式名称": "瓜連中央歯科クリニック", "機関区分": 3, "都道府県コード": 8, "市区町村コード": 226, "所在地": "茨城県那珂市瓜連１３２３", "緯度": 36.497778, "経度": 140.444167, "url": "https://www.iryou.teikyouseido.mhlw.go.jp/znk-web/juminkanja/S2430/initialize?prefCd=08&kikanCd=308530481&kikanKbn=3", "url2": "http://www.ucdclinic.com/", "内容": "瓜連中央歯科クリニック【3:歯科】茨城県那珂市瓜連１３２３" }, "geometry": { "type": "Point", "coordinates": [ 140.444167, 36.497778 ] } },
{ "type": "Feature", "properties": { "ID": 83308530540, "正式名称": "かわすみ歯科医院", "機関区分": 3, "都道府県コード": 8, "市区町村コード": 226, "所在地": "茨城県那珂市中里５９４－１", "緯度": 36.485556, "経度": 140.456389, "url": "https://www.iryou.teikyouseido.mhlw.go.jp/znk-web/juminkanja/S2430/initialize?prefCd=08&kikanCd=308530540&kikanKbn=3", "url2": null, "内容": "かわすみ歯科医院【3:歯科】茨城県那珂市中里５９４－１" }, "geometry": { "type": "Point", "coordinates": [ 140.456389, 36.485556 ] } },
{ "type": "Feature", "properties": { "ID": 83308530582, "正式名称": "白土歯科医院", "機関区分": 3, "都道府県コード": 8, "市区町村コード": 226, "所在地": "茨城県那珂市菅谷２４８６－２", "緯度": 36.447395, "経度": 140.504531, "url": "https://www.iryou.teikyouseido.mhlw.go.jp/znk-web/juminkanja/S2430/initialize?prefCd=08&kikanCd=308530582&kikanKbn=3", "url2": null, "内容": "白土歯科医院【3:歯科】茨城県那珂市菅谷２４８６－２" }, "geometry": { "type": "Point", "coordinates": [ 140.504531, 36.447395 ] } },
{ "type": "Feature", "properties": { "ID": 83308530595, "正式名称": "大串歯科医院", "機関区分": 3, "都道府県コード": 8, "市区町村コード": 225, "所在地": "茨城県常陸大宮市上町３１０", "緯度": 36.549305, "経度": 140.412, "url": "https://www.iryou.teikyouseido.mhlw.go.jp/znk-web/juminkanja/S2430/initialize?prefCd=08&kikanCd=308530595&kikanKbn=3", "url2": null, "内容": "大串歯科医院【3:歯科】茨城県常陸大宮市上町３１０" }, "geometry": { "type": "Point", "coordinates": [ 140.412, 36.549305 ] } },
{ "type": "Feature", "properties": { "ID": 83308530612, "正式名称": "はたそめ歯科医院", "機関区分": 3, "都道府県コード": 8, "市区町村コード": 212, "所在地": "茨城県常陸太田市幡町１９１４―７", "緯度": 36.54663, "経度": 140.54767, "url": "https://www.iryou.teikyouseido.mhlw.go.jp/znk-web/juminkanja/S2430/initialize?prefCd=08&kikanCd=308530612&kikanKbn=3", "url2": null, "内容": "はたそめ歯科医院【3:歯科】茨城県常陸太田市幡町１９１４―７" }, "geometry": { "type": "Point", "coordinates": [ 140.54767, 36.54663 ] } },
{ "type": "Feature", "properties": { "ID": 83308530641, "正式名称": "エンゼル歯科医院", "機関区分": 3, "都道府県コード": 8, "市区町村コード": 225, "所在地": "茨城県常陸大宮市石沢１８３０ー４", "緯度": 36.540245, "経度": 140.41144, "url": "https://www.iryou.teikyouseido.mhlw.go.jp/znk-web/juminkanja/S2430/initialize?prefCd=08&kikanCd=308530641&kikanKbn=3", "url2": null, "内容": "エンゼル歯科医院【3:歯科】茨城県常陸大宮市石沢１８３０ー４" }, "geometry": { "type": "Point", "coordinates": [ 140.41144, 36.540245 ] } },
{ "type": "Feature", "properties": { "ID": 83308530654, "正式名称": "わかまつ歯科医院", "機関区分": 3, "都道府県コード": 8, "市区町村コード": 364, "所在地": "茨城県久慈郡大子町大子６１９", "緯度": 36.771961, "経度": 140.355601, "url": "https://www.iryou.teikyouseido.mhlw.go.jp/znk-web/juminkanja/S2430/initialize?prefCd=08&kikanCd=308530654&kikanKbn=3", "url2": null, "内容": "わかまつ歯科医院【3:歯科】茨城県久慈郡大子町大子６１９" }, "geometry": { "type": "Point", "coordinates": [ 140.355601, 36.771961 ] } },
{ "type": "Feature", "properties": { "ID": 83308530700, "正式名称": "常陸大宮市国民健康保険緒川歯科診療所", "機関区分": 3, "都道府県コード": 8, "市区町村コード": 225, "所在地": "茨城県常陸大宮市上小瀬１２５９", "緯度": 36.601944, "経度": 140.323056, "url": "https://www.iryou.teikyouseido.mhlw.go.jp/znk-web/juminkanja/S2430/initialize?prefCd=08&kikanCd=308530700&kikanKbn=3", "url2": "http://www.city.hitachiomiya.lg.jp/page/page000587.html", "内容": "常陸大宮市国民健康保険緒川歯科診療所【3:歯科】茨城県常陸大宮市上小瀬１２５９" }, "geometry": { "type": "Point", "coordinates": [ 140.323056, 36.601944 ] } },
{ "type": "Feature", "properties": { "ID": 83308530726, "正式名称": "コスモ歯科医院", "機関区分": 3, "都道府県コード": 8, "市区町村コード": 212, "所在地": "茨城県常陸太田市塙町３６０１", "緯度": 36.540607, "経度": 140.52434, "url": "https://www.iryou.teikyouseido.mhlw.go.jp/znk-web/juminkanja/S2430/initialize?prefCd=08&kikanCd=308530726&kikanKbn=3", "url2": null, "内容": "コスモ歯科医院【3:歯科】茨城県常陸太田市塙町３６０１" }, "geometry": { "type": "Point", "coordinates": [ 140.52434, 36.540607 ] } },
{ "type": "Feature", "properties": { "ID": 83308530739, "正式名称": "芳州園歯科医院", "機関区分": 3, "都道府県コード": 8, "市区町村コード": 226, "所在地": "茨城県那珂市菅谷４５７５－８", "緯度": 36.450278, "経度": 140.495278, "url": "https://www.iryou.teikyouseido.mhlw.go.jp/znk-web/juminkanja/S2430/initialize?prefCd=08&kikanCd=308530739&kikanKbn=3", "url2": "https://www.housyuen.com/", "内容": "芳州園歯科医院【3:歯科】茨城県那珂市菅谷４５７５－８" }, "geometry": { "type": "Point", "coordinates": [ 140.495278, 36.450278 ] } },
{ "type": "Feature", "properties": { "ID": 83308530768, "正式名称": "いちのせ歯科", "機関区分": 3, "都道府県コード": 8, "市区町村コード": 225, "所在地": "茨城県常陸大宮市野口２８３０－１", "緯度": 36.560978, "経度": 140.31322, "url": "https://www.iryou.teikyouseido.mhlw.go.jp/znk-web/juminkanja/S2430/initialize?prefCd=08&kikanCd=308530768&kikanKbn=3", "url2": null, "内容": "いちのせ歯科【3:歯科】茨城県常陸大宮市野口２８３０－１" }, "geometry": { "type": "Point", "coordinates": [ 140.31322, 36.560978 ] } },
{ "type": "Feature", "properties": { "ID": 83308530771, "正式名称": "やまぶき歯科", "機関区分": 3, "都道府県コード": 8, "市区町村コード": 212, "所在地": "茨城県常陸太田市内堀町３４５６", "緯度": 36.543682, "経度": 140.527037, "url": "https://www.iryou.teikyouseido.mhlw.go.jp/znk-web/juminkanja/S2430/initialize?prefCd=08&kikanCd=308530771&kikanKbn=3", "url2": "http://www.yamabuki-shika.com/", "内容": "やまぶき歯科【3:歯科】茨城県常陸太田市内堀町３４５６" }, "geometry": { "type": "Point", "coordinates": [ 140.527037, 36.543682 ] } },
{ "type": "Feature", "properties": { "ID": 83308530797, "正式名称": "ししど歯科クリニック", "機関区分": 3, "都道府県コード": 8, "市区町村コード": 226, "所在地": "茨城県那珂市中台７１５−１５", "緯度": 36.408333, "経度": 140.487778, "url": "https://www.iryou.teikyouseido.mhlw.go.jp/znk-web/juminkanja/S2430/initialize?prefCd=08&kikanCd=308530797&kikanKbn=3", "url2": "http://www.shishido-dc.com/", "内容": "ししど歯科クリニック【3:歯科】茨城県那珂市中台７１５−１５" }, "geometry": { "type": "Point", "coordinates": [ 140.487778, 36.408333 ] } },
{ "type": "Feature", "properties": { "ID": 83308530801, "正式名称": "ながしま・おとなこども・シニア歯科", "機関区分": 3, "都道府県コード": 8, "市区町村コード": 226, "所在地": "茨城県那珂市菅谷７６５－４", "緯度": 36.441111, "経度": 140.494722, "url": "https://www.iryou.teikyouseido.mhlw.go.jp/znk-web/juminkanja/S2430/initialize?prefCd=08&kikanCd=308530801&kikanKbn=3", "url2": "nagashima-dental.com", "内容": "ながしま・おとなこども・シニア歯科【3:歯科】茨城県那珂市菅谷７６５－４" }, "geometry": { "type": "Point", "coordinates": [ 140.494722, 36.441111 ] } },
{ "type": "Feature", "properties": { "ID": 83308530814, "正式名称": "立原歯科医院", "機関区分": 3, "都道府県コード": 8, "市区町村コード": 225, "所在地": "茨城県常陸大宮市下村田２３８７", "緯度": 36.518611, "経度": 140.434167, "url": "https://www.iryou.teikyouseido.mhlw.go.jp/znk-web/juminkanja/S2430/initialize?prefCd=08&kikanCd=308530814&kikanKbn=3", "url2": null, "内容": "立原歯科医院【3:歯科】茨城県常陸大宮市下村田２３８７" }, "geometry": { "type": "Point", "coordinates": [ 140.434167, 36.518611 ] } },
{ "type": "Feature", "properties": { "ID": 83308530827, "正式名称": "みのわ歯科", "機関区分": 3, "都道府県コード": 8, "市区町村コード": 225, "所在地": "茨城県常陸大宮市野中町３２７５－２１", "緯度": 36.556371, "経度": 140.399577, "url": "https://www.iryou.teikyouseido.mhlw.go.jp/znk-web/juminkanja/S2430/initialize?prefCd=08&kikanCd=308530827&kikanKbn=3", "url2": null, "内容": "みのわ歯科【3:歯科】茨城県常陸大宮市野中町３２７５－２１" }, "geometry": { "type": "Point", "coordinates": [ 140.399577, 36.556371 ] } },
{ "type": "Feature", "properties": { "ID": 83308530843, "正式名称": "小林デンタルクリニック", "機関区分": 3, "都道府県コード": 8, "市区町村コード": 226, "所在地": "茨城県那珂市後台３１０９", "緯度": 36.421389, "経度": 140.501111, "url": "https://www.iryou.teikyouseido.mhlw.go.jp/znk-web/juminkanja/S2430/initialize?prefCd=08&kikanCd=308530843&kikanKbn=3", "url2": null, "内容": "小林デンタルクリニック【3:歯科】茨城県那珂市後台３１０９" }, "geometry": { "type": "Point", "coordinates": [ 140.501111, 36.421389 ] } },
{ "type": "Feature", "properties": { "ID": 83308530869, "正式名称": "大森歯科・口腔外科", "機関区分": 3, "都道府県コード": 8, "市区町村コード": 212, "所在地": "茨城県常陸太田市西宮町１９０８", "緯度": 36.544122, "経度": 140.534403, "url": "https://www.iryou.teikyouseido.mhlw.go.jp/znk-web/juminkanja/S2430/initialize?prefCd=08&kikanCd=308530869&kikanKbn=3", "url2": "http://omori-ds.com", "内容": "大森歯科・口腔外科【3:歯科】茨城県常陸太田市西宮町１９０８" }, "geometry": { "type": "Point", "coordinates": [ 140.534403, 36.544122 ] } },
{ "type": "Feature", "properties": { "ID": 83308540022, "正式名称": "後藤歯科診療所", "機関区分": 3, "都道府県コード": 8, "市区町村コード": 212, "所在地": "茨城県常陸太田市木崎二町２０２１－７", "緯度": 36.53409, "経度": 140.525283, "url": "https://www.iryou.teikyouseido.mhlw.go.jp/znk-web/juminkanja/S2430/initialize?prefCd=08&kikanCd=308540022&kikanKbn=3", "url2": null, "内容": "後藤歯科診療所【3:歯科】茨城県常陸太田市木崎二町２０２１－７" }, "geometry": { "type": "Point", "coordinates": [ 140.525283, 36.53409 ] } },
{ "type": "Feature", "properties": { "ID": 83308540064, "正式名称": "福地歯科第二医院", "機関区分": 3, "都道府県コード": 8, "市区町村コード": 212, "所在地": "茨城県常陸太田市山下町１２０５－５", "緯度": 36.526521, "経度": 140.529388, "url": "https://www.iryou.teikyouseido.mhlw.go.jp/znk-web/juminkanja/S2430/initialize?prefCd=08&kikanCd=308540064&kikanKbn=3", "url2": null, "内容": "福地歯科第二医院【3:歯科】茨城県常陸太田市山下町１２０５－５" }, "geometry": { "type": "Point", "coordinates": [ 140.529388, 36.526521 ] } },
{ "type": "Feature", "properties": { "ID": 83308540080, "正式名称": "塩原歯科医院", "機関区分": 3, "都道府県コード": 8, "市区町村コード": 212, "所在地": "茨城県常陸太田市金井町３５５１－１", "緯度": 36.53889, "経度": 140.52945, "url": "https://www.iryou.teikyouseido.mhlw.go.jp/znk-web/juminkanja/S2430/initialize?prefCd=08&kikanCd=308540080&kikanKbn=3", "url2": null, "内容": "塩原歯科医院【3:歯科】茨城県常陸太田市金井町３５５１－１" }, "geometry": { "type": "Point", "coordinates": [ 140.52945, 36.53889 ] } },
{ "type": "Feature", "properties": { "ID": 83308540093, "正式名称": "寺門歯科医院", "機関区分": 3, "都道府県コード": 8, "市区町村コード": 212, "所在地": "茨城県常陸太田市上河合町１２６２", "緯度": 36.502778, "経度": 140.518333, "url": "https://www.iryou.teikyouseido.mhlw.go.jp/znk-web/juminkanja/S2430/initialize?prefCd=08&kikanCd=308540093&kikanKbn=3", "url2": null, "内容": "寺門歯科医院【3:歯科】茨城県常陸太田市上河合町１２６２" }, "geometry": { "type": "Point", "coordinates": [ 140.518333, 36.502778 ] } },
{ "type": "Feature", "properties": { "ID": 83308540165, "正式名称": "鴨志田歯科医院", "機関区分": 3, "都道府県コード": 8, "市区町村コード": 212, "所在地": "茨城県常陸太田市東二町２２４０−１", "緯度": 36.537222, "経度": 140.527222, "url": "https://www.iryou.teikyouseido.mhlw.go.jp/znk-web/juminkanja/S2430/initialize?prefCd=08&kikanCd=308540165&kikanKbn=3", "url2": null, "内容": "鴨志田歯科医院【3:歯科】茨城県常陸太田市東二町２２４０−１" }, "geometry": { "type": "Point", "coordinates": [ 140.527222, 36.537222 ] } },
{ "type": "Feature", "properties": { "ID": 83308540194, "正式名称": "成井歯科医院", "機関区分": 3, "都道府県コード": 8, "市区町村コード": 212, "所在地": "茨城県常陸太田市馬場町９３３", "緯度": 36.54945, "経度": 140.52339, "url": "https://www.iryou.teikyouseido.mhlw.go.jp/znk-web/juminkanja/S2430/initialize?prefCd=08&kikanCd=308540194&kikanKbn=3", "url2": null, "内容": "成井歯科医院【3:歯科】茨城県常陸太田市馬場町９３３" }, "geometry": { "type": "Point", "coordinates": [ 140.52339, 36.54945 ] } },
{ "type": "Feature", "properties": { "ID": 83308540208, "正式名称": "富永歯科医院", "機関区分": 3, "都道府県コード": 8, "市区町村コード": 212, "所在地": "茨城県常陸太田市国安町１６２０－１", "緯度": 36.591944, "経度": 140.490556, "url": "https://www.iryou.teikyouseido.mhlw.go.jp/znk-web/juminkanja/S2430/initialize?prefCd=08&kikanCd=308540208&kikanKbn=3", "url2": null, "内容": "富永歯科医院【3:歯科】茨城県常陸太田市国安町１６２０－１" }, "geometry": { "type": "Point", "coordinates": [ 140.490556, 36.591944 ] } },
{ "type": "Feature", "properties": { "ID": 83308540211, "正式名称": "梶山歯科クリニック", "機関区分": 3, "都道府県コード": 8, "市区町村コード": 212, "所在地": "茨城県常陸太田市木崎二町９２８－９", "緯度": 36.529167, "経度": 140.526667, "url": "https://www.iryou.teikyouseido.mhlw.go.jp/znk-web/juminkanja/S2430/initialize?prefCd=08&kikanCd=308540211&kikanKbn=3", "url2": "http://www.kajiyama-dental.com/", "内容": "梶山歯科クリニック【3:歯科】茨城県常陸太田市木崎二町９２８－９" }, "geometry": { "type": "Point", "coordinates": [ 140.526667, 36.529167 ] } },
{ "type": "Feature", "properties": { "ID": 83308540224, "正式名称": "永井歯科クリニック", "機関区分": 3, "都道府県コード": 8, "市区町村コード": 212, "所在地": "茨城県常陸太田市寿町５０１－１", "緯度": 36.541007, "経度": 140.520071, "url": "https://www.iryou.teikyouseido.mhlw.go.jp/znk-web/juminkanja/S2430/initialize?prefCd=08&kikanCd=308540224&kikanKbn=3", "url2": null, "内容": "永井歯科クリニック【3:歯科】茨城県常陸太田市寿町５０１－１" }, "geometry": { "type": "Point", "coordinates": [ 140.520071, 36.541007 ] } },
{ "type": "Feature", "properties": { "ID": 83308540253, "正式名称": "薄井歯科医院", "機関区分": 3, "都道府県コード": 8, "市区町村コード": 212, "所在地": "茨城県常陸太田市西二町２２０４−１", "緯度": 36.53958, "経度": 140.522994, "url": "https://www.iryou.teikyouseido.mhlw.go.jp/znk-web/juminkanja/S2430/initialize?prefCd=08&kikanCd=308540253&kikanKbn=3", "url2": null, "内容": "薄井歯科医院【3:歯科】茨城県常陸太田市西二町２２０４−１" }, "geometry": { "type": "Point", "coordinates": [ 140.522994, 36.53958 ] } },
{ "type": "Feature", "properties": { "ID": 83308540266, "正式名称": "菊池歯科クリニック", "機関区分": 3, "都道府県コード": 8, "市区町村コード": 212, "所在地": "茨城県常陸太田市馬場町", "緯度": 36.546667, "経度": 140.533056, "url": "https://www.iryou.teikyouseido.mhlw.go.jp/znk-web/juminkanja/S2430/initialize?prefCd=08&kikanCd=308540266&kikanKbn=3", "url2": "https://kikuchidc.jp", "内容": "菊池歯科クリニック【3:歯科】茨城県常陸太田市馬場町" }, "geometry": { "type": "Point", "coordinates": [ 140.533056, 36.546667 ] } },
{ "type": "Feature", "properties": { "ID": 83308540279, "正式名称": "小林医院歯科", "機関区分": 3, "都道府県コード": 8, "市区町村コード": 212, "所在地": "茨城県常陸太田市町田町２０９５", "緯度": 36.609167, "経度": 140.489167, "url": "https://www.iryou.teikyouseido.mhlw.go.jp/znk-web/juminkanja/S2430/initialize?prefCd=08&kikanCd=308540279&kikanKbn=3", "url2": null, "内容": "小林医院歯科【3:歯科】茨城県常陸太田市町田町２０９５" }, "geometry": { "type": "Point", "coordinates": [ 140.489167, 36.609167 ] } },
{ "type": "Feature", "properties": { "ID": 83308540282, "正式名称": "きくち歯科医院", "機関区分": 3, "都道府県コード": 8, "市区町村コード": 212, "所在地": "茨城県常陸太田市久米町２１２－１", "緯度": 36.538056, "経度": 140.480833, "url": "https://www.iryou.teikyouseido.mhlw.go.jp/znk-web/juminkanja/S2430/initialize?prefCd=08&kikanCd=308540282&kikanKbn=3", "url2": null, "内容": "きくち歯科医院【3:歯科】茨城県常陸太田市久米町２１２－１" }, "geometry": { "type": "Point", "coordinates": [ 140.480833, 36.538056 ] } },
{ "type": "Feature", "properties": { "ID": 83308550025, "正式名称": "荒蒔歯科医院", "機関区分": 3, "都道府県コード": 8, "市区町村コード": 202, "所在地": "茨城県日立市金沢町１ー２ー７", "緯度": 36.5425, "経度": 140.626667, "url": "https://www.iryou.teikyouseido.mhlw.go.jp/znk-web/juminkanja/S2430/initialize?prefCd=08&kikanCd=308550025&kikanKbn=3", "url2": null, "内容": "荒蒔歯科医院【3:歯科】茨城県日立市金沢町１ー２ー７" }, "geometry": { "type": "Point", "coordinates": [ 140.626667, 36.5425 ] } },
{ "type": "Feature", "properties": { "ID": 83308550142, "正式名称": "小島歯科医院", "機関区分": 3, "都道府県コード": 8, "市区町村コード": 202, "所在地": "茨城県日立市宮田町３－１０－４", "緯度": 36.604431, "経度": 140.654586, "url": "https://www.iryou.teikyouseido.mhlw.go.jp/znk-web/juminkanja/S2430/initialize?prefCd=08&kikanCd=308550142&kikanKbn=3", "url2": null, "内容": "小島歯科医院【3:歯科】茨城県日立市宮田町３－１０－４" }, "geometry": { "type": "Point", "coordinates": [ 140.654586, 36.604431 ] } },
{ "type": "Feature", "properties": { "ID": 83308550197, "正式名称": "須田歯科医院", "機関区分": 3, "都道府県コード": 8, "市区町村コード": 202, "所在地": "茨城県日立市桜川町１－６－１３", "緯度": 36.554444, "経度": 140.631667, "url": "https://www.iryou.teikyouseido.mhlw.go.jp/znk-web/juminkanja/S2430/initialize?prefCd=08&kikanCd=308550197&kikanKbn=3", "url2": "http://www.myclinic.ne.jp/sudadent/", "内容": "須田歯科医院【3:歯科】茨城県日立市桜川町１－６－１３" }, "geometry": { "type": "Point", "coordinates": [ 140.631667, 36.554444 ] } },
{ "type": "Feature", "properties": { "ID": 83308550201, "正式名称": "瀬尾歯科医院", "機関区分": 3, "都道府県コード": 8, "市区町村コード": 202, "所在地": "茨城県日立市東多賀町５－１９－５", "緯度": 36.542778, "経度": 140.630278, "url": "https://www.iryou.teikyouseido.mhlw.go.jp/znk-web/juminkanja/S2430/initialize?prefCd=08&kikanCd=308550201&kikanKbn=3", "url2": "http://hitachishi-seo-dental.com/", "内容": "瀬尾歯科医院【3:歯科】茨城県日立市東多賀町５－１９－５" }, "geometry": { "type": "Point", "coordinates": [ 140.630278, 36.542778 ] } },
{ "type": "Feature", "properties": { "ID": 83308550214, "正式名称": "関歯科医院", "機関区分": 3, "都道府県コード": 8, "市区町村コード": 202, "所在地": "茨城県日立市鮎川町１－１－３７", "緯度": 36.555556, "経度": 140.641111, "url": "https://www.iryou.teikyouseido.mhlw.go.jp/znk-web/juminkanja/S2430/initialize?prefCd=08&kikanCd=308550214&kikanKbn=3", "url2": null, "内容": "関歯科医院【3:歯科】茨城県日立市鮎川町１－１－３７" }, "geometry": { "type": "Point", "coordinates": [ 140.641111, 36.555556 ] } },
{ "type": "Feature", "properties": { "ID": 83308550256, "正式名称": "谷川歯科医院", "機関区分": 3, "都道府県コード": 8, "市区町村コード": 202, "所在地": "茨城県日立市千石町２－７ー５", "緯度": 36.551111, "経度": 140.63, "url": "https://www.iryou.teikyouseido.mhlw.go.jp/znk-web/juminkanja/S2430/initialize?prefCd=08&kikanCd=308550256&kikanKbn=3", "url2": null, "内容": "谷川歯科医院【3:歯科】茨城県日立市千石町２－７ー５" }, "geometry": { "type": "Point", "coordinates": [ 140.63, 36.551111 ] } },
{ "type": "Feature", "properties": { "ID": 83308550328, "正式名称": "野溝歯科医院", "機関区分": 3, "都道府県コード": 8, "市区町村コード": 202, "所在地": "茨城県日立市東金沢町５－４－１８", "緯度": 36.536111, "経度": 140.628056, "url": "https://www.iryou.teikyouseido.mhlw.go.jp/znk-web/juminkanja/S2430/initialize?prefCd=08&kikanCd=308550328&kikanKbn=3", "url2": null, "内容": "野溝歯科医院【3:歯科】茨城県日立市東金沢町５－４－１８" }, "geometry": { "type": "Point", "coordinates": [ 140.628056, 36.536111 ] } },
{ "type": "Feature", "properties": { "ID": 83308550520, "正式名称": "宮井歯科医院", "機関区分": 3, "都道府県コード": 8, "市区町村コード": 202, "所在地": "茨城県日立市日高町１－６－２", "緯度": 36.635278, "経度": 140.680278, "url": "https://www.iryou.teikyouseido.mhlw.go.jp/znk-web/juminkanja/S2430/initialize?prefCd=08&kikanCd=308550520&kikanKbn=3", "url2": "http://www.miyai.net", "内容": "宮井歯科医院【3:歯科】茨城県日立市日高町１－６－２" }, "geometry": { "type": "Point", "coordinates": [ 140.680278, 36.635278 ] } },
{ "type": "Feature", "properties": { "ID": 83308550533, "正式名称": "鯨岡歯科医院", "機関区分": 3, "都道府県コード": 8, "市区町村コード": 202, "所在地": "茨城県日立市諏訪町１－２－２６", "緯度": 36.564569, "経度": 140.636049, "url": "https://www.iryou.teikyouseido.mhlw.go.jp/znk-web/juminkanja/S2430/initialize?prefCd=08&kikanCd=308550533&kikanKbn=3", "url2": null, "内容": "鯨岡歯科医院【3:歯科】茨城県日立市諏訪町１－２－２６" }, "geometry": { "type": "Point", "coordinates": [ 140.636049, 36.564569 ] } },
{ "type": "Feature", "properties": { "ID": 83308550588, "正式名称": "白川歯科　矯正歯科医院", "機関区分": 3, "都道府県コード": 8, "市区町村コード": 202, "所在地": "茨城県日立市田尻町３－２７－８", "緯度": 36.623611, "経度": 140.674167, "url": "https://www.iryou.teikyouseido.mhlw.go.jp/znk-web/juminkanja/S2430/initialize?prefCd=08&kikanCd=308550588&kikanKbn=3", "url2": null, "内容": "白川歯科　矯正歯科医院【3:歯科】茨城県日立市田尻町３－２７－８" }, "geometry": { "type": "Point", "coordinates": [ 140.674167, 36.623611 ] } },
{ "type": "Feature", "properties": { "ID": 83308550591, "正式名称": "山本歯科医院", "機関区分": 3, "都道府県コード": 8, "市区町村コード": 202, "所在地": "茨城県日立市大久保町４－３－２３", "緯度": 36.5569807, "経度": 140.6198641, "url": "https://www.iryou.teikyouseido.mhlw.go.jp/znk-web/juminkanja/S2430/initialize?prefCd=08&kikanCd=308550591&kikanKbn=3", "url2": null, "内容": "山本歯科医院【3:歯科】茨城県日立市大久保町４－３－２３" }, "geometry": { "type": "Point", "coordinates": [ 140.6198641, 36.5569807 ] } },
{ "type": "Feature", "properties": { "ID": 83308550605, "正式名称": "滝歯科医院", "機関区分": 3, "都道府県コード": 8, "市区町村コード": 202, "所在地": "茨城県日立市千石町３－１０－１３", "緯度": 36.5527107, "経度": 140.6263888, "url": "https://www.iryou.teikyouseido.mhlw.go.jp/znk-web/juminkanja/S2430/initialize?prefCd=08&kikanCd=308550605&kikanKbn=3", "url2": null, "内容": "滝歯科医院【3:歯科】茨城県日立市千石町３－１０－１３" }, "geometry": { "type": "Point", "coordinates": [ 140.6263888, 36.5527107 ] } },
{ "type": "Feature", "properties": { "ID": 83308550621, "正式名称": "神尾歯科医院", "機関区分": 3, "都道府県コード": 8, "市区町村コード": 202, "所在地": "茨城県日立市鹿島町２－１５－４", "緯度": 36.589167, "経度": 140.652222, "url": "https://www.iryou.teikyouseido.mhlw.go.jp/znk-web/juminkanja/S2430/initialize?prefCd=08&kikanCd=308550621&kikanKbn=3", "url2": "http://park20.wakwak.com/~kamio/", "内容": "神尾歯科医院【3:歯科】茨城県日立市鹿島町２－１５－４" }, "geometry": { "type": "Point", "coordinates": [ 140.652222, 36.589167 ] } },
{ "type": "Feature", "properties": { "ID": 83308550689, "正式名称": "医療法人　ジャスト　田所歯科医院", "機関区分": 3, "都道府県コード": 8, "市区町村コード": 202, "所在地": "茨城県日立市久慈町", "緯度": 36.497255, "経度": 140.612011, "url": "https://www.iryou.teikyouseido.mhlw.go.jp/znk-web/juminkanja/S2430/initialize?prefCd=08&kikanCd=308550689&kikanKbn=3", "url2": "http://www.tadokorodental.com", "内容": "医療法人　ジャスト　田所歯科医院【3:歯科】茨城県日立市久慈町" }, "geometry": { "type": "Point", "coordinates": [ 140.612011, 36.497255 ] } },
{ "type": "Feature", "properties": { "ID": 83308550735, "正式名称": "戸来歯科医院", "機関区分": 3, "都道府県コード": 8, "市区町村コード": 202, "所在地": "茨城県日立市神峰町２－９－８", "緯度": 36.595833, "経度": 140.655833, "url": "https://www.iryou.teikyouseido.mhlw.go.jp/znk-web/juminkanja/S2430/initialize?prefCd=08&kikanCd=308550735&kikanKbn=3", "url2": null, "内容": "戸来歯科医院【3:歯科】茨城県日立市神峰町２－９－８" }, "geometry": { "type": "Point", "coordinates": [ 140.655833, 36.595833 ] } },
{ "type": "Feature", "properties": { "ID": 83308550780, "正式名称": "小山歯科医院", "機関区分": 3, "都道府県コード": 8, "市区町村コード": 202, "所在地": "茨城県日立市台原町２ー１３－１０", "緯度": 36.531389, "経度": 140.613333, "url": "https://www.iryou.teikyouseido.mhlw.go.jp/znk-web/juminkanja/S2430/initialize?prefCd=08&kikanCd=308550780&kikanKbn=3", "url2": "http://www.dent-koyama.com", "内容": "小山歯科医院【3:歯科】茨城県日立市台原町２ー１３－１０" }, "geometry": { "type": "Point", "coordinates": [ 140.613333, 36.531389 ] } },
{ "type": "Feature", "properties": { "ID": 83308550810, "正式名称": "医療法人社団宏和会日精歯科", "機関区分": 3, "都道府県コード": 8, "市区町村コード": 202, "所在地": "茨城県日立市小木津町", "緯度": 36.637222, "経度": 140.675, "url": "https://www.iryou.teikyouseido.mhlw.go.jp/znk-web/juminkanja/S2430/initialize?prefCd=08&kikanCd=308550810&kikanKbn=3", "url2": "https://www.nissei-sika.com/", "内容": "医療法人社団宏和会日精歯科【3:歯科】茨城県日立市小木津町" }, "geometry": { "type": "Point", "coordinates": [ 140.675, 36.637222 ] } },
{ "type": "Feature", "properties": { "ID": 83308550849, "正式名称": "金村デンタルオフィス", "機関区分": 3, "都道府県コード": 8, "市区町村コード": 202, "所在地": "茨城県日立市多賀町", "緯度": 36.557222, "経度": 140.639167, "url": "https://www.iryou.teikyouseido.mhlw.go.jp/znk-web/juminkanja/S2430/initialize?prefCd=08&kikanCd=308550849&kikanKbn=3", "url2": null, "内容": "金村デンタルオフィス【3:歯科】茨城県日立市多賀町" }, "geometry": { "type": "Point", "coordinates": [ 140.639167, 36.557222 ] } },
{ "type": "Feature", "properties": { "ID": 83308550865, "正式名称": "黒澤歯科医院", "機関区分": 3, "都道府県コード": 8, "市区町村コード": 202, "所在地": "茨城県日立市弁天町１－８－９グレースビル２０１", "緯度": 36.59, "経度": 140.659444, "url": "https://www.iryou.teikyouseido.mhlw.go.jp/znk-web/juminkanja/S2430/initialize?prefCd=08&kikanCd=308550865&kikanKbn=3", "url2": null, "内容": "黒澤歯科医院【3:歯科】茨城県日立市弁天町１－８－９グレースビル２０１" }, "geometry": { "type": "Point", "coordinates": [ 140.659444, 36.59 ] } },
{ "type": "Feature", "properties": { "ID": 83308550878, "正式名称": "綿引歯科クリニック", "機関区分": 3, "都道府県コード": 8, "市区町村コード": 202, "所在地": "茨城県日立市大久保町", "緯度": 36.553056, "経度": 140.629722, "url": "https://www.iryou.teikyouseido.mhlw.go.jp/znk-web/juminkanja/S2430/initialize?prefCd=08&kikanCd=308550878&kikanKbn=3", "url2": null, "内容": "綿引歯科クリニック【3:歯科】茨城県日立市大久保町" }, "geometry": { "type": "Point", "coordinates": [ 140.629722, 36.553056 ] } },
{ "type": "Feature", "properties": { "ID": 83308550881, "正式名称": "柴田歯科医院", "機関区分": 3, "都道府県コード": 8, "市区町村コード": 202, "所在地": "茨城県日立市大みか町２－２８－１６", "緯度": 36.509167, "経度": 140.626944, "url": "https://www.iryou.teikyouseido.mhlw.go.jp/znk-web/juminkanja/S2430/initialize?prefCd=08&kikanCd=308550881&kikanKbn=3", "url2": "shibata-dental-clinic.com", "内容": "柴田歯科医院【3:歯科】茨城県日立市大みか町２－２８－１６" }, "geometry": { "type": "Point", "coordinates": [ 140.626944, 36.509167 ] } },
{ "type": "Feature", "properties": { "ID": 83308550894, "正式名称": "日立銀座歯科医院", "機関区分": 3, "都道府県コード": 8, "市区町村コード": 202, "所在地": "茨城県日立市鹿島町１－１０－１", "緯度": 36.5944839, "経度": 140.6530835, "url": "https://www.iryou.teikyouseido.mhlw.go.jp/znk-web/juminkanja/S2430/initialize?prefCd=08&kikanCd=308550894&kikanKbn=3", "url2": null, "内容": "日立銀座歯科医院【3:歯科】茨城県日立市鹿島町１－１０－１" }, "geometry": { "type": "Point", "coordinates": [ 140.6530835, 36.5944839 ] } },
{ "type": "Feature", "properties": { "ID": 83308550924, "正式名称": "北見歯科医院", "機関区分": 3, "都道府県コード": 8, "市区町村コード": 202, "所在地": "茨城県日立市幸町１－１３－１０北見ビル２階", "緯度": 36.591833, "経度": 140.65748, "url": "https://www.iryou.teikyouseido.mhlw.go.jp/znk-web/juminkanja/S2430/initialize?prefCd=08&kikanCd=308550924&kikanKbn=3", "url2": null, "内容": "北見歯科医院【3:歯科】茨城県日立市幸町１－１３－１０北見ビル２階" }, "geometry": { "type": "Point", "coordinates": [ 140.65748, 36.591833 ] } },
{ "type": "Feature", "properties": { "ID": 83308550966, "正式名称": "金澤歯科クリニック", "機関区分": 3, "都道府県コード": 8, "市区町村コード": 202, "所在地": "茨城県日立市東成沢町３－１７－６", "緯度": 36.569444, "経度": 140.6475, "url": "https://www.iryou.teikyouseido.mhlw.go.jp/znk-web/juminkanja/S2430/initialize?prefCd=08&kikanCd=308550966&kikanKbn=3", "url2": "http://www.kanazawa-dental.com/", "内容": "金澤歯科クリニック【3:歯科】茨城県日立市東成沢町３－１７－６" }, "geometry": { "type": "Point", "coordinates": [ 140.6475, 36.569444 ] } },
{ "type": "Feature", "properties": { "ID": 83308550982, "正式名称": "医療法人社団運上会比佐デンタルクリニック", "機関区分": 3, "都道府県コード": 8, "市区町村コード": 202, "所在地": "茨城県日立市みなと町", "緯度": 36.491944, "経度": 140.621667, "url": "https://www.iryou.teikyouseido.mhlw.go.jp/znk-web/juminkanja/S2430/initialize?prefCd=08&kikanCd=308550982&kikanKbn=3", "url2": "http://www.hisa-dental.com/", "内容": "医療法人社団運上会比佐デンタルクリニック【3:歯科】茨城県日立市みなと町" }, "geometry": { "type": "Point", "coordinates": [ 140.621667, 36.491944 ] } },
{ "type": "Feature", "properties": { "ID": 83308551022, "正式名称": "佐藤歯科医院", "機関区分": 3, "都道府県コード": 8, "市区町村コード": 202, "所在地": "茨城県日立市旭町２－２－１", "緯度": 36.587517, "経度": 140.661866, "url": "https://www.iryou.teikyouseido.mhlw.go.jp/znk-web/juminkanja/S2430/initialize?prefCd=08&kikanCd=308551022&kikanKbn=3", "url2": "https://hitatisi-satousika.com/", "内容": "佐藤歯科医院【3:歯科】茨城県日立市旭町２－２－１" }, "geometry": { "type": "Point", "coordinates": [ 140.661866, 36.587517 ] } },
{ "type": "Feature", "properties": { "ID": 83308551035, "正式名称": "小平歯科医院", "機関区分": 3, "都道府県コード": 8, "市区町村コード": 202, "所在地": "茨城県日立市幸町１－１５－４－３０１ショットビル", "緯度": 36.5914866, "経度": 140.6582728, "url": "https://www.iryou.teikyouseido.mhlw.go.jp/znk-web/juminkanja/S2430/initialize?prefCd=08&kikanCd=308551035&kikanKbn=3", "url2": null, "内容": "小平歯科医院【3:歯科】茨城県日立市幸町１－１５－４－３０１ショットビル" }, "geometry": { "type": "Point", "coordinates": [ 140.6582728, 36.5914866 ] } },
{ "type": "Feature", "properties": { "ID": 83308551048, "正式名称": "増本歯科医院", "機関区分": 3, "都道府県コード": 8, "市区町村コード": 202, "所在地": "茨城県日立市多賀町２－２－１７", "緯度": 36.551667, "経度": 140.633611, "url": "https://www.iryou.teikyouseido.mhlw.go.jp/znk-web/juminkanja/S2430/initialize?prefCd=08&kikanCd=308551048&kikanKbn=3", "url2": null, "内容": "増本歯科医院【3:歯科】茨城県日立市多賀町２－２－１７" }, "geometry": { "type": "Point", "coordinates": [ 140.633611, 36.551667 ] } },
{ "type": "Feature", "properties": { "ID": 83308551051, "正式名称": "長山歯科医院", "機関区分": 3, "都道府県コード": 8, "市区町村コード": 202, "所在地": "茨城県日立市多賀町１－２－１１", "緯度": 36.55, "経度": 140.636389, "url": "https://www.iryou.teikyouseido.mhlw.go.jp/znk-web/juminkanja/S2430/initialize?prefCd=08&kikanCd=308551051&kikanKbn=3", "url2": null, "内容": "長山歯科医院【3:歯科】茨城県日立市多賀町１－２－１１" }, "geometry": { "type": "Point", "coordinates": [ 140.636389, 36.55 ] } },
{ "type": "Feature", "properties": { "ID": 83308551064, "正式名称": "小貫歯科医院", "機関区分": 3, "都道府県コード": 8, "市区町村コード": 202, "所在地": "茨城県日立市金沢町", "緯度": 36.537778, "経度": 140.624167, "url": "https://www.iryou.teikyouseido.mhlw.go.jp/znk-web/juminkanja/S2430/initialize?prefCd=08&kikanCd=308551064&kikanKbn=3", "url2": null, "内容": "小貫歯科医院【3:歯科】茨城県日立市金沢町" }, "geometry": { "type": "Point", "coordinates": [ 140.624167, 36.537778 ] } },
{ "type": "Feature", "properties": { "ID": 83308551080, "正式名称": "和田歯科クリニック", "機関区分": 3, "都道府県コード": 8, "市区町村コード": 202, "所在地": "茨城県日立市末広町３－１－１７", "緯度": 36.563469, "経度": 140.6273848, "url": "https://www.iryou.teikyouseido.mhlw.go.jp/znk-web/juminkanja/S2430/initialize?prefCd=08&kikanCd=308551080&kikanKbn=3", "url2": null, "内容": "和田歯科クリニック【3:歯科】茨城県日立市末広町３－１－１７" }, "geometry": { "type": "Point", "coordinates": [ 140.627384799999987, 36.563469 ] } },
{ "type": "Feature", "properties": { "ID": 83308551107, "正式名称": "うすい歯科クリニック", "機関区分": 3, "都道府県コード": 8, "市区町村コード": 202, "所在地": "茨城県日立市大久保町", "緯度": 36.543889, "経度": 140.624167, "url": "https://www.iryou.teikyouseido.mhlw.go.jp/znk-web/juminkanja/S2430/initialize?prefCd=08&kikanCd=308551107&kikanKbn=3", "url2": null, "内容": "うすい歯科クリニック【3:歯科】茨城県日立市大久保町" }, "geometry": { "type": "Point", "coordinates": [ 140.624167, 36.543889 ] } },
{ "type": "Feature", "properties": { "ID": 83308551110, "正式名称": "菱川歯科医院", "機関区分": 3, "都道府県コード": 8, "市区町村コード": 214, "所在地": "茨城県高萩市安良川７１５－２", "緯度": 36.708836, "経度": 140.71448, "url": "https://www.iryou.teikyouseido.mhlw.go.jp/znk-web/juminkanja/S2430/initialize?prefCd=08&kikanCd=308551110&kikanKbn=3", "url2": null, "内容": "菱川歯科医院【3:歯科】茨城県高萩市安良川７１５－２" }, "geometry": { "type": "Point", "coordinates": [ 140.71448, 36.708836 ] } },
{ "type": "Feature", "properties": { "ID": 83308551123, "正式名称": "かんべ歯科医院", "機関区分": 3, "都道府県コード": 8, "市区町村コード": 214, "所在地": "茨城県高萩市下手綱１４８５ー５", "緯度": 36.726831, "経度": 140.715424, "url": "https://www.iryou.teikyouseido.mhlw.go.jp/znk-web/juminkanja/S2430/initialize?prefCd=08&kikanCd=308551123&kikanKbn=3", "url2": "http://www.kanbe-dental.com", "内容": "かんべ歯科医院【3:歯科】茨城県高萩市下手綱１４８５ー５" }, "geometry": { "type": "Point", "coordinates": [ 140.715424, 36.726831 ] } },
{ "type": "Feature", "properties": { "ID": 83308551136, "正式名称": "本宮歯科医院", "機関区分": 3, "都道府県コード": 8, "市区町村コード": 202, "所在地": "茨城県日立市本宮町１－９－１", "緯度": 36.6031573, "経度": 140.6600936, "url": "https://www.iryou.teikyouseido.mhlw.go.jp/znk-web/juminkanja/S2430/initialize?prefCd=08&kikanCd=308551136&kikanKbn=3", "url2": null, "内容": "本宮歯科医院【3:歯科】茨城県日立市本宮町１－９－１" }, "geometry": { "type": "Point", "coordinates": [ 140.66009360000001, 36.6031573 ] } },
{ "type": "Feature", "properties": { "ID": 83308551149, "正式名称": "たかしま歯科クリニック", "機関区分": 3, "都道府県コード": 8, "市区町村コード": 215, "所在地": "茨城県北茨城市中郷町松井１０９－３", "緯度": 36.76802, "経度": 140.727599, "url": "https://www.iryou.teikyouseido.mhlw.go.jp/znk-web/juminkanja/S2430/initialize?prefCd=08&kikanCd=308551149&kikanKbn=3", "url2": null, "内容": "たかしま歯科クリニック【3:歯科】茨城県北茨城市中郷町松井１０９－３" }, "geometry": { "type": "Point", "coordinates": [ 140.727599, 36.76802 ] } },
{ "type": "Feature", "properties": { "ID": 83308551152, "正式名称": "杉田歯科医院", "機関区分": 3, "都道府県コード": 8, "市区町村コード": 214, "所在地": "茨城県高萩市本町１－２２３", "緯度": 36.713823, "経度": 140.708573, "url": "https://www.iryou.teikyouseido.mhlw.go.jp/znk-web/juminkanja/S2430/initialize?prefCd=08&kikanCd=308551152&kikanKbn=3", "url2": "https://www.sugita-dent.com/", "内容": "杉田歯科医院【3:歯科】茨城県高萩市本町１－２２３" }, "geometry": { "type": "Point", "coordinates": [ 140.708573, 36.713823 ] } },
{ "type": "Feature", "properties": { "ID": 83308551181, "正式名称": "豊田歯科", "機関区分": 3, "都道府県コード": 8, "市区町村コード": 202, "所在地": "茨城県日立市久慈町６－１８－８", "緯度": 36.503333, "経度": 140.614167, "url": "https://www.iryou.teikyouseido.mhlw.go.jp/znk-web/juminkanja/S2430/initialize?prefCd=08&kikanCd=308551181&kikanKbn=3", "url2": null, "内容": "豊田歯科【3:歯科】茨城県日立市久慈町６－１８－８" }, "geometry": { "type": "Point", "coordinates": [ 140.614167, 36.503333 ] } },
{ "type": "Feature", "properties": { "ID": 83308551194, "正式名称": "医療法人社団春風会立原歯科医院", "機関区分": 3, "都道府県コード": 8, "市区町村コード": 202, "所在地": "茨城県日立市城南町", "緯度": 36.583056, "経度": 140.646389, "url": "https://www.iryou.teikyouseido.mhlw.go.jp/znk-web/juminkanja/S2430/initialize?prefCd=08&kikanCd=308551194&kikanKbn=3", "url2": "http://www.tachihara-shika.com", "内容": "医療法人社団春風会立原歯科医院【3:歯科】茨城県日立市城南町" }, "geometry": { "type": "Point", "coordinates": [ 140.646389, 36.583056 ] } },
{ "type": "Feature", "properties": { "ID": 83308551224, "正式名称": "大平歯科クリニック", "機関区分": 3, "都道府県コード": 8, "市区町村コード": 215, "所在地": "茨城県北茨城市磯原町豊田９０５－１", "緯度": 36.796667, "経度": 140.731667, "url": "https://www.iryou.teikyouseido.mhlw.go.jp/znk-web/juminkanja/S2430/initialize?prefCd=08&kikanCd=308551224&kikanKbn=3", "url2": null, "内容": "大平歯科クリニック【3:歯科】茨城県北茨城市磯原町豊田９０５－１" }, "geometry": { "type": "Point", "coordinates": [ 140.731667, 36.796667 ] } },
{ "type": "Feature", "properties": { "ID": 83308551279, "正式名称": "大津港歯科クリニック", "機関区分": 3, "都道府県コード": 8, "市区町村コード": 215, "所在地": "茨城県北茨城市関本町関本中１５８７－１４", "緯度": 36.85494, "経度": 140.7794, "url": "https://www.iryou.teikyouseido.mhlw.go.jp/znk-web/juminkanja/S2430/initialize?prefCd=08&kikanCd=308551279&kikanKbn=3", "url2": null, "内容": "大津港歯科クリニック【3:歯科】茨城県北茨城市関本町関本中１５８７－１４" }, "geometry": { "type": "Point", "coordinates": [ 140.7794, 36.85494 ] } },
{ "type": "Feature", "properties": { "ID": 83308551282, "正式名称": "医療法人恭倭会わたなべ歯科クリニック", "機関区分": 3, "都道府県コード": 8, "市区町村コード": 202, "所在地": "茨城県日立市川尻町６－５２－１０", "緯度": 36.666944, "経度": 140.692222, "url": "https://www.iryou.teikyouseido.mhlw.go.jp/znk-web/juminkanja/S2430/initialize?prefCd=08&kikanCd=308551282&kikanKbn=3", "url2": "http://www.watanabe-dent.net", "内容": "医療法人恭倭会わたなべ歯科クリニック【3:歯科】茨城県日立市川尻町６－５２－１０" }, "geometry": { "type": "Point", "coordinates": [ 140.692222, 36.666944 ] } },
{ "type": "Feature", "properties": { "ID": 83308551295, "正式名称": "佐藤歯科医院", "機関区分": 3, "都道府県コード": 8, "市区町村コード": 215, "所在地": "茨城県北茨城市中郷町上桜井２８８２－１", "緯度": 36.778793, "経度": 140.734468, "url": "https://www.iryou.teikyouseido.mhlw.go.jp/znk-web/juminkanja/S2430/initialize?prefCd=08&kikanCd=308551295&kikanKbn=3", "url2": null, "内容": "佐藤歯科医院【3:歯科】茨城県北茨城市中郷町上桜井２８８２－１" }, "geometry": { "type": "Point", "coordinates": [ 140.734468, 36.778793 ] } },
{ "type": "Feature", "properties": { "ID": 83308551309, "正式名称": "ひだか歯科クリニック", "機関区分": 3, "都道府県コード": 8, "市区町村コード": 202, "所在地": "茨城県日立市日高町１ー３３－３１", "緯度": 36.634387, "経度": 140.673167, "url": "https://www.iryou.teikyouseido.mhlw.go.jp/znk-web/juminkanja/S2430/initialize?prefCd=08&kikanCd=308551309&kikanKbn=3", "url2": null, "内容": "ひだか歯科クリニック【3:歯科】茨城県日立市日高町１ー３３－３１" }, "geometry": { "type": "Point", "coordinates": [ 140.673167, 36.634387 ] } },
{ "type": "Feature", "properties": { "ID": 83308551338, "正式名称": "徳永歯科医院", "機関区分": 3, "都道府県コード": 8, "市区町村コード": 220, "所在地": "茨城県つくば市東岡３３３ー１", "緯度": 36.083889, "経度": 140.117778, "url": "https://www.iryou.teikyouseido.mhlw.go.jp/znk-web/juminkanja/S2430/initialize?prefCd=08&kikanCd=308551338&kikanKbn=3", "url2": "http://www.tokunagashika.com", "内容": "徳永歯科医院【3:歯科】茨城県つくば市東岡３３３ー１" }, "geometry": { "type": "Point", "coordinates": [ 140.117778, 36.083889 ] } },
{ "type": "Feature", "properties": { "ID": 83308551341, "正式名称": "いまがわ歯科医院", "機関区分": 3, "都道府県コード": 8, "市区町村コード": 214, "所在地": "茨城県高萩市本町１－５２－２", "緯度": 36.710556, "経度": 140.715, "url": "https://www.iryou.teikyouseido.mhlw.go.jp/znk-web/juminkanja/S2430/initialize?prefCd=08&kikanCd=308551341&kikanKbn=3", "url2": null, "内容": "いまがわ歯科医院【3:歯科】茨城県高萩市本町１－５２－２" }, "geometry": { "type": "Point", "coordinates": [ 140.715, 36.710556 ] } },
{ "type": "Feature", "properties": { "ID": 83308551367, "正式名称": "平和歯科クリニック", "機関区分": 3, "都道府県コード": 8, "市区町村コード": 202, "所在地": "茨城県日立市平和町", "緯度": 36.589444, "経度": 140.663889, "url": "https://www.iryou.teikyouseido.mhlw.go.jp/znk-web/juminkanja/S2430/initialize?prefCd=08&kikanCd=308551367&kikanKbn=3", "url2": "www.heiwa-dc.net", "内容": "平和歯科クリニック【3:歯科】茨城県日立市平和町" }, "geometry": { "type": "Point", "coordinates": [ 140.663889, 36.589444 ] } },
{ "type": "Feature", "properties": { "ID": 83308551383, "正式名称": "多賀歯科医院", "機関区分": 3, "都道府県コード": 8, "市区町村コード": 202, "所在地": "茨城県日立市東金沢町五丁目二十五番八号", "緯度": 36.537777, "経度": 140.625566, "url": "https://www.iryou.teikyouseido.mhlw.go.jp/znk-web/juminkanja/S2430/initialize?prefCd=08&kikanCd=308551383&kikanKbn=3", "url2": "https://tagashika.com/", "内容": "多賀歯科医院【3:歯科】茨城県日立市東金沢町五丁目二十五番八号" }, "geometry": { "type": "Point", "coordinates": [ 140.625566, 36.537777 ] } },
{ "type": "Feature", "properties": { "ID": 83308551413, "正式名称": "日立北デンタルクリニック", "機関区分": 3, "都道府県コード": 8, "市区町村コード": 202, "所在地": "茨城県日立市十王町友部２０１－５", "緯度": 36.672161, "経度": 140.684924, "url": "https://www.iryou.teikyouseido.mhlw.go.jp/znk-web/juminkanja/S2430/initialize?prefCd=08&kikanCd=308551413&kikanKbn=3", "url2": "https://www.hk-dc.net/", "内容": "日立北デンタルクリニック【3:歯科】茨城県日立市十王町友部２０１－５" }, "geometry": { "type": "Point", "coordinates": [ 140.684924, 36.672161 ] } },
{ "type": "Feature", "properties": { "ID": 83308551426, "正式名称": "しまざき矯正歯科", "機関区分": 3, "都道府県コード": 8, "市区町村コード": 202, "所在地": "茨城県日立市千石町２－５－１９", "緯度": 36.555466, "経度": 140.627716, "url": "https://www.iryou.teikyouseido.mhlw.go.jp/znk-web/juminkanja/S2430/initialize?prefCd=08&kikanCd=308551426&kikanKbn=3", "url2": "http://www.374182.com", "内容": "しまざき矯正歯科【3:歯科】茨城県日立市千石町２－５－１９" }, "geometry": { "type": "Point", "coordinates": [ 140.627716, 36.555466 ] } },
{ "type": "Feature", "properties": { "ID": 83308551439, "正式名称": "庄司歯科", "機関区分": 3, "都道府県コード": 8, "市区町村コード": 202, "所在地": "茨城県日立市久慈町２－９－２２", "緯度": 36.501111, "経度": 140.619444, "url": "https://www.iryou.teikyouseido.mhlw.go.jp/znk-web/juminkanja/S2430/initialize?prefCd=08&kikanCd=308551439&kikanKbn=3", "url2": null, "内容": "庄司歯科【3:歯科】茨城県日立市久慈町２－９－２２" }, "geometry": { "type": "Point", "coordinates": [ 140.619444, 36.501111 ] } },
{ "type": "Feature", "properties": { "ID": 83308551455, "正式名称": "のぐち歯科医院", "機関区分": 3, "都道府県コード": 8, "市区町村コード": 201, "所在地": "茨城県水戸市城南２－５－４５", "緯度": 36.365666, "経度": 140.476209, "url": "https://www.iryou.teikyouseido.mhlw.go.jp/znk-web/juminkanja/S2430/initialize?prefCd=08&kikanCd=308551455&kikanKbn=3", "url2": null, "内容": "のぐち歯科医院【3:歯科】茨城県水戸市城南２－５－４５" }, "geometry": { "type": "Point", "coordinates": [ 140.476209, 36.365666 ] } },
{ "type": "Feature", "properties": { "ID": 83308551471, "正式名称": "後藤歯科医院", "機関区分": 3, "都道府県コード": 8, "市区町村コード": 202, "所在地": "茨城県日立市鹿島町２－５－１０", "緯度": 36.590833, "経度": 140.653333, "url": "https://www.iryou.teikyouseido.mhlw.go.jp/znk-web/juminkanja/S2430/initialize?prefCd=08&kikanCd=308551471&kikanKbn=3", "url2": null, "内容": "後藤歯科医院【3:歯科】茨城県日立市鹿島町２－５－１０" }, "geometry": { "type": "Point", "coordinates": [ 140.653333, 36.590833 ] } },
{ "type": "Feature", "properties": { "ID": 83308551484, "正式名称": "茂又歯科医院", "機関区分": 3, "都道府県コード": 8, "市区町村コード": 214, "所在地": "茨城県高萩市本町４－２５０", "緯度": 36.715687, "経度": 140.71361, "url": "https://www.iryou.teikyouseido.mhlw.go.jp/znk-web/juminkanja/S2430/initialize?prefCd=08&kikanCd=308551484&kikanKbn=3", "url2": null, "内容": "茂又歯科医院【3:歯科】茨城県高萩市本町４－２５０" }, "geometry": { "type": "Point", "coordinates": [ 140.71361, 36.715687 ] } },
{ "type": "Feature", "properties": { "ID": 83308551527, "正式名称": "アン歯科クリニック", "機関区分": 3, "都道府県コード": 8, "市区町村コード": 202, "所在地": "茨城県日立市久慈町", "緯度": 36.4975, "経度": 140.615556, "url": "https://www.iryou.teikyouseido.mhlw.go.jp/znk-web/juminkanja/S2430/initialize?prefCd=08&kikanCd=308551527&kikanKbn=3", "url2": "http://an-dental.com/", "内容": "アン歯科クリニック【3:歯科】茨城県日立市久慈町" }, "geometry": { "type": "Point", "coordinates": [ 140.615556, 36.4975 ] } },
{ "type": "Feature", "properties": { "ID": 83308551569, "正式名称": "さくら歯科医院", "機関区分": 3, "都道府県コード": 8, "市区町村コード": 202, "所在地": "茨城県日立市折笠町３２２ー４", "緯度": 36.648611, "経度": 140.697222, "url": "https://www.iryou.teikyouseido.mhlw.go.jp/znk-web/juminkanja/S2430/initialize?prefCd=08&kikanCd=308551569&kikanKbn=3", "url2": null, "内容": "さくら歯科医院【3:歯科】茨城県日立市折笠町３２２ー４" }, "geometry": { "type": "Point", "coordinates": [ 140.697222, 36.648611 ] } },
{ "type": "Feature", "properties": { "ID": 83308551585, "正式名称": "磯原ファミリー歯科", "機関区分": 3, "都道府県コード": 8, "市区町村コード": 215, "所在地": "茨城県北茨城市磯原町磯原２－２０６", "緯度": 36.789167, "経度": 140.743611, "url": "https://www.iryou.teikyouseido.mhlw.go.jp/znk-web/juminkanja/S2430/initialize?prefCd=08&kikanCd=308551585&kikanKbn=3", "url2": "Isohara Family Dental Clinic", "内容": "磯原ファミリー歯科【3:歯科】茨城県北茨城市磯原町磯原２－２０６" }, "geometry": { "type": "Point", "coordinates": [ 140.743611, 36.789167 ] } },
{ "type": "Feature", "properties": { "ID": 83308551598, "正式名称": "小泉矯正歯科", "機関区分": 3, "都道府県コード": 8, "市区町村コード": 202, "所在地": "茨城県日立市鮎川町３ー１ー２１ー２階", "緯度": 36.564143, "経度": 140.639454, "url": "https://www.iryou.teikyouseido.mhlw.go.jp/znk-web/juminkanja/S2430/initialize?prefCd=08&kikanCd=308551598&kikanKbn=3", "url2": "http://www.koizumi-orthodontic.com/", "内容": "小泉矯正歯科【3:歯科】茨城県日立市鮎川町３ー１ー２１ー２階" }, "geometry": { "type": "Point", "coordinates": [ 140.639454, 36.564143 ] } },
{ "type": "Feature", "properties": { "ID": 83308551615, "正式名称": "マロン歯科クリニック", "機関区分": 3, "都道府県コード": 8, "市区町村コード": 202, "所在地": "茨城県日立市川尻町", "緯度": 36.66702, "経度": 140.69041, "url": "https://www.iryou.teikyouseido.mhlw.go.jp/znk-web/juminkanja/S2430/initialize?prefCd=08&kikanCd=308551615&kikanKbn=3", "url2": null, "内容": "マロン歯科クリニック【3:歯科】茨城県日立市川尻町" }, "geometry": { "type": "Point", "coordinates": [ 140.69041, 36.66702 ] } },
{ "type": "Feature", "properties": { "ID": 83308551628, "正式名称": "Ｄｅｎｔａｌ　エステ", "機関区分": 3, "都道府県コード": 8, "市区町村コード": 215, "所在地": "茨城県北茨城市中郷町上桜井２０８７－１－２", "緯度": 36.77547, "経度": 140.73364, "url": "https://www.iryou.teikyouseido.mhlw.go.jp/znk-web/juminkanja/S2430/initialize?prefCd=08&kikanCd=308551628&kikanKbn=3", "url2": null, "内容": "Ｄｅｎｔａｌ　エステ【3:歯科】茨城県北茨城市中郷町上桜井２０８７－１－２" }, "geometry": { "type": "Point", "coordinates": [ 140.73364, 36.77547 ] } },
{ "type": "Feature", "properties": { "ID": 83308551644, "正式名称": "きくち歯科", "機関区分": 3, "都道府県コード": 8, "市区町村コード": 202, "所在地": "茨城県日立市大みか町１－１０－１４", "緯度": 36.508889, "経度": 140.623889, "url": "https://www.iryou.teikyouseido.mhlw.go.jp/znk-web/juminkanja/S2430/initialize?prefCd=08&kikanCd=308551644&kikanKbn=3", "url2": "http://kikuchi-dental.net/", "内容": "きくち歯科【3:歯科】茨城県日立市大みか町１－１０－１４" }, "geometry": { "type": "Point", "coordinates": [ 140.623889, 36.508889 ] } },
{ "type": "Feature", "properties": { "ID": 83308551660, "正式名称": "日立市心身障害者歯科診療所", "機関区分": 3, "都道府県コード": 8, "市区町村コード": 202, "所在地": "茨城県日立市助川町５－１１－３", "緯度": 36.598606, "経度": 140.65079, "url": "https://www.iryou.teikyouseido.mhlw.go.jp/znk-web/juminkanja/S2430/initialize?prefCd=08&kikanCd=308551660&kikanKbn=3", "url2": null, "内容": "日立市心身障害者歯科診療所【3:歯科】茨城県日立市助川町５－１１－３" }, "geometry": { "type": "Point", "coordinates": [ 140.65079, 36.598606 ] } },
{ "type": "Feature", "properties": { "ID": 83308551673, "正式名称": "医療法人ＫＵＭＵ　ソヤ歯科", "機関区分": 3, "都道府県コード": 8, "市区町村コード": 202, "所在地": "茨城県日立市弁天町２－１０－１２", "緯度": 36.587778, "経度": 140.656944, "url": "https://www.iryou.teikyouseido.mhlw.go.jp/znk-web/juminkanja/S2430/initialize?prefCd=08&kikanCd=308551673&kikanKbn=3", "url2": "https://soyadent.com/", "内容": "医療法人ＫＵＭＵ　ソヤ歯科【3:歯科】茨城県日立市弁天町２－１０－１２" }, "geometry": { "type": "Point", "coordinates": [ 140.656944, 36.587778 ] } },
{ "type": "Feature", "properties": { "ID": 83308560073, "正式名称": "篠塚歯科医院", "機関区分": 3, "都道府県コード": 8, "市区町村コード": 234, "所在地": "茨城県鉾田市鉾田１６０１‐２", "緯度": 36.148611, "経度": 140.5175, "url": "https://www.iryou.teikyouseido.mhlw.go.jp/znk-web/juminkanja/S2430/initialize?prefCd=08&kikanCd=308560073&kikanKbn=3", "url2": null, "内容": "篠塚歯科医院【3:歯科】茨城県鉾田市鉾田１６０１‐２" }, "geometry": { "type": "Point", "coordinates": [ 140.5175, 36.148611 ] } },
{ "type": "Feature", "properties": { "ID": 83308560099, "正式名称": "出久根歯科医院", "機関区分": 3, "都道府県コード": 8, "市区町村コード": 234, "所在地": "茨城県鉾田市鉾田２５８８－１", "緯度": 36.15, "経度": 140.511944, "url": "https://www.iryou.teikyouseido.mhlw.go.jp/znk-web/juminkanja/S2430/initialize?prefCd=08&kikanCd=308560099&kikanKbn=3", "url2": null, "内容": "出久根歯科医院【3:歯科】茨城県鉾田市鉾田２５８８－１" }, "geometry": { "type": "Point", "coordinates": [ 140.511944, 36.15 ] } },
{ "type": "Feature", "properties": { "ID": 83308560233, "正式名称": "渡辺歯科医院", "機関区分": 3, "都道府県コード": 8, "市区町村コード": 234, "所在地": "茨城県鉾田市鉾田２１２１", "緯度": 36.159748, "経度": 140.51595, "url": "https://www.iryou.teikyouseido.mhlw.go.jp/znk-web/juminkanja/S2430/initialize?prefCd=08&kikanCd=308560233&kikanKbn=3", "url2": null, "内容": "渡辺歯科医院【3:歯科】茨城県鉾田市鉾田２１２１" }, "geometry": { "type": "Point", "coordinates": [ 140.51595, 36.159748 ] } },
{ "type": "Feature", "properties": { "ID": 83308560259, "正式名称": "医療法人柳沢歯科医院", "機関区分": 3, "都道府県コード": 8, "市区町村コード": 234, "所在地": "茨城県鉾田市安塚１６９２", "緯度": 36.1425, "経度": 140.551111, "url": "https://www.iryou.teikyouseido.mhlw.go.jp/znk-web/juminkanja/S2430/initialize?prefCd=08&kikanCd=308560259&kikanKbn=3", "url2": null, "内容": "医療法人柳沢歯科医院【3:歯科】茨城県鉾田市安塚１６９２" }, "geometry": { "type": "Point", "coordinates": [ 140.551111, 36.1425 ] } },
{ "type": "Feature", "properties": { "ID": 83308560305, "正式名称": "樅山歯科医院", "機関区分": 3, "都道府県コード": 8, "市区町村コード": 234, "所在地": "茨城県鉾田市樅山６０３－２", "緯度": 36.201171, "経度": 140.546699, "url": "https://www.iryou.teikyouseido.mhlw.go.jp/znk-web/juminkanja/S2430/initialize?prefCd=08&kikanCd=308560305&kikanKbn=3", "url2": null, "内容": "樅山歯科医院【3:歯科】茨城県鉾田市樅山６０３－２" }, "geometry": { "type": "Point", "coordinates": [ 140.546699, 36.201171 ] } },
{ "type": "Feature", "properties": { "ID": 83308560321, "正式名称": "医療法人恵歯会なかのべ歯科医院", "機関区分": 3, "都道府県コード": 8, "市区町村コード": 236, "所在地": "茨城県小美玉市中延６３２－１", "緯度": 36.175556, "経度": 140.363056, "url": "https://www.iryou.teikyouseido.mhlw.go.jp/znk-web/juminkanja/S2430/initialize?prefCd=08&kikanCd=308560321&kikanKbn=3", "url2": "http://www.keishikai.com", "内容": "医療法人恵歯会なかのべ歯科医院【3:歯科】茨城県小美玉市中延６３２－１" }, "geometry": { "type": "Point", "coordinates": [ 140.363056, 36.175556 ] } },
{ "type": "Feature", "properties": { "ID": 83308560389, "正式名称": "新堀歯科医院", "機関区分": 3, "都道府県コード": 8, "市区町村コード": 234, "所在地": "茨城県鉾田市新鉾田", "緯度": 36.15, "経度": 140.522778, "url": "https://www.iryou.teikyouseido.mhlw.go.jp/znk-web/juminkanja/S2430/initialize?prefCd=08&kikanCd=308560389&kikanKbn=3", "url2": null, "内容": "新堀歯科医院【3:歯科】茨城県鉾田市新鉾田" }, "geometry": { "type": "Point", "coordinates": [ 140.522778, 36.15 ] } },
{ "type": "Feature", "properties": { "ID": 83308560392, "正式名称": "いしざき歯科医院", "機関区分": 3, "都道府県コード": 8, "市区町村コード": 234, "所在地": "茨城県鉾田市玉田９０２－５", "緯度": 36.227436, "経度": 140.542552, "url": "https://www.iryou.teikyouseido.mhlw.go.jp/znk-web/juminkanja/S2430/initialize?prefCd=08&kikanCd=308560392&kikanKbn=3", "url2": "https://ishizaki.dental-net.jp", "内容": "いしざき歯科医院【3:歯科】茨城県鉾田市玉田９０２－５" }, "geometry": { "type": "Point", "coordinates": [ 140.542552, 36.227436 ] } },
{ "type": "Feature", "properties": { "ID": 83308560406, "正式名称": "皆藤歯科医院", "機関区分": 3, "都道府県コード": 8, "市区町村コード": 234, "所在地": "茨城県鉾田市子生１１４－３", "緯度": 36.215018, "経度": 140.526497, "url": "https://www.iryou.teikyouseido.mhlw.go.jp/znk-web/juminkanja/S2430/initialize?prefCd=08&kikanCd=308560406&kikanKbn=3", "url2": null, "内容": "皆藤歯科医院【3:歯科】茨城県鉾田市子生１１４－３" }, "geometry": { "type": "Point", "coordinates": [ 140.526497, 36.215018 ] } },
{ "type": "Feature", "properties": { "ID": 83308560435, "正式名称": "髙野歯科医院", "機関区分": 3, "都道府県コード": 8, "市区町村コード": 233, "所在地": "茨城県行方市玉造甲６８６６ー２", "緯度": 36.091667, "経度": 140.427778, "url": "https://www.iryou.teikyouseido.mhlw.go.jp/znk-web/juminkanja/S2430/initialize?prefCd=08&kikanCd=308560435&kikanKbn=3", "url2": null, "内容": "髙野歯科医院【3:歯科】茨城県行方市玉造甲６８６６ー２" }, "geometry": { "type": "Point", "coordinates": [ 140.427778, 36.091667 ] } },
{ "type": "Feature", "properties": { "ID": 83308560451, "正式名称": "田﨑歯科医院", "機関区分": 3, "都道府県コード": 8, "市区町村コード": 234, "所在地": "茨城県鉾田市徳宿２５６３－９", "緯度": 36.194244, "経度": 140.497409, "url": "https://www.iryou.teikyouseido.mhlw.go.jp/znk-web/juminkanja/S2430/initialize?prefCd=08&kikanCd=308560451&kikanKbn=3", "url2": null, "内容": "田﨑歯科医院【3:歯科】茨城県鉾田市徳宿２５６３－９" }, "geometry": { "type": "Point", "coordinates": [ 140.497409, 36.194244 ] } },
{ "type": "Feature", "properties": { "ID": 83308560523, "正式名称": "井坂歯科医院", "機関区分": 3, "都道府県コード": 8, "市区町村コード": 233, "所在地": "茨城県行方市玉造甲４４６５－４", "緯度": 36.105534, "経度": 140.4155, "url": "https://www.iryou.teikyouseido.mhlw.go.jp/znk-web/juminkanja/S2430/initialize?prefCd=08&kikanCd=308560523&kikanKbn=3", "url2": null, "内容": "井坂歯科医院【3:歯科】茨城県行方市玉造甲４４６５－４" }, "geometry": { "type": "Point", "coordinates": [ 140.4155, 36.105534 ] } },
{ "type": "Feature", "properties": { "ID": 83308560536, "正式名称": "しもこうべ歯科医院", "機関区分": 3, "都道府県コード": 8, "市区町村コード": 234, "所在地": "茨城県鉾田市江川", "緯度": 36.07328, "経度": 140.55164, "url": "https://www.iryou.teikyouseido.mhlw.go.jp/znk-web/juminkanja/S2430/initialize?prefCd=08&kikanCd=308560536&kikanKbn=3", "url2": null, "内容": "しもこうべ歯科医院【3:歯科】茨城県鉾田市江川" }, "geometry": { "type": "Point", "coordinates": [ 140.55164, 36.07328 ] } },
{ "type": "Feature", "properties": { "ID": 83308560549, "正式名称": "いわま歯科医院", "機関区分": 3, "都道府県コード": 8, "市区町村コード": 234, "所在地": "茨城県鉾田市鉾田６１９－１４", "緯度": 36.163207, "経度": 140.522797, "url": "https://www.iryou.teikyouseido.mhlw.go.jp/znk-web/juminkanja/S2430/initialize?prefCd=08&kikanCd=308560549&kikanKbn=3", "url2": null, "内容": "いわま歯科医院【3:歯科】茨城県鉾田市鉾田６１９－１４" }, "geometry": { "type": "Point", "coordinates": [ 140.522797, 36.163207 ] } },
{ "type": "Feature", "properties": { "ID": 83308560581, "正式名称": "たいよう行方歯科診療所", "機関区分": 3, "都道府県コード": 8, "市区町村コード": 233, "所在地": "茨城県行方市四鹿１２６５番地", "緯度": 36.039444, "経度": 140.506111, "url": "https://www.iryou.teikyouseido.mhlw.go.jp/znk-web/juminkanja/S2430/initialize?prefCd=08&kikanCd=308560581&kikanKbn=3", "url2": null, "内容": "たいよう行方歯科診療所【3:歯科】茨城県行方市四鹿１２６５番地" }, "geometry": { "type": "Point", "coordinates": [ 140.506111, 36.039444 ] } },
{ "type": "Feature", "properties": { "ID": 83308560594, "正式名称": "保科歯科医院", "機関区分": 3, "都道府県コード": 8, "市区町村コード": 234, "所在地": "茨城県鉾田市飯名４８４－６０", "緯度": 36.147778, "経度": 140.516111, "url": "https://www.iryou.teikyouseido.mhlw.go.jp/znk-web/juminkanja/S2430/initialize?prefCd=08&kikanCd=308560594&kikanKbn=3", "url2": null, "内容": "保科歯科医院【3:歯科】茨城県鉾田市飯名４８４－６０" }, "geometry": { "type": "Point", "coordinates": [ 140.516111, 36.147778 ] } },
{ "type": "Feature", "properties": { "ID": 83308570021, "正式名称": "田上歯科医院", "機関区分": 3, "都道府県コード": 8, "市区町村コード": 222, "所在地": "茨城県鹿嶋市角折１２８２－４", "緯度": 36.038072, "経度": 140.6283, "url": "https://www.iryou.teikyouseido.mhlw.go.jp/znk-web/juminkanja/S2430/initialize?prefCd=08&kikanCd=308570021&kikanKbn=3", "url2": null, "内容": "田上歯科医院【3:歯科】茨城県鹿嶋市角折１２８２－４" }, "geometry": { "type": "Point", "coordinates": [ 140.6283, 36.038072 ] } },
{ "type": "Feature", "properties": { "ID": 83308570050, "正式名称": "宮作歯科医院", "機関区分": 3, "都道府県コード": 8, "市区町村コード": 222, "所在地": "茨城県鹿嶋市宮中４－２－１", "緯度": 35.964792, "経度": 140.63001, "url": "https://www.iryou.teikyouseido.mhlw.go.jp/znk-web/juminkanja/S2430/initialize?prefCd=08&kikanCd=308570050&kikanKbn=3", "url2": null, "内容": "宮作歯科医院【3:歯科】茨城県鹿嶋市宮中４－２－１" }, "geometry": { "type": "Point", "coordinates": [ 140.63001, 35.964792 ] } },
{ "type": "Feature", "properties": { "ID": 83308570092, "正式名称": "大槻歯科医院", "機関区分": 3, "都道府県コード": 8, "市区町村コード": 222, "所在地": "茨城県鹿嶋市宮下２－１０－１０", "緯度": 35.9679932, "経度": 140.6253885, "url": "https://www.iryou.teikyouseido.mhlw.go.jp/znk-web/juminkanja/S2430/initialize?prefCd=08&kikanCd=308570092&kikanKbn=3", "url2": null, "内容": "大槻歯科医院【3:歯科】茨城県鹿嶋市宮下２－１０－１０" }, "geometry": { "type": "Point", "coordinates": [ 140.625388500000014, 35.9679932 ] } },
{ "type": "Feature", "properties": { "ID": 83308570106, "正式名称": "布瀬川歯科医院", "機関区分": 3, "都道府県コード": 8, "市区町村コード": 222, "所在地": "茨城県鹿嶋市粟生２６５", "緯度": 35.937778, "経度": 140.652778, "url": "https://www.iryou.teikyouseido.mhlw.go.jp/znk-web/juminkanja/S2430/initialize?prefCd=08&kikanCd=308570106&kikanKbn=3", "url2": "https://fusegawa.jimdo.com/", "内容": "布瀬川歯科医院【3:歯科】茨城県鹿嶋市粟生２６５" }, "geometry": { "type": "Point", "coordinates": [ 140.652778, 35.937778 ] } },
{ "type": "Feature", "properties": { "ID": 83308570119, "正式名称": "本間歯科医院第二診療所", "機関区分": 3, "都道府県コード": 8, "市区町村コード": 222, "所在地": "茨城県鹿嶋市宮中２３２４－１４", "緯度": 35.97, "経度": 140.6475, "url": "https://www.iryou.teikyouseido.mhlw.go.jp/znk-web/juminkanja/S2430/initialize?prefCd=08&kikanCd=308570119&kikanKbn=3", "url2": null, "内容": "本間歯科医院第二診療所【3:歯科】茨城県鹿嶋市宮中２３２４－１４" }, "geometry": { "type": "Point", "coordinates": [ 140.6475, 35.97 ] } },
{ "type": "Feature", "properties": { "ID": 83308570180, "正式名称": "新扇歯科医院", "機関区分": 3, "都道府県コード": 8, "市区町村コード": 232, "所在地": "茨城県神栖市木崎２９０５－２", "緯度": 35.889805, "経度": 140.659072, "url": "https://www.iryou.teikyouseido.mhlw.go.jp/znk-web/juminkanja/S2430/initialize?prefCd=08&kikanCd=308570180&kikanKbn=3", "url2": "shinougi.clinic", "内容": "新扇歯科医院【3:歯科】茨城県神栖市木崎２９０５－２" }, "geometry": { "type": "Point", "coordinates": [ 140.659072, 35.889805 ] } },
{ "type": "Feature", "properties": { "ID": 83308570223, "正式名称": "岩上歯科医院", "機関区分": 3, "都道府県コード": 8, "市区町村コード": 232, "所在地": "茨城県神栖市土合南２－１７－３", "緯度": 35.783056, "経度": 140.7775, "url": "https://www.iryou.teikyouseido.mhlw.go.jp/znk-web/juminkanja/S2430/initialize?prefCd=08&kikanCd=308570223&kikanKbn=3", "url2": null, "内容": "岩上歯科医院【3:歯科】茨城県神栖市土合南２－１７－３" }, "geometry": { "type": "Point", "coordinates": [ 140.7775, 35.783056 ] } },
{ "type": "Feature", "properties": { "ID": 83308570281, "正式名称": "医療法人社団盛和会　山口歯科医院", "機関区分": 3, "都道府県コード": 8, "市区町村コード": 233, "所在地": "茨城県行方市蔵川", "緯度": 36.031111, "経度": 140.534444, "url": "https://www.iryou.teikyouseido.mhlw.go.jp/znk-web/juminkanja/S2430/initialize?prefCd=08&kikanCd=308570281&kikanKbn=3", "url2": "http://www.dent-yamaguchi.com/", "内容": "医療法人社団盛和会　山口歯科医院【3:歯科】茨城県行方市蔵川" }, "geometry": { "type": "Point", "coordinates": [ 140.534444, 36.031111 ] } },
{ "type": "Feature", "properties": { "ID": 83308570308, "正式名称": "医療法人社団健友会　鈴木歯科医院", "機関区分": 3, "都道府県コード": 8, "市区町村コード": 223, "所在地": "茨城県潮来市牛堀１３３－４", "緯度": 35.957887, "経度": 140.516611, "url": "https://www.iryou.teikyouseido.mhlw.go.jp/znk-web/juminkanja/S2430/initialize?prefCd=08&kikanCd=308570308&kikanKbn=3", "url2": null, "内容": "医療法人社団健友会　鈴木歯科医院【3:歯科】茨城県潮来市牛堀１３３－４" }, "geometry": { "type": "Point", "coordinates": [ 140.516611, 35.957887 ] } },
{ "type": "Feature", "properties": { "ID": 83308570353, "正式名称": "いたこ歯科医院", "機関区分": 3, "都道府県コード": 8, "市区町村コード": 223, "所在地": "茨城県潮来市あやめ２－２２－２３", "緯度": 35.936925, "経度": 140.551047, "url": "https://www.iryou.teikyouseido.mhlw.go.jp/znk-web/juminkanja/S2430/initialize?prefCd=08&kikanCd=308570353&kikanKbn=3", "url2": null, "内容": "いたこ歯科医院【3:歯科】茨城県潮来市あやめ２－２２－２３" }, "geometry": { "type": "Point", "coordinates": [ 140.551047, 35.936925 ] } },
{ "type": "Feature", "properties": { "ID": 83308570366, "正式名称": "飯田歯科医院", "機関区分": 3, "都道府県コード": 8, "市区町村コード": 223, "所在地": "茨城県潮来市辻３２３－２", "緯度": 35.948184, "経度": 140.559938, "url": "https://www.iryou.teikyouseido.mhlw.go.jp/znk-web/juminkanja/S2430/initialize?prefCd=08&kikanCd=308570366&kikanKbn=3", "url2": null, "内容": "飯田歯科医院【3:歯科】茨城県潮来市辻３２３－２" }, "geometry": { "type": "Point", "coordinates": [ 140.559938, 35.948184 ] } },
{ "type": "Feature", "properties": { "ID": 83308570379, "正式名称": "大森歯科医院", "機関区分": 3, "都道府県コード": 8, "市区町村コード": 223, "所在地": "茨城県潮来市潮来９２－５", "緯度": 35.938256, "経度": 140.544848, "url": "https://www.iryou.teikyouseido.mhlw.go.jp/znk-web/juminkanja/S2430/initialize?prefCd=08&kikanCd=308570379&kikanKbn=3", "url2": null, "内容": "大森歯科医院【3:歯科】茨城県潮来市潮来９２－５" }, "geometry": { "type": "Point", "coordinates": [ 140.544848, 35.938256 ] } },
{ "type": "Feature", "properties": { "ID": 83308570425, "正式名称": "沼田歯科", "機関区分": 3, "都道府県コード": 8, "市区町村コード": 222, "所在地": "茨城県鹿嶋市津賀１９１７－５", "緯度": 36.045556, "経度": 140.600833, "url": "https://www.iryou.teikyouseido.mhlw.go.jp/znk-web/juminkanja/S2430/initialize?prefCd=08&kikanCd=308570425&kikanKbn=3", "url2": null, "内容": "沼田歯科【3:歯科】茨城県鹿嶋市津賀１９１７－５" }, "geometry": { "type": "Point", "coordinates": [ 140.600833, 36.045556 ] } },
{ "type": "Feature", "properties": { "ID": 83308570441, "正式名称": "大森歯科医院", "機関区分": 3, "都道府県コード": 8, "市区町村コード": 223, "所在地": "茨城県潮来市牛堀４２４－１", "緯度": 35.958889, "経度": 140.519444, "url": "https://www.iryou.teikyouseido.mhlw.go.jp/znk-web/juminkanja/S2430/initialize?prefCd=08&kikanCd=308570441&kikanKbn=3", "url2": null, "内容": "大森歯科医院【3:歯科】茨城県潮来市牛堀４２４－１" }, "geometry": { "type": "Point", "coordinates": [ 140.519444, 35.958889 ] } },
{ "type": "Feature", "properties": { "ID": 83308570454, "正式名称": "知手歯科医院", "機関区分": 3, "都道府県コード": 8, "市区町村コード": 232, "所在地": "茨城県神栖市知手中央", "緯度": 35.876111, "経度": 140.712778, "url": "https://www.iryou.teikyouseido.mhlw.go.jp/znk-web/juminkanja/S2430/initialize?prefCd=08&kikanCd=308570454&kikanKbn=3", "url2": null, "内容": "知手歯科医院【3:歯科】茨城県神栖市知手中央" }, "geometry": { "type": "Point", "coordinates": [ 140.712778, 35.876111 ] } },
{ "type": "Feature", "properties": { "ID": 83308570467, "正式名称": "山本歯科医院", "機関区分": 3, "都道府県コード": 8, "市区町村コード": 222, "所在地": "茨城県鹿嶋市宮中１６６－４", "緯度": 35.958303, "経度": 140.637636, "url": "https://www.iryou.teikyouseido.mhlw.go.jp/znk-web/juminkanja/S2430/initialize?prefCd=08&kikanCd=308570467&kikanKbn=3", "url2": null, "内容": "山本歯科医院【3:歯科】茨城県鹿嶋市宮中１６６－４" }, "geometry": { "type": "Point", "coordinates": [ 140.637636, 35.958303 ] } },
{ "type": "Feature", "properties": { "ID": 83308570542, "正式名称": "明神歯科医院", "機関区分": 3, "都道府県コード": 8, "市区町村コード": 232, "所在地": "茨城県神栖市波崎８８１６－２４", "緯度": 35.748879, "経度": 140.827695, "url": "https://www.iryou.teikyouseido.mhlw.go.jp/znk-web/juminkanja/S2430/initialize?prefCd=08&kikanCd=308570542&kikanKbn=3", "url2": null, "内容": "明神歯科医院【3:歯科】茨城県神栖市波崎８８１６－２４" }, "geometry": { "type": "Point", "coordinates": [ 140.827695, 35.748879 ] } },
{ "type": "Feature", "properties": { "ID": 83308570555, "正式名称": "林歯科医院", "機関区分": 3, "都道府県コード": 8, "市区町村コード": 232, "所在地": "茨城県神栖市波崎８４２９－１３", "緯度": 35.749622, "経度": 140.822256, "url": "https://www.iryou.teikyouseido.mhlw.go.jp/znk-web/juminkanja/S2430/initialize?prefCd=08&kikanCd=308570555&kikanKbn=3", "url2": null, "内容": "林歯科医院【3:歯科】茨城県神栖市波崎８４２９－１３" }, "geometry": { "type": "Point", "coordinates": [ 140.822256, 35.749622 ] } },
{ "type": "Feature", "properties": { "ID": 83308570571, "正式名称": "草野歯科医院", "機関区分": 3, "都道府県コード": 8, "市区町村コード": 223, "所在地": "茨城県潮来市須賀２９７８−２", "緯度": 35.9475, "経度": 140.567778, "url": "https://www.iryou.teikyouseido.mhlw.go.jp/znk-web/juminkanja/S2430/initialize?prefCd=08&kikanCd=308570571&kikanKbn=3", "url2": null, "内容": "草野歯科医院【3:歯科】茨城県潮来市須賀２９７８−２" }, "geometry": { "type": "Point", "coordinates": [ 140.567778, 35.9475 ] } },
{ "type": "Feature", "properties": { "ID": 83308570584, "正式名称": "関戸歯科医院", "機関区分": 3, "都道府県コード": 8, "市区町村コード": 223, "所在地": "茨城県潮来市あやめ１－１３－１７", "緯度": 35.936794, "経度": 140.549146, "url": "https://www.iryou.teikyouseido.mhlw.go.jp/znk-web/juminkanja/S2430/initialize?prefCd=08&kikanCd=308570584&kikanKbn=3", "url2": null, "内容": "関戸歯科医院【3:歯科】茨城県潮来市あやめ１－１３－１７" }, "geometry": { "type": "Point", "coordinates": [ 140.549146, 35.936794 ] } },
{ "type": "Feature", "properties": { "ID": 83308570669, "正式名称": "大槻歯科医院", "機関区分": 3, "都道府県コード": 8, "市区町村コード": 232, "所在地": "茨城県神栖市神栖１－１７－３４", "緯度": 35.897222, "経度": 140.644722, "url": "https://www.iryou.teikyouseido.mhlw.go.jp/znk-web/juminkanja/S2430/initialize?prefCd=08&kikanCd=308570669&kikanKbn=3", "url2": null, "内容": "大槻歯科医院【3:歯科】茨城県神栖市神栖１－１７－３４" }, "geometry": { "type": "Point", "coordinates": [ 140.644722, 35.897222 ] } },
{ "type": "Feature", "properties": { "ID": 83308570685, "正式名称": "青柳歯科医院", "機関区分": 3, "都道府県コード": 8, "市区町村コード": 232, "所在地": "茨城県神栖市太田４６５２", "緯度": 35.841389, "経度": 140.715278, "url": "https://www.iryou.teikyouseido.mhlw.go.jp/znk-web/juminkanja/S2430/initialize?prefCd=08&kikanCd=308570685&kikanKbn=3", "url2": null, "内容": "青柳歯科医院【3:歯科】茨城県神栖市太田４６５２" }, "geometry": { "type": "Point", "coordinates": [ 140.715278, 35.841389 ] } },
{ "type": "Feature", "properties": { "ID": 83308570698, "正式名称": "須田歯科医院", "機関区分": 3, "都道府県コード": 8, "市区町村コード": 223, "所在地": "茨城県潮来市牛堀５７－５", "緯度": 35.9575, "経度": 140.515, "url": "https://www.iryou.teikyouseido.mhlw.go.jp/znk-web/juminkanja/S2430/initialize?prefCd=08&kikanCd=308570698&kikanKbn=3", "url2": null, "内容": "須田歯科医院【3:歯科】茨城県潮来市牛堀５７－５" }, "geometry": { "type": "Point", "coordinates": [ 140.515, 35.9575 ] } },
{ "type": "Feature", "properties": { "ID": 83308570702, "正式名称": "久保歯科医院", "機関区分": 3, "都道府県コード": 8, "市区町村コード": 223, "所在地": "茨城県潮来市牛堀８２１－１", "緯度": 35.962778, "経度": 140.521667, "url": "https://www.iryou.teikyouseido.mhlw.go.jp/znk-web/juminkanja/S2430/initialize?prefCd=08&kikanCd=308570702&kikanKbn=3", "url2": null, "内容": "久保歯科医院【3:歯科】茨城県潮来市牛堀８２１－１" }, "geometry": { "type": "Point", "coordinates": [ 140.521667, 35.962778 ] } },
{ "type": "Feature", "properties": { "ID": 83308570731, "正式名称": "やたがわ歯科医院", "機関区分": 3, "都道府県コード": 8, "市区町村コード": 222, "所在地": "茨城県鹿嶋市奈良毛２５３－１", "緯度": 36.006389, "経度": 140.595, "url": "https://www.iryou.teikyouseido.mhlw.go.jp/znk-web/juminkanja/S2430/initialize?prefCd=08&kikanCd=308570731&kikanKbn=3", "url2": null, "内容": "やたがわ歯科医院【3:歯科】茨城県鹿嶋市奈良毛２５３－１" }, "geometry": { "type": "Point", "coordinates": [ 140.595, 36.006389 ] } },
{ "type": "Feature", "properties": { "ID": 83308570757, "正式名称": "医療法人社団幸正会こひなた歯科医院", "機関区分": 3, "都道府県コード": 8, "市区町村コード": 223, "所在地": "茨城県潮来市日の出７－１５－２４", "緯度": 35.931389, "経度": 140.570833, "url": "https://www.iryou.teikyouseido.mhlw.go.jp/znk-web/juminkanja/S2430/initialize?prefCd=08&kikanCd=308570757&kikanKbn=3", "url2": null, "内容": "医療法人社団幸正会こひなた歯科医院【3:歯科】茨城県潮来市日の出７－１５－２４" }, "geometry": { "type": "Point", "coordinates": [ 140.570833, 35.931389 ] } },
{ "type": "Feature", "properties": { "ID": 83308570816, "正式名称": "楠美歯科医院", "機関区分": 3, "都道府県コード": 8, "市区町村コード": 222, "所在地": "茨城県鹿嶋市宮下２－１１－１１", "緯度": 35.964444, "経度": 140.629722, "url": "https://www.iryou.teikyouseido.mhlw.go.jp/znk-web/juminkanja/S2430/initialize?prefCd=08&kikanCd=308570816&kikanKbn=3", "url2": null, "内容": "楠美歯科医院【3:歯科】茨城県鹿嶋市宮下２－１１－１１" }, "geometry": { "type": "Point", "coordinates": [ 140.629722, 35.964444 ] } },
{ "type": "Feature", "properties": { "ID": 83308570832, "正式名称": "丸山歯科医院", "機関区分": 3, "都道府県コード": 8, "市区町村コード": 232, "所在地": "茨城県神栖市息栖３０３１－４９", "緯度": 35.877486, "経度": 140.634673, "url": "https://www.iryou.teikyouseido.mhlw.go.jp/znk-web/juminkanja/S2430/initialize?prefCd=08&kikanCd=308570832&kikanKbn=3", "url2": null, "内容": "丸山歯科医院【3:歯科】茨城県神栖市息栖３０３１－４９" }, "geometry": { "type": "Point", "coordinates": [ 140.634673, 35.877486 ] } },
{ "type": "Feature", "properties": { "ID": 83308570845, "正式名称": "医療法人真英会山本歯科クリニック", "機関区分": 3, "都道府県コード": 8, "市区町村コード": 232, "所在地": "茨城県神栖市矢田部５５４７－１", "緯度": 35.791944, "経度": 140.759167, "url": "https://www.iryou.teikyouseido.mhlw.go.jp/znk-web/juminkanja/S2430/initialize?prefCd=08&kikanCd=308570845&kikanKbn=3", "url2": "http://www.yamamoto-dc.biz/index.html", "内容": "医療法人真英会山本歯科クリニック【3:歯科】茨城県神栖市矢田部５５４７－１" }, "geometry": { "type": "Point", "coordinates": [ 140.759167, 35.791944 ] } },
{ "type": "Feature", "properties": { "ID": 83308570887, "正式名称": "セントラル歯科医院", "機関区分": 3, "都道府県コード": 8, "市区町村コード": 232, "所在地": "茨城県神栖市大野原１−４−５１", "緯度": 35.889951, "経度": 140.651513, "url": "https://www.iryou.teikyouseido.mhlw.go.jp/znk-web/juminkanja/S2430/initialize?prefCd=08&kikanCd=308570887&kikanKbn=3", "url2": null, "内容": "セントラル歯科医院【3:歯科】茨城県神栖市大野原１−４−５１" }, "geometry": { "type": "Point", "coordinates": [ 140.651513, 35.889951 ] } },
{ "type": "Feature", "properties": { "ID": 83308570904, "正式名称": "匠歯科医院", "機関区分": 3, "都道府県コード": 8, "市区町村コード": 223, "所在地": "茨城県潮来市宮前１－１０－７", "緯度": 35.958366, "経度": 140.589455, "url": "https://www.iryou.teikyouseido.mhlw.go.jp/znk-web/juminkanja/S2430/initialize?prefCd=08&kikanCd=308570904&kikanKbn=3", "url2": null, "内容": "匠歯科医院【3:歯科】茨城県潮来市宮前１－１０－７" }, "geometry": { "type": "Point", "coordinates": [ 140.589455, 35.958366 ] } },
{ "type": "Feature", "properties": { "ID": 83308570917, "正式名称": "さひめ歯科クリニック", "機関区分": 3, "都道府県コード": 8, "市区町村コード": 232, "所在地": "茨城県神栖市土合中央３－３－１９", "緯度": 35.790477, "経度": 140.773023, "url": "https://www.iryou.teikyouseido.mhlw.go.jp/znk-web/juminkanja/S2430/initialize?prefCd=08&kikanCd=308570917&kikanKbn=3", "url2": null, "内容": "さひめ歯科クリニック【3:歯科】茨城県神栖市土合中央３－３－１９" }, "geometry": { "type": "Point", "coordinates": [ 140.773023, 35.790477 ] } },
{ "type": "Feature", "properties": { "ID": 83308570946, "正式名称": "医療法人社団和歯科医院", "機関区分": 3, "都道府県コード": 8, "市区町村コード": 232, "所在地": "茨城県神栖市太田２９４－１０", "緯度": 35.818611, "経度": 140.733056, "url": "https://www.iryou.teikyouseido.mhlw.go.jp/znk-web/juminkanja/S2430/initialize?prefCd=08&kikanCd=308570946&kikanKbn=3", "url2": "http://www.kazu-shikaiin.com/", "内容": "医療法人社団和歯科医院【3:歯科】茨城県神栖市太田２９４－１０" }, "geometry": { "type": "Point", "coordinates": [ 140.733056, 35.818611 ] } },
{ "type": "Feature", "properties": { "ID": 83308570959, "正式名称": "神向寺歯科医院", "機関区分": 3, "都道府県コード": 8, "市区町村コード": 222, "所在地": "茨城県鹿嶋市神向寺１８９－１", "緯度": 35.985278, "経度": 140.648333, "url": "https://www.iryou.teikyouseido.mhlw.go.jp/znk-web/juminkanja/S2430/initialize?prefCd=08&kikanCd=308570959&kikanKbn=3", "url2": null, "内容": "神向寺歯科医院【3:歯科】茨城県鹿嶋市神向寺１８９－１" }, "geometry": { "type": "Point", "coordinates": [ 140.648333, 35.985278 ] } },
{ "type": "Feature", "properties": { "ID": 83308570975, "正式名称": "池田歯科医院", "機関区分": 3, "都道府県コード": 8, "市区町村コード": 232, "所在地": "茨城県神栖市神栖", "緯度": 35.9025, "経度": 140.653056, "url": "https://www.iryou.teikyouseido.mhlw.go.jp/znk-web/juminkanja/S2430/initialize?prefCd=08&kikanCd=308570975&kikanKbn=3", "url2": "http://plus.dentamap.jp/hpplus/user/ikeda-dc1/", "内容": "池田歯科医院【3:歯科】茨城県神栖市神栖" }, "geometry": { "type": "Point", "coordinates": [ 140.653056, 35.9025 ] } },
{ "type": "Feature", "properties": { "ID": 83308570991, "正式名称": "タナカ歯科医院", "機関区分": 3, "都道府県コード": 8, "市区町村コード": 222, "所在地": "茨城県鹿嶋市平井１２９７－１", "緯度": 35.969485, "経度": 140.655104, "url": "https://www.iryou.teikyouseido.mhlw.go.jp/znk-web/juminkanja/S2430/initialize?prefCd=08&kikanCd=308570991&kikanKbn=3", "url2": "http://www.sopia.or.jp/aoi/", "内容": "タナカ歯科医院【3:歯科】茨城県鹿嶋市平井１２９７－１" }, "geometry": { "type": "Point", "coordinates": [ 140.655104, 35.969485 ] } },
{ "type": "Feature", "properties": { "ID": 83308571028, "正式名称": "ホワイト歯科", "機関区分": 3, "都道府県コード": 8, "市区町村コード": 222, "所在地": "茨城県鹿嶋市宮中４‐５‐２３", "緯度": 35.959722, "経度": 140.632778, "url": "https://www.iryou.teikyouseido.mhlw.go.jp/znk-web/juminkanja/S2430/initialize?prefCd=08&kikanCd=308571028&kikanKbn=3", "url2": "https://itp.ne.jp/info/086306181100000899/", "内容": "ホワイト歯科【3:歯科】茨城県鹿嶋市宮中４‐５‐２３" }, "geometry": { "type": "Point", "coordinates": [ 140.632778, 35.959722 ] } },
{ "type": "Feature", "properties": { "ID": 83308571031, "正式名称": "小林歯科クリニック", "機関区分": 3, "都道府県コード": 8, "市区町村コード": 232, "所在地": "茨城県神栖市太田３９６－１３", "緯度": 35.82206, "経度": 140.73058, "url": "https://www.iryou.teikyouseido.mhlw.go.jp/znk-web/juminkanja/S2430/initialize?prefCd=08&kikanCd=308571031&kikanKbn=3", "url2": null, "内容": "小林歯科クリニック【3:歯科】茨城県神栖市太田３９６－１３" }, "geometry": { "type": "Point", "coordinates": [ 140.73058, 35.82206 ] } },
{ "type": "Feature", "properties": { "ID": 83308571044, "正式名称": "ひとみ歯科医院", "機関区分": 3, "都道府県コード": 8, "市区町村コード": 232, "所在地": "茨城県神栖市堀割", "緯度": 35.915833, "経度": 140.639167, "url": "https://www.iryou.teikyouseido.mhlw.go.jp/znk-web/juminkanja/S2430/initialize?prefCd=08&kikanCd=308571044&kikanKbn=3", "url2": "http://www.93-0333.com/", "内容": "ひとみ歯科医院【3:歯科】茨城県神栖市堀割" }, "geometry": { "type": "Point", "coordinates": [ 140.639167, 35.915833 ] } },
{ "type": "Feature", "properties": { "ID": 83308571057, "正式名称": "こうやだい歯科医院", "機関区分": 3, "都道府県コード": 8, "市区町村コード": 222, "所在地": "茨城県鹿嶋市荒野１５３４－３７", "緯度": 36.015278, "経度": 140.625, "url": "https://www.iryou.teikyouseido.mhlw.go.jp/znk-web/juminkanja/S2430/initialize?prefCd=08&kikanCd=308571057&kikanKbn=3", "url2": null, "内容": "こうやだい歯科医院【3:歯科】茨城県鹿嶋市荒野１５３４－３７" }, "geometry": { "type": "Point", "coordinates": [ 140.625, 36.015278 ] } },
{ "type": "Feature", "properties": { "ID": 83308571060, "正式名称": "スズキ歯科医院", "機関区分": 3, "都道府県コード": 8, "市区町村コード": 232, "所在地": "茨城県神栖市知手３６１２－２", "緯度": 35.874167, "経度": 140.721667, "url": "https://www.iryou.teikyouseido.mhlw.go.jp/znk-web/juminkanja/S2430/initialize?prefCd=08&kikanCd=308571060&kikanKbn=3", "url2": null, "内容": "スズキ歯科医院【3:歯科】茨城県神栖市知手３６１２－２" }, "geometry": { "type": "Point", "coordinates": [ 140.721667, 35.874167 ] } },
{ "type": "Feature", "properties": { "ID": 83308571073, "正式名称": "医療法人藤仁会第二歯科医院", "機関区分": 3, "都道府県コード": 8, "市区町村コード": 232, "所在地": "茨城県神栖市平泉２－１７", "緯度": 35.9130683, "経度": 140.6406339, "url": "https://www.iryou.teikyouseido.mhlw.go.jp/znk-web/juminkanja/S2430/initialize?prefCd=08&kikanCd=308571073&kikanKbn=3", "url2": null, "内容": "医療法人藤仁会第二歯科医院【3:歯科】茨城県神栖市平泉２－１７" }, "geometry": { "type": "Point", "coordinates": [ 140.640633900000012, 35.9130683 ] } },
{ "type": "Feature", "properties": { "ID": 83308571086, "正式名称": "町の歯医者さん　加藤歯科医院", "機関区分": 3, "都道府県コード": 8, "市区町村コード": 222, "所在地": "茨城県鹿嶋市鉢形台２丁目１８ー１", "緯度": 35.9629, "経度": 140.64854, "url": "https://www.iryou.teikyouseido.mhlw.go.jp/znk-web/juminkanja/S2430/initialize?prefCd=08&kikanCd=308571086&kikanKbn=3", "url2": null, "内容": "町の歯医者さん　加藤歯科医院【3:歯科】茨城県鹿嶋市鉢形台２丁目１８ー１" }, "geometry": { "type": "Point", "coordinates": [ 140.64854, 35.9629 ] } },
{ "type": "Feature", "properties": { "ID": 83308571129, "正式名称": "本間歯科医院", "機関区分": 3, "都道府県コード": 8, "市区町村コード": 222, "所在地": "茨城県鹿嶋市谷原１３７２", "緯度": 35.939182, "経度": 140.63686, "url": "https://www.iryou.teikyouseido.mhlw.go.jp/znk-web/juminkanja/S2430/initialize?prefCd=08&kikanCd=308571129&kikanKbn=3", "url2": null, "内容": "本間歯科医院【3:歯科】茨城県鹿嶋市谷原１３７２" }, "geometry": { "type": "Point", "coordinates": [ 140.63686, 35.939182 ] } },
{ "type": "Feature", "properties": { "ID": 83308571158, "正式名称": "もろほし歯科", "機関区分": 3, "都道府県コード": 8, "市区町村コード": 222, "所在地": "茨城県鹿嶋市宮中３２７－１", "緯度": 35.959444, "経度": 140.646111, "url": "https://www.iryou.teikyouseido.mhlw.go.jp/znk-web/juminkanja/S2430/initialize?prefCd=08&kikanCd=308571158&kikanKbn=3", "url2": null, "内容": "もろほし歯科【3:歯科】茨城県鹿嶋市宮中３２７－１" }, "geometry": { "type": "Point", "coordinates": [ 140.646111, 35.959444 ] } },
{ "type": "Feature", "properties": { "ID": 83308571161, "正式名称": "医療法人社団公慈会ＰＣデンタルクリニック", "機関区分": 3, "都道府県コード": 8, "市区町村コード": 232, "所在地": "茨城県神栖市土合中央３－１－２０", "緯度": 35.788333, "経度": 140.778333, "url": "https://www.iryou.teikyouseido.mhlw.go.jp/znk-web/juminkanja/S2430/initialize?prefCd=08&kikanCd=308571161&kikanKbn=3", "url2": "http://www.pc-dental.com/", "内容": "医療法人社団公慈会ＰＣデンタルクリニック【3:歯科】茨城県神栖市土合中央３－１－２０" }, "geometry": { "type": "Point", "coordinates": [ 140.778333, 35.788333 ] } },
{ "type": "Feature", "properties": { "ID": 83308571190, "正式名称": "本間歯科医院デンタルヘルススタジオ", "機関区分": 3, "都道府県コード": 8, "市区町村コード": 222, "所在地": "茨城県鹿嶋市宮中２３２４－１９", "緯度": 35.97, "経度": 140.647222, "url": "https://www.iryou.teikyouseido.mhlw.go.jp/znk-web/juminkanja/S2430/initialize?prefCd=08&kikanCd=308571190&kikanKbn=3", "url2": null, "内容": "本間歯科医院デンタルヘルススタジオ【3:歯科】茨城県鹿嶋市宮中２３２４－１９" }, "geometry": { "type": "Point", "coordinates": [ 140.647222, 35.97 ] } },
{ "type": "Feature", "properties": { "ID": 83308571217, "正式名称": "鬼澤歯科医院第２診療所", "機関区分": 3, "都道府県コード": 8, "市区町村コード": 222, "所在地": "茨城県鹿嶋市緑ヶ丘１－７－１０", "緯度": 35.9751845, "経度": 140.624038, "url": "https://www.iryou.teikyouseido.mhlw.go.jp/znk-web/juminkanja/S2430/initialize?prefCd=08&kikanCd=308571217&kikanKbn=3", "url2": null, "内容": "鬼澤歯科医院第２診療所【3:歯科】茨城県鹿嶋市緑ヶ丘１－７－１０" }, "geometry": { "type": "Point", "coordinates": [ 140.624038, 35.9751845 ] } },
{ "type": "Feature", "properties": { "ID": 83308571259, "正式名称": "うちぼり歯科医院", "機関区分": 3, "都道府県コード": 8, "市区町村コード": 223, "所在地": "茨城県潮来市潮来４９０－２", "緯度": 35.936944, "経度": 140.551111, "url": "https://www.iryou.teikyouseido.mhlw.go.jp/znk-web/juminkanja/S2430/initialize?prefCd=08&kikanCd=308571259&kikanKbn=3", "url2": "http://www.uchibori-dental.com", "内容": "うちぼり歯科医院【3:歯科】茨城県潮来市潮来４９０－２" }, "geometry": { "type": "Point", "coordinates": [ 140.551111, 35.936944 ] } },
{ "type": "Feature", "properties": { "ID": 83308571262, "正式名称": "おおもり歯科クリニック", "機関区分": 3, "都道府県コード": 8, "市区町村コード": 222, "所在地": "茨城県鹿嶋市宮津台２３４６番地５", "緯度": 35.976111, "経度": 140.649167, "url": "https://www.iryou.teikyouseido.mhlw.go.jp/znk-web/juminkanja/S2430/initialize?prefCd=08&kikanCd=308571262&kikanKbn=3", "url2": null, "内容": "おおもり歯科クリニック【3:歯科】茨城県鹿嶋市宮津台２３４６番地５" }, "geometry": { "type": "Point", "coordinates": [ 140.649167, 35.976111 ] } },
{ "type": "Feature", "properties": { "ID": 83308571275, "正式名称": "医療法人社団善仁会小山記念病院付属ふかしば歯科", "機関区分": 3, "都道府県コード": 8, "市区町村コード": 232, "所在地": "茨城県神栖市深芝南３－２１－１", "緯度": 35.907222, "経度": 140.652222, "url": "https://www.iryou.teikyouseido.mhlw.go.jp/znk-web/juminkanja/S2430/initialize?prefCd=08&kikanCd=308571275&kikanKbn=3", "url2": "http://www.koyama-mh.or.jp/kmhcdc/index.htm", "内容": "医療法人社団善仁会小山記念病院付属ふかしば歯科【3:歯科】茨城県神栖市深芝南３－２１－１" }, "geometry": { "type": "Point", "coordinates": [ 140.652222, 35.907222 ] } },
{ "type": "Feature", "properties": { "ID": 83308571318, "正式名称": "越川歯科クリニック", "機関区分": 3, "都道府県コード": 8, "市区町村コード": 232, "所在地": "茨城県神栖市土合本町五丁目９８０９番７３２", "緯度": 35.795564, "経度": 140.774874, "url": "https://www.iryou.teikyouseido.mhlw.go.jp/znk-web/juminkanja/S2430/initialize?prefCd=08&kikanCd=308571318&kikanKbn=3", "url2": null, "内容": "越川歯科クリニック【3:歯科】茨城県神栖市土合本町五丁目９８０９番７３２" }, "geometry": { "type": "Point", "coordinates": [ 140.774874, 35.795564 ] } },
{ "type": "Feature", "properties": { "ID": 83308571350, "正式名称": "竹内歯科矯正歯科", "機関区分": 3, "都道府県コード": 8, "市区町村コード": 232, "所在地": "茨城県神栖市波崎７４９９", "緯度": 35.751337, "経度": 140.817168, "url": "https://www.iryou.teikyouseido.mhlw.go.jp/znk-web/juminkanja/S2430/initialize?prefCd=08&kikanCd=308571350&kikanKbn=3", "url2": "http://www.takeuchi-ortho.com", "内容": "竹内歯科矯正歯科【3:歯科】茨城県神栖市波崎７４９９" }, "geometry": { "type": "Point", "coordinates": [ 140.817168, 35.751337 ] } },
{ "type": "Feature", "properties": { "ID": 83308571363, "正式名称": "東部歯科診療所", "機関区分": 3, "都道府県コード": 8, "市区町村コード": 232, "所在地": "茨城県神栖市知手中央６－１－７", "緯度": 35.874444, "経度": 140.705278, "url": "https://www.iryou.teikyouseido.mhlw.go.jp/znk-web/juminkanja/S2430/initialize?prefCd=08&kikanCd=308571363&kikanKbn=3", "url2": "https://www.toubu-dental.com/", "内容": "東部歯科診療所【3:歯科】茨城県神栖市知手中央６－１－７" }, "geometry": { "type": "Point", "coordinates": [ 140.705278, 35.874444 ] } },
{ "type": "Feature", "properties": { "ID": 83308571376, "正式名称": "小貫歯科クリニック", "機関区分": 3, "都道府県コード": 8, "市区町村コード": 232, "所在地": "茨城県神栖市大野原二丁目三十番地二十三", "緯度": 35.89558, "経度": 140.646074, "url": "https://www.iryou.teikyouseido.mhlw.go.jp/znk-web/juminkanja/S2430/initialize?prefCd=08&kikanCd=308571376&kikanKbn=3", "url2": null, "内容": "小貫歯科クリニック【3:歯科】茨城県神栖市大野原二丁目三十番地二十三" }, "geometry": { "type": "Point", "coordinates": [ 140.646074, 35.89558 ] } },
{ "type": "Feature", "properties": { "ID": 83308571419, "正式名称": "小山記念病院付属くりやデンタルクリニック", "機関区分": 3, "都道府県コード": 8, "市区町村コード": 222, "所在地": "茨城県鹿嶋市厨５－５－１０", "緯度": 35.975175, "経度": 140.6261, "url": "https://www.iryou.teikyouseido.mhlw.go.jp/znk-web/juminkanja/S2430/initialize?prefCd=08&kikanCd=308571419&kikanKbn=3", "url2": "kuriya-dc.jp/access", "内容": "小山記念病院付属くりやデンタルクリニック【3:歯科】茨城県鹿嶋市厨５－５－１０" }, "geometry": { "type": "Point", "coordinates": [ 140.6261, 35.975175 ] } },
{ "type": "Feature", "properties": { "ID": 83308580008, "正式名称": "きくち歯科矯正歯科クリニック", "機関区分": 3, "都道府県コード": 8, "市区町村コード": 208, "所在地": "茨城県龍ケ崎市城ノ内３－１７－１", "緯度": 35.923162, "経度": 140.2060283, "url": "https://www.iryou.teikyouseido.mhlw.go.jp/znk-web/juminkanja/S2430/initialize?prefCd=08&kikanCd=308580008&kikanKbn=3", "url2": "https://www.dragonkyousei.jp", "内容": "きくち歯科矯正歯科クリニック【3:歯科】茨城県龍ケ崎市城ノ内３－１７－１" }, "geometry": { "type": "Point", "coordinates": [ 140.206028300000014, 35.923162 ] } },
{ "type": "Feature", "properties": { "ID": 83308580040, "正式名称": "小野瀬歯科医院", "機関区分": 3, "都道府県コード": 8, "市区町村コード": 208, "所在地": "茨城県龍ケ崎市４２４８－１", "緯度": 35.903056, "経度": 140.190556, "url": "https://www.iryou.teikyouseido.mhlw.go.jp/znk-web/juminkanja/S2430/initialize?prefCd=08&kikanCd=308580040&kikanKbn=3", "url2": "http://www.hiro-yosi.com/", "内容": "小野瀬歯科医院【3:歯科】茨城県龍ケ崎市４２４８－１" }, "geometry": { "type": "Point", "coordinates": [ 140.190556, 35.903056 ] } },
{ "type": "Feature", "properties": { "ID": 83308580053, "正式名称": "風と星デンタルクリニック守谷", "機関区分": 3, "都道府県コード": 8, "市区町村コード": 224, "所在地": "茨城県守谷市中央２－５３", "緯度": 35.9526316, "経度": 139.9936462, "url": "https://www.iryou.teikyouseido.mhlw.go.jp/znk-web/juminkanja/S2430/initialize?prefCd=08&kikanCd=308580053&kikanKbn=3", "url2": "https://www.kazetohoshi.com/", "内容": "風と星デンタルクリニック守谷【3:歯科】茨城県守谷市中央２－５３" }, "geometry": { "type": "Point", "coordinates": [ 139.9936462, 35.9526316 ] } },
{ "type": "Feature", "properties": { "ID": 83308580079, "正式名称": "富塚歯科医院", "機関区分": 3, "都道府県コード": 8, "市区町村コード": 208, "所在地": "茨城県龍ケ崎市４２４２", "緯度": 35.903611, "経度": 140.190833, "url": "https://www.iryou.teikyouseido.mhlw.go.jp/znk-web/juminkanja/S2430/initialize?prefCd=08&kikanCd=308580079&kikanKbn=3", "url2": "http://www.m-w-b.co.jp/client/tomizuka/index.html", "内容": "富塚歯科医院【3:歯科】茨城県龍ケ崎市４２４２" }, "geometry": { "type": "Point", "coordinates": [ 140.190833, 35.903611 ] } },
{ "type": "Feature", "properties": { "ID": 83308580082, "正式名称": "野上歯科医院", "機関区分": 3, "都道府県コード": 8, "市区町村コード": 208, "所在地": "茨城県龍ケ崎市馴馬町", "緯度": 35.907477, "経度": 140.177317, "url": "https://www.iryou.teikyouseido.mhlw.go.jp/znk-web/juminkanja/S2430/initialize?prefCd=08&kikanCd=308580082&kikanKbn=3", "url2": "http://nogami-shika.org/", "内容": "野上歯科医院【3:歯科】茨城県龍ケ崎市馴馬町" }, "geometry": { "type": "Point", "coordinates": [ 140.177317, 35.907477 ] } },
{ "type": "Feature", "properties": { "ID": 83308580138, "正式名称": "兼子歯科", "機関区分": 3, "都道府県コード": 8, "市区町村コード": 208, "所在地": "茨城県龍ケ崎市寺後", "緯度": 35.909738, "経度": 140.18357, "url": "https://www.iryou.teikyouseido.mhlw.go.jp/znk-web/juminkanja/S2430/initialize?prefCd=08&kikanCd=308580138&kikanKbn=3", "url2": null, "内容": "兼子歯科【3:歯科】茨城県龍ケ崎市寺後" }, "geometry": { "type": "Point", "coordinates": [ 140.18357, 35.909738 ] } },
{ "type": "Feature", "properties": { "ID": 83308580154, "正式名称": "ツノダ歯科クリニック", "機関区分": 3, "都道府県コード": 8, "市区町村コード": 217, "所在地": "茨城県取手市戸頭４－１５－１８ー１０２", "緯度": 35.9273528, "経度": 140.0145145, "url": "https://www.iryou.teikyouseido.mhlw.go.jp/znk-web/juminkanja/S2430/initialize?prefCd=08&kikanCd=308580154&kikanKbn=3", "url2": "https://peraichi.com/landing_pages/view/tsunodadental/", "内容": "ツノダ歯科クリニック【3:歯科】茨城県取手市戸頭４－１５－１８ー１０２" }, "geometry": { "type": "Point", "coordinates": [ 140.0145145, 35.9273528 ] } },
{ "type": "Feature", "properties": { "ID": 83308580167, "正式名称": "野村歯科医院", "機関区分": 3, "都道府県コード": 8, "市区町村コード": 208, "所在地": "茨城県龍ケ崎市出し山町１４５", "緯度": 35.912212, "経度": 140.193976, "url": "https://www.iryou.teikyouseido.mhlw.go.jp/znk-web/juminkanja/S2430/initialize?prefCd=08&kikanCd=308580167&kikanKbn=3", "url2": null, "内容": "野村歯科医院【3:歯科】茨城県龍ケ崎市出し山町１４５" }, "geometry": { "type": "Point", "coordinates": [ 140.193976, 35.912212 ] } },
{ "type": "Feature", "properties": { "ID": 83308580196, "正式名称": "飯田歯科医院", "機関区分": 3, "都道府県コード": 8, "市区町村コード": 217, "所在地": "茨城県取手市白山", "緯度": 35.899722, "経度": 140.067222, "url": "https://www.iryou.teikyouseido.mhlw.go.jp/znk-web/juminkanja/S2430/initialize?prefCd=08&kikanCd=308580196&kikanKbn=3", "url2": null, "内容": "飯田歯科医院【3:歯科】茨城県取手市白山" }, "geometry": { "type": "Point", "coordinates": [ 140.067222, 35.899722 ] } },
{ "type": "Feature", "properties": { "ID": 83308580327, "正式名称": "医療法人カズヨリ歯科矯正歯科", "機関区分": 3, "都道府県コード": 8, "市区町村コード": 217, "所在地": "茨城県取手市取手２丁目１－２０桜井ビル２０２", "緯度": 35.890833, "経度": 140.065833, "url": "https://www.iryou.teikyouseido.mhlw.go.jp/znk-web/juminkanja/S2430/initialize?prefCd=08&kikanCd=308580327&kikanKbn=3", "url2": "http://www.kazuyori-shika.com/pc/", "内容": "医療法人カズヨリ歯科矯正歯科【3:歯科】茨城県取手市取手２丁目１－２０桜井ビル２０２" }, "geometry": { "type": "Point", "coordinates": [ 140.065833, 35.890833 ] } },
{ "type": "Feature", "properties": { "ID": 83308580330, "正式名称": "中島歯科クリニック", "機関区分": 3, "都道府県コード": 8, "市区町村コード": 217, "所在地": "茨城県取手市戸頭", "緯度": 35.9294, "経度": 140.011815, "url": "https://www.iryou.teikyouseido.mhlw.go.jp/znk-web/juminkanja/S2430/initialize?prefCd=08&kikanCd=308580330&kikanKbn=3", "url2": null, "内容": "中島歯科クリニック【3:歯科】茨城県取手市戸頭" }, "geometry": { "type": "Point", "coordinates": [ 140.011815, 35.9294 ] } },
{ "type": "Feature", "properties": { "ID": 83308580385, "正式名称": "かずま歯科医院", "機関区分": 3, "都道府県コード": 8, "市区町村コード": 217, "所在地": "茨城県取手市白山", "緯度": 35.901944, "経度": 140.061944, "url": "https://www.iryou.teikyouseido.mhlw.go.jp/znk-web/juminkanja/S2430/initialize?prefCd=08&kikanCd=308580385&kikanKbn=3", "url2": "http://www.kazumadent.com", "内容": "かずま歯科医院【3:歯科】茨城県取手市白山" }, "geometry": { "type": "Point", "coordinates": [ 140.061944, 35.901944 ] } },
{ "type": "Feature", "properties": { "ID": 83308580431, "正式名称": "医療法人社団昭洋会萩原デンタルクリニック", "機関区分": 3, "都道府県コード": 8, "市区町村コード": 217, "所在地": "茨城県取手市戸頭３ー２ー９", "緯度": 35.919445, "経度": 140.012811, "url": "https://www.iryou.teikyouseido.mhlw.go.jp/znk-web/juminkanja/S2430/initialize?prefCd=08&kikanCd=308580431&kikanKbn=3", "url2": null, "内容": "医療法人社団昭洋会萩原デンタルクリニック【3:歯科】茨城県取手市戸頭３ー２ー９" }, "geometry": { "type": "Point", "coordinates": [ 140.012811, 35.919445 ] } },
{ "type": "Feature", "properties": { "ID": 83308580457, "正式名称": "医療法人社団美澄会斉藤歯科医院", "機関区分": 3, "都道府県コード": 8, "市区町村コード": 229, "所在地": "茨城県稲敷市江戸崎甲２６６３－１０", "緯度": 35.955556, "経度": 140.3225, "url": "https://www.iryou.teikyouseido.mhlw.go.jp/znk-web/juminkanja/S2430/initialize?prefCd=08&kikanCd=308580457&kikanKbn=3", "url2": null, "内容": "医療法人社団美澄会斉藤歯科医院【3:歯科】茨城県稲敷市江戸崎甲２６６３－１０" }, "geometry": { "type": "Point", "coordinates": [ 140.3225, 35.955556 ] } },
{ "type": "Feature", "properties": { "ID": 83308580617, "正式名称": "横田歯科医院", "機関区分": 3, "都道府県コード": 8, "市区町村コード": 229, "所在地": "茨城県稲敷市角崎１６６", "緯度": 35.906667, "経度": 140.288611, "url": "https://www.iryou.teikyouseido.mhlw.go.jp/znk-web/juminkanja/S2430/initialize?prefCd=08&kikanCd=308580617&kikanKbn=3", "url2": null, "内容": "横田歯科医院【3:歯科】茨城県稲敷市角崎１６６" }, "geometry": { "type": "Point", "coordinates": [ 140.288611, 35.906667 ] } },
{ "type": "Feature", "properties": { "ID": 83308580659, "正式名称": "医療法人社団裕和会小貫歯科医院", "機関区分": 3, "都道府県コード": 8, "市区町村コード": 229, "所在地": "茨城県稲敷市橋向", "緯度": 35.908611, "経度": 140.394167, "url": "https://www.iryou.teikyouseido.mhlw.go.jp/znk-web/juminkanja/S2430/initialize?prefCd=08&kikanCd=308580659&kikanKbn=3", "url2": "http://www.yuwakai.jp", "内容": "医療法人社団裕和会小貫歯科医院【3:歯科】茨城県稲敷市橋向" }, "geometry": { "type": "Point", "coordinates": [ 140.394167, 35.908611 ] } },
{ "type": "Feature", "properties": { "ID": 83308580662, "正式名称": "植竹歯科医院", "機関区分": 3, "都道府県コード": 8, "市区町村コード": 217, "所在地": "茨城県取手市宮和田３８１－２", "緯度": 35.922958, "経度": 140.119925, "url": "https://www.iryou.teikyouseido.mhlw.go.jp/znk-web/juminkanja/S2430/initialize?prefCd=08&kikanCd=308580662&kikanKbn=3", "url2": null, "内容": "植竹歯科医院【3:歯科】茨城県取手市宮和田３８１－２" }, "geometry": { "type": "Point", "coordinates": [ 140.119925, 35.922958 ] } },
{ "type": "Feature", "properties": { "ID": 83308580691, "正式名称": "坂寄歯科医院", "機関区分": 3, "都道府県コード": 8, "市区町村コード": 217, "所在地": "茨城県取手市藤代５０３", "緯度": 35.920795, "経度": 140.11229, "url": "https://www.iryou.teikyouseido.mhlw.go.jp/znk-web/juminkanja/S2430/initialize?prefCd=08&kikanCd=308580691&kikanKbn=3", "url2": "https://www.fujishiro-dental.com/", "内容": "坂寄歯科医院【3:歯科】茨城県取手市藤代５０３" }, "geometry": { "type": "Point", "coordinates": [ 140.11229, 35.920795 ] } },
{ "type": "Feature", "properties": { "ID": 83308580747, "正式名称": "杉山歯科医院", "機関区分": 3, "都道府県コード": 8, "市区町村コード": 564, "所在地": "茨城県北相馬郡利根町布川６１８－３１２", "緯度": 35.855717, "経度": 140.14423, "url": "https://www.iryou.teikyouseido.mhlw.go.jp/znk-web/juminkanja/S2430/initialize?prefCd=08&kikanCd=308580747&kikanKbn=3", "url2": null, "内容": "杉山歯科医院【3:歯科】茨城県北相馬郡利根町布川６１８－３１２" }, "geometry": { "type": "Point", "coordinates": [ 140.14423, 35.855717 ] } },
{ "type": "Feature", "properties": { "ID": 83308580750, "正式名称": "森谷歯科医院", "機関区分": 3, "都道府県コード": 8, "市区町村コード": 219, "所在地": "茨城県牛久市南４－４５－１５", "緯度": 35.961944, "経度": 140.147222, "url": "https://www.iryou.teikyouseido.mhlw.go.jp/znk-web/juminkanja/S2430/initialize?prefCd=08&kikanCd=308580750&kikanKbn=3", "url2": null, "内容": "森谷歯科医院【3:歯科】茨城県牛久市南４－４５－１５" }, "geometry": { "type": "Point", "coordinates": [ 140.147222, 35.961944 ] } },
{ "type": "Feature", "properties": { "ID": 83308580864, "正式名称": "久米歯科医院", "機関区分": 3, "都道府県コード": 8, "市区町村コード": 447, "所在地": "茨城県稲敷郡河内町長竿４５５５ー１", "緯度": 35.879735, "経度": 140.295386, "url": "https://www.iryou.teikyouseido.mhlw.go.jp/znk-web/juminkanja/S2430/initialize?prefCd=08&kikanCd=308580864&kikanKbn=3", "url2": null, "内容": "久米歯科医院【3:歯科】茨城県稲敷郡河内町長竿４５５５ー１" }, "geometry": { "type": "Point", "coordinates": [ 140.295386, 35.879735 ] } },
{ "type": "Feature", "properties": { "ID": 83308580907, "正式名称": "島田歯科医院", "機関区分": 3, "都道府県コード": 8, "市区町村コード": 208, "所在地": "茨城県龍ケ崎市寺後３９９５番地山栄ビル２階", "緯度": 35.910217, "経度": 140.18279, "url": "https://www.iryou.teikyouseido.mhlw.go.jp/znk-web/juminkanja/S2430/initialize?prefCd=08&kikanCd=308580907&kikanKbn=3", "url2": null, "内容": "島田歯科医院【3:歯科】茨城県龍ケ崎市寺後３９９５番地山栄ビル２階" }, "geometry": { "type": "Point", "coordinates": [ 140.18279, 35.910217 ] } },
{ "type": "Feature", "properties": { "ID": 83308580910, "正式名称": "医療法人博心会取手中央タウン歯科医院", "機関区分": 3, "都道府県コード": 8, "市区町村コード": 217, "所在地": "茨城県取手市西２－４－８", "緯度": 35.901111, "経度": 140.050278, "url": "https://www.iryou.teikyouseido.mhlw.go.jp/znk-web/juminkanja/S2430/initialize?prefCd=08&kikanCd=308580910&kikanKbn=3", "url2": "http://www.hakushinkai.com", "内容": "医療法人博心会取手中央タウン歯科医院【3:歯科】茨城県取手市西２－４－８" }, "geometry": { "type": "Point", "coordinates": [ 140.050278, 35.901111 ] } },
{ "type": "Feature", "properties": { "ID": 83308580936, "正式名称": "太子堂歯科医院", "機関区分": 3, "都道府県コード": 8, "市区町村コード": 564, "所在地": "茨城県北相馬郡利根町布川３２４４－３", "緯度": 35.855556, "経度": 140.161944, "url": "https://www.iryou.teikyouseido.mhlw.go.jp/znk-web/juminkanja/S2430/initialize?prefCd=08&kikanCd=308580936&kikanKbn=3", "url2": null, "内容": "太子堂歯科医院【3:歯科】茨城県北相馬郡利根町布川３２４４－３" }, "geometry": { "type": "Point", "coordinates": [ 140.161944, 35.855556 ] } },
{ "type": "Feature", "properties": { "ID": 83308580949, "正式名称": "深澤歯科", "機関区分": 3, "都道府県コード": 8, "市区町村コード": 219, "所在地": "茨城県牛久市さくら台１－１６－５", "緯度": 35.958611, "経度": 140.158889, "url": "https://www.iryou.teikyouseido.mhlw.go.jp/znk-web/juminkanja/S2430/initialize?prefCd=08&kikanCd=308580949&kikanKbn=3", "url2": "http://www.ushiku-dental.com/", "内容": "深澤歯科【3:歯科】茨城県牛久市さくら台１－１６－５" }, "geometry": { "type": "Point", "coordinates": [ 140.158889, 35.958611 ] } },
{ "type": "Feature", "properties": { "ID": 83308580952, "正式名称": "医療法人社団佑志会飯島歯科医院", "機関区分": 3, "都道府県コード": 8, "市区町村コード": 208, "所在地": "茨城県龍ケ崎市佐貫町４８９－４０", "緯度": 35.928056, "経度": 140.140556, "url": "https://www.iryou.teikyouseido.mhlw.go.jp/znk-web/juminkanja/S2430/initialize?prefCd=08&kikanCd=308580952&kikanKbn=3", "url2": null, "内容": "医療法人社団佑志会飯島歯科医院【3:歯科】茨城県龍ケ崎市佐貫町４８９－４０" }, "geometry": { "type": "Point", "coordinates": [ 140.140556, 35.928056 ] } },
{ "type": "Feature", "properties": { "ID": 83308580978, "正式名称": "長島歯科医院", "機関区分": 3, "都道府県コード": 8, "市区町村コード": 208, "所在地": "茨城県龍ケ崎市佐貫１－１２－３", "緯度": 35.925833, "経度": 140.144444, "url": "https://www.iryou.teikyouseido.mhlw.go.jp/znk-web/juminkanja/S2430/initialize?prefCd=08&kikanCd=308580978&kikanKbn=3", "url2": null, "内容": "長島歯科医院【3:歯科】茨城県龍ケ崎市佐貫１－１２－３" }, "geometry": { "type": "Point", "coordinates": [ 140.144444, 35.925833 ] } },
{ "type": "Feature", "properties": { "ID": 83308581005, "正式名称": "さくらい歯科医院", "機関区分": 3, "都道府県コード": 8, "市区町村コード": 217, "所在地": "茨城県取手市藤代３６５－１", "緯度": 35.920278, "経度": 140.113333, "url": "https://www.iryou.teikyouseido.mhlw.go.jp/znk-web/juminkanja/S2430/initialize?prefCd=08&kikanCd=308581005&kikanKbn=3", "url2": "https://sakurai-dc.jp/", "内容": "さくらい歯科医院【3:歯科】茨城県取手市藤代３６５－１" }, "geometry": { "type": "Point", "coordinates": [ 140.113333, 35.920278 ] } },
{ "type": "Feature", "properties": { "ID": 83308581018, "正式名称": "蛯原歯科医院", "機関区分": 3, "都道府県コード": 8, "市区町村コード": 229, "所在地": "茨城県稲敷市高田２８１９－１", "緯度": 35.952222, "経度": 140.331389, "url": "https://www.iryou.teikyouseido.mhlw.go.jp/znk-web/juminkanja/S2430/initialize?prefCd=08&kikanCd=308581018&kikanKbn=3", "url2": null, "内容": "蛯原歯科医院【3:歯科】茨城県稲敷市高田２８１９－１" }, "geometry": { "type": "Point", "coordinates": [ 140.331389, 35.952222 ] } },
{ "type": "Feature", "properties": { "ID": 83308581063, "正式名称": "宮本歯科医院", "機関区分": 3, "都道府県コード": 8, "市区町村コード": 219, "所在地": "茨城県牛久市柏田町３０４７－１１", "緯度": 35.988611, "経度": 140.148889, "url": "https://www.iryou.teikyouseido.mhlw.go.jp/znk-web/juminkanja/S2430/initialize?prefCd=08&kikanCd=308581063&kikanKbn=3", "url2": null, "内容": "宮本歯科医院【3:歯科】茨城県牛久市柏田町３０４７－１１" }, "geometry": { "type": "Point", "coordinates": [ 140.148889, 35.988611 ] } },
{ "type": "Feature", "properties": { "ID": 83308581122, "正式名称": "医療法人央翔会中澤歯科医院", "機関区分": 3, "都道府県コード": 8, "市区町村コード": 219, "所在地": "茨城県牛久市牛久町２８０番地エスカードホール４階", "緯度": 35.971944, "経度": 140.143056, "url": "https://www.iryou.teikyouseido.mhlw.go.jp/znk-web/juminkanja/S2430/initialize?prefCd=08&kikanCd=308581122&kikanKbn=3", "url2": null, "内容": "医療法人央翔会中澤歯科医院【3:歯科】茨城県牛久市牛久町２８０番地エスカードホール４階" }, "geometry": { "type": "Point", "coordinates": [ 140.143056, 35.971944 ] } },
{ "type": "Feature", "properties": { "ID": 83308581135, "正式名称": "飯島歯科医院", "機関区分": 3, "都道府県コード": 8, "市区町村コード": 219, "所在地": "茨城県牛久市中央４丁目２－１", "緯度": 35.973056, "経度": 140.149444, "url": "https://www.iryou.teikyouseido.mhlw.go.jp/znk-web/juminkanja/S2430/initialize?prefCd=08&kikanCd=308581135&kikanKbn=3", "url2": null, "内容": "飯島歯科医院【3:歯科】茨城県牛久市中央４丁目２－１" }, "geometry": { "type": "Point", "coordinates": [ 140.149444, 35.973056 ] } },
{ "type": "Feature", "properties": { "ID": 83308581148, "正式名称": "宇津喜歯科", "機関区分": 3, "都道府県コード": 8, "市区町村コード": 229, "所在地": "茨城県稲敷市古渡４４", "緯度": 35.970278, "経度": 140.357778, "url": "https://www.iryou.teikyouseido.mhlw.go.jp/znk-web/juminkanja/S2430/initialize?prefCd=08&kikanCd=308581148&kikanKbn=3", "url2": null, "内容": "宇津喜歯科【3:歯科】茨城県稲敷市古渡４４" }, "geometry": { "type": "Point", "coordinates": [ 140.357778, 35.970278 ] } },
{ "type": "Feature", "properties": { "ID": 83308581164, "正式名称": "泉矯正歯科", "機関区分": 3, "都道府県コード": 8, "市区町村コード": 217, "所在地": "茨城県取手市新町２－２－８", "緯度": 35.893611, "経度": 140.064444, "url": "https://www.iryou.teikyouseido.mhlw.go.jp/znk-web/juminkanja/S2430/initialize?prefCd=08&kikanCd=308581164&kikanKbn=3", "url2": "http://www.myclinic.ne.jp/izumikyousei/", "内容": "泉矯正歯科【3:歯科】茨城県取手市新町２－２－８" }, "geometry": { "type": "Point", "coordinates": [ 140.064444, 35.893611 ] } },
{ "type": "Feature", "properties": { "ID": 83308581180, "正式名称": "近藤歯科医院", "機関区分": 3, "都道府県コード": 8, "市区町村コード": 217, "所在地": "茨城県取手市片町３５８－４", "緯度": 35.920769, "経度": 140.116819, "url": "https://www.iryou.teikyouseido.mhlw.go.jp/znk-web/juminkanja/S2430/initialize?prefCd=08&kikanCd=308581180&kikanKbn=3", "url2": null, "内容": "近藤歯科医院【3:歯科】茨城県取手市片町３５８－４" }, "geometry": { "type": "Point", "coordinates": [ 140.116819, 35.920769 ] } },
{ "type": "Feature", "properties": { "ID": 83308581252, "正式名称": "髙野歯科医院", "機関区分": 3, "都道府県コード": 8, "市区町村コード": 217, "所在地": "茨城県取手市小浮気４０５", "緯度": 35.918333, "経度": 140.101667, "url": "https://www.iryou.teikyouseido.mhlw.go.jp/znk-web/juminkanja/S2430/initialize?prefCd=08&kikanCd=308581252&kikanKbn=3", "url2": null, "内容": "髙野歯科医院【3:歯科】茨城県取手市小浮気４０５" }, "geometry": { "type": "Point", "coordinates": [ 140.101667, 35.918333 ] } },
{ "type": "Feature", "properties": { "ID": 83308581281, "正式名称": "おさか歯科クリニック", "機関区分": 3, "都道府県コード": 8, "市区町村コード": 219, "所在地": "茨城県牛久市小坂町", "緯度": 35.968611, "経度": 140.196667, "url": "https://www.iryou.teikyouseido.mhlw.go.jp/znk-web/juminkanja/S2430/initialize?prefCd=08&kikanCd=308581281&kikanKbn=3", "url2": "https://www.osaka-shika.jp", "内容": "おさか歯科クリニック【3:歯科】茨城県牛久市小坂町" }, "geometry": { "type": "Point", "coordinates": [ 140.196667, 35.968611 ] } },
{ "type": "Feature", "properties": { "ID": 83308581409, "正式名称": "西原歯科医院", "機関区分": 3, "都道府県コード": 8, "市区町村コード": 208, "所在地": "茨城県龍ケ崎市長山６－５－１２", "緯度": 35.9469247, "経度": 140.159473, "url": "https://www.iryou.teikyouseido.mhlw.go.jp/znk-web/juminkanja/S2430/initialize?prefCd=08&kikanCd=308581409&kikanKbn=3", "url2": null, "内容": "西原歯科医院【3:歯科】茨城県龍ケ崎市長山６－５－１２" }, "geometry": { "type": "Point", "coordinates": [ 140.159473, 35.9469247 ] } },
{ "type": "Feature", "properties": { "ID": 83308581438, "正式名称": "コアラ歯科クリニック", "機関区分": 3, "都道府県コード": 8, "市区町村コード": 208, "所在地": "茨城県龍ケ崎市若柴町", "緯度": 35.938889, "経度": 140.160278, "url": "https://www.iryou.teikyouseido.mhlw.go.jp/znk-web/juminkanja/S2430/initialize?prefCd=08&kikanCd=308581438&kikanKbn=3", "url2": "http://koara-dc.cihp.jp", "内容": "コアラ歯科クリニック【3:歯科】茨城県龍ケ崎市若柴町" }, "geometry": { "type": "Point", "coordinates": [ 140.160278, 35.938889 ] } },
{ "type": "Feature", "properties": { "ID": 83308581441, "正式名称": "橋中歯科医院", "機関区分": 3, "都道府県コード": 8, "市区町村コード": 217, "所在地": "茨城県取手市野々井１３６－１９", "緯度": 35.91215, "経度": 140.03326, "url": "https://www.iryou.teikyouseido.mhlw.go.jp/znk-web/juminkanja/S2430/initialize?prefCd=08&kikanCd=308581441&kikanKbn=3", "url2": null, "内容": "橋中歯科医院【3:歯科】茨城県取手市野々井１３６－１９" }, "geometry": { "type": "Point", "coordinates": [ 140.03326, 35.91215 ] } },
{ "type": "Feature", "properties": { "ID": 83308581467, "正式名称": "ホワイト歯科", "機関区分": 3, "都道府県コード": 8, "市区町村コード": 217, "所在地": "茨城県取手市藤代南３－１１－１３", "緯度": 35.9150716, "経度": 140.1208249, "url": "https://www.iryou.teikyouseido.mhlw.go.jp/znk-web/juminkanja/S2430/initialize?prefCd=08&kikanCd=308581467&kikanKbn=3", "url2": "white-dc.online", "内容": "ホワイト歯科【3:歯科】茨城県取手市藤代南３－１１－１３" }, "geometry": { "type": "Point", "coordinates": [ 140.1208249, 35.9150716 ] } },
{ "type": "Feature", "properties": { "ID": 83308581483, "正式名称": "大崎歯科クリニック", "機関区分": 3, "都道府県コード": 8, "市区町村コード": 217, "所在地": "茨城県取手市青柳１５７９－１", "緯度": 35.901389, "経度": 140.095, "url": "https://www.iryou.teikyouseido.mhlw.go.jp/znk-web/juminkanja/S2430/initialize?prefCd=08&kikanCd=308581483&kikanKbn=3", "url2": null, "内容": "大崎歯科クリニック【3:歯科】茨城県取手市青柳１５７９－１" }, "geometry": { "type": "Point", "coordinates": [ 140.095, 35.901389 ] } },
{ "type": "Feature", "properties": { "ID": 83308581526, "正式名称": "さぬき歯科", "機関区分": 3, "都道府県コード": 8, "市区町村コード": 219, "所在地": "茨城県牛久市南２－３２－３１", "緯度": 35.9723295, "経度": 140.1463393, "url": "https://www.iryou.teikyouseido.mhlw.go.jp/znk-web/juminkanja/S2430/initialize?prefCd=08&kikanCd=308581526&kikanKbn=3", "url2": null, "内容": "さぬき歯科【3:歯科】茨城県牛久市南２－３２－３１" }, "geometry": { "type": "Point", "coordinates": [ 140.1463393, 35.9723295 ] } },
{ "type": "Feature", "properties": { "ID": 83308581568, "正式名称": "高嶋歯科医院", "機関区分": 3, "都道府県コード": 8, "市区町村コード": 219, "所在地": "茨城県牛久市神谷１－１２－２", "緯度": 35.970556, "経度": 140.155556, "url": "https://www.iryou.teikyouseido.mhlw.go.jp/znk-web/juminkanja/S2430/initialize?prefCd=08&kikanCd=308581568&kikanKbn=3", "url2": null, "内容": "高嶋歯科医院【3:歯科】茨城県牛久市神谷１－１２－２" }, "geometry": { "type": "Point", "coordinates": [ 140.155556, 35.970556 ] } },
{ "type": "Feature", "properties": { "ID": 83308581571, "正式名称": "医療法人社団健輝会大竹歯科", "機関区分": 3, "都道府県コード": 8, "市区町村コード": 219, "所在地": "茨城県牛久市牛久町２７９－１千秋ビル５Ｆ", "緯度": 35.972778, "経度": 140.143611, "url": "https://www.iryou.teikyouseido.mhlw.go.jp/znk-web/juminkanja/S2430/initialize?prefCd=08&kikanCd=308581571&kikanKbn=3", "url2": "http://www.otake-shika.jp", "内容": "医療法人社団健輝会大竹歯科【3:歯科】茨城県牛久市牛久町２７９－１千秋ビル５Ｆ" }, "geometry": { "type": "Point", "coordinates": [ 140.143611, 35.972778 ] } },
{ "type": "Feature", "properties": { "ID": 83308581597, "正式名称": "内山歯科医院", "機関区分": 3, "都道府県コード": 8, "市区町村コード": 229, "所在地": "茨城県稲敷市上之島３２０８", "緯度": 35.925833, "経度": 140.460556, "url": "https://www.iryou.teikyouseido.mhlw.go.jp/znk-web/juminkanja/S2430/initialize?prefCd=08&kikanCd=308581597&kikanKbn=3", "url2": "http://uchiyamashika.com/", "内容": "内山歯科医院【3:歯科】茨城県稲敷市上之島３２０８" }, "geometry": { "type": "Point", "coordinates": [ 140.460556, 35.925833 ] } },
{ "type": "Feature", "properties": { "ID": 83308581601, "正式名称": "平台歯科医院", "機関区分": 3, "都道府県コード": 8, "市区町村コード": 208, "所在地": "茨城県龍ケ崎市平台", "緯度": 35.919444, "経度": 140.168333, "url": "https://www.iryou.teikyouseido.mhlw.go.jp/znk-web/juminkanja/S2430/initialize?prefCd=08&kikanCd=308581601&kikanKbn=3", "url2": "https://www.hiradai-dental.jp/", "内容": "平台歯科医院【3:歯科】茨城県龍ケ崎市平台" }, "geometry": { "type": "Point", "coordinates": [ 140.168333, 35.919444 ] } },
{ "type": "Feature", "properties": { "ID": 83308581614, "正式名称": "うえだ歯科", "機関区分": 3, "都道府県コード": 8, "市区町村コード": 229, "所在地": "茨城県稲敷市佐倉３０８３", "緯度": 35.973333, "経度": 140.329722, "url": "https://www.iryou.teikyouseido.mhlw.go.jp/znk-web/juminkanja/S2430/initialize?prefCd=08&kikanCd=308581614&kikanKbn=3", "url2": "http://ueda-sika.jp/", "内容": "うえだ歯科【3:歯科】茨城県稲敷市佐倉３０８３" }, "geometry": { "type": "Point", "coordinates": [ 140.329722, 35.973333 ] } },
{ "type": "Feature", "properties": { "ID": 83308581643, "正式名称": "とみた歯科医院", "機関区分": 3, "都道府県コード": 8, "市区町村コード": 219, "所在地": "茨城県牛久市中央", "緯度": 35.9725, "経度": 140.150278, "url": "https://www.iryou.teikyouseido.mhlw.go.jp/znk-web/juminkanja/S2430/initialize?prefCd=08&kikanCd=308581643&kikanKbn=3", "url2": null, "内容": "とみた歯科医院【3:歯科】茨城県牛久市中央" }, "geometry": { "type": "Point", "coordinates": [ 140.150278, 35.9725 ] } },
{ "type": "Feature", "properties": { "ID": 83308581698, "正式名称": "医療法人社団奏心会やまだ歯科医院", "機関区分": 3, "都道府県コード": 8, "市区町村コード": 219, "所在地": "茨城県牛久市上柏田１－１６－１１", "緯度": 35.99, "経度": 140.157778, "url": "https://www.iryou.teikyouseido.mhlw.go.jp/znk-web/juminkanja/S2430/initialize?prefCd=08&kikanCd=308581698&kikanKbn=3", "url2": null, "内容": "医療法人社団奏心会やまだ歯科医院【3:歯科】茨城県牛久市上柏田１－１６－１１" }, "geometry": { "type": "Point", "coordinates": [ 140.157778, 35.99 ] } },
{ "type": "Feature", "properties": { "ID": 83308581715, "正式名称": "医療法人健歯会アイ歯科医院", "機関区分": 3, "都道府県コード": 8, "市区町村コード": 217, "所在地": "茨城県取手市新町２－２－８－１０２", "緯度": 35.893611, "経度": 140.064444, "url": "https://www.iryou.teikyouseido.mhlw.go.jp/znk-web/juminkanja/S2430/initialize?prefCd=08&kikanCd=308581715&kikanKbn=3", "url2": "http://dentalhealth.jp", "内容": "医療法人健歯会アイ歯科医院【3:歯科】茨城県取手市新町２－２－８－１０２" }, "geometry": { "type": "Point", "coordinates": [ 140.064444, 35.893611 ] } },
{ "type": "Feature", "properties": { "ID": 83308581728, "正式名称": "青木歯科矯正歯科", "機関区分": 3, "都道府県コード": 8, "市区町村コード": 217, "所在地": "茨城県取手市取手２－１０－１５ナガタニビル３階", "緯度": 35.891111, "経度": 140.0675, "url": "https://www.iryou.teikyouseido.mhlw.go.jp/znk-web/juminkanja/S2430/initialize?prefCd=08&kikanCd=308581728&kikanKbn=3", "url2": "http://www.hi-ho.ne.jp/masa_aoki/", "内容": "青木歯科矯正歯科【3:歯科】茨城県取手市取手２－１０－１５ナガタニビル３階" }, "geometry": { "type": "Point", "coordinates": [ 140.0675, 35.891111 ] } },
{ "type": "Feature", "properties": { "ID": 83308581731, "正式名称": "ながえ歯科医院", "機関区分": 3, "都道府県コード": 8, "市区町村コード": 219, "所在地": "茨城県牛久市上柏田", "緯度": 35.985, "経度": 140.161389, "url": "https://www.iryou.teikyouseido.mhlw.go.jp/znk-web/juminkanja/S2430/initialize?prefCd=08&kikanCd=308581731&kikanKbn=3", "url2": null, "内容": "ながえ歯科医院【3:歯科】茨城県牛久市上柏田" }, "geometry": { "type": "Point", "coordinates": [ 140.161389, 35.985 ] } },
{ "type": "Feature", "properties": { "ID": 83308581744, "正式名称": "兼久歯科医院", "機関区分": 3, "都道府県コード": 8, "市区町村コード": 219, "所在地": "茨城県牛久市栄町５－９－１", "緯度": 35.979929, "経度": 140.1505775, "url": "https://www.iryou.teikyouseido.mhlw.go.jp/znk-web/juminkanja/S2430/initialize?prefCd=08&kikanCd=308581744&kikanKbn=3", "url2": null, "内容": "兼久歯科医院【3:歯科】茨城県牛久市栄町５－９－１" }, "geometry": { "type": "Point", "coordinates": [ 140.1505775, 35.979929 ] } },
{ "type": "Feature", "properties": { "ID": 83308581757, "正式名称": "河井歯科医院", "機関区分": 3, "都道府県コード": 8, "市区町村コード": 208, "所在地": "茨城県龍ケ崎市佐貫町５６０－３", "緯度": 35.9275, "経度": 140.138889, "url": "https://www.iryou.teikyouseido.mhlw.go.jp/znk-web/juminkanja/S2430/initialize?prefCd=08&kikanCd=308581757&kikanKbn=3", "url2": null, "内容": "河井歯科医院【3:歯科】茨城県龍ケ崎市佐貫町５６０－３" }, "geometry": { "type": "Point", "coordinates": [ 140.138889, 35.9275 ] } },
{ "type": "Feature", "properties": { "ID": 83308581786, "正式名称": "大澤歯科医院", "機関区分": 3, "都道府県コード": 8, "市区町村コード": 208, "所在地": "茨城県龍ケ崎市中根台４－１－２４", "緯度": 35.927778, "経度": 140.176944, "url": "https://www.iryou.teikyouseido.mhlw.go.jp/znk-web/juminkanja/S2430/initialize?prefCd=08&kikanCd=308581786&kikanKbn=3", "url2": "http://www.ric.hi-ho.ne.jp/oswadent/", "内容": "大澤歯科医院【3:歯科】茨城県龍ケ崎市中根台４－１－２４" }, "geometry": { "type": "Point", "coordinates": [ 140.176944, 35.927778 ] } },
{ "type": "Feature", "properties": { "ID": 83308581829, "正式名称": "吉田歯科クリニック", "機関区分": 3, "都道府県コード": 8, "市区町村コード": 208, "所在地": "茨城県龍ケ崎市久保台", "緯度": 35.932231, "経度": 140.179391, "url": "https://www.iryou.teikyouseido.mhlw.go.jp/znk-web/juminkanja/S2430/initialize?prefCd=08&kikanCd=308581829&kikanKbn=3", "url2": null, "内容": "吉田歯科クリニック【3:歯科】茨城県龍ケ崎市久保台" }, "geometry": { "type": "Point", "coordinates": [ 140.179391, 35.932231 ] } },
{ "type": "Feature", "properties": { "ID": 83308581832, "正式名称": "今美歯科", "機関区分": 3, "都道府県コード": 8, "市区町村コード": 208, "所在地": "茨城県龍ケ崎市藤ケ丘７－１－８", "緯度": 35.9307701, "経度": 140.2013284, "url": "https://www.iryou.teikyouseido.mhlw.go.jp/znk-web/juminkanja/S2430/initialize?prefCd=08&kikanCd=308581832&kikanKbn=3", "url2": null, "内容": "今美歯科【3:歯科】茨城県龍ケ崎市藤ケ丘７－１－８" }, "geometry": { "type": "Point", "coordinates": [ 140.2013284, 35.9307701 ] } },
{ "type": "Feature", "properties": { "ID": 83308581858, "正式名称": "おばら歯科クリニック", "機関区分": 3, "都道府県コード": 8, "市区町村コード": 224, "所在地": "茨城県守谷市久保ケ丘２－１２－４", "緯度": 35.965, "経度": 139.975, "url": "https://www.iryou.teikyouseido.mhlw.go.jp/znk-web/juminkanja/S2430/initialize?prefCd=08&kikanCd=308581858&kikanKbn=3", "url2": null, "内容": "おばら歯科クリニック【3:歯科】茨城県守谷市久保ケ丘２－１２－４" }, "geometry": { "type": "Point", "coordinates": [ 139.975, 35.965 ] } },
{ "type": "Feature", "properties": { "ID": 83308581861, "正式名称": "大久保歯科医院", "機関区分": 3, "都道府県コード": 8, "市区町村コード": 208, "所在地": "茨城県龍ケ崎市栄町４３１４－１２大久保歯科医院", "緯度": 35.90236, "経度": 140.18575, "url": "https://www.iryou.teikyouseido.mhlw.go.jp/znk-web/juminkanja/S2430/initialize?prefCd=08&kikanCd=308581861&kikanKbn=3", "url2": null, "内容": "大久保歯科医院【3:歯科】茨城県龍ケ崎市栄町４３１４－１２大久保歯科医院" }, "geometry": { "type": "Point", "coordinates": [ 140.18575, 35.90236 ] } },
{ "type": "Feature", "properties": { "ID": 83308581917, "正式名称": "あだち歯科医院", "機関区分": 3, "都道府県コード": 8, "市区町村コード": 208, "所在地": "茨城県龍ケ崎市寺後３５８９－１", "緯度": 35.905833, "経度": 140.188611, "url": "https://www.iryou.teikyouseido.mhlw.go.jp/znk-web/juminkanja/S2430/initialize?prefCd=08&kikanCd=308581917&kikanKbn=3", "url2": "http://daipudai.chakin.com/", "内容": "あだち歯科医院【3:歯科】茨城県龍ケ崎市寺後３５８９－１" }, "geometry": { "type": "Point", "coordinates": [ 140.188611, 35.905833 ] } },
{ "type": "Feature", "properties": { "ID": 83308581946, "正式名称": "かわさき歯科医院", "機関区分": 3, "都道府県コード": 8, "市区町村コード": 219, "所在地": "茨城県牛久市中央５番地１－４", "緯度": 35.981035, "経度": 140.143679, "url": "https://www.iryou.teikyouseido.mhlw.go.jp/znk-web/juminkanja/S2430/initialize?prefCd=08&kikanCd=308581946&kikanKbn=3", "url2": "https://kawasaki-dental-clinic-ushiku.com/", "内容": "かわさき歯科医院【3:歯科】茨城県牛久市中央５番地１－４" }, "geometry": { "type": "Point", "coordinates": [ 140.143679, 35.981035 ] } },
{ "type": "Feature", "properties": { "ID": 83308581959, "正式名称": "染谷歯科医院", "機関区分": 3, "都道府県コード": 8, "市区町村コード": 224, "所在地": "茨城県守谷市松ヶ丘２－４０－７", "緯度": 35.900231, "経度": 139.474686, "url": "https://www.iryou.teikyouseido.mhlw.go.jp/znk-web/juminkanja/S2430/initialize?prefCd=08&kikanCd=308581959&kikanKbn=3", "url2": null, "内容": "染谷歯科医院【3:歯科】茨城県守谷市松ヶ丘２－４０－７" }, "geometry": { "type": "Point", "coordinates": [ 139.474686, 35.900231 ] } },
{ "type": "Feature", "properties": { "ID": 83308581962, "正式名称": "スマイルＣＫ歯科クリニック", "機関区分": 3, "都道府県コード": 8, "市区町村コード": 217, "所在地": "茨城県取手市東３－１－２７", "緯度": 35.885278, "経度": 140.075556, "url": "https://www.iryou.teikyouseido.mhlw.go.jp/znk-web/juminkanja/S2430/initialize?prefCd=08&kikanCd=308581962&kikanKbn=3", "url2": "http://www.myclinic.ne.jp/smileck/pc/", "内容": "スマイルＣＫ歯科クリニック【3:歯科】茨城県取手市東３－１－２７" }, "geometry": { "type": "Point", "coordinates": [ 140.075556, 35.885278 ] } },
{ "type": "Feature", "properties": { "ID": 83308581988, "正式名称": "岡田歯科医院", "機関区分": 3, "都道府県コード": 8, "市区町村コード": 219, "所在地": "茨城県牛久市岡見町", "緯度": 35.974444, "経度": 140.177778, "url": "https://www.iryou.teikyouseido.mhlw.go.jp/znk-web/juminkanja/S2430/initialize?prefCd=08&kikanCd=308581988&kikanKbn=3", "url2": null, "内容": "岡田歯科医院【3:歯科】茨城県牛久市岡見町" }, "geometry": { "type": "Point", "coordinates": [ 140.177778, 35.974444 ] } },
{ "type": "Feature", "properties": { "ID": 83308582002, "正式名称": "京嶋歯科医院", "機関区分": 3, "都道府県コード": 8, "市区町村コード": 224, "所在地": "茨城県守谷市美園", "緯度": 35.918889, "経度": 140.005833, "url": "https://www.iryou.teikyouseido.mhlw.go.jp/znk-web/juminkanja/S2430/initialize?prefCd=08&kikanCd=308582002&kikanKbn=3", "url2": "http://park14.wakwak.com/~dent.kyoshima/index.html", "内容": "京嶋歯科医院【3:歯科】茨城県守谷市美園" }, "geometry": { "type": "Point", "coordinates": [ 140.005833, 35.918889 ] } },
{ "type": "Feature", "properties": { "ID": 83308582031, "正式名称": "平尾歯科医院", "機関区分": 3, "都道府県コード": 8, "市区町村コード": 224, "所在地": "茨城県守谷市本町５３９－３", "緯度": 35.946111, "経度": 140.0, "url": "https://www.iryou.teikyouseido.mhlw.go.jp/znk-web/juminkanja/S2430/initialize?prefCd=08&kikanCd=308582031&kikanKbn=3", "url2": null, "内容": "平尾歯科医院【3:歯科】茨城県守谷市本町５３９－３" }, "geometry": { "type": "Point", "coordinates": [ 140.0, 35.946111 ] } },
{ "type": "Feature", "properties": { "ID": 83308582044, "正式名称": "グリーンデンタルクリニック", "機関区分": 3, "都道府県コード": 8, "市区町村コード": 219, "所在地": "茨城県牛久市南１－１２－１１", "緯度": 35.968056, "経度": 140.145, "url": "https://www.iryou.teikyouseido.mhlw.go.jp/znk-web/juminkanja/S2430/initialize?prefCd=08&kikanCd=308582044&kikanKbn=3", "url2": "http://www.green-dc.jp", "内容": "グリーンデンタルクリニック【3:歯科】茨城県牛久市南１－１２－１１" }, "geometry": { "type": "Point", "coordinates": [ 140.145, 35.968056 ] } },
{ "type": "Feature", "properties": { "ID": 83308582060, "正式名称": "酒井歯科医院", "機関区分": 3, "都道府県コード": 8, "市区町村コード": 224, "所在地": "茨城県守谷市薬師台", "緯度": 35.956389, "経度": 139.97, "url": "https://www.iryou.teikyouseido.mhlw.go.jp/znk-web/juminkanja/S2430/initialize?prefCd=08&kikanCd=308582060&kikanKbn=3", "url2": null, "内容": "酒井歯科医院【3:歯科】茨城県守谷市薬師台" }, "geometry": { "type": "Point", "coordinates": [ 139.97, 35.956389 ] } },
{ "type": "Feature", "properties": { "ID": 83308582086, "正式名称": "サプラファミリー歯科", "機関区分": 3, "都道府県コード": 8, "市区町村コード": 208, "所在地": "茨城県龍ケ崎市小柴５－１－２ショッピングセンターサプラ２階", "緯度": 35.929444, "経度": 140.163611, "url": "https://www.iryou.teikyouseido.mhlw.go.jp/znk-web/juminkanja/S2430/initialize?prefCd=08&kikanCd=308582086&kikanKbn=3", "url2": "http://www.sapla-familyshika.jp/index.html", "内容": "サプラファミリー歯科【3:歯科】茨城県龍ケ崎市小柴５－１－２ショッピングセンターサプラ２階" }, "geometry": { "type": "Point", "coordinates": [ 140.163611, 35.929444 ] } },
{ "type": "Feature", "properties": { "ID": 83308582099, "正式名称": "医療法人社団和晃会　取手ボックスヒル歯科", "機関区分": 3, "都道府県コード": 8, "市区町村コード": 217, "所在地": "茨城県取手市新町１－９－１リボンとりで３階", "緯度": 35.892778, "経度": 140.065556, "url": "https://www.iryou.teikyouseido.mhlw.go.jp/znk-web/juminkanja/S2430/initialize?prefCd=08&kikanCd=308582099&kikanKbn=3", "url2": "http://www.dentalclinic-torideboxhill.com", "内容": "医療法人社団和晃会　取手ボックスヒル歯科【3:歯科】茨城県取手市新町１－９－１リボンとりで３階" }, "geometry": { "type": "Point", "coordinates": [ 140.065556, 35.892778 ] } },
{ "type": "Feature", "properties": { "ID": 83308582129, "正式名称": "牛久歯科医院", "機関区分": 3, "都道府県コード": 8, "市区町村コード": 219, "所在地": "茨城県牛久市柏田町１０４７－１", "緯度": 35.974722, "経度": 140.158889, "url": "https://www.iryou.teikyouseido.mhlw.go.jp/znk-web/juminkanja/S2430/initialize?prefCd=08&kikanCd=308582129&kikanKbn=3", "url2": null, "内容": "牛久歯科医院【3:歯科】茨城県牛久市柏田町１０４７－１" }, "geometry": { "type": "Point", "coordinates": [ 140.158889, 35.974722 ] } },
{ "type": "Feature", "properties": { "ID": 83308582132, "正式名称": "医療法人社団　奏皓会　あすなろ歯科医院", "機関区分": 3, "都道府県コード": 8, "市区町村コード": 219, "所在地": "茨城県牛久市中央", "緯度": 35.977114, "経度": 140.142585, "url": "https://www.iryou.teikyouseido.mhlw.go.jp/znk-web/juminkanja/S2430/initialize?prefCd=08&kikanCd=308582132&kikanKbn=3", "url2": null, "内容": "医療法人社団　奏皓会　あすなろ歯科医院【3:歯科】茨城県牛久市中央" }, "geometry": { "type": "Point", "coordinates": [ 140.142585, 35.977114 ] } },
{ "type": "Feature", "properties": { "ID": 83308582158, "正式名称": "とみやま歯科クリニック", "機関区分": 3, "都道府県コード": 8, "市区町村コード": 208, "所在地": "茨城県龍ケ崎市川原代町２５７８－１３", "緯度": 35.912586, "経度": 140.154, "url": "https://www.iryou.teikyouseido.mhlw.go.jp/znk-web/juminkanja/S2430/initialize?prefCd=08&kikanCd=308582158&kikanKbn=3", "url2": null, "内容": "とみやま歯科クリニック【3:歯科】茨城県龍ケ崎市川原代町２５７８－１３" }, "geometry": { "type": "Point", "coordinates": [ 140.154, 35.912586 ] } },
{ "type": "Feature", "properties": { "ID": 83308582204, "正式名称": "うしく中央歯科医院", "機関区分": 3, "都道府県コード": 8, "市区町村コード": 219, "所在地": "茨城県牛久市中央４－１２ー３", "緯度": 35.973333, "経度": 140.154167, "url": "https://www.iryou.teikyouseido.mhlw.go.jp/znk-web/juminkanja/S2430/initialize?prefCd=08&kikanCd=308582204&kikanKbn=3", "url2": null, "内容": "うしく中央歯科医院【3:歯科】茨城県牛久市中央４－１２ー３" }, "geometry": { "type": "Point", "coordinates": [ 140.154167, 35.973333 ] } },
{ "type": "Feature", "properties": { "ID": 83308582217, "正式名称": "医療法人恵秀会清原歯科医院", "機関区分": 3, "都道府県コード": 8, "市区町村コード": 229, "所在地": "茨城県稲敷市村田", "緯度": 35.944444, "経度": 140.312222, "url": "https://www.iryou.teikyouseido.mhlw.go.jp/znk-web/juminkanja/S2430/initialize?prefCd=08&kikanCd=308582217&kikanKbn=3", "url2": "http://www.kiyoharashika.com/", "内容": "医療法人恵秀会清原歯科医院【3:歯科】茨城県稲敷市村田" }, "geometry": { "type": "Point", "coordinates": [ 140.312222, 35.944444 ] } },
{ "type": "Feature", "properties": { "ID": 83308582246, "正式名称": "ノエル歯科医院", "機関区分": 3, "都道府県コード": 8, "市区町村コード": 208, "所在地": "茨城県龍ケ崎市根町３６３５－２０１", "緯度": 35.907222, "経度": 140.186389, "url": "https://www.iryou.teikyouseido.mhlw.go.jp/znk-web/juminkanja/S2430/initialize?prefCd=08&kikanCd=308582246&kikanKbn=3", "url2": null, "内容": "ノエル歯科医院【3:歯科】茨城県龍ケ崎市根町３６３５－２０１" }, "geometry": { "type": "Point", "coordinates": [ 140.186389, 35.907222 ] } },
{ "type": "Feature", "properties": { "ID": 83308582262, "正式名称": "古谷歯科クリニック", "機関区分": 3, "都道府県コード": 8, "市区町村コード": 219, "所在地": "茨城県牛久市ひたち野東５－１０－１６", "緯度": 36.0049941, "経度": 140.161395, "url": "https://www.iryou.teikyouseido.mhlw.go.jp/znk-web/juminkanja/S2430/initialize?prefCd=08&kikanCd=308582262&kikanKbn=3", "url2": null, "内容": "古谷歯科クリニック【3:歯科】茨城県牛久市ひたち野東５－１０－１６" }, "geometry": { "type": "Point", "coordinates": [ 140.161395, 36.0049941 ] } },
{ "type": "Feature", "properties": { "ID": 83308582275, "正式名称": "医療法人社団佳修会小川歯科医院", "機関区分": 3, "都道府県コード": 8, "市区町村コード": 217, "所在地": "茨城県取手市宮和田９９８－５", "緯度": 35.915833, "経度": 140.125278, "url": "https://www.iryou.teikyouseido.mhlw.go.jp/znk-web/juminkanja/S2430/initialize?prefCd=08&kikanCd=308582275&kikanKbn=3", "url2": null, "内容": "医療法人社団佳修会小川歯科医院【3:歯科】茨城県取手市宮和田９９８－５" }, "geometry": { "type": "Point", "coordinates": [ 140.125278, 35.915833 ] } },
{ "type": "Feature", "properties": { "ID": 83308582305, "正式名称": "牧歯科医院", "機関区分": 3, "都道府県コード": 8, "市区町村コード": 208, "所在地": "茨城県龍ケ崎市松ケ丘４－２－１４", "緯度": 35.933333, "経度": 140.210278, "url": "https://www.iryou.teikyouseido.mhlw.go.jp/znk-web/juminkanja/S2430/initialize?prefCd=08&kikanCd=308582305&kikanKbn=3", "url2": null, "内容": "牧歯科医院【3:歯科】茨城県龍ケ崎市松ケ丘４－２－１４" }, "geometry": { "type": "Point", "coordinates": [ 140.210278, 35.933333 ] } },
{ "type": "Feature", "properties": { "ID": 83308582318, "正式名称": "医療法人社団心誠会　ふたば歯科医院", "機関区分": 3, "都道府県コード": 8, "市区町村コード": 208, "所在地": "茨城県龍ケ崎市松葉１－２－１", "緯度": 35.9340034, "経度": 140.1583528, "url": "https://www.iryou.teikyouseido.mhlw.go.jp/znk-web/juminkanja/S2430/initialize?prefCd=08&kikanCd=308582318&kikanKbn=3", "url2": null, "内容": "医療法人社団心誠会　ふたば歯科医院【3:歯科】茨城県龍ケ崎市松葉１－２－１" }, "geometry": { "type": "Point", "coordinates": [ 140.158352799999989, 35.9340034 ] } },
{ "type": "Feature", "properties": { "ID": 83308582347, "正式名称": "取手歯科クリニック", "機関区分": 3, "都道府県コード": 8, "市区町村コード": 217, "所在地": "茨城県取手市新町３－１－２１取手新町ビル", "緯度": 35.897603, "経度": 140.060714, "url": "https://www.iryou.teikyouseido.mhlw.go.jp/znk-web/juminkanja/S2430/initialize?prefCd=08&kikanCd=308582347&kikanKbn=3", "url2": null, "内容": "取手歯科クリニック【3:歯科】茨城県取手市新町３－１－２１取手新町ビル" }, "geometry": { "type": "Point", "coordinates": [ 140.060714, 35.897603 ] } },
{ "type": "Feature", "properties": { "ID": 83308582350, "正式名称": "宮本歯科医院", "機関区分": 3, "都道府県コード": 8, "市区町村コード": 229, "所在地": "茨城県稲敷市江戸崎甲２７１６－２", "緯度": 35.962778, "経度": 140.320278, "url": "https://www.iryou.teikyouseido.mhlw.go.jp/znk-web/juminkanja/S2430/initialize?prefCd=08&kikanCd=308582350&kikanKbn=3", "url2": null, "内容": "宮本歯科医院【3:歯科】茨城県稲敷市江戸崎甲２７１６－２" }, "geometry": { "type": "Point", "coordinates": [ 140.320278, 35.962778 ] } },
{ "type": "Feature", "properties": { "ID": 83308582392, "正式名称": "楽市守谷歯科医院", "機関区分": 3, "都道府県コード": 8, "市区町村コード": 224, "所在地": "茨城県守谷市けやき台４－１－５", "緯度": 35.9354364, "経度": 139.9973471, "url": "https://www.iryou.teikyouseido.mhlw.go.jp/znk-web/juminkanja/S2430/initialize?prefCd=08&kikanCd=308582392&kikanKbn=3", "url2": null, "内容": "楽市守谷歯科医院【3:歯科】茨城県守谷市けやき台４－１－５" }, "geometry": { "type": "Point", "coordinates": [ 139.997347100000013, 35.9354364 ] } },
{ "type": "Feature", "properties": { "ID": 83308582406, "正式名称": "井野歯科クリニック", "機関区分": 3, "都道府県コード": 8, "市区町村コード": 217, "所在地": "茨城県取手市東６－３７－３", "緯度": 35.890278, "経度": 140.078333, "url": "https://www.iryou.teikyouseido.mhlw.go.jp/znk-web/juminkanja/S2430/initialize?prefCd=08&kikanCd=308582406&kikanKbn=3", "url2": "http://www.ino-shika.com/", "内容": "井野歯科クリニック【3:歯科】茨城県取手市東６－３７－３" }, "geometry": { "type": "Point", "coordinates": [ 140.078333, 35.890278 ] } },
{ "type": "Feature", "properties": { "ID": 83308582419, "正式名称": "飯田矯正歯科クリニック", "機関区分": 3, "都道府県コード": 8, "市区町村コード": 208, "所在地": "茨城県龍ケ崎市川原代町２５５８", "緯度": 35.918127, "経度": 140.15021, "url": "https://www.iryou.teikyouseido.mhlw.go.jp/znk-web/juminkanja/S2430/initialize?prefCd=08&kikanCd=308582419&kikanKbn=3", "url2": null, "内容": "飯田矯正歯科クリニック【3:歯科】茨城県龍ケ崎市川原代町２５５８" }, "geometry": { "type": "Point", "coordinates": [ 140.15021, 35.918127 ] } },
{ "type": "Feature", "properties": { "ID": 83308582422, "正式名称": "サンテラスデンタルクリニック", "機関区分": 3, "都道府県コード": 8, "市区町村コード": 224, "所在地": "茨城県守谷市久保ケ丘２－１－１", "緯度": 35.964444, "経度": 139.978056, "url": "https://www.iryou.teikyouseido.mhlw.go.jp/znk-web/juminkanja/S2430/initialize?prefCd=08&kikanCd=308582422&kikanKbn=3", "url2": null, "内容": "サンテラスデンタルクリニック【3:歯科】茨城県守谷市久保ケ丘２－１－１" }, "geometry": { "type": "Point", "coordinates": [ 139.978056, 35.964444 ] } },
{ "type": "Feature", "properties": { "ID": 83308582451, "正式名称": "外苑歯科藤代デンタルクリニック", "機関区分": 3, "都道府県コード": 8, "市区町村コード": 217, "所在地": "茨城県取手市藤代南２－１６－２", "緯度": 35.9167884, "経度": 140.1170982, "url": "https://www.iryou.teikyouseido.mhlw.go.jp/znk-web/juminkanja/S2430/initialize?prefCd=08&kikanCd=308582451&kikanKbn=3", "url2": null, "内容": "外苑歯科藤代デンタルクリニック【3:歯科】茨城県取手市藤代南２－１６－２" }, "geometry": { "type": "Point", "coordinates": [ 140.117098199999987, 35.9167884 ] } },
{ "type": "Feature", "properties": { "ID": 83308582464, "正式名称": "やました歯科・矯正歯科クリニック", "機関区分": 3, "都道府県コード": 8, "市区町村コード": 219, "所在地": "茨城県牛久市神谷１－５２－１３", "緯度": 35.970527, "経度": 140.150969, "url": "https://www.iryou.teikyouseido.mhlw.go.jp/znk-web/juminkanja/S2430/initialize?prefCd=08&kikanCd=308582464&kikanKbn=3", "url2": "www.yamashita-shika.info", "内容": "やました歯科・矯正歯科クリニック【3:歯科】茨城県牛久市神谷１－５２－１３" }, "geometry": { "type": "Point", "coordinates": [ 140.150969, 35.970527 ] } },
{ "type": "Feature", "properties": { "ID": 83308582477, "正式名称": "市川歯科クリニック", "機関区分": 3, "都道府県コード": 8, "市区町村コード": 224, "所在地": "茨城県守谷市立沢２４６－１", "緯度": 35.949722, "経度": 139.978889, "url": "https://www.iryou.teikyouseido.mhlw.go.jp/znk-web/juminkanja/S2430/initialize?prefCd=08&kikanCd=308582477&kikanKbn=3", "url2": "http://www.ichikawa8241.com/", "内容": "市川歯科クリニック【3:歯科】茨城県守谷市立沢２４６－１" }, "geometry": { "type": "Point", "coordinates": [ 139.978889, 35.949722 ] } },
{ "type": "Feature", "properties": { "ID": 83308582510, "正式名称": "ながおか歯科医院", "機関区分": 3, "都道府県コード": 8, "市区町村コード": 219, "所在地": "茨城県牛久市中央", "緯度": 35.975, "経度": 140.144722, "url": "https://www.iryou.teikyouseido.mhlw.go.jp/znk-web/juminkanja/S2430/initialize?prefCd=08&kikanCd=308582510&kikanKbn=3", "url2": null, "内容": "ながおか歯科医院【3:歯科】茨城県牛久市中央" }, "geometry": { "type": "Point", "coordinates": [ 140.144722, 35.975 ] } },
{ "type": "Feature", "properties": { "ID": 83308582523, "正式名称": "かとう歯科クリニック", "機関区分": 3, "都道府県コード": 8, "市区町村コード": 219, "所在地": "茨城県牛久市南２－３－４３", "緯度": 35.970278, "経度": 140.148056, "url": "https://www.iryou.teikyouseido.mhlw.go.jp/znk-web/juminkanja/S2430/initialize?prefCd=08&kikanCd=308582523&kikanKbn=3", "url2": null, "内容": "かとう歯科クリニック【3:歯科】茨城県牛久市南２－３－４３" }, "geometry": { "type": "Point", "coordinates": [ 140.148056, 35.970278 ] } },
{ "type": "Feature", "properties": { "ID": 83308582536, "正式名称": "ペガサスデンタルクリニック", "機関区分": 3, "都道府県コード": 8, "市区町村コード": 217, "所在地": "茨城県取手市桜が丘１－１７－５", "緯度": 35.9088746, "経度": 140.1233906, "url": "https://www.iryou.teikyouseido.mhlw.go.jp/znk-web/juminkanja/S2430/initialize?prefCd=08&kikanCd=308582536&kikanKbn=3", "url2": "pegasus-dentalclinic.com", "内容": "ペガサスデンタルクリニック【3:歯科】茨城県取手市桜が丘１－１７－５" }, "geometry": { "type": "Point", "coordinates": [ 140.1233906, 35.9088746 ] } },
{ "type": "Feature", "properties": { "ID": 83308582611, "正式名称": "緑のまち歯科クリニック", "機関区分": 3, "都道府県コード": 8, "市区町村コード": 208, "所在地": "茨城県龍ケ崎市緑町１７ー１", "緯度": 35.905833, "経度": 140.198889, "url": "https://www.iryou.teikyouseido.mhlw.go.jp/znk-web/juminkanja/S2430/initialize?prefCd=08&kikanCd=308582611&kikanKbn=3", "url2": null, "内容": "緑のまち歯科クリニック【3:歯科】茨城県龍ケ崎市緑町１７ー１" }, "geometry": { "type": "Point", "coordinates": [ 140.198889, 35.905833 ] } },
{ "type": "Feature", "properties": { "ID": 83308582653, "正式名称": "河合歯科", "機関区分": 3, "都道府県コード": 8, "市区町村コード": 224, "所在地": "茨城県守谷市松並１８６６―３", "緯度": 35.953611, "経度": 139.998056, "url": "https://www.iryou.teikyouseido.mhlw.go.jp/znk-web/juminkanja/S2430/initialize?prefCd=08&kikanCd=308582653&kikanKbn=3", "url2": "http://www.kawaishika.com", "内容": "河合歯科【3:歯科】茨城県守谷市松並１８６６―３" }, "geometry": { "type": "Point", "coordinates": [ 139.998056, 35.953611 ] } },
{ "type": "Feature", "properties": { "ID": 83308582679, "正式名称": "橋本歯科医院", "機関区分": 3, "都道府県コード": 8, "市区町村コード": 224, "所在地": "茨城県守谷市ひがし野１－２９－３", "緯度": 35.953952, "経度": 139.998601, "url": "https://www.iryou.teikyouseido.mhlw.go.jp/znk-web/juminkanja/S2430/initialize?prefCd=08&kikanCd=308582679&kikanKbn=3", "url2": "http://www.hashimoto118.com", "内容": "橋本歯科医院【3:歯科】茨城県守谷市ひがし野１－２９－３" }, "geometry": { "type": "Point", "coordinates": [ 139.998601, 35.953952 ] } },
{ "type": "Feature", "properties": { "ID": 83308582682, "正式名称": "医療法人社団恵桜会ひまわり歯科クリニック", "機関区分": 3, "都道府県コード": 8, "市区町村コード": 217, "所在地": "茨城県取手市寺田６３５７", "緯度": 35.917492, "経度": 140.0701, "url": "https://www.iryou.teikyouseido.mhlw.go.jp/znk-web/juminkanja/S2430/initialize?prefCd=08&kikanCd=308582682&kikanKbn=3", "url2": null, "内容": "医療法人社団恵桜会ひまわり歯科クリニック【3:歯科】茨城県取手市寺田６３５７" }, "geometry": { "type": "Point", "coordinates": [ 140.0701, 35.917492 ] } },
{ "type": "Feature", "properties": { "ID": 83308582709, "正式名称": "鈴木歯科医院", "機関区分": 3, "都道府県コード": 8, "市区町村コード": 224, "所在地": "茨城県守谷市百合ケ丘３－２４９－１イオンタウン守谷１階", "緯度": 35.943893, "経度": 139.99083, "url": "https://www.iryou.teikyouseido.mhlw.go.jp/znk-web/juminkanja/S2430/initialize?prefCd=08&kikanCd=308582709&kikanKbn=3", "url2": "lc-suzuki.com", "内容": "鈴木歯科医院【3:歯科】茨城県守谷市百合ケ丘３－２４９－１イオンタウン守谷１階" }, "geometry": { "type": "Point", "coordinates": [ 139.99083, 35.943893 ] } },
{ "type": "Feature", "properties": { "ID": 83308582725, "正式名称": "松ヶ丘歯科医院", "機関区分": 3, "都道府県コード": 8, "市区町村コード": 208, "所在地": "茨城県龍ケ崎市藤ケ丘", "緯度": 35.934167, "経度": 140.202222, "url": "https://www.iryou.teikyouseido.mhlw.go.jp/znk-web/juminkanja/S2430/initialize?prefCd=08&kikanCd=308582725&kikanKbn=3", "url2": null, "内容": "松ヶ丘歯科医院【3:歯科】茨城県龍ケ崎市藤ケ丘" }, "geometry": { "type": "Point", "coordinates": [ 140.202222, 35.934167 ] } },
{ "type": "Feature", "properties": { "ID": 83308582741, "正式名称": "川本歯科医院", "機関区分": 3, "都道府県コード": 8, "市区町村コード": 219, "所在地": "茨城県牛久市中央２−４−１５", "緯度": 35.980556, "経度": 140.15, "url": "https://www.iryou.teikyouseido.mhlw.go.jp/znk-web/juminkanja/S2430/initialize?prefCd=08&kikanCd=308582741&kikanKbn=3", "url2": null, "内容": "川本歯科医院【3:歯科】茨城県牛久市中央２−４−１５" }, "geometry": { "type": "Point", "coordinates": [ 140.15, 35.980556 ] } },
{ "type": "Feature", "properties": { "ID": 83308582754, "正式名称": "さとう歯科医院", "機関区分": 3, "都道府県コード": 8, "市区町村コード": 219, "所在地": "茨城県牛久市ひたち野東３－３３－６", "緯度": 35.996111, "経度": 140.170556, "url": "https://www.iryou.teikyouseido.mhlw.go.jp/znk-web/juminkanja/S2430/initialize?prefCd=08&kikanCd=308582754&kikanKbn=3", "url2": null, "内容": "さとう歯科医院【3:歯科】茨城県牛久市ひたち野東３－３３－６" }, "geometry": { "type": "Point", "coordinates": [ 140.170556, 35.996111 ] } },
{ "type": "Feature", "properties": { "ID": 83308582770, "正式名称": "守谷駅前りんご歯科", "機関区分": 3, "都道府県コード": 8, "市区町村コード": 224, "所在地": "茨城県守谷市中央", "緯度": 35.952097, "経度": 139.99042, "url": "https://www.iryou.teikyouseido.mhlw.go.jp/znk-web/juminkanja/S2430/initialize?prefCd=08&kikanCd=308582770&kikanKbn=3", "url2": "http://www.myclinic.ne.jp/apple/", "内容": "守谷駅前りんご歯科【3:歯科】茨城県守谷市中央" }, "geometry": { "type": "Point", "coordinates": [ 139.99042, 35.952097 ] } },
{ "type": "Feature", "properties": { "ID": 83308582783, "正式名称": "医療法人社団誠智会アクロスモール歯科クリニック", "機関区分": 3, "都道府県コード": 8, "市区町村コード": 224, "所在地": "茨城県守谷市松ケ丘６－６－１アクロスモール守谷１階", "緯度": 35.938611, "経度": 139.981667, "url": "https://www.iryou.teikyouseido.mhlw.go.jp/znk-web/juminkanja/S2430/initialize?prefCd=08&kikanCd=308582783&kikanKbn=3", "url2": "http://www.acrossmall-shika.jp", "内容": "医療法人社団誠智会アクロスモール歯科クリニック【3:歯科】茨城県守谷市松ケ丘６－６－１アクロスモール守谷１階" }, "geometry": { "type": "Point", "coordinates": [ 139.981667, 35.938611 ] } },
{ "type": "Feature", "properties": { "ID": 83308582813, "正式名称": "おおさと歯科医院", "機関区分": 3, "都道府県コード": 8, "市区町村コード": 229, "所在地": "茨城県稲敷市西代", "緯度": 35.920278, "経度": 140.488611, "url": "https://www.iryou.teikyouseido.mhlw.go.jp/znk-web/juminkanja/S2430/initialize?prefCd=08&kikanCd=308582813&kikanKbn=3", "url2": "http://osato-dc.jp/", "内容": "おおさと歯科医院【3:歯科】茨城県稲敷市西代" }, "geometry": { "type": "Point", "coordinates": [ 140.488611, 35.920278 ] } },
{ "type": "Feature", "properties": { "ID": 83308582826, "正式名称": "あきら歯科クリニック", "機関区分": 3, "都道府県コード": 8, "市区町村コード": 208, "所在地": "茨城県龍ケ崎市馴馬町５１６番地", "緯度": 35.915278, "経度": 140.1775, "url": "https://www.iryou.teikyouseido.mhlw.go.jp/znk-web/juminkanja/S2430/initialize?prefCd=08&kikanCd=308582826&kikanKbn=3", "url2": null, "内容": "あきら歯科クリニック【3:歯科】茨城県龍ケ崎市馴馬町５１６番地" }, "geometry": { "type": "Point", "coordinates": [ 140.1775, 35.915278 ] } },
{ "type": "Feature", "properties": { "ID": 83308582839, "正式名称": "医療法人社団すみれ会　ひがしはら歯科医院", "機関区分": 3, "都道府県コード": 8, "市区町村コード": 217, "所在地": "茨城県取手市稲", "緯度": 35.9025, "経度": 140.042778, "url": "https://www.iryou.teikyouseido.mhlw.go.jp/znk-web/juminkanja/S2430/initialize?prefCd=08&kikanCd=308582839&kikanKbn=3", "url2": "http://www.higashihara-dc.com/", "内容": "医療法人社団すみれ会　ひがしはら歯科医院【3:歯科】茨城県取手市稲" }, "geometry": { "type": "Point", "coordinates": [ 140.042778, 35.9025 ] } },
{ "type": "Feature", "properties": { "ID": 83308582855, "正式名称": "てらだ歯科クリニック", "機関区分": 3, "都道府県コード": 8, "市区町村コード": 217, "所在地": "茨城県取手市戸頭４ー２０ー２１", "緯度": 35.920278, "経度": 140.001667, "url": "https://www.iryou.teikyouseido.mhlw.go.jp/znk-web/juminkanja/S2430/initialize?prefCd=08&kikanCd=308582855&kikanKbn=3", "url2": "http://www.terada-shika.com", "内容": "てらだ歯科クリニック【3:歯科】茨城県取手市戸頭４ー２０ー２１" }, "geometry": { "type": "Point", "coordinates": [ 140.001667, 35.920278 ] } },
{ "type": "Feature", "properties": { "ID": 83308582868, "正式名称": "医療法人社団大伸会松葉歯科医院", "機関区分": 3, "都道府県コード": 8, "市区町村コード": 208, "所在地": "茨城県龍ケ崎市松葉５ー１０―８ガーデンコート松葉１―Ａ", "緯度": 35.935556, "経度": 140.1575, "url": "https://www.iryou.teikyouseido.mhlw.go.jp/znk-web/juminkanja/S2430/initialize?prefCd=08&kikanCd=308582868&kikanKbn=3", "url2": "http://www.matsuba-shika.com/", "内容": "医療法人社団大伸会松葉歯科医院【3:歯科】茨城県龍ケ崎市松葉５ー１０―８ガーデンコート松葉１―Ａ" }, "geometry": { "type": "Point", "coordinates": [ 140.1575, 35.935556 ] } },
{ "type": "Feature", "properties": { "ID": 83308582884, "正式名称": "医療法人社団論賛会渡辺歯科クリニック", "機関区分": 3, "都道府県コード": 8, "市区町村コード": 224, "所在地": "茨城県守谷市中央３－１５－３　ストーンゲート１０１", "緯度": 35.945556, "経度": 139.996944, "url": "https://www.iryou.teikyouseido.mhlw.go.jp/znk-web/juminkanja/S2430/initialize?prefCd=08&kikanCd=308582884&kikanKbn=3", "url2": "http://www.shika-watanabe.com/", "内容": "医療法人社団論賛会渡辺歯科クリニック【3:歯科】茨城県守谷市中央３－１５－３　ストーンゲート１０１" }, "geometry": { "type": "Point", "coordinates": [ 139.996944, 35.945556 ] } },
{ "type": "Feature", "properties": { "ID": 83308582897, "正式名称": "医療法人社団陵栄会牛久デンタルクリニック", "機関区分": 3, "都道府県コード": 8, "市区町村コード": 219, "所在地": "茨城県牛久市中央３－３４－３　シイナビル１階", "緯度": 35.9725, "経度": 140.1475, "url": "https://www.iryou.teikyouseido.mhlw.go.jp/znk-web/juminkanja/S2430/initialize?prefCd=08&kikanCd=308582897&kikanKbn=3", "url2": null, "内容": "医療法人社団陵栄会牛久デンタルクリニック【3:歯科】茨城県牛久市中央３－３４－３　シイナビル１階" }, "geometry": { "type": "Point", "coordinates": [ 140.1475, 35.9725 ] } },
{ "type": "Feature", "properties": { "ID": 83308582901, "正式名称": "エール歯科クリニック", "機関区分": 3, "都道府県コード": 8, "市区町村コード": 224, "所在地": "茨城県守谷市中央２－１６－１ー２階", "緯度": 35.948056, "経度": 139.978611, "url": "https://www.iryou.teikyouseido.mhlw.go.jp/znk-web/juminkanja/S2430/initialize?prefCd=08&kikanCd=308582901&kikanKbn=3", "url2": "http://www.r-sika.jp", "内容": "エール歯科クリニック【3:歯科】茨城県守谷市中央２－１６－１ー２階" }, "geometry": { "type": "Point", "coordinates": [ 139.978611, 35.948056 ] } },
{ "type": "Feature", "properties": { "ID": 83308582914, "正式名称": "守谷ふれあい歯科", "機関区分": 3, "都道府県コード": 8, "市区町村コード": 224, "所在地": "茨城県守谷市大柏１００５－２４", "緯度": 35.939518, "経度": 139.9708, "url": "https://www.iryou.teikyouseido.mhlw.go.jp/znk-web/juminkanja/S2430/initialize?prefCd=08&kikanCd=308582914&kikanKbn=3", "url2": null, "内容": "守谷ふれあい歯科【3:歯科】茨城県守谷市大柏１００５－２４" }, "geometry": { "type": "Point", "coordinates": [ 139.9708, 35.939518 ] } },
{ "type": "Feature", "properties": { "ID": 83308582927, "正式名称": "なかむら歯科医院", "機関区分": 3, "都道府県コード": 8, "市区町村コード": 217, "所在地": "茨城県取手市ゆめみ野１－１１－３", "緯度": 35.917778, "経度": 140.038333, "url": "https://www.iryou.teikyouseido.mhlw.go.jp/znk-web/juminkanja/S2430/initialize?prefCd=08&kikanCd=308582927&kikanKbn=3", "url2": "http://www.shika-nakamura.net", "内容": "なかむら歯科医院【3:歯科】茨城県取手市ゆめみ野１－１１－３" }, "geometry": { "type": "Point", "coordinates": [ 140.038333, 35.917778 ] } },
{ "type": "Feature", "properties": { "ID": 83308582930, "正式名称": "医療法人歯省会ひたちの矯正歯科医院", "機関区分": 3, "都道府県コード": 8, "市区町村コード": 219, "所在地": "茨城県牛久市ひたち野東２－１３－３３", "緯度": 36.002778, "経度": 140.17, "url": "https://www.iryou.teikyouseido.mhlw.go.jp/znk-web/juminkanja/S2430/initialize?prefCd=08&kikanCd=308582930&kikanKbn=3", "url2": "http://yoi-hanarabi.jp", "内容": "医療法人歯省会ひたちの矯正歯科医院【3:歯科】茨城県牛久市ひたち野東２－１３－３３" }, "geometry": { "type": "Point", "coordinates": [ 140.17, 36.002778 ] } },
{ "type": "Feature", "properties": { "ID": 83308582943, "正式名称": "たかや歯科クリニック", "機関区分": 3, "都道府県コード": 8, "市区町村コード": 224, "所在地": "茨城県守谷市けやき台", "緯度": 35.931111, "経度": 139.998056, "url": "https://www.iryou.teikyouseido.mhlw.go.jp/znk-web/juminkanja/S2430/initialize?prefCd=08&kikanCd=308582943&kikanKbn=3", "url2": null, "内容": "たかや歯科クリニック【3:歯科】茨城県守谷市けやき台" }, "geometry": { "type": "Point", "coordinates": [ 139.998056, 35.931111 ] } },
{ "type": "Feature", "properties": { "ID": 83308582956, "正式名称": "ひらやま歯科医院", "機関区分": 3, "都道府県コード": 8, "市区町村コード": 217, "所在地": "茨城県取手市寺田４６５６－４アズーリⅡ１Ｆ", "緯度": 35.917492, "経度": 140.0701, "url": "https://www.iryou.teikyouseido.mhlw.go.jp/znk-web/juminkanja/S2430/initialize?prefCd=08&kikanCd=308582956&kikanKbn=3", "url2": null, "内容": "ひらやま歯科医院【3:歯科】茨城県取手市寺田４６５６－４アズーリⅡ１Ｆ" }, "geometry": { "type": "Point", "coordinates": [ 140.0701, 35.917492 ] } },
{ "type": "Feature", "properties": { "ID": 83308582969, "正式名称": "取手デンタルクリニック", "機関区分": 3, "都道府県コード": 8, "市区町村コード": 217, "所在地": "茨城県取手市東４ー５ー１ミスターマックス取手店１階", "緯度": 35.886944, "経度": 140.077778, "url": "https://www.iryou.teikyouseido.mhlw.go.jp/znk-web/juminkanja/S2430/initialize?prefCd=08&kikanCd=308582969&kikanKbn=3", "url2": null, "内容": "取手デンタルクリニック【3:歯科】茨城県取手市東４ー５ー１ミスターマックス取手店１階" }, "geometry": { "type": "Point", "coordinates": [ 140.077778, 35.886944 ] } },
{ "type": "Feature", "properties": { "ID": 83308582985, "正式名称": "つれいし歯科クリニック", "機関区分": 3, "都道府県コード": 8, "市区町村コード": 224, "所在地": "茨城県守谷市百合ケ丘１－２４８８－１１", "緯度": 35.953533, "経度": 139.983479, "url": "https://www.iryou.teikyouseido.mhlw.go.jp/znk-web/juminkanja/S2430/initialize?prefCd=08&kikanCd=308582985&kikanKbn=3", "url2": "http://ture.sakura.ne.jp", "内容": "つれいし歯科クリニック【3:歯科】茨城県守谷市百合ケ丘１－２４８８－１１" }, "geometry": { "type": "Point", "coordinates": [ 139.983479, 35.953533 ] } },
{ "type": "Feature", "properties": { "ID": 83308582998, "正式名称": "パルナ歯科クリニック", "機関区分": 3, "都道府県コード": 8, "市区町村コード": 229, "所在地": "茨城県稲敷市西代１４９５", "緯度": 35.915278, "経度": 140.491389, "url": "https://www.iryou.teikyouseido.mhlw.go.jp/znk-web/juminkanja/S2430/initialize?prefCd=08&kikanCd=308582998&kikanKbn=3", "url2": null, "内容": "パルナ歯科クリニック【3:歯科】茨城県稲敷市西代１４９５" }, "geometry": { "type": "Point", "coordinates": [ 140.491389, 35.915278 ] } },
{ "type": "Feature", "properties": { "ID": 83308583012, "正式名称": "岩元歯科クリニック守谷", "機関区分": 3, "都道府県コード": 8, "市区町村コード": 224, "所在地": "茨城県守谷市中央４ー１２－８ー１０２", "緯度": 35.945556, "経度": 139.995278, "url": "https://www.iryou.teikyouseido.mhlw.go.jp/znk-web/juminkanja/S2430/initialize?prefCd=08&kikanCd=308583012&kikanKbn=3", "url2": "http://idc-moriya.com/", "内容": "岩元歯科クリニック守谷【3:歯科】茨城県守谷市中央４ー１２－８ー１０２" }, "geometry": { "type": "Point", "coordinates": [ 139.995278, 35.945556 ] } },
{ "type": "Feature", "properties": { "ID": 83308583041, "正式名称": "森歯科医院", "機関区分": 3, "都道府県コード": 8, "市区町村コード": 217, "所在地": "茨城県取手市東６－７６－１６－１Ｆ", "緯度": 35.889444, "経度": 140.081667, "url": "https://www.iryou.teikyouseido.mhlw.go.jp/znk-web/juminkanja/S2430/initialize?prefCd=08&kikanCd=308583041&kikanKbn=3", "url2": "http://www.mori-dc.jp/", "内容": "森歯科医院【3:歯科】茨城県取手市東６－７６－１６－１Ｆ" }, "geometry": { "type": "Point", "coordinates": [ 140.081667, 35.889444 ] } },
{ "type": "Feature", "properties": { "ID": 83308583067, "正式名称": "医療法人社団　優勢会　Ｏｎｅ＇ｓ歯科クリニック", "機関区分": 3, "都道府県コード": 8, "市区町村コード": 217, "所在地": "茨城県取手市中央町２－２５取手ｉセンター３０３", "緯度": 35.871208, "経度": 140.011704, "url": "https://www.iryou.teikyouseido.mhlw.go.jp/znk-web/juminkanja/S2430/initialize?prefCd=08&kikanCd=308583067&kikanKbn=3", "url2": null, "内容": "医療法人社団　優勢会　Ｏｎｅ＇ｓ歯科クリニック【3:歯科】茨城県取手市中央町２－２５取手ｉセンター３０３" }, "geometry": { "type": "Point", "coordinates": [ 140.011704, 35.871208 ] } },
{ "type": "Feature", "properties": { "ID": 83308583070, "正式名称": "たどころ歯科クリニック", "機関区分": 3, "都道府県コード": 8, "市区町村コード": 217, "所在地": "茨城県取手市青柳３６６－１１", "緯度": 35.892046, "経度": 140.078611, "url": "https://www.iryou.teikyouseido.mhlw.go.jp/znk-web/juminkanja/S2430/initialize?prefCd=08&kikanCd=308583070&kikanKbn=3", "url2": null, "内容": "たどころ歯科クリニック【3:歯科】茨城県取手市青柳３６６－１１" }, "geometry": { "type": "Point", "coordinates": [ 140.078611, 35.892046 ] } },
{ "type": "Feature", "properties": { "ID": 83308583083, "正式名称": "川村矯正歯科", "機関区分": 3, "都道府県コード": 8, "市区町村コード": 224, "所在地": "茨城県守谷市中央３－１０－１４", "緯度": 35.946389, "経度": 139.998056, "url": "https://www.iryou.teikyouseido.mhlw.go.jp/znk-web/juminkanja/S2430/initialize?prefCd=08&kikanCd=308583083&kikanKbn=3", "url2": "http://kawamura-ortho.com/", "内容": "川村矯正歯科【3:歯科】茨城県守谷市中央３－１０－１４" }, "geometry": { "type": "Point", "coordinates": [ 139.998056, 35.946389 ] } },
{ "type": "Feature", "properties": { "ID": 83308583096, "正式名称": "ヒナ歯科＆ケアクリニック", "機関区分": 3, "都道府県コード": 8, "市区町村コード": 219, "所在地": "茨城県牛久市牛久町　３３１８－１フードスクエア牛久刈谷店テナント棟", "緯度": 35.971111, "経度": 140.138333, "url": "https://www.iryou.teikyouseido.mhlw.go.jp/znk-web/juminkanja/S2430/initialize?prefCd=08&kikanCd=308583096&kikanKbn=3", "url2": "http://www.hina-shika.com", "内容": "ヒナ歯科＆ケアクリニック【3:歯科】茨城県牛久市牛久町　３３１８－１フードスクエア牛久刈谷店テナント棟" }, "geometry": { "type": "Point", "coordinates": [ 140.138333, 35.971111 ] } },
{ "type": "Feature", "properties": { "ID": 83308583100, "正式名称": "守谷タウン歯科", "機関区分": 3, "都道府県コード": 8, "市区町村コード": 224, "所在地": "茨城県守谷市松並青葉１－１１－２", "緯度": 35.954167, "経度": 139.995556, "url": "https://www.iryou.teikyouseido.mhlw.go.jp/znk-web/juminkanja/S2430/initialize?prefCd=08&kikanCd=308583100&kikanKbn=3", "url2": "moriyatown-shika.jp", "内容": "守谷タウン歯科【3:歯科】茨城県守谷市松並青葉１－１１－２" }, "geometry": { "type": "Point", "coordinates": [ 139.995556, 35.954167 ] } },
{ "type": "Feature", "properties": { "ID": 83308583113, "正式名称": "ゆめみ野歯科クリニック", "機関区分": 3, "都道府県コード": 8, "市区町村コード": 217, "所在地": "茨城県取手市ゆめみ野３－８－２", "緯度": 35.924444, "経度": 140.040278, "url": "https://www.iryou.teikyouseido.mhlw.go.jp/znk-web/juminkanja/S2430/initialize?prefCd=08&kikanCd=308583113&kikanKbn=3", "url2": "http://yumemino.cihp.jp/", "内容": "ゆめみ野歯科クリニック【3:歯科】茨城県取手市ゆめみ野３－８－２" }, "geometry": { "type": "Point", "coordinates": [ 140.040278, 35.924444 ] } },
{ "type": "Feature", "properties": { "ID": 83308583126, "正式名称": "竜ケ崎歯科医院", "機関区分": 3, "都道府県コード": 8, "市区町村コード": 208, "所在地": "茨城県龍ケ崎市７７８１ー１", "緯度": 35.905867, "経度": 140.180056, "url": "https://www.iryou.teikyouseido.mhlw.go.jp/znk-web/juminkanja/S2430/initialize?prefCd=08&kikanCd=308583126&kikanKbn=3", "url2": "http://www.dentists.jp/", "内容": "竜ケ崎歯科医院【3:歯科】茨城県龍ケ崎市７７８１ー１" }, "geometry": { "type": "Point", "coordinates": [ 140.180056, 35.905867 ] } },
{ "type": "Feature", "properties": { "ID": 83308583142, "正式名称": "医療法人　おやこ屋根の歯科クリニック", "機関区分": 3, "都道府県コード": 8, "市区町村コード": 219, "所在地": "茨城県牛久市ひたち野西２－２８－４", "緯度": 36.008914, "経度": 140.153915, "url": "https://www.iryou.teikyouseido.mhlw.go.jp/znk-web/juminkanja/S2430/initialize?prefCd=08&kikanCd=308583142&kikanKbn=3", "url2": "https://oyakoyane.com", "内容": "医療法人　おやこ屋根の歯科クリニック【3:歯科】茨城県牛久市ひたち野西２－２８－４" }, "geometry": { "type": "Point", "coordinates": [ 140.153915, 36.008914 ] } },
{ "type": "Feature", "properties": { "ID": 83308583168, "正式名称": "あき歯科クリニック", "機関区分": 3, "都道府県コード": 8, "市区町村コード": 224, "所在地": "茨城県守谷市鈴塚３０２－１", "緯度": 35.935278, "経度": 139.988333, "url": "https://www.iryou.teikyouseido.mhlw.go.jp/znk-web/juminkanja/S2430/initialize?prefCd=08&kikanCd=308583168&kikanKbn=3", "url2": "http://www.aki-shika.net/", "内容": "あき歯科クリニック【3:歯科】茨城県守谷市鈴塚３０２－１" }, "geometry": { "type": "Point", "coordinates": [ 139.988333, 35.935278 ] } },
{ "type": "Feature", "properties": { "ID": 83308583171, "正式名称": "白羽歯科医院", "機関区分": 3, "都道府県コード": 8, "市区町村コード": 208, "所在地": "茨城県龍ケ崎市白羽１－７－３１", "緯度": 35.918056, "経度": 140.222222, "url": "https://www.iryou.teikyouseido.mhlw.go.jp/znk-web/juminkanja/S2430/initialize?prefCd=08&kikanCd=308583171&kikanKbn=3", "url2": null, "内容": "白羽歯科医院【3:歯科】茨城県龍ケ崎市白羽１－７－３１" }, "geometry": { "type": "Point", "coordinates": [ 140.222222, 35.918056 ] } },
{ "type": "Feature", "properties": { "ID": 83308583197, "正式名称": "医療法人社団嘉望会　竜ケ崎デンタルクリニック", "機関区分": 3, "都道府県コード": 8, "市区町村コード": 208, "所在地": "茨城県龍ケ崎市中里２丁目１番２たつのこまち龍ヶ崎モール内", "緯度": 35.929167, "経度": 140.205833, "url": "https://www.iryou.teikyouseido.mhlw.go.jp/znk-web/juminkanja/S2430/initialize?prefCd=08&kikanCd=308583197&kikanKbn=3", "url2": "http://www.ryugasaki-dental.com/", "内容": "医療法人社団嘉望会　竜ケ崎デンタルクリニック【3:歯科】茨城県龍ケ崎市中里２丁目１番２たつのこまち龍ヶ崎モール内" }, "geometry": { "type": "Point", "coordinates": [ 140.205833, 35.929167 ] } },
{ "type": "Feature", "properties": { "ID": 83308583201, "正式名称": "押田医院歯科", "機関区分": 3, "都道府県コード": 8, "市区町村コード": 217, "所在地": "茨城県取手市桑原", "緯度": 35.906667, "経度": 140.079444, "url": "https://www.iryou.teikyouseido.mhlw.go.jp/znk-web/juminkanja/S2430/initialize?prefCd=08&kikanCd=308583201&kikanKbn=3", "url2": null, "内容": "押田医院歯科【3:歯科】茨城県取手市桑原" }, "geometry": { "type": "Point", "coordinates": [ 140.079444, 35.906667 ] } },
{ "type": "Feature", "properties": { "ID": 83308583214, "正式名称": "牛久カスミ　とおる歯科クリニック", "機関区分": 3, "都道府県コード": 8, "市区町村コード": 219, "所在地": "茨城県牛久市神谷", "緯度": 35.975388, "経度": 140.15111, "url": "https://www.iryou.teikyouseido.mhlw.go.jp/znk-web/juminkanja/S2430/initialize?prefCd=08&kikanCd=308583214&kikanKbn=3", "url2": null, "内容": "牛久カスミ　とおる歯科クリニック【3:歯科】茨城県牛久市神谷" }, "geometry": { "type": "Point", "coordinates": [ 140.15111, 35.975388 ] } },
{ "type": "Feature", "properties": { "ID": 83308583230, "正式名称": "サンロード歯科", "機関区分": 3, "都道府県コード": 8, "市区町村コード": 208, "所在地": "茨城県龍ケ崎市小通幸谷町２２８", "緯度": 35.926944, "経度": 140.137222, "url": "https://www.iryou.teikyouseido.mhlw.go.jp/znk-web/juminkanja/S2430/initialize?prefCd=08&kikanCd=308583230&kikanKbn=3", "url2": "http://sunroad-dc.com/", "内容": "サンロード歯科【3:歯科】茨城県龍ケ崎市小通幸谷町２２８" }, "geometry": { "type": "Point", "coordinates": [ 140.137222, 35.926944 ] } },
{ "type": "Feature", "properties": { "ID": 83308583243, "正式名称": "あだち歯科", "機関区分": 3, "都道府県コード": 8, "市区町村コード": 217, "所在地": "茨城県取手市毛有", "緯度": 35.910556, "経度": 140.09, "url": "https://www.iryou.teikyouseido.mhlw.go.jp/znk-web/juminkanja/S2430/initialize?prefCd=08&kikanCd=308583243&kikanKbn=3", "url2": null, "内容": "あだち歯科【3:歯科】茨城県取手市毛有" }, "geometry": { "type": "Point", "coordinates": [ 140.09, 35.910556 ] } },
{ "type": "Feature", "properties": { "ID": 83308583256, "正式名称": "髙木歯科医院", "機関区分": 3, "都道府県コード": 8, "市区町村コード": 229, "所在地": "茨城県稲敷市江戸崎甲２９５８－１", "緯度": 35.971592, "経度": 140.3036, "url": "https://www.iryou.teikyouseido.mhlw.go.jp/znk-web/juminkanja/S2430/initialize?prefCd=08&kikanCd=308583256&kikanKbn=3", "url2": null, "内容": "髙木歯科医院【3:歯科】茨城県稲敷市江戸崎甲２９５８－１" }, "geometry": { "type": "Point", "coordinates": [ 140.3036, 35.971592 ] } },
{ "type": "Feature", "properties": { "ID": 83308583285, "正式名称": "けやき台こども歯科・矯正歯科", "機関区分": 3, "都道府県コード": 8, "市区町村コード": 224, "所在地": "茨城県守谷市けやき台２－１１－１", "緯度": 35.932855, "経度": 139.998416, "url": "https://www.iryou.teikyouseido.mhlw.go.jp/znk-web/juminkanja/S2430/initialize?prefCd=08&kikanCd=308583285&kikanKbn=3", "url2": "http://www.keyakidai-dental.com/", "内容": "けやき台こども歯科・矯正歯科【3:歯科】茨城県守谷市けやき台２－１１－１" }, "geometry": { "type": "Point", "coordinates": [ 139.998416, 35.932855 ] } },
{ "type": "Feature", "properties": { "ID": 83308583315, "正式名称": "ひかり歯科", "機関区分": 3, "都道府県コード": 8, "市区町村コード": 224, "所在地": "茨城県守谷市百合ケ丘", "緯度": 35.951004, "経度": 139.984126, "url": "https://www.iryou.teikyouseido.mhlw.go.jp/znk-web/juminkanja/S2430/initialize?prefCd=08&kikanCd=308583315&kikanKbn=3", "url2": null, "内容": "ひかり歯科【3:歯科】茨城県守谷市百合ケ丘" }, "geometry": { "type": "Point", "coordinates": [ 139.984126, 35.951004 ] } },
{ "type": "Feature", "properties": { "ID": 83308583328, "正式名称": "ふじた歯科", "機関区分": 3, "都道府県コード": 8, "市区町村コード": 219, "所在地": "茨城県牛久市東大和田町くみぬ窪３４５－１", "緯度": 36.00167, "経度": 140.15398, "url": "https://www.iryou.teikyouseido.mhlw.go.jp/znk-web/juminkanja/S2430/initialize?prefCd=08&kikanCd=308583328&kikanKbn=3", "url2": "https://fujitadc.jp/", "内容": "ふじた歯科【3:歯科】茨城県牛久市東大和田町くみぬ窪３４５－１" }, "geometry": { "type": "Point", "coordinates": [ 140.15398, 36.00167 ] } },
{ "type": "Feature", "properties": { "ID": 83308583373, "正式名称": "坂本矯正歯科", "機関区分": 3, "都道府県コード": 8, "市区町村コード": 208, "所在地": "茨城県龍ケ崎市３３６３", "緯度": 35.908611, "経度": 140.19, "url": "https://www.iryou.teikyouseido.mhlw.go.jp/znk-web/juminkanja/S2430/initialize?prefCd=08&kikanCd=308583373&kikanKbn=3", "url2": "http://www.sakamoto-hanarabi.com", "内容": "坂本矯正歯科【3:歯科】茨城県龍ケ崎市３３６３" }, "geometry": { "type": "Point", "coordinates": [ 140.19, 35.908611 ] } },
{ "type": "Feature", "properties": { "ID": 83308583403, "正式名称": "ふじなわ歯科医院", "機関区分": 3, "都道府県コード": 8, "市区町村コード": 217, "所在地": "茨城県取手市井野台４－２３－６", "緯度": 35.905833, "経度": 140.065556, "url": "https://www.iryou.teikyouseido.mhlw.go.jp/znk-web/juminkanja/S2430/initialize?prefCd=08&kikanCd=308583403&kikanKbn=3", "url2": null, "内容": "ふじなわ歯科医院【3:歯科】茨城県取手市井野台４－２３－６" }, "geometry": { "type": "Point", "coordinates": [ 140.065556, 35.905833 ] } },
{ "type": "Feature", "properties": { "ID": 83308583445, "正式名称": "守谷ファースト歯科", "機関区分": 3, "都道府県コード": 8, "市区町村コード": 224, "所在地": "茨城県守谷市けやき台１－１７－１０福田ビル３階", "緯度": 35.929722, "経度": 140.006389, "url": "https://www.iryou.teikyouseido.mhlw.go.jp/znk-web/juminkanja/S2430/initialize?prefCd=08&kikanCd=308583445&kikanKbn=3", "url2": null, "内容": "守谷ファースト歯科【3:歯科】茨城県守谷市けやき台１－１７－１０福田ビル３階" }, "geometry": { "type": "Point", "coordinates": [ 140.006389, 35.929722 ] } },
{ "type": "Feature", "properties": { "ID": 83308590229, "正式名称": "茂木歯科医院", "機関区分": 3, "都道府県コード": 8, "市区町村コード": 203, "所在地": "茨城県土浦市真鍋１－１１－２５", "緯度": 36.086944, "経度": 140.203333, "url": "https://www.iryou.teikyouseido.mhlw.go.jp/znk-web/juminkanja/S2430/initialize?prefCd=08&kikanCd=308590229&kikanKbn=3", "url2": null, "内容": "茂木歯科医院【3:歯科】茨城県土浦市真鍋１－１１－２５" }, "geometry": { "type": "Point", "coordinates": [ 140.203333, 36.086944 ] } },
{ "type": "Feature", "properties": { "ID": 83308590261, "正式名称": "イバラキクリニック", "機関区分": 3, "都道府県コード": 8, "市区町村コード": 203, "所在地": "茨城県土浦市中央１－１－１７", "緯度": 36.082022, "経度": 140.200564, "url": "https://www.iryou.teikyouseido.mhlw.go.jp/znk-web/juminkanja/S2430/initialize?prefCd=08&kikanCd=308590261&kikanKbn=3", "url2": "https://www.ibarakiclinic.com/", "内容": "イバラキクリニック【3:歯科】茨城県土浦市中央１－１－１７" }, "geometry": { "type": "Point", "coordinates": [ 140.200564, 36.082022 ] } },
{ "type": "Feature", "properties": { "ID": 83308590290, "正式名称": "鈴木歯科", "機関区分": 3, "都道府県コード": 8, "市区町村コード": 203, "所在地": "茨城県土浦市小岩田東１－１－３７", "緯度": 36.056944, "経度": 140.200833, "url": "https://www.iryou.teikyouseido.mhlw.go.jp/znk-web/juminkanja/S2430/initialize?prefCd=08&kikanCd=308590290&kikanKbn=3", "url2": "http://www.dental-suzuki.jp/", "内容": "鈴木歯科【3:歯科】茨城県土浦市小岩田東１－１－３７" }, "geometry": { "type": "Point", "coordinates": [ 140.200833, 36.056944 ] } },
{ "type": "Feature", "properties": { "ID": 83308590304, "正式名称": "宮田歯科医院", "機関区分": 3, "都道府県コード": 8, "市区町村コード": 203, "所在地": "茨城県土浦市西並木町３７８１", "緯度": 36.111441, "経度": 140.180807, "url": "https://www.iryou.teikyouseido.mhlw.go.jp/znk-web/juminkanja/S2430/initialize?prefCd=08&kikanCd=308590304&kikanKbn=3", "url2": null, "内容": "宮田歯科医院【3:歯科】茨城県土浦市西並木町３７８１" }, "geometry": { "type": "Point", "coordinates": [ 140.180807, 36.111441 ] } },
{ "type": "Feature", "properties": { "ID": 83308590346, "正式名称": "上野歯科医院", "機関区分": 3, "都道府県コード": 8, "市区町村コード": 203, "所在地": "茨城県土浦市中央１－１４－２４", "緯度": 36.080278, "経度": 140.202222, "url": "https://www.iryou.teikyouseido.mhlw.go.jp/znk-web/juminkanja/S2430/initialize?prefCd=08&kikanCd=308590346&kikanKbn=3", "url2": "http://www.uenoshika.com/", "内容": "上野歯科医院【3:歯科】茨城県土浦市中央１－１４－２４" }, "geometry": { "type": "Point", "coordinates": [ 140.202222, 36.080278 ] } },
{ "type": "Feature", "properties": { "ID": 83308590359, "正式名称": "吉田歯科医院", "機関区分": 3, "都道府県コード": 8, "市区町村コード": 203, "所在地": "茨城県土浦市並木１－１４－１５", "緯度": 36.105278, "経度": 140.192778, "url": "https://www.iryou.teikyouseido.mhlw.go.jp/znk-web/juminkanja/S2430/initialize?prefCd=08&kikanCd=308590359&kikanKbn=3", "url2": "http://www.ydc-tsuchiura.com", "内容": "吉田歯科医院【3:歯科】茨城県土浦市並木１－１４－１５" }, "geometry": { "type": "Point", "coordinates": [ 140.192778, 36.105278 ] } },
{ "type": "Feature", "properties": { "ID": 83308590463, "正式名称": "小澤歯科医院", "機関区分": 3, "都道府県コード": 8, "市区町村コード": 442, "所在地": "茨城県稲敷郡美浦村大谷１６２０", "緯度": 35.9975, "経度": 140.326111, "url": "https://www.iryou.teikyouseido.mhlw.go.jp/znk-web/juminkanja/S2430/initialize?prefCd=08&kikanCd=308590463&kikanKbn=3", "url2": "http://ameblo.jp/ozawashika/", "内容": "小澤歯科医院【3:歯科】茨城県稲敷郡美浦村大谷１６２０" }, "geometry": { "type": "Point", "coordinates": [ 140.326111, 35.9975 ] } },
{ "type": "Feature", "properties": { "ID": 83308590476, "正式名称": "塚原歯科医院", "機関区分": 3, "都道府県コード": 8, "市区町村コード": 443, "所在地": "茨城県稲敷郡阿見町阿見３９６２－１３", "緯度": 36.037763, "経度": 140.214534, "url": "https://www.iryou.teikyouseido.mhlw.go.jp/znk-web/juminkanja/S2430/initialize?prefCd=08&kikanCd=308590476&kikanKbn=3", "url2": null, "内容": "塚原歯科医院【3:歯科】茨城県稲敷郡阿見町阿見３９６２－１３" }, "geometry": { "type": "Point", "coordinates": [ 140.214534, 36.037763 ] } },
{ "type": "Feature", "properties": { "ID": 83308590506, "正式名称": "大場歯科医院", "機関区分": 3, "都道府県コード": 8, "市区町村コード": 443, "所在地": "茨城県稲敷郡阿見町中央５－２－３１", "緯度": 36.033184, "経度": 140.219712, "url": "https://www.iryou.teikyouseido.mhlw.go.jp/znk-web/juminkanja/S2430/initialize?prefCd=08&kikanCd=308590506&kikanKbn=3", "url2": null, "内容": "大場歯科医院【3:歯科】茨城県稲敷郡阿見町中央５－２－３１" }, "geometry": { "type": "Point", "coordinates": [ 140.219712, 36.033184 ] } },
{ "type": "Feature", "properties": { "ID": 83308590519, "正式名称": "宮本歯科医院", "機関区分": 3, "都道府県コード": 8, "市区町村コード": 443, "所在地": "茨城県稲敷郡阿見町荒川本郷１３３２－１", "緯度": 36.025345, "経度": 140.169612, "url": "https://www.iryou.teikyouseido.mhlw.go.jp/znk-web/juminkanja/S2430/initialize?prefCd=08&kikanCd=308590519&kikanKbn=3", "url2": null, "内容": "宮本歯科医院【3:歯科】茨城県稲敷郡阿見町荒川本郷１３３２－１" }, "geometry": { "type": "Point", "coordinates": [ 140.169612, 36.025345 ] } },
{ "type": "Feature", "properties": { "ID": 83308590535, "正式名称": "椎名歯科医院", "機関区分": 3, "都道府県コード": 8, "市区町村コード": 443, "所在地": "茨城県稲敷郡阿見町阿見４３００－３", "緯度": 36.033889, "経度": 140.210278, "url": "https://www.iryou.teikyouseido.mhlw.go.jp/znk-web/juminkanja/S2430/initialize?prefCd=08&kikanCd=308590535&kikanKbn=3", "url2": null, "内容": "椎名歯科医院【3:歯科】茨城県稲敷郡阿見町阿見４３００－３" }, "geometry": { "type": "Point", "coordinates": [ 140.210278, 36.033889 ] } },
{ "type": "Feature", "properties": { "ID": 83308590580, "正式名称": "下島歯科医院", "機関区分": 3, "都道府県コード": 8, "市区町村コード": 203, "所在地": "茨城県土浦市中央２－１６－２９", "緯度": 36.085259, "経度": 140.199122, "url": "https://www.iryou.teikyouseido.mhlw.go.jp/znk-web/juminkanja/S2430/initialize?prefCd=08&kikanCd=308590580&kikanKbn=3", "url2": null, "内容": "下島歯科医院【3:歯科】茨城県土浦市中央２－１６－２９" }, "geometry": { "type": "Point", "coordinates": [ 140.199122, 36.085259 ] } },
{ "type": "Feature", "properties": { "ID": 83308590623, "正式名称": "小竹歯科クリニック", "機関区分": 3, "都道府県コード": 8, "市区町村コード": 203, "所在地": "茨城県土浦市中央１－１－１５", "緯度": 36.078611, "経度": 140.203611, "url": "https://www.iryou.teikyouseido.mhlw.go.jp/znk-web/juminkanja/S2430/initialize?prefCd=08&kikanCd=308590623&kikanKbn=3", "url2": null, "内容": "小竹歯科クリニック【3:歯科】茨城県土浦市中央１－１－１５" }, "geometry": { "type": "Point", "coordinates": [ 140.203611, 36.078611 ] } },
{ "type": "Feature", "properties": { "ID": 83308590652, "正式名称": "塚原デンタルクリニック", "機関区分": 3, "都道府県コード": 8, "市区町村コード": 203, "所在地": "茨城県土浦市右籾２６２６－７", "緯度": 36.041667, "経度": 140.193611, "url": "https://www.iryou.teikyouseido.mhlw.go.jp/znk-web/juminkanja/S2430/initialize?prefCd=08&kikanCd=308590652&kikanKbn=3", "url2": "https://www.tsukaharadc.com/", "内容": "塚原デンタルクリニック【3:歯科】茨城県土浦市右籾２６２６－７" }, "geometry": { "type": "Point", "coordinates": [ 140.193611, 36.041667 ] } },
{ "type": "Feature", "properties": { "ID": 83308590665, "正式名称": "とうざき歯科クリニック", "機関区分": 3, "都道府県コード": 8, "市区町村コード": 203, "所在地": "茨城県土浦市東崎町１１－３０内田ビル２Ｆ", "緯度": 36.081111, "経度": 140.208611, "url": "https://www.iryou.teikyouseido.mhlw.go.jp/znk-web/juminkanja/S2430/initialize?prefCd=08&kikanCd=308590665&kikanKbn=3", "url2": null, "内容": "とうざき歯科クリニック【3:歯科】茨城県土浦市東崎町１１－３０内田ビル２Ｆ" }, "geometry": { "type": "Point", "coordinates": [ 140.208611, 36.081111 ] } },
{ "type": "Feature", "properties": { "ID": 83308590711, "正式名称": "高野歯科医院", "機関区分": 3, "都道府県コード": 8, "市区町村コード": 203, "所在地": "茨城県土浦市神立中央１－７－８", "緯度": 36.118056, "経度": 140.250833, "url": "https://www.iryou.teikyouseido.mhlw.go.jp/znk-web/juminkanja/S2430/initialize?prefCd=08&kikanCd=308590711&kikanKbn=3", "url2": null, "内容": "高野歯科医院【3:歯科】茨城県土浦市神立中央１－７－８" }, "geometry": { "type": "Point", "coordinates": [ 140.250833, 36.118056 ] } },
{ "type": "Feature", "properties": { "ID": 83308590766, "正式名称": "久保木歯科医院", "機関区分": 3, "都道府県コード": 8, "市区町村コード": 203, "所在地": "茨城県土浦市中央１－３－２７", "緯度": 36.078056, "経度": 140.203333, "url": "https://www.iryou.teikyouseido.mhlw.go.jp/znk-web/juminkanja/S2430/initialize?prefCd=08&kikanCd=308590766&kikanKbn=3", "url2": null, "内容": "久保木歯科医院【3:歯科】茨城県土浦市中央１－３－２７" }, "geometry": { "type": "Point", "coordinates": [ 140.203333, 36.078056 ] } },
{ "type": "Feature", "properties": { "ID": 83308590779, "正式名称": "野口歯科医院", "機関区分": 3, "都道府県コード": 8, "市区町村コード": 443, "所在地": "茨城県稲敷郡阿見町廻戸３４３－１２", "緯度": 36.041111, "経度": 140.224444, "url": "https://www.iryou.teikyouseido.mhlw.go.jp/znk-web/juminkanja/S2430/initialize?prefCd=08&kikanCd=308590779&kikanKbn=3", "url2": null, "内容": "野口歯科医院【3:歯科】茨城県稲敷郡阿見町廻戸３４３－１２" }, "geometry": { "type": "Point", "coordinates": [ 140.224444, 36.041111 ] } },
{ "type": "Feature", "properties": { "ID": 83308590782, "正式名称": "市村歯科医院", "機関区分": 3, "都道府県コード": 8, "市区町村コード": 203, "所在地": "茨城県土浦市東崎町７－６", "緯度": 36.079722, "経度": 140.210278, "url": "https://www.iryou.teikyouseido.mhlw.go.jp/znk-web/juminkanja/S2430/initialize?prefCd=08&kikanCd=308590782&kikanKbn=3", "url2": null, "内容": "市村歯科医院【3:歯科】茨城県土浦市東崎町７－６" }, "geometry": { "type": "Point", "coordinates": [ 140.210278, 36.079722 ] } },
{ "type": "Feature", "properties": { "ID": 83308590795, "正式名称": "美並歯科医院", "機関区分": 3, "都道府県コード": 8, "市区町村コード": 230, "所在地": "茨城県かすみがうら市深谷７５－３０", "緯度": 36.096111, "経度": 140.283333, "url": "https://www.iryou.teikyouseido.mhlw.go.jp/znk-web/juminkanja/S2430/initialize?prefCd=08&kikanCd=308590795&kikanKbn=3", "url2": null, "内容": "美並歯科医院【3:歯科】茨城県かすみがうら市深谷７５－３０" }, "geometry": { "type": "Point", "coordinates": [ 140.283333, 36.096111 ] } },
{ "type": "Feature", "properties": { "ID": 83308590812, "正式名称": "しば歯科", "機関区分": 3, "都道府県コード": 8, "市区町村コード": 203, "所在地": "茨城県土浦市真鍋４－１１－２", "緯度": 36.099365, "経度": 140.204441, "url": "https://www.iryou.teikyouseido.mhlw.go.jp/znk-web/juminkanja/S2430/initialize?prefCd=08&kikanCd=308590812&kikanKbn=3", "url2": "http://shiba.asotk.com/", "内容": "しば歯科【3:歯科】茨城県土浦市真鍋４－１１－２" }, "geometry": { "type": "Point", "coordinates": [ 140.204441, 36.099365 ] } },
{ "type": "Feature", "properties": { "ID": 83308590926, "正式名称": "斯波歯科医院", "機関区分": 3, "都道府県コード": 8, "市区町村コード": 203, "所在地": "茨城県土浦市東真鍋町２－２０", "緯度": 36.088333, "経度": 140.207778, "url": "https://www.iryou.teikyouseido.mhlw.go.jp/znk-web/juminkanja/S2430/initialize?prefCd=08&kikanCd=308590926&kikanKbn=3", "url2": null, "内容": "斯波歯科医院【3:歯科】茨城県土浦市東真鍋町２－２０" }, "geometry": { "type": "Point", "coordinates": [ 140.207778, 36.088333 ] } },
{ "type": "Feature", "properties": { "ID": 83308590968, "正式名称": "ウエハマ歯科医院", "機関区分": 3, "都道府県コード": 8, "市区町村コード": 203, "所在地": "茨城県土浦市藤沢５８３－１", "緯度": 36.129167, "経度": 140.16, "url": "https://www.iryou.teikyouseido.mhlw.go.jp/znk-web/juminkanja/S2430/initialize?prefCd=08&kikanCd=308590968&kikanKbn=3", "url2": "http://www.uehama-dc.com/", "内容": "ウエハマ歯科医院【3:歯科】茨城県土浦市藤沢５８３－１" }, "geometry": { "type": "Point", "coordinates": [ 140.16, 36.129167 ] } },
{ "type": "Feature", "properties": { "ID": 83308590997, "正式名称": "医療法人社団秀悠会　永国台歯科クリニック", "機関区分": 3, "都道府県コード": 8, "市区町村コード": 203, "所在地": "茨城県土浦市永国１０５２－７", "緯度": 36.061111, "経度": 140.185, "url": "https://www.iryou.teikyouseido.mhlw.go.jp/znk-web/juminkanja/S2430/initialize?prefCd=08&kikanCd=308590997&kikanKbn=3", "url2": "http://www.myclinic.ne.jp", "内容": "医療法人社団秀悠会　永国台歯科クリニック【3:歯科】茨城県土浦市永国１０５２－７" }, "geometry": { "type": "Point", "coordinates": [ 140.185, 36.061111 ] } },
{ "type": "Feature", "properties": { "ID": 83308591037, "正式名称": "小林歯科医院", "機関区分": 3, "都道府県コード": 8, "市区町村コード": 203, "所在地": "茨城県土浦市白鳥町１１０６ー１８０", "緯度": 36.10996, "経度": 140.253207, "url": "https://www.iryou.teikyouseido.mhlw.go.jp/znk-web/juminkanja/S2430/initialize?prefCd=08&kikanCd=308591037&kikanKbn=3", "url2": "www.kobadent.net", "内容": "小林歯科医院【3:歯科】茨城県土浦市白鳥町１１０６ー１８０" }, "geometry": { "type": "Point", "coordinates": [ 140.253207, 36.10996 ] } },
{ "type": "Feature", "properties": { "ID": 83308591053, "正式名称": "中島歯科医院", "機関区分": 3, "都道府県コード": 8, "市区町村コード": 203, "所在地": "茨城県土浦市中央２－９－２８", "緯度": 36.080556, "経度": 140.204722, "url": "https://www.iryou.teikyouseido.mhlw.go.jp/znk-web/juminkanja/S2430/initialize?prefCd=08&kikanCd=308591053&kikanKbn=3", "url2": "http://nakajimashika.cute.coocan.jp/", "内容": "中島歯科医院【3:歯科】茨城県土浦市中央２－９－２８" }, "geometry": { "type": "Point", "coordinates": [ 140.204722, 36.080556 ] } },
{ "type": "Feature", "properties": { "ID": 83308591082, "正式名称": "おじま歯科医院", "機関区分": 3, "都道府県コード": 8, "市区町村コード": 203, "所在地": "茨城県土浦市真鍋５－１５－１６", "緯度": 36.0975, "経度": 140.200833, "url": "https://www.iryou.teikyouseido.mhlw.go.jp/znk-web/juminkanja/S2430/initialize?prefCd=08&kikanCd=308591082&kikanKbn=3", "url2": null, "内容": "おじま歯科医院【3:歯科】茨城県土浦市真鍋５－１５－１６" }, "geometry": { "type": "Point", "coordinates": [ 140.200833, 36.0975 ] } },
{ "type": "Feature", "properties": { "ID": 83308591095, "正式名称": "来栖歯科医院", "機関区分": 3, "都道府県コード": 8, "市区町村コード": 203, "所在地": "茨城県土浦市大畑１４７９－１", "緯度": 36.121667, "経度": 140.163611, "url": "https://www.iryou.teikyouseido.mhlw.go.jp/znk-web/juminkanja/S2430/initialize?prefCd=08&kikanCd=308591095&kikanKbn=3", "url2": "http://www.kurusudc.com/", "内容": "来栖歯科医院【3:歯科】茨城県土浦市大畑１４７９－１" }, "geometry": { "type": "Point", "coordinates": [ 140.163611, 36.121667 ] } },
{ "type": "Feature", "properties": { "ID": 83308591112, "正式名称": "南学園歯科医院", "機関区分": 3, "都道府県コード": 8, "市区町村コード": 203, "所在地": "茨城県土浦市西根南３－１－２９", "緯度": 36.042222, "経度": 140.162222, "url": "https://www.iryou.teikyouseido.mhlw.go.jp/znk-web/juminkanja/S2430/initialize?prefCd=08&kikanCd=308591112&kikanKbn=3", "url2": null, "内容": "南学園歯科医院【3:歯科】茨城県土浦市西根南３－１－２９" }, "geometry": { "type": "Point", "coordinates": [ 140.162222, 36.042222 ] } },
{ "type": "Feature", "properties": { "ID": 83308591125, "正式名称": "宮田歯科クリニック", "機関区分": 3, "都道府県コード": 8, "市区町村コード": 203, "所在地": "茨城県土浦市中荒川沖町２－６ツインビル２０１", "緯度": 36.03134, "経度": 140.165917, "url": "https://www.iryou.teikyouseido.mhlw.go.jp/znk-web/juminkanja/S2430/initialize?prefCd=08&kikanCd=308591125&kikanKbn=3", "url2": "http://miyata-dental-clinic.com/", "内容": "宮田歯科クリニック【3:歯科】茨城県土浦市中荒川沖町２－６ツインビル２０１" }, "geometry": { "type": "Point", "coordinates": [ 140.165917, 36.03134 ] } },
{ "type": "Feature", "properties": { "ID": 83308591138, "正式名称": "よしだ歯科", "機関区分": 3, "都道府県コード": 8, "市区町村コード": 203, "所在地": "茨城県土浦市小山田１－４２７", "緯度": 36.035278, "経度": 140.135556, "url": "https://www.iryou.teikyouseido.mhlw.go.jp/znk-web/juminkanja/S2430/initialize?prefCd=08&kikanCd=308591138&kikanKbn=3", "url2": null, "内容": "よしだ歯科【3:歯科】茨城県土浦市小山田１－４２７" }, "geometry": { "type": "Point", "coordinates": [ 140.135556, 36.035278 ] } },
{ "type": "Feature", "properties": { "ID": 83308591141, "正式名称": "山崎歯科クリニック", "機関区分": 3, "都道府県コード": 8, "市区町村コード": 443, "所在地": "茨城県稲敷郡阿見町岡崎２－３－１２", "緯度": 36.0374817, "経度": 140.2249861, "url": "https://www.iryou.teikyouseido.mhlw.go.jp/znk-web/juminkanja/S2430/initialize?prefCd=08&kikanCd=308591141&kikanKbn=3", "url2": null, "内容": "山崎歯科クリニック【3:歯科】茨城県稲敷郡阿見町岡崎２－３－１２" }, "geometry": { "type": "Point", "coordinates": [ 140.2249861, 36.0374817 ] } },
{ "type": "Feature", "properties": { "ID": 83308591170, "正式名称": "若草歯科医院", "機関区分": 3, "都道府県コード": 8, "市区町村コード": 203, "所在地": "茨城県土浦市藤沢３５６０番１", "緯度": 36.12003, "経度": 140.170598, "url": "https://www.iryou.teikyouseido.mhlw.go.jp/znk-web/juminkanja/S2430/initialize?prefCd=08&kikanCd=308591170&kikanKbn=3", "url2": null, "内容": "若草歯科医院【3:歯科】茨城県土浦市藤沢３５６０番１" }, "geometry": { "type": "Point", "coordinates": [ 140.170598, 36.12003 ] } },
{ "type": "Feature", "properties": { "ID": 83308591196, "正式名称": "ときわ歯科医院", "機関区分": 3, "都道府県コード": 8, "市区町村コード": 443, "所在地": "茨城県稲敷郡阿見町岡崎３－１４－２", "緯度": 36.037222, "経度": 140.220278, "url": "https://www.iryou.teikyouseido.mhlw.go.jp/znk-web/juminkanja/S2430/initialize?prefCd=08&kikanCd=308591196&kikanKbn=3", "url2": null, "内容": "ときわ歯科医院【3:歯科】茨城県稲敷郡阿見町岡崎３－１４－２" }, "geometry": { "type": "Point", "coordinates": [ 140.220278, 36.037222 ] } },
{ "type": "Feature", "properties": { "ID": 83308591200, "正式名称": "酒井歯科医院", "機関区分": 3, "都道府県コード": 8, "市区町村コード": 203, "所在地": "茨城県土浦市大岩田１３１０－２", "緯度": 36.055556, "経度": 140.217778, "url": "https://www.iryou.teikyouseido.mhlw.go.jp/znk-web/juminkanja/S2430/initialize?prefCd=08&kikanCd=308591200&kikanKbn=3", "url2": "https://www.sakai-shikaiin.com", "内容": "酒井歯科医院【3:歯科】茨城県土浦市大岩田１３１０－２" }, "geometry": { "type": "Point", "coordinates": [ 140.217778, 36.055556 ] } },
{ "type": "Feature", "properties": { "ID": 83308591255, "正式名称": "佐藤歯科クリニック", "機関区分": 3, "都道府県コード": 8, "市区町村コード": 203, "所在地": "茨城県土浦市西根西１－１－１ー２Ｆ", "緯度": 36.045795, "経度": 140.151632, "url": "https://www.iryou.teikyouseido.mhlw.go.jp/znk-web/juminkanja/S2430/initialize?prefCd=08&kikanCd=308591255&kikanKbn=3", "url2": null, "内容": "佐藤歯科クリニック【3:歯科】茨城県土浦市西根西１－１－１ー２Ｆ" }, "geometry": { "type": "Point", "coordinates": [ 140.151632, 36.045795 ] } },
{ "type": "Feature", "properties": { "ID": 83308591268, "正式名称": "木村歯科医院", "機関区分": 3, "都道府県コード": 8, "市区町村コード": 442, "所在地": "茨城県稲敷郡美浦村土屋１９７９－２１０", "緯度": 35.984444, "経度": 140.2875, "url": "https://www.iryou.teikyouseido.mhlw.go.jp/znk-web/juminkanja/S2430/initialize?prefCd=08&kikanCd=308591268&kikanKbn=3", "url2": null, "内容": "木村歯科医院【3:歯科】茨城県稲敷郡美浦村土屋１９７９－２１０" }, "geometry": { "type": "Point", "coordinates": [ 140.2875, 35.984444 ] } },
{ "type": "Feature", "properties": { "ID": 83308591297, "正式名称": "デンタルクリニック諏訪", "機関区分": 3, "都道府県コード": 8, "市区町村コード": 203, "所在地": "茨城県土浦市真鍋新町１０－２２", "緯度": 36.085833, "経度": 140.211944, "url": "https://www.iryou.teikyouseido.mhlw.go.jp/znk-web/juminkanja/S2430/initialize?prefCd=08&kikanCd=308591297&kikanKbn=3", "url2": null, "内容": "デンタルクリニック諏訪【3:歯科】茨城県土浦市真鍋新町１０－２２" }, "geometry": { "type": "Point", "coordinates": [ 140.211944, 36.085833 ] } },
{ "type": "Feature", "properties": { "ID": 83308591301, "正式名称": "玉里歯科医院", "機関区分": 3, "都道府県コード": 8, "市区町村コード": 236, "所在地": "茨城県小美玉市栗又四ケ１７６８－２７", "緯度": 36.174722, "経度": 140.331944, "url": "https://www.iryou.teikyouseido.mhlw.go.jp/znk-web/juminkanja/S2430/initialize?prefCd=08&kikanCd=308591301&kikanKbn=3", "url2": null, "内容": "玉里歯科医院【3:歯科】茨城県小美玉市栗又四ケ１７６８－２７" }, "geometry": { "type": "Point", "coordinates": [ 140.331944, 36.174722 ] } },
{ "type": "Feature", "properties": { "ID": 83308591314, "正式名称": "今松歯科医院", "機関区分": 3, "都道府県コード": 8, "市区町村コード": 230, "所在地": "茨城県かすみがうら市稲吉４－１０－１８", "緯度": 36.12801, "経度": 140.247564, "url": "https://www.iryou.teikyouseido.mhlw.go.jp/znk-web/juminkanja/S2430/initialize?prefCd=08&kikanCd=308591314&kikanKbn=3", "url2": null, "内容": "今松歯科医院【3:歯科】茨城県かすみがうら市稲吉４－１０－１８" }, "geometry": { "type": "Point", "coordinates": [ 140.247564, 36.12801 ] } },
{ "type": "Feature", "properties": { "ID": 83308591327, "正式名称": "親見歯科医院", "機関区分": 3, "都道府県コード": 8, "市区町村コード": 205, "所在地": "茨城県石岡市鹿の子２－１３－５０", "緯度": 36.199444, "経度": 140.262222, "url": "https://www.iryou.teikyouseido.mhlw.go.jp/znk-web/juminkanja/S2430/initialize?prefCd=08&kikanCd=308591327&kikanKbn=3", "url2": null, "内容": "親見歯科医院【3:歯科】茨城県石岡市鹿の子２－１３－５０" }, "geometry": { "type": "Point", "coordinates": [ 140.262222, 36.199444 ] } },
{ "type": "Feature", "properties": { "ID": 83308591330, "正式名称": "寺島歯科", "機関区分": 3, "都道府県コード": 8, "市区町村コード": 203, "所在地": "茨城県土浦市藤沢１０２２", "緯度": 36.128056, "経度": 140.160556, "url": "https://www.iryou.teikyouseido.mhlw.go.jp/znk-web/juminkanja/S2430/initialize?prefCd=08&kikanCd=308591330&kikanKbn=3", "url2": null, "内容": "寺島歯科【3:歯科】茨城県土浦市藤沢１０２２" }, "geometry": { "type": "Point", "coordinates": [ 140.160556, 36.128056 ] } },
{ "type": "Feature", "properties": { "ID": 83308591356, "正式名称": "まつば歯科医院", "機関区分": 3, "都道府県コード": 8, "市区町村コード": 442, "所在地": "茨城県稲敷郡美浦村木原", "緯度": 36.025296, "経度": 140.288411, "url": "https://www.iryou.teikyouseido.mhlw.go.jp/znk-web/juminkanja/S2430/initialize?prefCd=08&kikanCd=308591356&kikanKbn=3", "url2": "https://www.matsuba-dentalclinic.com", "内容": "まつば歯科医院【3:歯科】茨城県稲敷郡美浦村木原" }, "geometry": { "type": "Point", "coordinates": [ 140.288411, 36.025296 ] } },
{ "type": "Feature", "properties": { "ID": 83308591372, "正式名称": "加藤歯科医院", "機関区分": 3, "都道府県コード": 8, "市区町村コード": 205, "所在地": "茨城県石岡市石岡３１６５－５", "緯度": 36.188333, "経度": 140.290278, "url": "https://www.iryou.teikyouseido.mhlw.go.jp/znk-web/juminkanja/S2430/initialize?prefCd=08&kikanCd=308591372&kikanKbn=3", "url2": null, "内容": "加藤歯科医院【3:歯科】茨城県石岡市石岡３１６５－５" }, "geometry": { "type": "Point", "coordinates": [ 140.290278, 36.188333 ] } },
{ "type": "Feature", "properties": { "ID": 83308591428, "正式名称": "あおば歯科", "機関区分": 3, "都道府県コード": 8, "市区町村コード": 205, "所在地": "茨城県石岡市南台２－６－１", "緯度": 36.180278, "経度": 140.295278, "url": "https://www.iryou.teikyouseido.mhlw.go.jp/znk-web/juminkanja/S2430/initialize?prefCd=08&kikanCd=308591428&kikanKbn=3", "url2": null, "内容": "あおば歯科【3:歯科】茨城県石岡市南台２－６－１" }, "geometry": { "type": "Point", "coordinates": [ 140.295278, 36.180278 ] } },
{ "type": "Feature", "properties": { "ID": 83308591431, "正式名称": "ＫＳデンタルクリニック", "機関区分": 3, "都道府県コード": 8, "市区町村コード": 203, "所在地": "茨城県土浦市田中３－３－２０", "緯度": 36.080556, "経度": 140.188333, "url": "https://www.iryou.teikyouseido.mhlw.go.jp/znk-web/juminkanja/S2430/initialize?prefCd=08&kikanCd=308591431&kikanKbn=3", "url2": "https://www.ks-dentalclinic.site/", "内容": "ＫＳデンタルクリニック【3:歯科】茨城県土浦市田中３－３－２０" }, "geometry": { "type": "Point", "coordinates": [ 140.188333, 36.080556 ] } },
{ "type": "Feature", "properties": { "ID": 83308591444, "正式名称": "あみ中央歯科医院", "機関区分": 3, "都道府県コード": 8, "市区町村コード": 443, "所在地": "茨城県稲敷郡阿見町阿見５１８６－７", "緯度": 36.033333, "経度": 140.206389, "url": "https://www.iryou.teikyouseido.mhlw.go.jp/znk-web/juminkanja/S2430/initialize?prefCd=08&kikanCd=308591444&kikanKbn=3", "url2": null, "内容": "あみ中央歯科医院【3:歯科】茨城県稲敷郡阿見町阿見５１８６－７" }, "geometry": { "type": "Point", "coordinates": [ 140.206389, 36.033333 ] } },
{ "type": "Feature", "properties": { "ID": 83308591460, "正式名称": "堀越歯科医院", "機関区分": 3, "都道府県コード": 8, "市区町村コード": 203, "所在地": "茨城県土浦市桜町４－５－１５", "緯度": 36.075278, "経度": 140.200278, "url": "https://www.iryou.teikyouseido.mhlw.go.jp/znk-web/juminkanja/S2430/initialize?prefCd=08&kikanCd=308591460&kikanKbn=3", "url2": null, "内容": "堀越歯科医院【3:歯科】茨城県土浦市桜町４－５－１５" }, "geometry": { "type": "Point", "coordinates": [ 140.200278, 36.075278 ] } },
{ "type": "Feature", "properties": { "ID": 83308591473, "正式名称": "関口小児歯科医院", "機関区分": 3, "都道府県コード": 8, "市区町村コード": 203, "所在地": "茨城県土浦市乙戸　１００４－４４", "緯度": 36.039654, "経度": 140.14586, "url": "https://www.iryou.teikyouseido.mhlw.go.jp/znk-web/juminkanja/S2430/initialize?prefCd=08&kikanCd=308591473&kikanKbn=3", "url2": null, "内容": "関口小児歯科医院【3:歯科】茨城県土浦市乙戸　１００４－４４" }, "geometry": { "type": "Point", "coordinates": [ 140.14586, 36.039654 ] } },
{ "type": "Feature", "properties": { "ID": 83308591499, "正式名称": "ウララ歯科クリニック", "機関区分": 3, "都道府県コード": 8, "市区町村コード": 203, "所在地": "茨城県土浦市大和町９ー２ウララ２ー２０４", "緯度": 36.074722, "経度": 140.206667, "url": "https://www.iryou.teikyouseido.mhlw.go.jp/znk-web/juminkanja/S2430/initialize?prefCd=08&kikanCd=308591499&kikanKbn=3", "url2": "http://www.urala.com", "内容": "ウララ歯科クリニック【3:歯科】茨城県土浦市大和町９ー２ウララ２ー２０４" }, "geometry": { "type": "Point", "coordinates": [ 140.206667, 36.074722 ] } },
{ "type": "Feature", "properties": { "ID": 83308591503, "正式名称": "ましこ歯科医院", "機関区分": 3, "都道府県コード": 8, "市区町村コード": 203, "所在地": "茨城県土浦市都和１丁目１－３２", "緯度": 36.107409, "経度": 140.196257, "url": "https://www.iryou.teikyouseido.mhlw.go.jp/znk-web/juminkanja/S2430/initialize?prefCd=08&kikanCd=308591503&kikanKbn=3", "url2": "http://www.mashiko-dc.info/", "内容": "ましこ歯科医院【3:歯科】茨城県土浦市都和１丁目１－３２" }, "geometry": { "type": "Point", "coordinates": [ 140.196257, 36.107409 ] } },
{ "type": "Feature", "properties": { "ID": 83308591516, "正式名称": "菊池歯科医院", "機関区分": 3, "都道府県コード": 8, "市区町村コード": 203, "所在地": "茨城県土浦市中高津１－２１－１０", "緯度": 36.064394, "経度": 140.186663, "url": "https://www.iryou.teikyouseido.mhlw.go.jp/znk-web/juminkanja/S2430/initialize?prefCd=08&kikanCd=308591516&kikanKbn=3", "url2": null, "内容": "菊池歯科医院【3:歯科】茨城県土浦市中高津１－２１－１０" }, "geometry": { "type": "Point", "coordinates": [ 140.186663, 36.064394 ] } },
{ "type": "Feature", "properties": { "ID": 83308591532, "正式名称": "ヒロ歯科医院", "機関区分": 3, "都道府県コード": 8, "市区町村コード": 443, "所在地": "茨城県稲敷郡阿見町中央６－２０－２", "緯度": 36.030558, "経度": 140.221364, "url": "https://www.iryou.teikyouseido.mhlw.go.jp/znk-web/juminkanja/S2430/initialize?prefCd=08&kikanCd=308591532&kikanKbn=3", "url2": null, "内容": "ヒロ歯科医院【3:歯科】茨城県稲敷郡阿見町中央６－２０－２" }, "geometry": { "type": "Point", "coordinates": [ 140.221364, 36.030558 ] } },
{ "type": "Feature", "properties": { "ID": 83308591545, "正式名称": "海老原歯科医院", "機関区分": 3, "都道府県コード": 8, "市区町村コード": 203, "所在地": "茨城県土浦市北荒川沖町７−１", "緯度": 36.033333, "経度": 140.170556, "url": "https://www.iryou.teikyouseido.mhlw.go.jp/znk-web/juminkanja/S2430/initialize?prefCd=08&kikanCd=308591545&kikanKbn=3", "url2": null, "内容": "海老原歯科医院【3:歯科】茨城県土浦市北荒川沖町７−１" }, "geometry": { "type": "Point", "coordinates": [ 140.170556, 36.033333 ] } },
{ "type": "Feature", "properties": { "ID": 83308591558, "正式名称": "ひかり歯科医院", "機関区分": 3, "都道府県コード": 8, "市区町村コード": 230, "所在地": "茨城県かすみがうら市下稲吉４００２−４", "緯度": 36.1175, "経度": 140.255833, "url": "https://www.iryou.teikyouseido.mhlw.go.jp/znk-web/juminkanja/S2430/initialize?prefCd=08&kikanCd=308591558&kikanKbn=3", "url2": null, "内容": "ひかり歯科医院【3:歯科】茨城県かすみがうら市下稲吉４００２−４" }, "geometry": { "type": "Point", "coordinates": [ 140.255833, 36.1175 ] } },
{ "type": "Feature", "properties": { "ID": 83308591561, "正式名称": "医療法人紫水会　ごとう歯科クリニック", "機関区分": 3, "都道府県コード": 8, "市区町村コード": 203, "所在地": "茨城県土浦市並木１－１２－３４", "緯度": 36.101667, "経度": 140.195556, "url": "https://www.iryou.teikyouseido.mhlw.go.jp/znk-web/juminkanja/S2430/initialize?prefCd=08&kikanCd=308591561&kikanKbn=3", "url2": null, "内容": "医療法人紫水会　ごとう歯科クリニック【3:歯科】茨城県土浦市並木１－１２－３４" }, "geometry": { "type": "Point", "coordinates": [ 140.195556, 36.101667 ] } },
{ "type": "Feature", "properties": { "ID": 83308591620, "正式名称": "ぬまじり歯科", "機関区分": 3, "都道府県コード": 8, "市区町村コード": 443, "所在地": "茨城県稲敷郡阿見町鈴木５９－５５", "緯度": 36.020556, "経度": 140.205833, "url": "https://www.iryou.teikyouseido.mhlw.go.jp/znk-web/juminkanja/S2430/initialize?prefCd=08&kikanCd=308591620&kikanKbn=3", "url2": null, "内容": "ぬまじり歯科【3:歯科】茨城県稲敷郡阿見町鈴木５９－５５" }, "geometry": { "type": "Point", "coordinates": [ 140.205833, 36.020556 ] } },
{ "type": "Feature", "properties": { "ID": 83308591662, "正式名称": "大久保歯科クリニック", "機関区分": 3, "都道府県コード": 8, "市区町村コード": 443, "所在地": "茨城県稲敷郡阿見町阿見２６４４－１", "緯度": 36.036944, "経度": 140.206389, "url": "https://www.iryou.teikyouseido.mhlw.go.jp/znk-web/juminkanja/S2430/initialize?prefCd=08&kikanCd=308591662&kikanKbn=3", "url2": "http://www.citydo.com/prf/ibaraki/guide/sg/170001338.html", "内容": "大久保歯科クリニック【3:歯科】茨城県稲敷郡阿見町阿見２６４４－１" }, "geometry": { "type": "Point", "coordinates": [ 140.206389, 36.036944 ] } },
{ "type": "Feature", "properties": { "ID": 83308591675, "正式名称": "ナカジマ矯正歯科クリニック", "機関区分": 3, "都道府県コード": 8, "市区町村コード": 203, "所在地": "茨城県土浦市港町２－１－１３", "緯度": 36.073889, "経度": 140.213611, "url": "https://www.iryou.teikyouseido.mhlw.go.jp/znk-web/juminkanja/S2430/initialize?prefCd=08&kikanCd=308591675&kikanKbn=3", "url2": "http://www.nakajimakyousei.com/", "内容": "ナカジマ矯正歯科クリニック【3:歯科】茨城県土浦市港町２－１－１３" }, "geometry": { "type": "Point", "coordinates": [ 140.213611, 36.073889 ] } },
{ "type": "Feature", "properties": { "ID": 83308591691, "正式名称": "神立中央歯科医院", "機関区分": 3, "都道府県コード": 8, "市区町村コード": 203, "所在地": "茨城県土浦市神立中央３－１９－３３", "緯度": 36.118333, "経度": 140.238889, "url": "https://www.iryou.teikyouseido.mhlw.go.jp/znk-web/juminkanja/S2430/initialize?prefCd=08&kikanCd=308591691&kikanKbn=3", "url2": "https://itp.ne.jp/info/084465651100000899/", "内容": "神立中央歯科医院【3:歯科】茨城県土浦市神立中央３－１９－３３" }, "geometry": { "type": "Point", "coordinates": [ 140.238889, 36.118333 ] } },
{ "type": "Feature", "properties": { "ID": 83308591718, "正式名称": "伊藤歯科医院", "機関区分": 3, "都道府県コード": 8, "市区町村コード": 203, "所在地": "茨城県土浦市乙戸９２１ー１", "緯度": 36.033333, "経度": 140.155556, "url": "https://www.iryou.teikyouseido.mhlw.go.jp/znk-web/juminkanja/S2430/initialize?prefCd=08&kikanCd=308591718&kikanKbn=3", "url2": null, "内容": "伊藤歯科医院【3:歯科】茨城県土浦市乙戸９２１ー１" }, "geometry": { "type": "Point", "coordinates": [ 140.155556, 36.033333 ] } },
{ "type": "Feature", "properties": { "ID": 83308591747, "正式名称": "福島歯科医院", "機関区分": 3, "都道府県コード": 8, "市区町村コード": 203, "所在地": "茨城県土浦市富士崎１－１２－６", "緯度": 36.068889, "経度": 140.201667, "url": "https://www.iryou.teikyouseido.mhlw.go.jp/znk-web/juminkanja/S2430/initialize?prefCd=08&kikanCd=308591747&kikanKbn=3", "url2": null, "内容": "福島歯科医院【3:歯科】茨城県土浦市富士崎１－１２－６" }, "geometry": { "type": "Point", "coordinates": [ 140.201667, 36.068889 ] } },
{ "type": "Feature", "properties": { "ID": 83308591789, "正式名称": "柴沼歯科", "機関区分": 3, "都道府県コード": 8, "市区町村コード": 203, "所在地": "茨城県土浦市佐野子１２２０－１", "緯度": 36.085833, "経度": 140.183889, "url": "https://www.iryou.teikyouseido.mhlw.go.jp/znk-web/juminkanja/S2430/initialize?prefCd=08&kikanCd=308591789&kikanKbn=3", "url2": "https://www.shibanuma-dental.com/", "内容": "柴沼歯科【3:歯科】茨城県土浦市佐野子１２２０－１" }, "geometry": { "type": "Point", "coordinates": [ 140.183889, 36.085833 ] } },
{ "type": "Feature", "properties": { "ID": 83308591806, "正式名称": "秋吉歯科医院", "機関区分": 3, "都道府県コード": 8, "市区町村コード": 443, "所在地": "茨城県稲敷郡阿見町荒川本郷２３９５－１", "緯度": 36.027511, "経度": 140.185161, "url": "https://www.iryou.teikyouseido.mhlw.go.jp/znk-web/juminkanja/S2430/initialize?prefCd=08&kikanCd=308591806&kikanKbn=3", "url2": null, "内容": "秋吉歯科医院【3:歯科】茨城県稲敷郡阿見町荒川本郷２３９５－１" }, "geometry": { "type": "Point", "coordinates": [ 140.185161, 36.027511 ] } },
{ "type": "Feature", "properties": { "ID": 83308591822, "正式名称": "さくら歯科クリニック", "機関区分": 3, "都道府県コード": 8, "市区町村コード": 203, "所在地": "茨城県土浦市小岩田東１－３－２１", "緯度": 36.057222, "経度": 140.204444, "url": "https://www.iryou.teikyouseido.mhlw.go.jp/znk-web/juminkanja/S2430/initialize?prefCd=08&kikanCd=308591822&kikanKbn=3", "url2": "http://www.sakura-dent.net/", "内容": "さくら歯科クリニック【3:歯科】茨城県土浦市小岩田東１－３－２１" }, "geometry": { "type": "Point", "coordinates": [ 140.204444, 36.057222 ] } },
{ "type": "Feature", "properties": { "ID": 83308591835, "正式名称": "かわはら歯科医院", "機関区分": 3, "都道府県コード": 8, "市区町村コード": 443, "所在地": "茨城県稲敷郡阿見町岡崎１－２９－２０", "緯度": 36.036389, "経度": 140.225278, "url": "https://www.iryou.teikyouseido.mhlw.go.jp/znk-web/juminkanja/S2430/initialize?prefCd=08&kikanCd=308591835&kikanKbn=3", "url2": null, "内容": "かわはら歯科医院【3:歯科】茨城県稲敷郡阿見町岡崎１－２９－２０" }, "geometry": { "type": "Point", "coordinates": [ 140.225278, 36.036389 ] } },
{ "type": "Feature", "properties": { "ID": 83308591848, "正式名称": "永林堂歯科医院", "機関区分": 3, "都道府県コード": 8, "市区町村コード": 443, "所在地": "茨城県稲敷郡阿見町鈴木２－８９", "緯度": 36.019722, "経度": 140.222778, "url": "https://www.iryou.teikyouseido.mhlw.go.jp/znk-web/juminkanja/S2430/initialize?prefCd=08&kikanCd=308591848&kikanKbn=3", "url2": "http://ryoshikai.jp/", "内容": "永林堂歯科医院【3:歯科】茨城県稲敷郡阿見町鈴木２－８９" }, "geometry": { "type": "Point", "coordinates": [ 140.222778, 36.019722 ] } },
{ "type": "Feature", "properties": { "ID": 83308591851, "正式名称": "医療法人はなわ会　荒川歯科医院", "機関区分": 3, "都道府県コード": 8, "市区町村コード": 230, "所在地": "茨城県かすみがうら市下稲吉２６３３－８８", "緯度": 36.120278, "経度": 140.234722, "url": "https://www.iryou.teikyouseido.mhlw.go.jp/znk-web/juminkanja/S2430/initialize?prefCd=08&kikanCd=308591851&kikanKbn=3", "url2": "http://www.arakawa-dc.com/pc/", "内容": "医療法人はなわ会　荒川歯科医院【3:歯科】茨城県かすみがうら市下稲吉２６３３－８８" }, "geometry": { "type": "Point", "coordinates": [ 140.234722, 36.120278 ] } },
{ "type": "Feature", "properties": { "ID": 83308591864, "正式名称": "ひたち野うしく歯科医院", "機関区分": 3, "都道府県コード": 8, "市区町村コード": 443, "所在地": "茨城県稲敷郡阿見町荒川本郷１７９－１１", "緯度": 36.012733, "経度": 140.161925, "url": "https://www.iryou.teikyouseido.mhlw.go.jp/znk-web/juminkanja/S2430/initialize?prefCd=08&kikanCd=308591864&kikanKbn=3", "url2": "http://www.hitachinoushiku-shika.jp/", "内容": "ひたち野うしく歯科医院【3:歯科】茨城県稲敷郡阿見町荒川本郷１７９－１１" }, "geometry": { "type": "Point", "coordinates": [ 140.161925, 36.012733 ] } },
{ "type": "Feature", "properties": { "ID": 83308591893, "正式名称": "医療法人たかぎ歯科", "機関区分": 3, "都道府県コード": 8, "市区町村コード": 203, "所在地": "茨城県土浦市国分町４－１５", "緯度": 36.064444, "経度": 140.194167, "url": "https://www.iryou.teikyouseido.mhlw.go.jp/znk-web/juminkanja/S2430/initialize?prefCd=08&kikanCd=308591893&kikanKbn=3", "url2": "http://takagidentalclinic.com/index.html", "内容": "医療法人たかぎ歯科【3:歯科】茨城県土浦市国分町４－１５" }, "geometry": { "type": "Point", "coordinates": [ 140.194167, 36.064444 ] } },
{ "type": "Feature", "properties": { "ID": 83308591907, "正式名称": "あしか歯科クリニック", "機関区分": 3, "都道府県コード": 8, "市区町村コード": 230, "所在地": "茨城県かすみがうら市稲吉４－２－２", "緯度": 36.127452, "経度": 140.243452, "url": "https://www.iryou.teikyouseido.mhlw.go.jp/znk-web/juminkanja/S2430/initialize?prefCd=08&kikanCd=308591907&kikanKbn=3", "url2": "https://www.ashikashika.com", "内容": "あしか歯科クリニック【3:歯科】茨城県かすみがうら市稲吉４－２－２" }, "geometry": { "type": "Point", "coordinates": [ 140.243452, 36.127452 ] } },
{ "type": "Feature", "properties": { "ID": 83308591910, "正式名称": "さくらい歯科医院", "機関区分": 3, "都道府県コード": 8, "市区町村コード": 203, "所在地": "茨城県土浦市木田余東台３−９−３０", "緯度": 36.104444, "経度": 140.220556, "url": "https://www.iryou.teikyouseido.mhlw.go.jp/znk-web/juminkanja/S2430/initialize?prefCd=08&kikanCd=308591910&kikanKbn=3", "url2": null, "内容": "さくらい歯科医院【3:歯科】茨城県土浦市木田余東台３−９−３０" }, "geometry": { "type": "Point", "coordinates": [ 140.220556, 36.104444 ] } },
{ "type": "Feature", "properties": { "ID": 83308591923, "正式名称": "ひさみつ歯科医院", "機関区分": 3, "都道府県コード": 8, "市区町村コード": 203, "所在地": "茨城県土浦市荒川沖東２－６－１１", "緯度": 36.0275, "経度": 140.171389, "url": "https://www.iryou.teikyouseido.mhlw.go.jp/znk-web/juminkanja/S2430/initialize?prefCd=08&kikanCd=308591923&kikanKbn=3", "url2": null, "内容": "ひさみつ歯科医院【3:歯科】茨城県土浦市荒川沖東２－６－１１" }, "geometry": { "type": "Point", "coordinates": [ 140.171389, 36.0275 ] } },
{ "type": "Feature", "properties": { "ID": 83308591965, "正式名称": "ながい歯科クリニック", "機関区分": 3, "都道府県コード": 8, "市区町村コード": 203, "所在地": "茨城県土浦市大町４－１３", "緯度": 36.074722, "経度": 140.195556, "url": "https://www.iryou.teikyouseido.mhlw.go.jp/znk-web/juminkanja/S2430/initialize?prefCd=08&kikanCd=308591965&kikanKbn=3", "url2": "http://www.medicalmall.jp/hp/660", "内容": "ながい歯科クリニック【3:歯科】茨城県土浦市大町４－１３" }, "geometry": { "type": "Point", "coordinates": [ 140.195556, 36.074722 ] } },
{ "type": "Feature", "properties": { "ID": 83308591981, "正式名称": "つるや歯科", "機関区分": 3, "都道府県コード": 8, "市区町村コード": 443, "所在地": "茨城県稲敷郡阿見町中郷２丁目１６番３", "緯度": 36.033333, "経度": 140.216111, "url": "https://www.iryou.teikyouseido.mhlw.go.jp/znk-web/juminkanja/S2430/initialize?prefCd=08&kikanCd=308591981&kikanKbn=3", "url2": null, "内容": "つるや歯科【3:歯科】茨城県稲敷郡阿見町中郷２丁目１６番３" }, "geometry": { "type": "Point", "coordinates": [ 140.216111, 36.033333 ] } },
{ "type": "Feature", "properties": { "ID": 83308592005, "正式名称": "ファミリー歯科診療所　つくば予防インプラントセンター", "機関区分": 3, "都道府県コード": 8, "市区町村コード": 443, "所在地": "茨城県稲敷郡阿見町うずら野", "緯度": 36.031305, "経度": 140.173926, "url": "https://www.iryou.teikyouseido.mhlw.go.jp/znk-web/juminkanja/S2430/initialize?prefCd=08&kikanCd=308592005&kikanKbn=3", "url2": "http://www.ibaraki-implant.com/", "内容": "ファミリー歯科診療所　つくば予防インプラントセンター【3:歯科】茨城県稲敷郡阿見町うずら野" }, "geometry": { "type": "Point", "coordinates": [ 140.173926, 36.031305 ] } },
{ "type": "Feature", "properties": { "ID": 83308592018, "正式名称": "加茂歯科医院", "機関区分": 3, "都道府県コード": 8, "市区町村コード": 203, "所在地": "茨城県土浦市永国８７９－６", "緯度": 36.06213, "経度": 140.18138, "url": "https://www.iryou.teikyouseido.mhlw.go.jp/znk-web/juminkanja/S2430/initialize?prefCd=08&kikanCd=308592018&kikanKbn=3", "url2": null, "内容": "加茂歯科医院【3:歯科】茨城県土浦市永国８７９－６" }, "geometry": { "type": "Point", "coordinates": [ 140.18138, 36.06213 ] } },
{ "type": "Feature", "properties": { "ID": 83308592047, "正式名称": "福田歯科医院", "機関区分": 3, "都道府県コード": 8, "市区町村コード": 205, "所在地": "茨城県石岡市高浜８２５－１５", "緯度": 36.1875, "経度": 140.290556, "url": "https://www.iryou.teikyouseido.mhlw.go.jp/znk-web/juminkanja/S2430/initialize?prefCd=08&kikanCd=308592047&kikanKbn=3", "url2": null, "内容": "福田歯科医院【3:歯科】茨城県石岡市高浜８２５－１５" }, "geometry": { "type": "Point", "coordinates": [ 140.290556, 36.1875 ] } },
{ "type": "Feature", "properties": { "ID": 83308592050, "正式名称": "医療法人社団康寧会すこやか歯科", "機関区分": 3, "都道府県コード": 8, "市区町村コード": 203, "所在地": "茨城県土浦市中高津１－１０－３４", "緯度": 36.065833, "経度": 140.188889, "url": "https://www.iryou.teikyouseido.mhlw.go.jp/znk-web/juminkanja/S2430/initialize?prefCd=08&kikanCd=308592050&kikanKbn=3", "url2": "http://www.koneikai.com/map_sukoyaka.html", "内容": "医療法人社団康寧会すこやか歯科【3:歯科】茨城県土浦市中高津１－１０－３４" }, "geometry": { "type": "Point", "coordinates": [ 140.188889, 36.065833 ] } },
{ "type": "Feature", "properties": { "ID": 83308592063, "正式名称": "小松崎歯科医院", "機関区分": 3, "都道府県コード": 8, "市区町村コード": 205, "所在地": "茨城県石岡市府中１－１０－２１", "緯度": 36.19, "経度": 140.278056, "url": "https://www.iryou.teikyouseido.mhlw.go.jp/znk-web/juminkanja/S2430/initialize?prefCd=08&kikanCd=308592063&kikanKbn=3", "url2": null, "内容": "小松崎歯科医院【3:歯科】茨城県石岡市府中１－１０－２１" }, "geometry": { "type": "Point", "coordinates": [ 140.278056, 36.19 ] } },
{ "type": "Feature", "properties": { "ID": 83308592076, "正式名称": "のぎ歯科", "機関区分": 3, "都道府県コード": 8, "市区町村コード": 203, "所在地": "茨城県土浦市中村南１−１−１６", "緯度": 36.041389, "経度": 140.169444, "url": "https://www.iryou.teikyouseido.mhlw.go.jp/znk-web/juminkanja/S2430/initialize?prefCd=08&kikanCd=308592076&kikanKbn=3", "url2": null, "内容": "のぎ歯科【3:歯科】茨城県土浦市中村南１−１−１６" }, "geometry": { "type": "Point", "coordinates": [ 140.169444, 36.041389 ] } },
{ "type": "Feature", "properties": { "ID": 83308592089, "正式名称": "医療法人神立デンタルクリニック", "機関区分": 3, "都道府県コード": 8, "市区町村コード": 203, "所在地": "茨城県土浦市神立町６８２－４５", "緯度": 36.100278, "経度": 140.233611, "url": "https://www.iryou.teikyouseido.mhlw.go.jp/znk-web/juminkanja/S2430/initialize?prefCd=08&kikanCd=308592089&kikanKbn=3", "url2": null, "内容": "医療法人神立デンタルクリニック【3:歯科】茨城県土浦市神立町６８２－４５" }, "geometry": { "type": "Point", "coordinates": [ 140.233611, 36.100278 ] } },
{ "type": "Feature", "properties": { "ID": 83308592106, "正式名称": "わかまつ歯科", "機関区分": 3, "都道府県コード": 8, "市区町村コード": 205, "所在地": "茨城県石岡市若松２－１－５３", "緯度": 36.195833, "経度": 140.269722, "url": "https://www.iryou.teikyouseido.mhlw.go.jp/znk-web/juminkanja/S2430/initialize?prefCd=08&kikanCd=308592106&kikanKbn=3", "url2": "http://www.wakamatsu-dc.com/", "内容": "わかまつ歯科【3:歯科】茨城県石岡市若松２－１－５３" }, "geometry": { "type": "Point", "coordinates": [ 140.269722, 36.195833 ] } },
{ "type": "Feature", "properties": { "ID": 83308592122, "正式名称": "みらい歯科医院", "機関区分": 3, "都道府県コード": 8, "市区町村コード": 203, "所在地": "茨城県土浦市桜町３−１４−１８さくらメディカルビル３階", "緯度": 36.079196, "経度": 140.198879, "url": "https://www.iryou.teikyouseido.mhlw.go.jp/znk-web/juminkanja/S2430/initialize?prefCd=08&kikanCd=308592122&kikanKbn=3", "url2": null, "内容": "みらい歯科医院【3:歯科】茨城県土浦市桜町３−１４−１８さくらメディカルビル３階" }, "geometry": { "type": "Point", "coordinates": [ 140.198879, 36.079196 ] } },
{ "type": "Feature", "properties": { "ID": 83308592135, "正式名称": "ピアシティ歯科クリニック", "機関区分": 3, "都道府県コード": 8, "市区町村コード": 443, "所在地": "茨城県稲敷郡阿見町本郷３丁目１－１", "緯度": 36.018611, "経度": 140.180833, "url": "https://www.iryou.teikyouseido.mhlw.go.jp/znk-web/juminkanja/S2430/initialize?prefCd=08&kikanCd=308592135&kikanKbn=3", "url2": "http://www.pcdc-8282.com", "内容": "ピアシティ歯科クリニック【3:歯科】茨城県稲敷郡阿見町本郷３丁目１－１" }, "geometry": { "type": "Point", "coordinates": [ 140.180833, 36.018611 ] } },
{ "type": "Feature", "properties": { "ID": 83308592177, "正式名称": "髙田歯科クリニック", "機関区分": 3, "都道府県コード": 8, "市区町村コード": 203, "所在地": "茨城県土浦市国分町７ー５３ー１２", "緯度": 36.0625, "経度": 140.193056, "url": "https://www.iryou.teikyouseido.mhlw.go.jp/znk-web/juminkanja/S2430/initialize?prefCd=08&kikanCd=308592177&kikanKbn=3", "url2": null, "内容": "髙田歯科クリニック【3:歯科】茨城県土浦市国分町７ー５３ー１２" }, "geometry": { "type": "Point", "coordinates": [ 140.193056, 36.0625 ] } },
{ "type": "Feature", "properties": { "ID": 83308592180, "正式名称": "つくばオーラルケアクリニック", "機関区分": 3, "都道府県コード": 8, "市区町村コード": 203, "所在地": "茨城県土浦市荒川沖東２－１６　アライテナントＡ１０１", "緯度": 36.018333, "経度": 140.171944, "url": "https://www.iryou.teikyouseido.mhlw.go.jp/znk-web/juminkanja/S2430/initialize?prefCd=08&kikanCd=308592180&kikanKbn=3", "url2": "https://tsukuba-occ.com/", "内容": "つくばオーラルケアクリニック【3:歯科】茨城県土浦市荒川沖東２－１６　アライテナントＡ１０１" }, "geometry": { "type": "Point", "coordinates": [ 140.171944, 36.018333 ] } },
{ "type": "Feature", "properties": { "ID": 83308592193, "正式名称": "植田歯科", "機関区分": 3, "都道府県コード": 8, "市区町村コード": 203, "所在地": "茨城県土浦市桜町３－８－１３", "緯度": 36.0801559, "経度": 140.2013385, "url": "https://www.iryou.teikyouseido.mhlw.go.jp/znk-web/juminkanja/S2430/initialize?prefCd=08&kikanCd=308592193&kikanKbn=3", "url2": null, "内容": "植田歯科【3:歯科】茨城県土浦市桜町３－８－１３" }, "geometry": { "type": "Point", "coordinates": [ 140.2013385, 36.0801559 ] } },
{ "type": "Feature", "properties": { "ID": 83308592207, "正式名称": "宇野歯科医院", "機関区分": 3, "都道府県コード": 8, "市区町村コード": 230, "所在地": "茨城県かすみがうら市下稲吉１６６５－１", "緯度": 36.138001, "経度": 140.233553, "url": "https://www.iryou.teikyouseido.mhlw.go.jp/znk-web/juminkanja/S2430/initialize?prefCd=08&kikanCd=308592207&kikanKbn=3", "url2": null, "内容": "宇野歯科医院【3:歯科】茨城県かすみがうら市下稲吉１６６５－１" }, "geometry": { "type": "Point", "coordinates": [ 140.233553, 36.138001 ] } },
{ "type": "Feature", "properties": { "ID": 83308592223, "正式名称": "本郷歯科医院", "機関区分": 3, "都道府県コード": 8, "市区町村コード": 443, "所在地": "茨城県稲敷郡阿見町うずら野２－２１－２４", "緯度": 36.032222, "経度": 140.183889, "url": "https://www.iryou.teikyouseido.mhlw.go.jp/znk-web/juminkanja/S2430/initialize?prefCd=08&kikanCd=308592223&kikanKbn=3", "url2": null, "内容": "本郷歯科医院【3:歯科】茨城県稲敷郡阿見町うずら野２－２１－２４" }, "geometry": { "type": "Point", "coordinates": [ 140.183889, 36.032222 ] } },
{ "type": "Feature", "properties": { "ID": 83308592236, "正式名称": "幸デンタルクリニック", "機関区分": 3, "都道府県コード": 8, "市区町村コード": 203, "所在地": "茨城県土浦市沢辺１９２５－３", "緯度": 36.138333, "経度": 140.160833, "url": "https://www.iryou.teikyouseido.mhlw.go.jp/znk-web/juminkanja/S2430/initialize?prefCd=08&kikanCd=308592236&kikanKbn=3", "url2": "https://www.kenkoukai-sachidental.com/", "内容": "幸デンタルクリニック【3:歯科】茨城県土浦市沢辺１９２５－３" }, "geometry": { "type": "Point", "coordinates": [ 140.160833, 36.138333 ] } },
{ "type": "Feature", "properties": { "ID": 83308592249, "正式名称": "医療法人社団秀悠会ルークス歯科口腔外科クリニック", "機関区分": 3, "都道府県コード": 8, "市区町村コード": 203, "所在地": "茨城県土浦市桜町３－１－３　２Ｆ", "緯度": 36.074722, "経度": 140.203889, "url": "https://www.iryou.teikyouseido.mhlw.go.jp/znk-web/juminkanja/S2430/initialize?prefCd=08&kikanCd=308592249&kikanKbn=3", "url2": "http://lukesdentalclinic.info/info.html", "内容": "医療法人社団秀悠会ルークス歯科口腔外科クリニック【3:歯科】茨城県土浦市桜町３－１－３　２Ｆ" }, "geometry": { "type": "Point", "coordinates": [ 140.203889, 36.074722 ] } },
{ "type": "Feature", "properties": { "ID": 83308592278, "正式名称": "なごみ歯科医院", "機関区分": 3, "都道府県コード": 8, "市区町村コード": 442, "所在地": "茨城県稲敷郡美浦村大谷４８６－１", "緯度": 35.996507, "経度": 140.316336, "url": "https://www.iryou.teikyouseido.mhlw.go.jp/znk-web/juminkanja/S2430/initialize?prefCd=08&kikanCd=308592278&kikanKbn=3", "url2": "nagomidental.jp", "内容": "なごみ歯科医院【3:歯科】茨城県稲敷郡美浦村大谷４８６－１" }, "geometry": { "type": "Point", "coordinates": [ 140.316336, 35.996507 ] } },
{ "type": "Feature", "properties": { "ID": 83308592308, "正式名称": "はぎわら歯科クリニック", "機関区分": 3, "都道府県コード": 8, "市区町村コード": 205, "所在地": "茨城県石岡市行里川２７－８", "緯度": 36.204167, "経度": 140.292778, "url": "https://www.iryou.teikyouseido.mhlw.go.jp/znk-web/juminkanja/S2430/initialize?prefCd=08&kikanCd=308592308&kikanKbn=3", "url2": "http://hagiwaradc.jp", "内容": "はぎわら歯科クリニック【3:歯科】茨城県石岡市行里川２７－８" }, "geometry": { "type": "Point", "coordinates": [ 140.292778, 36.204167 ] } },
{ "type": "Feature", "properties": { "ID": 83308592340, "正式名称": "ちゃぞの歯科医院", "機関区分": 3, "都道府県コード": 8, "市区町村コード": 203, "所在地": "茨城県土浦市神立中央５－１１－７", "緯度": 36.116944, "経度": 140.233056, "url": "https://www.iryou.teikyouseido.mhlw.go.jp/znk-web/juminkanja/S2430/initialize?prefCd=08&kikanCd=308592340&kikanKbn=3", "url2": null, "内容": "ちゃぞの歯科医院【3:歯科】茨城県土浦市神立中央５－１１－７" }, "geometry": { "type": "Point", "coordinates": [ 140.233056, 36.116944 ] } },
{ "type": "Feature", "properties": { "ID": 83308592353, "正式名称": "塚本デンタルクリニック", "機関区分": 3, "都道府県コード": 8, "市区町村コード": 443, "所在地": "茨城県稲敷郡阿見町本郷２−３−３", "緯度": 36.025055, "経度": 140.17416, "url": "https://www.iryou.teikyouseido.mhlw.go.jp/znk-web/juminkanja/S2430/initialize?prefCd=08&kikanCd=308592353&kikanKbn=3", "url2": null, "内容": "塚本デンタルクリニック【3:歯科】茨城県稲敷郡阿見町本郷２−３−３" }, "geometry": { "type": "Point", "coordinates": [ 140.17416, 36.025055 ] } },
{ "type": "Feature", "properties": { "ID": 83308592366, "正式名称": "石岡矯正歯科・小児歯科", "機関区分": 3, "都道府県コード": 8, "市区町村コード": 205, "所在地": "茨城県石岡市石岡２－６－２８", "緯度": 36.182778, "経度": 140.293056, "url": "https://www.iryou.teikyouseido.mhlw.go.jp/znk-web/juminkanja/S2430/initialize?prefCd=08&kikanCd=308592366&kikanKbn=3", "url2": "http://www.ishiokadental.com/", "内容": "石岡矯正歯科・小児歯科【3:歯科】茨城県石岡市石岡２－６－２８" }, "geometry": { "type": "Point", "coordinates": [ 140.293056, 36.182778 ] } },
{ "type": "Feature", "properties": { "ID": 83308592379, "正式名称": "Ｔ＇ｓデンタルクリニック", "機関区分": 3, "都道府県コード": 8, "市区町村コード": 443, "所在地": "茨城県稲敷郡阿見町荒川本郷２２９－１４", "緯度": 36.023872, "経度": 140.1685, "url": "https://www.iryou.teikyouseido.mhlw.go.jp/znk-web/juminkanja/S2430/initialize?prefCd=08&kikanCd=308592379&kikanKbn=3", "url2": null, "内容": "Ｔ＇ｓデンタルクリニック【3:歯科】茨城県稲敷郡阿見町荒川本郷２２９－１４" }, "geometry": { "type": "Point", "coordinates": [ 140.1685, 36.023872 ] } },
{ "type": "Feature", "properties": { "ID": 83308592395, "正式名称": "タキタデンタルクリニック", "機関区分": 3, "都道府県コード": 8, "市区町村コード": 205, "所在地": "茨城県石岡市府中２－３－２５", "緯度": 36.1932442, "経度": 140.2720202, "url": "https://www.iryou.teikyouseido.mhlw.go.jp/znk-web/juminkanja/S2430/initialize?prefCd=08&kikanCd=308592395&kikanKbn=3", "url2": "http://takitadental.com/", "内容": "タキタデンタルクリニック【3:歯科】茨城県石岡市府中２－３－２５" }, "geometry": { "type": "Point", "coordinates": [ 140.272020199999986, 36.1932442 ] } },
{ "type": "Feature", "properties": { "ID": 83308592409, "正式名称": "（公社）茨城県歯科医師会　口腔センター土浦", "機関区分": 3, "都道府県コード": 8, "市区町村コード": 203, "所在地": "茨城県土浦市下高津２‐７‐４７", "緯度": 36.068056, "経度": 140.193889, "url": "https://www.iryou.teikyouseido.mhlw.go.jp/znk-web/juminkanja/S2430/initialize?prefCd=08&kikanCd=308592409&kikanKbn=3", "url2": "http://www.ibasikai.or.jp/", "内容": "（公社）茨城県歯科医師会　口腔センター土浦【3:歯科】茨城県土浦市下高津２‐７‐４７" }, "geometry": { "type": "Point", "coordinates": [ 140.193889, 36.068056 ] } },
{ "type": "Feature", "properties": { "ID": 83308592425, "正式名称": "深谷歯科医院", "機関区分": 3, "都道府県コード": 8, "市区町村コード": 203, "所在地": "茨城県土浦市神立東１－４２３７－７７", "緯度": 36.115278, "経度": 140.252778, "url": "https://www.iryou.teikyouseido.mhlw.go.jp/znk-web/juminkanja/S2430/initialize?prefCd=08&kikanCd=308592425&kikanKbn=3", "url2": null, "内容": "深谷歯科医院【3:歯科】茨城県土浦市神立東１－４２３７－７７" }, "geometry": { "type": "Point", "coordinates": [ 140.252778, 36.115278 ] } },
{ "type": "Feature", "properties": { "ID": 83308592438, "正式名称": "土浦やまぐち歯科クリニック", "機関区分": 3, "都道府県コード": 8, "市区町村コード": 203, "所在地": "茨城県土浦市文京町１４－１８", "緯度": 36.087118, "経度": 140.193526, "url": "https://www.iryou.teikyouseido.mhlw.go.jp/znk-web/juminkanja/S2430/initialize?prefCd=08&kikanCd=308592438&kikanKbn=3", "url2": "https://t-yamaguchishika.com/", "内容": "土浦やまぐち歯科クリニック【3:歯科】茨城県土浦市文京町１４－１８" }, "geometry": { "type": "Point", "coordinates": [ 140.193526, 36.087118 ] } },
{ "type": "Feature", "properties": { "ID": 83308592441, "正式名称": "おおつ野ねもと歯科医院", "機関区分": 3, "都道府県コード": 8, "市区町村コード": 203, "所在地": "茨城県土浦市おおつ野２－２－５", "緯度": 36.0875861, "経度": 140.2567362, "url": "https://www.iryou.teikyouseido.mhlw.go.jp/znk-web/juminkanja/S2430/initialize?prefCd=08&kikanCd=308592441&kikanKbn=3", "url2": null, "内容": "おおつ野ねもと歯科医院【3:歯科】茨城県土浦市おおつ野２－２－５" }, "geometry": { "type": "Point", "coordinates": [ 140.2567362, 36.0875861 ] } },
{ "type": "Feature", "properties": { "ID": 83308592467, "正式名称": "千束町　歯のクリニック", "機関区分": 3, "都道府県コード": 8, "市区町村コード": 203, "所在地": "茨城県土浦市千束町１－１", "緯度": 36.0820363, "経度": 140.1930039, "url": "https://www.iryou.teikyouseido.mhlw.go.jp/znk-web/juminkanja/S2430/initialize?prefCd=08&kikanCd=308592467&kikanKbn=3", "url2": null, "内容": "千束町　歯のクリニック【3:歯科】茨城県土浦市千束町１－１" }, "geometry": { "type": "Point", "coordinates": [ 140.1930039, 36.0820363 ] } },
{ "type": "Feature", "properties": { "ID": 83308592470, "正式名称": "なかにし歯科", "機関区分": 3, "都道府県コード": 8, "市区町村コード": 203, "所在地": "茨城県土浦市真鍋新町１８－１３", "緯度": 36.09288, "経度": 140.20862, "url": "https://www.iryou.teikyouseido.mhlw.go.jp/znk-web/juminkanja/S2430/initialize?prefCd=08&kikanCd=308592470&kikanKbn=3", "url2": "https://nakanishi.dental-net.jp/", "内容": "なかにし歯科【3:歯科】茨城県土浦市真鍋新町１８－１３" }, "geometry": { "type": "Point", "coordinates": [ 140.20862, 36.09288 ] } },
{ "type": "Feature", "properties": { "ID": 83308592483, "正式名称": "えだ歯科医院", "機関区分": 3, "都道府県コード": 8, "市区町村コード": 205, "所在地": "茨城県石岡市柿岡１８６０－４", "緯度": 36.236944, "経度": 140.1925, "url": "https://www.iryou.teikyouseido.mhlw.go.jp/znk-web/juminkanja/S2430/initialize?prefCd=08&kikanCd=308592483&kikanKbn=3", "url2": "https://eda-clinic.jp/", "内容": "えだ歯科医院【3:歯科】茨城県石岡市柿岡１８６０－４" }, "geometry": { "type": "Point", "coordinates": [ 140.1925, 36.236944 ] } },
{ "type": "Feature", "properties": { "ID": 83308592496, "正式名称": "医療法人社団広誠会　田口高広歯科", "機関区分": 3, "都道府県コード": 8, "市区町村コード": 203, "所在地": "茨城県土浦市大和町５－５", "緯度": 36.0794204, "経度": 140.2038684, "url": "https://www.iryou.teikyouseido.mhlw.go.jp/znk-web/juminkanja/S2430/initialize?prefCd=08&kikanCd=308592496&kikanKbn=3", "url2": null, "内容": "医療法人社団広誠会　田口高広歯科【3:歯科】茨城県土浦市大和町５－５" }, "geometry": { "type": "Point", "coordinates": [ 140.2038684, 36.0794204 ] } },
{ "type": "Feature", "properties": { "ID": 83308600076, "正式名称": "平井歯科医院", "機関区分": 3, "都道府県コード": 8, "市区町村コード": 205, "所在地": "茨城県石岡市国府３－２－１９", "緯度": 36.186667, "経度": 140.276389, "url": "https://www.iryou.teikyouseido.mhlw.go.jp/znk-web/juminkanja/S2430/initialize?prefCd=08&kikanCd=308600076&kikanKbn=3", "url2": null, "内容": "平井歯科医院【3:歯科】茨城県石岡市国府３－２－１９" }, "geometry": { "type": "Point", "coordinates": [ 140.276389, 36.186667 ] } },
{ "type": "Feature", "properties": { "ID": 83308600119, "正式名称": "比企歯科医院", "機関区分": 3, "都道府県コード": 8, "市区町村コード": 205, "所在地": "茨城県石岡市東光台１－６－３１", "緯度": 36.185556, "経度": 140.305278, "url": "https://www.iryou.teikyouseido.mhlw.go.jp/znk-web/juminkanja/S2430/initialize?prefCd=08&kikanCd=308600119&kikanKbn=3", "url2": "http://www.hikidentalclinic.com", "内容": "比企歯科医院【3:歯科】茨城県石岡市東光台１－６－３１" }, "geometry": { "type": "Point", "coordinates": [ 140.305278, 36.185556 ] } },
{ "type": "Feature", "properties": { "ID": 83308600164, "正式名称": "江橋歯科医院", "機関区分": 3, "都道府県コード": 8, "市区町村コード": 205, "所在地": "茨城県石岡市若松１－１２－１２", "緯度": 36.196389, "経度": 140.272222, "url": "https://www.iryou.teikyouseido.mhlw.go.jp/znk-web/juminkanja/S2430/initialize?prefCd=08&kikanCd=308600164&kikanKbn=3", "url2": null, "内容": "江橋歯科医院【3:歯科】茨城県石岡市若松１－１２－１２" }, "geometry": { "type": "Point", "coordinates": [ 140.272222, 36.196389 ] } },
{ "type": "Feature", "properties": { "ID": 83308600252, "正式名称": "吉田歯科医院", "機関区分": 3, "都道府県コード": 8, "市区町村コード": 230, "所在地": "茨城県かすみがうら市稲吉２－９－１１", "緯度": 36.119444, "経度": 140.252222, "url": "https://www.iryou.teikyouseido.mhlw.go.jp/znk-web/juminkanja/S2430/initialize?prefCd=08&kikanCd=308600252&kikanKbn=3", "url2": null, "内容": "吉田歯科医院【3:歯科】茨城県かすみがうら市稲吉２－９－１１" }, "geometry": { "type": "Point", "coordinates": [ 140.252222, 36.119444 ] } },
{ "type": "Feature", "properties": { "ID": 83308600265, "正式名称": "色川歯科医院", "機関区分": 3, "都道府県コード": 8, "市区町村コード": 230, "所在地": "茨城県かすみがうら市稲吉５－３－１１", "緯度": 36.127778, "経度": 140.244167, "url": "https://www.iryou.teikyouseido.mhlw.go.jp/znk-web/juminkanja/S2430/initialize?prefCd=08&kikanCd=308600265&kikanKbn=3", "url2": null, "内容": "色川歯科医院【3:歯科】茨城県かすみがうら市稲吉５－３－１１" }, "geometry": { "type": "Point", "coordinates": [ 140.244167, 36.127778 ] } },
{ "type": "Feature", "properties": { "ID": 83308600278, "正式名称": "高野歯科医院", "機関区分": 3, "都道府県コード": 8, "市区町村コード": 230, "所在地": "茨城県かすみがうら市市川４１９", "緯度": 36.173333, "経度": 140.266944, "url": "https://www.iryou.teikyouseido.mhlw.go.jp/znk-web/juminkanja/S2430/initialize?prefCd=08&kikanCd=308600278&kikanKbn=3", "url2": null, "内容": "高野歯科医院【3:歯科】茨城県かすみがうら市市川４１９" }, "geometry": { "type": "Point", "coordinates": [ 140.266944, 36.173333 ] } },
{ "type": "Feature", "properties": { "ID": 83308600281, "正式名称": "島崎歯科医院", "機関区分": 3, "都道府県コード": 8, "市区町村コード": 230, "所在地": "茨城県かすみがうら市下稲吉１４８３－８", "緯度": 36.141227, "経度": 140.236089, "url": "https://www.iryou.teikyouseido.mhlw.go.jp/znk-web/juminkanja/S2430/initialize?prefCd=08&kikanCd=308600281&kikanKbn=3", "url2": null, "内容": "島崎歯科医院【3:歯科】茨城県かすみがうら市下稲吉１４８３－８" }, "geometry": { "type": "Point", "coordinates": [ 140.236089, 36.141227 ] } },
{ "type": "Feature", "properties": { "ID": 83308600324, "正式名称": "羽鳥デンタルクリニック", "機関区分": 3, "都道府県コード": 8, "市区町村コード": 236, "所在地": "茨城県小美玉市羽鳥２６１－６", "緯度": 36.248333, "経度": 140.286111, "url": "https://www.iryou.teikyouseido.mhlw.go.jp/znk-web/juminkanja/S2430/initialize?prefCd=08&kikanCd=308600324&kikanKbn=3", "url2": null, "内容": "羽鳥デンタルクリニック【3:歯科】茨城県小美玉市羽鳥２６１－６" }, "geometry": { "type": "Point", "coordinates": [ 140.286111, 36.248333 ] } },
{ "type": "Feature", "properties": { "ID": 83308600337, "正式名称": "みのりデンタルクリニック", "機関区分": 3, "都道府県コード": 8, "市区町村コード": 236, "所在地": "茨城県小美玉市西郷地１３４３", "緯度": 36.249444, "経度": 140.384722, "url": "https://www.iryou.teikyouseido.mhlw.go.jp/znk-web/juminkanja/S2430/initialize?prefCd=08&kikanCd=308600337&kikanKbn=3", "url2": "https://www.minoridc.com", "内容": "みのりデンタルクリニック【3:歯科】茨城県小美玉市西郷地１３４３" }, "geometry": { "type": "Point", "coordinates": [ 140.384722, 36.249444 ] } },
{ "type": "Feature", "properties": { "ID": 83308600366, "正式名称": "中村歯科医院", "機関区分": 3, "都道府県コード": 8, "市区町村コード": 205, "所在地": "茨城県石岡市貝地２－１０－３５", "緯度": 36.178889, "経度": 140.285833, "url": "https://www.iryou.teikyouseido.mhlw.go.jp/znk-web/juminkanja/S2430/initialize?prefCd=08&kikanCd=308600366&kikanKbn=3", "url2": null, "内容": "中村歯科医院【3:歯科】茨城県石岡市貝地２－１０－３５" }, "geometry": { "type": "Point", "coordinates": [ 140.285833, 36.178889 ] } },
{ "type": "Feature", "properties": { "ID": 83308600382, "正式名称": "福田歯科医院", "機関区分": 3, "都道府県コード": 8, "市区町村コード": 205, "所在地": "茨城県石岡市国府４－３－４７", "緯度": 36.184167, "経度": 140.281944, "url": "https://www.iryou.teikyouseido.mhlw.go.jp/znk-web/juminkanja/S2430/initialize?prefCd=08&kikanCd=308600382&kikanKbn=3", "url2": "https://fukuda.dental-net.jp/", "内容": "福田歯科医院【3:歯科】茨城県石岡市国府４－３－４７" }, "geometry": { "type": "Point", "coordinates": [ 140.281944, 36.184167 ] } },
{ "type": "Feature", "properties": { "ID": 83308600409, "正式名称": "岩田歯科医院", "機関区分": 3, "都道府県コード": 8, "市区町村コード": 205, "所在地": "茨城県石岡市若松２－１０－１０", "緯度": 36.202319, "経度": 140.26488, "url": "https://www.iryou.teikyouseido.mhlw.go.jp/znk-web/juminkanja/S2430/initialize?prefCd=08&kikanCd=308600409&kikanKbn=3", "url2": null, "内容": "岩田歯科医院【3:歯科】茨城県石岡市若松２－１０－１０" }, "geometry": { "type": "Point", "coordinates": [ 140.26488, 36.202319 ] } },
{ "type": "Feature", "properties": { "ID": 83308600412, "正式名称": "田中歯科医院", "機関区分": 3, "都道府県コード": 8, "市区町村コード": 205, "所在地": "茨城県石岡市小屋２１３４ー６０", "緯度": 36.248737, "経度": 140.175672, "url": "https://www.iryou.teikyouseido.mhlw.go.jp/znk-web/juminkanja/S2430/initialize?prefCd=08&kikanCd=308600412&kikanKbn=3", "url2": null, "内容": "田中歯科医院【3:歯科】茨城県石岡市小屋２１３４ー６０" }, "geometry": { "type": "Point", "coordinates": [ 140.175672, 36.248737 ] } },
{ "type": "Feature", "properties": { "ID": 83308600454, "正式名称": "須藤歯科医院", "機関区分": 3, "都道府県コード": 8, "市区町村コード": 205, "所在地": "茨城県石岡市東光台４－１１－１", "緯度": 36.179722, "経度": 140.308889, "url": "https://www.iryou.teikyouseido.mhlw.go.jp/znk-web/juminkanja/S2430/initialize?prefCd=08&kikanCd=308600454&kikanKbn=3", "url2": "https://sutoudc.com/", "内容": "須藤歯科医院【3:歯科】茨城県石岡市東光台４－１１－１" }, "geometry": { "type": "Point", "coordinates": [ 140.308889, 36.179722 ] } },
{ "type": "Feature", "properties": { "ID": 83308600483, "正式名称": "くにふだ歯科医院", "機関区分": 3, "都道府県コード": 8, "市区町村コード": 236, "所在地": "茨城県小美玉市羽鳥２８５０－３８", "緯度": 36.247776, "経度": 140.294259, "url": "https://www.iryou.teikyouseido.mhlw.go.jp/znk-web/juminkanja/S2430/initialize?prefCd=08&kikanCd=308600483&kikanKbn=3", "url2": "http://kunifuda.sblo.jp/", "内容": "くにふだ歯科医院【3:歯科】茨城県小美玉市羽鳥２８５０－３８" }, "geometry": { "type": "Point", "coordinates": [ 140.294259, 36.247776 ] } },
{ "type": "Feature", "properties": { "ID": 83308600542, "正式名称": "医療法人心和会長谷川歯科医院", "機関区分": 3, "都道府県コード": 8, "市区町村コード": 205, "所在地": "茨城県石岡市三村２６０４‐５", "緯度": 36.129722, "経度": 140.252778, "url": "https://www.iryou.teikyouseido.mhlw.go.jp/znk-web/juminkanja/S2430/initialize?prefCd=08&kikanCd=308600542&kikanKbn=3", "url2": null, "内容": "医療法人心和会長谷川歯科医院【3:歯科】茨城県石岡市三村２６０４‐５" }, "geometry": { "type": "Point", "coordinates": [ 140.252778, 36.129722 ] } },
{ "type": "Feature", "properties": { "ID": 83308600568, "正式名称": "南台歯科医院", "機関区分": 3, "都道府県コード": 8, "市区町村コード": 205, "所在地": "茨城県石岡市南台２－１２－９", "緯度": 36.177778, "経度": 140.295, "url": "https://www.iryou.teikyouseido.mhlw.go.jp/znk-web/juminkanja/S2430/initialize?prefCd=08&kikanCd=308600568&kikanKbn=3", "url2": null, "内容": "南台歯科医院【3:歯科】茨城県石岡市南台２－１２－９" }, "geometry": { "type": "Point", "coordinates": [ 140.295, 36.177778 ] } },
{ "type": "Feature", "properties": { "ID": 83308600584, "正式名称": "医療法人社団雄愛会いとう歯科医院", "機関区分": 3, "都道府県コード": 8, "市区町村コード": 205, "所在地": "茨城県石岡市旭台１－１６－２４", "緯度": 36.190556, "経度": 140.303889, "url": "https://www.iryou.teikyouseido.mhlw.go.jp/znk-web/juminkanja/S2430/initialize?prefCd=08&kikanCd=308600584&kikanKbn=3", "url2": "http://www.ito-shikaiin.com", "内容": "医療法人社団雄愛会いとう歯科医院【3:歯科】茨城県石岡市旭台１－１６－２４" }, "geometry": { "type": "Point", "coordinates": [ 140.303889, 36.190556 ] } },
{ "type": "Feature", "properties": { "ID": 83308600597, "正式名称": "旭台歯科診療所", "機関区分": 3, "都道府県コード": 8, "市区町村コード": 205, "所在地": "茨城県石岡市旭台３－２０－３", "緯度": 36.186111, "経度": 140.310833, "url": "https://www.iryou.teikyouseido.mhlw.go.jp/znk-web/juminkanja/S2430/initialize?prefCd=08&kikanCd=308600597&kikanKbn=3", "url2": null, "内容": "旭台歯科診療所【3:歯科】茨城県石岡市旭台３－２０－３" }, "geometry": { "type": "Point", "coordinates": [ 140.310833, 36.186111 ] } },
{ "type": "Feature", "properties": { "ID": 83308600614, "正式名称": "千葉歯科クリニック", "機関区分": 3, "都道府県コード": 8, "市区町村コード": 205, "所在地": "茨城県石岡市石岡１－１２－１", "緯度": 36.189167, "経度": 140.287778, "url": "https://www.iryou.teikyouseido.mhlw.go.jp/znk-web/juminkanja/S2430/initialize?prefCd=08&kikanCd=308600614&kikanKbn=3", "url2": "http://chibadental.com/", "内容": "千葉歯科クリニック【3:歯科】茨城県石岡市石岡１－１２－１" }, "geometry": { "type": "Point", "coordinates": [ 140.287778, 36.189167 ] } },
{ "type": "Feature", "properties": { "ID": 83308600627, "正式名称": "つくば歯科医院", "機関区分": 3, "都道府県コード": 8, "市区町村コード": 205, "所在地": "茨城県石岡市村上１０３－１", "緯度": 36.219657, "経度": 140.242375, "url": "https://www.iryou.teikyouseido.mhlw.go.jp/znk-web/juminkanja/S2430/initialize?prefCd=08&kikanCd=308600627&kikanKbn=3", "url2": null, "内容": "つくば歯科医院【3:歯科】茨城県石岡市村上１０３－１" }, "geometry": { "type": "Point", "coordinates": [ 140.242375, 36.219657 ] } },
{ "type": "Feature", "properties": { "ID": 83308600630, "正式名称": "湖北歯科医院", "機関区分": 3, "都道府県コード": 8, "市区町村コード": 205, "所在地": "茨城県石岡市田島２－６－３", "緯度": 36.173611, "経度": 140.286667, "url": "https://www.iryou.teikyouseido.mhlw.go.jp/znk-web/juminkanja/S2430/initialize?prefCd=08&kikanCd=308600630&kikanKbn=3", "url2": null, "内容": "湖北歯科医院【3:歯科】茨城県石岡市田島２－６－３" }, "geometry": { "type": "Point", "coordinates": [ 140.286667, 36.173611 ] } },
{ "type": "Feature", "properties": { "ID": 83308610024, "正式名称": "岡田歯科医院", "機関区分": 3, "都道府県コード": 8, "市区町村コード": 220, "所在地": "茨城県つくば市高崎字蒲綱２２７７－６１", "緯度": 35.9975, "経度": 140.130833, "url": "https://www.iryou.teikyouseido.mhlw.go.jp/znk-web/juminkanja/S2430/initialize?prefCd=08&kikanCd=308610024&kikanKbn=3", "url2": "http://www.dc-okada.jp/", "内容": "岡田歯科医院【3:歯科】茨城県つくば市高崎字蒲綱２２７７－６１" }, "geometry": { "type": "Point", "coordinates": [ 140.130833, 35.9975 ] } },
{ "type": "Feature", "properties": { "ID": 83308610079, "正式名称": "医療法人恵歯会桜ケ丘歯科センター歯科医院", "機関区分": 3, "都道府県コード": 8, "市区町村コード": 220, "所在地": "茨城県つくば市吾妻３－１７－６", "緯度": 36.085833, "経度": 140.116944, "url": "https://www.iryou.teikyouseido.mhlw.go.jp/znk-web/juminkanja/S2430/initialize?prefCd=08&kikanCd=308610079&kikanKbn=3", "url2": "http://www.keishikai.com", "内容": "医療法人恵歯会桜ケ丘歯科センター歯科医院【3:歯科】茨城県つくば市吾妻３－１７－６" }, "geometry": { "type": "Point", "coordinates": [ 140.116944, 36.085833 ] } },
{ "type": "Feature", "properties": { "ID": 83308610109, "正式名称": "上野歯科医院", "機関区分": 3, "都道府県コード": 8, "市区町村コード": 220, "所在地": "茨城県つくば市天久保３－１４－８", "緯度": 36.103333, "経度": 140.107778, "url": "https://www.iryou.teikyouseido.mhlw.go.jp/znk-web/juminkanja/S2430/initialize?prefCd=08&kikanCd=308610109&kikanKbn=3", "url2": null, "内容": "上野歯科医院【3:歯科】茨城県つくば市天久保３－１４－８" }, "geometry": { "type": "Point", "coordinates": [ 140.107778, 36.103333 ] } },
{ "type": "Feature", "properties": { "ID": 83308610112, "正式名称": "医療法人社団参歯会植原歯科", "機関区分": 3, "都道府県コード": 8, "市区町村コード": 220, "所在地": "茨城県つくば市吉瀬５０３", "緯度": 36.085556, "経度": 140.156111, "url": "https://www.iryou.teikyouseido.mhlw.go.jp/znk-web/juminkanja/S2430/initialize?prefCd=08&kikanCd=308610112&kikanKbn=3", "url2": null, "内容": "医療法人社団参歯会植原歯科【3:歯科】茨城県つくば市吉瀬５０３" }, "geometry": { "type": "Point", "coordinates": [ 140.156111, 36.085556 ] } },
{ "type": "Feature", "properties": { "ID": 83308610154, "正式名称": "川崎歯科医院", "機関区分": 3, "都道府県コード": 8, "市区町村コード": 220, "所在地": "茨城県つくば市谷田部６０２５－４", "緯度": 36.039179, "経度": 140.081255, "url": "https://www.iryou.teikyouseido.mhlw.go.jp/znk-web/juminkanja/S2430/initialize?prefCd=08&kikanCd=308610154&kikanKbn=3", "url2": null, "内容": "川崎歯科医院【3:歯科】茨城県つくば市谷田部６０２５－４" }, "geometry": { "type": "Point", "coordinates": [ 140.081255, 36.039179 ] } },
{ "type": "Feature", "properties": { "ID": 83308610167, "正式名称": "医療法人社団雄愛会伊東歯科医院", "機関区分": 3, "都道府県コード": 8, "市区町村コード": 220, "所在地": "茨城県つくば市東１－１－１産業技術総合研究所　中央事業所１群内", "緯度": 36.060216, "経度": 140.13333, "url": "https://www.iryou.teikyouseido.mhlw.go.jp/znk-web/juminkanja/S2430/initialize?prefCd=08&kikanCd=308610167&kikanKbn=3", "url2": "https://www.tukuba-itoshika.com", "内容": "医療法人社団雄愛会伊東歯科医院【3:歯科】茨城県つくば市東１－１－１産業技術総合研究所　中央事業所１群内" }, "geometry": { "type": "Point", "coordinates": [ 140.13333, 36.060216 ] } },
{ "type": "Feature", "properties": { "ID": 83308610213, "正式名称": "雨宮デンタルクリニック", "機関区分": 3, "都道府県コード": 8, "市区町村コード": 220, "所在地": "茨城県つくば市松代５－５－１４", "緯度": 36.06, "経度": 140.112222, "url": "https://www.iryou.teikyouseido.mhlw.go.jp/znk-web/juminkanja/S2430/initialize?prefCd=08&kikanCd=308610213&kikanKbn=3", "url2": null, "内容": "雨宮デンタルクリニック【3:歯科】茨城県つくば市松代５－５－１４" }, "geometry": { "type": "Point", "coordinates": [ 140.112222, 36.06 ] } },
{ "type": "Feature", "properties": { "ID": 83308610284, "正式名称": "荒木歯科医院", "機関区分": 3, "都道府県コード": 8, "市区町村コード": 235, "所在地": "茨城県つくばみらい市板橋２７３９－２６", "緯度": 35.981944, "経度": 140.061944, "url": "https://www.iryou.teikyouseido.mhlw.go.jp/znk-web/juminkanja/S2430/initialize?prefCd=08&kikanCd=308610284&kikanKbn=3", "url2": null, "内容": "荒木歯科医院【3:歯科】茨城県つくばみらい市板橋２７３９－２６" }, "geometry": { "type": "Point", "coordinates": [ 140.061944, 35.981944 ] } },
{ "type": "Feature", "properties": { "ID": 83308610327, "正式名称": "医療法人　東光台歯科医院", "機関区分": 3, "都道府県コード": 8, "市区町村コード": 220, "所在地": "茨城県つくば市東光台２－１－１１", "緯度": 36.098056, "経度": 140.0675, "url": "https://www.iryou.teikyouseido.mhlw.go.jp/znk-web/juminkanja/S2430/initialize?prefCd=08&kikanCd=308610327&kikanKbn=3", "url2": "http://www.tokodaishika.jp", "内容": "医療法人　東光台歯科医院【3:歯科】茨城県つくば市東光台２－１－１１" }, "geometry": { "type": "Point", "coordinates": [ 140.0675, 36.098056 ] } },
{ "type": "Feature", "properties": { "ID": 83308610372, "正式名称": "廣瀬歯科医院", "機関区分": 3, "都道府県コード": 8, "市区町村コード": 220, "所在地": "茨城県つくば市北条１８９", "緯度": 36.177409, "経度": 140.092901, "url": "https://www.iryou.teikyouseido.mhlw.go.jp/znk-web/juminkanja/S2430/initialize?prefCd=08&kikanCd=308610372&kikanKbn=3", "url2": "https://www.hirose-dentalclinic.net/", "内容": "廣瀬歯科医院【3:歯科】茨城県つくば市北条１８９" }, "geometry": { "type": "Point", "coordinates": [ 140.092901, 36.177409 ] } },
{ "type": "Feature", "properties": { "ID": 83308610402, "正式名称": "稲葉歯科医院", "機関区分": 3, "都道府県コード": 8, "市区町村コード": 220, "所在地": "茨城県つくば市吉沼４０７８－３", "緯度": 36.090122, "経度": 140.109174, "url": "https://www.iryou.teikyouseido.mhlw.go.jp/znk-web/juminkanja/S2430/initialize?prefCd=08&kikanCd=308610402&kikanKbn=3", "url2": null, "内容": "稲葉歯科医院【3:歯科】茨城県つくば市吉沼４０７８－３" }, "geometry": { "type": "Point", "coordinates": [ 140.109174, 36.090122 ] } },
{ "type": "Feature", "properties": { "ID": 83308610486, "正式名称": "岡田矯正歯科・ファミリー歯科クリニック", "機関区分": 3, "都道府県コード": 8, "市区町村コード": 220, "所在地": "茨城県つくば市松代１－１２－１", "緯度": 36.068333, "経度": 140.098889, "url": "https://www.iryou.teikyouseido.mhlw.go.jp/znk-web/juminkanja/S2430/initialize?prefCd=08&kikanCd=308610486&kikanKbn=3", "url2": "http://www.okada-ortho.com", "内容": "岡田矯正歯科・ファミリー歯科クリニック【3:歯科】茨城県つくば市松代１－１２－１" }, "geometry": { "type": "Point", "coordinates": [ 140.098889, 36.068333 ] } },
{ "type": "Feature", "properties": { "ID": 83308610529, "正式名称": "桜南歯科クリニック", "機関区分": 3, "都道府県コード": 8, "市区町村コード": 220, "所在地": "茨城県つくば市大角豆７３７ー６", "緯度": 36.067314, "経度": 140.1496, "url": "https://www.iryou.teikyouseido.mhlw.go.jp/znk-web/juminkanja/S2430/initialize?prefCd=08&kikanCd=308610529&kikanKbn=3", "url2": null, "内容": "桜南歯科クリニック【3:歯科】茨城県つくば市大角豆７３７ー６" }, "geometry": { "type": "Point", "coordinates": [ 140.1496, 36.067314 ] } },
{ "type": "Feature", "properties": { "ID": 83308610545, "正式名称": "オサダ歯科・矯正歯科医院", "機関区分": 3, "都道府県コード": 8, "市区町村コード": 220, "所在地": "茨城県つくば市田中１８４８－３", "緯度": 36.173611, "経度": 140.072222, "url": "https://www.iryou.teikyouseido.mhlw.go.jp/znk-web/juminkanja/S2430/initialize?prefCd=08&kikanCd=308610545&kikanKbn=3", "url2": null, "内容": "オサダ歯科・矯正歯科医院【3:歯科】茨城県つくば市田中１８４８－３" }, "geometry": { "type": "Point", "coordinates": [ 140.072222, 36.173611 ] } },
{ "type": "Feature", "properties": { "ID": 83308610561, "正式名称": "ささもと歯科医院", "機関区分": 3, "都道府県コード": 8, "市区町村コード": 220, "所在地": "茨城県つくば市桜３－８－２", "緯度": 36.1135041, "経度": 140.1154385, "url": "https://www.iryou.teikyouseido.mhlw.go.jp/znk-web/juminkanja/S2430/initialize?prefCd=08&kikanCd=308610561&kikanKbn=3", "url2": null, "内容": "ささもと歯科医院【3:歯科】茨城県つくば市桜３－８－２" }, "geometry": { "type": "Point", "coordinates": [ 140.11543850000001, 36.1135041 ] } },
{ "type": "Feature", "properties": { "ID": 83308610590, "正式名称": "手代木歯科", "機関区分": 3, "都道府県コード": 8, "市区町村コード": 220, "所在地": "茨城県つくば市松代４－２００－１", "緯度": 36.063737, "経度": 140.104079, "url": "https://www.iryou.teikyouseido.mhlw.go.jp/znk-web/juminkanja/S2430/initialize?prefCd=08&kikanCd=308610590&kikanKbn=3", "url2": null, "内容": "手代木歯科【3:歯科】茨城県つくば市松代４－２００－１" }, "geometry": { "type": "Point", "coordinates": [ 140.104079, 36.063737 ] } },
{ "type": "Feature", "properties": { "ID": 83308610604, "正式名称": "並木歯科クリニック", "機関区分": 3, "都道府県コード": 8, "市区町村コード": 220, "所在地": "茨城県つくば市並木３－２０－７", "緯度": 36.059444, "経度": 140.153333, "url": "https://www.iryou.teikyouseido.mhlw.go.jp/znk-web/juminkanja/S2430/initialize?prefCd=08&kikanCd=308610604&kikanKbn=3", "url2": "https://namikidental.com", "内容": "並木歯科クリニック【3:歯科】茨城県つくば市並木３－２０－７" }, "geometry": { "type": "Point", "coordinates": [ 140.153333, 36.059444 ] } },
{ "type": "Feature", "properties": { "ID": 83308610617, "正式名称": "井上歯科医院", "機関区分": 3, "都道府県コード": 8, "市区町村コード": 220, "所在地": "茨城県つくば市梅園２－１４－１４", "緯度": 36.053889, "経度": 140.142778, "url": "https://www.iryou.teikyouseido.mhlw.go.jp/znk-web/juminkanja/S2430/initialize?prefCd=08&kikanCd=308610617&kikanKbn=3", "url2": "http://h-inoue.dentalmall.jp/", "内容": "井上歯科医院【3:歯科】茨城県つくば市梅園２－１４－１４" }, "geometry": { "type": "Point", "coordinates": [ 140.142778, 36.053889 ] } },
{ "type": "Feature", "properties": { "ID": 83308610633, "正式名称": "大谷歯科医院", "機関区分": 3, "都道府県コード": 8, "市区町村コード": 220, "所在地": "茨城県つくば市梅園２－２５－１７", "緯度": 36.053287, "経度": 140.139687, "url": "https://www.iryou.teikyouseido.mhlw.go.jp/znk-web/juminkanja/S2430/initialize?prefCd=08&kikanCd=308610633&kikanKbn=3", "url2": null, "内容": "大谷歯科医院【3:歯科】茨城県つくば市梅園２－２５－１７" }, "geometry": { "type": "Point", "coordinates": [ 140.139687, 36.053287 ] } },
{ "type": "Feature", "properties": { "ID": 83308610659, "正式名称": "福原歯科医院", "機関区分": 3, "都道府県コード": 8, "市区町村コード": 235, "所在地": "茨城県つくばみらい市谷井田２２３０－２", "緯度": 35.946944, "経度": 140.054167, "url": "https://www.iryou.teikyouseido.mhlw.go.jp/znk-web/juminkanja/S2430/initialize?prefCd=08&kikanCd=308610659&kikanKbn=3", "url2": "http://www.fureai.or.jp/~fuku", "内容": "福原歯科医院【3:歯科】茨城県つくばみらい市谷井田２２３０－２" }, "geometry": { "type": "Point", "coordinates": [ 140.054167, 35.946944 ] } },
{ "type": "Feature", "properties": { "ID": 83308610662, "正式名称": "小林歯科クリニック", "機関区分": 3, "都道府県コード": 8, "市区町村コード": 220, "所在地": "茨城県つくば市手子生１１５０－５", "緯度": 36.104167, "経度": 140.028333, "url": "https://www.iryou.teikyouseido.mhlw.go.jp/znk-web/juminkanja/S2430/initialize?prefCd=08&kikanCd=308610662&kikanKbn=3", "url2": null, "内容": "小林歯科クリニック【3:歯科】茨城県つくば市手子生１１５０－５" }, "geometry": { "type": "Point", "coordinates": [ 140.028333, 36.104167 ] } },
{ "type": "Feature", "properties": { "ID": 83308610691, "正式名称": "飯泉歯科医院", "機関区分": 3, "都道府県コード": 8, "市区町村コード": 220, "所在地": "茨城県つくば市真瀬１０３７", "緯度": 36.038611, "経度": 140.051111, "url": "https://www.iryou.teikyouseido.mhlw.go.jp/znk-web/juminkanja/S2430/initialize?prefCd=08&kikanCd=308610691&kikanKbn=3", "url2": "http://www.iizumi-shika.com/", "内容": "飯泉歯科医院【3:歯科】茨城県つくば市真瀬１０３７" }, "geometry": { "type": "Point", "coordinates": [ 140.051111, 36.038611 ] } },
{ "type": "Feature", "properties": { "ID": 83308610721, "正式名称": "佐藤歯科医院", "機関区分": 3, "都道府県コード": 8, "市区町村コード": 220, "所在地": "茨城県つくば市谷田部６４７１－１", "緯度": 36.030278, "経度": 140.09, "url": "https://www.iryou.teikyouseido.mhlw.go.jp/znk-web/juminkanja/S2430/initialize?prefCd=08&kikanCd=308610721&kikanKbn=3", "url2": null, "内容": "佐藤歯科医院【3:歯科】茨城県つくば市谷田部６４７１－１" }, "geometry": { "type": "Point", "coordinates": [ 140.09, 36.030278 ] } },
{ "type": "Feature", "properties": { "ID": 83308610747, "正式名称": "医療法人Ｎｅｕｆ　うえの矯正歯科", "機関区分": 3, "都道府県コード": 8, "市区町村コード": 220, "所在地": "茨城県つくば市倉掛８０５−７", "緯度": 36.073889, "経度": 140.129167, "url": "https://www.iryou.teikyouseido.mhlw.go.jp/znk-web/juminkanja/S2430/initialize?prefCd=08&kikanCd=308610747&kikanKbn=3", "url2": "http://smile-32.com/", "内容": "医療法人Ｎｅｕｆ　うえの矯正歯科【3:歯科】茨城県つくば市倉掛８０５−７" }, "geometry": { "type": "Point", "coordinates": [ 140.129167, 36.073889 ] } },
{ "type": "Feature", "properties": { "ID": 83308610789, "正式名称": "久松歯科医院", "機関区分": 3, "都道府県コード": 8, "市区町村コード": 220, "所在地": "茨城県つくば市六斗１０６２－３", "緯度": 35.992778, "経度": 140.11, "url": "https://www.iryou.teikyouseido.mhlw.go.jp/znk-web/juminkanja/S2430/initialize?prefCd=08&kikanCd=308610789&kikanKbn=3", "url2": null, "内容": "久松歯科医院【3:歯科】茨城県つくば市六斗１０６２－３" }, "geometry": { "type": "Point", "coordinates": [ 140.11, 35.992778 ] } },
{ "type": "Feature", "properties": { "ID": 83308610848, "正式名称": "医療法人社団藤記会大久保歯科医院", "機関区分": 3, "都道府県コード": 8, "市区町村コード": 220, "所在地": "茨城県つくば市二の宮３ー２６－１３", "緯度": 36.063819, "経度": 140.115633, "url": "https://www.iryou.teikyouseido.mhlw.go.jp/znk-web/juminkanja/S2430/initialize?prefCd=08&kikanCd=308610848&kikanKbn=3", "url2": "http://www.ohkubo-dc.net", "内容": "医療法人社団藤記会大久保歯科医院【3:歯科】茨城県つくば市二の宮３ー２６－１３" }, "geometry": { "type": "Point", "coordinates": [ 140.115633, 36.063819 ] } },
{ "type": "Feature", "properties": { "ID": 83308610851, "正式名称": "池野歯科医院", "機関区分": 3, "都道府県コード": 8, "市区町村コード": 220, "所在地": "茨城県つくば市高野台２－１６－８", "緯度": 36.025492, "経度": 140.121103, "url": "https://www.iryou.teikyouseido.mhlw.go.jp/znk-web/juminkanja/S2430/initialize?prefCd=08&kikanCd=308610851&kikanKbn=3", "url2": "https://ikenoshika.com", "内容": "池野歯科医院【3:歯科】茨城県つくば市高野台２－１６－８" }, "geometry": { "type": "Point", "coordinates": [ 140.121103, 36.025492 ] } },
{ "type": "Feature", "properties": { "ID": 83308610864, "正式名称": "高橋歯科診療室", "機関区分": 3, "都道府県コード": 8, "市区町村コード": 220, "所在地": "茨城県つくば市要１－４５", "緯度": 36.114411, "経度": 140.091415, "url": "https://www.iryou.teikyouseido.mhlw.go.jp/znk-web/juminkanja/S2430/initialize?prefCd=08&kikanCd=308610864&kikanKbn=3", "url2": null, "内容": "高橋歯科診療室【3:歯科】茨城県つくば市要１－４５" }, "geometry": { "type": "Point", "coordinates": [ 140.091415, 36.114411 ] } },
{ "type": "Feature", "properties": { "ID": 83308610893, "正式名称": "早乙女歯科医院", "機関区分": 3, "都道府県コード": 8, "市区町村コード": 220, "所在地": "茨城県つくば市玉取２７０７", "緯度": 36.123611, "経度": 140.099167, "url": "https://www.iryou.teikyouseido.mhlw.go.jp/znk-web/juminkanja/S2430/initialize?prefCd=08&kikanCd=308610893&kikanKbn=3", "url2": null, "内容": "早乙女歯科医院【3:歯科】茨城県つくば市玉取２７０７" }, "geometry": { "type": "Point", "coordinates": [ 140.099167, 36.123611 ] } },
{ "type": "Feature", "properties": { "ID": 83308610949, "正式名称": "てらかど歯科医院", "機関区分": 3, "都道府県コード": 8, "市区町村コード": 220, "所在地": "茨城県つくば市上ノ室２０５４－１", "緯度": 36.078611, "経度": 140.134444, "url": "https://www.iryou.teikyouseido.mhlw.go.jp/znk-web/juminkanja/S2430/initialize?prefCd=08&kikanCd=308610949&kikanKbn=3", "url2": null, "内容": "てらかど歯科医院【3:歯科】茨城県つくば市上ノ室２０５４－１" }, "geometry": { "type": "Point", "coordinates": [ 140.134444, 36.078611 ] } },
{ "type": "Feature", "properties": { "ID": 83308610952, "正式名称": "海老原歯科医院", "機関区分": 3, "都道府県コード": 8, "市区町村コード": 235, "所在地": "茨城県つくばみらい市谷井田２４８９番地１", "緯度": 35.941944, "経度": 140.057778, "url": "https://www.iryou.teikyouseido.mhlw.go.jp/znk-web/juminkanja/S2430/initialize?prefCd=08&kikanCd=308610952&kikanKbn=3", "url2": "https://plus.dentamap.jp/hpplus/user/ebiharadc699/", "内容": "海老原歯科医院【3:歯科】茨城県つくばみらい市谷井田２４８９番地１" }, "geometry": { "type": "Point", "coordinates": [ 140.057778, 35.941944 ] } },
{ "type": "Feature", "properties": { "ID": 83308610965, "正式名称": "医療法人社団秀一会　松代歯科医院", "機関区分": 3, "都道府県コード": 8, "市区町村コード": 220, "所在地": "茨城県つくば市松野木９５－４", "緯度": 36.0607465, "経度": 140.1135421, "url": "https://www.iryou.teikyouseido.mhlw.go.jp/znk-web/juminkanja/S2430/initialize?prefCd=08&kikanCd=308610965&kikanKbn=3", "url2": "http://www.matsushiroshika.com/", "内容": "医療法人社団秀一会　松代歯科医院【3:歯科】茨城県つくば市松野木９５－４" }, "geometry": { "type": "Point", "coordinates": [ 140.113542099999989, 36.0607465 ] } },
{ "type": "Feature", "properties": { "ID": 83308610978, "正式名称": "根本歯科クリニック", "機関区分": 3, "都道府県コード": 8, "市区町村コード": 220, "所在地": "茨城県つくば市花畑２－１１－２ソリオ花畑１Ｆ", "緯度": 36.133682, "経度": 140.086377, "url": "https://www.iryou.teikyouseido.mhlw.go.jp/znk-web/juminkanja/S2430/initialize?prefCd=08&kikanCd=308610978&kikanKbn=3", "url2": "https://www.nemotoshika.com", "内容": "根本歯科クリニック【3:歯科】茨城県つくば市花畑２－１１－２ソリオ花畑１Ｆ" }, "geometry": { "type": "Point", "coordinates": [ 140.086377, 36.133682 ] } },
{ "type": "Feature", "properties": { "ID": 83308610981, "正式名称": "さわやか歯科医院", "機関区分": 3, "都道府県コード": 8, "市区町村コード": 220, "所在地": "茨城県つくば市神郡８１４", "緯度": 36.186667, "経度": 140.093611, "url": "https://www.iryou.teikyouseido.mhlw.go.jp/znk-web/juminkanja/S2430/initialize?prefCd=08&kikanCd=308610981&kikanKbn=3", "url2": "http://sawayaka-dental.cihp2.jp/", "内容": "さわやか歯科医院【3:歯科】茨城県つくば市神郡８１４" }, "geometry": { "type": "Point", "coordinates": [ 140.093611, 36.186667 ] } },
{ "type": "Feature", "properties": { "ID": 83308610994, "正式名称": "医療法人社団　洸友会　つるみ歯科医院", "機関区分": 3, "都道府県コード": 8, "市区町村コード": 220, "所在地": "茨城県つくば市下河原崎１９４－１", "緯度": 36.06759, "経度": 140.04684, "url": "https://www.iryou.teikyouseido.mhlw.go.jp/znk-web/juminkanja/S2430/initialize?prefCd=08&kikanCd=308610994&kikanKbn=3", "url2": "https://tsurumidental.com/", "内容": "医療法人社団　洸友会　つるみ歯科医院【3:歯科】茨城県つくば市下河原崎１９４－１" }, "geometry": { "type": "Point", "coordinates": [ 140.04684, 36.06759 ] } },
{ "type": "Feature", "properties": { "ID": 83308620014, "正式名称": "一木歯科医院", "機関区分": 3, "都道府県コード": 8, "市区町村コード": 227, "所在地": "茨城県筑西市甲１２", "緯度": 36.310773, "経度": 139.978054, "url": "https://www.iryou.teikyouseido.mhlw.go.jp/znk-web/juminkanja/S2430/initialize?prefCd=08&kikanCd=308620014&kikanKbn=3", "url2": null, "内容": "一木歯科医院【3:歯科】茨城県筑西市甲１２" }, "geometry": { "type": "Point", "coordinates": [ 139.978054, 36.310773 ] } },
{ "type": "Feature", "properties": { "ID": 83308620131, "正式名称": "堀江歯科医院", "機関区分": 3, "都道府県コード": 8, "市区町村コード": 227, "所在地": "茨城県筑西市玉戸９８７－１４", "緯度": 36.294167, "経度": 139.954167, "url": "https://www.iryou.teikyouseido.mhlw.go.jp/znk-web/juminkanja/S2430/initialize?prefCd=08&kikanCd=308620131&kikanKbn=3", "url2": null, "内容": "堀江歯科医院【3:歯科】茨城県筑西市玉戸９８７－１４" }, "geometry": { "type": "Point", "coordinates": [ 139.954167, 36.294167 ] } },
{ "type": "Feature", "properties": { "ID": 83308620157, "正式名称": "村井歯科", "機関区分": 3, "都道府県コード": 8, "市区町村コード": 227, "所在地": "茨城県筑西市二木成９８１", "緯度": 36.296518, "経度": 139.977292, "url": "https://www.iryou.teikyouseido.mhlw.go.jp/znk-web/juminkanja/S2430/initialize?prefCd=08&kikanCd=308620157&kikanKbn=3", "url2": "https://www.dc-murai", "内容": "村井歯科【3:歯科】茨城県筑西市二木成９８１" }, "geometry": { "type": "Point", "coordinates": [ 139.977292, 36.296518 ] } },
{ "type": "Feature", "properties": { "ID": 83308620232, "正式名称": "鈴木歯科医院", "機関区分": 3, "都道府県コード": 8, "市区町村コード": 207, "所在地": "茨城県結城市結城１１６８", "緯度": 36.295556, "経度": 139.873889, "url": "https://www.iryou.teikyouseido.mhlw.go.jp/znk-web/juminkanja/S2430/initialize?prefCd=08&kikanCd=308620232&kikanKbn=3", "url2": null, "内容": "鈴木歯科医院【3:歯科】茨城県結城市結城１１６８" }, "geometry": { "type": "Point", "coordinates": [ 139.873889, 36.295556 ] } },
{ "type": "Feature", "properties": { "ID": 83308620261, "正式名称": "須藤歯科クリニック", "機関区分": 3, "都道府県コード": 8, "市区町村コード": 207, "所在地": "茨城県結城市結城逆井１１３９７－７", "緯度": 36.304404, "経度": 139.865404, "url": "https://www.iryou.teikyouseido.mhlw.go.jp/znk-web/juminkanja/S2430/initialize?prefCd=08&kikanCd=308620261&kikanKbn=3", "url2": null, "内容": "須藤歯科クリニック【3:歯科】茨城県結城市結城逆井１１３９７－７" }, "geometry": { "type": "Point", "coordinates": [ 139.865404, 36.304404 ] } },
{ "type": "Feature", "properties": { "ID": 83308620274, "正式名称": "城南歯科医院", "機関区分": 3, "都道府県コード": 8, "市区町村コード": 207, "所在地": "茨城県結城市新福寺５－３－１", "緯度": 36.2893394, "経度": 139.8658627, "url": "https://www.iryou.teikyouseido.mhlw.go.jp/znk-web/juminkanja/S2430/initialize?prefCd=08&kikanCd=308620274&kikanKbn=3", "url2": null, "内容": "城南歯科医院【3:歯科】茨城県結城市新福寺５－３－１" }, "geometry": { "type": "Point", "coordinates": [ 139.8658627, 36.2893394 ] } },
{ "type": "Feature", "properties": { "ID": 83308620362, "正式名称": "青木歯科診療所", "機関区分": 3, "都道府県コード": 8, "市区町村コード": 231, "所在地": "茨城県桜川市真壁町古城７４", "緯度": 36.27565, "経度": 140.10664, "url": "https://www.iryou.teikyouseido.mhlw.go.jp/znk-web/juminkanja/S2430/initialize?prefCd=08&kikanCd=308620362&kikanKbn=3", "url2": null, "内容": "青木歯科診療所【3:歯科】茨城県桜川市真壁町古城７４" }, "geometry": { "type": "Point", "coordinates": [ 140.10664, 36.27565 ] } },
{ "type": "Feature", "properties": { "ID": 83308620391, "正式名称": "桜井歯科医院", "機関区分": 3, "都道府県コード": 8, "市区町村コード": 231, "所在地": "茨城県桜川市真壁町真壁３８１－１", "緯度": 36.275556, "経度": 140.103611, "url": "https://www.iryou.teikyouseido.mhlw.go.jp/znk-web/juminkanja/S2430/initialize?prefCd=08&kikanCd=308620391&kikanKbn=3", "url2": null, "内容": "桜井歯科医院【3:歯科】茨城県桜川市真壁町真壁３８１－１" }, "geometry": { "type": "Point", "coordinates": [ 140.103611, 36.275556 ] } },
{ "type": "Feature", "properties": { "ID": 83308620418, "正式名称": "吾妻歯科医院", "機関区分": 3, "都道府県コード": 8, "市区町村コード": 231, "所在地": "茨城県桜川市真壁町飯塚９０９－２", "緯度": 36.27675, "経度": 140.09239, "url": "https://www.iryou.teikyouseido.mhlw.go.jp/znk-web/juminkanja/S2430/initialize?prefCd=08&kikanCd=308620418&kikanKbn=3", "url2": "azuma-dent.com", "内容": "吾妻歯科医院【3:歯科】茨城県桜川市真壁町飯塚９０９－２" }, "geometry": { "type": "Point", "coordinates": [ 140.09239, 36.27675 ] } },
{ "type": "Feature", "properties": { "ID": 83308620434, "正式名称": "柴崎歯科医院", "機関区分": 3, "都道府県コード": 8, "市区町村コード": 227, "所在地": "茨城県筑西市新治１９９６－２２", "緯度": 36.327222, "経度": 140.044167, "url": "https://www.iryou.teikyouseido.mhlw.go.jp/znk-web/juminkanja/S2430/initialize?prefCd=08&kikanCd=308620434&kikanKbn=3", "url2": null, "内容": "柴崎歯科医院【3:歯科】茨城県筑西市新治１９９６－２２" }, "geometry": { "type": "Point", "coordinates": [ 140.044167, 36.327222 ] } },
{ "type": "Feature", "properties": { "ID": 83308620450, "正式名称": "明野歯科診療所", "機関区分": 3, "都道府県コード": 8, "市区町村コード": 227, "所在地": "茨城県筑西市松原３４４９－１", "緯度": 36.27, "経度": 140.017778, "url": "https://www.iryou.teikyouseido.mhlw.go.jp/znk-web/juminkanja/S2430/initialize?prefCd=08&kikanCd=308620450&kikanKbn=3", "url2": null, "内容": "明野歯科診療所【3:歯科】茨城県筑西市松原３４４９－１" }, "geometry": { "type": "Point", "coordinates": [ 140.017778, 36.27 ] } },
{ "type": "Feature", "properties": { "ID": 83308620489, "正式名称": "荻野歯科医院", "機関区分": 3, "都道府県コード": 8, "市区町村コード": 227, "所在地": "茨城県筑西市関本下２０８１", "緯度": 36.246605, "経度": 139.92056, "url": "https://www.iryou.teikyouseido.mhlw.go.jp/znk-web/juminkanja/S2430/initialize?prefCd=08&kikanCd=308620489&kikanKbn=3", "url2": null, "内容": "荻野歯科医院【3:歯科】茨城県筑西市関本下２０８１" }, "geometry": { "type": "Point", "coordinates": [ 139.92056, 36.246605 ] } },
{ "type": "Feature", "properties": { "ID": 83308620519, "正式名称": "玉岡歯科医院", "機関区分": 3, "都道府県コード": 8, "市区町村コード": 207, "所在地": "茨城県結城市結城１９５８－２", "緯度": 36.306825, "経度": 139.881439, "url": "https://www.iryou.teikyouseido.mhlw.go.jp/znk-web/juminkanja/S2430/initialize?prefCd=08&kikanCd=308620519&kikanKbn=3", "url2": null, "内容": "玉岡歯科医院【3:歯科】茨城県結城市結城１９５８－２" }, "geometry": { "type": "Point", "coordinates": [ 139.881439, 36.306825 ] } },
{ "type": "Feature", "properties": { "ID": 83308620522, "正式名称": "渡辺歯科医院", "機関区分": 3, "都道府県コード": 8, "市区町村コード": 227, "所在地": "茨城県筑西市外塚８２１", "緯度": 36.3025, "経度": 139.967222, "url": "https://www.iryou.teikyouseido.mhlw.go.jp/znk-web/juminkanja/S2430/initialize?prefCd=08&kikanCd=308620522&kikanKbn=3", "url2": "http://nttbj.itp.ne.jp/0296222248/index.html", "内容": "渡辺歯科医院【3:歯科】茨城県筑西市外塚８２１" }, "geometry": { "type": "Point", "coordinates": [ 139.967222, 36.3025 ] } },
{ "type": "Feature", "properties": { "ID": 83308620564, "正式名称": "枝歯科医院", "機関区分": 3, "都道府県コード": 8, "市区町村コード": 231, "所在地": "茨城県桜川市真壁町田３０６－４", "緯度": 36.267222, "経度": 140.097778, "url": "https://www.iryou.teikyouseido.mhlw.go.jp/znk-web/juminkanja/S2430/initialize?prefCd=08&kikanCd=308620564&kikanKbn=3", "url2": "http://www.edashikaiin.com/", "内容": "枝歯科医院【3:歯科】茨城県桜川市真壁町田３０６－４" }, "geometry": { "type": "Point", "coordinates": [ 140.097778, 36.267222 ] } },
{ "type": "Feature", "properties": { "ID": 83308620577, "正式名称": "上村歯科医院", "機関区分": 3, "都道府県コード": 8, "市区町村コード": 227, "所在地": "茨城県筑西市幸町２－３１－１８", "緯度": 36.280833, "経度": 139.947778, "url": "https://www.iryou.teikyouseido.mhlw.go.jp/znk-web/juminkanja/S2430/initialize?prefCd=08&kikanCd=308620577&kikanKbn=3", "url2": null, "内容": "上村歯科医院【3:歯科】茨城県筑西市幸町２－３１－１８" }, "geometry": { "type": "Point", "coordinates": [ 139.947778, 36.280833 ] } },
{ "type": "Feature", "properties": { "ID": 83308620610, "正式名称": "川島歯科医院", "機関区分": 3, "都道府県コード": 8, "市区町村コード": 227, "所在地": "茨城県筑西市小川１４７４－８", "緯度": 36.291944, "経度": 139.923333, "url": "https://www.iryou.teikyouseido.mhlw.go.jp/znk-web/juminkanja/S2430/initialize?prefCd=08&kikanCd=308620610&kikanKbn=3", "url2": null, "内容": "川島歯科医院【3:歯科】茨城県筑西市小川１４７４－８" }, "geometry": { "type": "Point", "coordinates": [ 139.923333, 36.291944 ] } },
{ "type": "Feature", "properties": { "ID": 83308620623, "正式名称": "曽雌歯科医院", "機関区分": 3, "都道府県コード": 8, "市区町村コード": 207, "所在地": "茨城県結城市結城５８３２－４", "緯度": 36.286667, "経度": 139.886389, "url": "https://www.iryou.teikyouseido.mhlw.go.jp/znk-web/juminkanja/S2430/initialize?prefCd=08&kikanCd=308620623&kikanKbn=3", "url2": null, "内容": "曽雌歯科医院【3:歯科】茨城県結城市結城５８３２－４" }, "geometry": { "type": "Point", "coordinates": [ 139.886389, 36.286667 ] } },
{ "type": "Feature", "properties": { "ID": 83308620649, "正式名称": "かいだ歯科医院", "機関区分": 3, "都道府県コード": 8, "市区町村コード": 207, "所在地": "茨城県結城市結城１３６２２－１", "緯度": 36.2925, "経度": 139.874444, "url": "https://www.iryou.teikyouseido.mhlw.go.jp/znk-web/juminkanja/S2430/initialize?prefCd=08&kikanCd=308620649&kikanKbn=3", "url2": "http://www.kaida-dc.com/", "内容": "かいだ歯科医院【3:歯科】茨城県結城市結城１３６２２－１" }, "geometry": { "type": "Point", "coordinates": [ 139.874444, 36.2925 ] } },
{ "type": "Feature", "properties": { "ID": 83308620694, "正式名称": "中川歯科医院", "機関区分": 3, "都道府県コード": 8, "市区町村コード": 231, "所在地": "茨城県桜川市真壁町真壁１７９", "緯度": 36.274167, "経度": 140.101111, "url": "https://www.iryou.teikyouseido.mhlw.go.jp/znk-web/juminkanja/S2430/initialize?prefCd=08&kikanCd=308620694&kikanKbn=3", "url2": "http://nakagawadc.net/", "内容": "中川歯科医院【3:歯科】茨城県桜川市真壁町真壁１７９" }, "geometry": { "type": "Point", "coordinates": [ 140.101111, 36.274167 ] } },
{ "type": "Feature", "properties": { "ID": 83308620708, "正式名称": "新治歯科医院", "機関区分": 3, "都道府県コード": 8, "市区町村コード": 227, "所在地": "茨城県筑西市門井１９７６－１９", "緯度": 36.33309, "経度": 140.03256, "url": "https://www.iryou.teikyouseido.mhlw.go.jp/znk-web/juminkanja/S2430/initialize?prefCd=08&kikanCd=308620708&kikanKbn=3", "url2": null, "内容": "新治歯科医院【3:歯科】茨城県筑西市門井１９７６－１９" }, "geometry": { "type": "Point", "coordinates": [ 140.03256, 36.33309 ] } },
{ "type": "Feature", "properties": { "ID": 83308620724, "正式名称": "飯島歯科・口腔外科クリニック", "機関区分": 3, "都道府県コード": 8, "市区町村コード": 227, "所在地": "茨城県筑西市倉持１１１３－３", "緯度": 36.239444, "経度": 140.033889, "url": "https://www.iryou.teikyouseido.mhlw.go.jp/znk-web/juminkanja/S2430/initialize?prefCd=08&kikanCd=308620724&kikanKbn=3", "url2": null, "内容": "飯島歯科・口腔外科クリニック【3:歯科】茨城県筑西市倉持１１１３－３" }, "geometry": { "type": "Point", "coordinates": [ 140.033889, 36.239444 ] } },
{ "type": "Feature", "properties": { "ID": 83308620737, "正式名称": "中山歯科診療所", "機関区分": 3, "都道府県コード": 8, "市区町村コード": 227, "所在地": "茨城県筑西市下中山４０７－６", "緯度": 36.301389, "経度": 139.990833, "url": "https://www.iryou.teikyouseido.mhlw.go.jp/znk-web/juminkanja/S2430/initialize?prefCd=08&kikanCd=308620737&kikanKbn=3", "url2": null, "内容": "中山歯科診療所【3:歯科】茨城県筑西市下中山４０７－６" }, "geometry": { "type": "Point", "coordinates": [ 139.990833, 36.301389 ] } },
{ "type": "Feature", "properties": { "ID": 83308620753, "正式名称": "高島歯科医院", "機関区分": 3, "都道府県コード": 8, "市区町村コード": 207, "所在地": "茨城県結城市今宿１０８３－７", "緯度": 36.233056, "経度": 139.876389, "url": "https://www.iryou.teikyouseido.mhlw.go.jp/znk-web/juminkanja/S2430/initialize?prefCd=08&kikanCd=308620753&kikanKbn=3", "url2": null, "内容": "高島歯科医院【3:歯科】茨城県結城市今宿１０８３－７" }, "geometry": { "type": "Point", "coordinates": [ 139.876389, 36.233056 ] } },
{ "type": "Feature", "properties": { "ID": 83308620779, "正式名称": "白石歯科医院", "機関区分": 3, "都道府県コード": 8, "市区町村コード": 207, "所在地": "茨城県結城市結城９２８４－１０", "緯度": 36.278333, "経度": 139.859167, "url": "https://www.iryou.teikyouseido.mhlw.go.jp/znk-web/juminkanja/S2430/initialize?prefCd=08&kikanCd=308620779&kikanKbn=3", "url2": null, "内容": "白石歯科医院【3:歯科】茨城県結城市結城９２８４－１０" }, "geometry": { "type": "Point", "coordinates": [ 139.859167, 36.278333 ] } },
{ "type": "Feature", "properties": { "ID": 83308620809, "正式名称": "石塚歯科医院", "機関区分": 3, "都道府県コード": 8, "市区町村コード": 227, "所在地": "茨城県筑西市伊讃美７８０－２", "緯度": 36.300102, "経度": 139.93335, "url": "https://www.iryou.teikyouseido.mhlw.go.jp/znk-web/juminkanja/S2430/initialize?prefCd=08&kikanCd=308620809&kikanKbn=3", "url2": null, "内容": "石塚歯科医院【3:歯科】茨城県筑西市伊讃美７８０－２" }, "geometry": { "type": "Point", "coordinates": [ 139.93335, 36.300102 ] } },
{ "type": "Feature", "properties": { "ID": 83308620838, "正式名称": "ナカタ歯科医院", "機関区分": 3, "都道府県コード": 8, "市区町村コード": 231, "所在地": "茨城県桜川市本木１９６９－１", "緯度": 36.33, "経度": 140.1201, "url": "https://www.iryou.teikyouseido.mhlw.go.jp/znk-web/juminkanja/S2430/initialize?prefCd=08&kikanCd=308620838&kikanKbn=3", "url2": null, "内容": "ナカタ歯科医院【3:歯科】茨城県桜川市本木１９６９－１" }, "geometry": { "type": "Point", "coordinates": [ 140.1201, 36.33 ] } },
{ "type": "Feature", "properties": { "ID": 83308620854, "正式名称": "髙野歯科医院", "機関区分": 3, "都道府県コード": 8, "市区町村コード": 227, "所在地": "茨城県筑西市丙１５６－６", "緯度": 36.3025, "経度": 139.983333, "url": "https://www.iryou.teikyouseido.mhlw.go.jp/znk-web/juminkanja/S2430/initialize?prefCd=08&kikanCd=308620854&kikanKbn=3", "url2": "http://www.takanoshika.com", "内容": "髙野歯科医院【3:歯科】茨城県筑西市丙１５６－６" }, "geometry": { "type": "Point", "coordinates": [ 139.983333, 36.3025 ] } },
{ "type": "Feature", "properties": { "ID": 83308620867, "正式名称": "あべた歯科クリニック", "機関区分": 3, "都道府県コード": 8, "市区町村コード": 207, "所在地": "茨城県結城市武井１３２２－１７", "緯度": 36.244133, "経度": 139.830001, "url": "https://www.iryou.teikyouseido.mhlw.go.jp/znk-web/juminkanja/S2430/initialize?prefCd=08&kikanCd=308620867&kikanKbn=3", "url2": null, "内容": "あべた歯科クリニック【3:歯科】茨城県結城市武井１３２２－１７" }, "geometry": { "type": "Point", "coordinates": [ 139.830001, 36.244133 ] } },
{ "type": "Feature", "properties": { "ID": 83308620870, "正式名称": "酒井歯科医院", "機関区分": 3, "都道府県コード": 8, "市区町村コード": 227, "所在地": "茨城県筑西市伊讃美７７５－３", "緯度": 36.299167, "経度": 139.940556, "url": "https://www.iryou.teikyouseido.mhlw.go.jp/znk-web/juminkanja/S2430/initialize?prefCd=08&kikanCd=308620870&kikanKbn=3", "url2": null, "内容": "酒井歯科医院【3:歯科】茨城県筑西市伊讃美７７５－３" }, "geometry": { "type": "Point", "coordinates": [ 139.940556, 36.299167 ] } },
{ "type": "Feature", "properties": { "ID": 83308620883, "正式名称": "青山歯科医院", "機関区分": 3, "都道府県コード": 8, "市区町村コード": 227, "所在地": "茨城県筑西市丙１２７", "緯度": 36.305027, "経度": 139.97879, "url": "https://www.iryou.teikyouseido.mhlw.go.jp/znk-web/juminkanja/S2430/initialize?prefCd=08&kikanCd=308620883&kikanKbn=3", "url2": null, "内容": "青山歯科医院【3:歯科】茨城県筑西市丙１２７" }, "geometry": { "type": "Point", "coordinates": [ 139.97879, 36.305027 ] } },
{ "type": "Feature", "properties": { "ID": 83308620926, "正式名称": "野口歯科医院", "機関区分": 3, "都道府県コード": 8, "市区町村コード": 227, "所在地": "茨城県筑西市市野辺２６６−３", "緯度": 36.316516, "経度": 139.985648, "url": "https://www.iryou.teikyouseido.mhlw.go.jp/znk-web/juminkanja/S2430/initialize?prefCd=08&kikanCd=308620926&kikanKbn=3", "url2": "http://www.noguchi-dent.com/", "内容": "野口歯科医院【3:歯科】茨城県筑西市市野辺２６６−３" }, "geometry": { "type": "Point", "coordinates": [ 139.985648, 36.316516 ] } },
{ "type": "Feature", "properties": { "ID": 83308620968, "正式名称": "桜井歯科医院", "機関区分": 3, "都道府県コード": 8, "市区町村コード": 207, "所在地": "茨城県結城市上山川３４６０－１", "緯度": 36.254738, "経度": 139.882313, "url": "https://www.iryou.teikyouseido.mhlw.go.jp/znk-web/juminkanja/S2430/initialize?prefCd=08&kikanCd=308620968&kikanKbn=3", "url2": null, "内容": "桜井歯科医院【3:歯科】茨城県結城市上山川３４６０－１" }, "geometry": { "type": "Point", "coordinates": [ 139.882313, 36.254738 ] } },
{ "type": "Feature", "properties": { "ID": 83308620997, "正式名称": "おにざわ歯科医院", "機関区分": 3, "都道府県コード": 8, "市区町村コード": 227, "所在地": "茨城県筑西市玉戸１５２７－１４", "緯度": 36.276893, "経度": 139.960044, "url": "https://www.iryou.teikyouseido.mhlw.go.jp/znk-web/juminkanja/S2430/initialize?prefCd=08&kikanCd=308620997&kikanKbn=3", "url2": null, "内容": "おにざわ歯科医院【3:歯科】茨城県筑西市玉戸１５２７－１４" }, "geometry": { "type": "Point", "coordinates": [ 139.960044, 36.276893 ] } },
{ "type": "Feature", "properties": { "ID": 83308621008, "正式名称": "山田歯科医院", "機関区分": 3, "都道府県コード": 8, "市区町村コード": 227, "所在地": "茨城県筑西市玉戸１３３９番地", "緯度": 36.284053, "経度": 139.952827, "url": "https://www.iryou.teikyouseido.mhlw.go.jp/znk-web/juminkanja/S2430/initialize?prefCd=08&kikanCd=308621008&kikanKbn=3", "url2": null, "内容": "山田歯科医院【3:歯科】茨城県筑西市玉戸１３３９番地" }, "geometry": { "type": "Point", "coordinates": [ 139.952827, 36.284053 ] } },
{ "type": "Feature", "properties": { "ID": 83308621011, "正式名称": "浅香歯科医院", "機関区分": 3, "都道府県コード": 8, "市区町村コード": 227, "所在地": "茨城県筑西市甲８２８－１", "緯度": 36.308611, "経度": 139.983611, "url": "https://www.iryou.teikyouseido.mhlw.go.jp/znk-web/juminkanja/S2430/initialize?prefCd=08&kikanCd=308621011&kikanKbn=3", "url2": null, "内容": "浅香歯科医院【3:歯科】茨城県筑西市甲８２８－１" }, "geometry": { "type": "Point", "coordinates": [ 139.983611, 36.308611 ] } },
{ "type": "Feature", "properties": { "ID": 83308621037, "正式名称": "ひろせ歯科医院", "機関区分": 3, "都道府県コード": 8, "市区町村コード": 227, "所在地": "茨城県筑西市海老ケ島１７２５－５", "緯度": 36.251937, "経度": 140.034949, "url": "https://www.iryou.teikyouseido.mhlw.go.jp/znk-web/juminkanja/S2430/initialize?prefCd=08&kikanCd=308621037&kikanKbn=3", "url2": "http://www.hirosedent.com/", "内容": "ひろせ歯科医院【3:歯科】茨城県筑西市海老ケ島１７２５－５" }, "geometry": { "type": "Point", "coordinates": [ 140.034949, 36.251937 ] } },
{ "type": "Feature", "properties": { "ID": 83308621053, "正式名称": "関口歯科医院", "機関区分": 3, "都道府県コード": 8, "市区町村コード": 227, "所在地": "茨城県筑西市岡芹一丁目２６６番地", "緯度": 36.320859, "経度": 139.97653, "url": "https://www.iryou.teikyouseido.mhlw.go.jp/znk-web/juminkanja/S2430/initialize?prefCd=08&kikanCd=308621053&kikanKbn=3", "url2": null, "内容": "関口歯科医院【3:歯科】茨城県筑西市岡芹一丁目２６６番地" }, "geometry": { "type": "Point", "coordinates": [ 139.97653, 36.320859 ] } },
{ "type": "Feature", "properties": { "ID": 83308621066, "正式名称": "館野歯科クリニック", "機関区分": 3, "都道府県コード": 8, "市区町村コード": 207, "所在地": "茨城県結城市結城１２７１４", "緯度": 36.293889, "経度": 139.861389, "url": "https://www.iryou.teikyouseido.mhlw.go.jp/znk-web/juminkanja/S2430/initialize?prefCd=08&kikanCd=308621066&kikanKbn=3", "url2": null, "内容": "館野歯科クリニック【3:歯科】茨城県結城市結城１２７１４" }, "geometry": { "type": "Point", "coordinates": [ 139.861389, 36.293889 ] } },
{ "type": "Feature", "properties": { "ID": 83308621095, "正式名称": "ことう歯科クリニック", "機関区分": 3, "都道府県コード": 8, "市区町村コード": 227, "所在地": "茨城県筑西市下川島８２６－３７", "緯度": 36.293007, "経度": 139.90584, "url": "https://www.iryou.teikyouseido.mhlw.go.jp/znk-web/juminkanja/S2430/initialize?prefCd=08&kikanCd=308621095&kikanKbn=3", "url2": null, "内容": "ことう歯科クリニック【3:歯科】茨城県筑西市下川島８２６－３７" }, "geometry": { "type": "Point", "coordinates": [ 139.90584, 36.293007 ] } },
{ "type": "Feature", "properties": { "ID": 83308621109, "正式名称": "協和歯科医院", "機関区分": 3, "都道府県コード": 8, "市区町村コード": 227, "所在地": "茨城県筑西市蓮沼１６６－８", "緯度": 36.320103, "経度": 140.02158, "url": "https://www.iryou.teikyouseido.mhlw.go.jp/znk-web/juminkanja/S2430/initialize?prefCd=08&kikanCd=308621109&kikanKbn=3", "url2": null, "内容": "協和歯科医院【3:歯科】茨城県筑西市蓮沼１６６－８" }, "geometry": { "type": "Point", "coordinates": [ 140.02158, 36.320103 ] } },
{ "type": "Feature", "properties": { "ID": 83308621125, "正式名称": "津田歯科医院", "機関区分": 3, "都道府県コード": 8, "市区町村コード": 227, "所在地": "茨城県筑西市乙５３０－２", "緯度": 36.312146, "経度": 139.974455, "url": "https://www.iryou.teikyouseido.mhlw.go.jp/znk-web/juminkanja/S2430/initialize?prefCd=08&kikanCd=308621125&kikanKbn=3", "url2": null, "内容": "津田歯科医院【3:歯科】茨城県筑西市乙５３０－２" }, "geometry": { "type": "Point", "coordinates": [ 139.974455, 36.312146 ] } },
{ "type": "Feature", "properties": { "ID": 83308621141, "正式名称": "河野歯科医院", "機関区分": 3, "都道府県コード": 8, "市区町村コード": 207, "所在地": "茨城県結城市結城１５７２", "緯度": 36.302778, "経度": 139.877222, "url": "https://www.iryou.teikyouseido.mhlw.go.jp/znk-web/juminkanja/S2430/initialize?prefCd=08&kikanCd=308621141&kikanKbn=3", "url2": "https://www.kouno-shika.jp/", "内容": "河野歯科医院【3:歯科】茨城県結城市結城１５７２" }, "geometry": { "type": "Point", "coordinates": [ 139.877222, 36.302778 ] } },
{ "type": "Feature", "properties": { "ID": 83308621154, "正式名称": "歯科口腔外科保坂クリニック", "機関区分": 3, "都道府県コード": 8, "市区町村コード": 207, "所在地": "茨城県結城市結城１３９", "緯度": 36.290556, "経度": 139.868889, "url": "https://www.iryou.teikyouseido.mhlw.go.jp/znk-web/juminkanja/S2430/initialize?prefCd=08&kikanCd=308621154&kikanKbn=3", "url2": "http://www.hosakadds.jp", "内容": "歯科口腔外科保坂クリニック【3:歯科】茨城県結城市結城１３９" }, "geometry": { "type": "Point", "coordinates": [ 139.868889, 36.290556 ] } },
{ "type": "Feature", "properties": { "ID": 83308621167, "正式名称": "永盛歯科医院", "機関区分": 3, "都道府県コード": 8, "市区町村コード": 227, "所在地": "茨城県筑西市中舘２２３９", "緯度": 36.328678, "経度": 139.975131, "url": "https://www.iryou.teikyouseido.mhlw.go.jp/znk-web/juminkanja/S2430/initialize?prefCd=08&kikanCd=308621167&kikanKbn=3", "url2": null, "内容": "永盛歯科医院【3:歯科】茨城県筑西市中舘２２３９" }, "geometry": { "type": "Point", "coordinates": [ 139.975131, 36.328678 ] } },
{ "type": "Feature", "properties": { "ID": 83308621170, "正式名称": "菊池歯科医院", "機関区分": 3, "都道府県コード": 8, "市区町村コード": 227, "所在地": "茨城県筑西市布川３０８", "緯度": 36.277365, "経度": 139.934067, "url": "https://www.iryou.teikyouseido.mhlw.go.jp/znk-web/juminkanja/S2430/initialize?prefCd=08&kikanCd=308621170&kikanKbn=3", "url2": "http://www.kikuchi-shika1986.jp/", "内容": "菊池歯科医院【3:歯科】茨城県筑西市布川３０８" }, "geometry": { "type": "Point", "coordinates": [ 139.934067, 36.277365 ] } },
{ "type": "Feature", "properties": { "ID": 83308621196, "正式名称": "ふれあい歯科医院", "機関区分": 3, "都道府県コード": 8, "市区町村コード": 207, "所在地": "茨城県結城市七五三場２６５−５", "緯度": 36.205, "経度": 139.825, "url": "https://www.iryou.teikyouseido.mhlw.go.jp/znk-web/juminkanja/S2430/initialize?prefCd=08&kikanCd=308621196&kikanKbn=3", "url2": null, "内容": "ふれあい歯科医院【3:歯科】茨城県結城市七五三場２６５−５" }, "geometry": { "type": "Point", "coordinates": [ 139.825, 36.205 ] } },
{ "type": "Feature", "properties": { "ID": 83308621200, "正式名称": "土井歯科クリニック", "機関区分": 3, "都道府県コード": 8, "市区町村コード": 231, "所在地": "茨城県桜川市真壁町亀熊１８９７－１", "緯度": 36.278333, "経度": 140.090278, "url": "https://www.iryou.teikyouseido.mhlw.go.jp/znk-web/juminkanja/S2430/initialize?prefCd=08&kikanCd=308621200&kikanKbn=3", "url2": "https://doi-dental-clinic.jp/", "内容": "土井歯科クリニック【3:歯科】茨城県桜川市真壁町亀熊１８９７－１" }, "geometry": { "type": "Point", "coordinates": [ 140.090278, 36.278333 ] } },
{ "type": "Feature", "properties": { "ID": 83308621226, "正式名称": "阿部歯科医院", "機関区分": 3, "都道府県コード": 8, "市区町村コード": 227, "所在地": "茨城県筑西市下岡崎３－４－１３", "緯度": 36.299246, "経度": 139.982943, "url": "https://www.iryou.teikyouseido.mhlw.go.jp/znk-web/juminkanja/S2430/initialize?prefCd=08&kikanCd=308621226&kikanKbn=3", "url2": null, "内容": "阿部歯科医院【3:歯科】茨城県筑西市下岡崎３－４－１３" }, "geometry": { "type": "Point", "coordinates": [ 139.982943, 36.299246 ] } },
{ "type": "Feature", "properties": { "ID": 83308621242, "正式名称": "ふるはし歯科医院", "機関区分": 3, "都道府県コード": 8, "市区町村コード": 231, "所在地": "茨城県桜川市真壁町上小幡１９ー１", "緯度": 36.307469, "経度": 140.111776, "url": "https://www.iryou.teikyouseido.mhlw.go.jp/znk-web/juminkanja/S2430/initialize?prefCd=08&kikanCd=308621242&kikanKbn=3", "url2": null, "内容": "ふるはし歯科医院【3:歯科】茨城県桜川市真壁町上小幡１９ー１" }, "geometry": { "type": "Point", "coordinates": [ 140.111776, 36.307469 ] } },
{ "type": "Feature", "properties": { "ID": 83308621255, "正式名称": "にこにこ歯科", "機関区分": 3, "都道府県コード": 8, "市区町村コード": 207, "所在地": "茨城県結城市結城９１４３－２", "緯度": 36.28634, "経度": 139.859744, "url": "https://www.iryou.teikyouseido.mhlw.go.jp/znk-web/juminkanja/S2430/initialize?prefCd=08&kikanCd=308621255&kikanKbn=3", "url2": "http://www.nikoniko-shika.net", "内容": "にこにこ歯科【3:歯科】茨城県結城市結城９１４３－２" }, "geometry": { "type": "Point", "coordinates": [ 139.859744, 36.28634 ] } },
{ "type": "Feature", "properties": { "ID": 83308621271, "正式名称": "小早川歯科医院", "機関区分": 3, "都道府県コード": 8, "市区町村コード": 207, "所在地": "茨城県結城市結城１３４３５グランドドリームビル１Ｆ", "緯度": 36.296662, "経度": 139.872971, "url": "https://www.iryou.teikyouseido.mhlw.go.jp/znk-web/juminkanja/S2430/initialize?prefCd=08&kikanCd=308621271&kikanKbn=3", "url2": null, "内容": "小早川歯科医院【3:歯科】茨城県結城市結城１３４３５グランドドリームビル１Ｆ" }, "geometry": { "type": "Point", "coordinates": [ 139.872971, 36.296662 ] } },
{ "type": "Feature", "properties": { "ID": 83308621284, "正式名称": "加藤歯科医院", "機関区分": 3, "都道府県コード": 8, "市区町村コード": 227, "所在地": "茨城県筑西市西山田２５５－１", "緯度": 36.333889, "経度": 139.936667, "url": "https://www.iryou.teikyouseido.mhlw.go.jp/znk-web/juminkanja/S2430/initialize?prefCd=08&kikanCd=308621284&kikanKbn=3", "url2": null, "内容": "加藤歯科医院【3:歯科】茨城県筑西市西山田２５５－１" }, "geometry": { "type": "Point", "coordinates": [ 139.936667, 36.333889 ] } },
{ "type": "Feature", "properties": { "ID": 83308621314, "正式名称": "医療法人社団康新会武内歯科", "機関区分": 3, "都道府県コード": 8, "市区町村コード": 227, "所在地": "茨城県筑西市下岡崎２－７－１", "緯度": 36.303952, "経度": 139.98142, "url": "https://www.iryou.teikyouseido.mhlw.go.jp/znk-web/juminkanja/S2430/initialize?prefCd=08&kikanCd=308621314&kikanKbn=3", "url2": null, "内容": "医療法人社団康新会武内歯科【3:歯科】茨城県筑西市下岡崎２－７－１" }, "geometry": { "type": "Point", "coordinates": [ 139.98142, 36.303952 ] } },
{ "type": "Feature", "properties": { "ID": 83308621327, "正式名称": "わたなべ歯科医院", "機関区分": 3, "都道府県コード": 8, "市区町村コード": 207, "所在地": "茨城県結城市五助２４２７", "緯度": 36.301944, "経度": 139.856944, "url": "https://www.iryou.teikyouseido.mhlw.go.jp/znk-web/juminkanja/S2430/initialize?prefCd=08&kikanCd=308621327&kikanKbn=3", "url2": null, "内容": "わたなべ歯科医院【3:歯科】茨城県結城市五助２４２７" }, "geometry": { "type": "Point", "coordinates": [ 139.856944, 36.301944 ] } },
{ "type": "Feature", "properties": { "ID": 83308621343, "正式名称": "きらら歯科医院", "機関区分": 3, "都道府県コード": 8, "市区町村コード": 227, "所在地": "茨城県筑西市玉戸１０６５－１", "緯度": 36.29484, "経度": 139.93947, "url": "https://www.iryou.teikyouseido.mhlw.go.jp/znk-web/juminkanja/S2430/initialize?prefCd=08&kikanCd=308621343&kikanKbn=3", "url2": null, "内容": "きらら歯科医院【3:歯科】茨城県筑西市玉戸１０６５－１" }, "geometry": { "type": "Point", "coordinates": [ 139.93947, 36.29484 ] } },
{ "type": "Feature", "properties": { "ID": 83308621369, "正式名称": "医療法人梨栄会梨の木デンタルクリニック", "機関区分": 3, "都道府県コード": 8, "市区町村コード": 227, "所在地": "茨城県筑西市関本下１９４３－１", "緯度": 36.248611, "経度": 139.929722, "url": "https://www.iryou.teikyouseido.mhlw.go.jp/znk-web/juminkanja/S2430/initialize?prefCd=08&kikanCd=308621369&kikanKbn=3", "url2": null, "内容": "医療法人梨栄会梨の木デンタルクリニック【3:歯科】茨城県筑西市関本下１９４３－１" }, "geometry": { "type": "Point", "coordinates": [ 139.929722, 36.248611 ] } },
{ "type": "Feature", "properties": { "ID": 83308621398, "正式名称": "いいだ歯科医院", "機関区分": 3, "都道府県コード": 8, "市区町村コード": 227, "所在地": "茨城県筑西市藤ケ谷１６５８－２３", "緯度": 36.249165, "経度": 139.95868, "url": "https://www.iryou.teikyouseido.mhlw.go.jp/znk-web/juminkanja/S2430/initialize?prefCd=08&kikanCd=308621398&kikanKbn=3", "url2": null, "内容": "いいだ歯科医院【3:歯科】茨城県筑西市藤ケ谷１６５８－２３" }, "geometry": { "type": "Point", "coordinates": [ 139.95868, 36.249165 ] } },
{ "type": "Feature", "properties": { "ID": 83308621431, "正式名称": "堀歯科クリニック", "機関区分": 3, "都道府県コード": 8, "市区町村コード": 231, "所在地": "茨城県桜川市明日香１－５０タカダコーポ", "緯度": 36.361944, "経度": 140.111667, "url": "https://www.iryou.teikyouseido.mhlw.go.jp/znk-web/juminkanja/S2430/initialize?prefCd=08&kikanCd=308621431&kikanKbn=3", "url2": null, "内容": "堀歯科クリニック【3:歯科】茨城県桜川市明日香１－５０タカダコーポ" }, "geometry": { "type": "Point", "coordinates": [ 140.111667, 36.361944 ] } },
{ "type": "Feature", "properties": { "ID": 83308621457, "正式名称": "小川医院歯科", "機関区分": 3, "都道府県コード": 8, "市区町村コード": 227, "所在地": "茨城県筑西市小川１４５５－９", "緯度": 36.292222, "経度": 139.921389, "url": "https://www.iryou.teikyouseido.mhlw.go.jp/znk-web/juminkanja/S2430/initialize?prefCd=08&kikanCd=308621457&kikanKbn=3", "url2": null, "内容": "小川医院歯科【3:歯科】茨城県筑西市小川１４５５－９" }, "geometry": { "type": "Point", "coordinates": [ 139.921389, 36.292222 ] } },
{ "type": "Feature", "properties": { "ID": 83308621460, "正式名称": "いけうちデンタルクリニック", "機関区分": 3, "都道府県コード": 8, "市区町村コード": 227, "所在地": "茨城県筑西市直井１０３９―１", "緯度": 36.309167, "経度": 139.997778, "url": "https://www.iryou.teikyouseido.mhlw.go.jp/znk-web/juminkanja/S2430/initialize?prefCd=08&kikanCd=308621460&kikanKbn=3", "url2": null, "内容": "いけうちデンタルクリニック【3:歯科】茨城県筑西市直井１０３９―１" }, "geometry": { "type": "Point", "coordinates": [ 139.997778, 36.309167 ] } },
{ "type": "Feature", "properties": { "ID": 83308621486, "正式名称": "えのきど歯科", "機関区分": 3, "都道府県コード": 8, "市区町村コード": 231, "所在地": "茨城県桜川市真壁町飯塚５２４‐６", "緯度": 36.275258, "経度": 140.093624, "url": "https://www.iryou.teikyouseido.mhlw.go.jp/znk-web/juminkanja/S2430/initialize?prefCd=08&kikanCd=308621486&kikanKbn=3", "url2": null, "内容": "えのきど歯科【3:歯科】茨城県桜川市真壁町飯塚５２４‐６" }, "geometry": { "type": "Point", "coordinates": [ 140.093624, 36.275258 ] } },
{ "type": "Feature", "properties": { "ID": 83308621529, "正式名称": "こじま歯科医院", "機関区分": 3, "都道府県コード": 8, "市区町村コード": 207, "所在地": "茨城県結城市結城６５９９―１", "緯度": 36.290556, "経度": 139.868889, "url": "https://www.iryou.teikyouseido.mhlw.go.jp/znk-web/juminkanja/S2430/initialize?prefCd=08&kikanCd=308621529&kikanKbn=3", "url2": "http://www.geocities.jp/zwolf0102/", "内容": "こじま歯科医院【3:歯科】茨城県結城市結城６５９９―１" }, "geometry": { "type": "Point", "coordinates": [ 139.868889, 36.290556 ] } },
{ "type": "Feature", "properties": { "ID": 83308621532, "正式名称": "あらやま歯科医院", "機関区分": 3, "都道府県コード": 8, "市区町村コード": 227, "所在地": "茨城県筑西市関本肥土２３－１", "緯度": 36.254684, "経度": 139.90474, "url": "https://www.iryou.teikyouseido.mhlw.go.jp/znk-web/juminkanja/S2430/initialize?prefCd=08&kikanCd=308621532&kikanKbn=3", "url2": null, "内容": "あらやま歯科医院【3:歯科】茨城県筑西市関本肥土２３－１" }, "geometry": { "type": "Point", "coordinates": [ 139.90474, 36.254684 ] } },
{ "type": "Feature", "properties": { "ID": 83308621561, "正式名称": "いわさき歯科クリニック", "機関区分": 3, "都道府県コード": 8, "市区町村コード": 227, "所在地": "茨城県筑西市女方９４４ー５", "緯度": 36.275833, "経度": 139.916111, "url": "https://www.iryou.teikyouseido.mhlw.go.jp/znk-web/juminkanja/S2430/initialize?prefCd=08&kikanCd=308621561&kikanKbn=3", "url2": "http://www.iwasaki-dental.clinic/", "内容": "いわさき歯科クリニック【3:歯科】茨城県筑西市女方９４４ー５" }, "geometry": { "type": "Point", "coordinates": [ 139.916111, 36.275833 ] } },
{ "type": "Feature", "properties": { "ID": 83308621574, "正式名称": "医療法人　孝寿会　しもふさクリニック", "機関区分": 3, "都道府県コード": 8, "市区町村コード": 207, "所在地": "茨城県結城市武井１２４４－４", "緯度": 36.29948, "経度": 139.8731, "url": "https://www.iryou.teikyouseido.mhlw.go.jp/znk-web/juminkanja/S2430/initialize?prefCd=08&kikanCd=308621574&kikanKbn=3", "url2": null, "内容": "医療法人　孝寿会　しもふさクリニック【3:歯科】茨城県結城市武井１２４４－４" }, "geometry": { "type": "Point", "coordinates": [ 139.8731, 36.29948 ] } },
{ "type": "Feature", "properties": { "ID": 83308621587, "正式名称": "山王歯科", "機関区分": 3, "都道府県コード": 8, "市区町村コード": 231, "所在地": "茨城県桜川市高森１０２７", "緯度": 36.34751, "経度": 140.071383, "url": "https://www.iryou.teikyouseido.mhlw.go.jp/znk-web/juminkanja/S2430/initialize?prefCd=08&kikanCd=308621587&kikanKbn=3", "url2": "https://sannoh-dental.jp/", "内容": "山王歯科【3:歯科】茨城県桜川市高森１０２７" }, "geometry": { "type": "Point", "coordinates": [ 140.071383, 36.34751 ] } },
{ "type": "Feature", "properties": { "ID": 83308621590, "正式名称": "山口歯科クリニック", "機関区分": 3, "都道府県コード": 8, "市区町村コード": 227, "所在地": "茨城県筑西市嘉家佐和２１５６－１", "緯度": 36.261667, "経度": 139.975, "url": "https://www.iryou.teikyouseido.mhlw.go.jp/znk-web/juminkanja/S2430/initialize?prefCd=08&kikanCd=308621590&kikanKbn=3", "url2": "http://www.gori-shika.com", "内容": "山口歯科クリニック【3:歯科】茨城県筑西市嘉家佐和２１５６－１" }, "geometry": { "type": "Point", "coordinates": [ 139.975, 36.261667 ] } },
{ "type": "Feature", "properties": { "ID": 83308621617, "正式名称": "あらかわ歯科医院", "機関区分": 3, "都道府県コード": 8, "市区町村コード": 207, "所在地": "茨城県結城市結城１１７５３－６", "緯度": 36.311535, "経度": 139.868364, "url": "https://www.iryou.teikyouseido.mhlw.go.jp/znk-web/juminkanja/S2430/initialize?prefCd=08&kikanCd=308621617&kikanKbn=3", "url2": "https://www.arakawa-dentalclinic.com/", "内容": "あらかわ歯科医院【3:歯科】茨城県結城市結城１１７５３－６" }, "geometry": { "type": "Point", "coordinates": [ 139.868364, 36.311535 ] } },
{ "type": "Feature", "properties": { "ID": 83308621633, "正式名称": "神明歯科医院", "機関区分": 3, "都道府県コード": 8, "市区町村コード": 227, "所在地": "茨城県筑西市菅谷１５８１", "緯度": 36.30741, "経度": 139.96663, "url": "https://www.iryou.teikyouseido.mhlw.go.jp/znk-web/juminkanja/S2430/initialize?prefCd=08&kikanCd=308621633&kikanKbn=3", "url2": null, "内容": "神明歯科医院【3:歯科】茨城県筑西市菅谷１５８１" }, "geometry": { "type": "Point", "coordinates": [ 139.96663, 36.30741 ] } },
{ "type": "Feature", "properties": { "ID": 83308630033, "正式名称": "中川歯科医院", "機関区分": 3, "都道府県コード": 8, "市区町村コード": 210, "所在地": "茨城県下妻市下妻乙３４７－１", "緯度": 36.179712, "経度": 139.960874, "url": "https://www.iryou.teikyouseido.mhlw.go.jp/znk-web/juminkanja/S2430/initialize?prefCd=08&kikanCd=308630033&kikanKbn=3", "url2": "http://www.nakagawa-dc.info/index.html", "内容": "中川歯科医院【3:歯科】茨城県下妻市下妻乙３４７－１" }, "geometry": { "type": "Point", "coordinates": [ 139.960874, 36.179712 ] } },
{ "type": "Feature", "properties": { "ID": 83308630222, "正式名称": "戸頃歯科医院", "機関区分": 3, "都道府県コード": 8, "市区町村コード": 211, "所在地": "茨城県常総市新石下４０４９", "緯度": 36.109051, "経度": 139.977404, "url": "https://www.iryou.teikyouseido.mhlw.go.jp/znk-web/juminkanja/S2430/initialize?prefCd=08&kikanCd=308630222&kikanKbn=3", "url2": null, "内容": "戸頃歯科医院【3:歯科】茨城県常総市新石下４０４９" }, "geometry": { "type": "Point", "coordinates": [ 139.977404, 36.109051 ] } },
{ "type": "Feature", "properties": { "ID": 83308630235, "正式名称": "古橋歯科医院", "機関区分": 3, "都道府県コード": 8, "市区町村コード": 210, "所在地": "茨城県下妻市別府３１３", "緯度": 36.152532, "経度": 139.943724, "url": "https://www.iryou.teikyouseido.mhlw.go.jp/znk-web/juminkanja/S2430/initialize?prefCd=08&kikanCd=308630235&kikanKbn=3", "url2": null, "内容": "古橋歯科医院【3:歯科】茨城県下妻市別府３１３" }, "geometry": { "type": "Point", "coordinates": [ 139.943724, 36.152532 ] } },
{ "type": "Feature", "properties": { "ID": 83308630251, "正式名称": "内海歯科医院", "機関区分": 3, "都道府県コード": 8, "市区町村コード": 521, "所在地": "茨城県結城郡八千代町村貫１５８－１２", "緯度": 36.168889, "経度": 139.875, "url": "https://www.iryou.teikyouseido.mhlw.go.jp/znk-web/juminkanja/S2430/initialize?prefCd=08&kikanCd=308630251&kikanKbn=3", "url2": "http://www17.ocn.ne.jp/~uchiumid/", "内容": "内海歯科医院【3:歯科】茨城県結城郡八千代町村貫１５８－１２" }, "geometry": { "type": "Point", "coordinates": [ 139.875, 36.168889 ] } },
{ "type": "Feature", "properties": { "ID": 83308630293, "正式名称": "石浜歯科医院", "機関区分": 3, "都道府県コード": 8, "市区町村コード": 210, "所在地": "茨城県下妻市高道祖４６１２－１", "緯度": 36.185, "経度": 140.014167, "url": "https://www.iryou.teikyouseido.mhlw.go.jp/znk-web/juminkanja/S2430/initialize?prefCd=08&kikanCd=308630293&kikanKbn=3", "url2": null, "内容": "石浜歯科医院【3:歯科】茨城県下妻市高道祖４６１２－１" }, "geometry": { "type": "Point", "coordinates": [ 140.014167, 36.185 ] } },
{ "type": "Feature", "properties": { "ID": 83308630310, "正式名称": "石下歯科医院", "機関区分": 3, "都道府県コード": 8, "市区町村コード": 211, "所在地": "茨城県常総市新石下４１００－１", "緯度": 36.109255, "経度": 139.98102, "url": "https://www.iryou.teikyouseido.mhlw.go.jp/znk-web/juminkanja/S2430/initialize?prefCd=08&kikanCd=308630310&kikanKbn=3", "url2": null, "内容": "石下歯科医院【3:歯科】茨城県常総市新石下４１００－１" }, "geometry": { "type": "Point", "coordinates": [ 139.98102, 36.109255 ] } },
{ "type": "Feature", "properties": { "ID": 83308630349, "正式名称": "秋葉歯科医院", "機関区分": 3, "都道府県コード": 8, "市区町村コード": 211, "所在地": "茨城県常総市鴻野山３３９‐１", "緯度": 36.113904, "経度": 139.929242, "url": "https://www.iryou.teikyouseido.mhlw.go.jp/znk-web/juminkanja/S2430/initialize?prefCd=08&kikanCd=308630349&kikanKbn=3", "url2": null, "内容": "秋葉歯科医院【3:歯科】茨城県常総市鴻野山３３９‐１" }, "geometry": { "type": "Point", "coordinates": [ 139.929242, 36.113904 ] } },
{ "type": "Feature", "properties": { "ID": 83308630352, "正式名称": "生井歯科医院", "機関区分": 3, "都道府県コード": 8, "市区町村コード": 211, "所在地": "茨城県常総市新石下３８３２", "緯度": 36.109722, "経度": 139.979167, "url": "https://www.iryou.teikyouseido.mhlw.go.jp/znk-web/juminkanja/S2430/initialize?prefCd=08&kikanCd=308630352&kikanKbn=3", "url2": null, "内容": "生井歯科医院【3:歯科】茨城県常総市新石下３８３２" }, "geometry": { "type": "Point", "coordinates": [ 139.979167, 36.109722 ] } },
{ "type": "Feature", "properties": { "ID": 83308630378, "正式名称": "関井歯科医院", "機関区分": 3, "都道府県コード": 8, "市区町村コード": 211, "所在地": "茨城県常総市新石下１０１２－７", "緯度": 36.109754, "経度": 139.972071, "url": "https://www.iryou.teikyouseido.mhlw.go.jp/znk-web/juminkanja/S2430/initialize?prefCd=08&kikanCd=308630378&kikanKbn=3", "url2": null, "内容": "関井歯科医院【3:歯科】茨城県常総市新石下１０１２－７" }, "geometry": { "type": "Point", "coordinates": [ 139.972071, 36.109754 ] } },
{ "type": "Feature", "properties": { "ID": 83308640010, "正式名称": "秋場歯科医院", "機関区分": 3, "都道府県コード": 8, "市区町村コード": 211, "所在地": "茨城県常総市水海道宝町３３８０", "緯度": 36.018889, "経度": 139.992778, "url": "https://www.iryou.teikyouseido.mhlw.go.jp/znk-web/juminkanja/S2430/initialize?prefCd=08&kikanCd=308640010&kikanKbn=3", "url2": null, "内容": "秋場歯科医院【3:歯科】茨城県常総市水海道宝町３３８０" }, "geometry": { "type": "Point", "coordinates": [ 139.992778, 36.018889 ] } },
{ "type": "Feature", "properties": { "ID": 83308640049, "正式名称": "髙田歯科医院", "機関区分": 3, "都道府県コード": 8, "市区町村コード": 211, "所在地": "茨城県常総市水海道宝町２７６２ー３", "緯度": 36.018482, "経度": 139.99146, "url": "https://www.iryou.teikyouseido.mhlw.go.jp/znk-web/juminkanja/S2430/initialize?prefCd=08&kikanCd=308640049&kikanKbn=3", "url2": null, "内容": "髙田歯科医院【3:歯科】茨城県常総市水海道宝町２７６２ー３" }, "geometry": { "type": "Point", "coordinates": [ 139.99146, 36.018482 ] } },
{ "type": "Feature", "properties": { "ID": 83308640078, "正式名称": "飯塚歯科医院", "機関区分": 3, "都道府県コード": 8, "市区町村コード": 211, "所在地": "茨城県常総市水海道宝町２８４８の１", "緯度": 36.020385, "経度": 139.991004, "url": "https://www.iryou.teikyouseido.mhlw.go.jp/znk-web/juminkanja/S2430/initialize?prefCd=08&kikanCd=308640078&kikanKbn=3", "url2": null, "内容": "飯塚歯科医院【3:歯科】茨城県常総市水海道宝町２８４８の１" }, "geometry": { "type": "Point", "coordinates": [ 139.991004, 36.020385 ] } },
{ "type": "Feature", "properties": { "ID": 83308640296, "正式名称": "相良歯科医院", "機関区分": 3, "都道府県コード": 8, "市区町村コード": 224, "所在地": "茨城県守谷市本町", "緯度": 35.940556, "経度": 140.001944, "url": "https://www.iryou.teikyouseido.mhlw.go.jp/znk-web/juminkanja/S2430/initialize?prefCd=08&kikanCd=308640296&kikanKbn=3", "url2": "https://www.sagarashika.jp/", "内容": "相良歯科医院【3:歯科】茨城県守谷市本町" }, "geometry": { "type": "Point", "coordinates": [ 140.001944, 35.940556 ] } },
{ "type": "Feature", "properties": { "ID": 83308640300, "正式名称": "ひがし歯科医院", "機関区分": 3, "都道府県コード": 8, "市区町村コード": 224, "所在地": "茨城県守谷市御所ケ丘４－１１－１２", "緯度": 35.963056, "経度": 139.979722, "url": "https://www.iryou.teikyouseido.mhlw.go.jp/znk-web/juminkanja/S2430/initialize?prefCd=08&kikanCd=308640300&kikanKbn=3", "url2": "https://moriya-higashidc.com/", "内容": "ひがし歯科医院【3:歯科】茨城県守谷市御所ケ丘４－１１－１２" }, "geometry": { "type": "Point", "coordinates": [ 139.979722, 35.963056 ] } },
{ "type": "Feature", "properties": { "ID": 83308640342, "正式名称": "医療法人社団健光会白鳥歯科クリニック", "機関区分": 3, "都道府県コード": 8, "市区町村コード": 228, "所在地": "茨城県坂東市辺田９９５－１", "緯度": 36.035833, "経度": 139.904167, "url": "https://www.iryou.teikyouseido.mhlw.go.jp/znk-web/juminkanja/S2430/initialize?prefCd=08&kikanCd=308640342&kikanKbn=3", "url2": "http://www.shiratori-shika.com/", "内容": "医療法人社団健光会白鳥歯科クリニック【3:歯科】茨城県坂東市辺田９９５－１" }, "geometry": { "type": "Point", "coordinates": [ 139.904167, 36.035833 ] } },
{ "type": "Feature", "properties": { "ID": 83308640368, "正式名称": "長塚歯科医院", "機関区分": 3, "都道府県コード": 8, "市区町村コード": 211, "所在地": "茨城県常総市水海道橋本町３６２３－１", "緯度": 36.023056, "経度": 139.996111, "url": "https://www.iryou.teikyouseido.mhlw.go.jp/znk-web/juminkanja/S2430/initialize?prefCd=08&kikanCd=308640368&kikanKbn=3", "url2": null, "内容": "長塚歯科医院【3:歯科】茨城県常総市水海道橋本町３６２３－１" }, "geometry": { "type": "Point", "coordinates": [ 139.996111, 36.023056 ] } },
{ "type": "Feature", "properties": { "ID": 83308640414, "正式名称": "鯨井歯科", "機関区分": 3, "都道府県コード": 8, "市区町村コード": 224, "所在地": "茨城県守谷市松並", "緯度": 35.956667, "経度": 139.99, "url": "https://www.iryou.teikyouseido.mhlw.go.jp/znk-web/juminkanja/S2430/initialize?prefCd=08&kikanCd=308640414&kikanKbn=3", "url2": null, "内容": "鯨井歯科【3:歯科】茨城県守谷市松並" }, "geometry": { "type": "Point", "coordinates": [ 139.99, 35.956667 ] } },
{ "type": "Feature", "properties": { "ID": 83308640430, "正式名称": "小林歯科医院", "機関区分": 3, "都道府県コード": 8, "市区町村コード": 228, "所在地": "茨城県坂東市岩井", "緯度": 36.0475, "経度": 139.887222, "url": "https://www.iryou.teikyouseido.mhlw.go.jp/znk-web/juminkanja/S2430/initialize?prefCd=08&kikanCd=308640430&kikanKbn=3", "url2": null, "内容": "小林歯科医院【3:歯科】茨城県坂東市岩井" }, "geometry": { "type": "Point", "coordinates": [ 139.887222, 36.0475 ] } },
{ "type": "Feature", "properties": { "ID": 83308640443, "正式名称": "医療法人社団ＧＬＡＮＺ　大津歯科医院", "機関区分": 3, "都道府県コード": 8, "市区町村コード": 224, "所在地": "茨城県守谷市立沢１１６３－３７", "緯度": 35.95922, "経度": 139.97595, "url": "https://www.iryou.teikyouseido.mhlw.go.jp/znk-web/juminkanja/S2430/initialize?prefCd=08&kikanCd=308640443&kikanKbn=3", "url2": "https://ohtsudent.jp/", "内容": "医療法人社団ＧＬＡＮＺ　大津歯科医院【3:歯科】茨城県守谷市立沢１１６３－３７" }, "geometry": { "type": "Point", "coordinates": [ 139.97595, 35.95922 ] } },
{ "type": "Feature", "properties": { "ID": 83308640456, "正式名称": "北村こどもの歯科", "機関区分": 3, "都道府県コード": 8, "市区町村コード": 211, "所在地": "茨城県常総市水海道栄町２６９８ー１", "緯度": 36.015, "経度": 139.991389, "url": "https://www.iryou.teikyouseido.mhlw.go.jp/znk-web/juminkanja/S2430/initialize?prefCd=08&kikanCd=308640456&kikanKbn=3", "url2": null, "内容": "北村こどもの歯科【3:歯科】茨城県常総市水海道栄町２６９８ー１" }, "geometry": { "type": "Point", "coordinates": [ 139.991389, 36.015 ] } },
{ "type": "Feature", "properties": { "ID": 83308640531, "正式名称": "吹上歯科医院", "機関区分": 3, "都道府県コード": 8, "市区町村コード": 228, "所在地": "茨城県坂東市上出島４８４－３", "緯度": 36.071944, "経度": 139.869167, "url": "https://www.iryou.teikyouseido.mhlw.go.jp/znk-web/juminkanja/S2430/initialize?prefCd=08&kikanCd=308640531&kikanKbn=3", "url2": null, "内容": "吹上歯科医院【3:歯科】茨城県坂東市上出島４８４－３" }, "geometry": { "type": "Point", "coordinates": [ 139.869167, 36.071944 ] } },
{ "type": "Feature", "properties": { "ID": 83308640573, "正式名称": "森下歯科医院", "機関区分": 3, "都道府県コード": 8, "市区町村コード": 211, "所在地": "茨城県常総市水海道森下町４４０８－１", "緯度": 36.03129, "経度": 139.99034, "url": "https://www.iryou.teikyouseido.mhlw.go.jp/znk-web/juminkanja/S2430/initialize?prefCd=08&kikanCd=308640573&kikanKbn=3", "url2": null, "内容": "森下歯科医院【3:歯科】茨城県常総市水海道森下町４４０８－１" }, "geometry": { "type": "Point", "coordinates": [ 139.99034, 36.03129 ] } },
{ "type": "Feature", "properties": { "ID": 83308640586, "正式名称": "高野歯科医院", "機関区分": 3, "都道府県コード": 8, "市区町村コード": 228, "所在地": "茨城県坂東市岩井４３２２－８", "緯度": 36.048058, "経度": 139.88617, "url": "https://www.iryou.teikyouseido.mhlw.go.jp/znk-web/juminkanja/S2430/initialize?prefCd=08&kikanCd=308640586&kikanKbn=3", "url2": null, "内容": "高野歯科医院【3:歯科】茨城県坂東市岩井４３２２－８" }, "geometry": { "type": "Point", "coordinates": [ 139.88617, 36.048058 ] } },
{ "type": "Feature", "properties": { "ID": 83308640603, "正式名称": "笠川歯科医院", "機関区分": 3, "都道府県コード": 8, "市区町村コード": 224, "所在地": "茨城県守谷市板戸井２２３６", "緯度": 35.963889, "経度": 139.960833, "url": "https://www.iryou.teikyouseido.mhlw.go.jp/znk-web/juminkanja/S2430/initialize?prefCd=08&kikanCd=308640603&kikanKbn=3", "url2": null, "内容": "笠川歯科医院【3:歯科】茨城県守谷市板戸井２２３６" }, "geometry": { "type": "Point", "coordinates": [ 139.960833, 35.963889 ] } },
{ "type": "Feature", "properties": { "ID": 83308640616, "正式名称": "医療法人博心会パレットデンタルクリニック", "機関区分": 3, "都道府県コード": 8, "市区町村コード": 224, "所在地": "茨城県守谷市小山", "緯度": 35.926667, "経度": 140.016944, "url": "https://www.iryou.teikyouseido.mhlw.go.jp/znk-web/juminkanja/S2430/initialize?prefCd=08&kikanCd=308640616&kikanKbn=3", "url2": "http://www.hakushinkai.com", "内容": "医療法人博心会パレットデンタルクリニック【3:歯科】茨城県守谷市小山" }, "geometry": { "type": "Point", "coordinates": [ 140.016944, 35.926667 ] } },
{ "type": "Feature", "properties": { "ID": 83308640629, "正式名称": "水野歯科医院", "機関区分": 3, "都道府県コード": 8, "市区町村コード": 224, "所在地": "茨城県守谷市松前台２－９－１２", "緯度": 35.971154, "経度": 139.968124, "url": "https://www.iryou.teikyouseido.mhlw.go.jp/znk-web/juminkanja/S2430/initialize?prefCd=08&kikanCd=308640629&kikanKbn=3", "url2": null, "内容": "水野歯科医院【3:歯科】茨城県守谷市松前台２－９－１２" }, "geometry": { "type": "Point", "coordinates": [ 139.968124, 35.971154 ] } },
{ "type": "Feature", "properties": { "ID": 83308640658, "正式名称": "中妻歯科医院", "機関区分": 3, "都道府県コード": 8, "市区町村コード": 211, "所在地": "茨城県常総市中妻町２６１０－３", "緯度": 36.056111, "経度": 139.984444, "url": "https://www.iryou.teikyouseido.mhlw.go.jp/znk-web/juminkanja/S2430/initialize?prefCd=08&kikanCd=308640658&kikanKbn=3", "url2": null, "内容": "中妻歯科医院【3:歯科】茨城県常総市中妻町２６１０－３" }, "geometry": { "type": "Point", "coordinates": [ 139.984444, 36.056111 ] } },
{ "type": "Feature", "properties": { "ID": 83308640661, "正式名称": "神田山歯科クリニック", "機関区分": 3, "都道府県コード": 8, "市区町村コード": 228, "所在地": "茨城県坂東市神田山１４２７－１", "緯度": 36.035852, "経度": 139.91797, "url": "https://www.iryou.teikyouseido.mhlw.go.jp/znk-web/juminkanja/S2430/initialize?prefCd=08&kikanCd=308640661&kikanKbn=3", "url2": null, "内容": "神田山歯科クリニック【3:歯科】茨城県坂東市神田山１４２７－１" }, "geometry": { "type": "Point", "coordinates": [ 139.91797, 36.035852 ] } },
{ "type": "Feature", "properties": { "ID": 83308640687, "正式名称": "なかた歯科", "機関区分": 3, "都道府県コード": 8, "市区町村コード": 211, "所在地": "茨城県常総市水海道山田町４７７６－３", "緯度": 36.0075, "経度": 139.9925, "url": "https://www.iryou.teikyouseido.mhlw.go.jp/znk-web/juminkanja/S2430/initialize?prefCd=08&kikanCd=308640687&kikanKbn=3", "url2": "http://nakata-shika.jp/", "内容": "なかた歯科【3:歯科】茨城県常総市水海道山田町４７７６－３" }, "geometry": { "type": "Point", "coordinates": [ 139.9925, 36.0075 ] } },
{ "type": "Feature", "properties": { "ID": 83308640717, "正式名称": "仁平歯科医院", "機関区分": 3, "都道府県コード": 8, "市区町村コード": 228, "所在地": "茨城県坂東市岩井２２２８－６", "緯度": 36.050556, "経度": 139.885556, "url": "https://www.iryou.teikyouseido.mhlw.go.jp/znk-web/juminkanja/S2430/initialize?prefCd=08&kikanCd=308640717&kikanKbn=3", "url2": null, "内容": "仁平歯科医院【3:歯科】茨城県坂東市岩井２２２８－６" }, "geometry": { "type": "Point", "coordinates": [ 139.885556, 36.050556 ] } },
{ "type": "Feature", "properties": { "ID": 83308640733, "正式名称": "松本歯科クリニック", "機関区分": 3, "都道府県コード": 8, "市区町村コード": 235, "所在地": "茨城県つくばみらい市絹の台２－１３－９", "緯度": 35.974722, "経度": 139.985556, "url": "https://www.iryou.teikyouseido.mhlw.go.jp/znk-web/juminkanja/S2430/initialize?prefCd=08&kikanCd=308640733&kikanKbn=3", "url2": "http://matsumoto-dent-clinic.com/", "内容": "松本歯科クリニック【3:歯科】茨城県つくばみらい市絹の台２－１３－９" }, "geometry": { "type": "Point", "coordinates": [ 139.985556, 35.974722 ] } },
{ "type": "Feature", "properties": { "ID": 83308640746, "正式名称": "医療法人社団　裕進会　飯沼医院歯科", "機関区分": 3, "都道府県コード": 8, "市区町村コード": 224, "所在地": "茨城県守谷市薬師台１－１５－５", "緯度": 35.963333, "経度": 139.970833, "url": "https://www.iryou.teikyouseido.mhlw.go.jp/znk-web/juminkanja/S2430/initialize?prefCd=08&kikanCd=308640746&kikanKbn=3", "url2": null, "内容": "医療法人社団　裕進会　飯沼医院歯科【3:歯科】茨城県守谷市薬師台１－１５－５" }, "geometry": { "type": "Point", "coordinates": [ 139.970833, 35.963333 ] } },
{ "type": "Feature", "properties": { "ID": 83308640759, "正式名称": "神大実中央歯科医院", "機関区分": 3, "都道府県コード": 8, "市区町村コード": 228, "所在地": "茨城県坂東市神田山　３２２", "緯度": 36.025, "経度": 139.926389, "url": "https://www.iryou.teikyouseido.mhlw.go.jp/znk-web/juminkanja/S2430/initialize?prefCd=08&kikanCd=308640759&kikanKbn=3", "url2": null, "内容": "神大実中央歯科医院【3:歯科】茨城県坂東市神田山　３２２" }, "geometry": { "type": "Point", "coordinates": [ 139.926389, 36.025 ] } },
{ "type": "Feature", "properties": { "ID": 83308640775, "正式名称": "小池歯科医院", "機関区分": 3, "都道府県コード": 8, "市区町村コード": 228, "所在地": "茨城県坂東市半谷１９１５", "緯度": 36.105039, "経度": 139.864225, "url": "https://www.iryou.teikyouseido.mhlw.go.jp/znk-web/juminkanja/S2430/initialize?prefCd=08&kikanCd=308640775&kikanKbn=3", "url2": null, "内容": "小池歯科医院【3:歯科】茨城県坂東市半谷１９１５" }, "geometry": { "type": "Point", "coordinates": [ 139.864225, 36.105039 ] } },
{ "type": "Feature", "properties": { "ID": 83308640788, "正式名称": "下妻中央歯科", "機関区分": 3, "都道府県コード": 8, "市区町村コード": 210, "所在地": "茨城県下妻市本宿町１－２１－２", "緯度": 36.183611, "経度": 139.967778, "url": "https://www.iryou.teikyouseido.mhlw.go.jp/znk-web/juminkanja/S2430/initialize?prefCd=08&kikanCd=308640788&kikanKbn=3", "url2": "http://chuoshika.cihp2.jp/", "内容": "下妻中央歯科【3:歯科】茨城県下妻市本宿町１－２１－２" }, "geometry": { "type": "Point", "coordinates": [ 139.967778, 36.183611 ] } },
{ "type": "Feature", "properties": { "ID": 83308640805, "正式名称": "おおき歯科医院", "機関区分": 3, "都道府県コード": 8, "市区町村コード": 210, "所在地": "茨城県下妻市下妻戊４３１", "緯度": 36.18092, "経度": 139.97284, "url": "https://www.iryou.teikyouseido.mhlw.go.jp/znk-web/juminkanja/S2430/initialize?prefCd=08&kikanCd=308640805&kikanKbn=3", "url2": null, "内容": "おおき歯科医院【3:歯科】茨城県下妻市下妻戊４３１" }, "geometry": { "type": "Point", "coordinates": [ 139.97284, 36.18092 ] } },
{ "type": "Feature", "properties": { "ID": 83308640818, "正式名称": "医療法人社団芳樹会　え歯科医院", "機関区分": 3, "都道府県コード": 8, "市区町村コード": 210, "所在地": "茨城県下妻市江１５７２－４", "緯度": 36.231667, "経度": 139.936111, "url": "https://www.iryou.teikyouseido.mhlw.go.jp/znk-web/juminkanja/S2430/initialize?prefCd=08&kikanCd=308640818&kikanKbn=3", "url2": "http://www.houjukai-dental.or.jp/", "内容": "医療法人社団芳樹会　え歯科医院【3:歯科】茨城県下妻市江１５７２－４" }, "geometry": { "type": "Point", "coordinates": [ 139.936111, 36.231667 ] } },
{ "type": "Feature", "properties": { "ID": 83308640821, "正式名称": "秋田歯科医院", "機関区分": 3, "都道府県コード": 8, "市区町村コード": 521, "所在地": "茨城県結城郡八千代町新井４０３", "緯度": 36.197587, "経度": 139.906801, "url": "https://www.iryou.teikyouseido.mhlw.go.jp/znk-web/juminkanja/S2430/initialize?prefCd=08&kikanCd=308640821&kikanKbn=3", "url2": null, "内容": "秋田歯科医院【3:歯科】茨城県結城郡八千代町新井４０３" }, "geometry": { "type": "Point", "coordinates": [ 139.906801, 36.197587 ] } },
{ "type": "Feature", "properties": { "ID": 83308640847, "正式名称": "高野歯科クリニック", "機関区分": 3, "都道府県コード": 8, "市区町村コード": 228, "所在地": "茨城県坂東市矢作１９０８－５", "緯度": 35.994167, "経度": 139.906667, "url": "https://www.iryou.teikyouseido.mhlw.go.jp/znk-web/juminkanja/S2430/initialize?prefCd=08&kikanCd=308640847&kikanKbn=3", "url2": null, "内容": "高野歯科クリニック【3:歯科】茨城県坂東市矢作１９０８－５" }, "geometry": { "type": "Point", "coordinates": [ 139.906667, 35.994167 ] } },
{ "type": "Feature", "properties": { "ID": 83308640876, "正式名称": "西町歯科", "機関区分": 3, "都道府県コード": 8, "市区町村コード": 210, "所在地": "茨城県下妻市下妻乙１２３－１", "緯度": 36.184167, "経度": 139.962222, "url": "https://www.iryou.teikyouseido.mhlw.go.jp/znk-web/juminkanja/S2430/initialize?prefCd=08&kikanCd=308640876&kikanKbn=3", "url2": "http://www.keishikai.com/", "内容": "西町歯科【3:歯科】茨城県下妻市下妻乙１２３－１" }, "geometry": { "type": "Point", "coordinates": [ 139.962222, 36.184167 ] } },
{ "type": "Feature", "properties": { "ID": 83308640889, "正式名称": "なかやま歯科", "機関区分": 3, "都道府県コード": 8, "市区町村コード": 210, "所在地": "茨城県下妻市数須８３９", "緯度": 36.213333, "経度": 139.993889, "url": "https://www.iryou.teikyouseido.mhlw.go.jp/znk-web/juminkanja/S2430/initialize?prefCd=08&kikanCd=308640889&kikanKbn=3", "url2": "https://www.nakayama-shika.com/", "内容": "なかやま歯科【3:歯科】茨城県下妻市数須８３９" }, "geometry": { "type": "Point", "coordinates": [ 139.993889, 36.213333 ] } },
{ "type": "Feature", "properties": { "ID": 83308640892, "正式名称": "あおぞら歯科医院", "機関区分": 3, "都道府県コード": 8, "市区町村コード": 210, "所在地": "茨城県下妻市長塚５５４−１", "緯度": 36.188572, "経度": 139.942917, "url": "https://www.iryou.teikyouseido.mhlw.go.jp/znk-web/juminkanja/S2430/initialize?prefCd=08&kikanCd=308640892&kikanKbn=3", "url2": null, "内容": "あおぞら歯科医院【3:歯科】茨城県下妻市長塚５５４−１" }, "geometry": { "type": "Point", "coordinates": [ 139.942917, 36.188572 ] } },
{ "type": "Feature", "properties": { "ID": 83308640919, "正式名称": "山本歯科医院", "機関区分": 3, "都道府県コード": 8, "市区町村コード": 211, "所在地": "茨城県常総市篠山２２２－１", "緯度": 36.112279, "経度": 139.95644, "url": "https://www.iryou.teikyouseido.mhlw.go.jp/znk-web/juminkanja/S2430/initialize?prefCd=08&kikanCd=308640919&kikanKbn=3", "url2": null, "内容": "山本歯科医院【3:歯科】茨城県常総市篠山２２２－１" }, "geometry": { "type": "Point", "coordinates": [ 139.95644, 36.112279 ] } },
{ "type": "Feature", "properties": { "ID": 83308640964, "正式名称": "おおくら歯科医院", "機関区分": 3, "都道府県コード": 8, "市区町村コード": 228, "所在地": "茨城県坂東市辺田", "緯度": 36.04, "経度": 139.901667, "url": "https://www.iryou.teikyouseido.mhlw.go.jp/znk-web/juminkanja/S2430/initialize?prefCd=08&kikanCd=308640964&kikanKbn=3", "url2": null, "内容": "おおくら歯科医院【3:歯科】茨城県坂東市辺田" }, "geometry": { "type": "Point", "coordinates": [ 139.901667, 36.04 ] } },
{ "type": "Feature", "properties": { "ID": 83308640977, "正式名称": "やまと歯科クリニック", "機関区分": 3, "都道府県コード": 8, "市区町村コード": 211, "所在地": "茨城県常総市新石下３９６３ー２", "緯度": 36.108611, "経度": 139.983333, "url": "https://www.iryou.teikyouseido.mhlw.go.jp/znk-web/juminkanja/S2430/initialize?prefCd=08&kikanCd=308640977&kikanKbn=3", "url2": null, "内容": "やまと歯科クリニック【3:歯科】茨城県常総市新石下３９６３ー２" }, "geometry": { "type": "Point", "coordinates": [ 139.983333, 36.108611 ] } },
{ "type": "Feature", "properties": { "ID": 83308640980, "正式名称": "第一歯科", "機関区分": 3, "都道府県コード": 8, "市区町村コード": 210, "所在地": "茨城県下妻市堀篭１４８９－６", "緯度": 36.182383, "経度": 139.983824, "url": "https://www.iryou.teikyouseido.mhlw.go.jp/znk-web/juminkanja/S2430/initialize?prefCd=08&kikanCd=308640980&kikanKbn=3", "url2": null, "内容": "第一歯科【3:歯科】茨城県下妻市堀篭１４８９－６" }, "geometry": { "type": "Point", "coordinates": [ 139.983824, 36.182383 ] } },
{ "type": "Feature", "properties": { "ID": 83308641017, "正式名称": "医療法人社団桜風会桜井歯科医院", "機関区分": 3, "都道府県コード": 8, "市区町村コード": 211, "所在地": "茨城県常総市水海道淵頭町２９０５－９", "緯度": 36.014444, "経度": 139.9975, "url": "https://www.iryou.teikyouseido.mhlw.go.jp/znk-web/juminkanja/S2430/initialize?prefCd=08&kikanCd=308641017&kikanKbn=3", "url2": "http://www.dc-sakurai.jp/", "内容": "医療法人社団桜風会桜井歯科医院【3:歯科】茨城県常総市水海道淵頭町２９０５－９" }, "geometry": { "type": "Point", "coordinates": [ 139.9975, 36.014444 ] } },
{ "type": "Feature", "properties": { "ID": 83308641020, "正式名称": "石下セントラル歯科クリニック", "機関区分": 3, "都道府県コード": 8, "市区町村コード": 211, "所在地": "茨城県常総市新石下９２６", "緯度": 36.109665, "経度": 139.98083, "url": "https://www.iryou.teikyouseido.mhlw.go.jp/znk-web/juminkanja/S2430/initialize?prefCd=08&kikanCd=308641020&kikanKbn=3", "url2": null, "内容": "石下セントラル歯科クリニック【3:歯科】茨城県常総市新石下９２６" }, "geometry": { "type": "Point", "coordinates": [ 139.98083, 36.109665 ] } },
{ "type": "Feature", "properties": { "ID": 83308641033, "正式名称": "医療法人社団梨生会ヨークファミリー歯科", "機関区分": 3, "都道府県コード": 8, "市区町村コード": 228, "所在地": "茨城県坂東市辺田字原新１１０４－１ヨークタウン坂東Ｍ棟", "緯度": 36.034167, "経度": 139.893611, "url": "https://www.iryou.teikyouseido.mhlw.go.jp/znk-web/juminkanja/S2430/initialize?prefCd=08&kikanCd=308641033&kikanKbn=3", "url2": null, "内容": "医療法人社団梨生会ヨークファミリー歯科【3:歯科】茨城県坂東市辺田字原新１１０４－１ヨークタウン坂東Ｍ棟" }, "geometry": { "type": "Point", "coordinates": [ 139.893611, 36.034167 ] } },
{ "type": "Feature", "properties": { "ID": 83308641062, "正式名称": "鈴木歯科", "機関区分": 3, "都道府県コード": 8, "市区町村コード": 521, "所在地": "茨城県結城郡八千代町東蕗田６８１−９", "緯度": 36.151389, "経度": 139.906944, "url": "https://www.iryou.teikyouseido.mhlw.go.jp/znk-web/juminkanja/S2430/initialize?prefCd=08&kikanCd=308641062&kikanKbn=3", "url2": null, "内容": "鈴木歯科【3:歯科】茨城県結城郡八千代町東蕗田６８１−９" }, "geometry": { "type": "Point", "coordinates": [ 139.906944, 36.151389 ] } },
{ "type": "Feature", "properties": { "ID": 83308641075, "正式名称": "松崎歯科医院", "機関区分": 3, "都道府県コード": 8, "市区町村コード": 211, "所在地": "茨城県常総市新石下２５７－１", "緯度": 36.109665, "経度": 139.98083, "url": "https://www.iryou.teikyouseido.mhlw.go.jp/znk-web/juminkanja/S2430/initialize?prefCd=08&kikanCd=308641075&kikanKbn=3", "url2": null, "内容": "松崎歯科医院【3:歯科】茨城県常総市新石下２５７－１" }, "geometry": { "type": "Point", "coordinates": [ 139.98083, 36.109665 ] } },
{ "type": "Feature", "properties": { "ID": 83308641088, "正式名称": "植竹歯科医院", "機関区分": 3, "都道府県コード": 8, "市区町村コード": 211, "所在地": "茨城県常総市新石下４０５８", "緯度": 36.100833, "経度": 139.983056, "url": "https://www.iryou.teikyouseido.mhlw.go.jp/znk-web/juminkanja/S2430/initialize?prefCd=08&kikanCd=308641088&kikanKbn=3", "url2": "http://www.uetake-dc.com/", "内容": "植竹歯科医院【3:歯科】茨城県常総市新石下４０５８" }, "geometry": { "type": "Point", "coordinates": [ 139.983056, 36.100833 ] } },
{ "type": "Feature", "properties": { "ID": 83308641091, "正式名称": "すまいる歯科クリニック", "機関区分": 3, "都道府県コード": 8, "市区町村コード": 210, "所在地": "茨城県下妻市下木戸７２－３", "緯度": 36.194444, "経度": 139.959722, "url": "https://www.iryou.teikyouseido.mhlw.go.jp/znk-web/juminkanja/S2430/initialize?prefCd=08&kikanCd=308641091&kikanKbn=3", "url2": null, "内容": "すまいる歯科クリニック【3:歯科】茨城県下妻市下木戸７２－３" }, "geometry": { "type": "Point", "coordinates": [ 139.959722, 36.194444 ] } },
{ "type": "Feature", "properties": { "ID": 83308641105, "正式名称": "きぬの里歯科クリニック", "機関区分": 3, "都道府県コード": 8, "市区町村コード": 211, "所在地": "茨城県常総市内守谷町きぬの里３ー１ー２", "緯度": 35.981571, "経度": 139.965491, "url": "https://www.iryou.teikyouseido.mhlw.go.jp/znk-web/juminkanja/S2430/initialize?prefCd=08&kikanCd=308641105&kikanKbn=3", "url2": "https://kinunosato.jp", "内容": "きぬの里歯科クリニック【3:歯科】茨城県常総市内守谷町きぬの里３ー１ー２" }, "geometry": { "type": "Point", "coordinates": [ 139.965491, 35.981571 ] } },
{ "type": "Feature", "properties": { "ID": 833086411147, "正式名称": "なほこデンタルクリニック", "機関区分": 3, "都道府県コード": 8, "市区町村コード": 210, "所在地": "茨城県下妻市長塚３８ー３", "緯度": 36.18379, "経度": 139.95137, "url": "https://www.iryou.teikyouseido.mhlw.go.jp/znk-web/juminkanja/S2430/initialize?prefCd=08&kikanCd=3086411147&kikanKbn=3", "url2": null, "内容": "なほこデンタルクリニック【3:歯科】茨城県下妻市長塚３８ー３" }, "geometry": { "type": "Point", "coordinates": [ 139.95137, 36.18379 ] } },
{ "type": "Feature", "properties": { "ID": 83308641118, "正式名称": "医療法人社団　伸詠会　メディケア歯科クリニック下妻", "機関区分": 3, "都道府県コード": 8, "市区町村コード": 210, "所在地": "茨城県下妻市堀篭９７２－１イオンショッピングセンター１Ｆ", "緯度": 36.186389, "経度": 139.993333, "url": "https://www.iryou.teikyouseido.mhlw.go.jp/znk-web/juminkanja/S2430/initialize?prefCd=08&kikanCd=308641118&kikanKbn=3", "url2": "http://medicare-shimotsuma.com/", "内容": "医療法人社団　伸詠会　メディケア歯科クリニック下妻【3:歯科】茨城県下妻市堀篭９７２－１イオンショッピングセンター１Ｆ" }, "geometry": { "type": "Point", "coordinates": [ 139.993333, 36.186389 ] } },
{ "type": "Feature", "properties": { "ID": 83308641121, "正式名称": "ほほえみ歯科診療所", "機関区分": 3, "都道府県コード": 8, "市区町村コード": 210, "所在地": "茨城県下妻市古沢７－１", "緯度": 36.178333, "経度": 139.977778, "url": "https://www.iryou.teikyouseido.mhlw.go.jp/znk-web/juminkanja/S2430/initialize?prefCd=08&kikanCd=308641121&kikanKbn=3", "url2": null, "内容": "ほほえみ歯科診療所【3:歯科】茨城県下妻市古沢７－１" }, "geometry": { "type": "Point", "coordinates": [ 139.977778, 36.178333 ] } },
{ "type": "Feature", "properties": { "ID": 83308641150, "正式名称": "医療法人社団健美会いわいグリーン歯科・矯正歯科", "機関区分": 3, "都道府県コード": 8, "市区町村コード": 228, "所在地": "茨城県坂東市辺田", "緯度": 36.032222, "経度": 139.897778, "url": "https://www.iryou.teikyouseido.mhlw.go.jp/znk-web/juminkanja/S2430/initialize?prefCd=08&kikanCd=308641150&kikanKbn=3", "url2": "http://www.iwai-green-shika.com", "内容": "医療法人社団健美会いわいグリーン歯科・矯正歯科【3:歯科】茨城県坂東市辺田" }, "geometry": { "type": "Point", "coordinates": [ 139.897778, 36.032222 ] } },
{ "type": "Feature", "properties": { "ID": 83308641192, "正式名称": "東歯科医院", "機関区分": 3, "都道府県コード": 8, "市区町村コード": 228, "所在地": "茨城県坂東市逆井４１１２", "緯度": 36.155005, "経度": 139.829096, "url": "https://www.iryou.teikyouseido.mhlw.go.jp/znk-web/juminkanja/S2430/initialize?prefCd=08&kikanCd=308641192&kikanKbn=3", "url2": null, "内容": "東歯科医院【3:歯科】茨城県坂東市逆井４１１２" }, "geometry": { "type": "Point", "coordinates": [ 139.829096, 36.155005 ] } },
{ "type": "Feature", "properties": { "ID": 83308641206, "正式名称": "千代川歯科", "機関区分": 3, "都道府県コード": 8, "市区町村コード": 210, "所在地": "茨城県下妻市宗道３３－１", "緯度": 36.156614, "経度": 139.968747, "url": "https://www.iryou.teikyouseido.mhlw.go.jp/znk-web/juminkanja/S2430/initialize?prefCd=08&kikanCd=308641206&kikanKbn=3", "url2": null, "内容": "千代川歯科【3:歯科】茨城県下妻市宗道３３－１" }, "geometry": { "type": "Point", "coordinates": [ 139.968747, 36.156614 ] } },
{ "type": "Feature", "properties": { "ID": 83308641219, "正式名称": "医療法人彌榮　カーム歯科診療所", "機関区分": 3, "都道府県コード": 8, "市区町村コード": 210, "所在地": "茨城県下妻市半谷４９１－８４", "緯度": 36.211389, "経度": 139.939444, "url": "https://www.iryou.teikyouseido.mhlw.go.jp/znk-web/juminkanja/S2430/initialize?prefCd=08&kikanCd=308641219&kikanKbn=3", "url2": "http://love-smile-dental.com/", "内容": "医療法人彌榮　カーム歯科診療所【3:歯科】茨城県下妻市半谷４９１－８４" }, "geometry": { "type": "Point", "coordinates": [ 139.939444, 36.211389 ] } },
{ "type": "Feature", "properties": { "ID": 83308650055, "正式名称": "医療法人智修会桜井歯科医院", "機関区分": 3, "都道府県コード": 8, "市区町村コード": 204, "所在地": "茨城県古河市中央町１ー２ー２４", "緯度": 36.195706, "経度": 139.705148, "url": "https://www.iryou.teikyouseido.mhlw.go.jp/znk-web/juminkanja/S2430/initialize?prefCd=08&kikanCd=308650055&kikanKbn=3", "url2": null, "内容": "医療法人智修会桜井歯科医院【3:歯科】茨城県古河市中央町１ー２ー２４" }, "geometry": { "type": "Point", "coordinates": [ 139.705148, 36.195706 ] } },
{ "type": "Feature", "properties": { "ID": 83308650071, "正式名称": "中根歯科医院", "機関区分": 3, "都道府県コード": 8, "市区町村コード": 204, "所在地": "茨城県古河市東４－１９－１２", "緯度": 36.192222, "経度": 139.721667, "url": "https://www.iryou.teikyouseido.mhlw.go.jp/znk-web/juminkanja/S2430/initialize?prefCd=08&kikanCd=308650071&kikanKbn=3", "url2": "http://nakanedental.com", "内容": "中根歯科医院【3:歯科】茨城県古河市東４－１９－１２" }, "geometry": { "type": "Point", "coordinates": [ 139.721667, 36.192222 ] } },
{ "type": "Feature", "properties": { "ID": 83308650097, "正式名称": "関口歯科医院", "機関区分": 3, "都道府県コード": 8, "市区町村コード": 204, "所在地": "茨城県古河市東本町１−１０−４", "緯度": 36.190833, "経度": 139.713889, "url": "https://www.iryou.teikyouseido.mhlw.go.jp/znk-web/juminkanja/S2430/initialize?prefCd=08&kikanCd=308650097&kikanKbn=3", "url2": null, "内容": "関口歯科医院【3:歯科】茨城県古河市東本町１−１０−４" }, "geometry": { "type": "Point", "coordinates": [ 139.713889, 36.190833 ] } },
{ "type": "Feature", "properties": { "ID": 83308650114, "正式名称": "小林歯科医院", "機関区分": 3, "都道府県コード": 8, "市区町村コード": 204, "所在地": "茨城県古河市長谷町１－１４", "緯度": 36.184444, "経度": 139.706389, "url": "https://www.iryou.teikyouseido.mhlw.go.jp/znk-web/juminkanja/S2430/initialize?prefCd=08&kikanCd=308650114&kikanKbn=3", "url2": null, "内容": "小林歯科医院【3:歯科】茨城県古河市長谷町１－１４" }, "geometry": { "type": "Point", "coordinates": [ 139.706389, 36.184444 ] } },
{ "type": "Feature", "properties": { "ID": 83308650130, "正式名称": "小野寺歯科医院", "機関区分": 3, "都道府県コード": 8, "市区町村コード": 204, "所在地": "茨城県古河市東１－６－２６", "緯度": 36.196496, "経度": 139.71202, "url": "https://www.iryou.teikyouseido.mhlw.go.jp/znk-web/juminkanja/S2430/initialize?prefCd=08&kikanCd=308650130&kikanKbn=3", "url2": null, "内容": "小野寺歯科医院【3:歯科】茨城県古河市東１－６－２６" }, "geometry": { "type": "Point", "coordinates": [ 139.71202, 36.196496 ] } },
{ "type": "Feature", "properties": { "ID": 83308650143, "正式名称": "斉藤歯科医院", "機関区分": 3, "都道府県コード": 8, "市区町村コード": 204, "所在地": "茨城県古河市東１－５－１２", "緯度": 36.193889, "経度": 139.714444, "url": "https://www.iryou.teikyouseido.mhlw.go.jp/znk-web/juminkanja/S2430/initialize?prefCd=08&kikanCd=308650143&kikanKbn=3", "url2": "https://saito-dc.jp", "内容": "斉藤歯科医院【3:歯科】茨城県古河市東１－５－１２" }, "geometry": { "type": "Point", "coordinates": [ 139.714444, 36.193889 ] } },
{ "type": "Feature", "properties": { "ID": 83308650257, "正式名称": "木村歯科医院", "機関区分": 3, "都道府県コード": 8, "市区町村コード": 204, "所在地": "茨城県古河市山田４６６", "緯度": 36.158056, "経度": 139.811667, "url": "https://www.iryou.teikyouseido.mhlw.go.jp/znk-web/juminkanja/S2430/initialize?prefCd=08&kikanCd=308650257&kikanKbn=3", "url2": null, "内容": "木村歯科医院【3:歯科】茨城県古河市山田４６６" }, "geometry": { "type": "Point", "coordinates": [ 139.811667, 36.158056 ] } },
{ "type": "Feature", "properties": { "ID": 83308650303, "正式名称": "遠藤歯科医院", "機関区分": 3, "都道府県コード": 8, "市区町村コード": 546, "所在地": "茨城県猿島郡境町境町２１１５", "緯度": 36.109167, "経度": 139.798333, "url": "https://www.iryou.teikyouseido.mhlw.go.jp/znk-web/juminkanja/S2430/initialize?prefCd=08&kikanCd=308650303&kikanKbn=3", "url2": null, "内容": "遠藤歯科医院【3:歯科】茨城県猿島郡境町境町２１１５" }, "geometry": { "type": "Point", "coordinates": [ 139.798333, 36.109167 ] } },
{ "type": "Feature", "properties": { "ID": 83308650332, "正式名称": "中村歯科医院", "機関区分": 3, "都道府県コード": 8, "市区町村コード": 546, "所在地": "茨城県猿島郡境町若林猿島郡境町若林２２７６", "緯度": 36.074167, "経度": 139.835833, "url": "https://www.iryou.teikyouseido.mhlw.go.jp/znk-web/juminkanja/S2430/initialize?prefCd=08&kikanCd=308650332&kikanKbn=3", "url2": null, "内容": "中村歯科医院【3:歯科】茨城県猿島郡境町若林猿島郡境町若林２２７６" }, "geometry": { "type": "Point", "coordinates": [ 139.835833, 36.074167 ] } },
{ "type": "Feature", "properties": { "ID": 83308650374, "正式名称": "福田歯科医院", "機関区分": 3, "都道府県コード": 8, "市区町村コード": 204, "所在地": "茨城県古河市下大野", "緯度": 36.1675, "経度": 139.770278, "url": "https://www.iryou.teikyouseido.mhlw.go.jp/znk-web/juminkanja/S2430/initialize?prefCd=08&kikanCd=308650374&kikanKbn=3", "url2": "http://dental-fukuda.jp/", "内容": "福田歯科医院【3:歯科】茨城県古河市下大野" }, "geometry": { "type": "Point", "coordinates": [ 139.770278, 36.1675 ] } },
{ "type": "Feature", "properties": { "ID": 83308650390, "正式名称": "飯田歯科医院", "機関区分": 3, "都道府県コード": 8, "市区町村コード": 204, "所在地": "茨城県古河市北町５−２０", "緯度": 36.199444, "経度": 139.718056, "url": "https://www.iryou.teikyouseido.mhlw.go.jp/znk-web/juminkanja/S2430/initialize?prefCd=08&kikanCd=308650390&kikanKbn=3", "url2": null, "内容": "飯田歯科医院【3:歯科】茨城県古河市北町５−２０" }, "geometry": { "type": "Point", "coordinates": [ 139.718056, 36.199444 ] } },
{ "type": "Feature", "properties": { "ID": 83308650420, "正式名称": "伊地知歯科医院", "機関区分": 3, "都道府県コード": 8, "市区町村コード": 204, "所在地": "茨城県古河市中田１２８６－９", "緯度": 36.152778, "経度": 139.718611, "url": "https://www.iryou.teikyouseido.mhlw.go.jp/znk-web/juminkanja/S2430/initialize?prefCd=08&kikanCd=308650420&kikanKbn=3", "url2": null, "内容": "伊地知歯科医院【3:歯科】茨城県古河市中田１２８６－９" }, "geometry": { "type": "Point", "coordinates": [ 139.718611, 36.152778 ] } },
{ "type": "Feature", "properties": { "ID": 83308650459, "正式名称": "せらだ歯科", "機関区分": 3, "都道府県コード": 8, "市区町村コード": 204, "所在地": "茨城県古河市東本町２－３－１１", "緯度": 36.2062825, "経度": 139.7104443, "url": "https://www.iryou.teikyouseido.mhlw.go.jp/znk-web/juminkanja/S2430/initialize?prefCd=08&kikanCd=308650459&kikanKbn=3", "url2": "https://serada-shika.com/", "内容": "せらだ歯科【3:歯科】茨城県古河市東本町２－３－１１" }, "geometry": { "type": "Point", "coordinates": [ 139.7104443, 36.2062825 ] } },
{ "type": "Feature", "properties": { "ID": 83308650488, "正式名称": "鈴木歯科医院", "機関区分": 3, "都道府県コード": 8, "市区町村コード": 204, "所在地": "茨城県古河市女沼３１３−６", "緯度": 36.180206, "経度": 139.74205, "url": "https://www.iryou.teikyouseido.mhlw.go.jp/znk-web/juminkanja/S2430/initialize?prefCd=08&kikanCd=308650488&kikanKbn=3", "url2": null, "内容": "鈴木歯科医院【3:歯科】茨城県古河市女沼３１３−６" }, "geometry": { "type": "Point", "coordinates": [ 139.74205, 36.180206 ] } },
{ "type": "Feature", "properties": { "ID": 83308650491, "正式名称": "サカイ歯科医院", "機関区分": 3, "都道府県コード": 8, "市区町村コード": 546, "所在地": "茨城県猿島郡境町境町４ー４", "緯度": 36.120003, "経度": 139.800177, "url": "https://www.iryou.teikyouseido.mhlw.go.jp/znk-web/juminkanja/S2430/initialize?prefCd=08&kikanCd=308650491&kikanKbn=3", "url2": null, "内容": "サカイ歯科医院【3:歯科】茨城県猿島郡境町境町４ー４" }, "geometry": { "type": "Point", "coordinates": [ 139.800177, 36.120003 ] } },
{ "type": "Feature", "properties": { "ID": 83308650534, "正式名称": "丸山歯科医院", "機関区分": 3, "都道府県コード": 8, "市区町村コード": 204, "所在地": "茨城県古河市上辺見", "緯度": 36.179167, "経度": 139.733056, "url": "https://www.iryou.teikyouseido.mhlw.go.jp/znk-web/juminkanja/S2430/initialize?prefCd=08&kikanCd=308650534&kikanKbn=3", "url2": null, "内容": "丸山歯科医院【3:歯科】茨城県古河市上辺見" }, "geometry": { "type": "Point", "coordinates": [ 139.733056, 36.179167 ] } },
{ "type": "Feature", "properties": { "ID": 83308650547, "正式名称": "みなみ歯科医院", "機関区分": 3, "都道府県コード": 8, "市区町村コード": 204, "所在地": "茨城県古河市下辺見２４６０", "緯度": 36.175322, "経度": 139.732925, "url": "https://www.iryou.teikyouseido.mhlw.go.jp/znk-web/juminkanja/S2430/initialize?prefCd=08&kikanCd=308650547&kikanKbn=3", "url2": null, "内容": "みなみ歯科医院【3:歯科】茨城県古河市下辺見２４６０" }, "geometry": { "type": "Point", "coordinates": [ 139.732925, 36.175322 ] } },
{ "type": "Feature", "properties": { "ID": 83308650563, "正式名称": "奥富歯科医院", "機関区分": 3, "都道府県コード": 8, "市区町村コード": 204, "所在地": "茨城県古河市鴻巣１１２１", "緯度": 36.178085, "経度": 139.7032, "url": "https://www.iryou.teikyouseido.mhlw.go.jp/znk-web/juminkanja/S2430/initialize?prefCd=08&kikanCd=308650563&kikanKbn=3", "url2": null, "内容": "奥富歯科医院【3:歯科】茨城県古河市鴻巣１１２１" }, "geometry": { "type": "Point", "coordinates": [ 139.7032, 36.178085 ] } },
{ "type": "Feature", "properties": { "ID": 83308650635, "正式名称": "医療法人安喰歯科医院", "機関区分": 3, "都道府県コード": 8, "市区町村コード": 204, "所在地": "茨城県古河市上大野", "緯度": 36.200278, "経度": 139.7875, "url": "https://www.iryou.teikyouseido.mhlw.go.jp/znk-web/juminkanja/S2430/initialize?prefCd=08&kikanCd=308650635&kikanKbn=3", "url2": null, "内容": "医療法人安喰歯科医院【3:歯科】茨城県古河市上大野" }, "geometry": { "type": "Point", "coordinates": [ 139.7875, 36.200278 ] } },
{ "type": "Feature", "properties": { "ID": 83308650648, "正式名称": "高木歯科医院", "機関区分": 3, "都道府県コード": 8, "市区町村コード": 204, "所在地": "茨城県古河市諸川１２４８－１", "緯度": 36.197222, "経度": 139.815278, "url": "https://www.iryou.teikyouseido.mhlw.go.jp/znk-web/juminkanja/S2430/initialize?prefCd=08&kikanCd=308650648&kikanKbn=3", "url2": null, "内容": "高木歯科医院【3:歯科】茨城県古河市諸川１２４８－１" }, "geometry": { "type": "Point", "coordinates": [ 139.815278, 36.197222 ] } },
{ "type": "Feature", "properties": { "ID": 83308650677, "正式名称": "若松歯科医院", "機関区分": 3, "都道府県コード": 8, "市区町村コード": 204, "所在地": "茨城県古河市新久田１９７－１７", "緯度": 36.164444, "経度": 139.707778, "url": "https://www.iryou.teikyouseido.mhlw.go.jp/znk-web/juminkanja/S2430/initialize?prefCd=08&kikanCd=308650677&kikanKbn=3", "url2": null, "内容": "若松歯科医院【3:歯科】茨城県古河市新久田１９７－１７" }, "geometry": { "type": "Point", "coordinates": [ 139.707778, 36.164444 ] } },
{ "type": "Feature", "properties": { "ID": 83308650680, "正式名称": "医療法人社団彩虹会酒井歯科医院", "機関区分": 3, "都道府県コード": 8, "市区町村コード": 204, "所在地": "茨城県古河市中田２１６１－７", "緯度": 36.148456, "経度": 139.709666, "url": "https://www.iryou.teikyouseido.mhlw.go.jp/znk-web/juminkanja/S2430/initialize?prefCd=08&kikanCd=308650680&kikanKbn=3", "url2": "sakai-shika.com", "内容": "医療法人社団彩虹会酒井歯科医院【3:歯科】茨城県古河市中田２１６１－７" }, "geometry": { "type": "Point", "coordinates": [ 139.709666, 36.148456 ] } },
{ "type": "Feature", "properties": { "ID": 83308650710, "正式名称": "医療法人健歩会旭歯科医院", "機関区分": 3, "都道府県コード": 8, "市区町村コード": 204, "所在地": "茨城県古河市旭町", "緯度": 36.195556, "経度": 139.724722, "url": "https://www.iryou.teikyouseido.mhlw.go.jp/znk-web/juminkanja/S2430/initialize?prefCd=08&kikanCd=308650710&kikanKbn=3", "url2": null, "内容": "医療法人健歩会旭歯科医院【3:歯科】茨城県古河市旭町" }, "geometry": { "type": "Point", "coordinates": [ 139.724722, 36.195556 ] } },
{ "type": "Feature", "properties": { "ID": 83308650723, "正式名称": "髙尾歯科医院", "機関区分": 3, "都道府県コード": 8, "市区町村コード": 204, "所在地": "茨城県古河市谷貝８８５－３", "緯度": 36.143056, "経度": 139.814722, "url": "https://www.iryou.teikyouseido.mhlw.go.jp/znk-web/juminkanja/S2430/initialize?prefCd=08&kikanCd=308650723&kikanKbn=3", "url2": "http://www.takao-shika.jp/", "内容": "髙尾歯科医院【3:歯科】茨城県古河市谷貝８８５－３" }, "geometry": { "type": "Point", "coordinates": [ 139.814722, 36.143056 ] } },
{ "type": "Feature", "properties": { "ID": 83308650749, "正式名称": "藤澤歯科医院", "機関区分": 3, "都道府県コード": 8, "市区町村コード": 204, "所在地": "茨城県古河市東本町３－１３－７", "緯度": 36.192969, "経度": 139.719082, "url": "https://www.iryou.teikyouseido.mhlw.go.jp/znk-web/juminkanja/S2430/initialize?prefCd=08&kikanCd=308650749&kikanKbn=3", "url2": null, "内容": "藤澤歯科医院【3:歯科】茨城県古河市東本町３－１３－７" }, "geometry": { "type": "Point", "coordinates": [ 139.719082, 36.192969 ] } },
{ "type": "Feature", "properties": { "ID": 83308650781, "正式名称": "医療法人　樹大会　嶋野歯科医院", "機関区分": 3, "都道府県コード": 8, "市区町村コード": 204, "所在地": "茨城県古河市坂間１０５ー３", "緯度": 36.158333, "経度": 139.708889, "url": "https://www.iryou.teikyouseido.mhlw.go.jp/znk-web/juminkanja/S2430/initialize?prefCd=08&kikanCd=308650781&kikanKbn=3", "url2": "http://www.shimanoshika.com", "内容": "医療法人　樹大会　嶋野歯科医院【3:歯科】茨城県古河市坂間１０５ー３" }, "geometry": { "type": "Point", "coordinates": [ 139.708889, 36.158333 ] } },
{ "type": "Feature", "properties": { "ID": 83308650794, "正式名称": "青木歯科クリニック", "機関区分": 3, "都道府県コード": 8, "市区町村コード": 204, "所在地": "茨城県古河市松並２丁目６番２４号", "緯度": 36.204167, "経度": 139.712778, "url": "https://www.iryou.teikyouseido.mhlw.go.jp/znk-web/juminkanja/S2430/initialize?prefCd=08&kikanCd=308650794&kikanKbn=3", "url2": null, "内容": "青木歯科クリニック【3:歯科】茨城県古河市松並２丁目６番２４号" }, "geometry": { "type": "Point", "coordinates": [ 139.712778, 36.204167 ] } },
{ "type": "Feature", "properties": { "ID": 83308650808, "正式名称": "三井歯科医院", "機関区分": 3, "都道府県コード": 8, "市区町村コード": 204, "所在地": "茨城県古河市大山６９６－１", "緯度": 36.145, "経度": 139.726111, "url": "https://www.iryou.teikyouseido.mhlw.go.jp/znk-web/juminkanja/S2430/initialize?prefCd=08&kikanCd=308650808&kikanKbn=3", "url2": null, "内容": "三井歯科医院【3:歯科】茨城県古河市大山６９６－１" }, "geometry": { "type": "Point", "coordinates": [ 139.726111, 36.145 ] } },
{ "type": "Feature", "properties": { "ID": 83308650811, "正式名称": "長澤歯科医院", "機関区分": 3, "都道府県コード": 8, "市区町村コード": 204, "所在地": "茨城県古河市中央町３－３－５", "緯度": 36.186944, "経度": 139.707222, "url": "https://www.iryou.teikyouseido.mhlw.go.jp/znk-web/juminkanja/S2430/initialize?prefCd=08&kikanCd=308650811&kikanKbn=3", "url2": null, "内容": "長澤歯科医院【3:歯科】茨城県古河市中央町３－３－５" }, "geometry": { "type": "Point", "coordinates": [ 139.707222, 36.186944 ] } },
{ "type": "Feature", "properties": { "ID": 83308650837, "正式名称": "医療法人共助会　小倉歯科医院", "機関区分": 3, "都道府県コード": 8, "市区町村コード": 204, "所在地": "茨城県古河市中央町１－５－３", "緯度": 36.194782, "経度": 139.70325, "url": "https://www.iryou.teikyouseido.mhlw.go.jp/znk-web/juminkanja/S2430/initialize?prefCd=08&kikanCd=308650837&kikanKbn=3", "url2": null, "内容": "医療法人共助会　小倉歯科医院【3:歯科】茨城県古河市中央町１－５－３" }, "geometry": { "type": "Point", "coordinates": [ 139.70325, 36.194782 ] } },
{ "type": "Feature", "properties": { "ID": 83308650895, "正式名称": "原宿台歯科医院", "機関区分": 3, "都道府県コード": 8, "市区町村コード": 542, "所在地": "茨城県猿島郡五霞町原宿台３－１６－１８", "緯度": 36.094167, "経度": 139.741667, "url": "https://www.iryou.teikyouseido.mhlw.go.jp/znk-web/juminkanja/S2430/initialize?prefCd=08&kikanCd=308650895&kikanKbn=3", "url2": null, "内容": "原宿台歯科医院【3:歯科】茨城県猿島郡五霞町原宿台３－１６－１８" }, "geometry": { "type": "Point", "coordinates": [ 139.741667, 36.094167 ] } },
{ "type": "Feature", "properties": { "ID": 83308650909, "正式名称": "山中歯科クリニック", "機関区分": 3, "都道府県コード": 8, "市区町村コード": 542, "所在地": "茨城県猿島郡五霞町原宿台４ー３０ー７山中歯科クリニック", "緯度": 36.094787, "経度": 139.734656, "url": "https://www.iryou.teikyouseido.mhlw.go.jp/znk-web/juminkanja/S2430/initialize?prefCd=08&kikanCd=308650909&kikanKbn=3", "url2": null, "内容": "山中歯科クリニック【3:歯科】茨城県猿島郡五霞町原宿台４ー３０ー７山中歯科クリニック" }, "geometry": { "type": "Point", "coordinates": [ 139.734656, 36.094787 ] } },
{ "type": "Feature", "properties": { "ID": 83308650912, "正式名称": "とちの木歯科医院", "機関区分": 3, "都道府県コード": 8, "市区町村コード": 204, "所在地": "茨城県古河市長谷町", "緯度": 36.180278, "経度": 139.706944, "url": "https://www.iryou.teikyouseido.mhlw.go.jp/znk-web/juminkanja/S2430/initialize?prefCd=08&kikanCd=308650912&kikanKbn=3", "url2": null, "内容": "とちの木歯科医院【3:歯科】茨城県古河市長谷町" }, "geometry": { "type": "Point", "coordinates": [ 139.706944, 36.180278 ] } },
{ "type": "Feature", "properties": { "ID": 83308650938, "正式名称": "矢島歯科医院", "機関区分": 3, "都道府県コード": 8, "市区町村コード": 204, "所在地": "茨城県古河市原町９－５６", "緯度": 36.18, "経度": 139.711944, "url": "https://www.iryou.teikyouseido.mhlw.go.jp/znk-web/juminkanja/S2430/initialize?prefCd=08&kikanCd=308650938&kikanKbn=3", "url2": null, "内容": "矢島歯科医院【3:歯科】茨城県古河市原町９－５６" }, "geometry": { "type": "Point", "coordinates": [ 139.711944, 36.18 ] } },
{ "type": "Feature", "properties": { "ID": 83308650941, "正式名称": "わたなべ歯科クリニック", "機関区分": 3, "都道府県コード": 8, "市区町村コード": 204, "所在地": "茨城県古河市女沼９４３ー２", "緯度": 36.178889, "経度": 139.738889, "url": "https://www.iryou.teikyouseido.mhlw.go.jp/znk-web/juminkanja/S2430/initialize?prefCd=08&kikanCd=308650941&kikanKbn=3", "url2": null, "内容": "わたなべ歯科クリニック【3:歯科】茨城県古河市女沼９４３ー２" }, "geometry": { "type": "Point", "coordinates": [ 139.738889, 36.178889 ] } },
{ "type": "Feature", "properties": { "ID": 83308650967, "正式名称": "かわまた歯科医院", "機関区分": 3, "都道府県コード": 8, "市区町村コード": 204, "所在地": "茨城県古河市駒羽根", "緯度": 36.160556, "経度": 139.759167, "url": "https://www.iryou.teikyouseido.mhlw.go.jp/znk-web/juminkanja/S2430/initialize?prefCd=08&kikanCd=308650967&kikanKbn=3", "url2": null, "内容": "かわまた歯科医院【3:歯科】茨城県古河市駒羽根" }, "geometry": { "type": "Point", "coordinates": [ 139.759167, 36.160556 ] } },
{ "type": "Feature", "properties": { "ID": 83308651007, "正式名称": "あおき矯正歯科", "機関区分": 3, "都道府県コード": 8, "市区町村コード": 204, "所在地": "茨城県古河市下大野２００８－８", "緯度": 36.163889, "経度": 139.771667, "url": "https://www.iryou.teikyouseido.mhlw.go.jp/znk-web/juminkanja/S2430/initialize?prefCd=08&kikanCd=308651007&kikanKbn=3", "url2": "http://www.aokishika.com/", "内容": "あおき矯正歯科【3:歯科】茨城県古河市下大野２００８－８" }, "geometry": { "type": "Point", "coordinates": [ 139.771667, 36.163889 ] } },
{ "type": "Feature", "properties": { "ID": 83308651052, "正式名称": "佐藤くみ歯科クリニック", "機関区分": 3, "都道府県コード": 8, "市区町村コード": 204, "所在地": "茨城県古河市上辺見", "緯度": 36.185459, "経度": 139.729663, "url": "https://www.iryou.teikyouseido.mhlw.go.jp/znk-web/juminkanja/S2430/initialize?prefCd=08&kikanCd=308651052&kikanKbn=3", "url2": "http://www.kumishika.com", "内容": "佐藤くみ歯科クリニック【3:歯科】茨城県古河市上辺見" }, "geometry": { "type": "Point", "coordinates": [ 139.729663, 36.185459 ] } },
{ "type": "Feature", "properties": { "ID": 83308651065, "正式名称": "きむら矯正歯科クリニック", "機関区分": 3, "都道府県コード": 8, "市区町村コード": 204, "所在地": "茨城県古河市長谷町３１−２０", "緯度": 36.180556, "経度": 139.7075, "url": "https://www.iryou.teikyouseido.mhlw.go.jp/znk-web/juminkanja/S2430/initialize?prefCd=08&kikanCd=308651065&kikanKbn=3", "url2": "koc-clinic.com", "内容": "きむら矯正歯科クリニック【3:歯科】茨城県古河市長谷町３１−２０" }, "geometry": { "type": "Point", "coordinates": [ 139.7075, 36.180556 ] } },
{ "type": "Feature", "properties": { "ID": 83308651094, "正式名称": "さくら歯科", "機関区分": 3, "都道府県コード": 8, "市区町村コード": 228, "所在地": "茨城県坂東市沓掛３３２７－１", "緯度": 36.101803, "経度": 139.89912, "url": "https://www.iryou.teikyouseido.mhlw.go.jp/znk-web/juminkanja/S2430/initialize?prefCd=08&kikanCd=308651094&kikanKbn=3", "url2": null, "内容": "さくら歯科【3:歯科】茨城県坂東市沓掛３３２７－１" }, "geometry": { "type": "Point", "coordinates": [ 139.89912, 36.101803 ] } },
{ "type": "Feature", "properties": { "ID": 83308651108, "正式名称": "ファミリー歯科医院", "機関区分": 3, "都道府県コード": 8, "市区町村コード": 204, "所在地": "茨城県古河市尾崎", "緯度": 36.198056, "経度": 139.843333, "url": "https://www.iryou.teikyouseido.mhlw.go.jp/znk-web/juminkanja/S2430/initialize?prefCd=08&kikanCd=308651108&kikanKbn=3", "url2": "http://www.family-dent.jp/", "内容": "ファミリー歯科医院【3:歯科】茨城県古河市尾崎" }, "geometry": { "type": "Point", "coordinates": [ 139.843333, 36.198056 ] } },
{ "type": "Feature", "properties": { "ID": 83308651137, "正式名称": "佐藤デンタルクリニック", "機関区分": 3, "都道府県コード": 8, "市区町村コード": 204, "所在地": "茨城県古河市本町２－５－４０", "緯度": 36.1946158, "経度": 139.7064291, "url": "https://www.iryou.teikyouseido.mhlw.go.jp/znk-web/juminkanja/S2430/initialize?prefCd=08&kikanCd=308651137&kikanKbn=3", "url2": "https://koga-sato-dental.jp/", "内容": "佐藤デンタルクリニック【3:歯科】茨城県古河市本町２－５－４０" }, "geometry": { "type": "Point", "coordinates": [ 139.7064291, 36.1946158 ] } },
{ "type": "Feature", "properties": { "ID": 83308651153, "正式名称": "あいび歯科医院", "機関区分": 3, "都道府県コード": 8, "市区町村コード": 204, "所在地": "茨城県古河市諸川８５５－３", "緯度": 36.187443, "経度": 139.73079, "url": "https://www.iryou.teikyouseido.mhlw.go.jp/znk-web/juminkanja/S2430/initialize?prefCd=08&kikanCd=308651153&kikanKbn=3", "url2": null, "内容": "あいび歯科医院【3:歯科】茨城県古河市諸川８５５－３" }, "geometry": { "type": "Point", "coordinates": [ 139.73079, 36.187443 ] } },
{ "type": "Feature", "properties": { "ID": 83308651195, "正式名称": "医療法人学真会鈴木歯科医院", "機関区分": 3, "都道府県コード": 8, "市区町村コード": 204, "所在地": "茨城県古河市諸川２５２２－３１", "緯度": 36.200833, "経度": 139.817778, "url": "https://www.iryou.teikyouseido.mhlw.go.jp/znk-web/juminkanja/S2430/initialize?prefCd=08&kikanCd=308651195&kikanKbn=3", "url2": null, "内容": "医療法人学真会鈴木歯科医院【3:歯科】茨城県古河市諸川２５２２－３１" }, "geometry": { "type": "Point", "coordinates": [ 139.817778, 36.200833 ] } },
{ "type": "Feature", "properties": { "ID": 83308651225, "正式名称": "医療法人亮美会緒方歯科医院", "機関区分": 3, "都道府県コード": 8, "市区町村コード": 204, "所在地": "茨城県古河市松並１－２２－１０", "緯度": 36.201944, "経度": 139.711111, "url": "https://www.iryou.teikyouseido.mhlw.go.jp/znk-web/juminkanja/S2430/initialize?prefCd=08&kikanCd=308651225&kikanKbn=3", "url2": "http://ogata-dc-koga.com", "内容": "医療法人亮美会緒方歯科医院【3:歯科】茨城県古河市松並１－２２－１０" }, "geometry": { "type": "Point", "coordinates": [ 139.711111, 36.201944 ] } },
{ "type": "Feature", "properties": { "ID": 83308651254, "正式名称": "アップル歯科クリニック", "機関区分": 3, "都道府県コード": 8, "市区町村コード": 204, "所在地": "茨城県古河市松並２－１８－１０マーケットシティ古河内", "緯度": 36.206944, "経度": 139.710556, "url": "https://www.iryou.teikyouseido.mhlw.go.jp/znk-web/juminkanja/S2430/initialize?prefCd=08&kikanCd=308651254&kikanKbn=3", "url2": "http://www.apple-shika.com/", "内容": "アップル歯科クリニック【3:歯科】茨城県古河市松並２－１８－１０マーケットシティ古河内" }, "geometry": { "type": "Point", "coordinates": [ 139.710556, 36.206944 ] } },
{ "type": "Feature", "properties": { "ID": 83308651267, "正式名称": "杉田歯科医院", "機関区分": 3, "都道府県コード": 8, "市区町村コード": 546, "所在地": "茨城県猿島郡境町１８１－５", "緯度": 36.11206, "経度": 139.802391, "url": "https://www.iryou.teikyouseido.mhlw.go.jp/znk-web/juminkanja/S2430/initialize?prefCd=08&kikanCd=308651267&kikanKbn=3", "url2": null, "内容": "杉田歯科医院【3:歯科】茨城県猿島郡境町１８１－５" }, "geometry": { "type": "Point", "coordinates": [ 139.802391, 36.11206 ] } },
{ "type": "Feature", "properties": { "ID": 83308651283, "正式名称": "針谷歯科医院", "機関区分": 3, "都道府県コード": 8, "市区町村コード": 204, "所在地": "茨城県古河市東３－５－５", "緯度": 36.196801, "経度": 139.713643, "url": "https://www.iryou.teikyouseido.mhlw.go.jp/znk-web/juminkanja/S2430/initialize?prefCd=08&kikanCd=308651283&kikanKbn=3", "url2": "https://harigayadc.ci2.jp/", "内容": "針谷歯科医院【3:歯科】茨城県古河市東３－５－５" }, "geometry": { "type": "Point", "coordinates": [ 139.713643, 36.196801 ] } },
{ "type": "Feature", "properties": { "ID": 83308651296, "正式名称": "スマイル歯科クリニック", "機関区分": 3, "都道府県コード": 8, "市区町村コード": 204, "所在地": "茨城県古河市大堤", "緯度": 36.183611, "経度": 139.7175, "url": "https://www.iryou.teikyouseido.mhlw.go.jp/znk-web/juminkanja/S2430/initialize?prefCd=08&kikanCd=308651296&kikanKbn=3", "url2": "http://www.smileconcept.jp/", "内容": "スマイル歯科クリニック【3:歯科】茨城県古河市大堤" }, "geometry": { "type": "Point", "coordinates": [ 139.7175, 36.183611 ] } },
{ "type": "Feature", "properties": { "ID": 83308651339, "正式名称": "医療法人社団恵安会アイルファミリー歯科", "機関区分": 3, "都道府県コード": 8, "市区町村コード": 204, "所在地": "茨城県古河市大堤６８２", "緯度": 36.152222, "経度": 139.721111, "url": "https://www.iryou.teikyouseido.mhlw.go.jp/znk-web/juminkanja/S2430/initialize?prefCd=08&kikanCd=308651339&kikanKbn=3", "url2": null, "内容": "医療法人社団恵安会アイルファミリー歯科【3:歯科】茨城県古河市大堤６８２" }, "geometry": { "type": "Point", "coordinates": [ 139.721111, 36.152222 ] } },
{ "type": "Feature", "properties": { "ID": 83308651355, "正式名称": "小倉歯科東クリニック", "機関区分": 3, "都道府県コード": 8, "市区町村コード": 204, "所在地": "茨城県古河市東牛谷５２２－１", "緯度": 36.208286, "経度": 139.75163, "url": "https://www.iryou.teikyouseido.mhlw.go.jp/znk-web/juminkanja/S2430/initialize?prefCd=08&kikanCd=308651355&kikanKbn=3", "url2": "http://www.ogurashika-higashi.com/", "内容": "小倉歯科東クリニック【3:歯科】茨城県古河市東牛谷５２２－１" }, "geometry": { "type": "Point", "coordinates": [ 139.75163, 36.208286 ] } },
{ "type": "Feature", "properties": { "ID": 83308651368, "正式名称": "なかい歯科クリニック", "機関区分": 3, "都道府県コード": 8, "市区町村コード": 546, "所在地": "茨城県猿島郡境町上小橋５６４ー５", "緯度": 36.102222, "経度": 139.809722, "url": "https://www.iryou.teikyouseido.mhlw.go.jp/znk-web/juminkanja/S2430/initialize?prefCd=08&kikanCd=308651368&kikanKbn=3", "url2": "http://www.nakai-shika.jp", "内容": "なかい歯科クリニック【3:歯科】茨城県猿島郡境町上小橋５６４ー５" }, "geometry": { "type": "Point", "coordinates": [ 139.809722, 36.102222 ] } },
{ "type": "Feature", "properties": { "ID": 83308651371, "正式名称": "キヨイデンタルクリニック", "機関区分": 3, "都道府県コード": 8, "市区町村コード": 546, "所在地": "茨城県猿島郡境町猿山１４５－５", "緯度": 36.133611, "経度": 139.811111, "url": "https://www.iryou.teikyouseido.mhlw.go.jp/znk-web/juminkanja/S2430/initialize?prefCd=08&kikanCd=308651371&kikanKbn=3", "url2": null, "内容": "キヨイデンタルクリニック【3:歯科】茨城県猿島郡境町猿山１４５－５" }, "geometry": { "type": "Point", "coordinates": [ 139.811111, 36.133611 ] } },
{ "type": "Feature", "properties": { "ID": 83308651401, "正式名称": "こまはね歯科クリニック", "機関区分": 3, "都道府県コード": 8, "市区町村コード": 204, "所在地": "茨城県古河市駒羽根１３６５－２０", "緯度": 36.158745, "経度": 139.760205, "url": "https://www.iryou.teikyouseido.mhlw.go.jp/znk-web/juminkanja/S2430/initialize?prefCd=08&kikanCd=308651401&kikanKbn=3", "url2": "https://komahane-shika.com/", "内容": "こまはね歯科クリニック【3:歯科】茨城県古河市駒羽根１３６５－２０" }, "geometry": { "type": "Point", "coordinates": [ 139.760205, 36.158745 ] } },
{ "type": "Feature", "properties": { "ID": 83308651414, "正式名称": "加藤歯科医院", "機関区分": 3, "都道府県コード": 8, "市区町村コード": 204, "所在地": "茨城県古河市上辺見２２２４", "緯度": 36.194167, "経度": 139.736389, "url": "https://www.iryou.teikyouseido.mhlw.go.jp/znk-web/juminkanja/S2430/initialize?prefCd=08&kikanCd=308651414&kikanKbn=3", "url2": null, "内容": "加藤歯科医院【3:歯科】茨城県古河市上辺見２２２４" }, "geometry": { "type": "Point", "coordinates": [ 139.736389, 36.194167 ] } },
{ "type": "Feature", "properties": { "ID": 83308651427, "正式名称": "まつのき歯科クリニック", "機関区分": 3, "都道府県コード": 8, "市区町村コード": 204, "所在地": "茨城県古河市駒羽根４２番地３", "緯度": 36.170036, "経度": 139.75333, "url": "https://www.iryou.teikyouseido.mhlw.go.jp/znk-web/juminkanja/S2430/initialize?prefCd=08&kikanCd=308651427&kikanKbn=3", "url2": "https://www.matsunoki-dc.com", "内容": "まつのき歯科クリニック【3:歯科】茨城県古河市駒羽根４２番地３" }, "geometry": { "type": "Point", "coordinates": [ 139.75333, 36.170036 ] } },
{ "type": "Feature", "properties": { "ID": 83308660087, "正式名称": "野沢歯科医院", "機関区分": 3, "都道府県コード": 8, "市区町村コード": 221, "所在地": "茨城県ひたちなか市幸町１６－１０", "緯度": 36.345556, "経度": 140.588889, "url": "https://www.iryou.teikyouseido.mhlw.go.jp/znk-web/juminkanja/S2430/initialize?prefCd=08&kikanCd=308660087&kikanKbn=3", "url2": null, "内容": "野沢歯科医院【3:歯科】茨城県ひたちなか市幸町１６－１０" }, "geometry": { "type": "Point", "coordinates": [ 140.588889, 36.345556 ] } },
{ "type": "Feature", "properties": { "ID": 83308660133, "正式名称": "斉藤歯科医院", "機関区分": 3, "都道府県コード": 8, "市区町村コード": 221, "所在地": "茨城県ひたちなか市大平１－１９－２９", "緯度": 36.379167, "経度": 140.541389, "url": "https://www.iryou.teikyouseido.mhlw.go.jp/znk-web/juminkanja/S2430/initialize?prefCd=08&kikanCd=308660133&kikanKbn=3", "url2": null, "内容": "斉藤歯科医院【3:歯科】茨城県ひたちなか市大平１－１９－２９" }, "geometry": { "type": "Point", "coordinates": [ 140.541389, 36.379167 ] } },
{ "type": "Feature", "properties": { "ID": 83308660191, "正式名称": "林歯科医院", "機関区分": 3, "都道府県コード": 8, "市区町村コード": 221, "所在地": "茨城県ひたちなか市勝田泉町９－１８", "緯度": 36.388056, "経度": 140.528889, "url": "https://www.iryou.teikyouseido.mhlw.go.jp/znk-web/juminkanja/S2430/initialize?prefCd=08&kikanCd=308660191&kikanKbn=3", "url2": null, "内容": "林歯科医院【3:歯科】茨城県ひたちなか市勝田泉町９－１８" }, "geometry": { "type": "Point", "coordinates": [ 140.528889, 36.388056 ] } },
{ "type": "Feature", "properties": { "ID": 83308660205, "正式名称": "山本歯科医院", "機関区分": 3, "都道府県コード": 8, "市区町村コード": 221, "所在地": "茨城県ひたちなか市勝田泉町１５ー１１", "緯度": 36.386667, "経度": 140.5275, "url": "https://www.iryou.teikyouseido.mhlw.go.jp/znk-web/juminkanja/S2430/initialize?prefCd=08&kikanCd=308660205&kikanKbn=3", "url2": null, "内容": "山本歯科医院【3:歯科】茨城県ひたちなか市勝田泉町１５ー１１" }, "geometry": { "type": "Point", "coordinates": [ 140.5275, 36.386667 ] } },
{ "type": "Feature", "properties": { "ID": 83308660250, "正式名称": "杉歯科医院", "機関区分": 3, "都道府県コード": 8, "市区町村コード": 221, "所在地": "茨城県ひたちなか市東大島４－４－１４", "緯度": 36.403525, "経度": 140.531488, "url": "https://www.iryou.teikyouseido.mhlw.go.jp/znk-web/juminkanja/S2430/initialize?prefCd=08&kikanCd=308660250&kikanKbn=3", "url2": "http://y-sugi-4182.cihp.jp/", "内容": "杉歯科医院【3:歯科】茨城県ひたちなか市東大島４－４－１４" }, "geometry": { "type": "Point", "coordinates": [ 140.531488, 36.403525 ] } },
{ "type": "Feature", "properties": { "ID": 83308660292, "正式名称": "本郷台歯科", "機関区分": 3, "都道府県コード": 8, "市区町村コード": 221, "所在地": "茨城県ひたちなか市馬渡３８２７－１３", "緯度": 36.393056, "経度": 140.561944, "url": "https://www.iryou.teikyouseido.mhlw.go.jp/znk-web/juminkanja/S2430/initialize?prefCd=08&kikanCd=308660292&kikanKbn=3", "url2": null, "内容": "本郷台歯科【3:歯科】茨城県ひたちなか市馬渡３８２７－１３" }, "geometry": { "type": "Point", "coordinates": [ 140.561944, 36.393056 ] } },
{ "type": "Feature", "properties": { "ID": 83308660377, "正式名称": "土子歯科医院", "機関区分": 3, "都道府県コード": 8, "市区町村コード": 309, "所在地": "茨城県東茨城郡大洗町磯浜町", "緯度": 36.311111, "経度": 140.573611, "url": "https://www.iryou.teikyouseido.mhlw.go.jp/znk-web/juminkanja/S2430/initialize?prefCd=08&kikanCd=308660377&kikanKbn=3", "url2": null, "内容": "土子歯科医院【3:歯科】茨城県東茨城郡大洗町磯浜町" }, "geometry": { "type": "Point", "coordinates": [ 140.573611, 36.311111 ] } },
{ "type": "Feature", "properties": { "ID": 83308660407, "正式名称": "石川歯科医院", "機関区分": 3, "都道府県コード": 8, "市区町村コード": 341, "所在地": "茨城県那珂郡東海村東海３－１－３０", "緯度": 36.467778, "経度": 140.5675, "url": "https://www.iryou.teikyouseido.mhlw.go.jp/znk-web/juminkanja/S2430/initialize?prefCd=08&kikanCd=308660407&kikanKbn=3", "url2": null, "内容": "石川歯科医院【3:歯科】茨城県那珂郡東海村東海３－１－３０" }, "geometry": { "type": "Point", "coordinates": [ 140.5675, 36.467778 ] } },
{ "type": "Feature", "properties": { "ID": 83308660423, "正式名称": "村松歯科診療所", "機関区分": 3, "都道府県コード": 8, "市区町村コード": 341, "所在地": "茨城県那珂郡東海村村松３４３－１", "緯度": 36.459722, "経度": 140.589167, "url": "https://www.iryou.teikyouseido.mhlw.go.jp/znk-web/juminkanja/S2430/initialize?prefCd=08&kikanCd=308660423&kikanKbn=3", "url2": null, "内容": "村松歯科診療所【3:歯科】茨城県那珂郡東海村村松３４３－１" }, "geometry": { "type": "Point", "coordinates": [ 140.589167, 36.459722 ] } },
{ "type": "Feature", "properties": { "ID": 83308660452, "正式名称": "セントラル歯科・口腔外科", "機関区分": 3, "都道府県コード": 8, "市区町村コード": 221, "所在地": "茨城県ひたちなか市長堀町２－１５－２", "緯度": 36.391111, "経度": 140.546111, "url": "https://www.iryou.teikyouseido.mhlw.go.jp/znk-web/juminkanja/S2430/initialize?prefCd=08&kikanCd=308660452&kikanKbn=3", "url2": "https:/www.central-dental-office.jp", "内容": "セントラル歯科・口腔外科【3:歯科】茨城県ひたちなか市長堀町２－１５－２" }, "geometry": { "type": "Point", "coordinates": [ 140.546111, 36.391111 ] } },
{ "type": "Feature", "properties": { "ID": 83308660465, "正式名称": "豊田歯科クリニック", "機関区分": 3, "都道府県コード": 8, "市区町村コード": 221, "所在地": "茨城県ひたちなか市石川町１－１　長崎屋２階", "緯度": 36.389722, "経度": 140.530556, "url": "https://www.iryou.teikyouseido.mhlw.go.jp/znk-web/juminkanja/S2430/initialize?prefCd=08&kikanCd=308660465&kikanKbn=3", "url2": "http://toyoda-shika-clinic.com/", "内容": "豊田歯科クリニック【3:歯科】茨城県ひたちなか市石川町１－１　長崎屋２階" }, "geometry": { "type": "Point", "coordinates": [ 140.530556, 36.389722 ] } },
{ "type": "Feature", "properties": { "ID": 83308660478, "正式名称": "伊藤デンタルクリニック", "機関区分": 3, "都道府県コード": 8, "市区町村コード": 341, "所在地": "茨城県那珂郡東海村村松北１－１３－５", "緯度": 36.469019, "経度": 140.575587, "url": "https://www.iryou.teikyouseido.mhlw.go.jp/znk-web/juminkanja/S2430/initialize?prefCd=08&kikanCd=308660478&kikanKbn=3", "url2": null, "内容": "伊藤デンタルクリニック【3:歯科】茨城県那珂郡東海村村松北１－１３－５" }, "geometry": { "type": "Point", "coordinates": [ 140.575587, 36.469019 ] } },
{ "type": "Feature", "properties": { "ID": 83308660494, "正式名称": "薄井歯科医院", "機関区分": 3, "都道府県コード": 8, "市区町村コード": 221, "所在地": "茨城県ひたちなか市津田２０３１－１５３", "緯度": 36.411667, "経度": 140.505556, "url": "https://www.iryou.teikyouseido.mhlw.go.jp/znk-web/juminkanja/S2430/initialize?prefCd=08&kikanCd=308660494&kikanKbn=3", "url2": null, "内容": "薄井歯科医院【3:歯科】茨城県ひたちなか市津田２０３１－１５３" }, "geometry": { "type": "Point", "coordinates": [ 140.505556, 36.411667 ] } },
{ "type": "Feature", "properties": { "ID": 83308660508, "正式名称": "医療法人社団大成会　勝田大成歯科医院", "機関区分": 3, "都道府県コード": 8, "市区町村コード": 221, "所在地": "茨城県ひたちなか市大成町", "緯度": 36.381667, "経度": 140.54, "url": "https://www.iryou.teikyouseido.mhlw.go.jp/znk-web/juminkanja/S2430/initialize?prefCd=08&kikanCd=308660508&kikanKbn=3", "url2": "http://www.taisei-dental.com", "内容": "医療法人社団大成会　勝田大成歯科医院【3:歯科】茨城県ひたちなか市大成町" }, "geometry": { "type": "Point", "coordinates": [ 140.54, 36.381667 ] } },
{ "type": "Feature", "properties": { "ID": 83308660524, "正式名称": "鈴木歯科医院", "機関区分": 3, "都道府県コード": 8, "市区町村コード": 221, "所在地": "茨城県ひたちなか市東大島３－２６－１０", "緯度": 36.40269, "経度": 140.534281, "url": "https://www.iryou.teikyouseido.mhlw.go.jp/znk-web/juminkanja/S2430/initialize?prefCd=08&kikanCd=308660524&kikanKbn=3", "url2": "https://www.hitachinaka-suzukisika.com", "内容": "鈴木歯科医院【3:歯科】茨城県ひたちなか市東大島３－２６－１０" }, "geometry": { "type": "Point", "coordinates": [ 140.534281, 36.40269 ] } },
{ "type": "Feature", "properties": { "ID": 83308660582, "正式名称": "菊地歯科医院", "機関区分": 3, "都道府県コード": 8, "市区町村コード": 341, "所在地": "茨城県那珂郡東海村舟石川駅西４－４－１", "緯度": 36.4625, "経度": 140.565, "url": "https://www.iryou.teikyouseido.mhlw.go.jp/znk-web/juminkanja/S2430/initialize?prefCd=08&kikanCd=308660582&kikanKbn=3", "url2": null, "内容": "菊地歯科医院【3:歯科】茨城県那珂郡東海村舟石川駅西４－４－１" }, "geometry": { "type": "Point", "coordinates": [ 140.565, 36.4625 ] } },
{ "type": "Feature", "properties": { "ID": 83308660609, "正式名称": "色川歯科医院", "機関区分": 3, "都道府県コード": 8, "市区町村コード": 221, "所在地": "茨城県ひたちなか市稲田３１６－４", "緯度": 36.435335, "経度": 140.529348, "url": "https://www.iryou.teikyouseido.mhlw.go.jp/znk-web/juminkanja/S2430/initialize?prefCd=08&kikanCd=308660609&kikanKbn=3", "url2": null, "内容": "色川歯科医院【3:歯科】茨城県ひたちなか市稲田３１６－４" }, "geometry": { "type": "Point", "coordinates": [ 140.529348, 36.435335 ] } },
{ "type": "Feature", "properties": { "ID": 83308660612, "正式名称": "医療法人社団伊藤歯科診療所", "機関区分": 3, "都道府県コード": 8, "市区町村コード": 309, "所在地": "茨城県東茨城郡大洗町和銅７－２", "緯度": 36.316667, "経度": 140.576389, "url": "https://www.iryou.teikyouseido.mhlw.go.jp/znk-web/juminkanja/S2430/initialize?prefCd=08&kikanCd=308660612&kikanKbn=3", "url2": null, "内容": "医療法人社団伊藤歯科診療所【3:歯科】茨城県東茨城郡大洗町和銅７－２" }, "geometry": { "type": "Point", "coordinates": [ 140.576389, 36.316667 ] } },
{ "type": "Feature", "properties": { "ID": 83308660667, "正式名称": "山田歯科医院", "機関区分": 3, "都道府県コード": 8, "市区町村コード": 221, "所在地": "茨城県ひたちなか市青葉町１９－１", "緯度": 36.3868799, "経度": 140.5338751, "url": "https://www.iryou.teikyouseido.mhlw.go.jp/znk-web/juminkanja/S2430/initialize?prefCd=08&kikanCd=308660667&kikanKbn=3", "url2": null, "内容": "山田歯科医院【3:歯科】茨城県ひたちなか市青葉町１９－１" }, "geometry": { "type": "Point", "coordinates": [ 140.533875099999989, 36.3868799 ] } },
{ "type": "Feature", "properties": { "ID": 83308660670, "正式名称": "津田歯科医院", "機関区分": 3, "都道府県コード": 8, "市区町村コード": 221, "所在地": "茨城県ひたちなか市津田２８０２－１", "緯度": 36.403889, "経度": 140.494167, "url": "https://www.iryou.teikyouseido.mhlw.go.jp/znk-web/juminkanja/S2430/initialize?prefCd=08&kikanCd=308660670&kikanKbn=3", "url2": "http://www.tudadent.com", "内容": "津田歯科医院【3:歯科】茨城県ひたちなか市津田２８０２－１" }, "geometry": { "type": "Point", "coordinates": [ 140.494167, 36.403889 ] } },
{ "type": "Feature", "properties": { "ID": 83308660696, "正式名称": "黒沢歯科医院", "機関区分": 3, "都道府県コード": 8, "市区町村コード": 221, "所在地": "茨城県ひたちなか市平磯町５２６５", "緯度": 36.361905, "経度": 140.615993, "url": "https://www.iryou.teikyouseido.mhlw.go.jp/znk-web/juminkanja/S2430/initialize?prefCd=08&kikanCd=308660696&kikanKbn=3", "url2": null, "内容": "黒沢歯科医院【3:歯科】茨城県ひたちなか市平磯町５２６５" }, "geometry": { "type": "Point", "coordinates": [ 140.615993, 36.361905 ] } },
{ "type": "Feature", "properties": { "ID": 83308660713, "正式名称": "かつらぎ歯科医院", "機関区分": 3, "都道府県コード": 8, "市区町村コード": 221, "所在地": "茨城県ひたちなか市平磯町１２６６", "緯度": 36.353056, "経度": 140.615556, "url": "https://www.iryou.teikyouseido.mhlw.go.jp/znk-web/juminkanja/S2430/initialize?prefCd=08&kikanCd=308660713&kikanKbn=3", "url2": null, "内容": "かつらぎ歯科医院【3:歯科】茨城県ひたちなか市平磯町１２６６" }, "geometry": { "type": "Point", "coordinates": [ 140.615556, 36.353056 ] } },
{ "type": "Feature", "properties": { "ID": 83308660739, "正式名称": "馬渡歯科医院", "機関区分": 3, "都道府県コード": 8, "市区町村コード": 221, "所在地": "茨城県ひたちなか市馬渡西谷津２５２５－４３", "緯度": 36.400789, "経度": 140.574239, "url": "https://www.iryou.teikyouseido.mhlw.go.jp/znk-web/juminkanja/S2430/initialize?prefCd=08&kikanCd=308660739&kikanKbn=3", "url2": null, "内容": "馬渡歯科医院【3:歯科】茨城県ひたちなか市馬渡西谷津２５２５－４３" }, "geometry": { "type": "Point", "coordinates": [ 140.574239, 36.400789 ] } },
{ "type": "Feature", "properties": { "ID": 83308660742, "正式名称": "大島歯科医院", "機関区分": 3, "都道府県コード": 8, "市区町村コード": 221, "所在地": "茨城県ひたちなか市西大島３－１８－１５", "緯度": 36.408532, "経度": 140.525083, "url": "https://www.iryou.teikyouseido.mhlw.go.jp/znk-web/juminkanja/S2430/initialize?prefCd=08&kikanCd=308660742&kikanKbn=3", "url2": null, "内容": "大島歯科医院【3:歯科】茨城県ひたちなか市西大島３－１８－１５" }, "geometry": { "type": "Point", "coordinates": [ 140.525083, 36.408532 ] } },
{ "type": "Feature", "properties": { "ID": 83308660784, "正式名称": "なかの歯科医院", "機関区分": 3, "都道府県コード": 8, "市区町村コード": 221, "所在地": "茨城県ひたちなか市稲田３５８－５", "緯度": 36.431667, "経度": 140.529722, "url": "https://www.iryou.teikyouseido.mhlw.go.jp/znk-web/juminkanja/S2430/initialize?prefCd=08&kikanCd=308660784&kikanKbn=3", "url2": "http://shika-nakano.com/index.html", "内容": "なかの歯科医院【3:歯科】茨城県ひたちなか市稲田３５８－５" }, "geometry": { "type": "Point", "coordinates": [ 140.529722, 36.431667 ] } },
{ "type": "Feature", "properties": { "ID": 83308660797, "正式名称": "月村歯科医院", "機関区分": 3, "都道府県コード": 8, "市区町村コード": 341, "所在地": "茨城県那珂郡東海村白方１３２４－３", "緯度": 36.469722, "経度": 140.586667, "url": "https://www.iryou.teikyouseido.mhlw.go.jp/znk-web/juminkanja/S2430/initialize?prefCd=08&kikanCd=308660797&kikanKbn=3", "url2": null, "内容": "月村歯科医院【3:歯科】茨城県那珂郡東海村白方１３２４－３" }, "geometry": { "type": "Point", "coordinates": [ 140.586667, 36.469722 ] } },
{ "type": "Feature", "properties": { "ID": 83308660814, "正式名称": "梅原歯科医院", "機関区分": 3, "都道府県コード": 8, "市区町村コード": 221, "所在地": "茨城県ひたちなか市相金町３４－１５", "緯度": 36.353449, "経度": 140.587945, "url": "https://www.iryou.teikyouseido.mhlw.go.jp/znk-web/juminkanja/S2430/initialize?prefCd=08&kikanCd=308660814&kikanKbn=3", "url2": "http://www.umeharashika.com", "内容": "梅原歯科医院【3:歯科】茨城県ひたちなか市相金町３４－１５" }, "geometry": { "type": "Point", "coordinates": [ 140.587945, 36.353449 ] } },
{ "type": "Feature", "properties": { "ID": 83308660830, "正式名称": "かどわき歯科医院", "機関区分": 3, "都道府県コード": 8, "市区町村コード": 309, "所在地": "茨城県東茨城郡大洗町大貫町２５８－５", "緯度": 36.301328, "経度": 140.560615, "url": "https://www.iryou.teikyouseido.mhlw.go.jp/znk-web/juminkanja/S2430/initialize?prefCd=08&kikanCd=308660830&kikanKbn=3", "url2": null, "内容": "かどわき歯科医院【3:歯科】茨城県東茨城郡大洗町大貫町２５８－５" }, "geometry": { "type": "Point", "coordinates": [ 140.560615, 36.301328 ] } },
{ "type": "Feature", "properties": { "ID": 83308660898, "正式名称": "大山歯科医院", "機関区分": 3, "都道府県コード": 8, "市区町村コード": 221, "所在地": "茨城県ひたちなか市東石川３－２１－８東功ビル２Ｆ", "緯度": 36.394806, "経度": 140.535515, "url": "https://www.iryou.teikyouseido.mhlw.go.jp/znk-web/juminkanja/S2430/initialize?prefCd=08&kikanCd=308660898&kikanKbn=3", "url2": null, "内容": "大山歯科医院【3:歯科】茨城県ひたちなか市東石川３－２１－８東功ビル２Ｆ" }, "geometry": { "type": "Point", "coordinates": [ 140.535515, 36.394806 ] } },
{ "type": "Feature", "properties": { "ID": 83308660915, "正式名称": "容子歯科", "機関区分": 3, "都道府県コード": 8, "市区町村コード": 221, "所在地": "茨城県ひたちなか市東大島３－５－１２", "緯度": 36.396389, "経度": 140.533611, "url": "https://www.iryou.teikyouseido.mhlw.go.jp/znk-web/juminkanja/S2430/initialize?prefCd=08&kikanCd=308660915&kikanKbn=3", "url2": null, "内容": "容子歯科【3:歯科】茨城県ひたちなか市東大島３－５－１２" }, "geometry": { "type": "Point", "coordinates": [ 140.533611, 36.396389 ] } },
{ "type": "Feature", "properties": { "ID": 83308660928, "正式名称": "かわしま歯科医院", "機関区分": 3, "都道府県コード": 8, "市区町村コード": 221, "所在地": "茨城県ひたちなか市笹野町３－２－９", "緯度": 36.396129, "経度": 140.547311, "url": "https://www.iryou.teikyouseido.mhlw.go.jp/znk-web/juminkanja/S2430/initialize?prefCd=08&kikanCd=308660928&kikanKbn=3", "url2": null, "内容": "かわしま歯科医院【3:歯科】茨城県ひたちなか市笹野町３－２－９" }, "geometry": { "type": "Point", "coordinates": [ 140.547311, 36.396129 ] } },
{ "type": "Feature", "properties": { "ID": 83308660960, "正式名称": "根本歯科医院", "機関区分": 3, "都道府県コード": 8, "市区町村コード": 221, "所在地": "茨城県ひたちなか市磯崎町４２４９－６", "緯度": 36.376111, "経度": 140.622778, "url": "https://www.iryou.teikyouseido.mhlw.go.jp/znk-web/juminkanja/S2430/initialize?prefCd=08&kikanCd=308660960&kikanKbn=3", "url2": null, "内容": "根本歯科医院【3:歯科】茨城県ひたちなか市磯崎町４２４９－６" }, "geometry": { "type": "Point", "coordinates": [ 140.622778, 36.376111 ] } },
{ "type": "Feature", "properties": { "ID": 83308670019, "正式名称": "神賀歯科医院", "機関区分": 3, "都道府県コード": 8, "市区町村コード": 364, "所在地": "茨城県久慈郡大子町頃藤５１１５", "緯度": 36.717222, "経度": 140.379444, "url": "https://www.iryou.teikyouseido.mhlw.go.jp/znk-web/juminkanja/S2430/initialize?prefCd=08&kikanCd=308670019&kikanKbn=3", "url2": null, "内容": "神賀歯科医院【3:歯科】茨城県久慈郡大子町頃藤５１１５" }, "geometry": { "type": "Point", "coordinates": [ 140.379444, 36.717222 ] } },
{ "type": "Feature", "properties": { "ID": 83308670080, "正式名称": "すずき歯科医院", "機関区分": 3, "都道府県コード": 8, "市区町村コード": 364, "所在地": "茨城県久慈郡大子町池田１２２９－４", "緯度": 36.783611, "経度": 140.363889, "url": "https://www.iryou.teikyouseido.mhlw.go.jp/znk-web/juminkanja/S2430/initialize?prefCd=08&kikanCd=308670080&kikanKbn=3", "url2": null, "内容": "すずき歯科医院【3:歯科】茨城県久慈郡大子町池田１２２９－４" }, "geometry": { "type": "Point", "coordinates": [ 140.363889, 36.783611 ] } },
{ "type": "Feature", "properties": { "ID": 83308670093, "正式名称": "斉藤歯科医院", "機関区分": 3, "都道府県コード": 8, "市区町村コード": 364, "所在地": "茨城県久慈郡大子町大子７１５", "緯度": 36.768056, "経度": 140.354722, "url": "https://www.iryou.teikyouseido.mhlw.go.jp/znk-web/juminkanja/S2430/initialize?prefCd=08&kikanCd=308670093&kikanKbn=3", "url2": null, "内容": "斉藤歯科医院【3:歯科】茨城県久慈郡大子町大子７１５" }, "geometry": { "type": "Point", "coordinates": [ 140.354722, 36.768056 ] } },
{ "type": "Feature", "properties": { "ID": 83308680012, "正式名称": "鈴木歯科医院", "機関区分": 3, "都道府県コード": 8, "市区町村コード": 214, "所在地": "茨城県高萩市安良川１１４", "緯度": 36.708836, "経度": 140.71448, "url": "https://www.iryou.teikyouseido.mhlw.go.jp/znk-web/juminkanja/S2430/initialize?prefCd=08&kikanCd=308680012&kikanKbn=3", "url2": null, "内容": "鈴木歯科医院【3:歯科】茨城県高萩市安良川１１４" }, "geometry": { "type": "Point", "coordinates": [ 140.71448, 36.708836 ] } },
{ "type": "Feature", "properties": { "ID": 83308680041, "正式名称": "若松歯科医院", "機関区分": 3, "都道府県コード": 8, "市区町村コード": 214, "所在地": "茨城県高萩市大和町１－２７", "緯度": 36.708889, "経度": 140.7175, "url": "https://www.iryou.teikyouseido.mhlw.go.jp/znk-web/juminkanja/S2430/initialize?prefCd=08&kikanCd=308680041&kikanKbn=3", "url2": "http://www.wakamatsu-dc.info/", "内容": "若松歯科医院【3:歯科】茨城県高萩市大和町１－２７" }, "geometry": { "type": "Point", "coordinates": [ 140.7175, 36.708889 ] } },
{ "type": "Feature", "properties": { "ID": 83308680067, "正式名称": "横山歯科医院", "機関区分": 3, "都道府県コード": 8, "市区町村コード": 214, "所在地": "茨城県高萩市大和町３ー３７ー１", "緯度": 36.711974, "経度": 140.713045, "url": "https://www.iryou.teikyouseido.mhlw.go.jp/znk-web/juminkanja/S2430/initialize?prefCd=08&kikanCd=308680067&kikanKbn=3", "url2": null, "内容": "横山歯科医院【3:歯科】茨城県高萩市大和町３ー３７ー１" }, "geometry": { "type": "Point", "coordinates": [ 140.713045, 36.711974 ] } },
{ "type": "Feature", "properties": { "ID": 83308680070, "正式名称": "菊池歯科医院", "機関区分": 3, "都道府県コード": 8, "市区町村コード": 214, "所在地": "茨城県高萩市有明町１－１０", "緯度": 36.713308, "経度": 140.719621, "url": "https://www.iryou.teikyouseido.mhlw.go.jp/znk-web/juminkanja/S2430/initialize?prefCd=08&kikanCd=308680070&kikanKbn=3", "url2": null, "内容": "菊池歯科医院【3:歯科】茨城県高萩市有明町１－１０" }, "geometry": { "type": "Point", "coordinates": [ 140.719621, 36.713308 ] } },
{ "type": "Feature", "properties": { "ID": 83308680155, "正式名称": "北茨城歯科医院", "機関区分": 3, "都道府県コード": 8, "市区町村コード": 215, "所在地": "茨城県北茨城市関南町里根川２０－６", "緯度": 36.839544, "経度": 140.777831, "url": "https://www.iryou.teikyouseido.mhlw.go.jp/znk-web/juminkanja/S2430/initialize?prefCd=08&kikanCd=308680155&kikanKbn=3", "url2": null, "内容": "北茨城歯科医院【3:歯科】茨城県北茨城市関南町里根川２０－６" }, "geometry": { "type": "Point", "coordinates": [ 140.777831, 36.839544 ] } },
{ "type": "Feature", "properties": { "ID": 83308680171, "正式名称": "中郷歯科医院", "機関区分": 3, "都道府県コード": 8, "市区町村コード": 215, "所在地": "茨城県北茨城市中郷町足洗１１５０", "緯度": 36.768333, "経度": 140.738056, "url": "https://www.iryou.teikyouseido.mhlw.go.jp/znk-web/juminkanja/S2430/initialize?prefCd=08&kikanCd=308680171&kikanKbn=3", "url2": null, "内容": "中郷歯科医院【3:歯科】茨城県北茨城市中郷町足洗１１５０" }, "geometry": { "type": "Point", "coordinates": [ 140.738056, 36.768333 ] } },
{ "type": "Feature", "properties": { "ID": 83308680256, "正式名称": "高萩歯科クリニック", "機関区分": 3, "都道府県コード": 8, "市区町村コード": 214, "所在地": "茨城県高萩市春日町２－３６", "緯度": 35.847447, "経度": 139.384672, "url": "https://www.iryou.teikyouseido.mhlw.go.jp/znk-web/juminkanja/S2430/initialize?prefCd=08&kikanCd=308680256&kikanKbn=3", "url2": null, "内容": "高萩歯科クリニック【3:歯科】茨城県高萩市春日町２－３６" }, "geometry": { "type": "Point", "coordinates": [ 139.384672, 35.847447 ] } },
{ "type": "Feature", "properties": { "ID": 83308680272, "正式名称": "十王歯科医院", "機関区分": 3, "都道府県コード": 8, "市区町村コード": 202, "所在地": "茨城県日立市十王町友部", "緯度": 36.671944, "経度": 140.688056, "url": "https://www.iryou.teikyouseido.mhlw.go.jp/znk-web/juminkanja/S2430/initialize?prefCd=08&kikanCd=308680272&kikanKbn=3", "url2": null, "内容": "十王歯科医院【3:歯科】茨城県日立市十王町友部" }, "geometry": { "type": "Point", "coordinates": [ 140.688056, 36.671944 ] } },
{ "type": "Feature", "properties": { "ID": 83308680302, "正式名称": "こまつ歯科医院", "機関区分": 3, "都道府県コード": 8, "市区町村コード": 215, "所在地": "茨城県北茨城市大津町北町１－７－９", "緯度": 36.846832, "経度": 140.78087, "url": "https://www.iryou.teikyouseido.mhlw.go.jp/znk-web/juminkanja/S2430/initialize?prefCd=08&kikanCd=308680302&kikanKbn=3", "url2": null, "内容": "こまつ歯科医院【3:歯科】茨城県北茨城市大津町北町１－７－９" }, "geometry": { "type": "Point", "coordinates": [ 140.78087, 36.846832 ] } },
{ "type": "Feature", "properties": { "ID": 83308690031, "正式名称": "なかむら矯正歯科クリニック", "機関区分": 3, "都道府県コード": 8, "市区町村コード": 235, "所在地": "茨城県つくばみらい市小絹７５８－５", "緯度": 35.976111, "経度": 139.986389, "url": "https://www.iryou.teikyouseido.mhlw.go.jp/znk-web/juminkanja/S2430/initialize?prefCd=08&kikanCd=308690031&kikanKbn=3", "url2": "http://www.nakamura-orthodontic-clinic.jp/", "内容": "なかむら矯正歯科クリニック【3:歯科】茨城県つくばみらい市小絹７５８－５" }, "geometry": { "type": "Point", "coordinates": [ 139.986389, 35.976111 ] } },
{ "type": "Feature", "properties": { "ID": 83308690044, "正式名称": "渡辺歯科医院", "機関区分": 3, "都道府県コード": 8, "市区町村コード": 220, "所在地": "茨城県つくば市東新井１８ー１０タカゲンビル２Ｆ", "緯度": 36.063392, "経度": 140.075016, "url": "https://www.iryou.teikyouseido.mhlw.go.jp/znk-web/juminkanja/S2430/initialize?prefCd=08&kikanCd=308690044&kikanKbn=3", "url2": "https://dentalclinic-watanabe.com", "内容": "渡辺歯科医院【3:歯科】茨城県つくば市東新井１８ー１０タカゲンビル２Ｆ" }, "geometry": { "type": "Point", "coordinates": [ 140.075016, 36.063392 ] } },
{ "type": "Feature", "properties": { "ID": 83308690057, "正式名称": "おぜき歯科医院", "機関区分": 3, "都道府県コード": 8, "市区町村コード": 220, "所在地": "茨城県つくば市今鹿島４１７３－２", "緯度": 36.112448, "経度": 140.037831, "url": "https://www.iryou.teikyouseido.mhlw.go.jp/znk-web/juminkanja/S2430/initialize?prefCd=08&kikanCd=308690057&kikanKbn=3", "url2": null, "内容": "おぜき歯科医院【3:歯科】茨城県つくば市今鹿島４１７３－２" }, "geometry": { "type": "Point", "coordinates": [ 140.037831, 36.112448 ] } },
{ "type": "Feature", "properties": { "ID": 83308690073, "正式名称": "鈴木和子歯科医院", "機関区分": 3, "都道府県コード": 8, "市区町村コード": 220, "所在地": "茨城県つくば市上横場２４３－９", "緯度": 36.049167, "経度": 140.087778, "url": "https://www.iryou.teikyouseido.mhlw.go.jp/znk-web/juminkanja/S2430/initialize?prefCd=08&kikanCd=308690073&kikanKbn=3", "url2": null, "内容": "鈴木和子歯科医院【3:歯科】茨城県つくば市上横場２４３－９" }, "geometry": { "type": "Point", "coordinates": [ 140.087778, 36.049167 ] } },
{ "type": "Feature", "properties": { "ID": 83308690116, "正式名称": "入江歯科医院", "機関区分": 3, "都道府県コード": 8, "市区町村コード": 235, "所在地": "茨城県つくばみらい市小絹１５６－１７", "緯度": 35.983333, "経度": 139.983333, "url": "https://www.iryou.teikyouseido.mhlw.go.jp/znk-web/juminkanja/S2430/initialize?prefCd=08&kikanCd=308690116&kikanKbn=3", "url2": null, "内容": "入江歯科医院【3:歯科】茨城県つくばみらい市小絹１５６－１７" }, "geometry": { "type": "Point", "coordinates": [ 139.983333, 35.983333 ] } },
{ "type": "Feature", "properties": { "ID": 83308690129, "正式名称": "医療法人博英会天川歯科", "機関区分": 3, "都道府県コード": 8, "市区町村コード": 220, "所在地": "茨城県つくば市下広岡７５２−４", "緯度": 36.066605, "経度": 140.16472, "url": "https://www.iryou.teikyouseido.mhlw.go.jp/znk-web/juminkanja/S2430/initialize?prefCd=08&kikanCd=308690129&kikanKbn=3", "url2": "https://www.amakawa-dental.com", "内容": "医療法人博英会天川歯科【3:歯科】茨城県つくば市下広岡７５２−４" }, "geometry": { "type": "Point", "coordinates": [ 140.16472, 36.066605 ] } },
{ "type": "Feature", "properties": { "ID": 83308690132, "正式名称": "やまぐち歯科医院", "機関区分": 3, "都道府県コード": 8, "市区町村コード": 220, "所在地": "茨城県つくば市要１７４－４", "緯度": 36.105865, "経度": 140.082543, "url": "https://www.iryou.teikyouseido.mhlw.go.jp/znk-web/juminkanja/S2430/initialize?prefCd=08&kikanCd=308690132&kikanKbn=3", "url2": "https://www.tsukuba-yamaguchi-shika.com", "内容": "やまぐち歯科医院【3:歯科】茨城県つくば市要１７４－４" }, "geometry": { "type": "Point", "coordinates": [ 140.082543, 36.105865 ] } },
{ "type": "Feature", "properties": { "ID": 83308690158, "正式名称": "曽根歯科医院", "機関区分": 3, "都道府県コード": 8, "市区町村コード": 220, "所在地": "茨城県つくば市下広岡７４６－３", "緯度": 36.068644, "経度": 140.169279, "url": "https://www.iryou.teikyouseido.mhlw.go.jp/znk-web/juminkanja/S2430/initialize?prefCd=08&kikanCd=308690158&kikanKbn=3", "url2": null, "内容": "曽根歯科医院【3:歯科】茨城県つくば市下広岡７４６－３" }, "geometry": { "type": "Point", "coordinates": [ 140.169279, 36.068644 ] } },
{ "type": "Feature", "properties": { "ID": 83308690161, "正式名称": "茗仁歯科診療所", "機関区分": 3, "都道府県コード": 8, "市区町村コード": 220, "所在地": "茨城県つくば市小野崎７８２－７", "緯度": 36.07038, "経度": 140.107418, "url": "https://www.iryou.teikyouseido.mhlw.go.jp/znk-web/juminkanja/S2430/initialize?prefCd=08&kikanCd=308690161&kikanKbn=3", "url2": "https://www.meijin-dc.com", "内容": "茗仁歯科診療所【3:歯科】茨城県つくば市小野崎７８２－７" }, "geometry": { "type": "Point", "coordinates": [ 140.107418, 36.07038 ] } },
{ "type": "Feature", "properties": { "ID": 83308690187, "正式名称": "医療法人公友会いんなみ歯科医院", "機関区分": 3, "都道府県コード": 8, "市区町村コード": 220, "所在地": "茨城県つくば市高見原１−６−１２６", "緯度": 35.988333, "経度": 140.137222, "url": "https://www.iryou.teikyouseido.mhlw.go.jp/znk-web/juminkanja/S2430/initialize?prefCd=08&kikanCd=308690187&kikanKbn=3", "url2": "https://innami.dental-office.jp", "内容": "医療法人公友会いんなみ歯科医院【3:歯科】茨城県つくば市高見原１−６−１２６" }, "geometry": { "type": "Point", "coordinates": [ 140.137222, 35.988333 ] } },
{ "type": "Feature", "properties": { "ID": 83308690190, "正式名称": "草間歯科医院", "機関区分": 3, "都道府県コード": 8, "市区町村コード": 220, "所在地": "茨城県つくば市若栗４１２－１", "緯度": 36.013898, "経度": 140.101867, "url": "https://www.iryou.teikyouseido.mhlw.go.jp/znk-web/juminkanja/S2430/initialize?prefCd=08&kikanCd=308690190&kikanKbn=3", "url2": null, "内容": "草間歯科医院【3:歯科】茨城県つくば市若栗４１２－１" }, "geometry": { "type": "Point", "coordinates": [ 140.101867, 36.013898 ] } },
{ "type": "Feature", "properties": { "ID": 83308690220, "正式名称": "おおさわ歯科医院", "機関区分": 3, "都道府県コード": 8, "市区町村コード": 220, "所在地": "茨城県つくば市西高野８７６－１", "緯度": 36.142222, "経度": 140.023056, "url": "https://www.iryou.teikyouseido.mhlw.go.jp/znk-web/juminkanja/S2430/initialize?prefCd=08&kikanCd=308690220&kikanKbn=3", "url2": "http://www.osawa418.com", "内容": "おおさわ歯科医院【3:歯科】茨城県つくば市西高野８７６－１" }, "geometry": { "type": "Point", "coordinates": [ 140.023056, 36.142222 ] } },
{ "type": "Feature", "properties": { "ID": 83308690259, "正式名称": "いいつか歯科医院", "機関区分": 3, "都道府県コード": 8, "市区町村コード": 220, "所在地": "茨城県つくば市作谷４９１－３", "緯度": 36.188056, "経度": 140.050833, "url": "https://www.iryou.teikyouseido.mhlw.go.jp/znk-web/juminkanja/S2430/initialize?prefCd=08&kikanCd=308690259&kikanKbn=3", "url2": null, "内容": "いいつか歯科医院【3:歯科】茨城県つくば市作谷４９１－３" }, "geometry": { "type": "Point", "coordinates": [ 140.050833, 36.188056 ] } },
{ "type": "Feature", "properties": { "ID": 83308690275, "正式名称": "はしもと歯科クリニック", "機関区分": 3, "都道府県コード": 8, "市区町村コード": 235, "所在地": "茨城県つくばみらい市板橋２５０１－４", "緯度": 35.970833, "経度": 140.050833, "url": "https://www.iryou.teikyouseido.mhlw.go.jp/znk-web/juminkanja/S2430/initialize?prefCd=08&kikanCd=308690275&kikanKbn=3", "url2": "http://www.hashimoto-shikaclinic.com", "内容": "はしもと歯科クリニック【3:歯科】茨城県つくばみらい市板橋２５０１－４" }, "geometry": { "type": "Point", "coordinates": [ 140.050833, 35.970833 ] } },
{ "type": "Feature", "properties": { "ID": 83308690291, "正式名称": "医療法人社団栄恵会かつらぎ歯科クリニック", "機関区分": 3, "都道府県コード": 8, "市区町村コード": 220, "所在地": "茨城県つくば市苅間１７１２", "緯度": 36.078333, "経度": 140.107778, "url": "https://www.iryou.teikyouseido.mhlw.go.jp/znk-web/juminkanja/S2430/initialize?prefCd=08&kikanCd=308690291&kikanKbn=3", "url2": "http://www.kdc.cm", "内容": "医療法人社団栄恵会かつらぎ歯科クリニック【3:歯科】茨城県つくば市苅間１７１２" }, "geometry": { "type": "Point", "coordinates": [ 140.107778, 36.078333 ] } },
{ "type": "Feature", "properties": { "ID": 83308690305, "正式名称": "さくら歯科医院", "機関区分": 3, "都道府県コード": 8, "市区町村コード": 220, "所在地": "茨城県つくば市桜２−３５−８", "緯度": 36.111794, "経度": 140.111013, "url": "https://www.iryou.teikyouseido.mhlw.go.jp/znk-web/juminkanja/S2430/initialize?prefCd=08&kikanCd=308690305&kikanKbn=3", "url2": "http://www.sakura-saita.net", "内容": "さくら歯科医院【3:歯科】茨城県つくば市桜２−３５−８" }, "geometry": { "type": "Point", "coordinates": [ 140.111013, 36.111794 ] } },
{ "type": "Feature", "properties": { "ID": 83308690334, "正式名称": "医療法人社団洸友会つるみ矯正歯科", "機関区分": 3, "都道府県コード": 8, "市区町村コード": 220, "所在地": "茨城県つくば市二の宮１－１４－４１", "緯度": 36.066389, "経度": 140.121389, "url": "https://www.iryou.teikyouseido.mhlw.go.jp/znk-web/juminkanja/S2430/initialize?prefCd=08&kikanCd=308690334&kikanKbn=3", "url2": null, "内容": "医療法人社団洸友会つるみ矯正歯科【3:歯科】茨城県つくば市二の宮１－１４－４１" }, "geometry": { "type": "Point", "coordinates": [ 140.121389, 36.066389 ] } },
{ "type": "Feature", "properties": { "ID": 83308690347, "正式名称": "おおいわ歯科医院", "機関区分": 3, "都道府県コード": 8, "市区町村コード": 235, "所在地": "茨城県つくばみらい市西丸山１５９－１", "緯度": 35.990977, "経度": 140.01666, "url": "https://www.iryou.teikyouseido.mhlw.go.jp/znk-web/juminkanja/S2430/initialize?prefCd=08&kikanCd=308690347&kikanKbn=3", "url2": "http://ooiwa-dental.jp", "内容": "おおいわ歯科医院【3:歯科】茨城県つくばみらい市西丸山１５９－１" }, "geometry": { "type": "Point", "coordinates": [ 140.01666, 35.990977 ] } },
{ "type": "Feature", "properties": { "ID": 83308690376, "正式名称": "正岡デンタルクリニック", "機関区分": 3, "都道府県コード": 8, "市区町村コード": 220, "所在地": "茨城県つくば市明神３７８－２５", "緯度": 35.986128, "経度": 140.135784, "url": "https://www.iryou.teikyouseido.mhlw.go.jp/znk-web/juminkanja/S2430/initialize?prefCd=08&kikanCd=308690376&kikanKbn=3", "url2": "https://www.masaoka-dc.com/", "内容": "正岡デンタルクリニック【3:歯科】茨城県つくば市明神３７８－２５" }, "geometry": { "type": "Point", "coordinates": [ 140.135784, 35.986128 ] } },
{ "type": "Feature", "properties": { "ID": 83308690389, "正式名称": "つくばヘルスケア歯科クリニック", "機関区分": 3, "都道府県コード": 8, "市区町村コード": 220, "所在地": "茨城県つくば市手代木１９２５−４", "緯度": 36.059167, "経度": 140.105, "url": "https://www.iryou.teikyouseido.mhlw.go.jp/znk-web/juminkanja/S2430/initialize?prefCd=08&kikanCd=308690389&kikanKbn=3", "url2": "http://www.caredental.org/", "内容": "つくばヘルスケア歯科クリニック【3:歯科】茨城県つくば市手代木１９２５−４" }, "geometry": { "type": "Point", "coordinates": [ 140.105, 36.059167 ] } },
{ "type": "Feature", "properties": { "ID": 83308690406, "正式名称": "大越歯科医院", "機関区分": 3, "都道府県コード": 8, "市区町村コード": 220, "所在地": "茨城県つくば市沼田２３３－８", "緯度": 36.207397, "経度": 140.081017, "url": "https://www.iryou.teikyouseido.mhlw.go.jp/znk-web/juminkanja/S2430/initialize?prefCd=08&kikanCd=308690406&kikanKbn=3", "url2": null, "内容": "大越歯科医院【3:歯科】茨城県つくば市沼田２３３－８" }, "geometry": { "type": "Point", "coordinates": [ 140.081017, 36.207397 ] } },
{ "type": "Feature", "properties": { "ID": 83308690435, "正式名称": "高瀬歯科医院", "機関区分": 3, "都道府県コード": 8, "市区町村コード": 220, "所在地": "茨城県つくば市筑穂１－１２－７", "緯度": 36.135858, "経度": 140.084172, "url": "https://www.iryou.teikyouseido.mhlw.go.jp/znk-web/juminkanja/S2430/initialize?prefCd=08&kikanCd=308690435&kikanKbn=3", "url2": null, "内容": "高瀬歯科医院【3:歯科】茨城県つくば市筑穂１－１２－７" }, "geometry": { "type": "Point", "coordinates": [ 140.084172, 36.135858 ] } },
{ "type": "Feature", "properties": { "ID": 83308690448, "正式名称": "いそやま歯科", "機関区分": 3, "都道府県コード": 8, "市区町村コード": 220, "所在地": "茨城県つくば市高崎１６３７ー３", "緯度": 36.007693, "経度": 140.121267, "url": "https://www.iryou.teikyouseido.mhlw.go.jp/znk-web/juminkanja/S2430/initialize?prefCd=08&kikanCd=308690448&kikanKbn=3", "url2": null, "内容": "いそやま歯科【3:歯科】茨城県つくば市高崎１６３７ー３" }, "geometry": { "type": "Point", "coordinates": [ 140.121267, 36.007693 ] } },
{ "type": "Feature", "properties": { "ID": 83308690464, "正式名称": "なかはら歯科クリニック", "機関区分": 3, "都道府県コード": 8, "市区町村コード": 220, "所在地": "茨城県つくば市竹園２－１６－３６", "緯度": 36.075779, "経度": 140.120492, "url": "https://www.iryou.teikyouseido.mhlw.go.jp/znk-web/juminkanja/S2430/initialize?prefCd=08&kikanCd=308690464&kikanKbn=3", "url2": null, "内容": "なかはら歯科クリニック【3:歯科】茨城県つくば市竹園２－１６－３６" }, "geometry": { "type": "Point", "coordinates": [ 140.120492, 36.075779 ] } },
{ "type": "Feature", "properties": { "ID": 83308690477, "正式名称": "横張歯科医院", "機関区分": 3, "都道府県コード": 8, "市区町村コード": 235, "所在地": "茨城県つくばみらい市陽光台２－１０－２", "緯度": 35.998632, "経度": 140.041877, "url": "https://www.iryou.teikyouseido.mhlw.go.jp/znk-web/juminkanja/S2430/initialize?prefCd=08&kikanCd=308690477&kikanKbn=3", "url2": "http://yokoharishika.com/", "内容": "横張歯科医院【3:歯科】茨城県つくばみらい市陽光台２－１０－２" }, "geometry": { "type": "Point", "coordinates": [ 140.041877, 35.998632 ] } },
{ "type": "Feature", "properties": { "ID": 83308690480, "正式名称": "クラ歯科医院", "機関区分": 3, "都道府県コード": 8, "市区町村コード": 235, "所在地": "茨城県つくばみらい市細代７３０－２", "緯度": 35.999444, "経度": 139.9825, "url": "https://www.iryou.teikyouseido.mhlw.go.jp/znk-web/juminkanja/S2430/initialize?prefCd=08&kikanCd=308690480&kikanKbn=3", "url2": "http://www.k-kura.com", "内容": "クラ歯科医院【3:歯科】茨城県つくばみらい市細代７３０－２" }, "geometry": { "type": "Point", "coordinates": [ 139.9825, 35.999444 ] } },
{ "type": "Feature", "properties": { "ID": 83308690493, "正式名称": "医療法人貴生会こうた歯科クリニック", "機関区分": 3, "都道府県コード": 8, "市区町村コード": 220, "所在地": "茨城県つくば市吾妻４－５－９", "緯度": 36.084351, "経度": 140.121262, "url": "https://www.iryou.teikyouseido.mhlw.go.jp/znk-web/juminkanja/S2430/initialize?prefCd=08&kikanCd=308690493&kikanKbn=3", "url2": "www.kouta-dc.com", "内容": "医療法人貴生会こうた歯科クリニック【3:歯科】茨城県つくば市吾妻４－５－９" }, "geometry": { "type": "Point", "coordinates": [ 140.121262, 36.084351 ] } },
{ "type": "Feature", "properties": { "ID": 83308690523, "正式名称": "竹園セントラル歯科医院", "機関区分": 3, "都道府県コード": 8, "市区町村コード": 220, "所在地": "茨城県つくば市竹園１－１２－６", "緯度": 36.076944, "経度": 140.121389, "url": "https://www.iryou.teikyouseido.mhlw.go.jp/znk-web/juminkanja/S2430/initialize?prefCd=08&kikanCd=308690523&kikanKbn=3", "url2": "http://www.central-dental-clinic.com", "内容": "竹園セントラル歯科医院【3:歯科】茨城県つくば市竹園１－１２－６" }, "geometry": { "type": "Point", "coordinates": [ 140.121389, 36.076944 ] } },
{ "type": "Feature", "properties": { "ID": 83308690549, "正式名称": "つくばシティアビル歯科", "機関区分": 3, "都道府県コード": 8, "市区町村コード": 220, "所在地": "茨城県つくば市吾妻２－８－８つくばシティアビル３０１", "緯度": 36.0837496, "経度": 140.112645, "url": "https://www.iryou.teikyouseido.mhlw.go.jp/znk-web/juminkanja/S2430/initialize?prefCd=08&kikanCd=308690549&kikanKbn=3", "url2": "https://www.cityia-dental.jp/", "内容": "つくばシティアビル歯科【3:歯科】茨城県つくば市吾妻２－８－８つくばシティアビル３０１" }, "geometry": { "type": "Point", "coordinates": [ 140.112645, 36.0837496 ] } },
{ "type": "Feature", "properties": { "ID": 83308690552, "正式名称": "こばやし歯科医院", "機関区分": 3, "都道府県コード": 8, "市区町村コード": 220, "所在地": "茨城県つくば市小田２１０９－３", "緯度": 36.15531, "経度": 140.11299, "url": "https://www.iryou.teikyouseido.mhlw.go.jp/znk-web/juminkanja/S2430/initialize?prefCd=08&kikanCd=308690552&kikanKbn=3", "url2": null, "内容": "こばやし歯科医院【3:歯科】茨城県つくば市小田２１０９－３" }, "geometry": { "type": "Point", "coordinates": [ 140.11299, 36.15531 ] } },
{ "type": "Feature", "properties": { "ID": 83308690565, "正式名称": "さかより歯科医院", "機関区分": 3, "都道府県コード": 8, "市区町村コード": 220, "所在地": "茨城県つくば市上郷１４２１－４", "緯度": 36.104722, "経度": 140.02, "url": "https://www.iryou.teikyouseido.mhlw.go.jp/znk-web/juminkanja/S2430/initialize?prefCd=08&kikanCd=308690565&kikanKbn=3", "url2": "http://isiuchisika.racms.jp/", "内容": "さかより歯科医院【3:歯科】茨城県つくば市上郷１４２１－４" }, "geometry": { "type": "Point", "coordinates": [ 140.02, 36.104722 ] } },
{ "type": "Feature", "properties": { "ID": 83308690578, "正式名称": "医療法人社団幸寿会　りすの森デンタルクリニック", "機関区分": 3, "都道府県コード": 8, "市区町村コード": 220, "所在地": "茨城県つくば市北条１５７９番地", "緯度": 36.1675, "経度": 140.1075, "url": "https://www.iryou.teikyouseido.mhlw.go.jp/znk-web/juminkanja/S2430/initialize?prefCd=08&kikanCd=308690578&kikanKbn=3", "url2": null, "内容": "医療法人社団幸寿会　りすの森デンタルクリニック【3:歯科】茨城県つくば市北条１５７９番地" }, "geometry": { "type": "Point", "coordinates": [ 140.1075, 36.1675 ] } },
{ "type": "Feature", "properties": { "ID": 83308690594, "正式名称": "長谷川歯科医院", "機関区分": 3, "都道府県コード": 8, "市区町村コード": 220, "所在地": "茨城県つくば市上ノ室２０８８－３", "緯度": 36.080556, "経度": 140.133056, "url": "https://www.iryou.teikyouseido.mhlw.go.jp/znk-web/juminkanja/S2430/initialize?prefCd=08&kikanCd=308690594&kikanKbn=3", "url2": "http://www.hasegawa-shika.jp", "内容": "長谷川歯科医院【3:歯科】茨城県つくば市上ノ室２０８８－３" }, "geometry": { "type": "Point", "coordinates": [ 140.133056, 36.080556 ] } },
{ "type": "Feature", "properties": { "ID": 83308690624, "正式名称": "坂入歯科医院", "機関区分": 3, "都道府県コード": 8, "市区町村コード": 220, "所在地": "茨城県つくば市豊里の杜１－１８－１１", "緯度": 36.1002717, "経度": 140.0480532, "url": "https://www.iryou.teikyouseido.mhlw.go.jp/znk-web/juminkanja/S2430/initialize?prefCd=08&kikanCd=308690624&kikanKbn=3", "url2": null, "内容": "坂入歯科医院【3:歯科】茨城県つくば市豊里の杜１－１８－１１" }, "geometry": { "type": "Point", "coordinates": [ 140.0480532, 36.1002717 ] } },
{ "type": "Feature", "properties": { "ID": 83308690666, "正式名称": "あわたに歯科医院", "機関区分": 3, "都道府県コード": 8, "市区町村コード": 220, "所在地": "茨城県つくば市栗原３７０５－２", "緯度": 36.118611, "経度": 140.113889, "url": "https://www.iryou.teikyouseido.mhlw.go.jp/znk-web/juminkanja/S2430/initialize?prefCd=08&kikanCd=308690666&kikanKbn=3", "url2": "http://www.awatani-dental.com", "内容": "あわたに歯科医院【3:歯科】茨城県つくば市栗原３７０５－２" }, "geometry": { "type": "Point", "coordinates": [ 140.113889, 36.118611 ] } },
{ "type": "Feature", "properties": { "ID": 83308690695, "正式名称": "医療法人社団和晃会　ＴＸ歯科", "機関区分": 3, "都道府県コード": 8, "市区町村コード": 220, "所在地": "茨城県つくば市研究学園５－１９イーアスつくばメディカルコート内", "緯度": 36.085278, "経度": 140.090833, "url": "https://www.iryou.teikyouseido.mhlw.go.jp/znk-web/juminkanja/S2430/initialize?prefCd=08&kikanCd=308690695&kikanKbn=3", "url2": "http://www.dentalclinic-tx.com", "内容": "医療法人社団和晃会　ＴＸ歯科【3:歯科】茨城県つくば市研究学園５－１９イーアスつくばメディカルコート内" }, "geometry": { "type": "Point", "coordinates": [ 140.090833, 36.085278 ] } },
{ "type": "Feature", "properties": { "ID": 83308690709, "正式名称": "ありす歯科医院", "機関区分": 3, "都道府県コード": 8, "市区町村コード": 220, "所在地": "茨城県つくば市東２−３０−４", "緯度": 36.047222, "経度": 140.136389, "url": "https://www.iryou.teikyouseido.mhlw.go.jp/znk-web/juminkanja/S2430/initialize?prefCd=08&kikanCd=308690709&kikanKbn=3", "url2": null, "内容": "ありす歯科医院【3:歯科】茨城県つくば市東２−３０−４" }, "geometry": { "type": "Point", "coordinates": [ 140.136389, 36.047222 ] } },
{ "type": "Feature", "properties": { "ID": 83308690725, "正式名称": "医療法人緑生会　つくばスマイル歯科クリニック", "機関区分": 3, "都道府県コード": 8, "市区町村コード": 220, "所在地": "茨城県つくば市東２－３１－５－１０３", "緯度": 36.0505073, "経度": 140.1332682, "url": "https://www.iryou.teikyouseido.mhlw.go.jp/znk-web/juminkanja/S2430/initialize?prefCd=08&kikanCd=308690725&kikanKbn=3", "url2": null, "内容": "医療法人緑生会　つくばスマイル歯科クリニック【3:歯科】茨城県つくば市東２－３１－５－１０３" }, "geometry": { "type": "Point", "coordinates": [ 140.1332682, 36.0505073 ] } },
{ "type": "Feature", "properties": { "ID": 83308690767, "正式名称": "舟久保せいこデンタルオフィス", "機関区分": 3, "都道府県コード": 8, "市区町村コード": 220, "所在地": "茨城県つくば市島名３６５７－５", "緯度": 36.066667, "経度": 140.052222, "url": "https://www.iryou.teikyouseido.mhlw.go.jp/znk-web/juminkanja/S2430/initialize?prefCd=08&kikanCd=308690767&kikanKbn=3", "url2": null, "内容": "舟久保せいこデンタルオフィス【3:歯科】茨城県つくば市島名３６５７－５" }, "geometry": { "type": "Point", "coordinates": [ 140.052222, 36.066667 ] } },
{ "type": "Feature", "properties": { "ID": 83308690770, "正式名称": "クローバー歯科医院", "機関区分": 3, "都道府県コード": 8, "市区町村コード": 220, "所在地": "茨城県つくば市松代２－１４－９シグマボックス１階", "緯度": 36.071213, "経度": 140.098132, "url": "https://www.iryou.teikyouseido.mhlw.go.jp/znk-web/juminkanja/S2430/initialize?prefCd=08&kikanCd=308690770&kikanKbn=3", "url2": null, "内容": "クローバー歯科医院【3:歯科】茨城県つくば市松代２－１４－９シグマボックス１階" }, "geometry": { "type": "Point", "coordinates": [ 140.098132, 36.071213 ] } },
{ "type": "Feature", "properties": { "ID": 83308690783, "正式名称": "あらい歯科", "機関区分": 3, "都道府県コード": 8, "市区町村コード": 220, "所在地": "茨城県つくば市並木３－１７－９", "緯度": 36.050278, "経度": 140.133611, "url": "https://www.iryou.teikyouseido.mhlw.go.jp/znk-web/juminkanja/S2430/initialize?prefCd=08&kikanCd=308690783&kikanKbn=3", "url2": "http://www.arai-dent.com/", "内容": "あらい歯科【3:歯科】茨城県つくば市並木３－１７－９" }, "geometry": { "type": "Point", "coordinates": [ 140.133611, 36.050278 ] } },
{ "type": "Feature", "properties": { "ID": 83308690800, "正式名称": "いがらし歯科クリニック", "機関区分": 3, "都道府県コード": 8, "市区町村コード": 220, "所在地": "茨城県つくば市研究学園５－２０－２－１０２", "緯度": 36.085058, "経度": 140.080526, "url": "https://www.iryou.teikyouseido.mhlw.go.jp/znk-web/juminkanja/S2430/initialize?prefCd=08&kikanCd=308690800&kikanKbn=3", "url2": "http://www.igasika.com/", "内容": "いがらし歯科クリニック【3:歯科】茨城県つくば市研究学園５－２０－２－１０２" }, "geometry": { "type": "Point", "coordinates": [ 140.080526, 36.085058 ] } },
{ "type": "Feature", "properties": { "ID": 83308690813, "正式名称": "陽光台根本歯科クリニック", "機関区分": 3, "都道府県コード": 8, "市区町村コード": 235, "所在地": "茨城県つくばみらい市陽光台１－１８－１", "緯度": 35.995443, "経度": 140.041628, "url": "https://www.iryou.teikyouseido.mhlw.go.jp/znk-web/juminkanja/S2430/initialize?prefCd=08&kikanCd=308690813&kikanKbn=3", "url2": "https://yokodai-nemoto-dental.jp/", "内容": "陽光台根本歯科クリニック【3:歯科】茨城県つくばみらい市陽光台１－１８－１" }, "geometry": { "type": "Point", "coordinates": [ 140.041628, 35.995443 ] } },
{ "type": "Feature", "properties": { "ID": 83308690826, "正式名称": "医療法人社団ブライトデンタルケア　つくばリボン歯科・矯正歯科", "機関区分": 3, "都道府県コード": 8, "市区町村コード": 220, "所在地": "茨城県つくば市東新井１５－４関友つくば第二ビル１Ｆ", "緯度": 36.066667, "経度": 140.101944, "url": "https://www.iryou.teikyouseido.mhlw.go.jp/znk-web/juminkanja/S2430/initialize?prefCd=08&kikanCd=308690826&kikanKbn=3", "url2": "http://www.tr-do.com", "内容": "医療法人社団ブライトデンタルケア　つくばリボン歯科・矯正歯科【3:歯科】茨城県つくば市東新井１５－４関友つくば第二ビル１Ｆ" }, "geometry": { "type": "Point", "coordinates": [ 140.101944, 36.066667 ] } },
{ "type": "Feature", "properties": { "ID": 83308690839, "正式名称": "研究学園歯科", "機関区分": 3, "都道府県コード": 8, "市区町村コード": 220, "所在地": "茨城県つくば市研究学園５丁目１１番地１サーパスつくば研究学園１０２", "緯度": 36.082596, "経度": 140.08346, "url": "https://www.iryou.teikyouseido.mhlw.go.jp/znk-web/juminkanja/S2430/initialize?prefCd=08&kikanCd=308690839&kikanKbn=3", "url2": "https://kenkyugakuenshika.com/", "内容": "研究学園歯科【3:歯科】茨城県つくば市研究学園５丁目１１番地１サーパスつくば研究学園１０２" }, "geometry": { "type": "Point", "coordinates": [ 140.08346, 36.082596 ] } },
{ "type": "Feature", "properties": { "ID": 83308690855, "正式名称": "つくばホワイト歯科・矯正歯科", "機関区分": 3, "都道府県コード": 8, "市区町村コード": 220, "所在地": "茨城県つくば市苅間１８８５－１", "緯度": 36.081389, "経度": 140.099444, "url": "https://www.iryou.teikyouseido.mhlw.go.jp/znk-web/juminkanja/S2430/initialize?prefCd=08&kikanCd=308690855&kikanKbn=3", "url2": "http://4182jp.net/", "内容": "つくばホワイト歯科・矯正歯科【3:歯科】茨城県つくば市苅間１８８５－１" }, "geometry": { "type": "Point", "coordinates": [ 140.099444, 36.081389 ] } },
{ "type": "Feature", "properties": { "ID": 83308690868, "正式名称": "松本歯科医院", "機関区分": 3, "都道府県コード": 8, "市区町村コード": 220, "所在地": "茨城県つくば市台町２－２－１４", "緯度": 36.039338, "経度": 140.083482, "url": "https://www.iryou.teikyouseido.mhlw.go.jp/znk-web/juminkanja/S2430/initialize?prefCd=08&kikanCd=308690868&kikanKbn=3", "url2": null, "内容": "松本歯科医院【3:歯科】茨城県つくば市台町２－２－１４" }, "geometry": { "type": "Point", "coordinates": [ 140.083482, 36.039338 ] } },
{ "type": "Feature", "properties": { "ID": 83308690871, "正式名称": "あじろ歯科", "機関区分": 3, "都道府県コード": 8, "市区町村コード": 220, "所在地": "茨城県つくば市西岡２４０－３", "緯度": 36.068611, "経度": 140.091389, "url": "https://www.iryou.teikyouseido.mhlw.go.jp/znk-web/juminkanja/S2430/initialize?prefCd=08&kikanCd=308690871&kikanKbn=3", "url2": "http://www.ajiroshika.com", "内容": "あじろ歯科【3:歯科】茨城県つくば市西岡２４０－３" }, "geometry": { "type": "Point", "coordinates": [ 140.091389, 36.068611 ] } },
{ "type": "Feature", "properties": { "ID": 83308690884, "正式名称": "髙田歯科医院", "機関区分": 3, "都道府県コード": 8, "市区町村コード": 220, "所在地": "茨城県つくば市真瀬６０３ー１", "緯度": 36.046356, "経度": 140.047682, "url": "https://www.iryou.teikyouseido.mhlw.go.jp/znk-web/juminkanja/S2430/initialize?prefCd=08&kikanCd=308690884&kikanKbn=3", "url2": "http://www.takada-sika.com/", "内容": "髙田歯科医院【3:歯科】茨城県つくば市真瀬６０３ー１" }, "geometry": { "type": "Point", "coordinates": [ 140.047682, 36.046356 ] } },
{ "type": "Feature", "properties": { "ID": 83308690897, "正式名称": "つくば万博歯科", "機関区分": 3, "都道府県コード": 8, "市区町村コード": 220, "所在地": "茨城県つくば市島名福田坪土地区画整理地Ｂ４８街区", "緯度": 36.060209, "経度": 140.059672, "url": "https://www.iryou.teikyouseido.mhlw.go.jp/znk-web/juminkanja/S2430/initialize?prefCd=08&kikanCd=308690897&kikanKbn=3", "url2": "https:www.tbanpaku-dc.com", "内容": "つくば万博歯科【3:歯科】茨城県つくば市島名福田坪土地区画整理地Ｂ４８街区" }, "geometry": { "type": "Point", "coordinates": [ 140.059672, 36.060209 ] } },
{ "type": "Feature", "properties": { "ID": 83308690901, "正式名称": "ホワイトエッセンスデンタルオフィス・ゴリ", "機関区分": 3, "都道府県コード": 8, "市区町村コード": 220, "所在地": "茨城県つくば市吾妻１－５－７　ダイワロイネットホテルつくば２階", "緯度": 36.066944, "経度": 140.100556, "url": "https://www.iryou.teikyouseido.mhlw.go.jp/znk-web/juminkanja/S2430/initialize?prefCd=08&kikanCd=308690901&kikanKbn=3", "url2": "http://www.gori-dental.jp", "内容": "ホワイトエッセンスデンタルオフィス・ゴリ【3:歯科】茨城県つくば市吾妻１－５－７　ダイワロイネットホテルつくば２階" }, "geometry": { "type": "Point", "coordinates": [ 140.100556, 36.066944 ] } },
{ "type": "Feature", "properties": { "ID": 83308690914, "正式名称": "つくばイオン歯科", "機関区分": 3, "都道府県コード": 8, "市区町村コード": 220, "所在地": "茨城県つくば市稲岡６６－１　イオンモールつくば内", "緯度": 36.032778, "経度": 140.138889, "url": "https://www.iryou.teikyouseido.mhlw.go.jp/znk-web/juminkanja/S2430/initialize?prefCd=08&kikanCd=308690914&kikanKbn=3", "url2": "http://dental-tsukuba.com", "内容": "つくばイオン歯科【3:歯科】茨城県つくば市稲岡６６－１　イオンモールつくば内" }, "geometry": { "type": "Point", "coordinates": [ 140.138889, 36.032778 ] } },
{ "type": "Feature", "properties": { "ID": 83308690930, "正式名称": "岡本歯科医院", "機関区分": 3, "都道府県コード": 8, "市区町村コード": 235, "所在地": "茨城県つくばみらい市古川３２２－１", "緯度": 35.991013, "経度": 140.01768, "url": "https://www.iryou.teikyouseido.mhlw.go.jp/znk-web/juminkanja/S2430/initialize?prefCd=08&kikanCd=308690930&kikanKbn=3", "url2": null, "内容": "岡本歯科医院【3:歯科】茨城県つくばみらい市古川３２２－１" }, "geometry": { "type": "Point", "coordinates": [ 140.01768, 35.991013 ] } },
{ "type": "Feature", "properties": { "ID": 83308690943, "正式名称": "すとう歯科医院", "機関区分": 3, "都道府県コード": 8, "市区町村コード": 220, "所在地": "茨城県つくば市並木４－１６－３", "緯度": 36.057664, "経度": 140.144974, "url": "https://www.iryou.teikyouseido.mhlw.go.jp/znk-web/juminkanja/S2430/initialize?prefCd=08&kikanCd=308690943&kikanKbn=3", "url2": "http://www.sutoo.jp/clinic", "内容": "すとう歯科医院【3:歯科】茨城県つくば市並木４－１６－３" }, "geometry": { "type": "Point", "coordinates": [ 140.144974, 36.057664 ] } },
{ "type": "Feature", "properties": { "ID": 83308690956, "正式名称": "Ｌｅｏ歯科クリニック", "機関区分": 3, "都道府県コード": 8, "市区町村コード": 220, "所在地": "茨城県つくば市苅間４１８－１", "緯度": 36.077862, "経度": 140.097057, "url": "https://www.iryou.teikyouseido.mhlw.go.jp/znk-web/juminkanja/S2430/initialize?prefCd=08&kikanCd=308690956&kikanKbn=3", "url2": "http://www.leodc.com/", "内容": "Ｌｅｏ歯科クリニック【3:歯科】茨城県つくば市苅間４１８－１" }, "geometry": { "type": "Point", "coordinates": [ 140.097057, 36.077862 ] } },
{ "type": "Feature", "properties": { "ID": 83308690969, "正式名称": "つくばすとう歯科医院", "機関区分": 3, "都道府県コード": 8, "市区町村コード": 220, "所在地": "茨城県つくば市学園南３−４", "緯度": 36.077912, "経度": 140.086134, "url": "https://www.iryou.teikyouseido.mhlw.go.jp/znk-web/juminkanja/S2430/initialize?prefCd=08&kikanCd=308690969&kikanKbn=3", "url2": "http://tsdc8020.jp/", "内容": "つくばすとう歯科医院【3:歯科】茨城県つくば市学園南３−４" }, "geometry": { "type": "Point", "coordinates": [ 140.086134, 36.077912 ] } },
{ "type": "Feature", "properties": { "ID": 83308690985, "正式名称": "くりの木歯科医院", "機関区分": 3, "都道府県コード": 8, "市区町村コード": 220, "所在地": "茨城県つくば市学園の森２－３４－４", "緯度": 36.0975, "経度": 140.080833, "url": "https://www.iryou.teikyouseido.mhlw.go.jp/znk-web/juminkanja/S2430/initialize?prefCd=08&kikanCd=308690985&kikanKbn=3", "url2": "http://www.kurinoki-shika.com", "内容": "くりの木歯科医院【3:歯科】茨城県つくば市学園の森２－３４－４" }, "geometry": { "type": "Point", "coordinates": [ 140.080833, 36.0975 ] } },
{ "type": "Feature", "properties": { "ID": 83308690998, "正式名称": "医療法人社団　祐絋会　あやデンタルクリニック", "機関区分": 3, "都道府県コード": 8, "市区町村コード": 220, "所在地": "茨城県つくば市大角豆１４０１－１", "緯度": 36.067314, "経度": 140.1496, "url": "https://www.iryou.teikyouseido.mhlw.go.jp/znk-web/juminkanja/S2430/initialize?prefCd=08&kikanCd=308690998&kikanKbn=3", "url2": "https://www.kireina-ha.jp/", "内容": "医療法人社団　祐絋会　あやデンタルクリニック【3:歯科】茨城県つくば市大角豆１４０１－１" }, "geometry": { "type": "Point", "coordinates": [ 140.1496, 36.067314 ] } },
{ "type": "Feature", "properties": { "ID": 83308691009, "正式名称": "つくば学園の森歯科クリニック", "機関区分": 3, "都道府県コード": 8, "市区町村コード": 220, "所在地": "茨城県つくば市東平塚９４７－１", "緯度": 36.089722, "経度": 140.096389, "url": "https://www.iryou.teikyouseido.mhlw.go.jp/znk-web/juminkanja/S2430/initialize?prefCd=08&kikanCd=308691009&kikanKbn=3", "url2": "http://www.gakuennomori-dc.com/", "内容": "つくば学園の森歯科クリニック【3:歯科】茨城県つくば市東平塚９４７－１" }, "geometry": { "type": "Point", "coordinates": [ 140.096389, 36.089722 ] } },
{ "type": "Feature", "properties": { "ID": 83308691012, "正式名称": "みどりの歯科クリニック", "機関区分": 3, "都道府県コード": 8, "市区町村コード": 220, "所在地": "茨城県つくば市みどりのＡ７０－８００２号", "緯度": 36.08322, "経度": 140.07755, "url": "https://www.iryou.teikyouseido.mhlw.go.jp/znk-web/juminkanja/S2430/initialize?prefCd=08&kikanCd=308691012&kikanKbn=3", "url2": null, "内容": "みどりの歯科クリニック【3:歯科】茨城県つくば市みどりのＡ７０－８００２号" }, "geometry": { "type": "Point", "coordinates": [ 140.07755, 36.08322 ] } },
{ "type": "Feature", "properties": { "ID": 83308691041, "正式名称": "宮田歯科医院", "機関区分": 3, "都道府県コード": 8, "市区町村コード": 235, "所在地": "茨城県つくばみらい市小張２５５８", "緯度": 35.98, "経度": 140.048611, "url": "https://www.iryou.teikyouseido.mhlw.go.jp/znk-web/juminkanja/S2430/initialize?prefCd=08&kikanCd=308691041&kikanKbn=3", "url2": "http://miyata-odc.com/", "内容": "宮田歯科医院【3:歯科】茨城県つくばみらい市小張２５５８" }, "geometry": { "type": "Point", "coordinates": [ 140.048611, 35.98 ] } },
{ "type": "Feature", "properties": { "ID": 83308691054, "正式名称": "佐藤歯科", "機関区分": 3, "都道府県コード": 8, "市区町村コード": 220, "所在地": "茨城県つくば市研究学園５－３２－１", "緯度": 36.088045, "経度": 140.080347, "url": "https://www.iryou.teikyouseido.mhlw.go.jp/znk-web/juminkanja/S2430/initialize?prefCd=08&kikanCd=308691054&kikanKbn=3", "url2": "http://rx78293v.wixsite.com/satosika", "内容": "佐藤歯科【3:歯科】茨城県つくば市研究学園５－３２－１" }, "geometry": { "type": "Point", "coordinates": [ 140.080347, 36.088045 ] } },
{ "type": "Feature", "properties": { "ID": 83308691070, "正式名称": "みらい平歯科", "機関区分": 3, "都道府県コード": 8, "市区町村コード": 235, "所在地": "茨城県つくばみらい市陽光台４－９－２", "緯度": 35.995042, "経度": 140.035353, "url": "https://www.iryou.teikyouseido.mhlw.go.jp/znk-web/juminkanja/S2430/initialize?prefCd=08&kikanCd=308691070&kikanKbn=3", "url2": null, "内容": "みらい平歯科【3:歯科】茨城県つくばみらい市陽光台４－９－２" }, "geometry": { "type": "Point", "coordinates": [ 140.035353, 35.995042 ] } },
{ "type": "Feature", "properties": { "ID": 83308691083, "正式名称": "アース歯科クリニックつくば", "機関区分": 3, "都道府県コード": 8, "市区町村コード": 220, "所在地": "茨城県つくば市吾妻１－８－１０ＢｉＶｉつくば４Ｆ", "緯度": 36.0821307, "経度": 140.1114102, "url": "https://www.iryou.teikyouseido.mhlw.go.jp/znk-web/juminkanja/S2430/initialize?prefCd=08&kikanCd=308691083&kikanKbn=3", "url2": null, "内容": "アース歯科クリニックつくば【3:歯科】茨城県つくば市吾妻１－８－１０ＢｉＶｉつくば４Ｆ" }, "geometry": { "type": "Point", "coordinates": [ 140.1114102, 36.0821307 ] } },
{ "type": "Feature", "properties": { "ID": 83308691113, "正式名称": "アウルデンタルクリニック", "機関区分": 3, "都道府県コード": 8, "市区町村コード": 220, "所在地": "茨城県つくば市竹園２・７・８グランシャリオ竹園１階５号", "緯度": 36.077854, "経度": 140.119931, "url": "https://www.iryou.teikyouseido.mhlw.go.jp/znk-web/juminkanja/S2430/initialize?prefCd=08&kikanCd=308691113&kikanKbn=3", "url2": "http://owl-dental.com/", "内容": "アウルデンタルクリニック【3:歯科】茨城県つくば市竹園２・７・８グランシャリオ竹園１階５号" }, "geometry": { "type": "Point", "coordinates": [ 140.119931, 36.077854 ] } },
{ "type": "Feature", "properties": { "ID": 83308691139, "正式名称": "つくばグリーン歯科", "機関区分": 3, "都道府県コード": 8, "市区町村コード": 220, "所在地": "茨城県つくば市陣場Ｇ３６街区２画地", "緯度": 36.033251, "経度": 140.064663, "url": "https://www.iryou.teikyouseido.mhlw.go.jp/znk-web/juminkanja/S2430/initialize?prefCd=08&kikanCd=308691139&kikanKbn=3", "url2": "http://www.tsukubagreen-dc.com/", "内容": "つくばグリーン歯科【3:歯科】茨城県つくば市陣場Ｇ３６街区２画地" }, "geometry": { "type": "Point", "coordinates": [ 140.064663, 36.033251 ] } },
{ "type": "Feature", "properties": { "ID": 83308691168, "正式名称": "大久保歯科医院", "機関区分": 3, "都道府県コード": 8, "市区町村コード": 220, "所在地": "茨城県つくば市大曽根３７２１－５", "緯度": 36.139735, "経度": 140.08032, "url": "https://www.iryou.teikyouseido.mhlw.go.jp/znk-web/juminkanja/S2430/initialize?prefCd=08&kikanCd=308691168&kikanKbn=3", "url2": "https://www.ohkubo-dc.com", "内容": "大久保歯科医院【3:歯科】茨城県つくば市大曽根３７２１－５" }, "geometry": { "type": "Point", "coordinates": [ 140.08032, 36.139735 ] } },
{ "type": "Feature", "properties": { "ID": 83308691184, "正式名称": "あきづき歯科", "機関区分": 3, "都道府県コード": 8, "市区町村コード": 220, "所在地": "茨城県つくば市竹園１－３－１ヨークベニマルつくば竹園店内", "緯度": 36.0806303, "経度": 140.1170481, "url": "https://www.iryou.teikyouseido.mhlw.go.jp/znk-web/juminkanja/S2430/initialize?prefCd=08&kikanCd=308691184&kikanKbn=3", "url2": "https://www.akizuki-dental.com/", "内容": "あきづき歯科【3:歯科】茨城県つくば市竹園１－３－１ヨークベニマルつくば竹園店内" }, "geometry": { "type": "Point", "coordinates": [ 140.1170481, 36.0806303 ] } },
{ "type": "Feature", "properties": { "ID": 83308691230, "正式名称": "ヒロデンタルクリニック", "機関区分": 3, "都道府県コード": 8, "市区町村コード": 235, "所在地": "茨城県つくばみらい市伊奈東３３－２０４", "緯度": 35.99136, "経度": 140.05959, "url": "https://www.iryou.teikyouseido.mhlw.go.jp/znk-web/juminkanja/S2430/initialize?prefCd=08&kikanCd=308691230&kikanKbn=3", "url2": null, "内容": "ヒロデンタルクリニック【3:歯科】茨城県つくばみらい市伊奈東３３－２０４" }, "geometry": { "type": "Point", "coordinates": [ 140.05959, 35.99136 ] } },
{ "type": "Feature", "properties": { "ID": 83308691243, "正式名称": "医療法人社団ＧＯＴＯＨ会　後藤歯科口腔外科クリニック", "機関区分": 3, "都道府県コード": 8, "市区町村コード": 220, "所在地": "茨城県つくば市みどりの東２１－１０", "緯度": 36.008889, "経度": 140.071667, "url": "https://www.iryou.teikyouseido.mhlw.go.jp/znk-web/juminkanja/S2430/initialize?prefCd=08&kikanCd=308691243&kikanKbn=3", "url2": "https://gotodental.net", "内容": "医療法人社団ＧＯＴＯＨ会　後藤歯科口腔外科クリニック【3:歯科】茨城県つくば市みどりの東２１－１０" }, "geometry": { "type": "Point", "coordinates": [ 140.071667, 36.008889 ] } },
{ "type": "Feature", "properties": { "ID": 83308691256, "正式名称": "学園の森一丁目歯科", "機関区分": 3, "都道府県コード": 8, "市区町村コード": 220, "所在地": "茨城県つくば市学園の森１丁目１２－１２", "緯度": 36.094505, "経度": 140.073793, "url": "https://www.iryou.teikyouseido.mhlw.go.jp/znk-web/juminkanja/S2430/initialize?prefCd=08&kikanCd=308691256&kikanKbn=3", "url2": "http://gakuennomori-dental.com/", "内容": "学園の森一丁目歯科【3:歯科】茨城県つくば市学園の森１丁目１２－１２" }, "geometry": { "type": "Point", "coordinates": [ 140.073793, 36.094505 ] } },
{ "type": "Feature", "properties": { "ID": 83308691269, "正式名称": "絹の台歯科クリニック", "機関区分": 3, "都道府県コード": 8, "市区町村コード": 235, "所在地": "茨城県つくばみらい市絹の台１－１０－１７", "緯度": 35.97922, "経度": 139.979911, "url": "https://www.iryou.teikyouseido.mhlw.go.jp/znk-web/juminkanja/S2430/initialize?prefCd=08&kikanCd=308691269&kikanKbn=3", "url2": "https://www.kinunodai-dc.com/", "内容": "絹の台歯科クリニック【3:歯科】茨城県つくばみらい市絹の台１－１０－１７" }, "geometry": { "type": "Point", "coordinates": [ 139.979911, 35.97922 ] } },
{ "type": "Feature", "properties": { "ID": 83308691272, "正式名称": "こうの歯科", "機関区分": 3, "都道府県コード": 8, "市区町村コード": 220, "所在地": "茨城県つくば市竹園２－１３－７", "緯度": 36.0766242, "経度": 140.1201267, "url": "https://www.iryou.teikyouseido.mhlw.go.jp/znk-web/juminkanja/S2430/initialize?prefCd=08&kikanCd=308691272&kikanKbn=3", "url2": "https://www.kmed-associates.jp/", "内容": "こうの歯科【3:歯科】茨城県つくば市竹園２－１３－７" }, "geometry": { "type": "Point", "coordinates": [ 140.120126699999986, 36.0766242 ] } },
{ "type": "Feature", "properties": { "ID": 83308691285, "正式名称": "大久保デンタルオフィス", "機関区分": 3, "都道府県コード": 8, "市区町村コード": 220, "所在地": "茨城県つくば市学園の森二丁目２３番地５", "緯度": 36.0986787, "経度": 140.076621, "url": "https://www.iryou.teikyouseido.mhlw.go.jp/znk-web/juminkanja/S2430/initialize?prefCd=08&kikanCd=308691285&kikanKbn=3", "url2": null, "内容": "大久保デンタルオフィス【3:歯科】茨城県つくば市学園の森二丁目２３番地５" }, "geometry": { "type": "Point", "coordinates": [ 140.076621, 36.0986787 ] } },
{ "type": "Feature", "properties": { "ID": 83308691298, "正式名称": "天満デンタルクリニック", "機関区分": 3, "都道府県コード": 8, "市区町村コード": 235, "所在地": "茨城県つくばみらい市陽光台２－１８－１", "緯度": 35.9995508, "経度": 140.0427414, "url": "https://www.iryou.teikyouseido.mhlw.go.jp/znk-web/juminkanja/S2430/initialize?prefCd=08&kikanCd=308691298&kikanKbn=3", "url2": null, "内容": "天満デンタルクリニック【3:歯科】茨城県つくばみらい市陽光台２－１８－１" }, "geometry": { "type": "Point", "coordinates": [ 140.042741400000011, 35.9995508 ] } },
{ "type": "Feature", "properties": { "ID": 83308691302, "正式名称": "医療法人攻歯会　オーバデンタルクリニック", "機関区分": 3, "都道府県コード": 8, "市区町村コード": 220, "所在地": "茨城県つくば市みどりの２－４０－１４", "緯度": 36.0364964, "経度": 140.0497693, "url": "https://www.iryou.teikyouseido.mhlw.go.jp/znk-web/juminkanja/S2430/initialize?prefCd=08&kikanCd=308691302&kikanKbn=3", "url2": null, "内容": "医療法人攻歯会　オーバデンタルクリニック【3:歯科】茨城県つくば市みどりの２－４０－１４" }, "geometry": { "type": "Point", "coordinates": [ 140.0497693, 36.0364964 ] } },
{ "type": "Feature", "properties": { "ID": 83308691331, "正式名称": "筑波口腔外科", "機関区分": 3, "都道府県コード": 8, "市区町村コード": 220, "所在地": "茨城県つくば市春日１丁目３－６", "緯度": 36.0881759, "経度": 140.1029466, "url": "https://www.iryou.teikyouseido.mhlw.go.jp/znk-web/juminkanja/S2430/initialize?prefCd=08&kikanCd=308691331&kikanKbn=3", "url2": null, "内容": "筑波口腔外科【3:歯科】茨城県つくば市春日１丁目３－６" }, "geometry": { "type": "Point", "coordinates": [ 140.1029466, 36.0881759 ] } },
{ "type": "Feature", "properties": { "ID": 83308691344, "正式名称": "あつこ歯科医院", "機関区分": 3, "都道府県コード": 8, "市区町村コード": 220, "所在地": "茨城県つくば市竹園２－１３－２２", "緯度": 36.076628, "経度": 140.119739, "url": "https://www.iryou.teikyouseido.mhlw.go.jp/znk-web/juminkanja/S2430/initialize?prefCd=08&kikanCd=308691344&kikanKbn=3", "url2": "https://www.atsuko-dental-office.jp/", "内容": "あつこ歯科医院【3:歯科】茨城県つくば市竹園２－１３－２２" }, "geometry": { "type": "Point", "coordinates": [ 140.119739, 36.076628 ] } },
{ "type": "Feature", "properties": { "ID": 83308691357, "正式名称": "三代デンタルクリニック", "機関区分": 3, "都道府県コード": 8, "市区町村コード": 220, "所在地": "茨城県つくば市妻木７６４－４", "緯度": 36.092859, "経度": 140.11274, "url": "https://www.iryou.teikyouseido.mhlw.go.jp/znk-web/juminkanja/S2430/initialize?prefCd=08&kikanCd=308691357&kikanKbn=3", "url2": null, "内容": "三代デンタルクリニック【3:歯科】茨城県つくば市妻木７６４－４" }, "geometry": { "type": "Point", "coordinates": [ 140.11274, 36.092859 ] } },
{ "type": "Feature", "properties": { "ID": 83308691360, "正式名称": "唐崎アトリエ歯科", "機関区分": 3, "都道府県コード": 8, "市区町村コード": 220, "所在地": "茨城県つくば市学園の森一丁目１９番１号ＭＫⅡⅠ号室", "緯度": 36.09647, "経度": 140.075499, "url": "https://www.iryou.teikyouseido.mhlw.go.jp/znk-web/juminkanja/S2430/initialize?prefCd=08&kikanCd=308691360&kikanKbn=3", "url2": "https://karasaki-d.com", "内容": "唐崎アトリエ歯科【3:歯科】茨城県つくば市学園の森一丁目１９番１号ＭＫⅡⅠ号室" }, "geometry": { "type": "Point", "coordinates": [ 140.075499, 36.09647 ] } },
{ "type": "Feature", "properties": { "ID": 83308691399, "正式名称": "がくえんのもり小児歯科", "機関区分": 3, "都道府県コード": 8, "市区町村コード": 220, "所在地": "茨城県つくば市研究学園５―６－１　Ｌｅ　Ｒａｉｓａｎ　１０１／１０３", "緯度": 36.0837748, "経度": 140.0805897, "url": "https://www.iryou.teikyouseido.mhlw.go.jp/znk-web/juminkanja/S2430/initialize?prefCd=08&kikanCd=308691399&kikanKbn=3", "url2": "https://gakuen-kidsdental.com", "内容": "がくえんのもり小児歯科【3:歯科】茨城県つくば市研究学園５―６－１　Ｌｅ　Ｒａｉｓａｎ　１０１／１０３" }, "geometry": { "type": "Point", "coordinates": [ 140.0805897, 36.0837748 ] } },
{ "type": "Feature", "properties": { "ID": 83308691403, "正式名称": "雙安歯科", "機関区分": 3, "都道府県コード": 8, "市区町村コード": 220, "所在地": "茨城県つくば市自由ケ丘１６５－２８", "緯度": 35.958611, "経度": 140.105278, "url": "https://www.iryou.teikyouseido.mhlw.go.jp/znk-web/juminkanja/S2430/initialize?prefCd=08&kikanCd=308691403&kikanKbn=3", "url2": "https://souan-dental.com/", "内容": "雙安歯科【3:歯科】茨城県つくば市自由ケ丘１６５－２８" }, "geometry": { "type": "Point", "coordinates": [ 140.105278, 35.958611 ] } },
{ "type": "Feature", "properties": { "ID": 83308691416, "正式名称": "つくばみらい　くどう歯科", "機関区分": 3, "都道府県コード": 8, "市区町村コード": 235, "所在地": "茨城県つくばみらい市紫峰ヶ丘２－４－１", "緯度": 36.002023, "経度": 140.034191, "url": "https://www.iryou.teikyouseido.mhlw.go.jp/znk-web/juminkanja/S2430/initialize?prefCd=08&kikanCd=308691416&kikanKbn=3", "url2": "https://www.tsukuba-kudo-dc.com", "内容": "つくばみらい　くどう歯科【3:歯科】茨城県つくばみらい市紫峰ヶ丘２－４－１" }, "geometry": { "type": "Point", "coordinates": [ 140.034191, 36.002023 ] } },
{ "type": "Feature", "properties": { "ID": 83308691445, "正式名称": "黒澤歯科・矯正歯科", "機関区分": 3, "都道府県コード": 8, "市区町村コード": 220, "所在地": "茨城県つくば市手代木２００５－７", "緯度": 36.058594, "経度": 140.10077, "url": "https://www.iryou.teikyouseido.mhlw.go.jp/znk-web/juminkanja/S2430/initialize?prefCd=08&kikanCd=308691445&kikanKbn=3", "url2": "https://kurodc.com/", "内容": "黒澤歯科・矯正歯科【3:歯科】茨城県つくば市手代木２００５－７" }, "geometry": { "type": "Point", "coordinates": [ 140.10077, 36.058594 ] } },
{ "type": "Feature", "properties": { "ID": 83308691458, "正式名称": "さくらの森デンタルクリニック", "機関区分": 3, "都道府県コード": 8, "市区町村コード": 220, "所在地": "茨城県つくば市さくらの森３－８", "緯度": 36.1089606, "経度": 140.124431, "url": "https://www.iryou.teikyouseido.mhlw.go.jp/znk-web/juminkanja/S2430/initialize?prefCd=08&kikanCd=308691458&kikanKbn=3", "url2": "https://www.sakuranomori-dental.net/", "内容": "さくらの森デンタルクリニック【3:歯科】茨城県つくば市さくらの森３－８" }, "geometry": { "type": "Point", "coordinates": [ 140.124431, 36.1089606 ] } },
{ "type": "Feature", "properties": { "ID": 83308691559, "正式名称": "シナジー歯科", "機関区分": 3, "都道府県コード": 8, "市区町村コード": 220, "所在地": "茨城県つくば市吾妻２－４－１８ディールつくば１階", "緯度": 36.082993, "経度": 140.11074, "url": "https://www.iryou.teikyouseido.mhlw.go.jp/znk-web/juminkanja/S2430/initialize?prefCd=08&kikanCd=308691559&kikanKbn=3", "url2": "https://synergy-dc.jp/", "内容": "シナジー歯科【3:歯科】茨城県つくば市吾妻２－４－１８ディールつくば１階" }, "geometry": { "type": "Point", "coordinates": [ 140.11074, 36.082993 ] } },
{ "type": "Feature", "properties": { "ID": 83308700022, "正式名称": "たかはし歯科医院", "機関区分": 3, "都道府県コード": 8, "市区町村コード": 221, "所在地": "茨城県ひたちなか市田彦６５９－９", "緯度": 36.412222, "経度": 140.519167, "url": "https://www.iryou.teikyouseido.mhlw.go.jp/znk-web/juminkanja/S2430/initialize?prefCd=08&kikanCd=308700022&kikanKbn=3", "url2": null, "内容": "たかはし歯科医院【3:歯科】茨城県ひたちなか市田彦６５９－９" }, "geometry": { "type": "Point", "coordinates": [ 140.519167, 36.412222 ] } },
{ "type": "Feature", "properties": { "ID": 83308700077, "正式名称": "阿部歯科診療所", "機関区分": 3, "都道府県コード": 8, "市区町村コード": 221, "所在地": "茨城県ひたちなか市枝川３５６－８", "緯度": 36.380833, "経度": 140.488889, "url": "https://www.iryou.teikyouseido.mhlw.go.jp/znk-web/juminkanja/S2430/initialize?prefCd=08&kikanCd=308700077&kikanKbn=3", "url2": null, "内容": "阿部歯科診療所【3:歯科】茨城県ひたちなか市枝川３５６－８" }, "geometry": { "type": "Point", "coordinates": [ 140.488889, 36.380833 ] } },
{ "type": "Feature", "properties": { "ID": 83308700080, "正式名称": "デンタルクリニック笠松", "機関区分": 3, "都道府県コード": 8, "市区町村コード": 221, "所在地": "茨城県ひたちなか市佐和２０５２－４１", "緯度": 36.449722, "経度": 140.543333, "url": "https://www.iryou.teikyouseido.mhlw.go.jp/znk-web/juminkanja/S2430/initialize?prefCd=08&kikanCd=308700080&kikanKbn=3", "url2": "https://www.kasamatsudc.com/", "内容": "デンタルクリニック笠松【3:歯科】茨城県ひたちなか市佐和２０５２－４１" }, "geometry": { "type": "Point", "coordinates": [ 140.543333, 36.449722 ] } },
{ "type": "Feature", "properties": { "ID": 83308700093, "正式名称": "医療法人美和会", "機関区分": 3, "都道府県コード": 8, "市区町村コード": 341, "所在地": "茨城県那珂郡東海村村松２１２４－２４", "緯度": 36.457714, "経度": 140.56545, "url": "https://www.iryou.teikyouseido.mhlw.go.jp/znk-web/juminkanja/S2430/initialize?prefCd=08&kikanCd=308700093&kikanKbn=3", "url2": null, "内容": "医療法人美和会【3:歯科】茨城県那珂郡東海村村松２１２４－２４" }, "geometry": { "type": "Point", "coordinates": [ 140.56545, 36.457714 ] } },
{ "type": "Feature", "properties": { "ID": 83308700107, "正式名称": "クラーク歯科", "機関区分": 3, "都道府県コード": 8, "市区町村コード": 341, "所在地": "茨城県那珂郡東海村舟石川駅西３－１５－１９", "緯度": 36.4703208, "経度": 140.5654407, "url": "https://www.iryou.teikyouseido.mhlw.go.jp/znk-web/juminkanja/S2430/initialize?prefCd=08&kikanCd=308700107&kikanKbn=3", "url2": null, "内容": "クラーク歯科【3:歯科】茨城県那珂郡東海村舟石川駅西３－１５－１９" }, "geometry": { "type": "Point", "coordinates": [ 140.565440700000011, 36.4703208 ] } },
{ "type": "Feature", "properties": { "ID": 83308700110, "正式名称": "石井歯科", "機関区分": 3, "都道府県コード": 8, "市区町村コード": 341, "所在地": "茨城県那珂郡東海村船場２７１", "緯度": 36.453889, "経度": 140.555278, "url": "https://www.iryou.teikyouseido.mhlw.go.jp/znk-web/juminkanja/S2430/initialize?prefCd=08&kikanCd=308700110&kikanKbn=3", "url2": null, "内容": "石井歯科【3:歯科】茨城県那珂郡東海村船場２７１" }, "geometry": { "type": "Point", "coordinates": [ 140.555278, 36.453889 ] } },
{ "type": "Feature", "properties": { "ID": 83308700123, "正式名称": "医療法人社団みなもと会　おざわ歯科", "機関区分": 3, "都道府県コード": 8, "市区町村コード": 221, "所在地": "茨城県ひたちなか市長堀町３－１３－６", "緯度": 36.388075, "経度": 140.54373, "url": "https://www.iryou.teikyouseido.mhlw.go.jp/znk-web/juminkanja/S2430/initialize?prefCd=08&kikanCd=308700123&kikanKbn=3", "url2": null, "内容": "医療法人社団みなもと会　おざわ歯科【3:歯科】茨城県ひたちなか市長堀町３－１３－６" }, "geometry": { "type": "Point", "coordinates": [ 140.54373, 36.388075 ] } },
{ "type": "Feature", "properties": { "ID": 83308700149, "正式名称": "かむかむ歯科医院", "機関区分": 3, "都道府県コード": 8, "市区町村コード": 221, "所在地": "茨城県ひたちなか市西十三奉行１３２２８", "緯度": 36.356111, "経度": 140.598056, "url": "https://www.iryou.teikyouseido.mhlw.go.jp/znk-web/juminkanja/S2430/initialize?prefCd=08&kikanCd=308700149&kikanKbn=3", "url2": null, "内容": "かむかむ歯科医院【3:歯科】茨城県ひたちなか市西十三奉行１３２２８" }, "geometry": { "type": "Point", "coordinates": [ 140.598056, 36.356111 ] } },
{ "type": "Feature", "properties": { "ID": 83308700165, "正式名称": "樋之口歯科クリニック", "機関区分": 3, "都道府県コード": 8, "市区町村コード": 221, "所在地": "茨城県ひたちなか市西大島２－１３－３１", "緯度": 36.405556, "経度": 140.530278, "url": "https://www.iryou.teikyouseido.mhlw.go.jp/znk-web/juminkanja/S2430/initialize?prefCd=08&kikanCd=308700165&kikanKbn=3", "url2": null, "内容": "樋之口歯科クリニック【3:歯科】茨城県ひたちなか市西大島２－１３－３１" }, "geometry": { "type": "Point", "coordinates": [ 140.530278, 36.405556 ] } },
{ "type": "Feature", "properties": { "ID": 83308700181, "正式名称": "湊歯科医院", "機関区分": 3, "都道府県コード": 8, "市区町村コード": 221, "所在地": "茨城県ひたちなか市和田町１ー１０ー４", "緯度": 36.341111, "経度": 140.6, "url": "https://www.iryou.teikyouseido.mhlw.go.jp/znk-web/juminkanja/S2430/initialize?prefCd=08&kikanCd=308700181&kikanKbn=3", "url2": null, "内容": "湊歯科医院【3:歯科】茨城県ひたちなか市和田町１ー１０ー４" }, "geometry": { "type": "Point", "coordinates": [ 140.6, 36.341111 ] } },
{ "type": "Feature", "properties": { "ID": 83308700194, "正式名称": "えのきと歯科クリニック", "機関区分": 3, "都道府県コード": 8, "市区町村コード": 221, "所在地": "茨城県ひたちなか市津田２９５２ー９", "緯度": 36.399167, "経度": 140.501111, "url": "https://www.iryou.teikyouseido.mhlw.go.jp/znk-web/juminkanja/S2430/initialize?prefCd=08&kikanCd=308700194&kikanKbn=3", "url2": "https://www.enokito-dc.com/", "内容": "えのきと歯科クリニック【3:歯科】茨城県ひたちなか市津田２９５２ー９" }, "geometry": { "type": "Point", "coordinates": [ 140.501111, 36.399167 ] } },
{ "type": "Feature", "properties": { "ID": 83308700240, "正式名称": "ツキムラ歯科医院", "機関区分": 3, "都道府県コード": 8, "市区町村コード": 221, "所在地": "茨城県ひたちなか市三反田５０８２－６", "緯度": 36.363333, "経度": 140.558333, "url": "https://www.iryou.teikyouseido.mhlw.go.jp/znk-web/juminkanja/S2430/initialize?prefCd=08&kikanCd=308700240&kikanKbn=3", "url2": null, "内容": "ツキムラ歯科医院【3:歯科】茨城県ひたちなか市三反田５０８２－６" }, "geometry": { "type": "Point", "coordinates": [ 140.558333, 36.363333 ] } },
{ "type": "Feature", "properties": { "ID": 83308700253, "正式名称": "たびこ歯科クリニック", "機関区分": 3, "都道府県コード": 8, "市区町村コード": 221, "所在地": "茨城県ひたちなか市高場", "緯度": 36.432489, "経度": 140.540435, "url": "https://www.iryou.teikyouseido.mhlw.go.jp/znk-web/juminkanja/S2430/initialize?prefCd=08&kikanCd=308700253&kikanKbn=3", "url2": null, "内容": "たびこ歯科クリニック【3:歯科】茨城県ひたちなか市高場" }, "geometry": { "type": "Point", "coordinates": [ 140.540435, 36.432489 ] } },
{ "type": "Feature", "properties": { "ID": 83308700279, "正式名称": "マリスデンタルクリニック", "機関区分": 3, "都道府県コード": 8, "市区町村コード": 221, "所在地": "茨城県ひたちなか市松戸町", "緯度": 36.388611, "経度": 140.546944, "url": "https://www.iryou.teikyouseido.mhlw.go.jp/znk-web/juminkanja/S2430/initialize?prefCd=08&kikanCd=308700279&kikanKbn=3", "url2": null, "内容": "マリスデンタルクリニック【3:歯科】茨城県ひたちなか市松戸町" }, "geometry": { "type": "Point", "coordinates": [ 140.546944, 36.388611 ] } },
{ "type": "Feature", "properties": { "ID": 83308700282, "正式名称": "きのした歯科", "機関区分": 3, "都道府県コード": 8, "市区町村コード": 221, "所在地": "茨城県ひたちなか市長堀町２－１２－１０", "緯度": 36.389167, "経度": 140.546389, "url": "https://www.iryou.teikyouseido.mhlw.go.jp/znk-web/juminkanja/S2430/initialize?prefCd=08&kikanCd=308700282&kikanKbn=3", "url2": "https://www.kinoshita-shika.com", "内容": "きのした歯科【3:歯科】茨城県ひたちなか市長堀町２－１２－１０" }, "geometry": { "type": "Point", "coordinates": [ 140.546389, 36.389167 ] } },
{ "type": "Feature", "properties": { "ID": 83308700312, "正式名称": "山﨑歯科医院", "機関区分": 3, "都道府県コード": 8, "市区町村コード": 221, "所在地": "茨城県ひたちなか市勝田中原町３－７", "緯度": 36.392159, "経度": 140.516813, "url": "https://www.iryou.teikyouseido.mhlw.go.jp/znk-web/juminkanja/S2430/initialize?prefCd=08&kikanCd=308700312&kikanKbn=3", "url2": null, "内容": "山﨑歯科医院【3:歯科】茨城県ひたちなか市勝田中原町３－７" }, "geometry": { "type": "Point", "coordinates": [ 140.516813, 36.392159 ] } },
{ "type": "Feature", "properties": { "ID": 83308700325, "正式名称": "こいずみ歯科医院", "機関区分": 3, "都道府県コード": 8, "市区町村コード": 341, "所在地": "茨城県那珂郡東海村舟石川８３０－１", "緯度": 36.461667, "経度": 140.578889, "url": "https://www.iryou.teikyouseido.mhlw.go.jp/znk-web/juminkanja/S2430/initialize?prefCd=08&kikanCd=308700325&kikanKbn=3", "url2": null, "内容": "こいずみ歯科医院【3:歯科】茨城県那珂郡東海村舟石川８３０－１" }, "geometry": { "type": "Point", "coordinates": [ 140.578889, 36.461667 ] } },
{ "type": "Feature", "properties": { "ID": 83308700338, "正式名称": "ひらたデンタルクリニック", "機関区分": 3, "都道府県コード": 8, "市区町村コード": 221, "所在地": "茨城県ひたちなか市高場１６７３番地２５", "緯度": 36.418605, "経度": 140.543268, "url": "https://www.iryou.teikyouseido.mhlw.go.jp/znk-web/juminkanja/S2430/initialize?prefCd=08&kikanCd=308700338&kikanKbn=3", "url2": null, "内容": "ひらたデンタルクリニック【3:歯科】茨城県ひたちなか市高場１６７３番地２５" }, "geometry": { "type": "Point", "coordinates": [ 140.543268, 36.418605 ] } },
{ "type": "Feature", "properties": { "ID": 83308700341, "正式名称": "こむろ歯科", "機関区分": 3, "都道府県コード": 8, "市区町村コード": 221, "所在地": "茨城県ひたちなか市津田１９４８－２", "緯度": 36.410833, "経度": 140.511944, "url": "https://www.iryou.teikyouseido.mhlw.go.jp/znk-web/juminkanja/S2430/initialize?prefCd=08&kikanCd=308700341&kikanKbn=3", "url2": null, "内容": "こむろ歯科【3:歯科】茨城県ひたちなか市津田１９４８－２" }, "geometry": { "type": "Point", "coordinates": [ 140.511944, 36.410833 ] } },
{ "type": "Feature", "properties": { "ID": 83308700354, "正式名称": "おやま歯科医院", "機関区分": 3, "都道府県コード": 8, "市区町村コード": 221, "所在地": "茨城県ひたちなか市田彦９９９−３８", "緯度": 36.42225, "経度": 140.51653, "url": "https://www.iryou.teikyouseido.mhlw.go.jp/znk-web/juminkanja/S2430/initialize?prefCd=08&kikanCd=308700354&kikanKbn=3", "url2": null, "内容": "おやま歯科医院【3:歯科】茨城県ひたちなか市田彦９９９−３８" }, "geometry": { "type": "Point", "coordinates": [ 140.51653, 36.42225 ] } },
{ "type": "Feature", "properties": { "ID": 83308700367, "正式名称": "あおば歯科クリニック", "機関区分": 3, "都道府県コード": 8, "市区町村コード": 221, "所在地": "茨城県ひたちなか市東石川３６１４－１ヨークタウンひたちなか店あおば歯科クリニック", "緯度": 36.39638, "経度": 140.53491, "url": "https://www.iryou.teikyouseido.mhlw.go.jp/znk-web/juminkanja/S2430/initialize?prefCd=08&kikanCd=308700367&kikanKbn=3", "url2": "aoba-shika.info", "内容": "あおば歯科クリニック【3:歯科】茨城県ひたちなか市東石川３６１４－１ヨークタウンひたちなか店あおば歯科クリニック" }, "geometry": { "type": "Point", "coordinates": [ 140.53491, 36.39638 ] } },
{ "type": "Feature", "properties": { "ID": 83308700370, "正式名称": "柴岡デンタルクリニック", "機関区分": 3, "都道府県コード": 8, "市区町村コード": 221, "所在地": "茨城県ひたちなか市高場１－９－１０", "緯度": 36.428333, "経度": 140.543056, "url": "https://www.iryou.teikyouseido.mhlw.go.jp/znk-web/juminkanja/S2430/initialize?prefCd=08&kikanCd=308700370&kikanKbn=3", "url2": null, "内容": "柴岡デンタルクリニック【3:歯科】茨城県ひたちなか市高場１－９－１０" }, "geometry": { "type": "Point", "coordinates": [ 140.543056, 36.428333 ] } },
{ "type": "Feature", "properties": { "ID": 83308700383, "正式名称": "あおと歯科矯正", "機関区分": 3, "都道府県コード": 8, "市区町村コード": 221, "所在地": "茨城県ひたちなか市勝田中央１０−１３", "緯度": 36.394608, "経度": 140.529965, "url": "https://www.iryou.teikyouseido.mhlw.go.jp/znk-web/juminkanja/S2430/initialize?prefCd=08&kikanCd=308700383&kikanKbn=3", "url2": null, "内容": "あおと歯科矯正【3:歯科】茨城県ひたちなか市勝田中央１０−１３" }, "geometry": { "type": "Point", "coordinates": [ 140.529965, 36.394608 ] } },
{ "type": "Feature", "properties": { "ID": 83308700396, "正式名称": "中山歯科医院", "機関区分": 3, "都道府県コード": 8, "市区町村コード": 221, "所在地": "茨城県ひたちなか市後台４００−８", "緯度": 36.416389, "経度": 140.510278, "url": "https://www.iryou.teikyouseido.mhlw.go.jp/znk-web/juminkanja/S2430/initialize?prefCd=08&kikanCd=308700396&kikanKbn=3", "url2": "http://www.nakayama-dental.com", "内容": "中山歯科医院【3:歯科】茨城県ひたちなか市後台４００−８" }, "geometry": { "type": "Point", "coordinates": [ 140.510278, 36.416389 ] } },
{ "type": "Feature", "properties": { "ID": 83308700426, "正式名称": "ヒロ歯科クリニック", "機関区分": 3, "都道府県コード": 8, "市区町村コード": 221, "所在地": "茨城県ひたちなか市はしかべ２－１－８", "緯度": 36.405833, "経度": 140.541389, "url": "https://www.iryou.teikyouseido.mhlw.go.jp/znk-web/juminkanja/S2430/initialize?prefCd=08&kikanCd=308700426&kikanKbn=3", "url2": "http://www.hiro-shika.net", "内容": "ヒロ歯科クリニック【3:歯科】茨城県ひたちなか市はしかべ２－１－８" }, "geometry": { "type": "Point", "coordinates": [ 140.541389, 36.405833 ] } },
{ "type": "Feature", "properties": { "ID": 83308700439, "正式名称": "さとう歯科クリニック", "機関区分": 3, "都道府県コード": 8, "市区町村コード": 221, "所在地": "茨城県ひたちなか市中根４７７３ー７", "緯度": 36.379444, "経度": 140.561111, "url": "https://www.iryou.teikyouseido.mhlw.go.jp/znk-web/juminkanja/S2430/initialize?prefCd=08&kikanCd=308700439&kikanKbn=3", "url2": "http://www.satosika.com/", "内容": "さとう歯科クリニック【3:歯科】茨城県ひたちなか市中根４７７３ー７" }, "geometry": { "type": "Point", "coordinates": [ 140.561111, 36.379444 ] } },
{ "type": "Feature", "properties": { "ID": 83308700442, "正式名称": "あおぞら歯科クリニック", "機関区分": 3, "都道府県コード": 8, "市区町村コード": 221, "所在地": "茨城県ひたちなか市中根３６４６−１０", "緯度": 36.379444, "経度": 140.561111, "url": "https://www.iryou.teikyouseido.mhlw.go.jp/znk-web/juminkanja/S2430/initialize?prefCd=08&kikanCd=308700442&kikanKbn=3", "url2": null, "内容": "あおぞら歯科クリニック【3:歯科】茨城県ひたちなか市中根３６４６−１０" }, "geometry": { "type": "Point", "coordinates": [ 140.561111, 36.379444 ] } },
{ "type": "Feature", "properties": { "ID": 83308700455, "正式名称": "わたなべ歯科クリニック", "機関区分": 3, "都道府県コード": 8, "市区町村コード": 221, "所在地": "茨城県ひたちなか市西光地３－１－７", "緯度": 36.41953, "経度": 140.532879, "url": "https://www.iryou.teikyouseido.mhlw.go.jp/znk-web/juminkanja/S2430/initialize?prefCd=08&kikanCd=308700455&kikanKbn=3", "url2": null, "内容": "わたなべ歯科クリニック【3:歯科】茨城県ひたちなか市西光地３－１－７" }, "geometry": { "type": "Point", "coordinates": [ 140.532879, 36.41953 ] } },
{ "type": "Feature", "properties": { "ID": 83308700484, "正式名称": "えざき歯科クリニック", "機関区分": 3, "都道府県コード": 8, "市区町村コード": 341, "所在地": "茨城県那珂郡東海村村松２３３４－２", "緯度": 36.443889, "経度": 140.571667, "url": "https://www.iryou.teikyouseido.mhlw.go.jp/znk-web/juminkanja/S2430/initialize?prefCd=08&kikanCd=308700484&kikanKbn=3", "url2": null, "内容": "えざき歯科クリニック【3:歯科】茨城県那珂郡東海村村松２３３４－２" }, "geometry": { "type": "Point", "coordinates": [ 140.571667, 36.443889 ] } },
{ "type": "Feature", "properties": { "ID": 83308700514, "正式名称": "あかつか歯科クリニック", "機関区分": 3, "都道府県コード": 8, "市区町村コード": 221, "所在地": "茨城県ひたちなか市馬渡２８３８－１", "緯度": 36.398876, "経度": 140.56264, "url": "https://www.iryou.teikyouseido.mhlw.go.jp/znk-web/juminkanja/S2430/initialize?prefCd=08&kikanCd=308700514&kikanKbn=3", "url2": "https://www.akatsuka-dc.info/", "内容": "あかつか歯科クリニック【3:歯科】茨城県ひたちなか市馬渡２８３８－１" }, "geometry": { "type": "Point", "coordinates": [ 140.56264, 36.398876 ] } },
{ "type": "Feature", "properties": { "ID": 83308700530, "正式名称": "ひたちなかファミリアデンタルクリニック", "機関区分": 3, "都道府県コード": 8, "市区町村コード": 221, "所在地": "茨城県ひたちなか市大成町３１−５", "緯度": 36.384167, "経度": 140.538611, "url": "https://www.iryou.teikyouseido.mhlw.go.jp/znk-web/juminkanja/S2430/initialize?prefCd=08&kikanCd=308700530&kikanKbn=3", "url2": "http://hitachinaka-fdc.com/", "内容": "ひたちなかファミリアデンタルクリニック【3:歯科】茨城県ひたちなか市大成町３１−５" }, "geometry": { "type": "Point", "coordinates": [ 140.538611, 36.384167 ] } },
{ "type": "Feature", "properties": { "ID": 83308700556, "正式名称": "Ｋデンタルクリニック", "機関区分": 3, "都道府県コード": 8, "市区町村コード": 221, "所在地": "茨城県ひたちなか市堀口７２３－１６", "緯度": 36.393124, "経度": 140.51472, "url": "https://www.iryou.teikyouseido.mhlw.go.jp/znk-web/juminkanja/S2430/initialize?prefCd=08&kikanCd=308700556&kikanKbn=3", "url2": "https://www.dentist-k.com", "内容": "Ｋデンタルクリニック【3:歯科】茨城県ひたちなか市堀口７２３－１６" }, "geometry": { "type": "Point", "coordinates": [ 140.51472, 36.393124 ] } },
{ "type": "Feature", "properties": { "ID": 83308700585, "正式名称": "リノデンタルオフィス", "機関区分": 3, "都道府県コード": 8, "市区町村コード": 221, "所在地": "茨城県ひたちなか市松戸町３－２－１７松戸マンションＢ１０２", "緯度": 36.3893598, "経度": 140.544698, "url": "https://www.iryou.teikyouseido.mhlw.go.jp/znk-web/juminkanja/S2430/initialize?prefCd=08&kikanCd=308700585&kikanKbn=3", "url2": null, "内容": "リノデンタルオフィス【3:歯科】茨城県ひたちなか市松戸町３－２－１７松戸マンションＢ１０２" }, "geometry": { "type": "Point", "coordinates": [ 140.544698, 36.3893598 ] } },
{ "type": "Feature", "properties": { "ID": 83308700602, "正式名称": "みたんだ歯科", "機関区分": 3, "都道府県コード": 8, "市区町村コード": 221, "所在地": "茨城県ひたちなか市三反田３２９１－３", "緯度": 36.364887, "経度": 140.55783, "url": "https://www.iryou.teikyouseido.mhlw.go.jp/znk-web/juminkanja/S2430/initialize?prefCd=08&kikanCd=308700602&kikanKbn=3", "url2": null, "内容": "みたんだ歯科【3:歯科】茨城県ひたちなか市三反田３２９１－３" }, "geometry": { "type": "Point", "coordinates": [ 140.55783, 36.364887 ] } },
{ "type": "Feature", "properties": { "ID": 83308700628, "正式名称": "山口歯科医院", "機関区分": 3, "都道府県コード": 8, "市区町村コード": 226, "所在地": "茨城県那珂市古徳２３６５ー３", "緯度": 36.494717, "経度": 140.433399, "url": "https://www.iryou.teikyouseido.mhlw.go.jp/znk-web/juminkanja/S2430/initialize?prefCd=08&kikanCd=308700628&kikanKbn=3", "url2": null, "内容": "山口歯科医院【3:歯科】茨城県那珂市古徳２３６５ー３" }, "geometry": { "type": "Point", "coordinates": [ 140.433399, 36.494717 ] } },
{ "type": "Feature", "properties": { "ID": 83308700660, "正式名称": "くぼたデンタルオフィス", "機関区分": 3, "都道府県コード": 8, "市区町村コード": 212, "所在地": "茨城県常陸太田市金井町３５６４－１", "緯度": 36.535671, "経度": 140.527628, "url": "https://www.iryou.teikyouseido.mhlw.go.jp/znk-web/juminkanja/S2430/initialize?prefCd=08&kikanCd=308700660&kikanKbn=3", "url2": null, "内容": "くぼたデンタルオフィス【3:歯科】茨城県常陸太田市金井町３５６４－１" }, "geometry": { "type": "Point", "coordinates": [ 140.527628, 36.535671 ] } },
{ "type": "Feature", "properties": { "ID": 83308830006, "正式名称": "水戸ライフ歯科クリニック", "機関区分": 3, "都道府県コード": 8, "市区町村コード": 302, "所在地": "茨城県東茨城郡茨城町大戸３４２５－１３", "緯度": 36.327369, "経度": 140.412145, "url": "https://www.iryou.teikyouseido.mhlw.go.jp/znk-web/juminkanja/S2430/initialize?prefCd=08&kikanCd=308830006&kikanKbn=3", "url2": "https://www.mito-life-dc.com", "内容": "水戸ライフ歯科クリニック【3:歯科】茨城県東茨城郡茨城町大戸３４２５－１３" }, "geometry": { "type": "Point", "coordinates": [ 140.412145, 36.327369 ] } },
{ "type": "Feature", "properties": { "ID": 837230150, "正式名称": "田﨑歯科医院", "機関区分": 3, "都道府県コード": 8, "市区町村コード": 234, "所在地": "茨城県鉾田市徳宿２５６３番地９", "緯度": 36.190575, "経度": 140.51707, "url": "https://www.iryou.teikyouseido.mhlw.go.jp/znk-web/juminkanja/S2430/initialize?prefCd=08&kikanCd=7230150&kikanKbn=3", "url2": null, "内容": "田﨑歯科医院【3:歯科】茨城県鉾田市徳宿２５６３番地９" }, "geometry": { "type": "Point", "coordinates": [ 140.51707, 36.190575 ] } }
]
}
