{
"type": "FeatureCollection",
"name": "geo_8_2",
"crs": { "type": "name", "properties": { "name": "urn:ogc:def:crs:OGC:1.3:CRS84" } },
"features": [
{ "type": "Feature", "properties": { "ID": 82000000001, "正式名称": "池上皮膚科", "機関区分": 2, "都道府県コード": 8, "市区町村コード": 201, "所在地": "茨城県水戸市中央１－１－１１", "緯度": 36.367701, "経度": 140.472059, "url": "https://www.iryou.teikyouseido.mhlw.go.jp/znk-web/juminkanja/S2430/initialize?prefCd=08&kikanCd=000000001&kikanKbn=2", "url2": "https://ikegamihifuka-mito.com/", "内容": "池上皮膚科【2:診療所】【診療科目:内科_皮膚科】茨城県水戸市中央１－１－１１" }, "geometry": { "type": "Point", "coordinates": [ 140.472059, 36.367701 ] } },
{ "type": "Feature", "properties": { "ID": 820411785, "正式名称": "梅田内科クリニック", "機関区分": 2, "都道府県コード": 8, "市区町村コード": 204, "所在地": "茨城県古河市旭町１－１３－６", "緯度": 36.199103, "経度": 139.723591, "url": "https://www.iryou.teikyouseido.mhlw.go.jp/znk-web/juminkanja/S2430/initialize?prefCd=08&kikanCd=0411785&kikanKbn=2", "url2": null, "内容": "梅田内科クリニック【2:診療所】【診療科目:内科_循環器内科】茨城県古河市旭町１－１３－６" }, "geometry": { "type": "Point", "coordinates": [ 139.723591, 36.199103 ] } },
{ "type": "Feature", "properties": { "ID": 820811911288, "正式名称": "あまの整形外科クリニック", "機関区分": 2, "都道府県コード": 8, "市区町村コード": 219, "所在地": "茨城県牛久市南１－６－４０クリニックビル牛久１Ｆ", "緯度": 35.973261, "経度": 140.141405, "url": "https://www.iryou.teikyouseido.mhlw.go.jp/znk-web/juminkanja/S2430/initialize?prefCd=08&kikanCd=0811911288&kikanKbn=2", "url2": "https://amano-seikei.jp/", "内容": "あまの整形外科クリニック【2:診療所】【診療科目:整形外科_リハビリテーション科】茨城県牛久市南１－６－４０クリニックビル牛久１Ｆ" }, "geometry": { "type": "Point", "coordinates": [ 140.141405, 35.973261 ] } },
{ "type": "Feature", "properties": { "ID": 820812210722, "正式名称": "小山記念病院付属くりや耳鼻咽喉科", "機関区分": 2, "都道府県コード": 8, "市区町村コード": 222, "所在地": "茨城県鹿嶋市厨４－２－４", "緯度": 35.9745522, "経度": 140.6272742, "url": "https://www.iryou.teikyouseido.mhlw.go.jp/znk-web/juminkanja/S2430/initialize?prefCd=08&kikanCd=0812210722&kikanKbn=2", "url2": null, "内容": "小山記念病院付属くりや耳鼻咽喉科【2:診療所】【診療科目:頭頸部・耳鼻いんこう科】茨城県鹿嶋市厨４－２－４" }, "geometry": { "type": "Point", "coordinates": [ 140.627274199999988, 35.9745522 ] } },
{ "type": "Feature", "properties": { "ID": 820813111226, "正式名称": "アグリホームクリニック　いばらき", "機関区分": 2, "都道府県コード": 8, "市区町村コード": 302, "所在地": "茨城県東茨城郡茨城町大戸１８５２－１", "緯度": 36.316048, "経度": 140.41724, "url": "https://www.iryou.teikyouseido.mhlw.go.jp/znk-web/juminkanja/S2430/initialize?prefCd=08&kikanCd=0813111226&kikanKbn=2", "url2": null, "内容": "アグリホームクリニック　いばらき【2:診療所】【診療科目:内科_外科_形成外科_精神科】茨城県東茨城郡茨城町大戸１８５２－１" }, "geometry": { "type": "Point", "coordinates": [ 140.41724, 36.316048 ] } },
{ "type": "Feature", "properties": { "ID": 820813111259, "正式名称": "医療法人　恒仁会　石塚地方医院", "機関区分": 2, "都道府県コード": 8, "市区町村コード": 310, "所在地": "茨城県東茨城郡城里町石塚１３３７番地", "緯度": 36.48435, "経度": 140.374165, "url": "https://www.iryou.teikyouseido.mhlw.go.jp/znk-web/juminkanja/S2430/initialize?prefCd=08&kikanCd=0813111259&kikanKbn=2", "url2": null, "内容": "医療法人　恒仁会　石塚地方医院【2:診療所】【診療科目:内科_整形外科_泌尿器科】茨城県東茨城郡城里町石塚１３３７番地" }, "geometry": { "type": "Point", "coordinates": [ 140.374165, 36.48435 ] } },
{ "type": "Feature", "properties": { "ID": 820813811304, "正式名称": "あみ皮膚科", "機関区分": 2, "都道府県コード": 8, "市区町村コード": 443, "所在地": "茨城県稲敷郡阿見町うずら野１丁目２２－１１", "緯度": 36.031583, "経度": 140.17384, "url": "https://www.iryou.teikyouseido.mhlw.go.jp/znk-web/juminkanja/S2430/initialize?prefCd=08&kikanCd=0813811304&kikanKbn=2", "url2": "https://ami-hifuka.com", "内容": "あみ皮膚科【2:診療所】【診療科目:皮膚科】茨城県稲敷郡阿見町うずら野１丁目２２－１１" }, "geometry": { "type": "Point", "coordinates": [ 140.17384, 36.031583 ] } },
{ "type": "Feature", "properties": { "ID": 82082111920, "正式名称": "勝田まちなか皮ふ科", "機関区分": 2, "都道府県コード": 8, "市区町村コード": 221, "所在地": "茨城県ひたちなか市石川町ＭＥＧＡドン・キホーテ勝田店", "緯度": 36.392548, "経度": 140.52835, "url": "https://www.iryou.teikyouseido.mhlw.go.jp/znk-web/juminkanja/S2430/initialize?prefCd=08&kikanCd=082111920&kikanKbn=2", "url2": null, "内容": "勝田まちなか皮ふ科【2:診療所】【診療科目:皮膚科】茨城県ひたちなか市石川町ＭＥＧＡドン・キホーテ勝田店" }, "geometry": { "type": "Point", "coordinates": [ 140.52835, 36.392548 ] } },
{ "type": "Feature", "properties": { "ID": 82111111111, "正式名称": "いわまファミリークリニック", "機関区分": 2, "都道府県コード": 8, "市区町村コード": 216, "所在地": "茨城県笠間市下郷４１０５－１", "緯度": 36.297794, "経度": 140.273298, "url": "https://www.iryou.teikyouseido.mhlw.go.jp/znk-web/juminkanja/S2430/initialize?prefCd=08&kikanCd=111111111&kikanKbn=2", "url2": "http://iwama-clinic.jp", "内容": "いわまファミリークリニック【2:診療所】【診療科目:内科_外科_小児科】茨城県笠間市下郷４１０５－１" }, "geometry": { "type": "Point", "coordinates": [ 140.273298, 36.297794 ] } },
{ "type": "Feature", "properties": { "ID": 822010983, "正式名称": "もりやファミリークリニック", "機関区分": 2, "都道府県コード": 8, "市区町村コード": 224, "所在地": "茨城県守谷市松並１３９４ー１", "緯度": 35.954632, "経度": 139.999881, "url": "https://www.iryou.teikyouseido.mhlw.go.jp/znk-web/juminkanja/S2430/initialize?prefCd=08&kikanCd=2010983&kikanKbn=2", "url2": "https://moriya-fcl.com/", "内容": "もりやファミリークリニック【2:診療所】【診療科目:内科_一般内科_外科_一般外科_小児科_小児泌尿器科_婦人科_産婦人科（生殖医療）_美容皮膚科_皮膚泌尿器科_泌尿器科_男性泌尿器科_神経泌尿器科_腎臓・泌尿器科_小児泌尿器、女性泌尿器_アレルギー科】茨城県守谷市松並１３９４ー１" }, "geometry": { "type": "Point", "coordinates": [ 139.999881, 35.954632 ] } },
{ "type": "Feature", "properties": { "ID": 822080000038, "正式名称": "茨城県メディカルセンター", "機関区分": 2, "都道府県コード": 8, "市区町村コード": 201, "所在地": "茨城県水戸市笠原町４８９", "緯度": 36.351553, "経度": 140.461311, "url": "https://www.iryou.teikyouseido.mhlw.go.jp/znk-web/juminkanja/S2430/initialize?prefCd=08&kikanCd=2080000038&kikanKbn=2", "url2": "https://imc.or.jp", "内容": "茨城県メディカルセンター【2:診療所】【診療科目:内科_外科_小児科_産婦人科_眼科_耳鼻いんこう科_精神科_放射線科】茨城県水戸市笠原町４８９" }, "geometry": { "type": "Point", "coordinates": [ 140.461311, 36.351553 ] } },
{ "type": "Feature", "properties": { "ID": 822080000214, "正式名称": "水戸市休日夜間緊急診療所", "機関区分": 2, "都道府県コード": 8, "市区町村コード": 201, "所在地": "茨城県水戸市笠原町９９３－１３", "緯度": 36.352439, "経度": 140.457882, "url": "https://www.iryou.teikyouseido.mhlw.go.jp/znk-web/juminkanja/S2430/initialize?prefCd=08&kikanCd=2080000214&kikanKbn=2", "url2": "https://www.city.mito.lg.jp/site/holidaymedicalcare/19640.html", "内容": "水戸市休日夜間緊急診療所【2:診療所】【診療科目:内科_外科_小児科_歯科】茨城県水戸市笠原町９９３－１３" }, "geometry": { "type": "Point", "coordinates": [ 140.457882, 36.352439 ] } },
{ "type": "Feature", "properties": { "ID": 822080000407, "正式名称": "医療法人社団小沢眼科会大宮診療所", "機関区分": 2, "都道府県コード": 8, "市区町村コード": 225, "所在地": "茨城県常陸大宮市北町１２０－１", "緯度": 36.548333, "経度": 140.416944, "url": "https://www.iryou.teikyouseido.mhlw.go.jp/znk-web/juminkanja/S2430/initialize?prefCd=08&kikanCd=2080000407&kikanKbn=2", "url2": null, "内容": "医療法人社団小沢眼科会大宮診療所【2:診療所】【診療科目:眼科】茨城県常陸大宮市北町１２０－１" }, "geometry": { "type": "Point", "coordinates": [ 140.416944, 36.548333 ] } },
{ "type": "Feature", "properties": { "ID": 822080000467, "正式名称": "日立市休日緊急診療所", "機関区分": 2, "都道府県コード": 8, "市区町村コード": 202, "所在地": "茨城県日立市幸町１－１７－１", "緯度": 36.591126, "経度": 140.659004, "url": "https://www.iryou.teikyouseido.mhlw.go.jp/znk-web/juminkanja/S2430/initialize?prefCd=08&kikanCd=2080000467&kikanKbn=2", "url2": "http://hitachi-med.news.coocan.jp/index.html", "内容": "日立市休日緊急診療所【2:診療所】【診療科目:内科_小児科】茨城県日立市幸町１－１７－１" }, "geometry": { "type": "Point", "coordinates": [ 140.659004, 36.591126 ] } },
{ "type": "Feature", "properties": { "ID": 822080000596, "正式名称": "たきもとクリニック", "機関区分": 2, "都道府県コード": 8, "市区町村コード": 234, "所在地": "茨城県鉾田市汲上３１２８", "緯度": 36.121605, "経度": 140.5861, "url": "https://www.iryou.teikyouseido.mhlw.go.jp/znk-web/juminkanja/S2430/initialize?prefCd=08&kikanCd=2080000596&kikanKbn=2", "url2": null, "内容": "たきもとクリニック【2:診療所】【診療科目:内科_呼吸器内科_循環器内科_小児科_リハビリテーション科】茨城県鉾田市汲上３１２８" }, "geometry": { "type": "Point", "coordinates": [ 140.5861, 36.121605 ] } },
{ "type": "Feature", "properties": { "ID": 822080000688, "正式名称": "ＡＧＣ株式会社鹿島工場健康管理センター", "機関区分": 2, "都道府県コード": 8, "市区町村コード": 232, "所在地": "茨城県神栖市東和田２５", "緯度": 35.904137, "経度": 140.68822, "url": "https://www.iryou.teikyouseido.mhlw.go.jp/znk-web/juminkanja/S2430/initialize?prefCd=08&kikanCd=2080000688&kikanKbn=2", "url2": null, "内容": "ＡＧＣ株式会社鹿島工場健康管理センター【2:診療所】【診療科目:内科】茨城県神栖市東和田２５" }, "geometry": { "type": "Point", "coordinates": [ 140.68822, 35.904137 ] } },
{ "type": "Feature", "properties": { "ID": 822080000689, "正式名称": "医療法人千樹会", "機関区分": 2, "都道府県コード": 8, "市区町村コード": 232, "所在地": "茨城県神栖市波崎８６３５", "緯度": 35.747454, "経度": 140.823648, "url": "https://www.iryou.teikyouseido.mhlw.go.jp/znk-web/juminkanja/S2430/initialize?prefCd=08&kikanCd=2080000689&kikanKbn=2", "url2": null, "内容": "医療法人千樹会【2:診療所】【診療科目:内科_消化器内科_小児科_放射線科】茨城県神栖市波崎８６３５" }, "geometry": { "type": "Point", "coordinates": [ 140.823648, 35.747454 ] } },
{ "type": "Feature", "properties": { "ID": 822080000708, "正式名称": "松本クリニック", "機関区分": 2, "都道府県コード": 8, "市区町村コード": 208, "所在地": "茨城県龍ケ崎市馴柴町６５０－１", "緯度": 35.907222, "経度": 140.181667, "url": "https://www.iryou.teikyouseido.mhlw.go.jp/znk-web/juminkanja/S2430/initialize?prefCd=08&kikanCd=2080000708&kikanKbn=2", "url2": "http://www.matsumoto-cl.jp/", "内容": "松本クリニック【2:診療所】【診療科目:内科_形成外科_美容外科_皮膚科】茨城県龍ケ崎市馴柴町６５０－１" }, "geometry": { "type": "Point", "coordinates": [ 140.181667, 35.907222 ] } },
{ "type": "Feature", "properties": { "ID": 822080000785, "正式名称": "取手北相馬休日夜間緊急診療所", "機関区分": 2, "都道府県コード": 8, "市区町村コード": 217, "所在地": "茨城県取手市野々井", "緯度": 35.914167, "経度": 140.028611, "url": "https://www.iryou.teikyouseido.mhlw.go.jp/znk-web/juminkanja/S2430/initialize?prefCd=08&kikanCd=2080000785&kikanKbn=2", "url2": "http://www.toride-med.jp/", "内容": "取手北相馬休日夜間緊急診療所【2:診療所】【診療科目:内科_外科】茨城県取手市野々井" }, "geometry": { "type": "Point", "coordinates": [ 140.028611, 35.914167 ] } },
{ "type": "Feature", "properties": { "ID": 822080000863, "正式名称": "大和田耳鼻咽喉科医院", "機関区分": 2, "都道府県コード": 8, "市区町村コード": 224, "所在地": "茨城県守谷市本町１６", "緯度": 35.94136, "経度": 140.00087, "url": "https://www.iryou.teikyouseido.mhlw.go.jp/znk-web/juminkanja/S2430/initialize?prefCd=08&kikanCd=2080000863&kikanKbn=2", "url2": null, "内容": "大和田耳鼻咽喉科医院【2:診療所】【診療科目:耳鼻いんこう科_精神科】茨城県守谷市本町１６" }, "geometry": { "type": "Point", "coordinates": [ 140.00087, 35.94136 ] } },
{ "type": "Feature", "properties": { "ID": 822080000943, "正式名称": "尾﨏眼科クリニック", "機関区分": 2, "都道府県コード": 8, "市区町村コード": 203, "所在地": "茨城県土浦市永国１１１１－２", "緯度": 36.060833, "経度": 140.186667, "url": "https://www.iryou.teikyouseido.mhlw.go.jp/znk-web/juminkanja/S2430/initialize?prefCd=08&kikanCd=2080000943&kikanKbn=2", "url2": null, "内容": "尾﨏眼科クリニック【2:診療所】【診療科目:眼科】茨城県土浦市永国１１１１－２" }, "geometry": { "type": "Point", "coordinates": [ 140.186667, 36.060833 ] } },
{ "type": "Feature", "properties": { "ID": 822080000963, "正式名称": "医療法人社団　尽誠会　さくら内科クリニック", "機関区分": 2, "都道府県コード": 8, "市区町村コード": 203, "所在地": "茨城県土浦市桜町３－１４－１８さくらメディカルビル１階１０１号室", "緯度": 36.075833, "経度": 140.201944, "url": "https://www.iryou.teikyouseido.mhlw.go.jp/znk-web/juminkanja/S2430/initialize?prefCd=08&kikanCd=2080000963&kikanKbn=2", "url2": "http://www.sakura-naika.jp/", "内容": "医療法人社団　尽誠会　さくら内科クリニック【2:診療所】【診療科目:内科_呼吸器内科_循環器内科】茨城県土浦市桜町３－１４－１８さくらメディカルビル１階１０１号室" }, "geometry": { "type": "Point", "coordinates": [ 140.201944, 36.075833 ] } },
{ "type": "Feature", "properties": { "ID": 822080001092, "正式名称": "医療法人社団松恵会志士庫クリニック", "機関区分": 2, "都道府県コード": 8, "市区町村コード": 230, "所在地": "茨城県かすみがうら市宍倉３６２２ー４", "緯度": 36.123333, "経度": 140.298889, "url": "https://www.iryou.teikyouseido.mhlw.go.jp/znk-web/juminkanja/S2430/initialize?prefCd=08&kikanCd=2080001092&kikanKbn=2", "url2": null, "内容": "医療法人社団松恵会志士庫クリニック【2:診療所】【診療科目:内科】茨城県かすみがうら市宍倉３６２２ー４" }, "geometry": { "type": "Point", "coordinates": [ 140.298889, 36.123333 ] } },
{ "type": "Feature", "properties": { "ID": 822080001200, "正式名称": "筑西市夜間休日一次救急診療所", "機関区分": 2, "都道府県コード": 8, "市区町村コード": 227, "所在地": "茨城県筑西市小林３５５−１（下館保健センター内）", "緯度": 36.322857, "経度": 139.97765, "url": "https://www.iryou.teikyouseido.mhlw.go.jp/znk-web/juminkanja/S2430/initialize?prefCd=08&kikanCd=2080001200&kikanKbn=2", "url2": null, "内容": "筑西市夜間休日一次救急診療所【2:診療所】【診療科目:内科_小児科】茨城県筑西市小林３５５−１（下館保健センター内）" }, "geometry": { "type": "Point", "coordinates": [ 139.97765, 36.322857 ] } },
{ "type": "Feature", "properties": { "ID": 822080001216, "正式名称": "筑西いけだクリニック", "機関区分": 2, "都道府県コード": 8, "市区町村コード": 227, "所在地": "茨城県筑西市横塚９９２－３", "緯度": 36.316667, "経度": 140.007778, "url": "https://www.iryou.teikyouseido.mhlw.go.jp/znk-web/juminkanja/S2430/initialize?prefCd=08&kikanCd=2080001216&kikanKbn=2", "url2": null, "内容": "筑西いけだクリニック【2:診療所】【診療科目:内科_整形外科_小児科_リハビリテーション科_放射線科】茨城県筑西市横塚９９２－３" }, "geometry": { "type": "Point", "coordinates": [ 140.007778, 36.316667 ] } },
{ "type": "Feature", "properties": { "ID": 822080001388, "正式名称": "医療法人恒志会東斎藤眼科", "機関区分": 2, "都道府県コード": 8, "市区町村コード": 204, "所在地": "茨城県古河市東３－３－１６", "緯度": 36.192222, "経度": 139.717222, "url": "https://www.iryou.teikyouseido.mhlw.go.jp/znk-web/juminkanja/S2430/initialize?prefCd=08&kikanCd=2080001388&kikanKbn=2", "url2": "http://higashisaito.jp/", "内容": "医療法人恒志会東斎藤眼科【2:診療所】【診療科目:眼科】茨城県古河市東３－３－１６" }, "geometry": { "type": "Point", "coordinates": [ 139.717222, 36.192222 ] } },
{ "type": "Feature", "properties": { "ID": 822080003118, "正式名称": "かとう小児科クリニック", "機関区分": 2, "都道府県コード": 8, "市区町村コード": 222, "所在地": "茨城県鹿嶋市厨４丁目２－５", "緯度": 35.9746584, "経度": 140.627162, "url": "https://www.iryou.teikyouseido.mhlw.go.jp/znk-web/juminkanja/S2430/initialize?prefCd=08&kikanCd=2080003118&kikanKbn=2", "url2": "https://katoh-sc.jp/", "内容": "かとう小児科クリニック【2:診療所】【診療科目:小児科】茨城県鹿嶋市厨４丁目２－５" }, "geometry": { "type": "Point", "coordinates": [ 140.627162, 35.9746584 ] } },
{ "type": "Feature", "properties": { "ID": 822080003183, "正式名称": "太田医院", "機関区分": 2, "都道府県コード": 8, "市区町村コード": 230, "所在地": "茨城県かすみがうら市下稲吉１５９８－１", "緯度": 36.135, "経度": 140.241944, "url": "https://www.iryou.teikyouseido.mhlw.go.jp/znk-web/juminkanja/S2430/initialize?prefCd=08&kikanCd=2080003183&kikanKbn=2", "url2": null, "内容": "太田医院【2:診療所】【診療科目:内科_消化器内科_外科】茨城県かすみがうら市下稲吉１５９８－１" }, "geometry": { "type": "Point", "coordinates": [ 140.241944, 36.135 ] } },
{ "type": "Feature", "properties": { "ID": 822080003552, "正式名称": "エミナルクリニック水戸院", "機関区分": 2, "都道府県コード": 8, "市区町村コード": 201, "所在地": "茨城県水戸市宮町１－７－２０ホテルテラスザガーデン水戸１階", "緯度": 36.369596, "経度": 140.476926, "url": "https://www.iryou.teikyouseido.mhlw.go.jp/znk-web/juminkanja/S2430/initialize?prefCd=08&kikanCd=2080003552&kikanKbn=2", "url2": null, "内容": "エミナルクリニック水戸院【2:診療所】【診療科目:美容皮膚科】茨城県水戸市宮町１－７－２０ホテルテラスザガーデン水戸１階" }, "geometry": { "type": "Point", "coordinates": [ 140.476926, 36.369596 ] } },
{ "type": "Feature", "properties": { "ID": 822080003556, "正式名称": "医療法人慈愛会秋葉産婦人科", "機関区分": 2, "都道府県コード": 8, "市区町村コード": 204, "所在地": "茨城県古河市東本町２－９－２", "緯度": 36.194043, "経度": 139.716012, "url": "https://www.iryou.teikyouseido.mhlw.go.jp/znk-web/juminkanja/S2430/initialize?prefCd=08&kikanCd=2080003556&kikanKbn=2", "url2": "https://www.akiba-hp.jp/", "内容": "医療法人慈愛会秋葉産婦人科【2:診療所】【診療科目:内分泌内科_女性内科_乳腺外科_女性乳腺外科_小児科_産婦人科_産婦人科（生殖医療）_放射線科】茨城県古河市東本町２－９－２" }, "geometry": { "type": "Point", "coordinates": [ 139.716012, 36.194043 ] } },
{ "type": "Feature", "properties": { "ID": 822080003559, "正式名称": "とりで駅前内視鏡・消化器クリニック", "機関区分": 2, "都道府県コード": 8, "市区町村コード": 217, "所在地": "茨城県取手市中央町", "緯度": 35.89665, "経度": 140.06293, "url": "https://www.iryou.teikyouseido.mhlw.go.jp/znk-web/juminkanja/S2430/initialize?prefCd=08&kikanCd=2080003559&kikanKbn=2", "url2": "https://www.toride-naishikyo.com/", "内容": "とりで駅前内視鏡・消化器クリニック【2:診療所】【診療科目:消化器内科_内視鏡内科_肛門外科】茨城県取手市中央町" }, "geometry": { "type": "Point", "coordinates": [ 140.06293, 35.89665 ] } },
{ "type": "Feature", "properties": { "ID": 822080003562, "正式名称": "ゆうこレディースクリニックつくば", "機関区分": 2, "都道府県コード": 8, "市区町村コード": 220, "所在地": "茨城県つくば市研究学園３－１２－５", "緯度": 36.086705, "経度": 140.073387, "url": "https://www.iryou.teikyouseido.mhlw.go.jp/znk-web/juminkanja/S2430/initialize?prefCd=08&kikanCd=2080003562&kikanKbn=2", "url2": "https://yuko-lc.com/", "内容": "ゆうこレディースクリニックつくば【2:診療所】【診療科目:産婦人科_婦人科】茨城県つくば市研究学園３－１２－５" }, "geometry": { "type": "Point", "coordinates": [ 140.073387, 36.086705 ] } },
{ "type": "Feature", "properties": { "ID": 822080003563, "正式名称": "つくば心療内科クリニック", "機関区分": 2, "都道府県コード": 8, "市区町村コード": 220, "所在地": "茨城県つくば市遠東１１１１－１", "緯度": 36.103634, "経度": 140.0669, "url": "https://www.iryou.teikyouseido.mhlw.go.jp/znk-web/juminkanja/S2430/initialize?prefCd=08&kikanCd=2080003563&kikanKbn=2", "url2": "https://tsukuba-psychosomatics.jp/", "内容": "つくば心療内科クリニック【2:診療所】【診療科目:精神科_心療内科】茨城県つくば市遠東１１１１－１" }, "geometry": { "type": "Point", "coordinates": [ 140.0669, 36.103634 ] } },
{ "type": "Feature", "properties": { "ID": 822080003572, "正式名称": "しょうのこどもクリニック", "機関区分": 2, "都道府県コード": 8, "市区町村コード": 232, "所在地": "茨城県神栖市須田２３４０－１８６", "緯度": 35.838223, "経度": 140.744677, "url": "https://www.iryou.teikyouseido.mhlw.go.jp/znk-web/juminkanja/S2430/initialize?prefCd=08&kikanCd=2080003572&kikanKbn=2", "url2": "https://www.shono-kids.com", "内容": "しょうのこどもクリニック【2:診療所】【診療科目:小児科_小児皮膚科_小児内分泌科_アレルギー科】茨城県神栖市須田２３４０－１８６" }, "geometry": { "type": "Point", "coordinates": [ 140.744677, 35.838223 ] } },
{ "type": "Feature", "properties": { "ID": 822080003574, "正式名称": "まなべ皮フ科クリニック", "機関区分": 2, "都道府県コード": 8, "市区町村コード": 203, "所在地": "茨城県土浦市真鍋新町２０－６１", "緯度": 36.09288, "経度": 140.20862, "url": "https://www.iryou.teikyouseido.mhlw.go.jp/znk-web/juminkanja/S2430/initialize?prefCd=08&kikanCd=2080003574&kikanKbn=2", "url2": "https://manabe-skincl.com", "内容": "まなべ皮フ科クリニック【2:診療所】【診療科目:小児皮膚科_皮膚科】茨城県土浦市真鍋新町２０－６１" }, "geometry": { "type": "Point", "coordinates": [ 140.20862, 36.09288 ] } },
{ "type": "Feature", "properties": { "ID": 822080003577, "正式名称": "飯田耳鼻咽喉科医院", "機関区分": 2, "都道府県コード": 8, "市区町村コード": 217, "所在地": "茨城県取手市新町三丁目１２－１７", "緯度": 35.8989484, "経度": 140.0564569, "url": "https://www.iryou.teikyouseido.mhlw.go.jp/znk-web/juminkanja/S2430/initialize?prefCd=08&kikanCd=2080003577&kikanKbn=2", "url2": null, "内容": "飯田耳鼻咽喉科医院【2:診療所】【診療科目:頭頸部外科_耳鼻いんこう科】茨城県取手市新町三丁目１２－１７" }, "geometry": { "type": "Point", "coordinates": [ 140.0564569, 35.8989484 ] } },
{ "type": "Feature", "properties": { "ID": 822080003579, "正式名称": "とりで腎・泌尿器科クリニック", "機関区分": 2, "都道府県コード": 8, "市区町村コード": 217, "所在地": "茨城県取手市寺田４７２５ー１", "緯度": 35.917073, "経度": 140.041628, "url": "https://www.iryou.teikyouseido.mhlw.go.jp/znk-web/juminkanja/S2430/initialize?prefCd=08&kikanCd=2080003579&kikanKbn=2", "url2": "https://www.toride-clinic.com/", "内容": "とりで腎・泌尿器科クリニック【2:診療所】【診療科目:内科_性感染症内科_外科_小児泌尿器科_泌尿器科_男性泌尿器科_腎臓・泌尿器科】茨城県取手市寺田４７２５ー１" }, "geometry": { "type": "Point", "coordinates": [ 140.041628, 35.917073 ] } },
{ "type": "Feature", "properties": { "ID": 822080003581, "正式名称": "みんなの内科外科クリニック", "機関区分": 2, "都道府県コード": 8, "市区町村コード": 221, "所在地": "茨城県ひたちなか市足崎１４７４－８", "緯度": 36.41365, "経度": 140.55283, "url": "https://www.iryou.teikyouseido.mhlw.go.jp/znk-web/juminkanja/S2430/initialize?prefCd=08&kikanCd=2080003581&kikanKbn=2", "url2": "https://www.hakujinkai.com/clinic_hitachinaka.php", "内容": "みんなの内科外科クリニック【2:診療所】【診療科目:内科_呼吸器内科_循環器内科_消化器内科_外科_脳神経外科_形成外科_皮膚科_リハビリテーション科】茨城県ひたちなか市足崎１４７４－８" }, "geometry": { "type": "Point", "coordinates": [ 140.55283, 36.41365 ] } },
{ "type": "Feature", "properties": { "ID": 822080003582, "正式名称": "医療法人翡翠会　那珂記念ＭＩＴＯクリニック", "機関区分": 2, "都道府県コード": 8, "市区町村コード": 221, "所在地": "茨城県ひたちなか市勝田中央　５－１平戸ビル３階３０１号室", "緯度": 36.394881, "経度": 140.525823, "url": "https://www.iryou.teikyouseido.mhlw.go.jp/znk-web/juminkanja/S2430/initialize?prefCd=08&kikanCd=2080003582&kikanKbn=2", "url2": "https://www.kensei-kai.com/", "内容": "医療法人翡翠会　那珂記念ＭＩＴＯクリニック【2:診療所】【診療科目:内科_糖尿病内科】茨城県ひたちなか市勝田中央　５－１平戸ビル３階３０１号室" }, "geometry": { "type": "Point", "coordinates": [ 140.525823, 36.394881 ] } },
{ "type": "Feature", "properties": { "ID": 822080003584, "正式名称": "さかいスマイルキッズクリニック", "機関区分": 2, "都道府県コード": 8, "市区町村コード": 546, "所在地": "茨城県猿島郡境町上小橋５３６－１さかいスマイルキッズクリニック", "緯度": 36.12058, "経度": 139.80783, "url": "https://www.iryou.teikyouseido.mhlw.go.jp/znk-web/juminkanja/S2430/initialize?prefCd=08&kikanCd=2080003584&kikanKbn=2", "url2": "https://sakai-smile.clinic/", "内容": "さかいスマイルキッズクリニック【2:診療所】【診療科目:小児科】茨城県猿島郡境町上小橋５３６－１さかいスマイルキッズクリニック" }, "geometry": { "type": "Point", "coordinates": [ 139.80783, 36.12058 ] } },
{ "type": "Feature", "properties": { "ID": 822080003585, "正式名称": "つくば村井整形外科クリニック", "機関区分": 2, "都道府県コード": 8, "市区町村コード": 220, "所在地": "茨城県つくば市天久保１－１３－５", "緯度": 36.092977, "経度": 140.111019, "url": "https://www.iryou.teikyouseido.mhlw.go.jp/znk-web/juminkanja/S2430/initialize?prefCd=08&kikanCd=2080003585&kikanKbn=2", "url2": "https://murai-seikei.jp", "内容": "つくば村井整形外科クリニック【2:診療所】【診療科目:整形外科_リハビリテーション科】茨城県つくば市天久保１－１３－５" }, "geometry": { "type": "Point", "coordinates": [ 140.111019, 36.092977 ] } },
{ "type": "Feature", "properties": { "ID": 822080003586, "正式名称": "みらいの丘整形外科クリニック", "機関区分": 2, "都道府県コード": 8, "市区町村コード": 235, "所在地": "茨城県つくばみらい市南太田５００－１", "緯度": 35.966286, "経度": 140.06573, "url": "https://www.iryou.teikyouseido.mhlw.go.jp/znk-web/juminkanja/S2430/initialize?prefCd=08&kikanCd=2080003586&kikanKbn=2", "url2": "https://www.mirainooka-seikei.com/", "内容": "みらいの丘整形外科クリニック【2:診療所】【診療科目:整形外科_リハビリテーション科】茨城県つくばみらい市南太田５００－１" }, "geometry": { "type": "Point", "coordinates": [ 140.06573, 35.966286 ] } },
{ "type": "Feature", "properties": { "ID": 822080003591, "正式名称": "ＴＣＢ　東京中央美容外科・ＴＣＢ　スキンクリニック　つくば院", "機関区分": 2, "都道府県コード": 8, "市区町村コード": 220, "所在地": "茨城県つくば市吾妻１－７－１トナリエつくばスクエア　トナリエクレオ　３階", "緯度": 36.0805955, "経度": 140.1123841, "url": "https://www.iryou.teikyouseido.mhlw.go.jp/znk-web/juminkanja/S2430/initialize?prefCd=08&kikanCd=2080003591&kikanKbn=2", "url2": null, "内容": "ＴＣＢ　東京中央美容外科・ＴＣＢ　スキンクリニック　つくば院【2:診療所】【診療科目:形成外科_美容外科_皮膚科_美容皮膚科】茨城県つくば市吾妻１－７－１トナリエつくばスクエア　トナリエクレオ　３階" }, "geometry": { "type": "Point", "coordinates": [ 140.112384100000014, 36.0805955 ] } },
{ "type": "Feature", "properties": { "ID": 822080003593, "正式名称": "ひかりファミリークリニック", "機関区分": 2, "都道府県コード": 8, "市区町村コード": 211, "所在地": "茨城県常総市水海道山田町４５５５", "緯度": 36.01559, "経度": 139.989803, "url": "https://www.iryou.teikyouseido.mhlw.go.jp/znk-web/juminkanja/S2430/initialize?prefCd=08&kikanCd=2080003593&kikanKbn=2", "url2": "https://www.hikarifamily-cliniic.jp/", "内容": "ひかりファミリークリニック【2:診療所】【診療科目:内科_小児科】茨城県常総市水海道山田町４５５５" }, "geometry": { "type": "Point", "coordinates": [ 139.989803, 36.01559 ] } },
{ "type": "Feature", "properties": { "ID": 822080003595, "正式名称": "ひたちの晴嵐呼吸器内科", "機関区分": 2, "都道府県コード": 8, "市区町村コード": 219, "所在地": "茨城県牛久市ひたち野東１－１９－８", "緯度": 36.011204, "経度": 140.160207, "url": "https://www.iryou.teikyouseido.mhlw.go.jp/znk-web/juminkanja/S2430/initialize?prefCd=08&kikanCd=2080003595&kikanKbn=2", "url2": "https://hitachino-seirancl.com/", "内容": "ひたちの晴嵐呼吸器内科【2:診療所】【診療科目:呼吸器内科】茨城県牛久市ひたち野東１－１９－８" }, "geometry": { "type": "Point", "coordinates": [ 140.160207, 36.011204 ] } },
{ "type": "Feature", "properties": { "ID": 822080003598, "正式名称": "血圧心臓クリニック水戸", "機関区分": 2, "都道府県コード": 8, "市区町村コード": 201, "所在地": "茨城県水戸市笠原町９７８－２８", "緯度": 36.344339, "経度": 140.449888, "url": "https://www.iryou.teikyouseido.mhlw.go.jp/znk-web/juminkanja/S2430/initialize?prefCd=08&kikanCd=2080003598&kikanKbn=2", "url2": "https://ketsuatsu.jp/", "内容": "血圧心臓クリニック水戸【2:診療所】【診療科目:内科_循環器内科】茨城県水戸市笠原町９７８－２８" }, "geometry": { "type": "Point", "coordinates": [ 140.449888, 36.344339 ] } },
{ "type": "Feature", "properties": { "ID": 822080003599, "正式名称": "アグリホームクリニック　ひたち", "機関区分": 2, "都道府県コード": 8, "市区町村コード": 202, "所在地": "茨城県日立市旭町３－４－２トキワビル３階南側号室", "緯度": 36.5857717, "経度": 140.6600488, "url": "https://www.iryou.teikyouseido.mhlw.go.jp/znk-web/juminkanja/S2430/initialize?prefCd=08&kikanCd=2080003599&kikanKbn=2", "url2": null, "内容": "アグリホームクリニック　ひたち【2:診療所】【診療科目:内科_外科_小児科_皮膚科_泌尿器科_精神科_アレルギー科】茨城県日立市旭町３－４－２トキワビル３階南側号室" }, "geometry": { "type": "Point", "coordinates": [ 140.6600488, 36.5857717 ] } },
{ "type": "Feature", "properties": { "ID": 822080003601, "正式名称": "ひたち腎臓病・生活習慣病クリニックたんぽぽ", "機関区分": 2, "都道府県コード": 8, "市区町村コード": 202, "所在地": "茨城県日立市城南町４－１－１０", "緯度": 36.5837955, "経度": 140.6403322, "url": "https://www.iryou.teikyouseido.mhlw.go.jp/znk-web/juminkanja/S2430/initialize?prefCd=08&kikanCd=2080003601&kikanKbn=2", "url2": "https://clinic-tanpopo.jp/", "内容": "ひたち腎臓病・生活習慣病クリニックたんぽぽ【2:診療所】【診療科目:内科_腎臓内科】茨城県日立市城南町４－１－１０" }, "geometry": { "type": "Point", "coordinates": [ 140.640332199999989, 36.5837955 ] } },
{ "type": "Feature", "properties": { "ID": 822080003603, "正式名称": "宮﨑ペインクリニック内科", "機関区分": 2, "都道府県コード": 8, "市区町村コード": 220, "所在地": "茨城県つくば市上ノ室２２２８－１", "緯度": 36.084248, "経度": 140.13008, "url": "https://www.iryou.teikyouseido.mhlw.go.jp/znk-web/juminkanja/S2430/initialize?prefCd=08&kikanCd=2080003603&kikanKbn=2", "url2": "https://nerveblock2022.com", "内容": "宮﨑ペインクリニック内科【2:診療所】【診療科目:内科_ペインクリニック内科】茨城県つくば市上ノ室２２２８－１" }, "geometry": { "type": "Point", "coordinates": [ 140.13008, 36.084248 ] } },
{ "type": "Feature", "properties": { "ID": 822080003604, "正式名称": "ＲＥＪＵ　Ｂｅａｕｔｙ　Ｃｌｉｎｉｃ", "機関区分": 2, "都道府県コード": 8, "市区町村コード": 220, "所在地": "茨城県つくば市研究学園１－２－１５ＡＪ－ＨＩＬＬＳ２階Ｄ", "緯度": 36.084577, "経度": 140.076715, "url": "https://www.iryou.teikyouseido.mhlw.go.jp/znk-web/juminkanja/S2430/initialize?prefCd=08&kikanCd=2080003604&kikanKbn=2", "url2": "https://rejubeautyclinic.jp", "内容": "ＲＥＪＵ　Ｂｅａｕｔｙ　Ｃｌｉｎｉｃ【2:診療所】【診療科目:美容皮膚科】茨城県つくば市研究学園１－２－１５ＡＪ－ＨＩＬＬＳ２階Ｄ" }, "geometry": { "type": "Point", "coordinates": [ 140.076715, 36.084577 ] } },
{ "type": "Feature", "properties": { "ID": 822080003606, "正式名称": "てつか脳神経外科クリニック", "機関区分": 2, "都道府県コード": 8, "市区町村コード": 227, "所在地": "茨城県筑西市二木成１９３０", "緯度": 36.3004, "経度": 139.98068, "url": "https://www.iryou.teikyouseido.mhlw.go.jp/znk-web/juminkanja/S2430/initialize?prefCd=08&kikanCd=2080003606&kikanKbn=2", "url2": "https://tetsuka-nsc.com/", "内容": "てつか脳神経外科クリニック【2:診療所】【診療科目:内科_脳神経外科】茨城県筑西市二木成１９３０" }, "geometry": { "type": "Point", "coordinates": [ 139.98068, 36.3004 ] } },
{ "type": "Feature", "properties": { "ID": 822080003608, "正式名称": "医療法人修英会　つくばみらい遠藤レディースクリニック", "機関区分": 2, "都道府県コード": 8, "市区町村コード": 235, "所在地": "茨城県つくばみらい市富士見ヶ丘１－２８－３", "緯度": 36.005943, "経度": 140.02844, "url": "https://www.iryou.teikyouseido.mhlw.go.jp/znk-web/juminkanja/S2430/initialize?prefCd=08&kikanCd=2080003608&kikanKbn=2", "url2": "https://tsukubamirai-endo-ladies.com/", "内容": "医療法人修英会　つくばみらい遠藤レディースクリニック【2:診療所】【診療科目:乳腺外科_小児科_産婦人科】茨城県つくばみらい市富士見ヶ丘１－２８－３" }, "geometry": { "type": "Point", "coordinates": [ 140.02844, 36.005943 ] } },
{ "type": "Feature", "properties": { "ID": 822080003609, "正式名称": "絹の台なかむら整形外科", "機関区分": 2, "都道府県コード": 8, "市区町村コード": 235, "所在地": "茨城県つくばみらい市絹の台３−２２−７", "緯度": 35.979661, "経度": 139.982142, "url": "https://www.iryou.teikyouseido.mhlw.go.jp/znk-web/juminkanja/S2430/initialize?prefCd=08&kikanCd=2080003609&kikanKbn=2", "url2": null, "内容": "絹の台なかむら整形外科【2:診療所】【診療科目:整形外科】茨城県つくばみらい市絹の台３−２２−７" }, "geometry": { "type": "Point", "coordinates": [ 139.982142, 35.979661 ] } },
{ "type": "Feature", "properties": { "ID": 822080003611, "正式名称": "医療法人社団小沢眼科会神栖診療所", "機関区分": 2, "都道府県コード": 8, "市区町村コード": 232, "所在地": "茨城県神栖市平泉１－５", "緯度": 35.912285, "経度": 140.642174, "url": "https://www.iryou.teikyouseido.mhlw.go.jp/znk-web/juminkanja/S2430/initialize?prefCd=08&kikanCd=2080003611&kikanKbn=2", "url2": null, "内容": "医療法人社団小沢眼科会神栖診療所【2:診療所】【診療科目:眼科】茨城県神栖市平泉１－５" }, "geometry": { "type": "Point", "coordinates": [ 140.642174, 35.912285 ] } },
{ "type": "Feature", "properties": { "ID": 822080003616, "正式名称": "わかすぎ整形外科・手の外科クリニック", "機関区分": 2, "都道府県コード": 8, "市区町村コード": 220, "所在地": "茨城県つくば市島名２７１７番地１", "緯度": 36.06897, "経度": 140.04982, "url": "https://www.iryou.teikyouseido.mhlw.go.jp/znk-web/juminkanja/S2430/initialize?prefCd=08&kikanCd=2080003616&kikanKbn=2", "url2": "https://wakasugi-seikei.com", "内容": "わかすぎ整形外科・手の外科クリニック【2:診療所】【診療科目:整形外科_リハビリテーション科】茨城県つくば市島名２７１７番地１" }, "geometry": { "type": "Point", "coordinates": [ 140.04982, 36.06897 ] } },
{ "type": "Feature", "properties": { "ID": 822080003625, "正式名称": "はせがわこどもクリニック", "機関区分": 2, "都道府県コード": 8, "市区町村コード": 204, "所在地": "茨城県古河市下辺見４８６－１", "緯度": 36.171016, "経度": 139.732764, "url": "https://www.iryou.teikyouseido.mhlw.go.jp/znk-web/juminkanja/S2430/initialize?prefCd=08&kikanCd=2080003625&kikanKbn=2", "url2": "https://hasegawa-kodomo-koga.jp/", "内容": "はせがわこどもクリニック【2:診療所】【診療科目:小児科_アレルギー科】茨城県古河市下辺見４８６－１" }, "geometry": { "type": "Point", "coordinates": [ 139.732764, 36.171016 ] } },
{ "type": "Feature", "properties": { "ID": 822080003629, "正式名称": "医療法人慶友会　伊奈クリック", "機関区分": 2, "都道府県コード": 8, "市区町村コード": 235, "所在地": "茨城県つくばみらい市板橋２２４３－１", "緯度": 35.98635, "経度": 140.055631, "url": "https://www.iryou.teikyouseido.mhlw.go.jp/znk-web/juminkanja/S2430/initialize?prefCd=08&kikanCd=2080003629&kikanKbn=2", "url2": "https://keiyu.or.jp/ina/", "内容": "医療法人慶友会　伊奈クリック【2:診療所】【診療科目:内科_小児科】茨城県つくばみらい市板橋２２４３－１" }, "geometry": { "type": "Point", "coordinates": [ 140.055631, 35.98635 ] } },
{ "type": "Feature", "properties": { "ID": 822080003632, "正式名称": "医療法人あい友会　あいつくばクリニック", "機関区分": 2, "都道府県コード": 8, "市区町村コード": 220, "所在地": "茨城県つくば市下広岡１０５４ー４３", "緯度": 36.058997, "経度": 140.151451, "url": "https://www.iryou.teikyouseido.mhlw.go.jp/znk-web/juminkanja/S2430/initialize?prefCd=08&kikanCd=2080003632&kikanKbn=2", "url2": "https://tsukuba.aiyu-kai.or.jp/", "内容": "医療法人あい友会　あいつくばクリニック【2:診療所】【診療科目:内科_外科_皮膚科】茨城県つくば市下広岡１０５４ー４３" }, "geometry": { "type": "Point", "coordinates": [ 140.151451, 36.058997 ] } },
{ "type": "Feature", "properties": { "ID": 822080003635, "正式名称": "みどりのこどもクリニック", "機関区分": 2, "都道府県コード": 8, "市区町村コード": 220, "所在地": "茨城県つくば市みどりの１－２－８", "緯度": 36.030846, "経度": 140.055217, "url": "https://www.iryou.teikyouseido.mhlw.go.jp/znk-web/juminkanja/S2430/initialize?prefCd=08&kikanCd=2080003635&kikanKbn=2", "url2": "https://midorino-kids.com/", "内容": "みどりのこどもクリニック【2:診療所】【診療科目:内科_小児科】茨城県つくば市みどりの１－２－８" }, "geometry": { "type": "Point", "coordinates": [ 140.055217, 36.030846 ] } },
{ "type": "Feature", "properties": { "ID": 822080003638, "正式名称": "すずらん整形＆ラボ", "機関区分": 2, "都道府県コード": 8, "市区町村コード": 220, "所在地": "茨城県つくば市東平塚７２７－１", "緯度": 36.094631, "経度": 140.095235, "url": "https://www.iryou.teikyouseido.mhlw.go.jp/znk-web/juminkanja/S2430/initialize?prefCd=08&kikanCd=2080003638&kikanKbn=2", "url2": "https://www.suzuran-lab.com/", "内容": "すずらん整形＆ラボ【2:診療所】【診療科目:整形外科_リハビリテーション科】茨城県つくば市東平塚７２７－１" }, "geometry": { "type": "Point", "coordinates": [ 140.095235, 36.094631 ] } },
{ "type": "Feature", "properties": { "ID": 822080003639, "正式名称": "医療法人社団成美会　みなみ友部クリニック", "機関区分": 2, "都道府県コード": 8, "市区町村コード": 216, "所在地": "茨城県笠間市南友部１９５５番地１", "緯度": 36.355631, "経度": 140.308393, "url": "https://www.iryou.teikyouseido.mhlw.go.jp/znk-web/juminkanja/S2430/initialize?prefCd=08&kikanCd=2080003639&kikanKbn=2", "url2": "https://seibikai.jp.net/minamitomobe/", "内容": "医療法人社団成美会　みなみ友部クリニック【2:診療所】【診療科目:内科_人工透析内科】茨城県笠間市南友部１９５５番地１" }, "geometry": { "type": "Point", "coordinates": [ 140.308393, 36.355631 ] } },
{ "type": "Feature", "properties": { "ID": 822080003640, "正式名称": "もりや胃腸・肛門・内視鏡クリニック", "機関区分": 2, "都道府県コード": 8, "市区町村コード": 224, "所在地": "茨城県守谷市中央２−１６−１アワーズもりや２階", "緯度": 35.951536, "経度": 139.993184, "url": "https://www.iryou.teikyouseido.mhlw.go.jp/znk-web/juminkanja/S2430/initialize?prefCd=08&kikanCd=2080003640&kikanKbn=2", "url2": "https://moriya-gipro.com/", "内容": "もりや胃腸・肛門・内視鏡クリニック【2:診療所】【診療科目:消化器内科_肛門外科】茨城県守谷市中央２−１６−１アワーズもりや２階" }, "geometry": { "type": "Point", "coordinates": [ 139.993184, 35.951536 ] } },
{ "type": "Feature", "properties": { "ID": 822080003646, "正式名称": "ＮＡＲＵ　Ｂｅａｕｔｙ　Ｃｌｉｎｉｃ　水戸院", "機関区分": 2, "都道府県コード": 8, "市区町村コード": 201, "所在地": "茨城県水戸市宮町１－１－１水戸駅ビル　エクセル本館５階", "緯度": 36.371042, "経度": 140.475936, "url": "https://www.iryou.teikyouseido.mhlw.go.jp/znk-web/juminkanja/S2430/initialize?prefCd=08&kikanCd=2080003646&kikanKbn=2", "url2": "https://naruclinic-mito.jp/", "内容": "ＮＡＲＵ　Ｂｅａｕｔｙ　Ｃｌｉｎｉｃ　水戸院【2:診療所】【診療科目:美容外科_美容皮膚科】茨城県水戸市宮町１－１－１水戸駅ビル　エクセル本館５階" }, "geometry": { "type": "Point", "coordinates": [ 140.475936, 36.371042 ] } },
{ "type": "Feature", "properties": { "ID": 822080003648, "正式名称": "はら整形外科リハビリクリニック", "機関区分": 2, "都道府県コード": 8, "市区町村コード": 227, "所在地": "茨城県筑西市榎生１－２－８", "緯度": 36.297392, "経度": 139.98274, "url": "https://www.iryou.teikyouseido.mhlw.go.jp/znk-web/juminkanja/S2430/initialize?prefCd=08&kikanCd=2080003648&kikanKbn=2", "url2": "hara-ortho.com", "内容": "はら整形外科リハビリクリニック【2:診療所】【診療科目:整形外科_リウマチ科_リハビリテーション科】茨城県筑西市榎生１－２－８" }, "geometry": { "type": "Point", "coordinates": [ 139.98274, 36.297392 ] } },
{ "type": "Feature", "properties": { "ID": 822080003649, "正式名称": "水戸市保健所", "機関区分": 2, "都道府県コード": 8, "市区町村コード": 201, "所在地": "茨城県水戸市笠原町９９３－１３", "緯度": 36.35287, "経度": 140.458246, "url": "https://www.iryou.teikyouseido.mhlw.go.jp/znk-web/juminkanja/S2430/initialize?prefCd=08&kikanCd=2080003649&kikanKbn=2", "url2": "https://www.city.mito.lg.jp/page/19620.html", "内容": "水戸市保健所【2:診療所】【診療科目:内科_精神科】茨城県水戸市笠原町９９３－１３" }, "geometry": { "type": "Point", "coordinates": [ 140.458246, 36.35287 ] } },
{ "type": "Feature", "properties": { "ID": 82208310017, "正式名称": "原田医院", "機関区分": 2, "都道府県コード": 8, "市区町村コード": 201, "所在地": "茨城県水戸市内原町８４７－５", "緯度": 36.368596, "経度": 140.353708, "url": "https://www.iryou.teikyouseido.mhlw.go.jp/znk-web/juminkanja/S2430/initialize?prefCd=08&kikanCd=208310017&kikanKbn=2", "url2": null, "内容": "原田医院【2:診療所】【診療科目:内科_呼吸器内科】茨城県水戸市内原町８４７－５" }, "geometry": { "type": "Point", "coordinates": [ 140.353708, 36.368596 ] } },
{ "type": "Feature", "properties": { "ID": 82208310277, "正式名称": "ひろこレディースクリニック", "機関区分": 2, "都道府県コード": 8, "市区町村コード": 201, "所在地": "茨城県水戸市宮町１ー２ー４マイムビル４階", "緯度": 36.371504, "経度": 140.477297, "url": "https://www.iryou.teikyouseido.mhlw.go.jp/znk-web/juminkanja/S2430/initialize?prefCd=08&kikanCd=208310277&kikanKbn=2", "url2": null, "内容": "ひろこレディースクリニック【2:診療所】【診療科目:産科_婦人科】茨城県水戸市宮町１ー２ー４マイムビル４階" }, "geometry": { "type": "Point", "coordinates": [ 140.477297, 36.371504 ] } },
{ "type": "Feature", "properties": { "ID": 82208310307, "正式名称": "おおぬきＡＲＴクリニック水戸", "機関区分": 2, "都道府県コード": 8, "市区町村コード": 201, "所在地": "茨城県水戸市三の丸３－１１－１", "緯度": 36.37067, "経度": 140.486174, "url": "https://www.iryou.teikyouseido.mhlw.go.jp/znk-web/juminkanja/S2430/initialize?prefCd=08&kikanCd=208310307&kikanKbn=2", "url2": "https://onuki-art.jp/", "内容": "おおぬきＡＲＴクリニック水戸【2:診療所】【診療科目:婦人科_産婦人科（生殖医療）】茨城県水戸市三の丸３－１１－１" }, "geometry": { "type": "Point", "coordinates": [ 140.486174, 36.37067 ] } },
{ "type": "Feature", "properties": { "ID": 82208310408, "正式名称": "クエストリウマチ膠原病内科クリニック", "機関区分": 2, "都道府県コード": 8, "市区町村コード": 201, "所在地": "茨城県水戸市宮町１－２－４ＭＹＭビル４階", "緯度": 36.371406, "経度": 140.476867, "url": "https://www.iryou.teikyouseido.mhlw.go.jp/znk-web/juminkanja/S2430/initialize?prefCd=08&kikanCd=208310408&kikanKbn=2", "url2": "https://www.clinic-quest.com/", "内容": "クエストリウマチ膠原病内科クリニック【2:診療所】【診療科目:内科_皮膚科_リウマチ科】茨城県水戸市宮町１－２－４ＭＹＭビル４階" }, "geometry": { "type": "Point", "coordinates": [ 140.476867, 36.371406 ] } },
{ "type": "Feature", "properties": { "ID": 82208310453, "正式名称": "在宅緩和ケア　もみのき診療所", "機関区分": 2, "都道府県コード": 8, "市区町村コード": 201, "所在地": "茨城県水戸市新荘１ー５ー１９", "緯度": 36.383209, "経度": 140.451984, "url": "https://www.iryou.teikyouseido.mhlw.go.jp/znk-web/juminkanja/S2430/initialize?prefCd=08&kikanCd=208310453&kikanKbn=2", "url2": "https://mominoki-hmc.com", "内容": "在宅緩和ケア　もみのき診療所【2:診療所】【診療科目:漢方内科_疼痛緩和内科_老年精神科】茨城県水戸市新荘１ー５ー１９" }, "geometry": { "type": "Point", "coordinates": [ 140.451984, 36.383209 ] } },
{ "type": "Feature", "properties": { "ID": 82208310567, "正式名称": "医療法人社団正定会廣瀬クリニック", "機関区分": 2, "都道府県コード": 8, "市区町村コード": 201, "所在地": "茨城県水戸市小吹町２３２９－１", "緯度": 36.347052, "経度": 140.436286, "url": "https://www.iryou.teikyouseido.mhlw.go.jp/znk-web/juminkanja/S2430/initialize?prefCd=08&kikanCd=208310567&kikanKbn=2", "url2": "https://www.shoujyoukai.com/", "内容": "医療法人社団正定会廣瀬クリニック【2:診療所】【診療科目:内科_神経内科_精神科_心療内科】茨城県水戸市小吹町２３２９－１" }, "geometry": { "type": "Point", "coordinates": [ 140.436286, 36.347052 ] } },
{ "type": "Feature", "properties": { "ID": 82208310583, "正式名称": "スリールクリニック", "機関区分": 2, "都道府県コード": 8, "市区町村コード": 201, "所在地": "茨城県水戸市松本町１ー３", "緯度": 36.389683, "経度": 140.456156, "url": "https://www.iryou.teikyouseido.mhlw.go.jp/znk-web/juminkanja/S2430/initialize?prefCd=08&kikanCd=208310583&kikanKbn=2", "url2": null, "内容": "スリールクリニック【2:診療所】【診療科目:内科_精神科】茨城県水戸市松本町１ー３" }, "geometry": { "type": "Point", "coordinates": [ 140.456156, 36.389683 ] } },
{ "type": "Feature", "properties": { "ID": 82208310668, "正式名称": "医療法人山口クリニック", "機関区分": 2, "都道府県コード": 8, "市区町村コード": 201, "所在地": "茨城県水戸市河和田１－１６４０－１", "緯度": 36.374284, "経度": 140.411365, "url": "https://www.iryou.teikyouseido.mhlw.go.jp/znk-web/juminkanja/S2430/initialize?prefCd=08&kikanCd=208310668&kikanKbn=2", "url2": null, "内容": "医療法人山口クリニック【2:診療所】【診療科目:内科_泌尿器科】茨城県水戸市河和田１－１６４０－１" }, "geometry": { "type": "Point", "coordinates": [ 140.411365, 36.374284 ] } },
{ "type": "Feature", "properties": { "ID": 82208310701, "正式名称": "つなぐ皮膚科・形成外科", "機関区分": 2, "都道府県コード": 8, "市区町村コード": 201, "所在地": "茨城県水戸市内原町１４０６－１１", "緯度": 36.362824, "経度": 140.354499, "url": "https://www.iryou.teikyouseido.mhlw.go.jp/znk-web/juminkanja/S2430/initialize?prefCd=08&kikanCd=208310701&kikanKbn=2", "url2": "https://www.tng-derm.jp/access", "内容": "つなぐ皮膚科・形成外科【2:診療所】【診療科目:形成外科_皮膚科】茨城県水戸市内原町１４０６－１１" }, "geometry": { "type": "Point", "coordinates": [ 140.354499, 36.362824 ] } },
{ "type": "Feature", "properties": { "ID": 82208310802, "正式名称": "かわわだクリニック", "機関区分": 2, "都道府県コード": 8, "市区町村コード": 201, "所在地": "茨城県水戸市河和田町４３８２－５６", "緯度": 36.358311, "経度": 140.39438, "url": "https://www.iryou.teikyouseido.mhlw.go.jp/znk-web/juminkanja/S2430/initialize?prefCd=08&kikanCd=208310802&kikanKbn=2", "url2": "https://kawawada-clinic.com", "内容": "かわわだクリニック【2:診療所】【診療科目:内科_消化器内科_外科_乳腺外科_肛門外科】茨城県水戸市河和田町４３８２－５６" }, "geometry": { "type": "Point", "coordinates": [ 140.39438, 36.358311 ] } },
{ "type": "Feature", "properties": { "ID": 82208310831, "正式名称": "サポートクリニック", "機関区分": 2, "都道府県コード": 8, "市区町村コード": 201, "所在地": "茨城県水戸市元台町１５００番地　ウィン・マナー３０５号", "緯度": 36.355722, "経度": 140.481345, "url": "https://www.iryou.teikyouseido.mhlw.go.jp/znk-web/juminkanja/S2430/initialize?prefCd=08&kikanCd=208310831&kikanKbn=2", "url2": null, "内容": "サポートクリニック【2:診療所】【診療科目:内科】茨城県水戸市元台町１５００番地　ウィン・マナー３０５号" }, "geometry": { "type": "Point", "coordinates": [ 140.481345, 36.355722 ] } },
{ "type": "Feature", "properties": { "ID": 82208310903, "正式名称": "花小路診療所", "機関区分": 2, "都道府県コード": 8, "市区町村コード": 201, "所在地": "茨城県水戸市新荘３－５－６", "緯度": 36.386206, "経度": 140.454412, "url": "https://www.iryou.teikyouseido.mhlw.go.jp/znk-web/juminkanja/S2430/initialize?prefCd=08&kikanCd=208310903&kikanKbn=2", "url2": "https://www.hananokoji.com", "内容": "花小路診療所【2:診療所】【診療科目:内科_呼吸器内科】茨城県水戸市新荘３－５－６" }, "geometry": { "type": "Point", "coordinates": [ 140.454412, 36.386206 ] } },
{ "type": "Feature", "properties": { "ID": 82208310929, "正式名称": "ＴＣＢ　東京中央美容外科・ＴＣＢ　スキンクリニック　水戸院", "機関区分": 2, "都道府県コード": 8, "市区町村コード": 201, "所在地": "茨城県水戸市宮町１－７－３３水戸サウスタワー６階", "緯度": 36.370192, "経度": 140.475594, "url": "https://www.iryou.teikyouseido.mhlw.go.jp/znk-web/juminkanja/S2430/initialize?prefCd=08&kikanCd=208310929&kikanKbn=2", "url2": "https://aoki-tsuyoshi.com/", "内容": "ＴＣＢ　東京中央美容外科・ＴＣＢ　スキンクリニック　水戸院【2:診療所】【診療科目:形成外科_美容外科_皮膚科_美容皮膚科】茨城県水戸市宮町１－７－３３水戸サウスタワー６階" }, "geometry": { "type": "Point", "coordinates": [ 140.475594, 36.370192 ] } },
{ "type": "Feature", "properties": { "ID": 82208311043, "正式名称": "かしろ整形外科・内科クリニック", "機関区分": 2, "都道府県コード": 8, "市区町村コード": 201, "所在地": "茨城県水戸市平須町１８２８－２６", "緯度": 36.331215, "経度": 140.44206, "url": "https://www.iryou.teikyouseido.mhlw.go.jp/znk-web/juminkanja/S2430/initialize?prefCd=08&kikanCd=208311043&kikanKbn=2", "url2": "https://kashiro-cl.com/", "内容": "かしろ整形外科・内科クリニック【2:診療所】【診療科目:内科_循環器内科_消化器内科_整形外科_小児科】茨城県水戸市平須町１８２８－２６" }, "geometry": { "type": "Point", "coordinates": [ 140.44206, 36.331215 ] } },
{ "type": "Feature", "properties": { "ID": 82208311333, "正式名称": "社会福祉法人尚生会　グリーン整形外科", "機関区分": 2, "都道府県コード": 8, "市区町村コード": 201, "所在地": "茨城県水戸市河和田町８２１－１", "緯度": 36.368904, "経度": 140.416964, "url": "https://www.iryou.teikyouseido.mhlw.go.jp/znk-web/juminkanja/S2430/initialize?prefCd=08&kikanCd=208311333&kikanKbn=2", "url2": "http://www.shoseikai.com", "内容": "社会福祉法人尚生会　グリーン整形外科【2:診療所】【診療科目:整形外科_リハビリテーション科】茨城県水戸市河和田町８２１－１" }, "geometry": { "type": "Point", "coordinates": [ 140.416964, 36.368904 ] } },
{ "type": "Feature", "properties": { "ID": 82208311489, "正式名称": "黒澤腎臓内科クリニック", "機関区分": 2, "都道府県コード": 8, "市区町村コード": 201, "所在地": "茨城県水戸市笠原町１７９７－２", "緯度": 36.343872, "経度": 140.45326, "url": "https://www.iryou.teikyouseido.mhlw.go.jp/znk-web/juminkanja/S2430/initialize?prefCd=08&kikanCd=208311489&kikanKbn=2", "url2": "https://k-nephro-cl.com", "内容": "黒澤腎臓内科クリニック【2:診療所】【診療科目:内科_腎臓内科_人工透析内科】茨城県水戸市笠原町１７９７－２" }, "geometry": { "type": "Point", "coordinates": [ 140.45326, 36.343872 ] } },
{ "type": "Feature", "properties": { "ID": 82208311492, "正式名称": "とうまえ内科クリニック", "機関区分": 2, "都道府県コード": 8, "市区町村コード": 201, "所在地": "茨城県水戸市東前１－２０６", "緯度": 36.341072, "経度": 140.532514, "url": "https://www.iryou.teikyouseido.mhlw.go.jp/znk-web/juminkanja/S2430/initialize?prefCd=08&kikanCd=208311492&kikanKbn=2", "url2": "https://www.toumae-clinic.jp/", "内容": "とうまえ内科クリニック【2:診療所】【診療科目:内科_消化器内科】茨城県水戸市東前１－２０６" }, "geometry": { "type": "Point", "coordinates": [ 140.532514, 36.341072 ] } },
{ "type": "Feature", "properties": { "ID": 82208510022, "正式名称": "青木医院", "機関区分": 2, "都道府県コード": 8, "市区町村コード": 201, "所在地": "茨城県水戸市本町３－４－７", "緯度": 36.365104, "経度": 140.494176, "url": "https://www.iryou.teikyouseido.mhlw.go.jp/znk-web/juminkanja/S2430/initialize?prefCd=08&kikanCd=208510022&kikanKbn=2", "url2": "http://www.aoki-mc.com", "内容": "青木医院【2:診療所】【診療科目:内科_産婦人科】茨城県水戸市本町３－４－７" }, "geometry": { "type": "Point", "coordinates": [ 140.494176, 36.365104 ] } },
{ "type": "Feature", "properties": { "ID": 82208510093, "正式名称": "飯田内科医院", "機関区分": 2, "都道府県コード": 8, "市区町村コード": 201, "所在地": "茨城県水戸市本町２－１０－１０", "緯度": 36.363938, "経度": 140.491241, "url": "https://www.iryou.teikyouseido.mhlw.go.jp/znk-web/juminkanja/S2430/initialize?prefCd=08&kikanCd=208510093&kikanKbn=2", "url2": null, "内容": "飯田内科医院【2:診療所】【診療科目:内科_循環器内科】茨城県水戸市本町２－１０－１０" }, "geometry": { "type": "Point", "coordinates": [ 140.491241, 36.363938 ] } },
{ "type": "Feature", "properties": { "ID": 82208510107, "正式名称": "内科石川医院", "機関区分": 2, "都道府県コード": 8, "市区町村コード": 201, "所在地": "茨城県水戸市緑町１－８－２１", "緯度": 36.379915, "経度": 140.452218, "url": "https://www.iryou.teikyouseido.mhlw.go.jp/znk-web/juminkanja/S2430/initialize?prefCd=08&kikanCd=208510107&kikanKbn=2", "url2": null, "内容": "内科石川医院【2:診療所】【診療科目:内科】茨城県水戸市緑町１－８－２１" }, "geometry": { "type": "Point", "coordinates": [ 140.452218, 36.379915 ] } },
{ "type": "Feature", "properties": { "ID": 82208510110, "正式名称": "公益財団法人報恩会　石崎病院附属緑町クリニック", "機関区分": 2, "都道府県コード": 8, "市区町村コード": 201, "所在地": "茨城県水戸市緑町３丁目５番４４号", "緯度": 36.381541, "経度": 140.447103, "url": "https://www.iryou.teikyouseido.mhlw.go.jp/znk-web/juminkanja/S2430/initialize?prefCd=08&kikanCd=208510110&kikanKbn=2", "url2": "http://www.ishizaki-hp.jp/", "内容": "公益財団法人報恩会　石崎病院附属緑町クリニック【2:診療所】【診療科目:精神科】茨城県水戸市緑町３丁目５番４４号" }, "geometry": { "type": "Point", "coordinates": [ 140.447103, 36.381541 ] } },
{ "type": "Feature", "properties": { "ID": 82208510123, "正式名称": "石田外科医院", "機関区分": 2, "都道府県コード": 8, "市区町村コード": 201, "所在地": "茨城県水戸市東原２－７－３９", "緯度": 36.381389, "経度": 140.446944, "url": "https://www.iryou.teikyouseido.mhlw.go.jp/znk-web/juminkanja/S2430/initialize?prefCd=08&kikanCd=208510123&kikanKbn=2", "url2": null, "内容": "石田外科医院【2:診療所】【診療科目:胃腸内科_外科_放射線科】茨城県水戸市東原２－７－３９" }, "geometry": { "type": "Point", "coordinates": [ 140.446944, 36.381389 ] } },
{ "type": "Feature", "properties": { "ID": 82208510208, "正式名称": "岩間産婦人科", "機関区分": 2, "都道府県コード": 8, "市区町村コード": 201, "所在地": "茨城県水戸市末広町２－３－３８", "緯度": 36.390336, "経度": 140.454785, "url": "https://www.iryou.teikyouseido.mhlw.go.jp/znk-web/juminkanja/S2430/initialize?prefCd=08&kikanCd=208510208&kikanKbn=2", "url2": "https://www.iwama-sanfujinka.com", "内容": "岩間産婦人科【2:診療所】【診療科目:内科_産婦人科_麻酔科】茨城県水戸市末広町２－３－３８" }, "geometry": { "type": "Point", "coordinates": [ 140.454785, 36.390336 ] } },
{ "type": "Feature", "properties": { "ID": 82208510211, "正式名称": "植野産婦人科医院", "機関区分": 2, "都道府県コード": 8, "市区町村コード": 201, "所在地": "茨城県水戸市五軒町２－３－７", "緯度": 36.382239, "経度": 140.463226, "url": "https://www.iryou.teikyouseido.mhlw.go.jp/znk-web/juminkanja/S2430/initialize?prefCd=08&kikanCd=208510211&kikanKbn=2", "url2": "http://www.ueno-mc.or.jp/", "内容": "植野産婦人科医院【2:診療所】【診療科目:産婦人科】茨城県水戸市五軒町２－３－７" }, "geometry": { "type": "Point", "coordinates": [ 140.463226, 36.382239 ] } },
{ "type": "Feature", "properties": { "ID": 82208510224, "正式名称": "内田耳鼻咽喉科医院", "機関区分": 2, "都道府県コード": 8, "市区町村コード": 201, "所在地": "茨城県水戸市新荘１－３－１５", "緯度": 36.382367, "経度": 140.453712, "url": "https://www.iryou.teikyouseido.mhlw.go.jp/znk-web/juminkanja/S2430/initialize?prefCd=08&kikanCd=208510224&kikanKbn=2", "url2": null, "内容": "内田耳鼻咽喉科医院【2:診療所】【診療科目:耳鼻いんこう科】茨城県水戸市新荘１－３－１５" }, "geometry": { "type": "Point", "coordinates": [ 140.453712, 36.382367 ] } },
{ "type": "Feature", "properties": { "ID": 82208510686, "正式名称": "野寺内科医院", "機関区分": 2, "都道府県コード": 8, "市区町村コード": 201, "所在地": "茨城県水戸市石川４－４０３３－７", "緯度": 36.389156, "経度": 140.420389, "url": "https://www.iryou.teikyouseido.mhlw.go.jp/znk-web/juminkanja/S2430/initialize?prefCd=08&kikanCd=208510686&kikanKbn=2", "url2": null, "内容": "野寺内科医院【2:診療所】【診療科目:内科_呼吸器内科】茨城県水戸市石川４－４０３３－７" }, "geometry": { "type": "Point", "coordinates": [ 140.420389, 36.389156 ] } },
{ "type": "Feature", "properties": { "ID": 82208510699, "正式名称": "林整形外科医院", "機関区分": 2, "都道府県コード": 8, "市区町村コード": 201, "所在地": "茨城県水戸市浜田２−１１−１１", "緯度": 36.367584, "経度": 140.501519, "url": "https://www.iryou.teikyouseido.mhlw.go.jp/znk-web/juminkanja/S2430/initialize?prefCd=08&kikanCd=208510699&kikanKbn=2", "url2": null, "内容": "林整形外科医院【2:診療所】【診療科目:整形外科】茨城県水戸市浜田２−１１−１１" }, "geometry": { "type": "Point", "coordinates": [ 140.501519, 36.367584 ] } },
{ "type": "Feature", "properties": { "ID": 82208510804, "正式名称": "宮本小児科医院", "機関区分": 2, "都道府県コード": 8, "市区町村コード": 201, "所在地": "茨城県水戸市千波町３７５−５", "緯度": 36.363638, "経度": 140.458693, "url": "https://www.iryou.teikyouseido.mhlw.go.jp/znk-web/juminkanja/S2430/initialize?prefCd=08&kikanCd=208510804&kikanKbn=2", "url2": "http://www.ne.jp/asahi/senba/mimi/", "内容": "宮本小児科医院【2:診療所】【診療科目:内科_小児科_アレルギー科】茨城県水戸市千波町３７５−５" }, "geometry": { "type": "Point", "coordinates": [ 140.458693, 36.363638 ] } },
{ "type": "Feature", "properties": { "ID": 82208510833, "正式名称": "柳橋整形外科医院", "機関区分": 2, "都道府県コード": 8, "市区町村コード": 201, "所在地": "茨城県水戸市城東５－８－３１", "緯度": 36.376788, "経度": 140.499924, "url": "https://www.iryou.teikyouseido.mhlw.go.jp/znk-web/juminkanja/S2430/initialize?prefCd=08&kikanCd=208510833&kikanKbn=2", "url2": null, "内容": "柳橋整形外科医院【2:診療所】【診療科目:内科_整形外科_皮膚科】茨城県水戸市城東５－８－３１" }, "geometry": { "type": "Point", "coordinates": [ 140.499924, 36.376788 ] } },
{ "type": "Feature", "properties": { "ID": 82208511029, "正式名称": "神保内科小児科医院", "機関区分": 2, "都道府県コード": 8, "市区町村コード": 201, "所在地": "茨城県水戸市堀町９５４－６", "緯度": 36.403513, "経度": 140.431862, "url": "https://www.iryou.teikyouseido.mhlw.go.jp/znk-web/juminkanja/S2430/initialize?prefCd=08&kikanCd=208511029&kikanKbn=2", "url2": null, "内容": "神保内科小児科医院【2:診療所】【診療科目:内科_小児科】茨城県水戸市堀町９５４－６" }, "geometry": { "type": "Point", "coordinates": [ 140.431862, 36.403513 ] } },
{ "type": "Feature", "properties": { "ID": 82208511087, "正式名称": "鈴木産婦人科医院", "機関区分": 2, "都道府県コード": 8, "市区町村コード": 201, "所在地": "茨城県水戸市東台１－１０－１９", "緯度": 36.367961, "経度": 140.493558, "url": "https://www.iryou.teikyouseido.mhlw.go.jp/znk-web/juminkanja/S2430/initialize?prefCd=08&kikanCd=208511087&kikanKbn=2", "url2": null, "内容": "鈴木産婦人科医院【2:診療所】【診療科目:産婦人科】茨城県水戸市東台１－１０－１９" }, "geometry": { "type": "Point", "coordinates": [ 140.493558, 36.367961 ] } },
{ "type": "Feature", "properties": { "ID": 82208511104, "正式名称": "医療法人弘寿会　石島整形外科医院", "機関区分": 2, "都道府県コード": 8, "市区町村コード": 201, "所在地": "茨城県水戸市青柳町５０５", "緯度": 36.389182, "経度": 140.476878, "url": "https://www.iryou.teikyouseido.mhlw.go.jp/znk-web/juminkanja/S2430/initialize?prefCd=08&kikanCd=208511104&kikanKbn=2", "url2": "http://ishijima-orth.com", "内容": "医療法人弘寿会　石島整形外科医院【2:診療所】【診療科目:内科_整形外科_リハビリテーション科】茨城県水戸市青柳町５０５" }, "geometry": { "type": "Point", "coordinates": [ 140.476878, 36.389182 ] } },
{ "type": "Feature", "properties": { "ID": 82208511117, "正式名称": "林眼科", "機関区分": 2, "都道府県コード": 8, "市区町村コード": 201, "所在地": "茨城県水戸市赤塚１－１９９７－１０３", "緯度": 36.384094, "経度": 140.415887, "url": "https://www.iryou.teikyouseido.mhlw.go.jp/znk-web/juminkanja/S2430/initialize?prefCd=08&kikanCd=208511117&kikanKbn=2", "url2": "https://www.hayashiganka310.com/", "内容": "林眼科【2:診療所】【診療科目:眼科】茨城県水戸市赤塚１－１９９７－１０３" }, "geometry": { "type": "Point", "coordinates": [ 140.415887, 36.384094 ] } },
{ "type": "Feature", "properties": { "ID": 82208511133, "正式名称": "高根耳鼻咽喉科医院", "機関区分": 2, "都道府県コード": 8, "市区町村コード": 201, "所在地": "茨城県水戸市泉町３－７－１", "緯度": 36.379064, "経度": 140.460559, "url": "https://www.iryou.teikyouseido.mhlw.go.jp/znk-web/juminkanja/S2430/initialize?prefCd=08&kikanCd=208511133&kikanKbn=2", "url2": "https://www.takane-Jibika.com", "内容": "高根耳鼻咽喉科医院【2:診療所】【診療科目:耳鼻いんこう科】茨城県水戸市泉町３－７－１" }, "geometry": { "type": "Point", "coordinates": [ 140.460559, 36.379064 ] } },
{ "type": "Feature", "properties": { "ID": 82208511146, "正式名称": "葉梨外科内科", "機関区分": 2, "都道府県コード": 8, "市区町村コード": 201, "所在地": "茨城県水戸市元吉田町３７６－８", "緯度": 36.360904, "経度": 140.475955, "url": "https://www.iryou.teikyouseido.mhlw.go.jp/znk-web/juminkanja/S2430/initialize?prefCd=08&kikanCd=208511146&kikanKbn=2", "url2": "http://hanashi-geka.com/", "内容": "葉梨外科内科【2:診療所】【診療科目:内科_胃腸内科_外科_皮膚科_リハビリテーション科】茨城県水戸市元吉田町３７６－８" }, "geometry": { "type": "Point", "coordinates": [ 140.475955, 36.360904 ] } },
{ "type": "Feature", "properties": { "ID": 82208511188, "正式名称": "水戸共立診療所", "機関区分": 2, "都道府県コード": 8, "市区町村コード": 201, "所在地": "茨城県水戸市平須町１８１９－３４", "緯度": 36.327159, "経度": 140.436721, "url": "https://www.iryou.teikyouseido.mhlw.go.jp/znk-web/juminkanja/S2430/initialize?prefCd=08&kikanCd=208511188&kikanKbn=2", "url2": "http://www.ibaraki-health.coop/kyoritsu/index.html", "内容": "水戸共立診療所【2:診療所】【診療科目:内科_循環器内科_消化器内科_外科_小児科_放射線科】茨城県水戸市平須町１８１９－３４" }, "geometry": { "type": "Point", "coordinates": [ 140.436721, 36.327159 ] } },
{ "type": "Feature", "properties": { "ID": 82208511191, "正式名称": "石井外科内科医院", "機関区分": 2, "都道府県コード": 8, "市区町村コード": 201, "所在地": "茨城県水戸市千波町１３８６－３", "緯度": 36.35714, "経度": 140.469669, "url": "https://www.iryou.teikyouseido.mhlw.go.jp/znk-web/juminkanja/S2430/initialize?prefCd=08&kikanCd=208511191&kikanKbn=2", "url2": "http://ishii-mc/", "内容": "石井外科内科医院【2:診療所】【診療科目:内科_胃腸内科_外科_小児科_小児外科_麻酔科】茨城県水戸市千波町１３８６－３" }, "geometry": { "type": "Point", "coordinates": [ 140.469669, 36.35714 ] } },
{ "type": "Feature", "properties": { "ID": 82208511250, "正式名称": "医療法人社団千甫会高橋外科医院", "機関区分": 2, "都道府県コード": 8, "市区町村コード": 201, "所在地": "茨城県水戸市元吉田町１９８８－２", "緯度": 36.346732, "経度": 140.480378, "url": "https://www.iryou.teikyouseido.mhlw.go.jp/znk-web/juminkanja/S2430/initialize?prefCd=08&kikanCd=208511250&kikanKbn=2", "url2": null, "内容": "医療法人社団千甫会高橋外科医院【2:診療所】【診療科目:内科_胃腸内科_外科_整形外科_皮膚科】茨城県水戸市元吉田町１９８８－２" }, "geometry": { "type": "Point", "coordinates": [ 140.480378, 36.346732 ] } },
{ "type": "Feature", "properties": { "ID": 82208511351, "正式名称": "内科江幡医院", "機関区分": 2, "都道府県コード": 8, "市区町村コード": 201, "所在地": "茨城県水戸市上水戸３－５－２２", "緯度": 36.391926, "経度": 140.450618, "url": "https://www.iryou.teikyouseido.mhlw.go.jp/znk-web/juminkanja/S2430/initialize?prefCd=08&kikanCd=208511351&kikanKbn=2", "url2": null, "内容": "内科江幡医院【2:診療所】【診療科目:内科_神経内科】茨城県水戸市上水戸３－５－２２" }, "geometry": { "type": "Point", "coordinates": [ 140.450618, 36.391926 ] } },
{ "type": "Feature", "properties": { "ID": 82208511380, "正式名称": "医療法人五十嵐小児科医院", "機関区分": 2, "都道府県コード": 8, "市区町村コード": 201, "所在地": "茨城県水戸市笠原町１６７０－１", "緯度": 36.336219, "経度": 140.442465, "url": "https://www.iryou.teikyouseido.mhlw.go.jp/znk-web/juminkanja/S2430/initialize?prefCd=08&kikanCd=208511380&kikanKbn=2", "url2": "https://igarashi-children.or.jp/", "内容": "医療法人五十嵐小児科医院【2:診療所】【診療科目:小児科】茨城県水戸市笠原町１６７０－１" }, "geometry": { "type": "Point", "coordinates": [ 140.442465, 36.336219 ] } },
{ "type": "Feature", "properties": { "ID": 82208511494, "正式名称": "立枝内科", "機関区分": 2, "都道府県コード": 8, "市区町村コード": 201, "所在地": "茨城県水戸市青柳町３７３５", "緯度": 36.398609, "経度": 140.478353, "url": "https://www.iryou.teikyouseido.mhlw.go.jp/znk-web/juminkanja/S2430/initialize?prefCd=08&kikanCd=208511494&kikanKbn=2", "url2": null, "内容": "立枝内科【2:診療所】【診療科目:内科_呼吸器内科_循環器内科_胃腸内科_放射線科】茨城県水戸市青柳町３７３５" }, "geometry": { "type": "Point", "coordinates": [ 140.478353, 36.398609 ] } },
{ "type": "Feature", "properties": { "ID": 82208511511, "正式名称": "上甲医院", "機関区分": 2, "都道府県コード": 8, "市区町村コード": 201, "所在地": "茨城県水戸市本町", "緯度": 36.366342, "経度": 140.49366, "url": "https://www.iryou.teikyouseido.mhlw.go.jp/znk-web/juminkanja/S2430/initialize?prefCd=08&kikanCd=208511511&kikanKbn=2", "url2": "http://www.joko-clinic.com", "内容": "上甲医院【2:診療所】【診療科目:内科_外科】茨城県水戸市本町" }, "geometry": { "type": "Point", "coordinates": [ 140.49366, 36.366342 ] } },
{ "type": "Feature", "properties": { "ID": 82208511654, "正式名称": "石川クリニック", "機関区分": 2, "都道府県コード": 8, "市区町村コード": 201, "所在地": "茨城県水戸市東赤塚２１２３", "緯度": 36.385144, "経度": 140.430286, "url": "https://www.iryou.teikyouseido.mhlw.go.jp/znk-web/juminkanja/S2430/initialize?prefCd=08&kikanCd=208511654&kikanKbn=2", "url2": null, "内容": "石川クリニック【2:診療所】【診療科目:内科_小児科】茨城県水戸市東赤塚２１２３" }, "geometry": { "type": "Point", "coordinates": [ 140.430286, 36.385144 ] } },
{ "type": "Feature", "properties": { "ID": 82208511696, "正式名称": "医療法人田中内科医院", "機関区分": 2, "都道府県コード": 8, "市区町村コード": 201, "所在地": "茨城県水戸市千波町２２６７－２", "緯度": 36.354235, "経度": 140.441867, "url": "https://www.iryou.teikyouseido.mhlw.go.jp/znk-web/juminkanja/S2430/initialize?prefCd=08&kikanCd=208511696&kikanKbn=2", "url2": null, "内容": "医療法人田中内科医院【2:診療所】【診療科目:内科_糖尿病・代謝内科_消化器内科_アレルギー疾患内科】茨城県水戸市千波町２２６７－２" }, "geometry": { "type": "Point", "coordinates": [ 140.441867, 36.354235 ] } },
{ "type": "Feature", "properties": { "ID": 82208511999, "正式名称": "高木クリニック", "機関区分": 2, "都道府県コード": 8, "市区町村コード": 201, "所在地": "茨城県水戸市大塚町１５０４－１", "緯度": 36.386705, "経度": 140.389452, "url": "https://www.iryou.teikyouseido.mhlw.go.jp/znk-web/juminkanja/S2430/initialize?prefCd=08&kikanCd=208511999&kikanKbn=2", "url2": "http://takaginaika.com/", "内容": "高木クリニック【2:診療所】【診療科目:内科_循環器内科_整形外科_リハビリテーション科_放射線科】茨城県水戸市大塚町１５０４－１" }, "geometry": { "type": "Point", "coordinates": [ 140.389452, 36.386705 ] } },
{ "type": "Feature", "properties": { "ID": 82208512042, "正式名称": "皆川医院", "機関区分": 2, "都道府県コード": 8, "市区町村コード": 201, "所在地": "茨城県水戸市笠原町９９５－１０２", "緯度": 36.331667, "経度": 140.446667, "url": "https://www.iryou.teikyouseido.mhlw.go.jp/znk-web/juminkanja/S2430/initialize?prefCd=08&kikanCd=208512042&kikanKbn=2", "url2": null, "内容": "皆川医院【2:診療所】【診療科目:内科_糖尿病内科_消化器内科_皮膚科_アレルギー科】茨城県水戸市笠原町９９５－１０２" }, "geometry": { "type": "Point", "coordinates": [ 140.446667, 36.331667 ] } },
{ "type": "Feature", "properties": { "ID": 82208512071, "正式名称": "医療法人社団光明会山本整形外科", "機関区分": 2, "都道府県コード": 8, "市区町村コード": 201, "所在地": "茨城県水戸市千波町４７８－３", "緯度": 36.362572, "経度": 140.451148, "url": "https://www.iryou.teikyouseido.mhlw.go.jp/znk-web/juminkanja/S2430/initialize?prefCd=08&kikanCd=208512071&kikanKbn=2", "url2": "https://www.yamamotoseikeigeka-mito.com/", "内容": "医療法人社団光明会山本整形外科【2:診療所】【診療科目:整形外科_リハビリテーション科_麻酔科】茨城県水戸市千波町４７８－３" }, "geometry": { "type": "Point", "coordinates": [ 140.451148, 36.362572 ] } },
{ "type": "Feature", "properties": { "ID": 82208512169, "正式名称": "浅川医院", "機関区分": 2, "都道府県コード": 8, "市区町村コード": 201, "所在地": "茨城県水戸市東原２丁目８－２５", "緯度": 36.384687, "経度": 140.44267, "url": "https://www.iryou.teikyouseido.mhlw.go.jp/znk-web/juminkanja/S2430/initialize?prefCd=08&kikanCd=208512169&kikanKbn=2", "url2": "https://asakawa-iin.com", "内容": "浅川医院【2:診療所】【診療科目:内科_呼吸器内科_消化器内科_神経内科】茨城県水戸市東原２丁目８－２５" }, "geometry": { "type": "Point", "coordinates": [ 140.44267, 36.384687 ] } },
{ "type": "Feature", "properties": { "ID": 82208512202, "正式名称": "小貫医院", "機関区分": 2, "都道府県コード": 8, "市区町村コード": 201, "所在地": "茨城県水戸市大塚町１８５７の３", "緯度": 36.385076, "経度": 140.409967, "url": "https://www.iryou.teikyouseido.mhlw.go.jp/znk-web/juminkanja/S2430/initialize?prefCd=08&kikanCd=208512202&kikanKbn=2", "url2": null, "内容": "小貫医院【2:診療所】【診療科目:内科_循環器内科_リハビリテーション科_放射線科】茨城県水戸市大塚町１８５７の３" }, "geometry": { "type": "Point", "coordinates": [ 140.409967, 36.385076 ] } },
{ "type": "Feature", "properties": { "ID": 82208512228, "正式名称": "塙内科呼吸器科医院", "機関区分": 2, "都道府県コード": 8, "市区町村コード": 201, "所在地": "茨城県水戸市東野町２６０－６", "緯度": 36.322525, "経度": 140.455151, "url": "https://www.iryou.teikyouseido.mhlw.go.jp/znk-web/juminkanja/S2430/initialize?prefCd=08&kikanCd=208512228&kikanKbn=2", "url2": null, "内容": "塙内科呼吸器科医院【2:診療所】【診療科目:呼吸器内科】茨城県水戸市東野町２６０－６" }, "geometry": { "type": "Point", "coordinates": [ 140.455151, 36.322525 ] } },
{ "type": "Feature", "properties": { "ID": 82208512257, "正式名称": "医療法人社団啓和会東関東クリニック", "機関区分": 2, "都道府県コード": 8, "市区町村コード": 201, "所在地": "茨城県水戸市白梅３－４－８", "緯度": 36.362582, "経度": 140.481824, "url": "https://www.iryou.teikyouseido.mhlw.go.jp/znk-web/juminkanja/S2430/initialize?prefCd=08&kikanCd=208512257&kikanKbn=2", "url2": "http://www.hk-clinic.or.jp", "内容": "医療法人社団啓和会東関東クリニック【2:診療所】【診療科目:内科_呼吸器内科_消化器内科_婦人科】茨城県水戸市白梅３－４－８" }, "geometry": { "type": "Point", "coordinates": [ 140.481824, 36.362582 ] } },
{ "type": "Feature", "properties": { "ID": 82208512260, "正式名称": "関口内科クリニック", "機関区分": 2, "都道府県コード": 8, "市区町村コード": 201, "所在地": "茨城県水戸市本町３－２０－８", "緯度": 36.367607, "経度": 140.497593, "url": "https://www.iryou.teikyouseido.mhlw.go.jp/znk-web/juminkanja/S2430/initialize?prefCd=08&kikanCd=208512260&kikanKbn=2", "url2": null, "内容": "関口内科クリニック【2:診療所】【診療科目:内科_循環器内科】茨城県水戸市本町３－２０－８" }, "geometry": { "type": "Point", "coordinates": [ 140.497593, 36.367607 ] } },
{ "type": "Feature", "properties": { "ID": 82208512316, "正式名称": "医療法人社団向陽会水戸クリニック", "機関区分": 2, "都道府県コード": 8, "市区町村コード": 201, "所在地": "茨城県水戸市宮町３－４－４", "緯度": 36.37266, "経度": 140.470281, "url": "https://www.iryou.teikyouseido.mhlw.go.jp/znk-web/juminkanja/S2430/initialize?prefCd=08&kikanCd=208512316&kikanKbn=2", "url2": "https://hikitsuke.jp/", "内容": "医療法人社団向陽会水戸クリニック【2:診療所】【診療科目:神経内科】茨城県水戸市宮町３－４－４" }, "geometry": { "type": "Point", "coordinates": [ 140.470281, 36.37266 ] } },
{ "type": "Feature", "properties": { "ID": 82208512404, "正式名称": "医療法人社団啓和会いばらき健康管理センター", "機関区分": 2, "都道府県コード": 8, "市区町村コード": 201, "所在地": "茨城県水戸市見川町２１３１－１４３", "緯度": 36.361619, "経度": 140.426604, "url": "https://www.iryou.teikyouseido.mhlw.go.jp/znk-web/juminkanja/S2430/initialize?prefCd=08&kikanCd=208512404&kikanKbn=2", "url2": "http://www.ibaraki-kkc.or.jp", "内容": "医療法人社団啓和会いばらき健康管理センター【2:診療所】【診療科目:内科_婦人科】茨城県水戸市見川町２１３１－１４３" }, "geometry": { "type": "Point", "coordinates": [ 140.426604, 36.361619 ] } },
{ "type": "Feature", "properties": { "ID": 82208512433, "正式名称": "川上医院", "機関区分": 2, "都道府県コード": 8, "市区町村コード": 201, "所在地": "茨城県水戸市河和田町字高野坪８６２", "緯度": 36.367314, "経度": 140.417423, "url": "https://www.iryou.teikyouseido.mhlw.go.jp/znk-web/juminkanja/S2430/initialize?prefCd=08&kikanCd=208512433&kikanKbn=2", "url2": null, "内容": "川上医院【2:診療所】【診療科目:内科_神経内科】茨城県水戸市河和田町字高野坪８６２" }, "geometry": { "type": "Point", "coordinates": [ 140.417423, 36.367314 ] } },
{ "type": "Feature", "properties": { "ID": 82208512475, "正式名称": "西宮医院", "機関区分": 2, "都道府県コード": 8, "市区町村コード": 201, "所在地": "茨城県水戸市新荘２－９－９", "緯度": 36.384587, "経度": 140.45201, "url": "https://www.iryou.teikyouseido.mhlw.go.jp/znk-web/juminkanja/S2430/initialize?prefCd=08&kikanCd=208512475&kikanKbn=2", "url2": "https://itp.ne.jp/info/088804080100000899/", "内容": "西宮医院【2:診療所】【診療科目:内科_糖尿病内科_呼吸器内科_循環器内科_消化器内科_内視鏡内科】茨城県水戸市新荘２－９－９" }, "geometry": { "type": "Point", "coordinates": [ 140.45201, 36.384587 ] } },
{ "type": "Feature", "properties": { "ID": 82208512488, "正式名称": "やまわきこどもクリニック", "機関区分": 2, "都道府県コード": 8, "市区町村コード": 201, "所在地": "茨城県水戸市城東２－３－３２", "緯度": 36.371759, "経度": 140.493145, "url": "https://www.iryou.teikyouseido.mhlw.go.jp/znk-web/juminkanja/S2430/initialize?prefCd=08&kikanCd=208512488&kikanKbn=2", "url2": "http://www.doctorqube.com/yamawaki/", "内容": "やまわきこどもクリニック【2:診療所】【診療科目:小児科】茨城県水戸市城東２－３－３２" }, "geometry": { "type": "Point", "coordinates": [ 140.493145, 36.371759 ] } },
{ "type": "Feature", "properties": { "ID": 82208512491, "正式名称": "会沢内科クリニック", "機関区分": 2, "都道府県コード": 8, "市区町村コード": 201, "所在地": "茨城県水戸市住吉町４４－３７", "緯度": 36.339008, "経度": 140.476579, "url": "https://www.iryou.teikyouseido.mhlw.go.jp/znk-web/juminkanja/S2430/initialize?prefCd=08&kikanCd=208512491&kikanKbn=2", "url2": "https://www.kenshinkai-mito.jp/", "内容": "会沢内科クリニック【2:診療所】【診療科目:内科_糖尿病内科_糖尿病・代謝内科_消化器内科】茨城県水戸市住吉町４４－３７" }, "geometry": { "type": "Point", "coordinates": [ 140.476579, 36.339008 ] } },
{ "type": "Feature", "properties": { "ID": 82208512505, "正式名称": "さいとう内科", "機関区分": 2, "都道府県コード": 8, "市区町村コード": 201, "所在地": "茨城県水戸市東野町４９１－１２", "緯度": 36.323611, "経度": 140.449444, "url": "https://www.iryou.teikyouseido.mhlw.go.jp/znk-web/juminkanja/S2430/initialize?prefCd=08&kikanCd=208512505&kikanKbn=2", "url2": "http://saitonaika.blog.ocn.ne.jp/", "内容": "さいとう内科【2:診療所】【診療科目:内科_循環器内科_消化器内科_神経内科】茨城県水戸市東野町４９１－１２" }, "geometry": { "type": "Point", "coordinates": [ 140.449444, 36.323611 ] } },
{ "type": "Feature", "properties": { "ID": 82208512664, "正式名称": "特別養護老人ホームときわ木園　医務室", "機関区分": 2, "都道府県コード": 8, "市区町村コード": 302, "所在地": "茨城県東茨城郡茨城町若宮３９３－６", "緯度": 36.31155, "経度": 140.48814, "url": "https://www.iryou.teikyouseido.mhlw.go.jp/znk-web/juminkanja/S2430/initialize?prefCd=08&kikanCd=208512664&kikanKbn=2", "url2": null, "内容": "特別養護老人ホームときわ木園　医務室【2:診療所】【診療科目:内科】茨城県東茨城郡茨城町若宮３９３－６" }, "geometry": { "type": "Point", "coordinates": [ 140.48814, 36.31155 ] } },
{ "type": "Feature", "properties": { "ID": 82208512677, "正式名称": "医療法人坂本内科医院", "機関区分": 2, "都道府県コード": 8, "市区町村コード": 201, "所在地": "茨城県水戸市見川２丁目１９２－３", "緯度": 36.372994, "経度": 140.435403, "url": "https://www.iryou.teikyouseido.mhlw.go.jp/znk-web/juminkanja/S2430/initialize?prefCd=08&kikanCd=208512677&kikanKbn=2", "url2": "https://www.sakamoto-medical.com", "内容": "医療法人坂本内科医院【2:診療所】【診療科目:内科_呼吸器内科_循環器内科_消化器内科】茨城県水戸市見川２丁目１９２－３" }, "geometry": { "type": "Point", "coordinates": [ 140.435403, 36.372994 ] } },
{ "type": "Feature", "properties": { "ID": 82208512710, "正式名称": "さかと内科・胃腸科クリニック", "機関区分": 2, "都道府県コード": 8, "市区町村コード": 201, "所在地": "茨城県水戸市酒門町２６３", "緯度": 36.352509, "経度": 140.492519, "url": "https://www.iryou.teikyouseido.mhlw.go.jp/znk-web/juminkanja/S2430/initialize?prefCd=08&kikanCd=208512710&kikanKbn=2", "url2": null, "内容": "さかと内科・胃腸科クリニック【2:診療所】【診療科目:内科_呼吸器内科_循環器内科_消化器内科_放射線科】茨城県水戸市酒門町２６３" }, "geometry": { "type": "Point", "coordinates": [ 140.492519, 36.352509 ] } },
{ "type": "Feature", "properties": { "ID": 82208512723, "正式名称": "安達耳鼻咽喉科医院", "機関区分": 2, "都道府県コード": 8, "市区町村コード": 201, "所在地": "茨城県水戸市千波町２３３－３", "緯度": 36.36204, "経度": 140.461973, "url": "https://www.iryou.teikyouseido.mhlw.go.jp/znk-web/juminkanja/S2430/initialize?prefCd=08&kikanCd=208512723&kikanKbn=2", "url2": null, "内容": "安達耳鼻咽喉科医院【2:診療所】【診療科目:耳鼻いんこう科】茨城県水戸市千波町２３３－３" }, "geometry": { "type": "Point", "coordinates": [ 140.461973, 36.36204 ] } },
{ "type": "Feature", "properties": { "ID": 82208512736, "正式名称": "藤原内科医院", "機関区分": 2, "都道府県コード": 8, "市区町村コード": 201, "所在地": "茨城県水戸市見川町２１３１－１４７５", "緯度": 36.357778, "経度": 140.428056, "url": "https://www.iryou.teikyouseido.mhlw.go.jp/znk-web/juminkanja/S2430/initialize?prefCd=08&kikanCd=208512736&kikanKbn=2", "url2": null, "内容": "藤原内科医院【2:診療所】【診療科目:内科_糖尿病・内分泌内科_消化器内科_消火器_放射線科】茨城県水戸市見川町２１３１－１４７５" }, "geometry": { "type": "Point", "coordinates": [ 140.428056, 36.357778 ] } },
{ "type": "Feature", "properties": { "ID": 82208512765, "正式名称": "たち医院", "機関区分": 2, "都道府県コード": 8, "市区町村コード": 201, "所在地": "茨城県水戸市内原１－４７－１", "緯度": 36.370864, "経度": 140.352266, "url": "https://www.iryou.teikyouseido.mhlw.go.jp/znk-web/juminkanja/S2430/initialize?prefCd=08&kikanCd=208512765&kikanKbn=2", "url2": null, "内容": "たち医院【2:診療所】【診療科目:内科_呼吸器内科_小児科_皮膚科】茨城県水戸市内原１－４７－１" }, "geometry": { "type": "Point", "coordinates": [ 140.352266, 36.370864 ] } },
{ "type": "Feature", "properties": { "ID": 82208512853, "正式名称": "笠原中央クリニック", "機関区分": 2, "都道府県コード": 8, "市区町村コード": 201, "所在地": "茨城県　水戸市　笠原町５６５－７", "緯度": 36.346596, "経度": 140.45468, "url": "https://www.iryou.teikyouseido.mhlw.go.jp/znk-web/juminkanja/S2430/initialize?prefCd=08&kikanCd=208512853&kikanKbn=2", "url2": "https://kasahara-tanabata.com/", "内容": "笠原中央クリニック【2:診療所】【診療科目:内科_糖尿病内科_消化器内科_胃腸内科_小児科_アレルギー科】茨城県　水戸市　笠原町５６５－７" }, "geometry": { "type": "Point", "coordinates": [ 140.45468, 36.346596 ] } },
{ "type": "Feature", "properties": { "ID": 82208512909, "正式名称": "医療法人小関外科胃腸科医院", "機関区分": 2, "都道府県コード": 8, "市区町村コード": 201, "所在地": "茨城県水戸市千波町３４７－１", "緯度": 36.364914, "経度": 140.456136, "url": "https://www.iryou.teikyouseido.mhlw.go.jp/znk-web/juminkanja/S2430/initialize?prefCd=08&kikanCd=208512909&kikanKbn=2", "url2": "http://www.koseki-iin.jp/", "内容": "医療法人小関外科胃腸科医院【2:診療所】【診療科目:内科_胃腸内科_内視鏡内科_外科_乳腺外科_肛門外科】茨城県水戸市千波町３４７－１" }, "geometry": { "type": "Point", "coordinates": [ 140.456136, 36.364914 ] } },
{ "type": "Feature", "properties": { "ID": 82208512912, "正式名称": "あいん常澄医院", "機関区分": 2, "都道府県コード": 8, "市区町村コード": 201, "所在地": "茨城県水戸市下大野町５３６０", "緯度": 36.342829, "経度": 140.553328, "url": "https://www.iryou.teikyouseido.mhlw.go.jp/znk-web/juminkanja/S2430/initialize?prefCd=08&kikanCd=208512912&kikanKbn=2", "url2": null, "内容": "あいん常澄医院【2:診療所】【診療科目:内科_乳腺外科_整形外科_小児科_皮膚科】茨城県水戸市下大野町５３６０" }, "geometry": { "type": "Point", "coordinates": [ 140.553328, 36.342829 ] } },
{ "type": "Feature", "properties": { "ID": 82208512941, "正式名称": "岡崎整形外科医院", "機関区分": 2, "都道府県コード": 8, "市区町村コード": 201, "所在地": "茨城県水戸市渡里町３２５５", "緯度": 36.406097, "経度": 140.429942, "url": "https://www.iryou.teikyouseido.mhlw.go.jp/znk-web/juminkanja/S2430/initialize?prefCd=08&kikanCd=208512941&kikanKbn=2", "url2": null, "内容": "岡崎整形外科医院【2:診療所】【診療科目:外科_整形外科_リハビリテーション科_放射線科】茨城県水戸市渡里町３２５５" }, "geometry": { "type": "Point", "coordinates": [ 140.429942, 36.406097 ] } },
{ "type": "Feature", "properties": { "ID": 82208512967, "正式名称": "かさの内科医院", "機関区分": 2, "都道府県コード": 8, "市区町村コード": 201, "所在地": "茨城県水戸市文京１－１１－９", "緯度": 36.398553, "経度": 140.446286, "url": "https://www.iryou.teikyouseido.mhlw.go.jp/znk-web/juminkanja/S2430/initialize?prefCd=08&kikanCd=208512967&kikanKbn=2", "url2": "www.kasano-med-clinic.com", "内容": "かさの内科医院【2:診療所】【診療科目:内科_循環器内科_消化器内科】茨城県水戸市文京１－１１－９" }, "geometry": { "type": "Point", "coordinates": [ 140.446286, 36.398553 ] } },
{ "type": "Feature", "properties": { "ID": 82208512970, "正式名称": "新井耳鼻咽喉科医院", "機関区分": 2, "都道府県コード": 8, "市区町村コード": 201, "所在地": "茨城県水戸市南町３－２－５１", "緯度": 36.375765, "経度": 140.468877, "url": "https://www.iryou.teikyouseido.mhlw.go.jp/znk-web/juminkanja/S2430/initialize?prefCd=08&kikanCd=208512970&kikanKbn=2", "url2": "https://www.araijibi-iin.com", "内容": "新井耳鼻咽喉科医院【2:診療所】【診療科目:耳鼻いんこう科】茨城県水戸市南町３－２－５１" }, "geometry": { "type": "Point", "coordinates": [ 140.468877, 36.375765 ] } },
{ "type": "Feature", "properties": { "ID": 82208513049, "正式名称": "鈴木眼科医院", "機関区分": 2, "都道府県コード": 8, "市区町村コード": 201, "所在地": "茨城県水戸市城南２－４－１１", "緯度": 36.364923, "経度": 140.477062, "url": "https://www.iryou.teikyouseido.mhlw.go.jp/znk-web/juminkanja/S2430/initialize?prefCd=08&kikanCd=208513049&kikanKbn=2", "url2": "https://www.suzukiganka-mito.com", "内容": "鈴木眼科医院【2:診療所】【診療科目:眼科】茨城県水戸市城南２－４－１１" }, "geometry": { "type": "Point", "coordinates": [ 140.477062, 36.364923 ] } },
{ "type": "Feature", "properties": { "ID": 82208513081, "正式名称": "かさの小児クリニック", "機関区分": 2, "都道府県コード": 8, "市区町村コード": 201, "所在地": "茨城県水戸市袴塚３－１－１５", "緯度": 36.397649, "経度": 140.445231, "url": "https://www.iryou.teikyouseido.mhlw.go.jp/znk-web/juminkanja/S2430/initialize?prefCd=08&kikanCd=208513081&kikanKbn=2", "url2": null, "内容": "かさの小児クリニック【2:診療所】【診療科目:内科_小児科_皮膚科_アレルギー科】茨城県水戸市袴塚３－１－１５" }, "geometry": { "type": "Point", "coordinates": [ 140.445231, 36.397649 ] } },
{ "type": "Feature", "properties": { "ID": 82208513182, "正式名称": "せつクリニック", "機関区分": 2, "都道府県コード": 8, "市区町村コード": 310, "所在地": "茨城県東茨城郡城里町石塚５０３－１１", "緯度": 36.474722, "経度": 140.378611, "url": "https://www.iryou.teikyouseido.mhlw.go.jp/znk-web/juminkanja/S2430/initialize?prefCd=08&kikanCd=208513182&kikanKbn=2", "url2": null, "内容": "せつクリニック【2:診療所】【診療科目:内科_消化器内科】茨城県東茨城郡城里町石塚５０３－１１" }, "geometry": { "type": "Point", "coordinates": [ 140.378611, 36.474722 ] } },
{ "type": "Feature", "properties": { "ID": 82208513195, "正式名称": "医療法人花澤耳鼻咽喉科", "機関区分": 2, "都道府県コード": 8, "市区町村コード": 201, "所在地": "茨城県水戸市河和田町２８９４－８", "緯度": 36.370886, "経度": 140.417433, "url": "https://www.iryou.teikyouseido.mhlw.go.jp/znk-web/juminkanja/S2430/initialize?prefCd=08&kikanCd=208513195&kikanKbn=2", "url2": "http://www.hanazawa-ent.com/", "内容": "医療法人花澤耳鼻咽喉科【2:診療所】【診療科目:耳鼻いんこう科】茨城県水戸市河和田町２８９４－８" }, "geometry": { "type": "Point", "coordinates": [ 140.417433, 36.370886 ] } },
{ "type": "Feature", "properties": { "ID": 82208513212, "正式名称": "ふくもと内科クリニック", "機関区分": 2, "都道府県コード": 8, "市区町村コード": 201, "所在地": "茨城県水戸市酒門町１４９５－２", "緯度": 36.34029, "経度": 140.491304, "url": "https://www.iryou.teikyouseido.mhlw.go.jp/znk-web/juminkanja/S2430/initialize?prefCd=08&kikanCd=208513212&kikanKbn=2", "url2": null, "内容": "ふくもと内科クリニック【2:診療所】【診療科目:内科_循環器内科】茨城県水戸市酒門町１４９５－２" }, "geometry": { "type": "Point", "coordinates": [ 140.491304, 36.34029 ] } },
{ "type": "Feature", "properties": { "ID": 82208513238, "正式名称": "ふたば内科クリニック", "機関区分": 2, "都道府県コード": 8, "市区町村コード": 201, "所在地": "茨城県水戸市双葉台４丁目１７３−５", "緯度": 36.395445, "経度": 140.399898, "url": "https://www.iryou.teikyouseido.mhlw.go.jp/znk-web/juminkanja/S2430/initialize?prefCd=08&kikanCd=208513238&kikanKbn=2", "url2": "http://www.futabanaika.jp", "内容": "ふたば内科クリニック【2:診療所】【診療科目:内科_消化器内科】茨城県水戸市双葉台４丁目１７３−５" }, "geometry": { "type": "Point", "coordinates": [ 140.399898, 36.395445 ] } },
{ "type": "Feature", "properties": { "ID": 82208513267, "正式名称": "丸山小児科・皮フ科", "機関区分": 2, "都道府県コード": 8, "市区町村コード": 201, "所在地": "茨城県水戸市南町２－３－３１", "緯度": 36.375461, "経度": 140.470127, "url": "https://www.iryou.teikyouseido.mhlw.go.jp/znk-web/juminkanja/S2430/initialize?prefCd=08&kikanCd=208513267&kikanKbn=2", "url2": "https://maru-shoni.mdja.jp/", "内容": "丸山小児科・皮フ科【2:診療所】【診療科目:小児科_皮膚科】茨城県水戸市南町２－３－３１" }, "geometry": { "type": "Point", "coordinates": [ 140.470127, 36.375461 ] } },
{ "type": "Feature", "properties": { "ID": 82208513270, "正式名称": "医療法人　水戸吉沢小児科クリニック", "機関区分": 2, "都道府県コード": 8, "市区町村コード": 201, "所在地": "茨城県水戸市吉沢町２８３－１", "緯度": 36.326944, "経度": 140.461944, "url": "https://www.iryou.teikyouseido.mhlw.go.jp/znk-web/juminkanja/S2430/initialize?prefCd=08&kikanCd=208513270&kikanKbn=2", "url2": null, "内容": "医療法人　水戸吉沢小児科クリニック【2:診療所】【診療科目:内科_小児科】茨城県水戸市吉沢町２８３－１" }, "geometry": { "type": "Point", "coordinates": [ 140.461944, 36.326944 ] } },
{ "type": "Feature", "properties": { "ID": 82208513296, "正式名称": "けやきクリニック", "機関区分": 2, "都道府県コード": 8, "市区町村コード": 236, "所在地": "茨城県小美玉市張星５０３－３", "緯度": 36.245098, "経度": 140.311623, "url": "https://www.iryou.teikyouseido.mhlw.go.jp/znk-web/juminkanja/S2430/initialize?prefCd=08&kikanCd=208513296&kikanKbn=2", "url2": null, "内容": "けやきクリニック【2:診療所】【診療科目:内科_小児科_婦人科】茨城県小美玉市張星５０３－３" }, "geometry": { "type": "Point", "coordinates": [ 140.311623, 36.245098 ] } },
{ "type": "Feature", "properties": { "ID": 82208513300, "正式名称": "広沢クリニック", "機関区分": 2, "都道府県コード": 8, "市区町村コード": 310, "所在地": "茨城県東茨城郡城里町上入野", "緯度": 36.438889, "経度": 140.378333, "url": "https://www.iryou.teikyouseido.mhlw.go.jp/znk-web/juminkanja/S2430/initialize?prefCd=08&kikanCd=208513300&kikanKbn=2", "url2": "https://hirosawaclinic.com", "内容": "広沢クリニック【2:診療所】【診療科目:内科_消化器内科_肝臓内科_内視鏡内科_整形外科_放射線診断科】茨城県東茨城郡城里町上入野" }, "geometry": { "type": "Point", "coordinates": [ 140.378333, 36.438889 ] } },
{ "type": "Feature", "properties": { "ID": 82208513342, "正式名称": "酒門診療所", "機関区分": 2, "都道府県コード": 8, "市区町村コード": 201, "所在地": "茨城県水戸市酒門町１５７７－１０", "緯度": 36.339766, "経度": 140.488134, "url": "https://www.iryou.teikyouseido.mhlw.go.jp/znk-web/juminkanja/S2430/initialize?prefCd=08&kikanCd=208513342&kikanKbn=2", "url2": "http://www.nanzankai.jp", "内容": "酒門診療所【2:診療所】【診療科目:精神科_神経科_心療内科】茨城県水戸市酒門町１５７７－１０" }, "geometry": { "type": "Point", "coordinates": [ 140.488134, 36.339766 ] } },
{ "type": "Feature", "properties": { "ID": 82208513355, "正式名称": "ときわクリニック", "機関区分": 2, "都道府県コード": 8, "市区町村コード": 201, "所在地": "茨城県水戸市袴塚１－１－２４", "緯度": 36.393474, "経度": 140.449519, "url": "https://www.iryou.teikyouseido.mhlw.go.jp/znk-web/juminkanja/S2430/initialize?prefCd=08&kikanCd=208513355&kikanKbn=2", "url2": null, "内容": "ときわクリニック【2:診療所】【診療科目:皮膚科】茨城県水戸市袴塚１－１－２４" }, "geometry": { "type": "Point", "coordinates": [ 140.449519, 36.393474 ] } },
{ "type": "Feature", "properties": { "ID": 82208513368, "正式名称": "河内クリニック", "機関区分": 2, "都道府県コード": 8, "市区町村コード": 201, "所在地": "茨城県水戸市金町３－１－１７", "緯度": 36.384173, "経度": 140.461892, "url": "https://www.iryou.teikyouseido.mhlw.go.jp/znk-web/juminkanja/S2430/initialize?prefCd=08&kikanCd=208513368&kikanKbn=2", "url2": "http://www.doctork.gr.jp", "内容": "河内クリニック【2:診療所】【診療科目:内科_皮膚科】茨城県水戸市金町３－１－１７" }, "geometry": { "type": "Point", "coordinates": [ 140.461892, 36.384173 ] } },
{ "type": "Feature", "properties": { "ID": 82208513384, "正式名称": "石倉クリニック", "機関区分": 2, "都道府県コード": 8, "市区町村コード": 201, "所在地": "茨城県水戸市三の丸１－４－２ことぶきビル４階", "緯度": 36.369722, "経度": 140.478333, "url": "https://www.iryou.teikyouseido.mhlw.go.jp/znk-web/juminkanja/S2430/initialize?prefCd=08&kikanCd=208513384&kikanKbn=2", "url2": "http://mito.ishikura-clinic.jp", "内容": "石倉クリニック【2:診療所】【診療科目:外科_形成外科_皮膚科_美容皮膚科_泌尿器科_男性泌尿器科】茨城県水戸市三の丸１－４－２ことぶきビル４階" }, "geometry": { "type": "Point", "coordinates": [ 140.478333, 36.369722 ] } },
{ "type": "Feature", "properties": { "ID": 82208513401, "正式名称": "みなみ赤塚クリニック", "機関区分": 2, "都道府県コード": 8, "市区町村コード": 201, "所在地": "茨城県水戸市河和田町４９４０", "緯度": 36.370627, "経度": 140.411307, "url": "https://www.iryou.teikyouseido.mhlw.go.jp/znk-web/juminkanja/S2430/initialize?prefCd=08&kikanCd=208513401&kikanKbn=2", "url2": "http://www.minamiakatsuka.com", "内容": "みなみ赤塚クリニック【2:診療所】【診療科目:内科_内分泌内科_糖尿病・代謝内科】茨城県水戸市河和田町４９４０" }, "geometry": { "type": "Point", "coordinates": [ 140.411307, 36.370627 ] } },
{ "type": "Feature", "properties": { "ID": 82208513414, "正式名称": "平須クリニック", "機関区分": 2, "都道府県コード": 8, "市区町村コード": 201, "所在地": "茨城県水戸市平須町１４３１", "緯度": 36.334771, "経度": 140.42812, "url": "https://www.iryou.teikyouseido.mhlw.go.jp/znk-web/juminkanja/S2430/initialize?prefCd=08&kikanCd=208513414&kikanKbn=2", "url2": null, "内容": "平須クリニック【2:診療所】【診療科目:内科_精神科】茨城県水戸市平須町１４３１" }, "geometry": { "type": "Point", "coordinates": [ 140.42812, 36.334771 ] } },
{ "type": "Feature", "properties": { "ID": 82208513469, "正式名称": "医療法人社団　大清会　いしつか診療所", "機関区分": 2, "都道府県コード": 8, "市区町村コード": 310, "所在地": "茨城県東茨城郡城里町石塚５５８－１", "緯度": 36.47886, "経度": 140.373873, "url": "https://www.iryou.teikyouseido.mhlw.go.jp/znk-web/juminkanja/S2430/initialize?prefCd=08&kikanCd=208513469&kikanKbn=2", "url2": null, "内容": "医療法人社団　大清会　いしつか診療所【2:診療所】【診療科目:内科_消化器外科_眼科_精神科】茨城県東茨城郡城里町石塚５５８－１" }, "geometry": { "type": "Point", "coordinates": [ 140.373873, 36.47886 ] } },
{ "type": "Feature", "properties": { "ID": 82208513472, "正式名称": "医療法人さかた医院", "機関区分": 2, "都道府県コード": 8, "市区町村コード": 309, "所在地": "茨城県東茨城郡大洗町磯浜町３４５１ー１", "緯度": 36.324966, "経度": 140.57957, "url": "https://www.iryou.teikyouseido.mhlw.go.jp/znk-web/juminkanja/S2430/initialize?prefCd=08&kikanCd=208513472&kikanKbn=2", "url2": null, "内容": "医療法人さかた医院【2:診療所】【診療科目:内科_脳外科_小児科】茨城県東茨城郡大洗町磯浜町３４５１ー１" }, "geometry": { "type": "Point", "coordinates": [ 140.57957, 36.324966 ] } },
{ "type": "Feature", "properties": { "ID": 82208513498, "正式名称": "髙安内科循環器科クリニック", "機関区分": 2, "都道府県コード": 8, "市区町村コード": 201, "所在地": "茨城県水戸市河和田町４４０５－１２", "緯度": 36.35995, "経度": 140.397191, "url": "https://www.iryou.teikyouseido.mhlw.go.jp/znk-web/juminkanja/S2430/initialize?prefCd=08&kikanCd=208513498&kikanKbn=2", "url2": null, "内容": "髙安内科循環器科クリニック【2:診療所】【診療科目:内科_循環器内科】茨城県水戸市河和田町４４０５－１２" }, "geometry": { "type": "Point", "coordinates": [ 140.397191, 36.35995 ] } },
{ "type": "Feature", "properties": { "ID": 82208513502, "正式名称": "藤沢整形外科クリニック", "機関区分": 2, "都道府県コード": 8, "市区町村コード": 201, "所在地": "茨城県水戸市米沢町９８－８", "緯度": 36.33656, "経度": 140.45962, "url": "https://www.iryou.teikyouseido.mhlw.go.jp/znk-web/juminkanja/S2430/initialize?prefCd=08&kikanCd=208513502&kikanKbn=2", "url2": null, "内容": "藤沢整形外科クリニック【2:診療所】【診療科目:整形外科_リハビリテーション科】茨城県水戸市米沢町９８－８" }, "geometry": { "type": "Point", "coordinates": [ 140.45962, 36.33656 ] } },
{ "type": "Feature", "properties": { "ID": 82208513515, "正式名称": "希望ヶ丘ひきクリニック", "機関区分": 2, "都道府県コード": 8, "市区町村コード": 236, "所在地": "茨城県小美玉市中台", "緯度": 36.218889, "経度": 140.309444, "url": "https://www.iryou.teikyouseido.mhlw.go.jp/znk-web/juminkanja/S2430/initialize?prefCd=08&kikanCd=208513515&kikanKbn=2", "url2": "http://hikicl.web.fc2.com/index.html", "内容": "希望ヶ丘ひきクリニック【2:診療所】【診療科目:内科_糖尿病内科_内分泌内科_脂質代謝内科_糖尿病・内分泌内科_呼吸器内科_循環器内科_消化器内科_胃腸内科_内視鏡内科_切り傷など簡単な縫合で対応できる疾病までが対象です。事前にご連絡下さい。_小児科_アレルギー科】茨城県小美玉市中台" }, "geometry": { "type": "Point", "coordinates": [ 140.309444, 36.218889 ] } },
{ "type": "Feature", "properties": { "ID": 82208513531, "正式名称": "兼子内科クリニック", "機関区分": 2, "都道府県コード": 8, "市区町村コード": 201, "所在地": "茨城県水戸市上水戸１－７－２５", "緯度": 36.389324, "経度": 140.451314, "url": "https://www.iryou.teikyouseido.mhlw.go.jp/znk-web/juminkanja/S2430/initialize?prefCd=08&kikanCd=208513531&kikanKbn=2", "url2": "http://mito-kaneko.byoinnavi.jp/", "内容": "兼子内科クリニック【2:診療所】【診療科目:内科_呼吸器内科_循環器内科_消化器内科_小児科_アレルギー科_放射線科】茨城県水戸市上水戸１－７－２５" }, "geometry": { "type": "Point", "coordinates": [ 140.451314, 36.389324 ] } },
{ "type": "Feature", "properties": { "ID": 82208513560, "正式名称": "わたなべ整形外科", "機関区分": 2, "都道府県コード": 8, "市区町村コード": 216, "所在地": "茨城県笠間市鯉淵", "緯度": 36.344722, "経度": 140.328611, "url": "https://www.iryou.teikyouseido.mhlw.go.jp/znk-web/juminkanja/S2430/initialize?prefCd=08&kikanCd=208513560&kikanKbn=2", "url2": null, "内容": "わたなべ整形外科【2:診療所】【診療科目:内科_整形外科_形成外科_リウマチ科_リハビリテーション科】茨城県笠間市鯉淵" }, "geometry": { "type": "Point", "coordinates": [ 140.328611, 36.344722 ] } },
{ "type": "Feature", "properties": { "ID": 82208513586, "正式名称": "平野こどもクリニック", "機関区分": 2, "都道府県コード": 8, "市区町村コード": 201, "所在地": "茨城県水戸市中丸町３３３－１", "緯度": 36.38992, "経度": 140.406624, "url": "https://www.iryou.teikyouseido.mhlw.go.jp/znk-web/juminkanja/S2430/initialize?prefCd=08&kikanCd=208513586&kikanKbn=2", "url2": "http://www.mitohiranokodomo.com/", "内容": "平野こどもクリニック【2:診療所】【診療科目:小児科_アレルギー科】茨城県水戸市中丸町３３３－１" }, "geometry": { "type": "Point", "coordinates": [ 140.406624, 36.38992 ] } },
{ "type": "Feature", "properties": { "ID": 82208513599, "正式名称": "堀越医院", "機関区分": 2, "都道府県コード": 8, "市区町村コード": 302, "所在地": "茨城県東茨城郡茨城町長岡３３１７－２２", "緯度": 36.310511, "経度": 140.43738, "url": "https://www.iryou.teikyouseido.mhlw.go.jp/znk-web/juminkanja/S2430/initialize?prefCd=08&kikanCd=208513599&kikanKbn=2", "url2": null, "内容": "堀越医院【2:診療所】【診療科目:内科_消化器内科_外科_肛門外科_整形外科_皮膚科_泌尿器科】茨城県東茨城郡茨城町長岡３３１７－２２" }, "geometry": { "type": "Point", "coordinates": [ 140.43738, 36.310511 ] } },
{ "type": "Feature", "properties": { "ID": 82208513603, "正式名称": "医療法人栄明会寺山皮膚科形成外科", "機関区分": 2, "都道府県コード": 8, "市区町村コード": 236, "所在地": "茨城県小美玉市羽鳥２７１６－２７", "緯度": 36.243889, "経度": 140.291667, "url": "https://www.iryou.teikyouseido.mhlw.go.jp/znk-web/juminkanja/S2430/initialize?prefCd=08&kikanCd=208513603&kikanKbn=2", "url2": null, "内容": "医療法人栄明会寺山皮膚科形成外科【2:診療所】【診療科目:形成外科_皮膚科】茨城県小美玉市羽鳥２７１６－２７" }, "geometry": { "type": "Point", "coordinates": [ 140.291667, 36.243889 ] } },
{ "type": "Feature", "properties": { "ID": 82208513690, "正式名称": "磯医院", "機関区分": 2, "都道府県コード": 8, "市区町村コード": 216, "所在地": "茨城県笠間市稲田２２７２", "緯度": 36.363333, "経度": 140.217222, "url": "https://www.iryou.teikyouseido.mhlw.go.jp/znk-web/juminkanja/S2430/initialize?prefCd=08&kikanCd=208513690&kikanKbn=2", "url2": null, "内容": "磯医院【2:診療所】【診療科目:内科_呼吸器内科_循環器内科_胃腸内科_アレルギー科】茨城県笠間市稲田２２７２" }, "geometry": { "type": "Point", "coordinates": [ 140.217222, 36.363333 ] } },
{ "type": "Feature", "properties": { "ID": 82208513704, "正式名称": "本多内科・循環器科医院", "機関区分": 2, "都道府県コード": 8, "市区町村コード": 216, "所在地": "茨城県笠間市福島３９６", "緯度": 36.270556, "経度": 140.2925, "url": "https://www.iryou.teikyouseido.mhlw.go.jp/znk-web/juminkanja/S2430/initialize?prefCd=08&kikanCd=208513704&kikanKbn=2", "url2": null, "内容": "本多内科・循環器科医院【2:診療所】【診療科目:内科_循環器内科】茨城県笠間市福島３９６" }, "geometry": { "type": "Point", "coordinates": [ 140.2925, 36.270556 ] } },
{ "type": "Feature", "properties": { "ID": 82208513717, "正式名称": "浜野こどもクリニック", "機関区分": 2, "都道府県コード": 8, "市区町村コード": 201, "所在地": "茨城県水戸市けやき台３丁目４８－２", "緯度": 36.332838, "経度": 140.487121, "url": "https://www.iryou.teikyouseido.mhlw.go.jp/znk-web/juminkanja/S2430/initialize?prefCd=08&kikanCd=208513717&kikanKbn=2", "url2": "https://park.paa.jp/park2/clinics/1038/busineses/01", "内容": "浜野こどもクリニック【2:診療所】【診療科目:小児科_皮膚科_アレルギー科】茨城県水戸市けやき台３丁目４８－２" }, "geometry": { "type": "Point", "coordinates": [ 140.487121, 36.332838 ] } },
{ "type": "Feature", "properties": { "ID": 82208513733, "正式名称": "五味渕内科医院", "機関区分": 2, "都道府県コード": 8, "市区町村コード": 201, "所在地": "茨城県水戸市堀町１１３３－５２", "緯度": 36.398176, "経度": 140.431622, "url": "https://www.iryou.teikyouseido.mhlw.go.jp/znk-web/juminkanja/S2430/initialize?prefCd=08&kikanCd=208513733&kikanKbn=2", "url2": null, "内容": "五味渕内科医院【2:診療所】【診療科目:内科_胃腸科】茨城県水戸市堀町１１３３－５２" }, "geometry": { "type": "Point", "coordinates": [ 140.431622, 36.398176 ] } },
{ "type": "Feature", "properties": { "ID": 82208513759, "正式名称": "金敷内科医院", "機関区分": 2, "都道府県コード": 8, "市区町村コード": 201, "所在地": "茨城県水戸市平須町１－２７", "緯度": 36.317812, "経度": 140.439222, "url": "https://www.iryou.teikyouseido.mhlw.go.jp/znk-web/juminkanja/S2430/initialize?prefCd=08&kikanCd=208513759&kikanKbn=2", "url2": "http://www.kanashiki-naika.com/", "内容": "金敷内科医院【2:診療所】【診療科目:内科_呼吸器内科_循環器内科_消化器内科_小児科_皮膚科_麻酔科】茨城県水戸市平須町１－２７" }, "geometry": { "type": "Point", "coordinates": [ 140.439222, 36.317812 ] } },
{ "type": "Feature", "properties": { "ID": 82208513791, "正式名称": "神長クリニック", "機関区分": 2, "都道府県コード": 8, "市区町村コード": 201, "所在地": "茨城県水戸市笠原町１０１－１", "緯度": 36.34313, "経度": 140.456534, "url": "https://www.iryou.teikyouseido.mhlw.go.jp/znk-web/juminkanja/S2430/initialize?prefCd=08&kikanCd=208513791&kikanKbn=2", "url2": "https://www.kaminaga-clinic.jp/", "内容": "神長クリニック【2:診療所】【診療科目:内科_消化器内科】茨城県水戸市笠原町１０１－１" }, "geometry": { "type": "Point", "coordinates": [ 140.456534, 36.34313 ] } },
{ "type": "Feature", "properties": { "ID": 82208513818, "正式名称": "かねこ消化器・内視鏡・肛門外科クリニック　水戸院", "機関区分": 2, "都道府県コード": 8, "市区町村コード": 201, "所在地": "茨城県水戸市百合が丘町８－５", "緯度": 36.342763, "経度": 140.50502, "url": "https://www.iryou.teikyouseido.mhlw.go.jp/znk-web/juminkanja/S2430/initialize?prefCd=08&kikanCd=208513818&kikanKbn=2", "url2": "http://kaneko.or.jp", "内容": "かねこ消化器・内視鏡・肛門外科クリニック　水戸院【2:診療所】【診療科目:内科_内視鏡内科_外科_肛門外科】茨城県水戸市百合が丘町８－５" }, "geometry": { "type": "Point", "coordinates": [ 140.50502, 36.342763 ] } },
{ "type": "Feature", "properties": { "ID": 82208513847, "正式名称": "秋山整形外科医院", "機関区分": 2, "都道府県コード": 8, "市区町村コード": 201, "所在地": "茨城県水戸市柵町３－２－５７", "緯度": 36.367675, "経度": 140.487521, "url": "https://www.iryou.teikyouseido.mhlw.go.jp/znk-web/juminkanja/S2430/initialize?prefCd=08&kikanCd=208513847&kikanKbn=2", "url2": "akiyama-orthop.net/", "内容": "秋山整形外科医院【2:診療所】【診療科目:整形外科_形成外科_リウマチ科_リハビリテーション科】茨城県水戸市柵町３－２－５７" }, "geometry": { "type": "Point", "coordinates": [ 140.487521, 36.367675 ] } },
{ "type": "Feature", "properties": { "ID": 82208513892, "正式名称": "医療法人社団小沢眼科会五軒町診療所", "機関区分": 2, "都道府県コード": 8, "市区町村コード": 201, "所在地": "茨城県水戸市五軒町２－２－１１", "緯度": 36.381764, "経度": 140.464295, "url": "https://www.iryou.teikyouseido.mhlw.go.jp/znk-web/juminkanja/S2430/initialize?prefCd=08&kikanCd=208513892&kikanKbn=2", "url2": "https://kozawa-ganka.or.jp/clinic/gokencho-clinic/", "内容": "医療法人社団小沢眼科会五軒町診療所【2:診療所】【診療科目:眼科】茨城県水戸市五軒町２－２－１１" }, "geometry": { "type": "Point", "coordinates": [ 140.464295, 36.381764 ] } },
{ "type": "Feature", "properties": { "ID": 82208513977, "正式名称": "くらのクリニック", "機関区分": 2, "都道府県コード": 8, "市区町村コード": 201, "所在地": "茨城県水戸市堀町９１６－１０", "緯度": 36.403527, "経度": 140.4283, "url": "https://www.iryou.teikyouseido.mhlw.go.jp/znk-web/juminkanja/S2430/initialize?prefCd=08&kikanCd=208513977&kikanKbn=2", "url2": "http://www.myclinic.ne.jp/kurano", "内容": "くらのクリニック【2:診療所】【診療科目:内科_循環器内科_皮膚科】茨城県水戸市堀町９１６－１０" }, "geometry": { "type": "Point", "coordinates": [ 140.4283, 36.403527 ] } },
{ "type": "Feature", "properties": { "ID": 82208514020, "正式名称": "たむら小児科クリニック", "機関区分": 2, "都道府県コード": 8, "市区町村コード": 201, "所在地": "茨城県水戸市百合が丘町８－８", "緯度": 36.343252, "経度": 140.505241, "url": "https://www.iryou.teikyouseido.mhlw.go.jp/znk-web/juminkanja/S2430/initialize?prefCd=08&kikanCd=208514020&kikanKbn=2", "url2": "http://cc.tamura-japan.com/", "内容": "たむら小児科クリニック【2:診療所】【診療科目:小児科】茨城県水戸市百合が丘町８－８" }, "geometry": { "type": "Point", "coordinates": [ 140.505241, 36.343252 ] } },
{ "type": "Feature", "properties": { "ID": 82208514118, "正式名称": "医療法人賢聖会　ねもとクリニック", "機関区分": 2, "都道府県コード": 8, "市区町村コード": 216, "所在地": "茨城県笠間市大田町２１５番地１３", "緯度": 36.351134, "経度": 140.279605, "url": "https://www.iryou.teikyouseido.mhlw.go.jp/znk-web/juminkanja/S2430/initialize?prefCd=08&kikanCd=208514118&kikanKbn=2", "url2": null, "内容": "医療法人賢聖会　ねもとクリニック【2:診療所】【診療科目:内科_胃腸内科_外科_肛門外科_リハビリテーション科】茨城県笠間市大田町２１５番地１３" }, "geometry": { "type": "Point", "coordinates": [ 140.279605, 36.351134 ] } },
{ "type": "Feature", "properties": { "ID": 82208514121, "正式名称": "医療法人　石橋内科医院", "機関区分": 2, "都道府県コード": 8, "市区町村コード": 216, "所在地": "茨城県笠間市鯉淵６２６８－１０２", "緯度": 36.344475, "経度": 140.32576, "url": "https://www.iryou.teikyouseido.mhlw.go.jp/znk-web/juminkanja/S2430/initialize?prefCd=08&kikanCd=208514121&kikanKbn=2", "url2": null, "内容": "医療法人　石橋内科医院【2:診療所】【診療科目:内科_循環器内科】茨城県笠間市鯉淵６２６８－１０２" }, "geometry": { "type": "Point", "coordinates": [ 140.32576, 36.344475 ] } },
{ "type": "Feature", "properties": { "ID": 82208514134, "正式名称": "医療法人社団　大清会　かわだクリニック", "機関区分": 2, "都道府県コード": 8, "市区町村コード": 201, "所在地": "茨城県水戸市河和田３－２３５１－４", "緯度": 36.373262, "経度": 140.40838, "url": "https://www.iryou.teikyouseido.mhlw.go.jp/znk-web/juminkanja/S2430/initialize?prefCd=08&kikanCd=208514134&kikanKbn=2", "url2": null, "内容": "医療法人社団　大清会　かわだクリニック【2:診療所】【診療科目:内科_精神科】茨城県水戸市河和田３－２３５１－４" }, "geometry": { "type": "Point", "coordinates": [ 140.40838, 36.373262 ] } },
{ "type": "Feature", "properties": { "ID": 82208514150, "正式名称": "佐々木クリニック", "機関区分": 2, "都道府県コード": 8, "市区町村コード": 201, "所在地": "茨城県水戸市河和田１－１８２８－１０　グランスクエア赤塚１０１号", "緯度": 36.379709, "経度": 140.411599, "url": "https://www.iryou.teikyouseido.mhlw.go.jp/znk-web/juminkanja/S2430/initialize?prefCd=08&kikanCd=208514150&kikanKbn=2", "url2": "http://www.sasakiclinic-mito.com/", "内容": "佐々木クリニック【2:診療所】【診療科目:内科_泌尿器科】茨城県水戸市河和田１－１８２８－１０　グランスクエア赤塚１０１号" }, "geometry": { "type": "Point", "coordinates": [ 140.411599, 36.379709 ] } },
{ "type": "Feature", "properties": { "ID": 82208514235, "正式名称": "谷口内科医院", "機関区分": 2, "都道府県コード": 8, "市区町村コード": 302, "所在地": "茨城県東茨城郡茨城町上石崎４２３０－２", "緯度": 36.2775, "経度": 140.477222, "url": "https://www.iryou.teikyouseido.mhlw.go.jp/znk-web/juminkanja/S2430/initialize?prefCd=08&kikanCd=208514235&kikanKbn=2", "url2": null, "内容": "谷口内科医院【2:診療所】【診療科目:内科】茨城県東茨城郡茨城町上石崎４２３０－２" }, "geometry": { "type": "Point", "coordinates": [ 140.477222, 36.2775 ] } },
{ "type": "Feature", "properties": { "ID": 82208514293, "正式名称": "医療法人もり眼科", "機関区分": 2, "都道府県コード": 8, "市区町村コード": 201, "所在地": "茨城県水戸市河和田町長谷原４４０５－１１７", "緯度": 36.35956, "経度": 140.397763, "url": "https://www.iryou.teikyouseido.mhlw.go.jp/znk-web/juminkanja/S2430/initialize?prefCd=08&kikanCd=208514293&kikanKbn=2", "url2": null, "内容": "医療法人もり眼科【2:診療所】【診療科目:眼科】茨城県水戸市河和田町長谷原４４０５－１１７" }, "geometry": { "type": "Point", "coordinates": [ 140.397763, 36.35956 ] } },
{ "type": "Feature", "properties": { "ID": 82208514352, "正式名称": "アクアクリニックおかざき", "機関区分": 2, "都道府県コード": 8, "市区町村コード": 201, "所在地": "茨城県水戸市堀町５２０－１０", "緯度": 36.406358, "経度": 140.424349, "url": "https://www.iryou.teikyouseido.mhlw.go.jp/znk-web/juminkanja/S2430/initialize?prefCd=08&kikanCd=208514352&kikanKbn=2", "url2": null, "内容": "アクアクリニックおかざき【2:診療所】【診療科目:整形外科_リハビリテーション科】茨城県水戸市堀町５２０－１０" }, "geometry": { "type": "Point", "coordinates": [ 140.424349, 36.406358 ] } },
{ "type": "Feature", "properties": { "ID": 82208514365, "正式名称": "阿部内科医院", "機関区分": 2, "都道府県コード": 8, "市区町村コード": 201, "所在地": "茨城県水戸市笠原町１９６７－１", "緯度": 36.337712, "経度": 140.449996, "url": "https://www.iryou.teikyouseido.mhlw.go.jp/znk-web/juminkanja/S2430/initialize?prefCd=08&kikanCd=208514365&kikanKbn=2", "url2": "http://www.ne.jp/asahi/abe/clinic", "内容": "阿部内科医院【2:診療所】【診療科目:内科】茨城県水戸市笠原町１９６７－１" }, "geometry": { "type": "Point", "coordinates": [ 140.449996, 36.337712 ] } },
{ "type": "Feature", "properties": { "ID": 82208514378, "正式名称": "仲本内科クリニック", "機関区分": 2, "都道府県コード": 8, "市区町村コード": 201, "所在地": "茨城県水戸市渋井町２４８－２", "緯度": 36.36004, "経度": 140.509289, "url": "https://www.iryou.teikyouseido.mhlw.go.jp/znk-web/juminkanja/S2430/initialize?prefCd=08&kikanCd=208514378&kikanKbn=2", "url2": null, "内容": "仲本内科クリニック【2:診療所】【診療科目:内科】茨城県水戸市渋井町２４８－２" }, "geometry": { "type": "Point", "coordinates": [ 140.509289, 36.36004 ] } },
{ "type": "Feature", "properties": { "ID": 82208514394, "正式名称": "医療法人井出整形外科内科クリニック", "機関区分": 2, "都道府県コード": 8, "市区町村コード": 302, "所在地": "茨城県東茨城郡茨城町小堤１１４４－１", "緯度": 36.286702, "経度": 140.425527, "url": "https://www.iryou.teikyouseido.mhlw.go.jp/znk-web/juminkanja/S2430/initialize?prefCd=08&kikanCd=208514394&kikanKbn=2", "url2": "ide-clinic.jp", "内容": "医療法人井出整形外科内科クリニック【2:診療所】【診療科目:内科_循環器内科_消化器内科_外科_整形外科_皮膚科_泌尿器科_アレルギー科_リウマチ科_リハビリテーション科】茨城県東茨城郡茨城町小堤１１４４－１" }, "geometry": { "type": "Point", "coordinates": [ 140.425527, 36.286702 ] } },
{ "type": "Feature", "properties": { "ID": 82208514408, "正式名称": "古川胃腸肛門科クリニック", "機関区分": 2, "都道府県コード": 8, "市区町村コード": 201, "所在地": "茨城県水戸市元吉田町２２９－７", "緯度": 36.351877, "経度": 140.470072, "url": "https://www.iryou.teikyouseido.mhlw.go.jp/znk-web/juminkanja/S2430/initialize?prefCd=08&kikanCd=208514408&kikanKbn=2", "url2": null, "内容": "古川胃腸肛門科クリニック【2:診療所】【診療科目:内科_消化器内科_外科_肛門外科】茨城県水戸市元吉田町２２９－７" }, "geometry": { "type": "Point", "coordinates": [ 140.470072, 36.351877 ] } },
{ "type": "Feature", "properties": { "ID": 82208514411, "正式名称": "大場内科クリニック", "機関区分": 2, "都道府県コード": 8, "市区町村コード": 201, "所在地": "茨城県水戸市酒門町２７５―３", "緯度": 36.353057, "経度": 140.493069, "url": "https://www.iryou.teikyouseido.mhlw.go.jp/znk-web/juminkanja/S2430/initialize?prefCd=08&kikanCd=208514411&kikanKbn=2", "url2": "https://www.seirankai-jp.org/oobanaika", "内容": "大場内科クリニック【2:診療所】【診療科目:内科_糖尿病内科_呼吸器内科_循環器内科_腎臓内科_人工透析内科_外科_血管外科_整形外科_形成外科_泌尿器科_リハビリテーション科】茨城県水戸市酒門町２７５―３" }, "geometry": { "type": "Point", "coordinates": [ 140.493069, 36.353057 ] } },
{ "type": "Feature", "properties": { "ID": 82208514437, "正式名称": "城南病院附属クリニック", "機関区分": 2, "都道府県コード": 8, "市区町村コード": 201, "所在地": "茨城県水戸市城南３－１５－８", "緯度": 36.364315, "経度": 140.482942, "url": "https://www.iryou.teikyouseido.mhlw.go.jp/znk-web/juminkanja/S2430/initialize?prefCd=08&kikanCd=208514437&kikanKbn=2", "url2": "http://www.ibaraki-health.coop/index.html", "内容": "城南病院附属クリニック【2:診療所】【診療科目:内科_人工透析内科】茨城県水戸市城南３－１５－８" }, "geometry": { "type": "Point", "coordinates": [ 140.482942, 36.364315 ] } },
{ "type": "Feature", "properties": { "ID": 82208514440, "正式名称": "社会福祉法人清常会　特別養護老人ホ－ムけやき園　医務室", "機関区分": 2, "都道府県コード": 8, "市区町村コード": 302, "所在地": "茨城県東茨城郡茨城町下座７５５", "緯度": 36.24887, "経度": 140.40247, "url": "https://www.iryou.teikyouseido.mhlw.go.jp/znk-web/juminkanja/S2430/initialize?prefCd=08&kikanCd=208514440&kikanKbn=2", "url2": null, "内容": "社会福祉法人清常会　特別養護老人ホ－ムけやき園　医務室【2:診療所】【診療科目:内科】茨城県東茨城郡茨城町下座７５５" }, "geometry": { "type": "Point", "coordinates": [ 140.40247, 36.24887 ] } },
{ "type": "Feature", "properties": { "ID": 82208514525, "正式名称": "おひさまこどもクリニック", "機関区分": 2, "都道府県コード": 8, "市区町村コード": 201, "所在地": "茨城県水戸市河和田町２８９４－６３", "緯度": 36.371204, "経度": 140.417444, "url": "https://www.iryou.teikyouseido.mhlw.go.jp/znk-web/juminkanja/S2430/initialize?prefCd=08&kikanCd=208514525&kikanKbn=2", "url2": "http://www.3090130.com/", "内容": "おひさまこどもクリニック【2:診療所】【診療科目:小児科】茨城県水戸市河和田町２８９４－６３" }, "geometry": { "type": "Point", "coordinates": [ 140.417444, 36.371204 ] } },
{ "type": "Feature", "properties": { "ID": 82208514541, "正式名称": "岩間東華堂クリニック", "機関区分": 2, "都道府県コード": 8, "市区町村コード": 201, "所在地": "茨城県水戸市泉町３－１－３０", "緯度": 36.379193, "経度": 140.461846, "url": "https://www.iryou.teikyouseido.mhlw.go.jp/znk-web/juminkanja/S2430/initialize?prefCd=08&kikanCd=208514541&kikanKbn=2", "url2": "http://www.hokutokou.com/", "内容": "岩間東華堂クリニック【2:診療所】【診療科目:内科_糖尿病内科_アレルギー疾患内科_皮膚科】茨城県水戸市泉町３－１－３０" }, "geometry": { "type": "Point", "coordinates": [ 140.461846, 36.379193 ] } },
{ "type": "Feature", "properties": { "ID": 82208514554, "正式名称": "医療法人　清水医院", "機関区分": 2, "都道府県コード": 8, "市区町村コード": 309, "所在地": "茨城県東茨城郡大洗町磯浜町１２６", "緯度": 36.309444, "経度": 140.585833, "url": "https://www.iryou.teikyouseido.mhlw.go.jp/znk-web/juminkanja/S2430/initialize?prefCd=08&kikanCd=208514554&kikanKbn=2", "url2": null, "内容": "医療法人　清水医院【2:診療所】【診療科目:内科_小児科】茨城県東茨城郡大洗町磯浜町１２６" }, "geometry": { "type": "Point", "coordinates": [ 140.585833, 36.309444 ] } },
{ "type": "Feature", "properties": { "ID": 82208514613, "正式名称": "医療法人誠順会クリニック健康の杜", "機関区分": 2, "都道府県コード": 8, "市区町村コード": 201, "所在地": "茨城県水戸市千波町１２５０", "緯度": 36.361012, "経度": 140.469156, "url": "https://www.iryou.teikyouseido.mhlw.go.jp/znk-web/juminkanja/S2430/initialize?prefCd=08&kikanCd=208514613&kikanKbn=2", "url2": "http://kenkou-mori.or.jp/", "内容": "医療法人誠順会クリニック健康の杜【2:診療所】【診療科目:内科_胃腸科_外科_整形外科_形成外科_肛門科_小児外科_リウマチ科_リハビリテーション科_放射線科】茨城県水戸市千波町１２５０" }, "geometry": { "type": "Point", "coordinates": [ 140.469156, 36.361012 ] } },
{ "type": "Feature", "properties": { "ID": 82208514756, "正式名称": "水戸中央美容形成クリニック", "機関区分": 2, "都道府県コード": 8, "市区町村コード": 201, "所在地": "茨城県水戸市宮町１丁目３－３８駅前中村ビル８階", "緯度": 36.371523, "経度": 140.475157, "url": "https://www.iryou.teikyouseido.mhlw.go.jp/znk-web/juminkanja/S2430/initialize?prefCd=08&kikanCd=208514756&kikanKbn=2", "url2": "http://www.mito-biyou.com", "内容": "水戸中央美容形成クリニック【2:診療所】【診療科目:形成外科_美容外科_皮膚科_泌尿器科】茨城県水戸市宮町１丁目３－３８駅前中村ビル８階" }, "geometry": { "type": "Point", "coordinates": [ 140.475157, 36.371523 ] } },
{ "type": "Feature", "properties": { "ID": 82208514769, "正式名称": "城こどもクリニック", "機関区分": 2, "都道府県コード": 8, "市区町村コード": 201, "所在地": "茨城県水戸市赤塚１－１６　エスコート赤塚ウェスト棟Ａ－１０２", "緯度": 36.382546, "経度": 140.416505, "url": "https://www.iryou.teikyouseido.mhlw.go.jp/znk-web/juminkanja/S2430/initialize?prefCd=08&kikanCd=208514769&kikanKbn=2", "url2": null, "内容": "城こどもクリニック【2:診療所】【診療科目:外科_小児科_小児外科】茨城県水戸市赤塚１－１６　エスコート赤塚ウェスト棟Ａ－１０２" }, "geometry": { "type": "Point", "coordinates": [ 140.416505, 36.382546 ] } },
{ "type": "Feature", "properties": { "ID": 82208514857, "正式名称": "松本クリニック", "機関区分": 2, "都道府県コード": 8, "市区町村コード": 201, "所在地": "茨城県水戸市大塚町１８７９－６番地", "緯度": 36.384714, "経度": 140.399696, "url": "https://www.iryou.teikyouseido.mhlw.go.jp/znk-web/juminkanja/S2430/initialize?prefCd=08&kikanCd=208514857&kikanKbn=2", "url2": "https://matsumotoclinic.org/", "内容": "松本クリニック【2:診療所】【診療科目:内科_循環器内科_消化器内科】茨城県水戸市大塚町１８７９－６番地" }, "geometry": { "type": "Point", "coordinates": [ 140.399696, 36.384714 ] } },
{ "type": "Feature", "properties": { "ID": 82208514932, "正式名称": "中央ますいクリニック", "機関区分": 2, "都道府県コード": 8, "市区町村コード": 201, "所在地": "茨城県水戸市五軒町２－４－２２", "緯度": 36.381859, "経度": 140.462551, "url": "https://www.iryou.teikyouseido.mhlw.go.jp/znk-web/juminkanja/S2430/initialize?prefCd=08&kikanCd=208514932&kikanKbn=2", "url2": "http://chuomasuiclinic.webmedipr.jp/", "内容": "中央ますいクリニック【2:診療所】【診療科目:ペインクリニック内科_麻酔科】茨城県水戸市五軒町２－４－２２" }, "geometry": { "type": "Point", "coordinates": [ 140.462551, 36.381859 ] } },
{ "type": "Feature", "properties": { "ID": 82208514958, "正式名称": "医療法人社団順篤会水戸うちはら内科クリニック", "機関区分": 2, "都道府県コード": 8, "市区町村コード": 201, "所在地": "茨城県水戸市内原２－１イオンモール水戸内原１階", "緯度": 36.37454, "経度": 140.359419, "url": "https://www.iryou.teikyouseido.mhlw.go.jp/znk-web/juminkanja/S2430/initialize?prefCd=08&kikanCd=208514958&kikanKbn=2", "url2": "https://www.the-naika.com/", "内容": "医療法人社団順篤会水戸うちはら内科クリニック【2:診療所】【診療科目:内科_糖尿病内科_内分泌内科_呼吸器内科_循環器内科_消化器内科_小児科_心療内科_アレルギー科】茨城県水戸市内原２－１イオンモール水戸内原１階" }, "geometry": { "type": "Point", "coordinates": [ 140.359419, 36.37454 ] } },
{ "type": "Feature", "properties": { "ID": 82208515069, "正式名称": "緑川整形外科医院", "機関区分": 2, "都道府県コード": 8, "市区町村コード": 236, "所在地": "茨城県小美玉市羽刈６２８－２", "緯度": 36.246389, "経度": 140.303333, "url": "https://www.iryou.teikyouseido.mhlw.go.jp/znk-web/juminkanja/S2430/initialize?prefCd=08&kikanCd=208515069&kikanKbn=2", "url2": "https://sites.google.com/view/midorikawa-seikeigeka/home", "内容": "緑川整形外科医院【2:診療所】【診療科目:整形外科_リハビリテーション科】茨城県小美玉市羽刈６２８－２" }, "geometry": { "type": "Point", "coordinates": [ 140.303333, 36.246389 ] } },
{ "type": "Feature", "properties": { "ID": 82208515085, "正式名称": "大場内科小吹クリニック", "機関区分": 2, "都道府県コード": 8, "市区町村コード": 201, "所在地": "茨城県水戸市小吹町２２８４－７", "緯度": 36.343583, "経度": 140.433311, "url": "https://www.iryou.teikyouseido.mhlw.go.jp/znk-web/juminkanja/S2430/initialize?prefCd=08&kikanCd=208515085&kikanKbn=2", "url2": "https://www.seirankai-jp.org/kobuki", "内容": "大場内科小吹クリニック【2:診療所】【診療科目:内科_循環器内科_腎臓内科_人工透析内科】茨城県水戸市小吹町２２８４－７" }, "geometry": { "type": "Point", "coordinates": [ 140.433311, 36.343583 ] } },
{ "type": "Feature", "properties": { "ID": 82208515186, "正式名称": "根本産婦人科医院", "機関区分": 2, "都道府県コード": 8, "市区町村コード": 216, "所在地": "茨城県笠間市八雲１―４－２１", "緯度": 36.344167, "経度": 140.309167, "url": "https://www.iryou.teikyouseido.mhlw.go.jp/znk-web/juminkanja/S2430/initialize?prefCd=08&kikanCd=208515186&kikanKbn=2", "url2": "http://www.nemoto-lc.com/", "内容": "根本産婦人科医院【2:診療所】【診療科目:内科_小児科_産婦人科】茨城県笠間市八雲１―４－２１" }, "geometry": { "type": "Point", "coordinates": [ 140.309167, 36.344167 ] } },
{ "type": "Feature", "properties": { "ID": 82208515203, "正式名称": "いいたけ内科クリニック", "機関区分": 2, "都道府県コード": 8, "市区町村コード": 201, "所在地": "茨城県水戸市見川町２１３１－１９７６", "緯度": 36.355965, "経度": 140.434178, "url": "https://www.iryou.teikyouseido.mhlw.go.jp/znk-web/juminkanja/S2430/initialize?prefCd=08&kikanCd=208515203&kikanKbn=2", "url2": null, "内容": "いいたけ内科クリニック【2:診療所】【診療科目:内科_代謝・内分泌内科_循環器内科_胃腸内科】茨城県水戸市見川町２１３１－１９７６" }, "geometry": { "type": "Point", "coordinates": [ 140.434178, 36.355965 ] } },
{ "type": "Feature", "properties": { "ID": 82208515245, "正式名称": "長田医院", "機関区分": 2, "都道府県コード": 8, "市区町村コード": 201, "所在地": "茨城県水戸市大足町９８０", "緯度": 36.384605, "経度": 140.369726, "url": "https://www.iryou.teikyouseido.mhlw.go.jp/znk-web/juminkanja/S2430/initialize?prefCd=08&kikanCd=208515245&kikanKbn=2", "url2": null, "内容": "長田医院【2:診療所】【診療科目:内科_消化器内科_外科_消化器外科_整形外科】茨城県水戸市大足町９８０" }, "geometry": { "type": "Point", "coordinates": [ 140.369726, 36.384605 ] } },
{ "type": "Feature", "properties": { "ID": 82208515274, "正式名称": "脳神経外科山田醫院", "機関区分": 2, "都道府県コード": 8, "市区町村コード": 201, "所在地": "茨城県水戸市渡里町２６８９−１", "緯度": 36.403633, "経度": 140.434335, "url": "https://www.iryou.teikyouseido.mhlw.go.jp/znk-web/juminkanja/S2430/initialize?prefCd=08&kikanCd=208515274&kikanKbn=2", "url2": "http://yamadaiin.jp", "内容": "脳神経外科山田醫院【2:診療所】【診療科目:内科_神経内科_脳神経外科_リハビリテーション科】茨城県水戸市渡里町２６８９−１" }, "geometry": { "type": "Point", "coordinates": [ 140.434335, 36.403633 ] } },
{ "type": "Feature", "properties": { "ID": 82208515375, "正式名称": "医療法人聖記会　いぐち皮フ科形成外科クリニック", "機関区分": 2, "都道府県コード": 8, "市区町村コード": 201, "所在地": "茨城県水戸市酒門町下千束１５７１－１", "緯度": 36.3396, "経度": 140.489465, "url": "https://www.iryou.teikyouseido.mhlw.go.jp/znk-web/juminkanja/S2430/initialize?prefCd=08&kikanCd=208515375&kikanKbn=2", "url2": "http://www.keyaki-dai.com", "内容": "医療法人聖記会　いぐち皮フ科形成外科クリニック【2:診療所】【診療科目:形成外科_皮膚科】茨城県水戸市酒門町下千束１５７１－１" }, "geometry": { "type": "Point", "coordinates": [ 140.489465, 36.3396 ] } },
{ "type": "Feature", "properties": { "ID": 82208515391, "正式名称": "飯田内科クリニック", "機関区分": 2, "都道府県コード": 8, "市区町村コード": 201, "所在地": "茨城県水戸市新原１－１９－４３", "緯度": 36.392387, "経度": 140.43762, "url": "https://www.iryou.teikyouseido.mhlw.go.jp/znk-web/juminkanja/S2430/initialize?prefCd=08&kikanCd=208515391&kikanKbn=2", "url2": "http://www.iida-naikacl.com/", "内容": "飯田内科クリニック【2:診療所】【診療科目:内科_糖尿病内科_呼吸器内科_循環器内科_消化器内科】茨城県水戸市新原１－１９－４３" }, "geometry": { "type": "Point", "coordinates": [ 140.43762, 36.392387 ] } },
{ "type": "Feature", "properties": { "ID": 82208515418, "正式名称": "しらべクリニック", "機関区分": 2, "都道府県コード": 8, "市区町村コード": 310, "所在地": "茨城県東茨城郡城里町上圷８８６－１", "緯度": 36.491667, "経度": 140.376667, "url": "https://www.iryou.teikyouseido.mhlw.go.jp/znk-web/juminkanja/S2430/initialize?prefCd=08&kikanCd=208515418&kikanKbn=2", "url2": null, "内容": "しらべクリニック【2:診療所】【診療科目:内科_小児科_皮膚科】茨城県東茨城郡城里町上圷８８６－１" }, "geometry": { "type": "Point", "coordinates": [ 140.376667, 36.491667 ] } },
{ "type": "Feature", "properties": { "ID": 82208515522, "正式名称": "医療法人社団小沢眼科会友部診療所", "機関区分": 2, "都道府県コード": 8, "市区町村コード": 216, "所在地": "茨城県笠間市五平７２－１", "緯度": 36.351108, "経度": 140.334017, "url": "https://www.iryou.teikyouseido.mhlw.go.jp/znk-web/juminkanja/S2430/initialize?prefCd=08&kikanCd=208515522&kikanKbn=2", "url2": "https://kozawa-ganka.or.jp/clinic/tomobe-clinic/", "内容": "医療法人社団小沢眼科会友部診療所【2:診療所】【診療科目:眼科】茨城県笠間市五平７２－１" }, "geometry": { "type": "Point", "coordinates": [ 140.334017, 36.351108 ] } },
{ "type": "Feature", "properties": { "ID": 82208515548, "正式名称": "医療法人さくらみちクリニック", "機関区分": 2, "都道府県コード": 8, "市区町村コード": 309, "所在地": "茨城県東茨城郡大洗町桜道２５３", "緯度": 36.31457, "経度": 140.56345, "url": "https://www.iryou.teikyouseido.mhlw.go.jp/znk-web/juminkanja/S2430/initialize?prefCd=08&kikanCd=208515548&kikanKbn=2", "url2": "https://www.sakuramichi-clinic.com/", "内容": "医療法人さくらみちクリニック【2:診療所】【診療科目:内科_呼吸器内科_アレルギー疾患内科】茨城県東茨城郡大洗町桜道２５３" }, "geometry": { "type": "Point", "coordinates": [ 140.56345, 36.31457 ] } },
{ "type": "Feature", "properties": { "ID": 82208515580, "正式名称": "中村整形外科医院", "機関区分": 2, "都道府県コード": 8, "市区町村コード": 201, "所在地": "茨城県水戸市堀町１１５３－３", "緯度": 36.399686, "経度": 140.430428, "url": "https://www.iryou.teikyouseido.mhlw.go.jp/znk-web/juminkanja/S2430/initialize?prefCd=08&kikanCd=208515580&kikanKbn=2", "url2": null, "内容": "中村整形外科医院【2:診療所】【診療科目:整形外科_リハビリテーション科】茨城県水戸市堀町１１５３－３" }, "geometry": { "type": "Point", "coordinates": [ 140.430428, 36.399686 ] } },
{ "type": "Feature", "properties": { "ID": 82208515636, "正式名称": "岡野眼科医院", "機関区分": 2, "都道府県コード": 8, "市区町村コード": 201, "所在地": "茨城県水戸市吉沢町１０７８－２", "緯度": 36.326526, "経度": 140.462134, "url": "https://www.iryou.teikyouseido.mhlw.go.jp/znk-web/juminkanja/S2430/initialize?prefCd=08&kikanCd=208515636&kikanKbn=2", "url2": "http://okanogankaiin.ci-hp.jp/", "内容": "岡野眼科医院【2:診療所】【診療科目:眼科】茨城県水戸市吉沢町１０７８－２" }, "geometry": { "type": "Point", "coordinates": [ 140.462134, 36.326526 ] } },
{ "type": "Feature", "properties": { "ID": 82208515838, "正式名称": "柵町診療所", "機関区分": 2, "都道府県コード": 8, "市区町村コード": 201, "所在地": "茨城県水戸市柵町１－５－２０", "緯度": 36.368485, "経度": 140.482883, "url": "https://www.iryou.teikyouseido.mhlw.go.jp/znk-web/juminkanja/S2430/initialize?prefCd=08&kikanCd=208515838&kikanKbn=2", "url2": "http://www.nanzankai.jp", "内容": "柵町診療所【2:診療所】【診療科目:精神科_神経科_心療内科】茨城県水戸市柵町１－５－２０" }, "geometry": { "type": "Point", "coordinates": [ 140.482883, 36.368485 ] } },
{ "type": "Feature", "properties": { "ID": 82208515896, "正式名称": "青木クリニック", "機関区分": 2, "都道府県コード": 8, "市区町村コード": 201, "所在地": "茨城県水戸市石川３丁目４１２１－１５", "緯度": 36.388054, "経度": 140.425005, "url": "https://www.iryou.teikyouseido.mhlw.go.jp/znk-web/juminkanja/S2430/initialize?prefCd=08&kikanCd=208515896&kikanKbn=2", "url2": "http://www.aoki-uro.com", "内容": "青木クリニック【2:診療所】【診療科目:内科_皮膚科_泌尿器科】茨城県水戸市石川３丁目４１２１－１５" }, "geometry": { "type": "Point", "coordinates": [ 140.425005, 36.388054 ] } },
{ "type": "Feature", "properties": { "ID": 82208515942, "正式名称": "長島内科", "機関区分": 2, "都道府県コード": 8, "市区町村コード": 236, "所在地": "茨城県小美玉市小川８２３－３", "緯度": 36.161944, "経度": 140.361111, "url": "https://www.iryou.teikyouseido.mhlw.go.jp/znk-web/juminkanja/S2430/initialize?prefCd=08&kikanCd=208515942&kikanKbn=2", "url2": null, "内容": "長島内科【2:診療所】【診療科目:内科】茨城県小美玉市小川８２３－３" }, "geometry": { "type": "Point", "coordinates": [ 140.361111, 36.161944 ] } },
{ "type": "Feature", "properties": { "ID": 82208516112, "正式名称": "三愛クリニック", "機関区分": 2, "都道府県コード": 8, "市区町村コード": 201, "所在地": "茨城県水戸市小林町１１８６‐６０", "緯度": 36.355556, "経度": 140.350833, "url": "https://www.iryou.teikyouseido.mhlw.go.jp/znk-web/juminkanja/S2430/initialize?prefCd=08&kikanCd=208516112&kikanKbn=2", "url2": "http://www.san-ai-clinic.com/", "内容": "三愛クリニック【2:診療所】【診療科目:内科_糖尿病内科_消化器内科】茨城県水戸市小林町１１８６‐６０" }, "geometry": { "type": "Point", "coordinates": [ 140.350833, 36.355556 ] } },
{ "type": "Feature", "properties": { "ID": 82208516428, "正式名称": "医療法人社団　山縣産婦人科", "機関区分": 2, "都道府県コード": 8, "市区町村コード": 201, "所在地": "茨城県水戸市千波町３７１－４", "緯度": 36.363751, "経度": 140.458143, "url": "https://www.iryou.teikyouseido.mhlw.go.jp/znk-web/juminkanja/S2430/initialize?prefCd=08&kikanCd=208516428&kikanKbn=2", "url2": "yamagata-clinic.jp", "内容": "医療法人社団　山縣産婦人科【2:診療所】【診療科目:産科_婦人科】茨城県水戸市千波町３７１－４" }, "geometry": { "type": "Point", "coordinates": [ 140.458143, 36.363751 ] } },
{ "type": "Feature", "properties": { "ID": 82208516431, "正式名称": "かなやま耳鼻咽喉科クリニック", "機関区分": 2, "都道府県コード": 8, "市区町村コード": 201, "所在地": "茨城県水戸市内原１ー１５０", "緯度": 36.373088, "経度": 140.352639, "url": "https://www.iryou.teikyouseido.mhlw.go.jp/znk-web/juminkanja/S2430/initialize?prefCd=08&kikanCd=208516431&kikanKbn=2", "url2": null, "内容": "かなやま耳鼻咽喉科クリニック【2:診療所】【診療科目:耳鼻いんこう科】茨城県水戸市内原１ー１５０" }, "geometry": { "type": "Point", "coordinates": [ 140.352639, 36.373088 ] } },
{ "type": "Feature", "properties": { "ID": 82208516444, "正式名称": "友部セントラルクリニック", "機関区分": 2, "都道府県コード": 8, "市区町村コード": 216, "所在地": "茨城県笠間市鯉淵６６７９－１１", "緯度": 36.348775, "経度": 140.329566, "url": "https://www.iryou.teikyouseido.mhlw.go.jp/znk-web/juminkanja/S2430/initialize?prefCd=08&kikanCd=208516444&kikanKbn=2", "url2": "https://www.tomobe-cc.net/", "内容": "友部セントラルクリニック【2:診療所】【診療科目:内科_糖尿病内科_代謝内科_内分泌内科_脂質代謝内科】茨城県笠間市鯉淵６６７９－１１" }, "geometry": { "type": "Point", "coordinates": [ 140.329566, 36.348775 ] } },
{ "type": "Feature", "properties": { "ID": 82208516457, "正式名称": "医療法人社団信美会城本クリニック水戸院", "機関区分": 2, "都道府県コード": 8, "市区町村コード": 201, "所在地": "茨城県水戸市宮町１丁目７番地４４コムボックス３１０", "緯度": 36.369676, "経度": 140.47456, "url": "https://www.iryou.teikyouseido.mhlw.go.jp/znk-web/juminkanja/S2430/initialize?prefCd=08&kikanCd=208516457&kikanKbn=2", "url2": "http://107929.jp", "内容": "医療法人社団信美会城本クリニック水戸院【2:診療所】【診療科目:美容外科_美容・形成外科_美容皮膚科】茨城県水戸市宮町１丁目７番地４４コムボックス３１０" }, "geometry": { "type": "Point", "coordinates": [ 140.47456, 36.369676 ] } },
{ "type": "Feature", "properties": { "ID": 82208516545, "正式名称": "医療法人　宏仁会　おみたまクリニック", "機関区分": 2, "都道府県コード": 8, "市区町村コード": 236, "所在地": "茨城県小美玉市羽鳥２６６３番地６１号", "緯度": 36.245833, "経度": 140.290833, "url": "https://www.iryou.teikyouseido.mhlw.go.jp/znk-web/juminkanja/S2430/initialize?prefCd=08&kikanCd=208516545&kikanKbn=2", "url2": "http://www.omitama-clinic.com/", "内容": "医療法人　宏仁会　おみたまクリニック【2:診療所】【診療科目:内科_胃腸内科_外科_乳腺外科】茨城県小美玉市羽鳥２６６３番地６１号" }, "geometry": { "type": "Point", "coordinates": [ 140.290833, 36.245833 ] } },
{ "type": "Feature", "properties": { "ID": 82208516558, "正式名称": "おおひらクリニック", "機関区分": 2, "都道府県コード": 8, "市区町村コード": 201, "所在地": "茨城県水戸市笠原町１５６８－１", "緯度": 36.338995, "経度": 140.44667, "url": "https://www.iryou.teikyouseido.mhlw.go.jp/znk-web/juminkanja/S2430/initialize?prefCd=08&kikanCd=208516558&kikanKbn=2", "url2": "https://ohira-clinic.amebaownd.com/", "内容": "おおひらクリニック【2:診療所】【診療科目:内科_泌尿器科】茨城県水戸市笠原町１５６８－１" }, "geometry": { "type": "Point", "coordinates": [ 140.44667, 36.338995 ] } },
{ "type": "Feature", "properties": { "ID": 82208516587, "正式名称": "医療法人桜丘会脳神経外科ブレインピア桜ヶ丘", "機関区分": 2, "都道府県コード": 8, "市区町村コード": 302, "所在地": "茨城県東茨城郡茨城町奥谷１０７６", "緯度": 36.279444, "経度": 140.416389, "url": "https://www.iryou.teikyouseido.mhlw.go.jp/znk-web/juminkanja/S2430/initialize?prefCd=08&kikanCd=208516587&kikanKbn=2", "url2": "http://brainpier-skr.com", "内容": "医療法人桜丘会脳神経外科ブレインピア桜ヶ丘【2:診療所】【診療科目:内科_脳神経内科_脳神経外科_リハビリテーション科】茨城県東茨城郡茨城町奥谷１０７６" }, "geometry": { "type": "Point", "coordinates": [ 140.416389, 36.279444 ] } },
{ "type": "Feature", "properties": { "ID": 82208516590, "正式名称": "いばらき診療所みと", "機関区分": 2, "都道府県コード": 8, "市区町村コード": 201, "所在地": "茨城県水戸市五軒町１－３－３４第一会計ビル２階", "緯度": 36.380046, "経度": 140.467857, "url": "https://www.iryou.teikyouseido.mhlw.go.jp/znk-web/juminkanja/S2430/initialize?prefCd=08&kikanCd=208516590&kikanKbn=2", "url2": "http://www.ibc.or.jp", "内容": "いばらき診療所みと【2:診療所】【診療科目:内科】茨城県水戸市五軒町１－３－３４第一会計ビル２階" }, "geometry": { "type": "Point", "coordinates": [ 140.467857, 36.380046 ] } },
{ "type": "Feature", "properties": { "ID": 82208517193, "正式名称": "社会医療法人財団古宿会水戸中央クリニック", "機関区分": 2, "都道府県コード": 8, "市区町村コード": 201, "所在地": "茨城県水戸市柳町１丁目１５番１号", "緯度": 36.365418, "経度": 140.488141, "url": "https://www.iryou.teikyouseido.mhlw.go.jp/znk-web/juminkanja/S2430/initialize?prefCd=08&kikanCd=208517193&kikanKbn=2", "url2": "https://www.mitochuo-hsp.or.jp/mitochuo_clinic/", "内容": "社会医療法人財団古宿会水戸中央クリニック【2:診療所】【診療科目:内科_人工透析内科_皮膚科】茨城県水戸市柳町１丁目１５番１号" }, "geometry": { "type": "Point", "coordinates": [ 140.488141, 36.365418 ] } },
{ "type": "Feature", "properties": { "ID": 82208517614, "正式名称": "田口同仁クリニック", "機関区分": 2, "都道府県コード": 8, "市区町村コード": 201, "所在地": "茨城県水戸市内原町９１０－１", "緯度": 36.364998, "経度": 140.35458, "url": "https://www.iryou.teikyouseido.mhlw.go.jp/znk-web/juminkanja/S2430/initialize?prefCd=08&kikanCd=208517614&kikanKbn=2", "url2": null, "内容": "田口同仁クリニック【2:診療所】【診療科目:内科_リハビリテーション科_麻酔科】茨城県水戸市内原町９１０－１" }, "geometry": { "type": "Point", "coordinates": [ 140.35458, 36.364998 ] } },
{ "type": "Feature", "properties": { "ID": 82208517760, "正式名称": "あいざわクリニック", "機関区分": 2, "都道府県コード": 8, "市区町村コード": 309, "所在地": "茨城県東茨城郡大洗町磯浜町", "緯度": 36.308611, "経度": 140.571944, "url": "https://www.iryou.teikyouseido.mhlw.go.jp/znk-web/juminkanja/S2430/initialize?prefCd=08&kikanCd=208517760&kikanKbn=2", "url2": "http://www.aizawa-cl.jp", "内容": "あいざわクリニック【2:診療所】【診療科目:内科_代謝・内分泌内科_呼吸器内科_循環器内科】茨城県東茨城郡大洗町磯浜町" }, "geometry": { "type": "Point", "coordinates": [ 140.571944, 36.308611 ] } },
{ "type": "Feature", "properties": { "ID": 82208517829, "正式名称": "エクセルメディカルクリニック", "機関区分": 2, "都道府県コード": 8, "市区町村コード": 201, "所在地": "茨城県水戸市宮町１－１－１水戸エクセル北口１Ｆ", "緯度": 36.371042, "経度": 140.475936, "url": "https://www.iryou.teikyouseido.mhlw.go.jp/znk-web/juminkanja/S2430/initialize?prefCd=08&kikanCd=208517829&kikanKbn=2", "url2": "https://www.dr-hattori.com/", "内容": "エクセルメディカルクリニック【2:診療所】【診療科目:内科_眼科_皮膚科】茨城県水戸市宮町１－１－１水戸エクセル北口１Ｆ" }, "geometry": { "type": "Point", "coordinates": [ 140.475936, 36.371042 ] } },
{ "type": "Feature", "properties": { "ID": 82208517933, "正式名称": "特別養護老人ホームひぬま苑", "機関区分": 2, "都道府県コード": 8, "市区町村コード": 309, "所在地": "茨城県東茨城郡大洗町大貫町３２６９－１", "緯度": 36.305393, "経度": 140.553343, "url": "https://www.iryou.teikyouseido.mhlw.go.jp/znk-web/juminkanja/S2430/initialize?prefCd=08&kikanCd=208517933&kikanKbn=2", "url2": null, "内容": "特別養護老人ホームひぬま苑【2:診療所】【診療科目:内科_外科】茨城県東茨城郡大洗町大貫町３２６９－１" }, "geometry": { "type": "Point", "coordinates": [ 140.553343, 36.305393 ] } },
{ "type": "Feature", "properties": { "ID": 82208518233, "正式名称": "中央泌尿器科クリニック", "機関区分": 2, "都道府県コード": 8, "市区町村コード": 201, "所在地": "茨城県水戸市青柳町４０５２－６", "緯度": 36.393209, "経度": 140.478674, "url": "https://www.iryou.teikyouseido.mhlw.go.jp/znk-web/juminkanja/S2430/initialize?prefCd=08&kikanCd=208518233&kikanKbn=2", "url2": "https://sites.google.com/view/310u/", "内容": "中央泌尿器科クリニック【2:診療所】【診療科目:泌尿器科】茨城県水戸市青柳町４０５２－６" }, "geometry": { "type": "Point", "coordinates": [ 140.478674, 36.393209 ] } },
{ "type": "Feature", "properties": { "ID": 82208518246, "正式名称": "澤田医院", "機関区分": 2, "都道府県コード": 8, "市区町村コード": 201, "所在地": "茨城県水戸市吉沢町３４５－３９", "緯度": 36.327225, "経度": 140.45868, "url": "https://www.iryou.teikyouseido.mhlw.go.jp/znk-web/juminkanja/S2430/initialize?prefCd=08&kikanCd=208518246&kikanKbn=2", "url2": null, "内容": "澤田医院【2:診療所】【診療科目:皮膚科】茨城県水戸市吉沢町３４５－３９" }, "geometry": { "type": "Point", "coordinates": [ 140.45868, 36.327225 ] } },
{ "type": "Feature", "properties": { "ID": 82208518783, "正式名称": "大洗そのお眼科", "機関区分": 2, "都道府県コード": 8, "市区町村コード": 309, "所在地": "茨城県東茨城郡大洗町桜道２７８", "緯度": 36.312778, "経度": 140.566944, "url": "https://www.iryou.teikyouseido.mhlw.go.jp/znk-web/juminkanja/S2430/initialize?prefCd=08&kikanCd=208518783&kikanKbn=2", "url2": "https://sonoo-ganka.com/", "内容": "大洗そのお眼科【2:診療所】【診療科目:眼科】茨城県東茨城郡大洗町桜道２７８" }, "geometry": { "type": "Point", "coordinates": [ 140.566944, 36.312778 ] } },
{ "type": "Feature", "properties": { "ID": 82208518956, "正式名称": "本多眼科医院", "機関区分": 2, "都道府県コード": 8, "市区町村コード": 201, "所在地": "茨城県水戸市梅香２－２－４６", "緯度": 36.376473, "経度": 140.466635, "url": "https://www.iryou.teikyouseido.mhlw.go.jp/znk-web/juminkanja/S2430/initialize?prefCd=08&kikanCd=208518956&kikanKbn=2", "url2": "https://www.hondaganka.jp/", "内容": "本多眼科医院【2:診療所】【診療科目:眼科】茨城県水戸市梅香２－２－４６" }, "geometry": { "type": "Point", "coordinates": [ 140.466635, 36.376473 ] } },
{ "type": "Feature", "properties": { "ID": 82208519070, "正式名称": "いちょう坂クリニック", "機関区分": 2, "都道府県コード": 8, "市区町村コード": 201, "所在地": "茨城県水戸市三の丸１－４－７３　水戸京成ビル１階", "緯度": 36.373186, "経度": 140.475227, "url": "https://www.iryou.teikyouseido.mhlw.go.jp/znk-web/juminkanja/S2430/initialize?prefCd=08&kikanCd=208519070&kikanKbn=2", "url2": "http://www.icyozaka-clinic.com/", "内容": "いちょう坂クリニック【2:診療所】【診療科目:内科_糖尿病・内分泌内科_呼吸器内科_循環器内科_消化器内科_アレルギー疾患内科】茨城県水戸市三の丸１－４－７３　水戸京成ビル１階" }, "geometry": { "type": "Point", "coordinates": [ 140.475227, 36.373186 ] } },
{ "type": "Feature", "properties": { "ID": 82208519201, "正式名称": "ＴＯＭＯこどもクリニック", "機関区分": 2, "都道府県コード": 8, "市区町村コード": 201, "所在地": "茨城県水戸市見川二丁目１０８番地２６アーバンテラス一周館Ａ棟２階の２０１－１号", "緯度": 36.37388, "経度": 140.433117, "url": "https://www.iryou.teikyouseido.mhlw.go.jp/znk-web/juminkanja/S2430/initialize?prefCd=08&kikanCd=208519201&kikanKbn=2", "url2": null, "内容": "ＴＯＭＯこどもクリニック【2:診療所】【診療科目:小児科】茨城県水戸市見川二丁目１０８番地２６アーバンテラス一周館Ａ棟２階の２０１－１号" }, "geometry": { "type": "Point", "coordinates": [ 140.433117, 36.37388 ] } },
{ "type": "Feature", "properties": { "ID": 82208519243, "正式名称": "医療法人社団友健会　水戸ホームクリニック", "機関区分": 2, "都道府県コード": 8, "市区町村コード": 201, "所在地": "茨城県水戸市栄町１－１０－１０レスカールマンション１０７号室，１０８号室", "緯度": 36.383215, "経度": 140.45674, "url": "https://www.iryou.teikyouseido.mhlw.go.jp/znk-web/juminkanja/S2430/initialize?prefCd=08&kikanCd=208519243&kikanKbn=2", "url2": "http://mitohome-cl.jp/", "内容": "医療法人社団友健会　水戸ホームクリニック【2:診療所】【診療科目:内科】茨城県水戸市栄町１－１０－１０レスカールマンション１０７号室，１０８号室" }, "geometry": { "type": "Point", "coordinates": [ 140.45674, 36.383215 ] } },
{ "type": "Feature", "properties": { "ID": 82208519474, "正式名称": "医療法人社団ひまわり会あかつか慶友メディカルクリニック", "機関区分": 2, "都道府県コード": 8, "市区町村コード": 201, "所在地": "茨城県水戸市河和田町４７７７－１", "緯度": 36.374049, "経度": 140.397512, "url": "https://www.iryou.teikyouseido.mhlw.go.jp/znk-web/juminkanja/S2430/initialize?prefCd=08&kikanCd=208519474&kikanKbn=2", "url2": null, "内容": "医療法人社団ひまわり会あかつか慶友メディカルクリニック【2:診療所】【診療科目:整形外科_皮膚科_美容皮膚科_リハビリテーション科】茨城県水戸市河和田町４７７７－１" }, "geometry": { "type": "Point", "coordinates": [ 140.397512, 36.374049 ] } },
{ "type": "Feature", "properties": { "ID": 82208519546, "正式名称": "医療法人社団成美会　トモスみとクリニック", "機関区分": 2, "都道府県コード": 8, "市区町村コード": 201, "所在地": "茨城県水戸市大工町１－２－３　トモスみとビル２Ｆ", "緯度": 36.380059, "経度": 140.458492, "url": "https://www.iryou.teikyouseido.mhlw.go.jp/znk-web/juminkanja/S2430/initialize?prefCd=08&kikanCd=208519546&kikanKbn=2", "url2": "https://seibikai.jp.net/tomosmito/", "内容": "医療法人社団成美会　トモスみとクリニック【2:診療所】【診療科目:内科_人工透析内科】茨城県水戸市大工町１－２－３　トモスみとビル２Ｆ" }, "geometry": { "type": "Point", "coordinates": [ 140.458492, 36.380059 ] } },
{ "type": "Feature", "properties": { "ID": 82208519849, "正式名称": "水戸メンタルクリニック", "機関区分": 2, "都道府県コード": 8, "市区町村コード": 201, "所在地": "茨城県水戸市梅香１－２－５０", "緯度": 36.37434, "経度": 140.470012, "url": "https://www.iryou.teikyouseido.mhlw.go.jp/znk-web/juminkanja/S2430/initialize?prefCd=08&kikanCd=208519849&kikanKbn=2", "url2": "http://epsy1155.xsrv.jp/mito-mental/", "内容": "水戸メンタルクリニック【2:診療所】【診療科目:精神科_心療内科】茨城県水戸市梅香１－２－５０" }, "geometry": { "type": "Point", "coordinates": [ 140.470012, 36.37434 ] } },
{ "type": "Feature", "properties": { "ID": 82208520054, "正式名称": "神里医院", "機関区分": 2, "都道府県コード": 8, "市区町村コード": 216, "所在地": "茨城県笠間市笠間１２５６", "緯度": 36.3825, "経度": 140.257778, "url": "https://www.iryou.teikyouseido.mhlw.go.jp/znk-web/juminkanja/S2430/initialize?prefCd=08&kikanCd=208520054&kikanKbn=2", "url2": "http://kamisato2013.byoinnavi.jp/pc/index.html", "内容": "神里医院【2:診療所】【診療科目:内科_呼吸器内科_循環器内科_消化器内科_小児科_アレルギー科_リウマチ科_リハビリテーション科_放射線科】茨城県笠間市笠間１２５６" }, "geometry": { "type": "Point", "coordinates": [ 140.257778, 36.3825 ] } },
{ "type": "Feature", "properties": { "ID": 82208520067, "正式名称": "医療法人河村医院", "機関区分": 2, "都道府県コード": 8, "市区町村コード": 216, "所在地": "茨城県笠間市笠間２２３ー２", "緯度": 36.386667, "経度": 140.259444, "url": "https://www.iryou.teikyouseido.mhlw.go.jp/znk-web/juminkanja/S2430/initialize?prefCd=08&kikanCd=208520067&kikanKbn=2", "url2": null, "内容": "医療法人河村医院【2:診療所】【診療科目:内科_消化器内科_外科_整形外科】茨城県笠間市笠間２２３ー２" }, "geometry": { "type": "Point", "coordinates": [ 140.259444, 36.386667 ] } },
{ "type": "Feature", "properties": { "ID": 82208520083, "正式名称": "医療法人玲羊会　佐藤医院", "機関区分": 2, "都道府県コード": 8, "市区町村コード": 216, "所在地": "茨城県笠間市笠間９８１－８", "緯度": 36.380278, "経度": 140.26, "url": "https://www.iryou.teikyouseido.mhlw.go.jp/znk-web/juminkanja/S2430/initialize?prefCd=08&kikanCd=208520083&kikanKbn=2", "url2": "https://www7a.biglobe.ne.jp/~sahuji/", "内容": "医療法人玲羊会　佐藤医院【2:診療所】【診療科目:内科_呼吸器内科_小児科】茨城県笠間市笠間９８１－８" }, "geometry": { "type": "Point", "coordinates": [ 140.26, 36.380278 ] } },
{ "type": "Feature", "properties": { "ID": 82208520100, "正式名称": "柳橋医院", "機関区分": 2, "都道府県コード": 8, "市区町村コード": 216, "所在地": "茨城県笠間市稲田７７５番地", "緯度": 36.36725, "経度": 140.20709, "url": "https://www.iryou.teikyouseido.mhlw.go.jp/znk-web/juminkanja/S2430/initialize?prefCd=08&kikanCd=208520100&kikanKbn=2", "url2": null, "内容": "柳橋医院【2:診療所】【診療科目:内科_整形外科_形成外科】茨城県笠間市稲田７７５番地" }, "geometry": { "type": "Point", "coordinates": [ 140.20709, 36.36725 ] } },
{ "type": "Feature", "properties": { "ID": 82208520139, "正式名称": "いけうち医院", "機関区分": 2, "都道府県コード": 8, "市区町村コード": 216, "所在地": "茨城県笠間市笠間１２００番地", "緯度": 36.38501, "経度": 140.25287, "url": "https://www.iryou.teikyouseido.mhlw.go.jp/znk-web/juminkanja/S2430/initialize?prefCd=08&kikanCd=208520139&kikanKbn=2", "url2": null, "内容": "いけうち医院【2:診療所】【診療科目:内科_小児科_心療内科】茨城県笠間市笠間１２００番地" }, "geometry": { "type": "Point", "coordinates": [ 140.25287, 36.38501 ] } },
{ "type": "Feature", "properties": { "ID": 82208520168, "正式名称": "塙医院", "機関区分": 2, "都道府県コード": 8, "市区町村コード": 216, "所在地": "茨城県笠間市八雲２ー４ー１１", "緯度": 36.342778, "経度": 140.306667, "url": "https://www.iryou.teikyouseido.mhlw.go.jp/znk-web/juminkanja/S2430/initialize?prefCd=08&kikanCd=208520168&kikanKbn=2", "url2": null, "内容": "塙医院【2:診療所】【診療科目:内科_小児科_リウマチ科】茨城県笠間市八雲２ー４ー１１" }, "geometry": { "type": "Point", "coordinates": [ 140.306667, 36.342778 ] } },
{ "type": "Feature", "properties": { "ID": 82208520227, "正式名称": "医療法人社団梅林会梅里クリニック", "機関区分": 2, "都道府県コード": 8, "市区町村コード": 216, "所在地": "茨城県笠間市下郷４４６８", "緯度": 36.293889, "経度": 140.281667, "url": "https://www.iryou.teikyouseido.mhlw.go.jp/znk-web/juminkanja/S2430/initialize?prefCd=08&kikanCd=208520227&kikanKbn=2", "url2": "https://www.umesato-clinic.com", "内容": "医療法人社団梅林会梅里クリニック【2:診療所】【診療科目:内科_脳神経内科_小児科_皮膚科】茨城県笠間市下郷４４６８" }, "geometry": { "type": "Point", "coordinates": [ 140.281667, 36.293889 ] } },
{ "type": "Feature", "properties": { "ID": 82208520328, "正式名称": "平島医院", "機関区分": 2, "都道府県コード": 8, "市区町村コード": 231, "所在地": "茨城県桜川市岩瀬１９８", "緯度": 36.363889, "経度": 140.122222, "url": "https://www.iryou.teikyouseido.mhlw.go.jp/znk-web/juminkanja/S2430/initialize?prefCd=08&kikanCd=208520328&kikanKbn=2", "url2": null, "内容": "平島医院【2:診療所】【診療科目:内科_循環器内科_小児科】茨城県桜川市岩瀬１９８" }, "geometry": { "type": "Point", "coordinates": [ 140.122222, 36.363889 ] } },
{ "type": "Feature", "properties": { "ID": 82208520403, "正式名称": "せいかん荘クリニック", "機関区分": 2, "都道府県コード": 8, "市区町村コード": 231, "所在地": "茨城県桜川市岩瀬１５４０", "緯度": 36.363889, "経度": 140.122222, "url": "https://www.iryou.teikyouseido.mhlw.go.jp/znk-web/juminkanja/S2430/initialize?prefCd=08&kikanCd=208520403&kikanKbn=2", "url2": null, "内容": "せいかん荘クリニック【2:診療所】【診療科目:内科_循環器内科_精神科】茨城県桜川市岩瀬１５４０" }, "geometry": { "type": "Point", "coordinates": [ 140.122222, 36.363889 ] } },
{ "type": "Feature", "properties": { "ID": 82208520416, "正式名称": "袖山医院本院", "機関区分": 2, "都道府県コード": 8, "市区町村コード": 231, "所在地": "茨城県桜川市西桜川１－４３", "緯度": 36.360833, "経度": 140.11, "url": "https://www.iryou.teikyouseido.mhlw.go.jp/znk-web/juminkanja/S2430/initialize?prefCd=08&kikanCd=208520416&kikanKbn=2", "url2": null, "内容": "袖山医院本院【2:診療所】【診療科目:内科_眼科】茨城県桜川市西桜川１－４３" }, "geometry": { "type": "Point", "coordinates": [ 140.11, 36.360833 ] } },
{ "type": "Feature", "properties": { "ID": 82208520487, "正式名称": "笠間眼科", "機関区分": 2, "都道府県コード": 8, "市区町村コード": 216, "所在地": "茨城県笠間市笠間４３２９－２", "緯度": 36.371667, "経度": 140.251667, "url": "https://www.iryou.teikyouseido.mhlw.go.jp/znk-web/juminkanja/S2430/initialize?prefCd=08&kikanCd=208520487&kikanKbn=2", "url2": null, "内容": "笠間眼科【2:診療所】【診療科目:眼科】茨城県笠間市笠間４３２９－２" }, "geometry": { "type": "Point", "coordinates": [ 140.251667, 36.371667 ] } },
{ "type": "Feature", "properties": { "ID": 82208520490, "正式名称": "武藤医院", "機関区分": 2, "都道府県コード": 8, "市区町村コード": 216, "所在地": "茨城県笠間市平町１６３５−１", "緯度": 36.338272, "経度": 140.310776, "url": "https://www.iryou.teikyouseido.mhlw.go.jp/znk-web/juminkanja/S2430/initialize?prefCd=08&kikanCd=208520490&kikanKbn=2", "url2": "https://mutou-cl.jp/", "内容": "武藤医院【2:診療所】【診療科目:内科_皮膚科_美容皮膚科】茨城県笠間市平町１６３５−１" }, "geometry": { "type": "Point", "coordinates": [ 140.310776, 36.338272 ] } },
{ "type": "Feature", "properties": { "ID": 82208520517, "正式名称": "鏑木クリニック", "機関区分": 2, "都道府県コード": 8, "市区町村コード": 231, "所在地": "茨城県桜川市加茂部４－１", "緯度": 36.35614, "経度": 140.151511, "url": "https://www.iryou.teikyouseido.mhlw.go.jp/znk-web/juminkanja/S2430/initialize?prefCd=08&kikanCd=208520517&kikanKbn=2", "url2": null, "内容": "鏑木クリニック【2:診療所】【診療科目:内科_胃腸内科_外科_小児科】茨城県桜川市加茂部４－１" }, "geometry": { "type": "Point", "coordinates": [ 140.151511, 36.35614 ] } },
{ "type": "Feature", "properties": { "ID": 82208520559, "正式名称": "常陸クリニック", "機関区分": 2, "都道府県コード": 8, "市区町村コード": 216, "所在地": "茨城県笠間市旭町４７２ー１", "緯度": 36.322778, "経度": 140.329444, "url": "https://www.iryou.teikyouseido.mhlw.go.jp/znk-web/juminkanja/S2430/initialize?prefCd=08&kikanCd=208520559&kikanKbn=2", "url2": "http://www.hitachi-clinic.com/", "内容": "常陸クリニック【2:診療所】【診療科目:内科_循環器内科_消化器内科_外科_肛門外科_整形外科】茨城県笠間市旭町４７２ー１" }, "geometry": { "type": "Point", "coordinates": [ 140.329444, 36.322778 ] } },
{ "type": "Feature", "properties": { "ID": 82208520562, "正式名称": "笠間耳鼻咽喉科", "機関区分": 2, "都道府県コード": 8, "市区町村コード": 216, "所在地": "茨城県笠間市笠間１１０７－４", "緯度": 36.384444, "経度": 140.260556, "url": "https://www.iryou.teikyouseido.mhlw.go.jp/znk-web/juminkanja/S2430/initialize?prefCd=08&kikanCd=208520562&kikanKbn=2", "url2": "kasama-eivt-medical.com", "内容": "笠間耳鼻咽喉科【2:診療所】【診療科目:耳鼻いんこう科】茨城県笠間市笠間１１０７－４" }, "geometry": { "type": "Point", "coordinates": [ 140.260556, 36.384444 ] } },
{ "type": "Feature", "properties": { "ID": 82208520588, "正式名称": "医療法人社団　下田整形外科", "機関区分": 2, "都道府県コード": 8, "市区町村コード": 216, "所在地": "茨城県笠間市笠間", "緯度": 36.370556, "経度": 140.250833, "url": "https://www.iryou.teikyouseido.mhlw.go.jp/znk-web/juminkanja/S2430/initialize?prefCd=08&kikanCd=208520588&kikanKbn=2", "url2": null, "内容": "医療法人社団　下田整形外科【2:診療所】【診療科目:内科_整形外科_皮膚科_リハビリテーション科】茨城県笠間市笠間" }, "geometry": { "type": "Point", "coordinates": [ 140.250833, 36.370556 ] } },
{ "type": "Feature", "properties": { "ID": 82208520591, "正式名称": "あさひクリニック", "機関区分": 2, "都道府県コード": 8, "市区町村コード": 216, "所在地": "茨城県笠間市旭町１０８－６", "緯度": 36.319722, "経度": 140.3225, "url": "https://www.iryou.teikyouseido.mhlw.go.jp/znk-web/juminkanja/S2430/initialize?prefCd=08&kikanCd=208520591&kikanKbn=2", "url2": "http://www.asahi-cl.blogdehp.ne.jp/", "内容": "あさひクリニック【2:診療所】【診療科目:内科_呼吸器内科_消化器内科_神経内科_小児科_アレルギー科】茨城県笠間市旭町１０８－６" }, "geometry": { "type": "Point", "coordinates": [ 140.3225, 36.319722 ] } },
{ "type": "Feature", "properties": { "ID": 82208520605, "正式名称": "粟屋医院", "機関区分": 2, "都道府県コード": 8, "市区町村コード": 216, "所在地": "茨城県笠間市笠間３０３番地", "緯度": 36.391622, "経度": 140.256985, "url": "https://www.iryou.teikyouseido.mhlw.go.jp/znk-web/juminkanja/S2430/initialize?prefCd=08&kikanCd=208520605&kikanKbn=2", "url2": null, "内容": "粟屋医院【2:診療所】【診療科目:内科_皮膚科】茨城県笠間市笠間３０３番地" }, "geometry": { "type": "Point", "coordinates": [ 140.256985, 36.391622 ] } },
{ "type": "Feature", "properties": { "ID": 82208530057, "正式名称": "小宅内科医院", "機関区分": 2, "都道府県コード": 8, "市区町村コード": 226, "所在地": "茨城県那珂市菅谷４３７０－２", "緯度": 36.449191, "経度": 140.493649, "url": "https://www.iryou.teikyouseido.mhlw.go.jp/znk-web/juminkanja/S2430/initialize?prefCd=08&kikanCd=208530057&kikanKbn=2", "url2": "https://www.citydo.com/prf/ibaraki/guide/sg/165001562.html", "内容": "小宅内科医院【2:診療所】【診療科目:内科_小児科】茨城県那珂市菅谷４３７０－２" }, "geometry": { "type": "Point", "coordinates": [ 140.493649, 36.449191 ] } },
{ "type": "Feature", "properties": { "ID": 82208530158, "正式名称": "瓜連中央医院", "機関区分": 2, "都道府県コード": 8, "市区町村コード": 226, "所在地": "茨城県那珂市瓜連１６４７", "緯度": 36.499167, "経度": 140.452222, "url": "https://www.iryou.teikyouseido.mhlw.go.jp/znk-web/juminkanja/S2430/initialize?prefCd=08&kikanCd=208530158&kikanKbn=2", "url2": null, "内容": "瓜連中央医院【2:診療所】【診療科目:内科_外科_整形外科_皮膚科】茨城県那珂市瓜連１６４７" }, "geometry": { "type": "Point", "coordinates": [ 140.452222, 36.499167 ] } },
{ "type": "Feature", "properties": { "ID": 82208530233, "正式名称": "大曽根内科小児科", "機関区分": 2, "都道府県コード": 8, "市区町村コード": 225, "所在地": "茨城県常陸大宮市栄町１３４５", "緯度": 36.54305, "経度": 140.417835, "url": "https://www.iryou.teikyouseido.mhlw.go.jp/znk-web/juminkanja/S2430/initialize?prefCd=08&kikanCd=208530233&kikanKbn=2", "url2": null, "内容": "大曽根内科小児科【2:診療所】【診療科目:内科_小児科】茨城県常陸大宮市栄町１３４５" }, "geometry": { "type": "Point", "coordinates": [ 140.417835, 36.54305 ] } },
{ "type": "Feature", "properties": { "ID": 82208530321, "正式名称": "上久保医院", "機関区分": 2, "都道府県コード": 8, "市区町村コード": 225, "所在地": "茨城県常陸大宮市東富町４６６", "緯度": 36.554639, "経度": 140.411305, "url": "https://www.iryou.teikyouseido.mhlw.go.jp/znk-web/juminkanja/S2430/initialize?prefCd=08&kikanCd=208530321&kikanKbn=2", "url2": "https://www.kamikubo-clinic.jp", "内容": "上久保医院【2:診療所】【診療科目:内科_小児科】茨城県常陸大宮市東富町４６６" }, "geometry": { "type": "Point", "coordinates": [ 140.411305, 36.554639 ] } },
{ "type": "Feature", "properties": { "ID": 82208530376, "正式名称": "医療法人　高村外科医院", "機関区分": 2, "都道府県コード": 8, "市区町村コード": 225, "所在地": "茨城県常陸大宮市山方１１１７－１", "緯度": 36.63197, "経度": 140.39638, "url": "https://www.iryou.teikyouseido.mhlw.go.jp/znk-web/juminkanja/S2430/initialize?prefCd=08&kikanCd=208530376&kikanKbn=2", "url2": null, "内容": "医療法人　高村外科医院【2:診療所】【診療科目:内科_消化器内科_外科_肛門外科_整形外科_皮膚科_泌尿器科_リハビリテーション科】茨城県常陸大宮市山方１１１７－１" }, "geometry": { "type": "Point", "coordinates": [ 140.39638, 36.63197 ] } },
{ "type": "Feature", "properties": { "ID": 82208530451, "正式名称": "塙内科消化器科", "機関区分": 2, "都道府県コード": 8, "市区町村コード": 226, "所在地": "茨城県那珂市後台３２３８－１", "緯度": 36.421542, "経度": 140.495244, "url": "https://www.iryou.teikyouseido.mhlw.go.jp/znk-web/juminkanja/S2430/initialize?prefCd=08&kikanCd=208530451&kikanKbn=2", "url2": null, "内容": "塙内科消化器科【2:診療所】【診療科目:内科_循環器内科_消化器内科_小児科_皮膚科_心療内科】茨城県那珂市後台３２３８－１" }, "geometry": { "type": "Point", "coordinates": [ 140.495244, 36.421542 ] } },
{ "type": "Feature", "properties": { "ID": 82208530493, "正式名称": "医療法人社団弘徳会大串医院", "機関区分": 2, "都道府県コード": 8, "市区町村コード": 225, "所在地": "茨城県常陸大宮市山方９２８", "緯度": 36.624591, "経度": 140.402035, "url": "https://www.iryou.teikyouseido.mhlw.go.jp/znk-web/juminkanja/S2430/initialize?prefCd=08&kikanCd=208530493&kikanKbn=2", "url2": null, "内容": "医療法人社団弘徳会大串医院【2:診療所】【診療科目:内科_小児科_皮膚科】茨城県常陸大宮市山方９２８" }, "geometry": { "type": "Point", "coordinates": [ 140.402035, 36.624591 ] } },
{ "type": "Feature", "properties": { "ID": 82208530536, "正式名称": "小野瀬医院", "機関区分": 2, "都道府県コード": 8, "市区町村コード": 226, "所在地": "茨城県那珂市後台１８２９－５", "緯度": 36.425556, "経度": 140.478333, "url": "https://www.iryou.teikyouseido.mhlw.go.jp/znk-web/juminkanja/S2430/initialize?prefCd=08&kikanCd=208530536&kikanKbn=2", "url2": "http://www.onose-clinic.com/", "内容": "小野瀬医院【2:診療所】【診療科目:内科_整形外科_リハビリテーション科】茨城県那珂市後台１８２９－５" }, "geometry": { "type": "Point", "coordinates": [ 140.478333, 36.425556 ] } },
{ "type": "Feature", "properties": { "ID": 82208530565, "正式名称": "住吉クリニック病院附属大宮診療所", "機関区分": 2, "都道府県コード": 8, "市区町村コード": 225, "所在地": "茨城県常陸大宮市姥賀町５５９－５", "緯度": 36.555278, "経度": 140.410833, "url": "https://www.iryou.teikyouseido.mhlw.go.jp/znk-web/juminkanja/S2430/initialize?prefCd=08&kikanCd=208530565&kikanKbn=2", "url2": null, "内容": "住吉クリニック病院附属大宮診療所【2:診療所】【診療科目:内科_腎臓内科】茨城県常陸大宮市姥賀町５５９－５" }, "geometry": { "type": "Point", "coordinates": [ 140.410833, 36.555278 ] } },
{ "type": "Feature", "properties": { "ID": 82208530640, "正式名称": "せき耳鼻咽喉科クリニック", "機関区分": 2, "都道府県コード": 8, "市区町村コード": 226, "所在地": "茨城県那珂市菅谷６１８－３６", "緯度": 36.455, "経度": 140.501111, "url": "https://www.iryou.teikyouseido.mhlw.go.jp/znk-web/juminkanja/S2430/initialize?prefCd=08&kikanCd=208530640&kikanKbn=2", "url2": null, "内容": "せき耳鼻咽喉科クリニック【2:診療所】【診療科目:耳鼻いんこう科】茨城県那珂市菅谷６１８－３６" }, "geometry": { "type": "Point", "coordinates": [ 140.501111, 36.455 ] } },
{ "type": "Feature", "properties": { "ID": 82208530653, "正式名称": "医療法人社団　國友会　小泉医院", "機関区分": 2, "都道府県コード": 8, "市区町村コード": 225, "所在地": "茨城県常陸大宮市上町９０９－１", "緯度": 36.548854, "経度": 140.409626, "url": "https://www.iryou.teikyouseido.mhlw.go.jp/znk-web/juminkanja/S2430/initialize?prefCd=08&kikanCd=208530653&kikanKbn=2", "url2": null, "内容": "医療法人社団　國友会　小泉医院【2:診療所】【診療科目:内科_胃腸内科_外科_肛門外科_皮膚科_リハビリテーション科】茨城県常陸大宮市上町９０９－１" }, "geometry": { "type": "Point", "coordinates": [ 140.409626, 36.548854 ] } },
{ "type": "Feature", "properties": { "ID": 82208530682, "正式名称": "那珂クリニック", "機関区分": 2, "都道府県コード": 8, "市区町村コード": 226, "所在地": "茨城県那珂市中台７１９－１", "緯度": 36.411575, "経度": 140.483689, "url": "https://www.iryou.teikyouseido.mhlw.go.jp/znk-web/juminkanja/S2430/initialize?prefCd=08&kikanCd=208530682&kikanKbn=2", "url2": "http://www.kensei-kai.com", "内容": "那珂クリニック【2:診療所】【診療科目:内科_泌尿器科】茨城県那珂市中台７１９－１" }, "geometry": { "type": "Point", "coordinates": [ 140.483689, 36.411575 ] } },
{ "type": "Feature", "properties": { "ID": 82208530725, "正式名称": "医療法人永慈会　一貫堂クリニック", "機関区分": 2, "都道府県コード": 8, "市区町村コード": 225, "所在地": "茨城県常陸大宮市下町３９９３", "緯度": 36.545278, "経度": 140.420278, "url": "https://www.iryou.teikyouseido.mhlw.go.jp/znk-web/juminkanja/S2430/initialize?prefCd=08&kikanCd=208530725&kikanKbn=2", "url2": "http://www.ikkando.or.jp", "内容": "医療法人永慈会　一貫堂クリニック【2:診療所】【診療科目:内科_乳腺・内分泌外科_精神科_心療内科】茨城県常陸大宮市下町３９９３" }, "geometry": { "type": "Point", "coordinates": [ 140.420278, 36.545278 ] } },
{ "type": "Feature", "properties": { "ID": 82208530770, "正式名称": "ののがき脳神経外科クリニック", "機関区分": 2, "都道府県コード": 8, "市区町村コード": 226, "所在地": "茨城県那珂市中台７４９－３", "緯度": 36.410567, "経度": 140.485245, "url": "https://www.iryou.teikyouseido.mhlw.go.jp/znk-web/juminkanja/S2430/initialize?prefCd=08&kikanCd=208530770&kikanKbn=2", "url2": "nonogaki-clinic.com", "内容": "ののがき脳神経外科クリニック【2:診療所】【診療科目:脳神経外科】茨城県那珂市中台７４９－３" }, "geometry": { "type": "Point", "coordinates": [ 140.485245, 36.410567 ] } },
{ "type": "Feature", "properties": { "ID": 82208530783, "正式名称": "医療法人えびすいクリニック", "機関区分": 2, "都道府県コード": 8, "市区町村コード": 226, "所在地": "茨城県那珂市竹ノ内２丁目１４－６", "緯度": 36.444167, "経度": 140.503056, "url": "https://www.iryou.teikyouseido.mhlw.go.jp/znk-web/juminkanja/S2430/initialize?prefCd=08&kikanCd=208530783&kikanKbn=2", "url2": null, "内容": "医療法人えびすいクリニック【2:診療所】【診療科目:内科_糖尿病内科_脂質代謝内科_代謝・内分泌内科_呼吸器内科_消化器内科_肝臓内科_外科_整形外科_皮膚科】茨城県那珂市竹ノ内２丁目１４－６" }, "geometry": { "type": "Point", "coordinates": [ 140.503056, 36.444167 ] } },
{ "type": "Feature", "properties": { "ID": 82208530796, "正式名称": "岡田クリニック", "機関区分": 2, "都道府県コード": 8, "市区町村コード": 226, "所在地": "茨城県那珂市後台３１２７－７", "緯度": 36.420278, "経度": 140.508056, "url": "https://www.iryou.teikyouseido.mhlw.go.jp/znk-web/juminkanja/S2430/initialize?prefCd=08&kikanCd=208530796&kikanKbn=2", "url2": "http://www.citydo.corm/sp/029-270-8188", "内容": "岡田クリニック【2:診療所】【診療科目:内科_外科_皮膚科_泌尿器科】茨城県那珂市後台３１２７－７" }, "geometry": { "type": "Point", "coordinates": [ 140.508056, 36.420278 ] } },
{ "type": "Feature", "properties": { "ID": 82208530839, "正式名称": "さがわ皮膚科", "機関区分": 2, "都道府県コード": 8, "市区町村コード": 226, "所在地": "茨城県那珂市菅谷６６３－１３６", "緯度": 36.44375, "経度": 140.50153, "url": "https://www.iryou.teikyouseido.mhlw.go.jp/znk-web/juminkanja/S2430/initialize?prefCd=08&kikanCd=208530839&kikanKbn=2", "url2": null, "内容": "さがわ皮膚科【2:診療所】【診療科目:皮膚科_美容皮膚科_アレルギー科】茨城県那珂市菅谷６６３－１３６" }, "geometry": { "type": "Point", "coordinates": [ 140.50153, 36.44375 ] } },
{ "type": "Feature", "properties": { "ID": 82208530842, "正式名称": "脳神経外科ブレインピア南太田", "機関区分": 2, "都道府県コード": 8, "市区町村コード": 212, "所在地": "茨城県常陸太田市谷河原町１１８３－１", "緯度": 36.518056, "経度": 140.525, "url": "https://www.iryou.teikyouseido.mhlw.go.jp/znk-web/juminkanja/S2430/initialize?prefCd=08&kikanCd=208530842&kikanKbn=2", "url2": "http://www.brainpier.com", "内容": "脳神経外科ブレインピア南太田【2:診療所】【診療科目:循環器内科_脳神経外科】茨城県常陸太田市谷河原町１１８３－１" }, "geometry": { "type": "Point", "coordinates": [ 140.525, 36.518056 ] } },
{ "type": "Feature", "properties": { "ID": 82208530871, "正式名称": "根本医院", "機関区分": 2, "都道府県コード": 8, "市区町村コード": 212, "所在地": "茨城県常陸太田市久米町２００", "緯度": 36.537778, "経度": 140.48, "url": "https://www.iryou.teikyouseido.mhlw.go.jp/znk-web/juminkanja/S2430/initialize?prefCd=08&kikanCd=208530871&kikanKbn=2", "url2": "https://nemoto-clinic.com/", "内容": "根本医院【2:診療所】【診療科目:内科_呼吸器内科_循環器内科_消化器内科_小児科_耳鼻いんこう科】茨城県常陸太田市久米町２００" }, "geometry": { "type": "Point", "coordinates": [ 140.48, 36.537778 ] } },
{ "type": "Feature", "properties": { "ID": 82208530930, "正式名称": "鈴木呼吸器科内科", "機関区分": 2, "都道府県コード": 8, "市区町村コード": 226, "所在地": "茨城県那珂市中台７４９－４", "緯度": 36.412838, "経度": 140.48677, "url": "https://www.iryou.teikyouseido.mhlw.go.jp/znk-web/juminkanja/S2430/initialize?prefCd=08&kikanCd=208530930&kikanKbn=2", "url2": null, "内容": "鈴木呼吸器科内科【2:診療所】【診療科目:内科_呼吸器内科】茨城県那珂市中台７４９－４" }, "geometry": { "type": "Point", "coordinates": [ 140.48677, 36.412838 ] } },
{ "type": "Feature", "properties": { "ID": 82208530956, "正式名称": "佐竹南台菜のはなクリニック", "機関区分": 2, "都道府県コード": 8, "市区町村コード": 212, "所在地": "茨城県常陸太田市天神林町８７０－２４５", "緯度": 36.520278, "経度": 140.511944, "url": "https://www.iryou.teikyouseido.mhlw.go.jp/znk-web/juminkanja/S2430/initialize?prefCd=08&kikanCd=208530956&kikanKbn=2", "url2": "http://www.nanohanaclinic.jp", "内容": "佐竹南台菜のはなクリニック【2:診療所】【診療科目:内科_神経内科_外科_脳神経外科_整形外科_小児科_アレルギー科】茨城県常陸太田市天神林町８７０－２４５" }, "geometry": { "type": "Point", "coordinates": [ 140.511944, 36.520278 ] } },
{ "type": "Feature", "properties": { "ID": 82208530972, "正式名称": "常陸太田市天下野診療所", "機関区分": 2, "都道府県コード": 8, "市区町村コード": 212, "所在地": "茨城県常陸太田市天下野町４９５４", "緯度": 36.659722, "経度": 140.478333, "url": "https://www.iryou.teikyouseido.mhlw.go.jp/znk-web/juminkanja/S2430/initialize?prefCd=08&kikanCd=208530972&kikanKbn=2", "url2": null, "内容": "常陸太田市天下野診療所【2:診療所】【診療科目:内科】茨城県常陸太田市天下野町４９５４" }, "geometry": { "type": "Point", "coordinates": [ 140.478333, 36.659722 ] } },
{ "type": "Feature", "properties": { "ID": 82208530998, "正式名称": "河野胃腸科外科", "機関区分": 2, "都道府県コード": 8, "市区町村コード": 226, "所在地": "茨城県那珂市竹ノ内３ー１０ー５", "緯度": 36.443889, "経度": 140.506667, "url": "https://www.iryou.teikyouseido.mhlw.go.jp/znk-web/juminkanja/S2430/initialize?prefCd=08&kikanCd=208530998&kikanKbn=2", "url2": null, "内容": "河野胃腸科外科【2:診療所】【診療科目:内科_消化器内科_外科_消化器外科_肛門外科】茨城県那珂市竹ノ内３ー１０ー５" }, "geometry": { "type": "Point", "coordinates": [ 140.506667, 36.443889 ] } },
{ "type": "Feature", "properties": { "ID": 82208531041, "正式名称": "医療法人緒川クリニック", "機関区分": 2, "都道府県コード": 8, "市区町村コード": 225, "所在地": "茨城県常陸大宮市上小瀬１４２６－１", "緯度": 36.599444, "経度": 140.329444, "url": "https://www.iryou.teikyouseido.mhlw.go.jp/znk-web/juminkanja/S2430/initialize?prefCd=08&kikanCd=208531041&kikanKbn=2", "url2": null, "内容": "医療法人緒川クリニック【2:診療所】【診療科目:内科_呼吸器内科_循環器内科_消化器内科_小児科_皮膚科_泌尿器科_リハビリテーション科】茨城県常陸大宮市上小瀬１４２６－１" }, "geometry": { "type": "Point", "coordinates": [ 140.329444, 36.599444 ] } },
{ "type": "Feature", "properties": { "ID": 82208531067, "正式名称": "ひたちの中央クリニック", "機関区分": 2, "都道府県コード": 8, "市区町村コード": 212, "所在地": "茨城県常陸太田市木崎二町９３１－６", "緯度": 36.531724, "経度": 140.524758, "url": "https://www.iryou.teikyouseido.mhlw.go.jp/znk-web/juminkanja/S2430/initialize?prefCd=08&kikanCd=208531067&kikanKbn=2", "url2": "http://hitachino.teishinkai.or.jp/", "内容": "ひたちの中央クリニック【2:診療所】【診療科目:内科_血液内科_糖尿病内科_内分泌内科_糖尿病・代謝内科_脳神経内科_呼吸器内科_循環器内科_消化器内科_腎臓内科_神経内科_アレルギー疾患内科_心臓血管外科_整形外科_小児科_皮膚科_アレルギー科】茨城県常陸太田市木崎二町９３１－６" }, "geometry": { "type": "Point", "coordinates": [ 140.524758, 36.531724 ] } },
{ "type": "Feature", "properties": { "ID": 82208531096, "正式名称": "医療法人保内郷厚生会保内郷メディカルクリニック", "機関区分": 2, "都道府県コード": 8, "市区町村コード": 364, "所在地": "茨城県久慈郡大子町大子８２４", "緯度": 36.766944, "経度": 140.358056, "url": "https://www.iryou.teikyouseido.mhlw.go.jp/znk-web/juminkanja/S2430/initialize?prefCd=08&kikanCd=208531096&kikanKbn=2", "url2": "http://honaigo.com", "内容": "医療法人保内郷厚生会保内郷メディカルクリニック【2:診療所】【診療科目:内科_消化器内科_外科_整形外科_耳鼻いんこう科_皮膚科_麻酔科】茨城県久慈郡大子町大子８２４" }, "geometry": { "type": "Point", "coordinates": [ 140.358056, 36.766944 ] } },
{ "type": "Feature", "properties": { "ID": 82208531100, "正式名称": "太田ネフロクリニック", "機関区分": 2, "都道府県コード": 8, "市区町村コード": 212, "所在地": "茨城県常陸太田市谷河原町", "緯度": 36.511111, "経度": 140.528333, "url": "https://www.iryou.teikyouseido.mhlw.go.jp/znk-web/juminkanja/S2430/initialize?prefCd=08&kikanCd=208531100&kikanKbn=2", "url2": "https://www.nephroclinic.net/", "内容": "太田ネフロクリニック【2:診療所】【診療科目:内科_循環器内科_人工透析内科】茨城県常陸太田市谷河原町" }, "geometry": { "type": "Point", "coordinates": [ 140.528333, 36.511111 ] } },
{ "type": "Feature", "properties": { "ID": 82208531171, "正式名称": "なかむらクリニック", "機関区分": 2, "都道府県コード": 8, "市区町村コード": 226, "所在地": "茨城県那珂市飯田２８２２－１", "緯度": 36.456389, "経度": 140.452222, "url": "https://www.iryou.teikyouseido.mhlw.go.jp/znk-web/juminkanja/S2430/initialize?prefCd=08&kikanCd=208531171&kikanKbn=2", "url2": "http://naka-cl.com/", "内容": "なかむらクリニック【2:診療所】【診療科目:内科_泌尿器科】茨城県那珂市飯田２８２２－１" }, "geometry": { "type": "Point", "coordinates": [ 140.452222, 36.456389 ] } },
{ "type": "Feature", "properties": { "ID": 82208531184, "正式名称": "那珂キッズクリニック小児科", "機関区分": 2, "都道府県コード": 8, "市区町村コード": 226, "所在地": "茨城県那珂市竹ノ内３－２－２", "緯度": 36.449354, "経度": 140.5040315, "url": "https://www.iryou.teikyouseido.mhlw.go.jp/znk-web/juminkanja/S2430/initialize?prefCd=08&kikanCd=208531184&kikanKbn=2", "url2": null, "内容": "那珂キッズクリニック小児科【2:診療所】【診療科目:小児科】茨城県那珂市竹ノ内３－２－２" }, "geometry": { "type": "Point", "coordinates": [ 140.5040315, 36.449354 ] } },
{ "type": "Feature", "properties": { "ID": 82208531357, "正式名称": "岡崎外科医院", "機関区分": 2, "都道府県コード": 8, "市区町村コード": 225, "所在地": "茨城県常陸大宮市中富町１００３－６", "緯度": 36.540278, "経度": 140.413056, "url": "https://www.iryou.teikyouseido.mhlw.go.jp/znk-web/juminkanja/S2430/initialize?prefCd=08&kikanCd=208531357&kikanKbn=2", "url2": null, "内容": "岡崎外科医院【2:診療所】【診療科目:内科_外科_脳神経外科】茨城県常陸大宮市中富町１００３－６" }, "geometry": { "type": "Point", "coordinates": [ 140.413056, 36.540278 ] } },
{ "type": "Feature", "properties": { "ID": 82208531360, "正式名称": "那珂中央クリニック", "機関区分": 2, "都道府県コード": 8, "市区町村コード": 226, "所在地": "茨城県那珂市飯田１７３３－１", "緯度": 36.451389, "経度": 140.458056, "url": "https://www.iryou.teikyouseido.mhlw.go.jp/znk-web/juminkanja/S2430/initialize?prefCd=08&kikanCd=208531360&kikanKbn=2", "url2": null, "内容": "那珂中央クリニック【2:診療所】【診療科目:内科_消化器内科】茨城県那珂市飯田１７３３－１" }, "geometry": { "type": "Point", "coordinates": [ 140.458056, 36.451389 ] } },
{ "type": "Feature", "properties": { "ID": 82208531445, "正式名称": "常陸大宮市国民健康保険美和診療所", "機関区分": 2, "都道府県コード": 8, "市区町村コード": 225, "所在地": "茨城県常陸大宮市高部５２８１－１", "緯度": 36.659444, "経度": 140.302778, "url": "https://www.iryou.teikyouseido.mhlw.go.jp/znk-web/juminkanja/S2430/initialize?prefCd=08&kikanCd=208531445&kikanKbn=2", "url2": "http://www.city.hitachiomiya.lg.jp/page/page000586.html", "内容": "常陸大宮市国民健康保険美和診療所【2:診療所】【診療科目:内科_小児科_歯科】茨城県常陸大宮市高部５２８１－１" }, "geometry": { "type": "Point", "coordinates": [ 140.302778, 36.659444 ] } },
{ "type": "Feature", "properties": { "ID": 82208531591, "正式名称": "医療法人　エヌ・ティークリニック", "機関区分": 2, "都道府県コード": 8, "市区町村コード": 225, "所在地": "茨城県常陸大宮市中富町３１０４－１４", "緯度": 36.54, "経度": 140.411111, "url": "https://www.iryou.teikyouseido.mhlw.go.jp/znk-web/juminkanja/S2430/initialize?prefCd=08&kikanCd=208531591&kikanKbn=2", "url2": "http://www.nt-clinic.com", "内容": "医療法人　エヌ・ティークリニック【2:診療所】【診療科目:内科_循環器内科_消化器内科】茨城県常陸大宮市中富町３１０４－１４" }, "geometry": { "type": "Point", "coordinates": [ 140.411111, 36.54 ] } },
{ "type": "Feature", "properties": { "ID": 82208531605, "正式名称": "たに内科クリニック", "機関区分": 2, "都道府県コード": 8, "市区町村コード": 226, "所在地": "茨城県那珂市古徳３９７－１", "緯度": 36.49345, "経度": 140.43684, "url": "https://www.iryou.teikyouseido.mhlw.go.jp/znk-web/juminkanja/S2430/initialize?prefCd=08&kikanCd=208531605&kikanKbn=2", "url2": "http://tani-cl.com/", "内容": "たに内科クリニック【2:診療所】【診療科目:内科_循環器内科_外科】茨城県那珂市古徳３９７－１" }, "geometry": { "type": "Point", "coordinates": [ 140.43684, 36.49345 ] } },
{ "type": "Feature", "properties": { "ID": 82208531647, "正式名称": "さとう整形外科クリニック", "機関区分": 2, "都道府県コード": 8, "市区町村コード": 225, "所在地": "茨城県常陸大宮市宇留野３０９０－４", "緯度": 36.540278, "経度": 140.423333, "url": "https://www.iryou.teikyouseido.mhlw.go.jp/znk-web/juminkanja/S2430/initialize?prefCd=08&kikanCd=208531647&kikanKbn=2", "url2": "http://www.038-satoclinic.jp/", "内容": "さとう整形外科クリニック【2:診療所】【診療科目:整形外科_リハビリテーション科】茨城県常陸大宮市宇留野３０９０－４" }, "geometry": { "type": "Point", "coordinates": [ 140.423333, 36.540278 ] } },
{ "type": "Feature", "properties": { "ID": 82208531793, "正式名称": "あいざわ循環器内科クリニック", "機関区分": 2, "都道府県コード": 8, "市区町村コード": 226, "所在地": "茨城県那珂市竹ノ内２－１４－３１", "緯度": 36.443611, "経度": 140.503333, "url": "https://www.iryou.teikyouseido.mhlw.go.jp/znk-web/juminkanja/S2430/initialize?prefCd=08&kikanCd=208531793&kikanKbn=2", "url2": "http://www.aizawa-cl.com/", "内容": "あいざわ循環器内科クリニック【2:診療所】【診療科目:内科_循環器内科】茨城県那珂市竹ノ内２－１４－３１" }, "geometry": { "type": "Point", "coordinates": [ 140.503333, 36.443611 ] } },
{ "type": "Feature", "properties": { "ID": 82208531937, "正式名称": "ひたちおおみやクリニック", "機関区分": 2, "都道府県コード": 8, "市区町村コード": 225, "所在地": "茨城県常陸大宮市泉２１９－２", "緯度": 36.528333, "経度": 140.431111, "url": "https://www.iryou.teikyouseido.mhlw.go.jp/znk-web/juminkanja/S2430/initialize?prefCd=08&kikanCd=208531937&kikanKbn=2", "url2": "http://hitachiomiya-clinic.jp", "内容": "ひたちおおみやクリニック【2:診療所】【診療科目:内科_外科】茨城県常陸大宮市泉２１９－２" }, "geometry": { "type": "Point", "coordinates": [ 140.431111, 36.528333 ] } },
{ "type": "Feature", "properties": { "ID": 82208532370, "正式名称": "ひたち太田家庭医療診療所", "機関区分": 2, "都道府県コード": 8, "市区町村コード": 212, "所在地": "茨城県常陸太田市西宮町１８７６", "緯度": 36.549488, "経度": 140.53783, "url": "https://www.iryou.teikyouseido.mhlw.go.jp/znk-web/juminkanja/S2430/initialize?prefCd=08&kikanCd=208532370&kikanKbn=2", "url2": null, "内容": "ひたち太田家庭医療診療所【2:診療所】【診療科目:内科_小児科】茨城県常陸太田市西宮町１８７６" }, "geometry": { "type": "Point", "coordinates": [ 140.53783, 36.549488 ] } },
{ "type": "Feature", "properties": { "ID": 82208532439, "正式名称": "医療法人慈仁会川崎クリニック", "機関区分": 2, "都道府県コード": 8, "市区町村コード": 212, "所在地": "茨城県常陸太田市木崎二町２０４０", "緯度": 36.531667, "経度": 140.527778, "url": "https://www.iryou.teikyouseido.mhlw.go.jp/znk-web/juminkanja/S2430/initialize?prefCd=08&kikanCd=208532439&kikanKbn=2", "url2": "http://www.kawasaki-hos.or.jp", "内容": "医療法人慈仁会川崎クリニック【2:診療所】【診療科目:内科_循環器内科_消化器内科_外科_脳神経外科_整形外科】茨城県常陸太田市木崎二町２０４０" }, "geometry": { "type": "Point", "coordinates": [ 140.527778, 36.531667 ] } },
{ "type": "Feature", "properties": { "ID": 82208532543, "正式名称": "メディカルＧＰ・クリニック横堀", "機関区分": 2, "都道府県コード": 8, "市区町村コード": 226, "所在地": "茨城県那珂市横堀１２９１－２９", "緯度": 36.466389, "経度": 140.523611, "url": "https://www.iryou.teikyouseido.mhlw.go.jp/znk-web/juminkanja/S2430/initialize?prefCd=08&kikanCd=208532543&kikanKbn=2", "url2": "http://medical-gp.jp", "内容": "メディカルＧＰ・クリニック横堀【2:診療所】【診療科目:内科_消化器内科_胃腸内科_外科_肛門外科】茨城県那珂市横堀１２９１－２９" }, "geometry": { "type": "Point", "coordinates": [ 140.523611, 36.466389 ] } },
{ "type": "Feature", "properties": { "ID": 82208532660, "正式名称": "木村医院", "機関区分": 2, "都道府県コード": 8, "市区町村コード": 226, "所在地": "茨城県那珂市瓜連４５１－２", "緯度": 36.495833, "経度": 140.452778, "url": "https://www.iryou.teikyouseido.mhlw.go.jp/znk-web/juminkanja/S2430/initialize?prefCd=08&kikanCd=208532660&kikanKbn=2", "url2": null, "内容": "木村医院【2:診療所】【診療科目:内科_呼吸器内科】茨城県那珂市瓜連４５１－２" }, "geometry": { "type": "Point", "coordinates": [ 140.452778, 36.495833 ] } },
{ "type": "Feature", "properties": { "ID": 82208540180, "正式名称": "賀美診療所", "機関区分": 2, "都道府県コード": 8, "市区町村コード": 212, "所在地": "茨城県常陸太田市小菅町４０６", "緯度": 36.701126, "経度": 140.513, "url": "https://www.iryou.teikyouseido.mhlw.go.jp/znk-web/juminkanja/S2430/initialize?prefCd=08&kikanCd=208540180&kikanKbn=2", "url2": null, "内容": "賀美診療所【2:診療所】【診療科目:内科】茨城県常陸太田市小菅町４０６" }, "geometry": { "type": "Point", "coordinates": [ 140.513, 36.701126 ] } },
{ "type": "Feature", "properties": { "ID": 82208540210, "正式名称": "医療法人　龍の子会　根本眼科", "機関区分": 2, "都道府県コード": 8, "市区町村コード": 212, "所在地": "茨城県常陸太田市金井町３６９４－５", "緯度": 36.5325, "経度": 140.534167, "url": "https://www.iryou.teikyouseido.mhlw.go.jp/znk-web/juminkanja/S2430/initialize?prefCd=08&kikanCd=208540210&kikanKbn=2", "url2": "http://www.seizanso.co.jp/", "内容": "医療法人　龍の子会　根本眼科【2:診療所】【診療科目:眼科】茨城県常陸太田市金井町３６９４－５" }, "geometry": { "type": "Point", "coordinates": [ 140.534167, 36.5325 ] } },
{ "type": "Feature", "properties": { "ID": 82208540252, "正式名称": "渡辺医院", "機関区分": 2, "都道府県コード": 8, "市区町村コード": 212, "所在地": "茨城県常陸太田市西三町２１２１", "緯度": 36.534722, "経度": 140.525833, "url": "https://www.iryou.teikyouseido.mhlw.go.jp/znk-web/juminkanja/S2430/initialize?prefCd=08&kikanCd=208540252&kikanKbn=2", "url2": null, "内容": "渡辺医院【2:診療所】【診療科目:内科_小児科】茨城県常陸太田市西三町２１２１" }, "geometry": { "type": "Point", "coordinates": [ 140.525833, 36.534722 ] } },
{ "type": "Feature", "properties": { "ID": 82208540278, "正式名称": "大森医院", "機関区分": 2, "都道府県コード": 8, "市区町村コード": 212, "所在地": "茨城県常陸太田市徳田町４７４", "緯度": 36.7825, "経度": 140.4825, "url": "https://www.iryou.teikyouseido.mhlw.go.jp/znk-web/juminkanja/S2430/initialize?prefCd=08&kikanCd=208540278&kikanKbn=2", "url2": null, "内容": "大森医院【2:診療所】【診療科目:内科_消化器内科_神経内科_外科_小児科_リハビリテーション科】茨城県常陸太田市徳田町４７４" }, "geometry": { "type": "Point", "coordinates": [ 140.4825, 36.7825 ] } },
{ "type": "Feature", "properties": { "ID": 82208540294, "正式名称": "小林医院", "機関区分": 2, "都道府県コード": 8, "市区町村コード": 212, "所在地": "茨城県常陸太田市町田町２０９３", "緯度": 36.609167, "経度": 140.489167, "url": "https://www.iryou.teikyouseido.mhlw.go.jp/znk-web/juminkanja/S2430/initialize?prefCd=08&kikanCd=208540294&kikanKbn=2", "url2": "https://aijinkai.com/", "内容": "小林医院【2:診療所】【診療科目:内科_消化器内科_外科_整形外科_小児科_眼科_耳鼻いんこう科_皮膚科】茨城県常陸太田市町田町２０９３" }, "geometry": { "type": "Point", "coordinates": [ 140.489167, 36.609167 ] } },
{ "type": "Feature", "properties": { "ID": 82208540324, "正式名称": "くぼたクリニック", "機関区分": 2, "都道府県コード": 8, "市区町村コード": 212, "所在地": "茨城県常陸太田市金井町３５６６", "緯度": 36.537068, "経度": 140.527205, "url": "https://www.iryou.teikyouseido.mhlw.go.jp/znk-web/juminkanja/S2430/initialize?prefCd=08&kikanCd=208540324&kikanKbn=2", "url2": null, "内容": "くぼたクリニック【2:診療所】【診療科目:内科_アレルギー疾患内科_頭頸部外科_小児科_小児耳鼻いんこう科_耳鼻いんこう科_気管食道・耳鼻いんこう科_頭頸部・耳鼻いんこう科_耳鼻咽喉科、アレルギー科_アレルギー科】茨城県常陸太田市金井町３５６６" }, "geometry": { "type": "Point", "coordinates": [ 140.527205, 36.537068 ] } },
{ "type": "Feature", "properties": { "ID": 82208550011, "正式名称": "日立厚生医院", "機関区分": 2, "都道府県コード": 8, "市区町村コード": 202, "所在地": "茨城県日立市鮎川町５－９－９", "緯度": 36.565833, "経度": 140.639167, "url": "https://www.iryou.teikyouseido.mhlw.go.jp/znk-web/juminkanja/S2430/initialize?prefCd=08&kikanCd=208550011&kikanKbn=2", "url2": null, "内容": "日立厚生医院【2:診療所】【診療科目:内科_外科_肛門外科_小児外科】茨城県日立市鮎川町５－９－９" }, "geometry": { "type": "Point", "coordinates": [ 140.639167, 36.565833 ] } },
{ "type": "Feature", "properties": { "ID": 82208550066, "正式名称": "井村整形外科医院", "機関区分": 2, "都道府県コード": 8, "市区町村コード": 202, "所在地": "茨城県日立市大みか町６－４－１０", "緯度": 36.517154, "経度": 140.615538, "url": "https://www.iryou.teikyouseido.mhlw.go.jp/znk-web/juminkanja/S2430/initialize?prefCd=08&kikanCd=208550066&kikanKbn=2", "url2": null, "内容": "井村整形外科医院【2:診療所】【診療科目:内科_整形外科】茨城県日立市大みか町６－４－１０" }, "geometry": { "type": "Point", "coordinates": [ 140.615538, 36.517154 ] } },
{ "type": "Feature", "properties": { "ID": 82208550079, "正式名称": "医療法人小川医院", "機関区分": 2, "都道府県コード": 8, "市区町村コード": 202, "所在地": "茨城県日立市相賀町５番１号", "緯度": 36.579444, "経度": 140.663333, "url": "https://www.iryou.teikyouseido.mhlw.go.jp/znk-web/juminkanja/S2430/initialize?prefCd=08&kikanCd=208550079&kikanKbn=2", "url2": null, "内容": "医療法人小川医院【2:診療所】【診療科目:内科_糖尿病内科】茨城県日立市相賀町５番１号" }, "geometry": { "type": "Point", "coordinates": [ 140.663333, 36.579444 ] } },
{ "type": "Feature", "properties": { "ID": 82208550109, "正式名称": "大森内科医院", "機関区分": 2, "都道府県コード": 8, "市区町村コード": 202, "所在地": "茨城県日立市大みか町", "緯度": 36.511667, "経度": 140.626111, "url": "https://www.iryou.teikyouseido.mhlw.go.jp/znk-web/juminkanja/S2430/initialize?prefCd=08&kikanCd=208550109&kikanKbn=2", "url2": null, "内容": "大森内科医院【2:診療所】【診療科目:内科_消化器内科】茨城県日立市大みか町" }, "geometry": { "type": "Point", "coordinates": [ 140.626111, 36.511667 ] } },
{ "type": "Feature", "properties": { "ID": 82208550226, "正式名称": "医療法人佐藤内科胃腸科医院", "機関区分": 2, "都道府県コード": 8, "市区町村コード": 202, "所在地": "茨城県日立市千石町３－１０－７", "緯度": 36.549167, "経度": 140.629167, "url": "https://www.iryou.teikyouseido.mhlw.go.jp/znk-web/juminkanja/S2430/initialize?prefCd=08&kikanCd=208550226&kikanKbn=2", "url2": null, "内容": "医療法人佐藤内科胃腸科医院【2:診療所】【診療科目:内科_循環器内科_消化器内科_小児科_放射線科】茨城県日立市千石町３－１０－７" }, "geometry": { "type": "Point", "coordinates": [ 140.629167, 36.549167 ] } },
{ "type": "Feature", "properties": { "ID": 82208550239, "正式名称": "篠原医院", "機関区分": 2, "都道府県コード": 8, "市区町村コード": 202, "所在地": "茨城県日立市多賀町３－１４－８", "緯度": 36.5580692, "経度": 140.6315834, "url": "https://www.iryou.teikyouseido.mhlw.go.jp/znk-web/juminkanja/S2430/initialize?prefCd=08&kikanCd=208550239&kikanKbn=2", "url2": null, "内容": "篠原医院【2:診療所】【診療科目:内科_整形外科_小児科】茨城県日立市多賀町３－１４－８" }, "geometry": { "type": "Point", "coordinates": [ 140.631583400000011, 36.5580692 ] } },
{ "type": "Feature", "properties": { "ID": 82208550301, "正式名称": "医療法人　瀬尾医院", "機関区分": 2, "都道府県コード": 8, "市区町村コード": 202, "所在地": "茨城県日立市東多賀町２－１５－８", "緯度": 36.5508359, "経度": 140.6316079, "url": "https://www.iryou.teikyouseido.mhlw.go.jp/znk-web/juminkanja/S2430/initialize?prefCd=08&kikanCd=208550301&kikanKbn=2", "url2": null, "内容": "医療法人　瀬尾医院【2:診療所】【診療科目:産婦人科_産科_婦人科】茨城県日立市東多賀町２－１５－８" }, "geometry": { "type": "Point", "coordinates": [ 140.6316079, 36.5508359 ] } },
{ "type": "Feature", "properties": { "ID": 82208550327, "正式名称": "長山皮膚科医院", "機関区分": 2, "都道府県コード": 8, "市区町村コード": 202, "所在地": "茨城県日立市鮎川町", "緯度": 36.5575, "経度": 140.640278, "url": "https://www.iryou.teikyouseido.mhlw.go.jp/znk-web/juminkanja/S2430/initialize?prefCd=08&kikanCd=208550327&kikanKbn=2", "url2": "http://nagayama-hifuka.com/", "内容": "長山皮膚科医院【2:診療所】【診療科目:皮膚科】茨城県日立市鮎川町" }, "geometry": { "type": "Point", "coordinates": [ 140.640278, 36.5575 ] } },
{ "type": "Feature", "properties": { "ID": 82208550516, "正式名称": "福地耳鼻咽喉科医院", "機関区分": 2, "都道府県コード": 8, "市区町村コード": 202, "所在地": "茨城県日立市若葉町", "緯度": 36.591111, "経度": 140.660556, "url": "https://www.iryou.teikyouseido.mhlw.go.jp/znk-web/juminkanja/S2430/initialize?prefCd=08&kikanCd=208550516&kikanKbn=2", "url2": null, "内容": "福地耳鼻咽喉科医院【2:診療所】【診療科目:耳鼻いんこう科】茨城県日立市若葉町" }, "geometry": { "type": "Point", "coordinates": [ 140.660556, 36.591111 ] } },
{ "type": "Feature", "properties": { "ID": 82208550633, "正式名称": "特別養護老人ホーム日立市萬春園診療所", "機関区分": 2, "都道府県コード": 8, "市区町村コード": 202, "所在地": "茨城県日立市鮎川町３－２－１０", "緯度": 36.564636, "経度": 140.639067, "url": "https://www.iryou.teikyouseido.mhlw.go.jp/znk-web/juminkanja/S2430/initialize?prefCd=08&kikanCd=208550633&kikanKbn=2", "url2": null, "内容": "特別養護老人ホーム日立市萬春園診療所【2:診療所】【診療科目:内科_精神科】茨城県日立市鮎川町３－２－１０" }, "geometry": { "type": "Point", "coordinates": [ 140.639067, 36.564636 ] } },
{ "type": "Feature", "properties": { "ID": 82208550907, "正式名称": "医療法人田村内科医院", "機関区分": 2, "都道府県コード": 8, "市区町村コード": 202, "所在地": "茨城県日立市若葉町３－１－２", "緯度": 36.597778, "経度": 140.664722, "url": "https://www.iryou.teikyouseido.mhlw.go.jp/znk-web/juminkanja/S2430/initialize?prefCd=08&kikanCd=208550907&kikanKbn=2", "url2": null, "内容": "医療法人田村内科医院【2:診療所】【診療科目:内科】茨城県日立市若葉町３－１－２" }, "geometry": { "type": "Point", "coordinates": [ 140.664722, 36.597778 ] } },
{ "type": "Feature", "properties": { "ID": 82208550952, "正式名称": "柴原皮膚科", "機関区分": 2, "都道府県コード": 8, "市区町村コード": 202, "所在地": "茨城県日立市助川町１－７－９", "緯度": 36.598612, "経度": 140.6515483, "url": "https://www.iryou.teikyouseido.mhlw.go.jp/znk-web/juminkanja/S2430/initialize?prefCd=08&kikanCd=208550952&kikanKbn=2", "url2": null, "内容": "柴原皮膚科【2:診療所】【診療科目:小児皮膚科_皮膚科_皮膚泌尿器科】茨城県日立市助川町１－７－９" }, "geometry": { "type": "Point", "coordinates": [ 140.6515483, 36.598612 ] } },
{ "type": "Feature", "properties": { "ID": 82208551050, "正式名称": "医療法人大みか皮膚科クリニック", "機関区分": 2, "都道府県コード": 8, "市区町村コード": 202, "所在地": "茨城県日立市大みか町", "緯度": 36.508889, "経度": 140.628889, "url": "https://www.iryou.teikyouseido.mhlw.go.jp/znk-web/juminkanja/S2430/initialize?prefCd=08&kikanCd=208551050&kikanKbn=2", "url2": "http://omika3.cool.coocan.jp/", "内容": "医療法人大みか皮膚科クリニック【2:診療所】【診療科目:内科_脳神経外科_皮膚科】茨城県日立市大みか町" }, "geometry": { "type": "Point", "coordinates": [ 140.628889, 36.508889 ] } },
{ "type": "Feature", "properties": { "ID": 82208551063, "正式名称": "日立北クリニック", "機関区分": 2, "都道府県コード": 8, "市区町村コード": 202, "所在地": "茨城県日立市川尻町５－２９－１５", "緯度": 36.6615596, "経度": 140.6916331, "url": "https://www.iryou.teikyouseido.mhlw.go.jp/znk-web/juminkanja/S2430/initialize?prefCd=08&kikanCd=208551063&kikanKbn=2", "url2": null, "内容": "日立北クリニック【2:診療所】【診療科目:内科_外科_脳神経外科】茨城県日立市川尻町５－２９－１５" }, "geometry": { "type": "Point", "coordinates": [ 140.6916331, 36.6615596 ] } },
{ "type": "Feature", "properties": { "ID": 82208551106, "正式名称": "医療法人石医院", "機関区分": 2, "都道府県コード": 8, "市区町村コード": 214, "所在地": "茨城県高萩市東本町３－３５", "緯度": 36.714167, "経度": 140.722778, "url": "https://www.iryou.teikyouseido.mhlw.go.jp/znk-web/juminkanja/S2430/initialize?prefCd=08&kikanCd=208551106&kikanKbn=2", "url2": null, "内容": "医療法人石医院【2:診療所】【診療科目:内科_胃腸内科_眼科】茨城県高萩市東本町３－３５" }, "geometry": { "type": "Point", "coordinates": [ 140.722778, 36.714167 ] } },
{ "type": "Feature", "properties": { "ID": 82208551135, "正式名称": "医療法人日立さくらクリニック", "機関区分": 2, "都道府県コード": 8, "市区町村コード": 202, "所在地": "茨城県日立市田尻町４丁目４９－１５", "緯度": 36.619444, "経度": 140.680833, "url": "https://www.iryou.teikyouseido.mhlw.go.jp/znk-web/juminkanja/S2430/initialize?prefCd=08&kikanCd=208551135&kikanKbn=2", "url2": "http://www.jsdi.or.jp/~sakura/", "内容": "医療法人日立さくらクリニック【2:診療所】【診療科目:内科_外科_脳神経外科】茨城県日立市田尻町４丁目４９－１５" }, "geometry": { "type": "Point", "coordinates": [ 140.680833, 36.619444 ] } },
{ "type": "Feature", "properties": { "ID": 82208551148, "正式名称": "医療法人東陽会サンアイ眼科", "機関区分": 2, "都道府県コード": 8, "市区町村コード": 202, "所在地": "茨城県日立市大みか町４－４－８", "緯度": 36.5116846, "経度": 140.6259796, "url": "https://www.iryou.teikyouseido.mhlw.go.jp/znk-web/juminkanja/S2430/initialize?prefCd=08&kikanCd=208551148&kikanKbn=2", "url2": null, "内容": "医療法人東陽会サンアイ眼科【2:診療所】【診療科目:眼科】茨城県日立市大みか町４－４－８" }, "geometry": { "type": "Point", "coordinates": [ 140.6259796, 36.5116846 ] } },
{ "type": "Feature", "properties": { "ID": 82208551180, "正式名称": "医療法人温仁会　いのうえクリニック", "機関区分": 2, "都道府県コード": 8, "市区町村コード": 202, "所在地": "茨城県日立市多賀町２丁目１７－７", "緯度": 36.5561507, "経度": 140.6295364, "url": "https://www.iryou.teikyouseido.mhlw.go.jp/znk-web/juminkanja/S2430/initialize?prefCd=08&kikanCd=208551180&kikanKbn=2", "url2": null, "内容": "医療法人温仁会　いのうえクリニック【2:診療所】【診療科目:内科_整形外科_皮膚科_泌尿器科】茨城県日立市多賀町２丁目１７－７" }, "geometry": { "type": "Point", "coordinates": [ 140.6295364, 36.5561507 ] } },
{ "type": "Feature", "properties": { "ID": 82208551193, "正式名称": "天谷医院", "機関区分": 2, "都道府県コード": 8, "市区町村コード": 202, "所在地": "茨城県日立市若葉町３－７－１３", "緯度": 36.596667, "経度": 140.663611, "url": "https://www.iryou.teikyouseido.mhlw.go.jp/znk-web/juminkanja/S2430/initialize?prefCd=08&kikanCd=208551193&kikanKbn=2", "url2": null, "内容": "天谷医院【2:診療所】【診療科目:皮膚科_泌尿器科】茨城県日立市若葉町３－７－１３" }, "geometry": { "type": "Point", "coordinates": [ 140.663611, 36.596667 ] } },
{ "type": "Feature", "properties": { "ID": 82208551207, "正式名称": "松岡クリニック", "機関区分": 2, "都道府県コード": 8, "市区町村コード": 214, "所在地": "茨城県高萩市下手綱６５３", "緯度": 36.732222, "経度": 140.713611, "url": "https://www.iryou.teikyouseido.mhlw.go.jp/znk-web/juminkanja/S2430/initialize?prefCd=08&kikanCd=208551207&kikanKbn=2", "url2": null, "内容": "松岡クリニック【2:診療所】【診療科目:内科_脳神経外科】茨城県高萩市下手綱６５３" }, "geometry": { "type": "Point", "coordinates": [ 140.713611, 36.732222 ] } },
{ "type": "Feature", "properties": { "ID": 82208551265, "正式名称": "佐々木胃腸科外科", "機関区分": 2, "都道府県コード": 8, "市区町村コード": 202, "所在地": "茨城県日立市折笠町５６４－２", "緯度": 36.655235, "経度": 140.68848, "url": "https://www.iryou.teikyouseido.mhlw.go.jp/znk-web/juminkanja/S2430/initialize?prefCd=08&kikanCd=208551265&kikanKbn=2", "url2": null, "内容": "佐々木胃腸科外科【2:診療所】【診療科目:内科_消化器内科_外科】茨城県日立市折笠町５６４－２" }, "geometry": { "type": "Point", "coordinates": [ 140.68848, 36.655235 ] } },
{ "type": "Feature", "properties": { "ID": 82208551281, "正式名称": "友愛クリニック", "機関区分": 2, "都道府県コード": 8, "市区町村コード": 215, "所在地": "茨城県北茨城市磯原町磯原１１９１－１０", "緯度": 36.798601, "経度": 140.743638, "url": "https://www.iryou.teikyouseido.mhlw.go.jp/znk-web/juminkanja/S2430/initialize?prefCd=08&kikanCd=208551281&kikanKbn=2", "url2": null, "内容": "友愛クリニック【2:診療所】【診療科目:内科_小児科_皮膚科_泌尿器科】茨城県北茨城市磯原町磯原１１９１－１０" }, "geometry": { "type": "Point", "coordinates": [ 140.743638, 36.798601 ] } },
{ "type": "Feature", "properties": { "ID": 82208551366, "正式名称": "医療法人かもめクリニック　かもめ・大津港クリニック", "機関区分": 2, "都道府県コード": 8, "市区町村コード": 215, "所在地": "茨城県北茨城市大津町北町字深田４３２－１", "緯度": 36.844722, "経度": 140.780833, "url": "https://www.iryou.teikyouseido.mhlw.go.jp/znk-web/juminkanja/S2430/initialize?prefCd=08&kikanCd=208551366&kikanKbn=2", "url2": "http://www.kamome-clinic.com/", "内容": "医療法人かもめクリニック　かもめ・大津港クリニック【2:診療所】【診療科目:腎臓内科_人工透析内科】茨城県北茨城市大津町北町字深田４３２－１" }, "geometry": { "type": "Point", "coordinates": [ 140.780833, 36.844722 ] } },
{ "type": "Feature", "properties": { "ID": 82208551379, "正式名称": "いばらき診療所ひたち", "機関区分": 2, "都道府県コード": 8, "市区町村コード": 202, "所在地": "茨城県日立市久慈町２丁目６番３７号", "緯度": 36.5, "経度": 140.620833, "url": "https://www.iryou.teikyouseido.mhlw.go.jp/znk-web/juminkanja/S2430/initialize?prefCd=08&kikanCd=208551379&kikanKbn=2", "url2": "http://www.ibc.or.jp/", "内容": "いばらき診療所ひたち【2:診療所】【診療科目:内科_リハビリテーション科】茨城県日立市久慈町２丁目６番３７号" }, "geometry": { "type": "Point", "coordinates": [ 140.620833, 36.5 ] } },
{ "type": "Feature", "properties": { "ID": 82208551382, "正式名称": "医療法人社団ときわ会北茨城中央クリニック", "機関区分": 2, "都道府県コード": 8, "市区町村コード": 215, "所在地": "茨城県北茨城市磯原町豊田１－３６", "緯度": 36.790278, "経度": 140.740278, "url": "https://www.iryou.teikyouseido.mhlw.go.jp/znk-web/juminkanja/S2430/initialize?prefCd=08&kikanCd=208551382&kikanKbn=2", "url2": "http://www.tokiwa.or.jp/", "内容": "医療法人社団ときわ会北茨城中央クリニック【2:診療所】【診療科目:内科_血管外科_泌尿器科】茨城県北茨城市磯原町豊田１－３６" }, "geometry": { "type": "Point", "coordinates": [ 140.740278, 36.790278 ] } },
{ "type": "Feature", "properties": { "ID": 82208551395, "正式名称": "医療法人　たばたクリニック", "機関区分": 2, "都道府県コード": 8, "市区町村コード": 214, "所在地": "茨城県高萩市高戸３８２－１", "緯度": 36.726335, "経度": 140.71812, "url": "https://www.iryou.teikyouseido.mhlw.go.jp/znk-web/juminkanja/S2430/initialize?prefCd=08&kikanCd=208551395&kikanKbn=2", "url2": "https://www.tabata-clinic.info/", "内容": "医療法人　たばたクリニック【2:診療所】【診療科目:内科_呼吸器内科_胃腸内科_皮膚科】茨城県高萩市高戸３８２－１" }, "geometry": { "type": "Point", "coordinates": [ 140.71812, 36.726335 ] } },
{ "type": "Feature", "properties": { "ID": 82208551425, "正式名称": "根道ヶ丘クリニック", "機関区分": 2, "都道府県コード": 8, "市区町村コード": 202, "所在地": "茨城県日立市大沼町４－９－１", "緯度": 36.534921, "経度": 140.615057, "url": "https://www.iryou.teikyouseido.mhlw.go.jp/znk-web/juminkanja/S2430/initialize?prefCd=08&kikanCd=208551425&kikanKbn=2", "url2": "http://www.nemichi-cli.jp/", "内容": "根道ヶ丘クリニック【2:診療所】【診療科目:内科_呼吸器内科_小児科_アレルギー科】茨城県日立市大沼町４－９－１" }, "geometry": { "type": "Point", "coordinates": [ 140.615057, 36.534921 ] } },
{ "type": "Feature", "properties": { "ID": 82208551454, "正式名称": "医療法人社団緑和会わだクリニック", "機関区分": 2, "都道府県コード": 8, "市区町村コード": 202, "所在地": "茨城県日立市東金沢町", "緯度": 36.534722, "経度": 140.628333, "url": "https://www.iryou.teikyouseido.mhlw.go.jp/znk-web/juminkanja/S2430/initialize?prefCd=08&kikanCd=208551454&kikanKbn=2", "url2": null, "内容": "医療法人社団緑和会わだクリニック【2:診療所】【診療科目:内科_外科_脳神経外科】茨城県日立市東金沢町" }, "geometry": { "type": "Point", "coordinates": [ 140.628333, 36.534722 ] } },
{ "type": "Feature", "properties": { "ID": 82208551467, "正式名称": "医療法人博順会高萩クリニック", "機関区分": 2, "都道府県コード": 8, "市区町村コード": 214, "所在地": "茨城県高萩市秋山６２５", "緯度": 36.711667, "経度": 140.688611, "url": "https://www.iryou.teikyouseido.mhlw.go.jp/znk-web/juminkanja/S2430/initialize?prefCd=08&kikanCd=208551467&kikanKbn=2", "url2": "https://www.takahagiclinic.jp", "内容": "医療法人博順会高萩クリニック【2:診療所】【診療科目:内科_整形外科】茨城県高萩市秋山６２５" }, "geometry": { "type": "Point", "coordinates": [ 140.688611, 36.711667 ] } },
{ "type": "Feature", "properties": { "ID": 82208551496, "正式名称": "医療法人祥仁会十王ひがし野クリニック", "機関区分": 2, "都道府県コード": 8, "市区町村コード": 202, "所在地": "茨城県日立市十王町伊師３４５６ー７", "緯度": 36.673333, "経度": 140.702778, "url": "https://www.iryou.teikyouseido.mhlw.go.jp/znk-web/juminkanja/S2430/initialize?prefCd=08&kikanCd=208551496&kikanKbn=2", "url2": null, "内容": "医療法人祥仁会十王ひがし野クリニック【2:診療所】【診療科目:内科_泌尿器科】茨城県日立市十王町伊師３４５６ー７" }, "geometry": { "type": "Point", "coordinates": [ 140.702778, 36.673333 ] } },
{ "type": "Feature", "properties": { "ID": 82208551513, "正式名称": "佐藤医院", "機関区分": 2, "都道府県コード": 8, "市区町村コード": 202, "所在地": "茨城県日立市神峰町１－１０－２０", "緯度": 36.596514, "経度": 140.65366, "url": "https://www.iryou.teikyouseido.mhlw.go.jp/znk-web/juminkanja/S2430/initialize?prefCd=08&kikanCd=208551513&kikanKbn=2", "url2": null, "内容": "佐藤医院【2:診療所】【診療科目:内科】茨城県日立市神峰町１－１０－２０" }, "geometry": { "type": "Point", "coordinates": [ 140.65366, 36.596514 ] } },
{ "type": "Feature", "properties": { "ID": 82208551526, "正式名称": "医療法人かもめクリニック　かもめ・日立クリニック", "機関区分": 2, "都道府県コード": 8, "市区町村コード": 202, "所在地": "茨城県日立市東滑川町１ー３１８６", "緯度": 36.603889, "経度": 140.671111, "url": "https://www.iryou.teikyouseido.mhlw.go.jp/znk-web/juminkanja/S2430/initialize?prefCd=08&kikanCd=208551526&kikanKbn=2", "url2": "http://www.kamome-clinic.com/", "内容": "医療法人かもめクリニック　かもめ・日立クリニック【2:診療所】【診療科目:腎臓内科】茨城県日立市東滑川町１ー３１８６" }, "geometry": { "type": "Point", "coordinates": [ 140.671111, 36.603889 ] } },
{ "type": "Feature", "properties": { "ID": 82208551539, "正式名称": "医療法人葵翠会　寺岡整形外科クリニック", "機関区分": 2, "都道府県コード": 8, "市区町村コード": 202, "所在地": "茨城県日立市金沢町３－１９－３", "緯度": 36.541153, "経度": 140.620585, "url": "https://www.iryou.teikyouseido.mhlw.go.jp/znk-web/juminkanja/S2430/initialize?prefCd=08&kikanCd=208551539&kikanKbn=2", "url2": null, "内容": "医療法人葵翠会　寺岡整形外科クリニック【2:診療所】【診療科目:内科_外科_整形外科_リウマチ科_リハビリテーション科】茨城県日立市金沢町３－１９－３" }, "geometry": { "type": "Point", "coordinates": [ 140.620585, 36.541153 ] } },
{ "type": "Feature", "properties": { "ID": 82208551571, "正式名称": "医療法人社団はらクリニック", "機関区分": 2, "都道府県コード": 8, "市区町村コード": 202, "所在地": "茨城県日立市桜川町２－２５－１", "緯度": 36.555833, "経度": 140.631389, "url": "https://www.iryou.teikyouseido.mhlw.go.jp/znk-web/juminkanja/S2430/initialize?prefCd=08&kikanCd=208551571&kikanKbn=2", "url2": null, "内容": "医療法人社団はらクリニック【2:診療所】【診療科目:内科_外科】茨城県日立市桜川町２－２５－１" }, "geometry": { "type": "Point", "coordinates": [ 140.631389, 36.555833 ] } },
{ "type": "Feature", "properties": { "ID": 82208551584, "正式名称": "栗山整形外科", "機関区分": 2, "都道府県コード": 8, "市区町村コード": 202, "所在地": "茨城県日立市日高町３－８－３", "緯度": 36.635, "経度": 140.689722, "url": "https://www.iryou.teikyouseido.mhlw.go.jp/znk-web/juminkanja/S2430/initialize?prefCd=08&kikanCd=208551584&kikanKbn=2", "url2": "http://kuriyama.byoinnavi.jp/pc/", "内容": "栗山整形外科【2:診療所】【診療科目:整形外科_リハビリテーション科】茨城県日立市日高町３－８－３" }, "geometry": { "type": "Point", "coordinates": [ 140.689722, 36.635 ] } },
{ "type": "Feature", "properties": { "ID": 82208551601, "正式名称": "医療法人　福地レディースクリニック", "機関区分": 2, "都道府県コード": 8, "市区町村コード": 202, "所在地": "茨城県日立市鹿島町２―１７―４", "緯度": 36.591265, "経度": 140.648694, "url": "https://www.iryou.teikyouseido.mhlw.go.jp/znk-web/juminkanja/S2430/initialize?prefCd=08&kikanCd=208551601&kikanKbn=2", "url2": "https://www.flclinic.com", "内容": "医療法人　福地レディースクリニック【2:診療所】【診療科目:婦人科_産婦人科（生殖医療）】茨城県日立市鹿島町２―１７―４" }, "geometry": { "type": "Point", "coordinates": [ 140.648694, 36.591265 ] } },
{ "type": "Feature", "properties": { "ID": 82208551630, "正式名称": "大山医院", "機関区分": 2, "都道府県コード": 8, "市区町村コード": 202, "所在地": "茨城県日立市中成沢町", "緯度": 36.575, "経度": 140.640833, "url": "https://www.iryou.teikyouseido.mhlw.go.jp/znk-web/juminkanja/S2430/initialize?prefCd=08&kikanCd=208551630&kikanKbn=2", "url2": null, "内容": "大山医院【2:診療所】【診療科目:内科】茨城県日立市中成沢町" }, "geometry": { "type": "Point", "coordinates": [ 140.640833, 36.575 ] } },
{ "type": "Feature", "properties": { "ID": 82208551669, "正式名称": "医療法人真寿会西成田医院", "機関区分": 2, "都道府県コード": 8, "市区町村コード": 202, "所在地": "茨城県日立市西成沢町２ー２ー１", "緯度": 36.573889, "経度": 140.638333, "url": "https://www.iryou.teikyouseido.mhlw.go.jp/znk-web/juminkanja/S2430/initialize?prefCd=08&kikanCd=208551669&kikanKbn=2", "url2": "http://www.nishinarita.jp", "内容": "医療法人真寿会西成田医院【2:診療所】【診療科目:内科_リウマチ科】茨城県日立市西成沢町２ー２ー１" }, "geometry": { "type": "Point", "coordinates": [ 140.638333, 36.573889 ] } },
{ "type": "Feature", "properties": { "ID": 82208551685, "正式名称": "さおとめ眼科", "機関区分": 2, "都道府県コード": 8, "市区町村コード": 202, "所在地": "茨城県日立市本宮町", "緯度": 36.598611, "経度": 140.665556, "url": "https://www.iryou.teikyouseido.mhlw.go.jp/znk-web/juminkanja/S2430/initialize?prefCd=08&kikanCd=208551685&kikanKbn=2", "url2": null, "内容": "さおとめ眼科【2:診療所】【診療科目:眼科】茨城県日立市本宮町" }, "geometry": { "type": "Point", "coordinates": [ 140.665556, 36.598611 ] } },
{ "type": "Feature", "properties": { "ID": 82208551698, "正式名称": "福島クリニック", "機関区分": 2, "都道府県コード": 8, "市区町村コード": 202, "所在地": "茨城県日立市十王町友部東２ー５ー５", "緯度": 36.666667, "経度": 140.690278, "url": "https://www.iryou.teikyouseido.mhlw.go.jp/znk-web/juminkanja/S2430/initialize?prefCd=08&kikanCd=208551698&kikanKbn=2", "url2": null, "内容": "福島クリニック【2:診療所】【診療科目:内科_循環器内科_外科_整形外科】茨城県日立市十王町友部東２ー５ー５" }, "geometry": { "type": "Point", "coordinates": [ 140.690278, 36.666667 ] } },
{ "type": "Feature", "properties": { "ID": 82208551715, "正式名称": "おおたしろクリニック", "機関区分": 2, "都道府県コード": 8, "市区町村コード": 202, "所在地": "茨城県日立市平和町１－１７－１５", "緯度": 36.59, "経度": 140.662778, "url": "https://www.iryou.teikyouseido.mhlw.go.jp/znk-web/juminkanja/S2430/initialize?prefCd=08&kikanCd=208551715&kikanKbn=2", "url2": null, "内容": "おおたしろクリニック【2:診療所】【診療科目:内科_消化器内科_放射線科】茨城県日立市平和町１－１７－１５" }, "geometry": { "type": "Point", "coordinates": [ 140.662778, 36.59 ] } },
{ "type": "Feature", "properties": { "ID": 82208551845, "正式名称": "たかはぎ眼科", "機関区分": 2, "都道府県コード": 8, "市区町村コード": 214, "所在地": "茨城県高萩市本町２－８８－３", "緯度": 36.712778, "経度": 140.713611, "url": "https://www.iryou.teikyouseido.mhlw.go.jp/znk-web/juminkanja/S2430/initialize?prefCd=08&kikanCd=208551845&kikanKbn=2", "url2": "http://www17.ocn.ne.jp/~takahagi/in-i.htm", "内容": "たかはぎ眼科【2:診療所】【診療科目:眼科】茨城県高萩市本町２－８８－３" }, "geometry": { "type": "Point", "coordinates": [ 140.713611, 36.712778 ] } },
{ "type": "Feature", "properties": { "ID": 82208551858, "正式名称": "あおぞらクリニック", "機関区分": 2, "都道府県コード": 8, "市区町村コード": 215, "所在地": "茨城県北茨城市中郷町上桜井", "緯度": 36.774167, "経度": 140.731111, "url": "https://www.iryou.teikyouseido.mhlw.go.jp/znk-web/juminkanja/S2430/initialize?prefCd=08&kikanCd=208551858&kikanKbn=2", "url2": null, "内容": "あおぞらクリニック【2:診療所】【診療科目:内科_小児科】茨城県北茨城市中郷町上桜井" }, "geometry": { "type": "Point", "coordinates": [ 140.731111, 36.774167 ] } },
{ "type": "Feature", "properties": { "ID": 82208551861, "正式名称": "十王医院", "機関区分": 2, "都道府県コード": 8, "市区町村コード": 202, "所在地": "茨城県日立市十王町友部１５８４－１", "緯度": 36.672778, "経度": 140.686111, "url": "https://www.iryou.teikyouseido.mhlw.go.jp/znk-web/juminkanja/S2430/initialize?prefCd=08&kikanCd=208551861&kikanKbn=2", "url2": "https://itp.ne.jp/info/089104403192721890/", "内容": "十王医院【2:診療所】【診療科目:内科_外科_小児科_耳鼻いんこう科_皮膚科_泌尿器科】茨城県日立市十王町友部１５８４－１" }, "geometry": { "type": "Point", "coordinates": [ 140.686111, 36.672778 ] } },
{ "type": "Feature", "properties": { "ID": 82208551874, "正式名称": "島田外科医院", "機関区分": 2, "都道府県コード": 8, "市区町村コード": 202, "所在地": "茨城県日立市大みか町２−１３−１８", "緯度": 36.511111, "経度": 140.629167, "url": "https://www.iryou.teikyouseido.mhlw.go.jp/znk-web/juminkanja/S2430/initialize?prefCd=08&kikanCd=208551874&kikanKbn=2", "url2": null, "内容": "島田外科医院【2:診療所】【診療科目:内科_外科_整形外科_皮膚科】茨城県日立市大みか町２−１３−１８" }, "geometry": { "type": "Point", "coordinates": [ 140.629167, 36.511111 ] } },
{ "type": "Feature", "properties": { "ID": 82208551890, "正式名称": "千葉クリニック", "機関区分": 2, "都道府県コード": 8, "市区町村コード": 202, "所在地": "茨城県日立市桜川町２－１８－１", "緯度": 36.561377, "経度": 140.628806, "url": "https://www.iryou.teikyouseido.mhlw.go.jp/znk-web/juminkanja/S2430/initialize?prefCd=08&kikanCd=208551890&kikanKbn=2", "url2": null, "内容": "千葉クリニック【2:診療所】【診療科目:内科_糖尿病内科_代謝内科_内分泌内科_脂質代謝内科_糖尿病・内分泌内科_糖尿病・代謝内科_代謝・内分泌内科_循環器内科】茨城県日立市桜川町２－１８－１" }, "geometry": { "type": "Point", "coordinates": [ 140.628806, 36.561377 ] } },
{ "type": "Feature", "properties": { "ID": 82208551933, "正式名称": "なかの循環器科内科クリニック", "機関区分": 2, "都道府県コード": 8, "市区町村コード": 215, "所在地": "茨城県北茨城市中郷町上桜井２８２９", "緯度": 36.772222, "経度": 140.735556, "url": "https://www.iryou.teikyouseido.mhlw.go.jp/znk-web/juminkanja/S2430/initialize?prefCd=08&kikanCd=208551933&kikanKbn=2", "url2": "http://www.ncv-clinic.info/", "内容": "なかの循環器科内科クリニック【2:診療所】【診療科目:内科_循環器内科】茨城県北茨城市中郷町上桜井２８２９" }, "geometry": { "type": "Point", "coordinates": [ 140.735556, 36.772222 ] } },
{ "type": "Feature", "properties": { "ID": 82208551962, "正式名称": "医療法人社団グルコピア日立", "機関区分": 2, "都道府県コード": 8, "市区町村コード": 202, "所在地": "茨城県日立市東滑川町１－３８－１０", "緯度": 36.604167, "経度": 140.6725, "url": "https://www.iryou.teikyouseido.mhlw.go.jp/znk-web/juminkanja/S2430/initialize?prefCd=08&kikanCd=208551962&kikanKbn=2", "url2": "https://glucopier.com", "内容": "医療法人社団グルコピア日立【2:診療所】【診療科目:内科_糖尿病内科】茨城県日立市東滑川町１－３８－１０" }, "geometry": { "type": "Point", "coordinates": [ 140.6725, 36.604167 ] } },
{ "type": "Feature", "properties": { "ID": 82208551975, "正式名称": "ないとうクリニック", "機関区分": 2, "都道府県コード": 8, "市区町村コード": 202, "所在地": "茨城県日立市東滑川町２－２３－３", "緯度": 36.606625, "経度": 140.67445, "url": "https://www.iryou.teikyouseido.mhlw.go.jp/znk-web/juminkanja/S2430/initialize?prefCd=08&kikanCd=208551975&kikanKbn=2", "url2": null, "内容": "ないとうクリニック【2:診療所】【診療科目:内科_外科_脳神経外科_整形外科】茨城県日立市東滑川町２－２３－３" }, "geometry": { "type": "Point", "coordinates": [ 140.67445, 36.606625 ] } },
{ "type": "Feature", "properties": { "ID": 82208552103, "正式名称": "やまがた内科医院", "機関区分": 2, "都道府県コード": 8, "市区町村コード": 202, "所在地": "茨城県日立市川尻町１－３５－７", "緯度": 36.651111, "経度": 140.700556, "url": "https://www.iryou.teikyouseido.mhlw.go.jp/znk-web/juminkanja/S2430/initialize?prefCd=08&kikanCd=208552103&kikanKbn=2", "url2": "https://yamagatanaika-top.hp.peraichi.com", "内容": "やまがた内科医院【2:診療所】【診療科目:内科】茨城県日立市川尻町１－３５－７" }, "geometry": { "type": "Point", "coordinates": [ 140.700556, 36.651111 ] } },
{ "type": "Feature", "properties": { "ID": 82208552217, "正式名称": "医療法人永慈会　ひたちの森クリニック", "機関区分": 2, "都道府県コード": 8, "市区町村コード": 202, "所在地": "茨城県日立市東滑川町", "緯度": 36.612778, "経度": 140.6825, "url": "https://www.iryou.teikyouseido.mhlw.go.jp/znk-web/juminkanja/S2430/initialize?prefCd=08&kikanCd=208552217&kikanKbn=2", "url2": "http://www.h-medicalspaclinic.com/", "内容": "医療法人永慈会　ひたちの森クリニック【2:診療所】【診療科目:内科_整形外科_皮膚科_美容皮膚科_精神科_心療内科】茨城県日立市東滑川町" }, "geometry": { "type": "Point", "coordinates": [ 140.6825, 36.612778 ] } },
{ "type": "Feature", "properties": { "ID": 82208552288, "正式名称": "医療法人愛正会やすらぎの丘温泉病院付属安良川クリニック", "機関区分": 2, "都道府県コード": 8, "市区町村コード": 214, "所在地": "茨城県高萩市安良川９６３－８", "緯度": 36.706944, "経度": 140.710556, "url": "https://www.iryou.teikyouseido.mhlw.go.jp/znk-web/juminkanja/S2430/initialize?prefCd=08&kikanCd=208552288&kikanKbn=2", "url2": "https://www.arakawa-center.com/arakawaclinic/", "内容": "医療法人愛正会やすらぎの丘温泉病院付属安良川クリニック【2:診療所】【診療科目:内科】茨城県高萩市安良川９６３－８" }, "geometry": { "type": "Point", "coordinates": [ 140.710556, 36.706944 ] } },
{ "type": "Feature", "properties": { "ID": 82208552291, "正式名称": "医療法人秀成会　えじり内科クリニック", "機関区分": 2, "都道府県コード": 8, "市区町村コード": 202, "所在地": "茨城県日立市大和田町１－１－２８", "緯度": 36.51177, "経度": 140.589328, "url": "https://www.iryou.teikyouseido.mhlw.go.jp/znk-web/juminkanja/S2430/initialize?prefCd=08&kikanCd=208552291&kikanKbn=2", "url2": "http://www.ejiriclinic.com", "内容": "医療法人秀成会　えじり内科クリニック【2:診療所】【診療科目:内科_呼吸器内科_循環器内科】茨城県日立市大和田町１－１－２８" }, "geometry": { "type": "Point", "coordinates": [ 140.589328, 36.51177 ] } },
{ "type": "Feature", "properties": { "ID": 82208552363, "正式名称": "医療法人聖麗会　聖麗メモリアル高鈴", "機関区分": 2, "都道府県コード": 8, "市区町村コード": 202, "所在地": "茨城県日立市高鈴町１－１８－１", "緯度": 36.599087, "経度": 140.645132, "url": "https://www.iryou.teikyouseido.mhlw.go.jp/znk-web/juminkanja/S2430/initialize?prefCd=08&kikanCd=208552363&kikanKbn=2", "url2": "http://www.seirei-memorial.com", "内容": "医療法人聖麗会　聖麗メモリアル高鈴【2:診療所】【診療科目:脳神経外科】茨城県日立市高鈴町１－１８－１" }, "geometry": { "type": "Point", "coordinates": [ 140.645132, 36.599087 ] } },
{ "type": "Feature", "properties": { "ID": 82208552565, "正式名称": "かわい整形外科クリニック", "機関区分": 2, "都道府県コード": 8, "市区町村コード": 202, "所在地": "茨城県日立市日高町１ー２７ー８", "緯度": 36.637444, "経度": 140.67784, "url": "https://www.iryou.teikyouseido.mhlw.go.jp/znk-web/juminkanja/S2430/initialize?prefCd=08&kikanCd=208552565&kikanKbn=2", "url2": null, "内容": "かわい整形外科クリニック【2:診療所】【診療科目:整形外科_リハビリテーション科】茨城県日立市日高町１ー２７ー８" }, "geometry": { "type": "Point", "coordinates": [ 140.67784, 36.637444 ] } },
{ "type": "Feature", "properties": { "ID": 82208552682, "正式名称": "川島クリニック", "機関区分": 2, "都道府県コード": 8, "市区町村コード": 202, "所在地": "茨城県日立市桜川町１丁目１番１号", "緯度": 36.553333, "経度": 140.631111, "url": "https://www.iryou.teikyouseido.mhlw.go.jp/znk-web/juminkanja/S2430/initialize?prefCd=08&kikanCd=208552682&kikanKbn=2", "url2": "http://www.syujinkai-kh.or.jp/", "内容": "川島クリニック【2:診療所】【診療科目:内科_消化器内科】茨城県日立市桜川町１丁目１番１号" }, "geometry": { "type": "Point", "coordinates": [ 140.631111, 36.553333 ] } },
{ "type": "Feature", "properties": { "ID": 82208552741, "正式名称": "医療法人　琴音会　にいさと眼科クリニック", "機関区分": 2, "都道府県コード": 8, "市区町村コード": 215, "所在地": "茨城県北茨城市磯原町磯原２－１７７", "緯度": 36.791354, "経度": 140.742142, "url": "https://www.iryou.teikyouseido.mhlw.go.jp/znk-web/juminkanja/S2430/initialize?prefCd=08&kikanCd=208552741&kikanKbn=2", "url2": null, "内容": "医療法人　琴音会　にいさと眼科クリニック【2:診療所】【診療科目:眼科】茨城県北茨城市磯原町磯原２－１７７" }, "geometry": { "type": "Point", "coordinates": [ 140.742142, 36.791354 ] } },
{ "type": "Feature", "properties": { "ID": 82208552826, "正式名称": "医療法人　とじま耳鼻咽喉科クリニック", "機関区分": 2, "都道府県コード": 8, "市区町村コード": 202, "所在地": "茨城県日立市幸町１－７－７ニュークリニックス日立４階", "緯度": 36.584167, "経度": 140.661389, "url": "https://www.iryou.teikyouseido.mhlw.go.jp/znk-web/juminkanja/S2430/initialize?prefCd=08&kikanCd=208552826&kikanKbn=2", "url2": "http://tojimaclinic.com", "内容": "医療法人　とじま耳鼻咽喉科クリニック【2:診療所】【診療科目:耳鼻いんこう科】茨城県日立市幸町１－７－７ニュークリニックス日立４階" }, "geometry": { "type": "Point", "coordinates": [ 140.661389, 36.584167 ] } },
{ "type": "Feature", "properties": { "ID": 82208552901, "正式名称": "石川クリニック", "機関区分": 2, "都道府県コード": 8, "市区町村コード": 202, "所在地": "茨城県日立市金沢町４ー２４－１６", "緯度": 36.535556, "経度": 140.623889, "url": "https://www.iryou.teikyouseido.mhlw.go.jp/znk-web/juminkanja/S2430/initialize?prefCd=08&kikanCd=208552901&kikanKbn=2", "url2": "http://ishikawa-cl.com/", "内容": "石川クリニック【2:診療所】【診療科目:内科_泌尿器科】茨城県日立市金沢町４ー２４－１６" }, "geometry": { "type": "Point", "coordinates": [ 140.623889, 36.535556 ] } },
{ "type": "Feature", "properties": { "ID": 82208552914, "正式名称": "山手クリニック", "機関区分": 2, "都道府県コード": 8, "市区町村コード": 202, "所在地": "茨城県日立市千石町", "緯度": 36.550833, "経度": 140.629444, "url": "https://www.iryou.teikyouseido.mhlw.go.jp/znk-web/juminkanja/S2430/initialize?prefCd=08&kikanCd=208552914&kikanKbn=2", "url2": "https://hitachi-yamate-clinic.com/", "内容": "山手クリニック【2:診療所】【診療科目:内科_循環器内科】茨城県日立市千石町" }, "geometry": { "type": "Point", "coordinates": [ 140.629444, 36.550833 ] } },
{ "type": "Feature", "properties": { "ID": 82208552927, "正式名称": "医療法人安東会　みどりクリニック", "機関区分": 2, "都道府県コード": 8, "市区町村コード": 202, "所在地": "茨城県日立市東大沼町３－１５－５", "緯度": 36.528977, "経度": 140.622934, "url": "https://www.iryou.teikyouseido.mhlw.go.jp/znk-web/juminkanja/S2430/initialize?prefCd=08&kikanCd=208552927&kikanKbn=2", "url2": "https://www.midoriclinic.com/", "内容": "医療法人安東会　みどりクリニック【2:診療所】【診療科目:内科_脳神経外科_精神科_心療内科】茨城県日立市東大沼町３－１５－５" }, "geometry": { "type": "Point", "coordinates": [ 140.622934, 36.528977 ] } },
{ "type": "Feature", "properties": { "ID": 82208553041, "正式名称": "稲葉眼科医院", "機関区分": 2, "都道府県コード": 8, "市区町村コード": 202, "所在地": "茨城県日立市末広町２－７－１", "緯度": 36.5575234, "経度": 140.6244124, "url": "https://www.iryou.teikyouseido.mhlw.go.jp/znk-web/juminkanja/S2430/initialize?prefCd=08&kikanCd=208553041&kikanKbn=2", "url2": null, "内容": "稲葉眼科医院【2:診療所】【診療科目:眼科】茨城県日立市末広町２－７－１" }, "geometry": { "type": "Point", "coordinates": [ 140.624412400000011, 36.5575234 ] } },
{ "type": "Feature", "properties": { "ID": 82208553096, "正式名称": "石川内科クリニック", "機関区分": 2, "都道府県コード": 8, "市区町村コード": 214, "所在地": "茨城県高萩市安良川１９５－３", "緯度": 36.707661, "経度": 140.709851, "url": "https://www.iryou.teikyouseido.mhlw.go.jp/znk-web/juminkanja/S2430/initialize?prefCd=08&kikanCd=208553096&kikanKbn=2", "url2": null, "内容": "石川内科クリニック【2:診療所】【診療科目:内科_消化器内科】茨城県高萩市安良川１９５－３" }, "geometry": { "type": "Point", "coordinates": [ 140.709851, 36.707661 ] } },
{ "type": "Feature", "properties": { "ID": 82208553155, "正式名称": "医療法人修礼会　おあしす内科リウマチ科クリニック", "機関区分": 2, "都道府県コード": 8, "市区町村コード": 202, "所在地": "茨城県日立市金沢町３−１７−１５", "緯度": 36.538056, "経度": 140.616389, "url": "https://www.iryou.teikyouseido.mhlw.go.jp/znk-web/juminkanja/S2430/initialize?prefCd=08&kikanCd=208553155&kikanKbn=2", "url2": "http://www.oasis-clinic.net", "内容": "医療法人修礼会　おあしす内科リウマチ科クリニック【2:診療所】【診療科目:内科_整形外科_精神科_心療内科_リウマチ科】茨城県日立市金沢町３−１７−１５" }, "geometry": { "type": "Point", "coordinates": [ 140.616389, 36.538056 ] } },
{ "type": "Feature", "properties": { "ID": 82208553272, "正式名称": "川尻整形外科", "機関区分": 2, "都道府県コード": 8, "市区町村コード": 202, "所在地": "茨城県日立市川尻町３ー１９ー１３", "緯度": 36.655, "経度": 140.710278, "url": "https://www.iryou.teikyouseido.mhlw.go.jp/znk-web/juminkanja/S2430/initialize?prefCd=08&kikanCd=208553272&kikanKbn=2", "url2": null, "内容": "川尻整形外科【2:診療所】【診療科目:整形外科_リハビリテーション科】茨城県日立市川尻町３ー１９ー１３" }, "geometry": { "type": "Point", "coordinates": [ 140.710278, 36.655 ] } },
{ "type": "Feature", "properties": { "ID": 82208553285, "正式名称": "石川内科ファミリークリニック", "機関区分": 2, "都道府県コード": 8, "市区町村コード": 202, "所在地": "茨城県日立市桜川町", "緯度": 36.560556, "経度": 140.634722, "url": "https://www.iryou.teikyouseido.mhlw.go.jp/znk-web/juminkanja/S2430/initialize?prefCd=08&kikanCd=208553285&kikanKbn=2", "url2": "http://ifc1001.jimdo.com/", "内容": "石川内科ファミリークリニック【2:診療所】【診療科目:内科_消化器内科_肝臓内科_小児科】茨城県日立市桜川町" }, "geometry": { "type": "Point", "coordinates": [ 140.634722, 36.560556 ] } },
{ "type": "Feature", "properties": { "ID": 82208553373, "正式名称": "田尻眼科クリニック", "機関区分": 2, "都道府県コード": 8, "市区町村コード": 202, "所在地": "茨城県日立市田尻町４－３６－５", "緯度": 36.624034, "経度": 140.680467, "url": "https://www.iryou.teikyouseido.mhlw.go.jp/znk-web/juminkanja/S2430/initialize?prefCd=08&kikanCd=208553373&kikanKbn=2", "url2": null, "内容": "田尻眼科クリニック【2:診療所】【診療科目:眼科】茨城県日立市田尻町４－３６－５" }, "geometry": { "type": "Point", "coordinates": [ 140.680467, 36.624034 ] } },
{ "type": "Feature", "properties": { "ID": 82208553429, "正式名称": "新島スカイクリニック", "機関区分": 2, "都道府県コード": 8, "市区町村コード": 202, "所在地": "茨城県日立市鮎川町３－１－２１", "緯度": 36.560833, "経度": 140.6425, "url": "https://www.iryou.teikyouseido.mhlw.go.jp/znk-web/juminkanja/S2430/initialize?prefCd=08&kikanCd=208553429&kikanKbn=2", "url2": "http://www.niijima-skyclinic.com", "内容": "新島スカイクリニック【2:診療所】【診療科目:内科_消化器内科_肝臓内科】茨城県日立市鮎川町３－１－２１" }, "geometry": { "type": "Point", "coordinates": [ 140.6425, 36.560833 ] } },
{ "type": "Feature", "properties": { "ID": 82208553735, "正式名称": "廣橋クリニック", "機関区分": 2, "都道府県コード": 8, "市区町村コード": 215, "所在地": "茨城県北茨城市大津町", "緯度": 36.834444, "経度": 140.787222, "url": "https://www.iryou.teikyouseido.mhlw.go.jp/znk-web/juminkanja/S2430/initialize?prefCd=08&kikanCd=208553735&kikanKbn=2", "url2": "http://www.sei-hirohashi.jp/index.html", "内容": "廣橋クリニック【2:診療所】【診療科目:内科_整形外科_精神科_心療内科_歯科】茨城県北茨城市大津町" }, "geometry": { "type": "Point", "coordinates": [ 140.787222, 36.834444 ] } },
{ "type": "Feature", "properties": { "ID": 82208553849, "正式名称": "医療法人ひたちの眼科", "機関区分": 2, "都道府県コード": 8, "市区町村コード": 202, "所在地": "茨城県日立市千石町２－６－６", "緯度": 36.551667, "経度": 140.629722, "url": "https://www.iryou.teikyouseido.mhlw.go.jp/znk-web/juminkanja/S2430/initialize?prefCd=08&kikanCd=208553849&kikanKbn=2", "url2": null, "内容": "医療法人ひたちの眼科【2:診療所】【診療科目:眼科】茨城県日立市千石町２－６－６" }, "geometry": { "type": "Point", "coordinates": [ 140.629722, 36.551667 ] } },
{ "type": "Feature", "properties": { "ID": 82208553852, "正式名称": "医療法人　くにかた眼科", "機関区分": 2, "都道府県コード": 8, "市区町村コード": 202, "所在地": "茨城県日立市金沢町３－１９－１３", "緯度": 36.537778, "経度": 140.6225, "url": "https://www.iryou.teikyouseido.mhlw.go.jp/znk-web/juminkanja/S2430/initialize?prefCd=08&kikanCd=208553852&kikanKbn=2", "url2": "http://www.kunikata-ganka.jp", "内容": "医療法人　くにかた眼科【2:診療所】【診療科目:眼科】茨城県日立市金沢町３－１９－１３" }, "geometry": { "type": "Point", "coordinates": [ 140.6225, 36.537778 ] } },
{ "type": "Feature", "properties": { "ID": 82208554110, "正式名称": "北茨城市民病院附属家庭医療センター", "機関区分": 2, "都道府県コード": 8, "市区町村コード": 215, "所在地": "茨城県北茨城市中郷町上桜井８４４ー５", "緯度": 36.777222, "経度": 140.734722, "url": "https://www.iryou.teikyouseido.mhlw.go.jp/znk-web/juminkanja/S2430/initialize?prefCd=08&kikanCd=208554110&kikanKbn=2", "url2": "https://kitaibarakicity-hosp.jp/fa/", "内容": "北茨城市民病院附属家庭医療センター【2:診療所】【診療科目:内科_小児科_心療内科】茨城県北茨城市中郷町上桜井８４４ー５" }, "geometry": { "type": "Point", "coordinates": [ 140.734722, 36.777222 ] } },
{ "type": "Feature", "properties": { "ID": 82208554426, "正式名称": "おじま内科・消化器内科クリニック", "機関区分": 2, "都道府県コード": 8, "市区町村コード": 214, "所在地": "茨城県高萩市東本町３－６７", "緯度": 36.713889, "経度": 140.721389, "url": "https://www.iryou.teikyouseido.mhlw.go.jp/znk-web/juminkanja/S2430/initialize?prefCd=08&kikanCd=208554426&kikanKbn=2", "url2": "https://ojimaclinic.wixsite.com/mysite", "内容": "おじま内科・消化器内科クリニック【2:診療所】【診療科目:内科_消化器内科】茨城県高萩市東本町３－６７" }, "geometry": { "type": "Point", "coordinates": [ 140.721389, 36.713889 ] } },
{ "type": "Feature", "properties": { "ID": 82208554657, "正式名称": "河端整形外科皮膚科クリニック", "機関区分": 2, "都道府県コード": 8, "市区町村コード": 202, "所在地": "茨城県日立市神峰町４－２－６", "緯度": 36.599167, "経度": 140.662222, "url": "https://www.iryou.teikyouseido.mhlw.go.jp/znk-web/juminkanja/S2430/initialize?prefCd=08&kikanCd=208554657&kikanKbn=2", "url2": "http://kawabatacl.com", "内容": "河端整形外科皮膚科クリニック【2:診療所】【診療科目:整形外科_皮膚科_アレルギー科_リハビリテーション科】茨城県日立市神峰町４－２－６" }, "geometry": { "type": "Point", "coordinates": [ 140.662222, 36.599167 ] } },
{ "type": "Feature", "properties": { "ID": 82208554833, "正式名称": "在宅クリニックハートフル日立", "機関区分": 2, "都道府県コード": 8, "市区町村コード": 202, "所在地": "茨城県日立市弁天町１－１－２１　１Ｆ", "緯度": 36.593124, "経度": 140.656601, "url": "https://www.iryou.teikyouseido.mhlw.go.jp/znk-web/juminkanja/S2430/initialize?prefCd=08&kikanCd=208554833&kikanKbn=2", "url2": null, "内容": "在宅クリニックハートフル日立【2:診療所】【診療科目:内科】茨城県日立市弁天町１－１－２１　１Ｆ" }, "geometry": { "type": "Point", "coordinates": [ 140.656601, 36.593124 ] } },
{ "type": "Feature", "properties": { "ID": 82208555481, "正式名称": "こころのクリニック日立", "機関区分": 2, "都道府県コード": 8, "市区町村コード": 202, "所在地": "茨城県日立市幸町１－１４－５　ＡＫＫビル１階", "緯度": 36.5913371, "経度": 140.6580895, "url": "https://www.iryou.teikyouseido.mhlw.go.jp/znk-web/juminkanja/S2430/initialize?prefCd=08&kikanCd=208555481&kikanKbn=2", "url2": null, "内容": "こころのクリニック日立【2:診療所】【診療科目:精神科_心療内科】茨城県日立市幸町１－１４－５　ＡＫＫビル１階" }, "geometry": { "type": "Point", "coordinates": [ 140.658089499999988, 36.5913371 ] } },
{ "type": "Feature", "properties": { "ID": 82208555654, "正式名称": "なわ内科・呼吸器クリニック", "機関区分": 2, "都道府県コード": 8, "市区町村コード": 202, "所在地": "茨城県日立市金沢町三丁目２０－５", "緯度": 36.537778, "経度": 140.624722, "url": "https://www.iryou.teikyouseido.mhlw.go.jp/znk-web/juminkanja/S2430/initialize?prefCd=08&kikanCd=208555654&kikanKbn=2", "url2": "https://nawacli.com/", "内容": "なわ内科・呼吸器クリニック【2:診療所】【診療科目:内科_呼吸器内科_疼痛緩和内科】茨城県日立市金沢町三丁目２０－５" }, "geometry": { "type": "Point", "coordinates": [ 140.624722, 36.537778 ] } },
{ "type": "Feature", "properties": { "ID": 82208556130, "正式名称": "特別養護老人ホーム山水苑サテライト", "機関区分": 2, "都道府県コード": 8, "市区町村コード": 202, "所在地": "茨城県日立市神峰町１－８－６", "緯度": 36.5974089, "経度": 140.6522022, "url": "https://www.iryou.teikyouseido.mhlw.go.jp/znk-web/juminkanja/S2430/initialize?prefCd=08&kikanCd=208556130&kikanKbn=2", "url2": null, "内容": "特別養護老人ホーム山水苑サテライト【2:診療所】【診療科目:内科】茨城県日立市神峰町１－８－６" }, "geometry": { "type": "Point", "coordinates": [ 140.6522022, 36.5974089 ] } },
{ "type": "Feature", "properties": { "ID": 82208556231, "正式名称": "医療法人社団平郁会みんなの日立クリニック", "機関区分": 2, "都道府県コード": 8, "市区町村コード": 202, "所在地": "茨城県日立市桜川町一丁目８番１号桜川町１丁目事務所１０１号室", "緯度": 36.55816, "経度": 140.627603, "url": "https://www.iryou.teikyouseido.mhlw.go.jp/znk-web/juminkanja/S2430/initialize?prefCd=08&kikanCd=208556231&kikanKbn=2", "url2": "https://www.heiikukai.com/clinic/hitachi/", "内容": "医療法人社団平郁会みんなの日立クリニック【2:診療所】【診療科目:内科_緩和ケア内科】茨城県日立市桜川町一丁目８番１号桜川町１丁目事務所１０１号室" }, "geometry": { "type": "Point", "coordinates": [ 140.627603, 36.55816 ] } },
{ "type": "Feature", "properties": { "ID": 82208560085, "正式名称": "樅山診療所", "機関区分": 2, "都道府県コード": 8, "市区町村コード": 234, "所在地": "茨城県鉾田市樅山５７６－２７", "緯度": 36.1975, "経度": 140.553333, "url": "https://www.iryou.teikyouseido.mhlw.go.jp/znk-web/juminkanja/S2430/initialize?prefCd=08&kikanCd=208560085&kikanKbn=2", "url2": "http://www.momiyama.or.jp", "内容": "樅山診療所【2:診療所】【診療科目:内科_小児科】茨城県鉾田市樅山５７６－２７" }, "geometry": { "type": "Point", "coordinates": [ 140.553333, 36.1975 ] } },
{ "type": "Feature", "properties": { "ID": 82208560115, "正式名称": "医療法人白翔会　白石医院", "機関区分": 2, "都道府県コード": 8, "市区町村コード": 234, "所在地": "茨城県鉾田市鉾田１６４４", "緯度": 36.147222, "経度": 140.518056, "url": "https://www.iryou.teikyouseido.mhlw.go.jp/znk-web/juminkanja/S2430/initialize?prefCd=08&kikanCd=208560115&kikanKbn=2", "url2": null, "内容": "医療法人白翔会　白石医院【2:診療所】【診療科目:内科_小児科】茨城県鉾田市鉾田１６４４" }, "geometry": { "type": "Point", "coordinates": [ 140.518056, 36.147222 ] } },
{ "type": "Feature", "properties": { "ID": 82208560131, "正式名称": "上杉医院", "機関区分": 2, "都道府県コード": 8, "市区町村コード": 234, "所在地": "茨城県鉾田市鉾田１６３５−１", "緯度": 36.148056, "経度": 140.5175, "url": "https://www.iryou.teikyouseido.mhlw.go.jp/znk-web/juminkanja/S2430/initialize?prefCd=08&kikanCd=208560131&kikanKbn=2", "url2": "https://www.uesugi-iin.com/", "内容": "上杉医院【2:診療所】【診療科目:内科_消化器内科_胃腸内科_肝臓内科_内視鏡内科_外科】茨城県鉾田市鉾田１６３５−１" }, "geometry": { "type": "Point", "coordinates": [ 140.5175, 36.148056 ] } },
{ "type": "Feature", "properties": { "ID": 82208560333, "正式名称": "巴診療所", "機関区分": 2, "都道府県コード": 8, "市区町村コード": 234, "所在地": "茨城県鉾田市上冨田５２－１", "緯度": 36.194167, "経度": 140.451944, "url": "https://www.iryou.teikyouseido.mhlw.go.jp/znk-web/juminkanja/S2430/initialize?prefCd=08&kikanCd=208560333&kikanKbn=2", "url2": null, "内容": "巴診療所【2:診療所】【診療科目:内科_消化器内科】茨城県鉾田市上冨田５２－１" }, "geometry": { "type": "Point", "coordinates": [ 140.451944, 36.194167 ] } },
{ "type": "Feature", "properties": { "ID": 82208560405, "正式名称": "舟木クリニック", "機関区分": 2, "都道府県コード": 8, "市区町村コード": 234, "所在地": "茨城県鉾田市舟木１７９－３", "緯度": 36.209722, "経度": 140.481111, "url": "https://www.iryou.teikyouseido.mhlw.go.jp/znk-web/juminkanja/S2430/initialize?prefCd=08&kikanCd=208560405&kikanKbn=2", "url2": null, "内容": "舟木クリニック【2:診療所】【診療科目:内科_胃腸内科_外科_肛門外科_整形外科_皮膚科】茨城県鉾田市舟木１７９－３" }, "geometry": { "type": "Point", "coordinates": [ 140.481111, 36.209722 ] } },
{ "type": "Feature", "properties": { "ID": 82208560434, "正式名称": "神谷医院", "機関区分": 2, "都道府県コード": 8, "市区町村コード": 234, "所在地": "茨城県鉾田市玉田１０１６－６", "緯度": 36.2228, "経度": 140.55768, "url": "https://www.iryou.teikyouseido.mhlw.go.jp/znk-web/juminkanja/S2430/initialize?prefCd=08&kikanCd=208560434&kikanKbn=2", "url2": null, "内容": "神谷医院【2:診療所】【診療科目:内科_呼吸器内科_外科】茨城県鉾田市玉田１０１６－６" }, "geometry": { "type": "Point", "coordinates": [ 140.55768, 36.2228 ] } },
{ "type": "Feature", "properties": { "ID": 82208560489, "正式名称": "医療法人社団鵠生会曽内科クリニック", "機関区分": 2, "都道府県コード": 8, "市区町村コード": 233, "所在地": "茨城県行方市玉造甲５１０－３", "緯度": 36.098056, "経度": 140.420833, "url": "https://www.iryou.teikyouseido.mhlw.go.jp/znk-web/juminkanja/S2430/initialize?prefCd=08&kikanCd=208560489&kikanKbn=2", "url2": null, "内容": "医療法人社団鵠生会曽内科クリニック【2:診療所】【診療科目:内科_呼吸器内科_循環器内科_泌尿器科_アレルギー科_放射線科】茨城県行方市玉造甲５１０－３" }, "geometry": { "type": "Point", "coordinates": [ 140.420833, 36.098056 ] } },
{ "type": "Feature", "properties": { "ID": 82208560506, "正式名称": "札クリニック", "機関区分": 2, "都道府県コード": 8, "市区町村コード": 234, "所在地": "茨城県鉾田市札６２２－２", "緯度": 36.079722, "経度": 140.548056, "url": "https://www.iryou.teikyouseido.mhlw.go.jp/znk-web/juminkanja/S2430/initialize?prefCd=08&kikanCd=208560506&kikanKbn=2", "url2": "http://www003.upp.so-net.ne.jp/shinseikai/", "内容": "札クリニック【2:診療所】【診療科目:内科_消化器内科_小児科_リハビリテーション科】茨城県鉾田市札６２２－２" }, "geometry": { "type": "Point", "coordinates": [ 140.548056, 36.079722 ] } },
{ "type": "Feature", "properties": { "ID": 82208560519, "正式名称": "高橋医院", "機関区分": 2, "都道府県コード": 8, "市区町村コード": 234, "所在地": "茨城県鉾田市安房１４０７番地８", "緯度": 36.1625, "経度": 140.528611, "url": "https://www.iryou.teikyouseido.mhlw.go.jp/znk-web/juminkanja/S2430/initialize?prefCd=08&kikanCd=208560519&kikanKbn=2", "url2": "https://www.takahashi-iin-hokota.jp", "内容": "高橋医院【2:診療所】【診療科目:小児科_婦人科】茨城県鉾田市安房１４０７番地８" }, "geometry": { "type": "Point", "coordinates": [ 140.528611, 36.1625 ] } },
{ "type": "Feature", "properties": { "ID": 82208560577, "正式名称": "根本皮膚科医院", "機関区分": 2, "都道府県コード": 8, "市区町村コード": 233, "所在地": "茨城県行方市玉造甲４１４の３", "緯度": 36.101111, "経度": 140.417778, "url": "https://www.iryou.teikyouseido.mhlw.go.jp/znk-web/juminkanja/S2430/initialize?prefCd=08&kikanCd=208560577&kikanKbn=2", "url2": null, "内容": "根本皮膚科医院【2:診療所】【診療科目:内科_外科_小児科_皮膚科】茨城県行方市玉造甲４１４の３" }, "geometry": { "type": "Point", "coordinates": [ 140.417778, 36.101111 ] } },
{ "type": "Feature", "properties": { "ID": 82208560593, "正式名称": "つばさクリニック", "機関区分": 2, "都道府県コード": 8, "市区町村コード": 233, "所在地": "茨城県行方市島並１５１１", "緯度": 36.024471, "経度": 140.491185, "url": "https://www.iryou.teikyouseido.mhlw.go.jp/znk-web/juminkanja/S2430/initialize?prefCd=08&kikanCd=208560593&kikanKbn=2", "url2": null, "内容": "つばさクリニック【2:診療所】【診療科目:内科_小児科_産婦人科】茨城県行方市島並１５１１" }, "geometry": { "type": "Point", "coordinates": [ 140.491185, 36.024471 ] } },
{ "type": "Feature", "properties": { "ID": 82208560711, "正式名称": "ハタミクリニック", "機関区分": 2, "都道府県コード": 8, "市区町村コード": 234, "所在地": "茨城県鉾田市鉾田１３４７番地１", "緯度": 36.160747, "経度": 140.516025, "url": "https://www.iryou.teikyouseido.mhlw.go.jp/znk-web/juminkanja/S2430/initialize?prefCd=08&kikanCd=208560711&kikanKbn=2", "url2": "hatami-clinic.com", "内容": "ハタミクリニック【2:診療所】【診療科目:内科_糖尿病内科_消化器内科_胃腸内科_外科_肛門外科_整形外科_眼科_皮膚科_泌尿器科】茨城県鉾田市鉾田１３４７番地１" }, "geometry": { "type": "Point", "coordinates": [ 140.516025, 36.160747 ] } },
{ "type": "Feature", "properties": { "ID": 82208560825, "正式名称": "たいようクリニック", "機関区分": 2, "都道府県コード": 8, "市区町村コード": 234, "所在地": "茨城県鉾田市上幡木１４０１－１", "緯度": 36.081944, "経度": 140.604444, "url": "https://www.iryou.teikyouseido.mhlw.go.jp/znk-web/juminkanja/S2430/initialize?prefCd=08&kikanCd=208560825&kikanKbn=2", "url2": "http://www.taiyoclinic.com/", "内容": "たいようクリニック【2:診療所】【診療科目:内科】茨城県鉾田市上幡木１４０１－１" }, "geometry": { "type": "Point", "coordinates": [ 140.604444, 36.081944 ] } },
{ "type": "Feature", "properties": { "ID": 82208560841, "正式名称": "大場内科玉造クリニック", "機関区分": 2, "都道府県コード": 8, "市区町村コード": 233, "所在地": "茨城県行方市若海７９３番地６", "緯度": 36.123033, "経度": 140.432932, "url": "https://www.iryou.teikyouseido.mhlw.go.jp/znk-web/juminkanja/S2430/initialize?prefCd=08&kikanCd=208560841&kikanKbn=2", "url2": "http://www.oobanaika.net", "内容": "大場内科玉造クリニック【2:診療所】【診療科目:内科_循環器内科_腎臓内科_人工透析内科】茨城県行方市若海７９３番地６" }, "geometry": { "type": "Point", "coordinates": [ 140.432932, 36.123033 ] } },
{ "type": "Feature", "properties": { "ID": 82208560939, "正式名称": "医療法人　幸樹会　鬼沢ファミリークリニック", "機関区分": 2, "都道府県コード": 8, "市区町村コード": 234, "所在地": "茨城県鉾田市鉾田２１１９－１", "緯度": 36.159748, "経度": 140.51595, "url": "https://www.iryou.teikyouseido.mhlw.go.jp/znk-web/juminkanja/S2430/initialize?prefCd=08&kikanCd=208560939&kikanKbn=2", "url2": null, "内容": "医療法人　幸樹会　鬼沢ファミリークリニック【2:診療所】【診療科目:内科_小児科_耳鼻いんこう科_皮膚科_美容皮膚科_アレルギー科】茨城県鉾田市鉾田２１１９－１" }, "geometry": { "type": "Point", "coordinates": [ 140.51595, 36.159748 ] } },
{ "type": "Feature", "properties": { "ID": 82208561024, "正式名称": "きしろ整形外科クリニック", "機関区分": 2, "都道府県コード": 8, "市区町村コード": 234, "所在地": "茨城県鉾田市新鉾田西２丁目６番地１", "緯度": 36.146667, "経度": 140.519167, "url": "https://www.iryou.teikyouseido.mhlw.go.jp/znk-web/juminkanja/S2430/initialize?prefCd=08&kikanCd=208561024&kikanKbn=2", "url2": null, "内容": "きしろ整形外科クリニック【2:診療所】【診療科目:内科_外科_整形外科】茨城県鉾田市新鉾田西２丁目６番地１" }, "geometry": { "type": "Point", "coordinates": [ 140.519167, 36.146667 ] } },
{ "type": "Feature", "properties": { "ID": 82208570176, "正式名称": "医療法人社団　葉山産婦人科", "機関区分": 2, "都道府県コード": 8, "市区町村コード": 222, "所在地": "茨城県鹿嶋市宮中１９９５－２５", "緯度": 35.961389, "経度": 140.643889, "url": "https://www.iryou.teikyouseido.mhlw.go.jp/znk-web/juminkanja/S2430/initialize?prefCd=08&kikanCd=208570176&kikanKbn=2", "url2": "http://www.hayamalc.jp", "内容": "医療法人社団　葉山産婦人科【2:診療所】【診療科目:小児科_産婦人科_産科_婦人科】茨城県鹿嶋市宮中１９９５－２５" }, "geometry": { "type": "Point", "coordinates": [ 140.643889, 35.961389 ] } },
{ "type": "Feature", "properties": { "ID": 82208570248, "正式名称": "医療法人坂本医院", "機関区分": 2, "都道府県コード": 8, "市区町村コード": 229, "所在地": "茨城県稲敷市江戸崎甲２６８８", "緯度": 35.955556, "経度": 140.323611, "url": "https://www.iryou.teikyouseido.mhlw.go.jp/znk-web/juminkanja/S2430/initialize?prefCd=08&kikanCd=208570248&kikanKbn=2", "url2": "http://www.sakamoto-ent.or.jp", "内容": "医療法人坂本医院【2:診療所】【診療科目:内科_耳鼻いんこう科】茨城県稲敷市江戸崎甲２６８８" }, "geometry": { "type": "Point", "coordinates": [ 140.323611, 35.955556 ] } },
{ "type": "Feature", "properties": { "ID": 82208570277, "正式名称": "一般社団法人日本健康倶楽部茨城支部東部地区健康管理クリニック", "機関区分": 2, "都道府県コード": 8, "市区町村コード": 232, "所在地": "茨城県神栖市東和田７９１１", "緯度": 35.904137, "経度": 140.68822, "url": "https://www.iryou.teikyouseido.mhlw.go.jp/znk-web/juminkanja/S2430/initialize?prefCd=08&kikanCd=208570277&kikanKbn=2", "url2": null, "内容": "一般社団法人日本健康倶楽部茨城支部東部地区健康管理クリニック【2:診療所】【診療科目:内科】茨城県神栖市東和田７９１１" }, "geometry": { "type": "Point", "coordinates": [ 140.68822, 35.904137 ] } },
{ "type": "Feature", "properties": { "ID": 82208570310, "正式名称": "医療法人かしまなだ診療所", "機関区分": 2, "都道府県コード": 8, "市区町村コード": 232, "所在地": "茨城県神栖市知手中央３丁目４番２１号", "緯度": 35.879883, "経度": 140.709099, "url": "https://www.iryou.teikyouseido.mhlw.go.jp/znk-web/juminkanja/S2430/initialize?prefCd=08&kikanCd=208570310&kikanKbn=2", "url2": "http://kashimanada.byoinnavi.jp", "内容": "医療法人かしまなだ診療所【2:診療所】【診療科目:内科_消化器内科_神経内科_小児科】茨城県神栖市知手中央３丁目４番２１号" }, "geometry": { "type": "Point", "coordinates": [ 140.709099, 35.879883 ] } },
{ "type": "Feature", "properties": { "ID": 82208570394, "正式名称": "医療法人永木外科胃腸科医院", "機関区分": 2, "都道府県コード": 8, "市区町村コード": 232, "所在地": "茨城県神栖市矢田部２９５９－１", "緯度": 35.782778, "経度": 140.756667, "url": "https://www.iryou.teikyouseido.mhlw.go.jp/znk-web/juminkanja/S2430/initialize?prefCd=08&kikanCd=208570394&kikanKbn=2", "url2": null, "内容": "医療法人永木外科胃腸科医院【2:診療所】【診療科目:内科_胃腸内科_外科_皮膚科】茨城県神栖市矢田部２９５９－１" }, "geometry": { "type": "Point", "coordinates": [ 140.756667, 35.782778 ] } },
{ "type": "Feature", "properties": { "ID": 82208570440, "正式名称": "釼持外科", "機関区分": 2, "都道府県コード": 8, "市区町村コード": 233, "所在地": "茨城県行方市麻生１５５５－４", "緯度": 35.985556, "経度": 140.492222, "url": "https://www.iryou.teikyouseido.mhlw.go.jp/znk-web/juminkanja/S2430/initialize?prefCd=08&kikanCd=208570440&kikanKbn=2", "url2": "https://www.kenmochigeka.com/", "内容": "釼持外科【2:診療所】【診療科目:内科_外科_形成外科_小児科_皮膚科】茨城県行方市麻生１５５５－４" }, "geometry": { "type": "Point", "coordinates": [ 140.492222, 35.985556 ] } },
{ "type": "Feature", "properties": { "ID": 82208570466, "正式名称": "小沼診療所", "機関区分": 2, "都道府県コード": 8, "市区町村コード": 233, "所在地": "茨城県行方市麻生１１０５−２", "緯度": 35.986667, "経度": 140.489167, "url": "https://www.iryou.teikyouseido.mhlw.go.jp/znk-web/juminkanja/S2430/initialize?prefCd=08&kikanCd=208570466&kikanKbn=2", "url2": "http://onuma-clinic.com/", "内容": "小沼診療所【2:診療所】【診療科目:内科_外科】茨城県行方市麻生１１０５−２" }, "geometry": { "type": "Point", "coordinates": [ 140.489167, 35.986667 ] } },
{ "type": "Feature", "properties": { "ID": 82208570626, "正式名称": "医療法人仲沢会　仲沢医院", "機関区分": 2, "都道府県コード": 8, "市区町村コード": 223, "所在地": "茨城県潮来市あやめ２－２６－１８", "緯度": 35.938234, "経度": 140.551422, "url": "https://www.iryou.teikyouseido.mhlw.go.jp/znk-web/juminkanja/S2430/initialize?prefCd=08&kikanCd=208570626&kikanKbn=2", "url2": null, "内容": "医療法人仲沢会　仲沢医院【2:診療所】【診療科目:内科_循環器内科_小児科】茨城県潮来市あやめ２－２６－１８" }, "geometry": { "type": "Point", "coordinates": [ 140.551422, 35.938234 ] } },
{ "type": "Feature", "properties": { "ID": 82208570668, "正式名称": "額賀整形外科医院", "機関区分": 2, "都道府県コード": 8, "市区町村コード": 222, "所在地": "茨城県鹿嶋市下塙１３９３", "緯度": 35.942062, "経度": 140.633568, "url": "https://www.iryou.teikyouseido.mhlw.go.jp/znk-web/juminkanja/S2430/initialize?prefCd=08&kikanCd=208570668&kikanKbn=2", "url2": "http://www.sopia.or.jp/nukagask", "内容": "額賀整形外科医院【2:診療所】【診療科目:整形外科_リハビリテーション科】茨城県鹿嶋市下塙１３９３" }, "geometry": { "type": "Point", "coordinates": [ 140.633568, 35.942062 ] } },
{ "type": "Feature", "properties": { "ID": 82208570697, "正式名称": "医療法人社団福寿会飯島内科", "機関区分": 2, "都道府県コード": 8, "市区町村コード": 223, "所在地": "茨城県潮来市日の出８－１３－２", "緯度": 35.931877, "経度": 140.57378, "url": "https://www.iryou.teikyouseido.mhlw.go.jp/znk-web/juminkanja/S2430/initialize?prefCd=08&kikanCd=208570697&kikanKbn=2", "url2": "https://iijima-naika.com/", "内容": "医療法人社団福寿会飯島内科【2:診療所】【診療科目:内科_消化器内科_脳神経外科_小児科_皮膚科】茨城県潮来市日の出８－１３－２" }, "geometry": { "type": "Point", "coordinates": [ 140.57378, 35.931877 ] } },
{ "type": "Feature", "properties": { "ID": 82208570701, "正式名称": "三笠小児クリニック", "機関区分": 2, "都道府県コード": 8, "市区町村コード": 222, "所在地": "茨城県鹿嶋市宮中", "緯度": 35.9675, "経度": 140.646944, "url": "https://www.iryou.teikyouseido.mhlw.go.jp/znk-web/juminkanja/S2430/initialize?prefCd=08&kikanCd=208570701&kikanKbn=2", "url2": "https://www.mikasapediat.com", "内容": "三笠小児クリニック【2:診療所】【診療科目:小児科】茨城県鹿嶋市宮中" }, "geometry": { "type": "Point", "coordinates": [ 140.646944, 35.9675 ] } },
{ "type": "Feature", "properties": { "ID": 82208570727, "正式名称": "医療法人社団澄隆会　井上眼科医院", "機関区分": 2, "都道府県コード": 8, "市区町村コード": 222, "所在地": "茨城県鹿嶋市宮中８－９－３０", "緯度": 35.959722, "経度": 140.631111, "url": "https://www.iryou.teikyouseido.mhlw.go.jp/znk-web/juminkanja/S2430/initialize?prefCd=08&kikanCd=208570727&kikanKbn=2", "url2": "http://www.inoueganka.co.jp/", "内容": "医療法人社団澄隆会　井上眼科医院【2:診療所】【診療科目:眼科】茨城県鹿嶋市宮中８－９－３０" }, "geometry": { "type": "Point", "coordinates": [ 140.631111, 35.959722 ] } },
{ "type": "Feature", "properties": { "ID": 82208570756, "正式名称": "武藤小児科医院", "機関区分": 2, "都道府県コード": 8, "市区町村コード": 232, "所在地": "茨城県神栖市知手中央１－１５－４０", "緯度": 35.876667, "経度": 140.708611, "url": "https://www.iryou.teikyouseido.mhlw.go.jp/znk-web/juminkanja/S2430/initialize?prefCd=08&kikanCd=208570756&kikanKbn=2", "url2": "https://muto-kids.com", "内容": "武藤小児科医院【2:診療所】【診療科目:小児科】茨城県神栖市知手中央１－１５－４０" }, "geometry": { "type": "Point", "coordinates": [ 140.708611, 35.876667 ] } },
{ "type": "Feature", "properties": { "ID": 82208570772, "正式名称": "医療法人恵育会鹿浦小児科医院", "機関区分": 2, "都道府県コード": 8, "市区町村コード": 222, "所在地": "茨城県鹿嶋市大船津３１６３", "緯度": 35.96083, "経度": 140.618074, "url": "https://www.iryou.teikyouseido.mhlw.go.jp/znk-web/juminkanja/S2430/initialize?prefCd=08&kikanCd=208570772&kikanKbn=2", "url2": "http://www.kahoiin.or.jp/", "内容": "医療法人恵育会鹿浦小児科医院【2:診療所】【診療科目:小児科】茨城県鹿嶋市大船津３１６３" }, "geometry": { "type": "Point", "coordinates": [ 140.618074, 35.96083 ] } },
{ "type": "Feature", "properties": { "ID": 82208570785, "正式名称": "医療法人鹿神会大野診療所", "機関区分": 2, "都道府県コード": 8, "市区町村コード": 222, "所在地": "茨城県鹿嶋市和８２４－１", "緯度": 36.036667, "経度": 140.615, "url": "https://www.iryou.teikyouseido.mhlw.go.jp/znk-web/juminkanja/S2430/initialize?prefCd=08&kikanCd=208570785&kikanKbn=2", "url2": "http://kashimashi.info/oonoshinryojyo/", "内容": "医療法人鹿神会大野診療所【2:診療所】【診療科目:内科_消化器内科_外科_小児科】茨城県鹿嶋市和８２４－１" }, "geometry": { "type": "Point", "coordinates": [ 140.615, 36.036667 ] } },
{ "type": "Feature", "properties": { "ID": 82208570802, "正式名称": "医療法人社団寿徳会出津医院", "機関区分": 2, "都道府県コード": 8, "市区町村コード": 222, "所在地": "茨城県鹿嶋市志崎７９９－１", "緯度": 36.060549, "経度": 140.568586, "url": "https://www.iryou.teikyouseido.mhlw.go.jp/znk-web/juminkanja/S2430/initialize?prefCd=08&kikanCd=208570802&kikanKbn=2", "url2": null, "内容": "医療法人社団寿徳会出津医院【2:診療所】【診療科目:内科_小児科】茨城県鹿嶋市志崎７９９－１" }, "geometry": { "type": "Point", "coordinates": [ 140.568586, 36.060549 ] } },
{ "type": "Feature", "properties": { "ID": 82208570815, "正式名称": "児玉医院", "機関区分": 2, "都道府県コード": 8, "市区町村コード": 232, "所在地": "茨城県神栖市木崎２４０６－２６１", "緯度": 35.886944, "経度": 140.6575, "url": "https://www.iryou.teikyouseido.mhlw.go.jp/znk-web/juminkanja/S2430/initialize?prefCd=08&kikanCd=208570815&kikanKbn=2", "url2": "https://kodama.clinic/", "内容": "児玉医院【2:診療所】【診療科目:内科_呼吸器内科_循環器内科_消化器内科_外科_肛門外科_整形外科_形成外科_小児科_皮膚科_精神科_心療内科】茨城県神栖市木崎２４０６－２６１" }, "geometry": { "type": "Point", "coordinates": [ 140.6575, 35.886944 ] } },
{ "type": "Feature", "properties": { "ID": 82208570844, "正式名称": "医療法人社団息栖会あきら医院", "機関区分": 2, "都道府県コード": 8, "市区町村コード": 232, "所在地": "茨城県神栖市大野原５丁目１番２９号", "緯度": 35.886667, "経度": 140.640278, "url": "https://www.iryou.teikyouseido.mhlw.go.jp/znk-web/juminkanja/S2430/initialize?prefCd=08&kikanCd=208570844&kikanKbn=2", "url2": "http://www.akira-clinic.or.jp", "内容": "医療法人社団息栖会あきら医院【2:診療所】【診療科目:内科_胃腸内科_小児科_心療内科】茨城県神栖市大野原５丁目１番２９号" }, "geometry": { "type": "Point", "coordinates": [ 140.640278, 35.886667 ] } },
{ "type": "Feature", "properties": { "ID": 82208570860, "正式名称": "我妻医院", "機関区分": 2, "都道府県コード": 8, "市区町村コード": 222, "所在地": "茨城県鹿嶋市鉢形３－３－１", "緯度": 35.9545128, "経度": 140.6521414, "url": "https://www.iryou.teikyouseido.mhlw.go.jp/znk-web/juminkanja/S2430/initialize?prefCd=08&kikanCd=208570860&kikanKbn=2", "url2": null, "内容": "我妻医院【2:診療所】【診療科目:内科_胃腸内科_外科】茨城県鹿嶋市鉢形３－３－１" }, "geometry": { "type": "Point", "coordinates": [ 140.6521414, 35.9545128 ] } },
{ "type": "Feature", "properties": { "ID": 82208570873, "正式名称": "特別養護老人ホームしおさい苑", "機関区分": 2, "都道府県コード": 8, "市区町村コード": 232, "所在地": "茨城県神栖市矢田部９４１６－１", "緯度": 35.79999, "経度": 140.74033, "url": "https://www.iryou.teikyouseido.mhlw.go.jp/znk-web/juminkanja/S2430/initialize?prefCd=08&kikanCd=208570873&kikanKbn=2", "url2": null, "内容": "特別養護老人ホームしおさい苑【2:診療所】【診療科目:内科】茨城県神栖市矢田部９４１６－１" }, "geometry": { "type": "Point", "coordinates": [ 140.74033, 35.79999 ] } },
{ "type": "Feature", "properties": { "ID": 82208570899, "正式名称": "波崎クリニック", "機関区分": 2, "都道府県コード": 8, "市区町村コード": 232, "所在地": "茨城県神栖市波崎６２７１－５", "緯度": 35.759406, "経度": 140.811046, "url": "https://www.iryou.teikyouseido.mhlw.go.jp/znk-web/juminkanja/S2430/initialize?prefCd=08&kikanCd=208570899&kikanKbn=2", "url2": null, "内容": "波崎クリニック【2:診療所】【診療科目:内科_循環器内科_小児科】茨城県神栖市波崎６２７１－５" }, "geometry": { "type": "Point", "coordinates": [ 140.811046, 35.759406 ] } },
{ "type": "Feature", "properties": { "ID": 82208570916, "正式名称": "医療法人恵潮会　石毛医院", "機関区分": 2, "都道府県コード": 8, "市区町村コード": 223, "所在地": "茨城県潮来市潮来２２６", "緯度": 35.941569, "経度": 140.544167, "url": "https://www.iryou.teikyouseido.mhlw.go.jp/znk-web/juminkanja/S2430/initialize?prefCd=08&kikanCd=208570916&kikanKbn=2", "url2": "https://ishigeiin.studio.site/", "内容": "医療法人恵潮会　石毛医院【2:診療所】【診療科目:気管食道・耳鼻いんこう科_頭頸部・耳鼻いんこう科】茨城県潮来市潮来２２６" }, "geometry": { "type": "Point", "coordinates": [ 140.544167, 35.941569 ] } },
{ "type": "Feature", "properties": { "ID": 82208570932, "正式名称": "牧医院", "機関区分": 2, "都道府県コード": 8, "市区町村コード": 232, "所在地": "茨城県神栖市神栖１－１７－２０", "緯度": 35.9004872, "経度": 140.6401287, "url": "https://www.iryou.teikyouseido.mhlw.go.jp/znk-web/juminkanja/S2430/initialize?prefCd=08&kikanCd=208570932&kikanKbn=2", "url2": null, "内容": "牧医院【2:診療所】【診療科目:内科_循環器内科_消化器内科_小児科_リハビリテーション科_放射線科】茨城県神栖市神栖１－１７－２０" }, "geometry": { "type": "Point", "coordinates": [ 140.6401287, 35.9004872 ] } },
{ "type": "Feature", "properties": { "ID": 82208570961, "正式名称": "野口医院", "機関区分": 2, "都道府県コード": 8, "市区町村コード": 232, "所在地": "茨城県神栖市知手９８−４１", "緯度": 35.866944, "経度": 140.672778, "url": "https://www.iryou.teikyouseido.mhlw.go.jp/znk-web/juminkanja/S2430/initialize?prefCd=08&kikanCd=208570961&kikanKbn=2", "url2": null, "内容": "野口医院【2:診療所】【診療科目:内科_整形外科_小児科_皮膚科】茨城県神栖市知手９８−４１" }, "geometry": { "type": "Point", "coordinates": [ 140.672778, 35.866944 ] } },
{ "type": "Feature", "properties": { "ID": 82208571069, "正式名称": "西尾耳鼻咽喉科医院", "機関区分": 2, "都道府県コード": 8, "市区町村コード": 232, "所在地": "茨城県神栖市大野原５−３−６９", "緯度": 35.89484, "経度": 140.64543, "url": "https://www.iryou.teikyouseido.mhlw.go.jp/znk-web/juminkanja/S2430/initialize?prefCd=08&kikanCd=208571069&kikanKbn=2", "url2": "http://r.goope.jp/nishio-jibika/", "内容": "西尾耳鼻咽喉科医院【2:診療所】【診療科目:耳鼻いんこう科】茨城県神栖市大野原５−３−６９" }, "geometry": { "type": "Point", "coordinates": [ 140.64543, 35.89484 ] } },
{ "type": "Feature", "properties": { "ID": 82208571098, "正式名称": "医療法人かずみ貞廣会　延方クリニック", "機関区分": 2, "都道府県コード": 8, "市区町村コード": 223, "所在地": "茨城県潮来市宮前１ー１１ー８", "緯度": 35.955, "経度": 140.592778, "url": "https://www.iryou.teikyouseido.mhlw.go.jp/znk-web/juminkanja/S2430/initialize?prefCd=08&kikanCd=208571098&kikanKbn=2", "url2": null, "内容": "医療法人かずみ貞廣会　延方クリニック【2:診療所】【診療科目:内科_小児科】茨城県潮来市宮前１ー１１ー８" }, "geometry": { "type": "Point", "coordinates": [ 140.592778, 35.955 ] } },
{ "type": "Feature", "properties": { "ID": 82208571115, "正式名称": "医療法人仁厚会まつおかクリニック", "機関区分": 2, "都道府県コード": 8, "市区町村コード": 222, "所在地": "茨城県鹿嶋市城山４丁目３番３７号", "緯度": 35.960278, "経度": 140.626389, "url": "https://www.iryou.teikyouseido.mhlw.go.jp/znk-web/juminkanja/S2430/initialize?prefCd=08&kikanCd=208571115&kikanKbn=2", "url2": null, "内容": "医療法人仁厚会まつおかクリニック【2:診療所】【診療科目:内科_漢方内科_外科_リハビリテーション科】茨城県鹿嶋市城山４丁目３番３７号" }, "geometry": { "type": "Point", "coordinates": [ 140.626389, 35.960278 ] } },
{ "type": "Feature", "properties": { "ID": 82208571128, "正式名称": "大久保眼科", "機関区分": 2, "都道府県コード": 8, "市区町村コード": 222, "所在地": "茨城県鹿嶋市厨２ー９ー１２", "緯度": 35.971944, "経度": 140.632222, "url": "https://www.iryou.teikyouseido.mhlw.go.jp/znk-web/juminkanja/S2430/initialize?prefCd=08&kikanCd=208571128&kikanKbn=2", "url2": null, "内容": "大久保眼科【2:診療所】【診療科目:眼科】茨城県鹿嶋市厨２ー９ー１２" }, "geometry": { "type": "Point", "coordinates": [ 140.632222, 35.971944 ] } },
{ "type": "Feature", "properties": { "ID": 82208571157, "正式名称": "さくらクリニック", "機関区分": 2, "都道府県コード": 8, "市区町村コード": 222, "所在地": "茨城県鹿嶋市宮津台２３４６－３８", "緯度": 35.977573, "経度": 140.64713, "url": "https://www.iryou.teikyouseido.mhlw.go.jp/znk-web/juminkanja/S2430/initialize?prefCd=08&kikanCd=208571157&kikanKbn=2", "url2": null, "内容": "さくらクリニック【2:診療所】【診療科目:内科_精神科】茨城県鹿嶋市宮津台２３４６－３８" }, "geometry": { "type": "Point", "coordinates": [ 140.64713, 35.977573 ] } },
{ "type": "Feature", "properties": { "ID": 82208571199, "正式名称": "大久保診療所", "機関区分": 2, "都道府県コード": 8, "市区町村コード": 223, "所在地": "茨城県潮来市潮来１４３－２", "緯度": 35.939913, "経度": 140.542122, "url": "https://www.iryou.teikyouseido.mhlw.go.jp/znk-web/juminkanja/S2430/initialize?prefCd=08&kikanCd=208571199&kikanKbn=2", "url2": "http://www.okb-cl.com", "内容": "大久保診療所【2:診療所】【診療科目:内科_婦人科_皮膚科】茨城県潮来市潮来１４３－２" }, "geometry": { "type": "Point", "coordinates": [ 140.542122, 35.939913 ] } },
{ "type": "Feature", "properties": { "ID": 82208571258, "正式名称": "鹿嶋市夜間小児救急診療所", "機関区分": 2, "都道府県コード": 8, "市区町村コード": 222, "所在地": "茨城県鹿嶋市宮中１９９８－２", "緯度": 35.961667, "経度": 140.645278, "url": "https://www.iryou.teikyouseido.mhlw.go.jp/znk-web/juminkanja/S2430/initialize?prefCd=08&kikanCd=208571258&kikanKbn=2", "url2": null, "内容": "鹿嶋市夜間小児救急診療所【2:診療所】【診療科目:小児科】茨城県鹿嶋市宮中１９９８－２" }, "geometry": { "type": "Point", "coordinates": [ 140.645278, 35.961667 ] } },
{ "type": "Feature", "properties": { "ID": 82208571261, "正式名称": "医療法人社団富上の杜　とみかみクリニック", "機関区分": 2, "都道府県コード": 8, "市区町村コード": 222, "所在地": "茨城県鹿嶋市宮中２９７－３", "緯度": 35.959788, "経度": 140.642094, "url": "https://www.iryou.teikyouseido.mhlw.go.jp/znk-web/juminkanja/S2430/initialize?prefCd=08&kikanCd=208571261&kikanKbn=2", "url2": null, "内容": "医療法人社団富上の杜　とみかみクリニック【2:診療所】【診療科目:内科_眼科】茨城県鹿嶋市宮中２９７－３" }, "geometry": { "type": "Point", "coordinates": [ 140.642094, 35.959788 ] } },
{ "type": "Feature", "properties": { "ID": 82208571290, "正式名称": "医療法人松優会　松倉中央クリニック", "機関区分": 2, "都道府県コード": 8, "市区町村コード": 222, "所在地": "茨城県鹿嶋市和７８６－１６", "緯度": 36.051395, "経度": 140.604991, "url": "https://www.iryou.teikyouseido.mhlw.go.jp/znk-web/juminkanja/S2430/initialize?prefCd=08&kikanCd=208571290&kikanKbn=2", "url2": "http://matsukura-shojuen.jp/clinic/", "内容": "医療法人松優会　松倉中央クリニック【2:診療所】【診療科目:内科_消化器内科_外科】茨城県鹿嶋市和７８６－１６" }, "geometry": { "type": "Point", "coordinates": [ 140.604991, 36.051395 ] } },
{ "type": "Feature", "properties": { "ID": 82208571304, "正式名称": "医療法人雄仁会五郎台ファミリークリニック", "機関区分": 2, "都道府県コード": 8, "市区町村コード": 232, "所在地": "茨城県神栖市深芝南２－１１－１２", "緯度": 35.9098484, "経度": 140.6486206, "url": "https://www.iryou.teikyouseido.mhlw.go.jp/znk-web/juminkanja/S2430/initialize?prefCd=08&kikanCd=208571304&kikanKbn=2", "url2": "https://www.goroudaifc.com/", "内容": "医療法人雄仁会五郎台ファミリークリニック【2:診療所】【診療科目:内科_外科_整形外科_小児科_皮膚科_リハビリテーション科】茨城県神栖市深芝南２－１１－１２" }, "geometry": { "type": "Point", "coordinates": [ 140.648620599999987, 35.9098484 ] } },
{ "type": "Feature", "properties": { "ID": 82208571359, "正式名称": "医療法人　正風会　春日クリニック", "機関区分": 2, "都道府県コード": 8, "市区町村コード": 222, "所在地": "茨城県鹿嶋市平井押合１１２８—５１", "緯度": 35.969808, "経度": 140.66597, "url": "https://www.iryou.teikyouseido.mhlw.go.jp/znk-web/juminkanja/S2430/initialize?prefCd=08&kikanCd=208571359&kikanKbn=2", "url2": null, "内容": "医療法人　正風会　春日クリニック【2:診療所】【診療科目:内科_消化器内科_外科】茨城県鹿嶋市平井押合１１２８—５１" }, "geometry": { "type": "Point", "coordinates": [ 140.66597, 35.969808 ] } },
{ "type": "Feature", "properties": { "ID": 82208571375, "正式名称": "済生会波崎診療所", "機関区分": 2, "都道府県コード": 8, "市区町村コード": 232, "所在地": "茨城県神栖市波崎８９６８", "緯度": 35.746111, "経度": 140.833056, "url": "https://www.iryou.teikyouseido.mhlw.go.jp/znk-web/juminkanja/S2430/initialize?prefCd=08&kikanCd=208571375&kikanKbn=2", "url2": null, "内容": "済生会波崎診療所【2:診療所】【診療科目:内科_整形外科】茨城県神栖市波崎８９６８" }, "geometry": { "type": "Point", "coordinates": [ 140.833056, 35.746111 ] } },
{ "type": "Feature", "properties": { "ID": 82208571418, "正式名称": "医療法人社団彩澄会　松永皮フ科クリニック", "機関区分": 2, "都道府県コード": 8, "市区町村コード": 222, "所在地": "茨城県鹿嶋市宮中４５２６－１０", "緯度": 35.963276, "経度": 140.62885, "url": "https://www.iryou.teikyouseido.mhlw.go.jp/znk-web/juminkanja/S2430/initialize?prefCd=08&kikanCd=208571418&kikanKbn=2", "url2": "matsunagahifuka.com", "内容": "医療法人社団彩澄会　松永皮フ科クリニック【2:診療所】【診療科目:皮膚科】茨城県鹿嶋市宮中４５２６－１０" }, "geometry": { "type": "Point", "coordinates": [ 140.62885, 35.963276 ] } },
{ "type": "Feature", "properties": { "ID": 82208571434, "正式名称": "医療法人社団同仁会常南医院", "機関区分": 2, "都道府県コード": 8, "市区町村コード": 223, "所在地": "茨城県潮来市辻３８６", "緯度": 35.946667, "経度": 140.5625, "url": "https://www.iryou.teikyouseido.mhlw.go.jp/znk-web/juminkanja/S2430/initialize?prefCd=08&kikanCd=208571434&kikanKbn=2", "url2": null, "内容": "医療法人社団同仁会常南医院【2:診療所】【診療科目:内科_循環器内科_外科_整形外科_放射線科】茨城県潮来市辻３８６" }, "geometry": { "type": "Point", "coordinates": [ 140.5625, 35.946667 ] } },
{ "type": "Feature", "properties": { "ID": 82208571450, "正式名称": "かしま耳鼻咽喉科医院", "機関区分": 2, "都道府県コード": 8, "市区町村コード": 222, "所在地": "茨城県鹿嶋市宮中１－１０－１８", "緯度": 35.961944, "経度": 140.631389, "url": "https://www.iryou.teikyouseido.mhlw.go.jp/znk-web/juminkanja/S2430/initialize?prefCd=08&kikanCd=208571450&kikanKbn=2", "url2": "http://www.kashima-jibika.jp", "内容": "かしま耳鼻咽喉科医院【2:診療所】【診療科目:耳鼻いんこう科】茨城県鹿嶋市宮中１－１０－１８" }, "geometry": { "type": "Point", "coordinates": [ 140.631389, 35.961944 ] } },
{ "type": "Feature", "properties": { "ID": 82208571492, "正式名称": "医療法人　虹の会　にへいなかよしクリニック", "機関区分": 2, "都道府県コード": 8, "市区町村コード": 232, "所在地": "茨城県神栖市平泉１－７４", "緯度": 35.908333, "経度": 140.6425, "url": "https://www.iryou.teikyouseido.mhlw.go.jp/znk-web/juminkanja/S2430/initialize?prefCd=08&kikanCd=208571492&kikanKbn=2", "url2": "http://www.nihei-nakayoshi.jp/", "内容": "医療法人　虹の会　にへいなかよしクリニック【2:診療所】【診療科目:内科_呼吸器内科_循環器内科_腎臓内科_人工透析内科_小児科】茨城県神栖市平泉１－７４" }, "geometry": { "type": "Point", "coordinates": [ 140.6425, 35.908333 ] } },
{ "type": "Feature", "properties": { "ID": 82208571900, "正式名称": "医療法人社団ゆびきたすユビキタスクリニックＨＩＮＯＤＥ", "機関区分": 2, "都道府県コード": 8, "市区町村コード": 223, "所在地": "茨城県潮来市日の出４丁目１－１４", "緯度": 35.930556, "経度": 140.577778, "url": "https://www.iryou.teikyouseido.mhlw.go.jp/znk-web/juminkanja/S2430/initialize?prefCd=08&kikanCd=208571900&kikanKbn=2", "url2": null, "内容": "医療法人社団ゆびきたすユビキタスクリニックＨＩＮＯＤＥ【2:診療所】【診療科目:内科_精神科】茨城県潮来市日の出４丁目１－１４" }, "geometry": { "type": "Point", "coordinates": [ 140.577778, 35.930556 ] } },
{ "type": "Feature", "properties": { "ID": 82208572082, "正式名称": "わたなべ眼科クリニック", "機関区分": 2, "都道府県コード": 8, "市区町村コード": 232, "所在地": "茨城県神栖市溝口", "緯度": 35.888333, "経度": 140.646389, "url": "https://www.iryou.teikyouseido.mhlw.go.jp/znk-web/juminkanja/S2430/initialize?prefCd=08&kikanCd=208572082&kikanKbn=2", "url2": null, "内容": "わたなべ眼科クリニック【2:診療所】【診療科目:眼科】茨城県神栖市溝口" }, "geometry": { "type": "Point", "coordinates": [ 140.646389, 35.888333 ] } },
{ "type": "Feature", "properties": { "ID": 82208572183, "正式名称": "アントラーズスポーツクリニック", "機関区分": 2, "都道府県コード": 8, "市区町村コード": 222, "所在地": "茨城県鹿嶋市神向寺後山２６番地２", "緯度": 35.984167, "経度": 140.646389, "url": "https://www.iryou.teikyouseido.mhlw.go.jp/znk-web/juminkanja/S2430/initialize?prefCd=08&kikanCd=208572183&kikanKbn=2", "url2": "https://www.antlerssc.com/", "内容": "アントラーズスポーツクリニック【2:診療所】【診療科目:整形外科_リハビリテーション科】茨城県鹿嶋市神向寺後山２６番地２" }, "geometry": { "type": "Point", "coordinates": [ 140.646389, 35.984167 ] } },
{ "type": "Feature", "properties": { "ID": 82208572213, "正式名称": "あいクリニック", "機関区分": 2, "都道府県コード": 8, "市区町村コード": 222, "所在地": "茨城県鹿嶋市角折", "緯度": 36.035, "経度": 140.63, "url": "https://www.iryou.teikyouseido.mhlw.go.jp/znk-web/juminkanja/S2430/initialize?prefCd=08&kikanCd=208572213&kikanKbn=2", "url2": null, "内容": "あいクリニック【2:診療所】【診療科目:内科】茨城県鹿嶋市角折" }, "geometry": { "type": "Point", "coordinates": [ 140.63, 36.035 ] } },
{ "type": "Feature", "properties": { "ID": 82208572297, "正式名称": "医療法人社団　かしま眼科", "機関区分": 2, "都道府県コード": 8, "市区町村コード": 222, "所在地": "茨城県鹿嶋市鉢形１５２６－３　ショッピングセンターサンポートかしま２階", "緯度": 35.9625, "経度": 140.65, "url": "https://www.iryou.teikyouseido.mhlw.go.jp/znk-web/juminkanja/S2430/initialize?prefCd=08&kikanCd=208572297&kikanKbn=2", "url2": "http://kashima-ganka.com", "内容": "医療法人社団　かしま眼科【2:診療所】【診療科目:眼科】茨城県鹿嶋市鉢形１５２６－３　ショッピングセンターサンポートかしま２階" }, "geometry": { "type": "Point", "coordinates": [ 140.65, 35.9625 ] } },
{ "type": "Feature", "properties": { "ID": 82208572574, "正式名称": "いきすの森クリニック", "機関区分": 2, "都道府県コード": 8, "市区町村コード": 232, "所在地": "茨城県神栖市息栖３０３１－３５", "緯度": 35.885178, "経度": 140.62292, "url": "https://www.iryou.teikyouseido.mhlw.go.jp/znk-web/juminkanja/S2430/initialize?prefCd=08&kikanCd=208572574&kikanKbn=2", "url2": null, "内容": "いきすの森クリニック【2:診療所】【診療科目:内科_整形外科】茨城県神栖市息栖３０３１－３５" }, "geometry": { "type": "Point", "coordinates": [ 140.62292, 35.885178 ] } },
{ "type": "Feature", "properties": { "ID": 82208572587, "正式名称": "神栖メディカルクリニック", "機関区分": 2, "都道府県コード": 8, "市区町村コード": 232, "所在地": "茨城県神栖市知手", "緯度": 35.873226, "経度": 140.68997, "url": "https://www.iryou.teikyouseido.mhlw.go.jp/znk-web/juminkanja/S2430/initialize?prefCd=08&kikanCd=208572587&kikanKbn=2", "url2": "https://www.kcm-cl.jp/", "内容": "神栖メディカルクリニック【2:診療所】【診療科目:内科_循環器内科_消化器内科_腎臓内科_人工透析内科】茨城県神栖市知手" }, "geometry": { "type": "Point", "coordinates": [ 140.68997, 35.873226 ] } },
{ "type": "Feature", "properties": { "ID": 82208572620, "正式名称": "医療法人社団英正会　鹿嶋眼科クリニック", "機関区分": 2, "都道府県コード": 8, "市区町村コード": 222, "所在地": "茨城県鹿嶋市宮中２９０－１ショッピングセンターチェリオ１階", "緯度": 35.963276, "経度": 140.62885, "url": "https://www.iryou.teikyouseido.mhlw.go.jp/znk-web/juminkanja/S2430/initialize?prefCd=08&kikanCd=208572620&kikanKbn=2", "url2": null, "内容": "医療法人社団英正会　鹿嶋眼科クリニック【2:診療所】【診療科目:眼科】茨城県鹿嶋市宮中２９０－１ショッピングセンターチェリオ１階" }, "geometry": { "type": "Point", "coordinates": [ 140.62885, 35.963276 ] } },
{ "type": "Feature", "properties": { "ID": 82208572880, "正式名称": "皮フ科内科クリヤマクリニック", "機関区分": 2, "都道府県コード": 8, "市区町村コード": 232, "所在地": "茨城県神栖市神栖１丁目１７番１号ソレイユプラザ", "緯度": 35.896111, "経度": 140.644167, "url": "https://www.iryou.teikyouseido.mhlw.go.jp/znk-web/juminkanja/S2430/initialize?prefCd=08&kikanCd=208572880&kikanKbn=2", "url2": "kuriyamaclinic.com", "内容": "皮フ科内科クリヤマクリニック【2:診療所】【診療科目:内科_皮膚科】茨城県神栖市神栖１丁目１７番１号ソレイユプラザ" }, "geometry": { "type": "Point", "coordinates": [ 140.644167, 35.896111 ] } },
{ "type": "Feature", "properties": { "ID": 82208572936, "正式名称": "島崎クリニック", "機関区分": 2, "都道府県コード": 8, "市区町村コード": 222, "所在地": "茨城県鹿嶋市宮中７－３－１０", "緯度": 35.958611, "経度": 140.635833, "url": "https://www.iryou.teikyouseido.mhlw.go.jp/znk-web/juminkanja/S2430/initialize?prefCd=08&kikanCd=208572936&kikanKbn=2", "url2": "shimazakigeka.info", "内容": "島崎クリニック【2:診療所】【診療科目:内科_循環器内科_外科】茨城県鹿嶋市宮中７－３－１０" }, "geometry": { "type": "Point", "coordinates": [ 140.635833, 35.958611 ] } },
{ "type": "Feature", "properties": { "ID": 82208573089, "正式名称": "済生会土合クリニック", "機関区分": 2, "都道府県コード": 8, "市区町村コード": 232, "所在地": "茨城県神栖市土合本町一丁目９１０８番３", "緯度": 35.79336, "経度": 140.77832, "url": "https://www.iryou.teikyouseido.mhlw.go.jp/znk-web/juminkanja/S2430/initialize?prefCd=08&kikanCd=208573089&kikanKbn=2", "url2": null, "内容": "済生会土合クリニック【2:診療所】【診療科目:内科_外科_整形外科_小児科_眼科】茨城県神栖市土合本町一丁目９１０８番３" }, "geometry": { "type": "Point", "coordinates": [ 140.77832, 35.79336 ] } },
{ "type": "Feature", "properties": { "ID": 82208573236, "正式名称": "医療法人正友会島医院", "機関区分": 2, "都道府県コード": 8, "市区町村コード": 222, "所在地": "茨城県鹿嶋市宮中１９９６－１１", "緯度": 35.961944, "経度": 140.640278, "url": "https://www.iryou.teikyouseido.mhlw.go.jp/znk-web/juminkanja/S2430/initialize?prefCd=08&kikanCd=208573236&kikanKbn=2", "url2": "http://www.shimaiin.com.", "内容": "医療法人正友会島医院【2:診療所】【診療科目:皮膚科_泌尿器科】茨城県鹿嶋市宮中１９９６－１１" }, "geometry": { "type": "Point", "coordinates": [ 140.640278, 35.961944 ] } },
{ "type": "Feature", "properties": { "ID": 82208573249, "正式名称": "医療法人社団仁洋会すずきクリニック", "機関区分": 2, "都道府県コード": 8, "市区町村コード": 232, "所在地": "茨城県神栖市土合南１－１１－１４", "緯度": 35.7839488, "経度": 140.7756729, "url": "https://www.iryou.teikyouseido.mhlw.go.jp/znk-web/juminkanja/S2430/initialize?prefCd=08&kikanCd=208573249&kikanKbn=2", "url2": "www.suzucl.com", "内容": "医療法人社団仁洋会すずきクリニック【2:診療所】【診療科目:内科_循環器内科_小児科】茨城県神栖市土合南１－１１－１４" }, "geometry": { "type": "Point", "coordinates": [ 140.775672899999989, 35.7839488 ] } },
{ "type": "Feature", "properties": { "ID": 82208573379, "正式名称": "かめだ整形外科リハビリテーションクリニック", "機関区分": 2, "都道府県コード": 8, "市区町村コード": 233, "所在地": "茨城県行方市玉造甲５１０－１", "緯度": 36.101275, "経度": 140.417616, "url": "https://www.iryou.teikyouseido.mhlw.go.jp/znk-web/juminkanja/S2430/initialize?prefCd=08&kikanCd=208573379&kikanKbn=2", "url2": "https://www.kameda-seikeigeka.com", "内容": "かめだ整形外科リハビリテーションクリニック【2:診療所】【診療科目:内科_整形外科_リウマチ科_リハビリテーション科】茨城県行方市玉造甲５１０－１" }, "geometry": { "type": "Point", "coordinates": [ 140.417616, 36.101275 ] } },
{ "type": "Feature", "properties": { "ID": 82208573669, "正式名称": "医療法人社団善仁会　小山記念病院付属ふかしばこどもクリニック", "機関区分": 2, "都道府県コード": 8, "市区町村コード": 232, "所在地": "茨城県神栖市深芝南２－１１－３", "緯度": 35.905556, "経度": 140.649444, "url": "https://www.iryou.teikyouseido.mhlw.go.jp/znk-web/juminkanja/S2430/initialize?prefCd=08&kikanCd=208573669&kikanKbn=2", "url2": "https://fukashiba-kc.jp", "内容": "医療法人社団善仁会　小山記念病院付属ふかしばこどもクリニック【2:診療所】【診療科目:小児科_アレルギー科_乳幼児相談外来】茨城県神栖市深芝南２－１１－３" }, "geometry": { "type": "Point", "coordinates": [ 140.649444, 35.905556 ] } },
{ "type": "Feature", "properties": { "ID": 82208573672, "正式名称": "かみす消化器内視鏡クリニック", "機関区分": 2, "都道府県コード": 8, "市区町村コード": 232, "所在地": "茨城県神栖市大野原４－６－６", "緯度": 35.892778, "経度": 140.640278, "url": "https://www.iryou.teikyouseido.mhlw.go.jp/znk-web/juminkanja/S2430/initialize?prefCd=08&kikanCd=208573672&kikanKbn=2", "url2": "https://kamisu-gec.com/", "内容": "かみす消化器内視鏡クリニック【2:診療所】【診療科目:内科_消化器内科_外科_肛門外科】茨城県神栖市大野原４－６－６" }, "geometry": { "type": "Point", "coordinates": [ 140.640278, 35.892778 ] } },
{ "type": "Feature", "properties": { "ID": 82208573773, "正式名称": "医療法人玉心会　宝山ハートクリニック", "機関区分": 2, "都道府県コード": 8, "市区町村コード": 232, "所在地": "茨城県神栖市太田４６４６－１", "緯度": 35.844518, "経度": 140.711896, "url": "https://www.iryou.teikyouseido.mhlw.go.jp/znk-web/juminkanja/S2430/initialize?prefCd=08&kikanCd=208573773&kikanKbn=2", "url2": "https://www.kashima-heart-cl.com/%E5%AE%9D%E5%B1%B1%E3%83%8F%E3%83%BC%E3%83%88%E3%82%AF%E3%83%AA%E3%83%8B%E3%83%83%E3%82%AF-%E5%88%86%E9%99%A2/", "内容": "医療法人玉心会　宝山ハートクリニック【2:診療所】【診療科目:内科_循環器内科_心臓内科_心臓血管内科_外科_脳神経外科】茨城県神栖市太田４６４６－１" }, "geometry": { "type": "Point", "coordinates": [ 140.711896, 35.844518 ] } },
{ "type": "Feature", "properties": { "ID": 82208574767, "正式名称": "潮来ハートクリニック", "機関区分": 2, "都道府県コード": 8, "市区町村コード": 223, "所在地": "茨城県潮来市島須７３３番地", "緯度": 35.961826, "経度": 140.53616, "url": "https://www.iryou.teikyouseido.mhlw.go.jp/znk-web/juminkanja/S2430/initialize?prefCd=08&kikanCd=208574767&kikanKbn=2", "url2": "https://itako.kashima-heart-cl.com/", "内容": "潮来ハートクリニック【2:診療所】【診療科目:内科_循環器内科_神経内科_脳神経外科_心臓血管外科】茨城県潮来市島須７３３番地" }, "geometry": { "type": "Point", "coordinates": [ 140.53616, 35.961826 ] } },
{ "type": "Feature", "properties": { "ID": 82208580049, "正式名称": "医療法人いがらしクリニック", "機関区分": 2, "都道府県コード": 8, "市区町村コード": 208, "所在地": "茨城県龍ケ崎市栄町４６５９－３", "緯度": 35.898889, "経度": 140.188333, "url": "https://www.iryou.teikyouseido.mhlw.go.jp/znk-web/juminkanja/S2430/initialize?prefCd=08&kikanCd=208580049&kikanKbn=2", "url2": "http://www.igarashi-cl.com/", "内容": "医療法人いがらしクリニック【2:診療所】【診療科目:内科_女性内科_産婦人科_産婦人科（生殖医療）_不妊治療】茨城県龍ケ崎市栄町４６５９－３" }, "geometry": { "type": "Point", "coordinates": [ 140.188333, 35.898889 ] } },
{ "type": "Feature", "properties": { "ID": 82208580108, "正式名称": "医療法人社団千楽会根本医院", "機関区分": 2, "都道府県コード": 8, "市区町村コード": 208, "所在地": "茨城県龍ケ崎市半田町１３９０", "緯度": 35.928673, "経度": 140.23868, "url": "https://www.iryou.teikyouseido.mhlw.go.jp/znk-web/juminkanja/S2430/initialize?prefCd=08&kikanCd=208580108&kikanKbn=2", "url2": "https://www.nemotoiin.com", "内容": "医療法人社団千楽会根本医院【2:診療所】【診療科目:内科_呼吸器内科_アレルギー科】茨城県龍ケ崎市半田町１３９０" }, "geometry": { "type": "Point", "coordinates": [ 140.23868, 35.928673 ] } },
{ "type": "Feature", "properties": { "ID": 82208580182, "正式名称": "医療法人明朝会横田医院", "機関区分": 2, "都道府県コード": 8, "市区町村コード": 208, "所在地": "茨城県龍ケ崎市光順田２９４１－１", "緯度": 35.906695, "経度": 140.19085, "url": "https://www.iryou.teikyouseido.mhlw.go.jp/znk-web/juminkanja/S2430/initialize?prefCd=08&kikanCd=208580182&kikanKbn=2", "url2": null, "内容": "医療法人明朝会横田医院【2:診療所】【診療科目:内科_皮膚科_泌尿器科】茨城県龍ケ崎市光順田２９４１－１" }, "geometry": { "type": "Point", "coordinates": [ 140.19085, 35.906695 ] } },
{ "type": "Feature", "properties": { "ID": 82208580225, "正式名称": "吉澤胃腸内科医院", "機関区分": 2, "都道府県コード": 8, "市区町村コード": 208, "所在地": "茨城県龍ケ崎市佐貫１－４－５", "緯度": 35.9279353, "経度": 140.1396085, "url": "https://www.iryou.teikyouseido.mhlw.go.jp/znk-web/juminkanja/S2430/initialize?prefCd=08&kikanCd=208580225&kikanKbn=2", "url2": null, "内容": "吉澤胃腸内科医院【2:診療所】【診療科目:内科_胃腸内科_肝臓内科_肝臓内科_小児科】茨城県龍ケ崎市佐貫１－４－５" }, "geometry": { "type": "Point", "coordinates": [ 140.1396085, 35.9279353 ] } },
{ "type": "Feature", "properties": { "ID": 82208580254, "正式名称": "兼子内科循環器科", "機関区分": 2, "都道府県コード": 8, "市区町村コード": 208, "所在地": "茨城県龍ケ崎市寺後３９８９－１", "緯度": 35.906111, "経度": 140.186389, "url": "https://www.iryou.teikyouseido.mhlw.go.jp/znk-web/juminkanja/S2430/initialize?prefCd=08&kikanCd=208580254&kikanKbn=2", "url2": null, "内容": "兼子内科循環器科【2:診療所】【診療科目:内科_循環器内科_消化器内科_放射線科】茨城県龍ケ崎市寺後３９８９－１" }, "geometry": { "type": "Point", "coordinates": [ 140.186389, 35.906111 ] } },
{ "type": "Feature", "properties": { "ID": 82208580283, "正式名称": "山本医院", "機関区分": 2, "都道府県コード": 8, "市区町村コード": 208, "所在地": "茨城県龍ケ崎市佐貫町５６０", "緯度": 35.927222, "経度": 140.139167, "url": "https://www.iryou.teikyouseido.mhlw.go.jp/znk-web/juminkanja/S2430/initialize?prefCd=08&kikanCd=208580283&kikanKbn=2", "url2": null, "内容": "山本医院【2:診療所】【診療科目:内科_循環器内科】茨城県龍ケ崎市佐貫町５６０" }, "geometry": { "type": "Point", "coordinates": [ 140.139167, 35.927222 ] } },
{ "type": "Feature", "properties": { "ID": 82208580313, "正式名称": "飯塚眼科医院", "機関区分": 2, "都道府県コード": 8, "市区町村コード": 217, "所在地": "茨城県取手市台宿", "緯度": 35.891944, "経度": 140.069167, "url": "https://www.iryou.teikyouseido.mhlw.go.jp/znk-web/juminkanja/S2430/initialize?prefCd=08&kikanCd=208580313&kikanKbn=2", "url2": null, "内容": "飯塚眼科医院【2:診療所】【診療科目:眼科】茨城県取手市台宿" }, "geometry": { "type": "Point", "coordinates": [ 140.069167, 35.891944 ] } },
{ "type": "Feature", "properties": { "ID": 82208580384, "正式名称": "医療法人恵済会高安クリニック", "機関区分": 2, "都道府県コード": 8, "市区町村コード": 217, "所在地": "茨城県取手市東２ー６－４１", "緯度": 35.889158, "経度": 140.068653, "url": "https://www.iryou.teikyouseido.mhlw.go.jp/znk-web/juminkanja/S2430/initialize?prefCd=08&kikanCd=208580384&kikanKbn=2", "url2": null, "内容": "医療法人恵済会高安クリニック【2:診療所】【診療科目:内科_呼吸器内科】茨城県取手市東２ー６－４１" }, "geometry": { "type": "Point", "coordinates": [ 140.068653, 35.889158 ] } },
{ "type": "Feature", "properties": { "ID": 82208580427, "正式名称": "医療法人社団竹村医院", "機関区分": 2, "都道府県コード": 8, "市区町村コード": 217, "所在地": "茨城県取手市東１－２－１２", "緯度": 35.886667, "経度": 140.069722, "url": "https://www.iryou.teikyouseido.mhlw.go.jp/znk-web/juminkanja/S2430/initialize?prefCd=08&kikanCd=208580427&kikanKbn=2", "url2": null, "内容": "医療法人社団竹村医院【2:診療所】【診療科目:内科_呼吸器内科_アレルギー疾患内科_眼科】茨城県取手市東１－２－１２" }, "geometry": { "type": "Point", "coordinates": [ 140.069722, 35.886667 ] } },
{ "type": "Feature", "properties": { "ID": 82208580469, "正式名称": "寺田医院", "機関区分": 2, "都道府県コード": 8, "市区町村コード": 217, "所在地": "茨城県取手市取手２−１７−２７", "緯度": 35.891172, "経度": 140.066646, "url": "https://www.iryou.teikyouseido.mhlw.go.jp/znk-web/juminkanja/S2430/initialize?prefCd=08&kikanCd=208580469&kikanKbn=2", "url2": null, "内容": "寺田医院【2:診療所】【診療科目:内科】茨城県取手市取手２−１７−２７" }, "geometry": { "type": "Point", "coordinates": [ 140.066646, 35.891172 ] } },
{ "type": "Feature", "properties": { "ID": 82208580560, "正式名称": "医療法人まかべ内科", "機関区分": 2, "都道府県コード": 8, "市区町村コード": 217, "所在地": "茨城県取手市新取手２丁目１０番９号", "緯度": 35.915556, "経度": 140.046944, "url": "https://www.iryou.teikyouseido.mhlw.go.jp/znk-web/juminkanja/S2430/initialize?prefCd=08&kikanCd=208580560&kikanKbn=2", "url2": "makabenaika.com", "内容": "医療法人まかべ内科【2:診療所】【診療科目:内科】茨城県取手市新取手２丁目１０番９号" }, "geometry": { "type": "Point", "coordinates": [ 140.046944, 35.915556 ] } },
{ "type": "Feature", "properties": { "ID": 82208580586, "正式名称": "医療法人順心会とりで医院", "機関区分": 2, "都道府県コード": 8, "市区町村コード": 217, "所在地": "茨城県取手市青柳１１４", "緯度": 35.893056, "経度": 140.084444, "url": "https://www.iryou.teikyouseido.mhlw.go.jp/znk-web/juminkanja/S2430/initialize?prefCd=08&kikanCd=208580586&kikanKbn=2", "url2": null, "内容": "医療法人順心会とりで医院【2:診療所】【診療科目:内科_循環器内科_小児科】茨城県取手市青柳１１４" }, "geometry": { "type": "Point", "coordinates": [ 140.084444, 35.893056 ] } },
{ "type": "Feature", "properties": { "ID": 82208580616, "正式名称": "秋谷医院", "機関区分": 2, "都道府県コード": 8, "市区町村コード": 217, "所在地": "茨城県取手市下高井２３３４", "緯度": 35.93246, "経度": 140.03615, "url": "https://www.iryou.teikyouseido.mhlw.go.jp/znk-web/juminkanja/S2430/initialize?prefCd=08&kikanCd=208580616&kikanKbn=2", "url2": null, "内容": "秋谷医院【2:診療所】【診療科目:内科_小児科】茨城県取手市下高井２３３４" }, "geometry": { "type": "Point", "coordinates": [ 140.03615, 35.93246 ] } },
{ "type": "Feature", "properties": { "ID": 82208580775, "正式名称": "飯泉医院", "機関区分": 2, "都道府県コード": 8, "市区町村コード": 219, "所在地": "茨城県牛久市田宮町１４０－４", "緯度": 35.976144, "経度": 140.139134, "url": "https://www.iryou.teikyouseido.mhlw.go.jp/znk-web/juminkanja/S2430/initialize?prefCd=08&kikanCd=208580775&kikanKbn=2", "url2": null, "内容": "飯泉医院【2:診療所】【診療科目:内科_消化器内科_外科】茨城県牛久市田宮町１４０－４" }, "geometry": { "type": "Point", "coordinates": [ 140.139134, 35.976144 ] } },
{ "type": "Feature", "properties": { "ID": 82208580834, "正式名称": "医療法人社団博郁会椎名産婦人科", "機関区分": 2, "都道府県コード": 8, "市区町村コード": 219, "所在地": "茨城県牛久市中央５－１２－２０", "緯度": 35.974444, "経度": 140.145556, "url": "https://www.iryou.teikyouseido.mhlw.go.jp/znk-web/juminkanja/S2430/initialize?prefCd=08&kikanCd=208580834&kikanKbn=2", "url2": "shiinasanfujinka.com", "内容": "医療法人社団博郁会椎名産婦人科【2:診療所】【診療科目:内科_産婦人科】茨城県牛久市中央５－１２－２０" }, "geometry": { "type": "Point", "coordinates": [ 140.145556, 35.974444 ] } },
{ "type": "Feature", "properties": { "ID": 82208580922, "正式名称": "岡見第一医院", "機関区分": 2, "都道府県コード": 8, "市区町村コード": 219, "所在地": "茨城県牛久市岡見町９５９－２１", "緯度": 35.970751, "経度": 140.188794, "url": "https://www.iryou.teikyouseido.mhlw.go.jp/znk-web/juminkanja/S2430/initialize?prefCd=08&kikanCd=208580922&kikanKbn=2", "url2": null, "内容": "岡見第一医院【2:診療所】【診療科目:内科_循環器内科】茨城県牛久市岡見町９５９－２１" }, "geometry": { "type": "Point", "coordinates": [ 140.188794, 35.970751 ] } },
{ "type": "Feature", "properties": { "ID": 82208581091, "正式名称": "秋田医院", "機関区分": 2, "都道府県コード": 8, "市区町村コード": 217, "所在地": "茨城県取手市椚木８９０", "緯度": 35.930614, "経度": 140.09315, "url": "https://www.iryou.teikyouseido.mhlw.go.jp/znk-web/juminkanja/S2430/initialize?prefCd=08&kikanCd=208581091&kikanKbn=2", "url2": null, "内容": "秋田医院【2:診療所】【診療科目:内科_小児科_産婦人科】茨城県取手市椚木８９０" }, "geometry": { "type": "Point", "coordinates": [ 140.09315, 35.930614 ] } },
{ "type": "Feature", "properties": { "ID": 82208581147, "正式名称": "滝沢医院", "機関区分": 2, "都道府県コード": 8, "市区町村コード": 217, "所在地": "茨城県取手市宮和田１０４９－５", "緯度": 35.916111, "経度": 140.123333, "url": "https://www.iryou.teikyouseido.mhlw.go.jp/znk-web/juminkanja/S2430/initialize?prefCd=08&kikanCd=208581147&kikanKbn=2", "url2": null, "内容": "滝沢医院【2:診療所】【診療科目:内科】茨城県取手市宮和田１０４９－５" }, "geometry": { "type": "Point", "coordinates": [ 140.123333, 35.916111 ] } },
{ "type": "Feature", "properties": { "ID": 82208581248, "正式名称": "村井医院", "機関区分": 2, "都道府県コード": 8, "市区町村コード": 208, "所在地": "茨城県龍ケ崎市愛戸町", "緯度": 35.91, "経度": 140.193056, "url": "https://www.iryou.teikyouseido.mhlw.go.jp/znk-web/juminkanja/S2430/initialize?prefCd=08&kikanCd=208581248&kikanKbn=2", "url2": "http://muraiclinic.wixsite.com/muraiclinic", "内容": "村井医院【2:診療所】【診療科目:内科】茨城県龍ケ崎市愛戸町" }, "geometry": { "type": "Point", "coordinates": [ 140.193056, 35.91 ] } },
{ "type": "Feature", "properties": { "ID": 82208581365, "正式名称": "大関皮膚科", "機関区分": 2, "都道府県コード": 8, "市区町村コード": 217, "所在地": "茨城県取手市取手２－１－２０櫻井ビル１Ｆ", "緯度": 35.894147, "経度": 140.062566, "url": "https://www.iryou.teikyouseido.mhlw.go.jp/znk-web/juminkanja/S2430/initialize?prefCd=08&kikanCd=208581365&kikanKbn=2", "url2": null, "内容": "大関皮膚科【2:診療所】【診療科目:皮膚科】茨城県取手市取手２－１－２０櫻井ビル１Ｆ" }, "geometry": { "type": "Point", "coordinates": [ 140.062566, 35.894147 ] } },
{ "type": "Feature", "properties": { "ID": 82208581378, "正式名称": "医療法人社団実正会太田医院", "機関区分": 2, "都道府県コード": 8, "市区町村コード": 219, "所在地": "茨城県牛久市さくら台１－１８－２", "緯度": 35.961294, "経度": 140.155999, "url": "https://www.iryou.teikyouseido.mhlw.go.jp/znk-web/juminkanja/S2430/initialize?prefCd=08&kikanCd=208581378&kikanKbn=2", "url2": "http://www.otaiin.com", "内容": "医療法人社団実正会太田医院【2:診療所】【診療科目:内科_胃腸内科_外科_消化器外科_整形外科_小児科_皮膚科_リハビリテーション科_麻酔科】茨城県牛久市さくら台１－１８－２" }, "geometry": { "type": "Point", "coordinates": [ 140.155999, 35.961294 ] } },
{ "type": "Feature", "properties": { "ID": 82208581394, "正式名称": "医療法人　宏千会　秋本脳神経外科", "機関区分": 2, "都道府県コード": 8, "市区町村コード": 208, "所在地": "茨城県龍ケ崎市川原代町６１８７－１", "緯度": 35.908889, "経度": 140.172778, "url": "https://www.iryou.teikyouseido.mhlw.go.jp/znk-web/juminkanja/S2430/initialize?prefCd=08&kikanCd=208581394&kikanKbn=2", "url2": "http://www.akimoto.or.jp/", "内容": "医療法人　宏千会　秋本脳神経外科【2:診療所】【診療科目:内科_外科_脳神経外科】茨城県龍ケ崎市川原代町６１８７－１" }, "geometry": { "type": "Point", "coordinates": [ 140.172778, 35.908889 ] } },
{ "type": "Feature", "properties": { "ID": 82208581408, "正式名称": "福岡小児科医院", "機関区分": 2, "都道府県コード": 8, "市区町村コード": 208, "所在地": "茨城県龍ケ崎市若柴町字丸田１２３２番地", "緯度": 35.926667, "経度": 140.150556, "url": "https://www.iryou.teikyouseido.mhlw.go.jp/znk-web/juminkanja/S2430/initialize?prefCd=08&kikanCd=208581408&kikanKbn=2", "url2": "https://www.fukuoka-shounika.jp", "内容": "福岡小児科医院【2:診療所】【診療科目:内科_小児科】茨城県龍ケ崎市若柴町字丸田１２３２番地" }, "geometry": { "type": "Point", "coordinates": [ 140.150556, 35.926667 ] } },
{ "type": "Feature", "properties": { "ID": 82208581453, "正式名称": "医療法人社団河合医院", "機関区分": 2, "都道府県コード": 8, "市区町村コード": 219, "所在地": "茨城県牛久市田宮３－２－２", "緯度": 35.9775, "経度": 140.143889, "url": "https://www.iryou.teikyouseido.mhlw.go.jp/znk-web/juminkanja/S2430/initialize?prefCd=08&kikanCd=208581453&kikanKbn=2", "url2": "http://www.kawai-iin.com/", "内容": "医療法人社団河合医院【2:診療所】【診療科目:内科_外科_小児科_皮膚科】茨城県牛久市田宮３－２－２" }, "geometry": { "type": "Point", "coordinates": [ 140.143889, 35.9775 ] } },
{ "type": "Feature", "properties": { "ID": 82208581538, "正式名称": "八代内科医院", "機関区分": 2, "都道府県コード": 8, "市区町村コード": 208, "所在地": "茨城県龍ケ崎市八代町１０７８－２", "緯度": 35.914444, "経度": 140.218056, "url": "https://www.iryou.teikyouseido.mhlw.go.jp/znk-web/juminkanja/S2430/initialize?prefCd=08&kikanCd=208581538&kikanKbn=2", "url2": null, "内容": "八代内科医院【2:診療所】【診療科目:内科_感染症内科_血液・腫瘍内科_糖尿病内科_代謝内科_内分泌内科_脂質代謝内科_呼吸器内科_循環器内科_心臓内科_胃腸内科_腎臓内科_肝臓内科_老年内科】茨城県龍ケ崎市八代町１０７８－２" }, "geometry": { "type": "Point", "coordinates": [ 140.218056, 35.914444 ] } },
{ "type": "Feature", "properties": { "ID": 82208581541, "正式名称": "取手整形外科医院", "機関区分": 2, "都道府県コード": 8, "市区町村コード": 217, "所在地": "茨城県取手市新町１−７−１３", "緯度": 35.896451, "経度": 140.060871, "url": "https://www.iryou.teikyouseido.mhlw.go.jp/znk-web/juminkanja/S2430/initialize?prefCd=08&kikanCd=208581541&kikanKbn=2", "url2": null, "内容": "取手整形外科医院【2:診療所】【診療科目:整形外科_皮膚科_リウマチ科】茨城県取手市新町１−７−１３" }, "geometry": { "type": "Point", "coordinates": [ 140.060871, 35.896451 ] } },
{ "type": "Feature", "properties": { "ID": 82208581567, "正式名称": "医療法人山中医院", "機関区分": 2, "都道府県コード": 8, "市区町村コード": 564, "所在地": "茨城県北相馬郡利根町中田切", "緯度": 35.858333, "経度": 140.153056, "url": "https://www.iryou.teikyouseido.mhlw.go.jp/znk-web/juminkanja/S2430/initialize?prefCd=08&kikanCd=208581567&kikanKbn=2", "url2": null, "内容": "医療法人山中医院【2:診療所】【診療科目:内科_糖尿病内科_呼吸器内科_循環器内科_消化器内科_漢方内科_整形外科】茨城県北相馬郡利根町中田切" }, "geometry": { "type": "Point", "coordinates": [ 140.153056, 35.858333 ] } },
{ "type": "Feature", "properties": { "ID": 82208581596, "正式名称": "山村医院", "機関区分": 2, "都道府県コード": 8, "市区町村コード": 208, "所在地": "茨城県龍ケ崎市佐貫３－５－５", "緯度": 35.930621, "経度": 140.139443, "url": "https://www.iryou.teikyouseido.mhlw.go.jp/znk-web/juminkanja/S2430/initialize?prefCd=08&kikanCd=208581596&kikanKbn=2", "url2": "https://yamamuraiin.jp/", "内容": "山村医院【2:診療所】【診療科目:内科_整形外科_小児科_精神科】茨城県龍ケ崎市佐貫３－５－５" }, "geometry": { "type": "Point", "coordinates": [ 140.139443, 35.930621 ] } },
{ "type": "Feature", "properties": { "ID": 82208581642, "正式名称": "鈴木内科医院", "機関区分": 2, "都道府県コード": 8, "市区町村コード": 564, "所在地": "茨城県北相馬郡利根町早尾８９０", "緯度": 35.872778, "経度": 140.145, "url": "https://www.iryou.teikyouseido.mhlw.go.jp/znk-web/juminkanja/S2430/initialize?prefCd=08&kikanCd=208581642&kikanKbn=2", "url2": null, "内容": "鈴木内科医院【2:診療所】【診療科目:内科_循環器内科_消化器内科】茨城県北相馬郡利根町早尾８９０" }, "geometry": { "type": "Point", "coordinates": [ 140.145, 35.872778 ] } },
{ "type": "Feature", "properties": { "ID": 82208581727, "正式名称": "医療法人社団村橋整形外科皮膚科医院", "機関区分": 2, "都道府県コード": 8, "市区町村コード": 217, "所在地": "茨城県取手市藤代７３３－２", "緯度": 35.917778, "経度": 140.113333, "url": "https://www.iryou.teikyouseido.mhlw.go.jp/znk-web/juminkanja/S2430/initialize?prefCd=08&kikanCd=208581727&kikanKbn=2", "url2": "https://murahashi-cl.com/", "内容": "医療法人社団村橋整形外科皮膚科医院【2:診療所】【診療科目:整形外科_皮膚科】茨城県取手市藤代７３３－２" }, "geometry": { "type": "Point", "coordinates": [ 140.113333, 35.917778 ] } },
{ "type": "Feature", "properties": { "ID": 82208581730, "正式名称": "医療法人社団豊済会　ときわクリニック", "機関区分": 2, "都道府県コード": 8, "市区町村コード": 217, "所在地": "茨城県取手市井野４４３０", "緯度": 35.896389, "経度": 140.068611, "url": "https://www.iryou.teikyouseido.mhlw.go.jp/znk-web/juminkanja/S2430/initialize?prefCd=08&kikanCd=208581730&kikanKbn=2", "url2": "https://tokiwa-clinic.jp/", "内容": "医療法人社団豊済会　ときわクリニック【2:診療所】【診療科目:内科_人工透析内科】茨城県取手市井野４４３０" }, "geometry": { "type": "Point", "coordinates": [ 140.068611, 35.896389 ] } },
{ "type": "Feature", "properties": { "ID": 82208581756, "正式名称": "神経科クリニックこどもの園", "機関区分": 2, "都道府県コード": 8, "市区町村コード": 219, "所在地": "茨城県牛久市柏田町１０３０", "緯度": 35.977697, "経度": 140.154888, "url": "https://www.iryou.teikyouseido.mhlw.go.jp/znk-web/juminkanja/S2430/initialize?prefCd=08&kikanCd=208581756&kikanKbn=2", "url2": null, "内容": "神経科クリニックこどもの園【2:診療所】【診療科目:精神科】茨城県牛久市柏田町１０３０" }, "geometry": { "type": "Point", "coordinates": [ 140.154888, 35.977697 ] } },
{ "type": "Feature", "properties": { "ID": 82208581828, "正式名称": "中村クリニック", "機関区分": 2, "都道府県コード": 8, "市区町村コード": 208, "所在地": "茨城県龍ケ崎市六斗蒔８６９０－１", "緯度": 35.899722, "経度": 140.180556, "url": "https://www.iryou.teikyouseido.mhlw.go.jp/znk-web/juminkanja/S2430/initialize?prefCd=08&kikanCd=208581828&kikanKbn=2", "url2": "http://website2.infomity.net/8350322/", "内容": "中村クリニック【2:診療所】【診療科目:内科_消化器内科_泌尿器科】茨城県龍ケ崎市六斗蒔８６９０－１" }, "geometry": { "type": "Point", "coordinates": [ 140.180556, 35.899722 ] } },
{ "type": "Feature", "properties": { "ID": 82208581873, "正式名称": "菊地整形外科", "機関区分": 2, "都道府県コード": 8, "市区町村コード": 208, "所在地": "茨城県龍ケ崎市北方町６３３", "緯度": 35.88283, "経度": 140.156024, "url": "https://www.iryou.teikyouseido.mhlw.go.jp/znk-web/juminkanja/S2430/initialize?prefCd=08&kikanCd=208581873&kikanKbn=2", "url2": null, "内容": "菊地整形外科【2:診療所】【診療科目:整形外科】茨城県龍ケ崎市北方町６３３" }, "geometry": { "type": "Point", "coordinates": [ 140.156024, 35.88283 ] } },
{ "type": "Feature", "properties": { "ID": 82208581929, "正式名称": "利根町国保診療所", "機関区分": 2, "都道府県コード": 8, "市区町村コード": 564, "所在地": "茨城県北相馬郡利根町羽中２００番地", "緯度": 35.861164, "経度": 140.165638, "url": "https://www.iryou.teikyouseido.mhlw.go.jp/znk-web/juminkanja/S2430/initialize?prefCd=08&kikanCd=208581929&kikanKbn=2", "url2": "https://www.town.tone.ibaraki.jp", "内容": "利根町国保診療所【2:診療所】【診療科目:内科_小児科】茨城県北相馬郡利根町羽中２００番地" }, "geometry": { "type": "Point", "coordinates": [ 140.165638, 35.861164 ] } },
{ "type": "Feature", "properties": { "ID": 82208581961, "正式名称": "医療法人社団清和会いしかわクリニック", "機関区分": 2, "都道府県コード": 8, "市区町村コード": 208, "所在地": "茨城県龍ケ崎市大徳町５３５３－１", "緯度": 35.896618, "経度": 140.205639, "url": "https://www.iryou.teikyouseido.mhlw.go.jp/znk-web/juminkanja/S2430/initialize?prefCd=08&kikanCd=208581961&kikanKbn=2", "url2": "http://www.fureai.or.jp/~doraemon/", "内容": "医療法人社団清和会いしかわクリニック【2:診療所】【診療科目:内科_胃腸内科_人工透析内科_肛門内科_外科_整形外科_歯科_矯正歯科_歯科口腔外科_小児歯科】茨城県龍ケ崎市大徳町５３５３－１" }, "geometry": { "type": "Point", "coordinates": [ 140.205639, 35.896618 ] } },
{ "type": "Feature", "properties": { "ID": 82208582027, "正式名称": "さくらクリニック", "機関区分": 2, "都道府県コード": 8, "市区町村コード": 208, "所在地": "茨城県龍ケ崎市中根台１－９－７", "緯度": 35.926111, "経度": 140.173056, "url": "https://www.iryou.teikyouseido.mhlw.go.jp/znk-web/juminkanja/S2430/initialize?prefCd=08&kikanCd=208582027&kikanKbn=2", "url2": null, "内容": "さくらクリニック【2:診療所】【診療科目:内科_消化器内科_外科】茨城県龍ケ崎市中根台１－９－７" }, "geometry": { "type": "Point", "coordinates": [ 140.173056, 35.926111 ] } },
{ "type": "Feature", "properties": { "ID": 82208582098, "正式名称": "古橋医院", "機関区分": 2, "都道府県コード": 8, "市区町村コード": 229, "所在地": "茨城県稲敷市西代１３６８−３", "緯度": 35.921981, "経度": 140.483749, "url": "https://www.iryou.teikyouseido.mhlw.go.jp/znk-web/juminkanja/S2430/initialize?prefCd=08&kikanCd=208582098&kikanKbn=2", "url2": null, "内容": "古橋医院【2:診療所】【診療科目:内科_消化器内科_内視鏡内科】茨城県稲敷市西代１３６８−３" }, "geometry": { "type": "Point", "coordinates": [ 140.483749, 35.921981 ] } },
{ "type": "Feature", "properties": { "ID": 82208582102, "正式名称": "うえだクリニック", "機関区分": 2, "都道府県コード": 8, "市区町村コード": 217, "所在地": "茨城県取手市小文間５６５７－１", "緯度": 35.887482, "経度": 140.102937, "url": "https://www.iryou.teikyouseido.mhlw.go.jp/znk-web/juminkanja/S2430/initialize?prefCd=08&kikanCd=208582102&kikanKbn=2", "url2": null, "内容": "うえだクリニック【2:診療所】【診療科目:内科_消化器内科_外科】茨城県取手市小文間５６５７－１" }, "geometry": { "type": "Point", "coordinates": [ 140.102937, 35.887482 ] } },
{ "type": "Feature", "properties": { "ID": 82208582186, "正式名称": "村山内科クリニック", "機関区分": 2, "都道府県コード": 8, "市区町村コード": 219, "所在地": "茨城県牛久市南１－６－４０クリニックビル牛久２階", "緯度": 35.97, "経度": 140.144444, "url": "https://www.iryou.teikyouseido.mhlw.go.jp/znk-web/juminkanja/S2430/initialize?prefCd=08&kikanCd=208582186&kikanKbn=2", "url2": "https://murayama-naika.com", "内容": "村山内科クリニック【2:診療所】【診療科目:内科_糖尿病・内分泌内科】茨城県牛久市南１－６－４０クリニックビル牛久２階" }, "geometry": { "type": "Point", "coordinates": [ 140.144444, 35.97 ] } },
{ "type": "Feature", "properties": { "ID": 82208582199, "正式名称": "鈴木クリニック", "機関区分": 2, "都道府県コード": 8, "市区町村コード": 229, "所在地": "茨城県稲敷市沼田２６８７－３", "緯度": 35.959722, "経度": 140.290278, "url": "https://www.iryou.teikyouseido.mhlw.go.jp/znk-web/juminkanja/S2430/initialize?prefCd=08&kikanCd=208582199&kikanKbn=2", "url2": null, "内容": "鈴木クリニック【2:診療所】【診療科目:内科_外科】茨城県稲敷市沼田２６８７－３" }, "geometry": { "type": "Point", "coordinates": [ 140.290278, 35.959722 ] } },
{ "type": "Feature", "properties": { "ID": 82208582216, "正式名称": "海老原整形外科", "機関区分": 2, "都道府県コード": 8, "市区町村コード": 217, "所在地": "茨城県取手市台宿１－３－１０", "緯度": 35.89, "経度": 140.071389, "url": "https://www.iryou.teikyouseido.mhlw.go.jp/znk-web/juminkanja/S2430/initialize?prefCd=08&kikanCd=208582216&kikanKbn=2", "url2": null, "内容": "海老原整形外科【2:診療所】【診療科目:内科_整形外科_リウマチ科_リハビリテーション科】茨城県取手市台宿１－３－１０" }, "geometry": { "type": "Point", "coordinates": [ 140.071389, 35.89 ] } },
{ "type": "Feature", "properties": { "ID": 82208582232, "正式名称": "医療法人社団三光会　坂西眼科医院", "機関区分": 2, "都道府県コード": 8, "市区町村コード": 208, "所在地": "茨城県龍ケ崎市馴馬町２９７６－１", "緯度": 35.91, "経度": 140.1875, "url": "https://www.iryou.teikyouseido.mhlw.go.jp/znk-web/juminkanja/S2430/initialize?prefCd=08&kikanCd=208582232&kikanKbn=2", "url2": "http://www.sakanishiganka.com/", "内容": "医療法人社団三光会　坂西眼科医院【2:診療所】【診療科目:眼科】茨城県龍ケ崎市馴馬町２９７６－１" }, "geometry": { "type": "Point", "coordinates": [ 140.1875, 35.91 ] } },
{ "type": "Feature", "properties": { "ID": 82208582245, "正式名称": "かんの産婦人科クリニック", "機関区分": 2, "都道府県コード": 8, "市区町村コード": 217, "所在地": "茨城県取手市藤代１０７６", "緯度": 35.916419, "経度": 140.113503, "url": "https://www.iryou.teikyouseido.mhlw.go.jp/znk-web/juminkanja/S2430/initialize?prefCd=08&kikanCd=208582245&kikanKbn=2", "url2": "http://www.kanno-sanfujinka.com/", "内容": "かんの産婦人科クリニック【2:診療所】【診療科目:産婦人科】茨城県取手市藤代１０７６" }, "geometry": { "type": "Point", "coordinates": [ 140.113503, 35.916419 ] } },
{ "type": "Feature", "properties": { "ID": 82208582287, "正式名称": "医療法人社団　啓聖会　鳥越クリニック", "機関区分": 2, "都道府県コード": 8, "市区町村コード": 219, "所在地": "茨城県牛久市女化町２２３－５", "緯度": 35.943056, "経度": 140.174167, "url": "https://www.iryou.teikyouseido.mhlw.go.jp/znk-web/juminkanja/S2430/initialize?prefCd=08&kikanCd=208582287&kikanKbn=2", "url2": "http://www.torigoe-clinic.jp", "内容": "医療法人社団　啓聖会　鳥越クリニック【2:診療所】【診療科目:内科_外科_脳神経外科】茨城県牛久市女化町２２３－５" }, "geometry": { "type": "Point", "coordinates": [ 140.174167, 35.943056 ] } },
{ "type": "Feature", "properties": { "ID": 82208582333, "正式名称": "医療法人隆志会斎藤クリニック", "機関区分": 2, "都道府県コード": 8, "市区町村コード": 208, "所在地": "茨城県龍ケ崎市馴馬町６０２－７", "緯度": 35.907765, "経度": 140.177037, "url": "https://www.iryou.teikyouseido.mhlw.go.jp/znk-web/juminkanja/S2430/initialize?prefCd=08&kikanCd=208582333&kikanKbn=2", "url2": "https://saitou-cl.jp/", "内容": "医療法人隆志会斎藤クリニック【2:診療所】【診療科目:内科_消化器内科_外科_肛門外科_整形外科_小児科_皮膚科_泌尿器科】茨城県龍ケ崎市馴馬町６０２－７" }, "geometry": { "type": "Point", "coordinates": [ 140.177037, 35.907765 ] } },
{ "type": "Feature", "properties": { "ID": 82208582359, "正式名称": "みやおか外科整形外科クリニック", "機関区分": 2, "都道府県コード": 8, "市区町村コード": 208, "所在地": "茨城県龍ケ崎市馴柴町６３５", "緯度": 35.912222, "経度": 140.1775, "url": "https://www.iryou.teikyouseido.mhlw.go.jp/znk-web/juminkanja/S2430/initialize?prefCd=08&kikanCd=208582359&kikanKbn=2", "url2": null, "内容": "みやおか外科整形外科クリニック【2:診療所】【診療科目:整形外科】茨城県龍ケ崎市馴柴町６３５" }, "geometry": { "type": "Point", "coordinates": [ 140.1775, 35.912222 ] } },
{ "type": "Feature", "properties": { "ID": 82208582375, "正式名称": "医療法人櫻会耳鼻咽喉科　櫻井医院", "機関区分": 2, "都道府県コード": 8, "市区町村コード": 217, "所在地": "茨城県取手市東４－３－４１", "緯度": 35.8890453, "経度": 140.0728711, "url": "https://www.iryou.teikyouseido.mhlw.go.jp/znk-web/juminkanja/S2430/initialize?prefCd=08&kikanCd=208582375&kikanKbn=2", "url2": null, "内容": "医療法人櫻会耳鼻咽喉科　櫻井医院【2:診療所】【診療科目:小児科_耳鼻いんこう科】茨城県取手市東４－３－４１" }, "geometry": { "type": "Point", "coordinates": [ 140.072871099999986, 35.8890453 ] } },
{ "type": "Feature", "properties": { "ID": 82208582405, "正式名称": "飯野クリニック", "機関区分": 2, "都道府県コード": 8, "市区町村コード": 208, "所在地": "茨城県龍ケ崎市若柴町２５００－１", "緯度": 35.928889, "経度": 140.171111, "url": "https://www.iryou.teikyouseido.mhlw.go.jp/znk-web/juminkanja/S2430/initialize?prefCd=08&kikanCd=208582405&kikanKbn=2", "url2": null, "内容": "飯野クリニック【2:診療所】【診療科目:内科_代謝・内分泌内科_外科_整形外科_耳鼻いんこう科_皮膚科】茨城県龍ケ崎市若柴町２５００－１" }, "geometry": { "type": "Point", "coordinates": [ 140.171111, 35.928889 ] } },
{ "type": "Feature", "properties": { "ID": 82208582450, "正式名称": "竜ケ崎医院", "機関区分": 2, "都道府県コード": 8, "市区町村コード": 208, "所在地": "茨城県龍ケ崎市川原代町", "緯度": 35.906111, "経度": 140.173333, "url": "https://www.iryou.teikyouseido.mhlw.go.jp/znk-web/juminkanja/S2430/initialize?prefCd=08&kikanCd=208582450&kikanKbn=2", "url2": null, "内容": "竜ケ崎医院【2:診療所】【診療科目:内科_消化器内科_内視鏡内科_外科_整形外科_小児科_リウマチ科_リハビリテーション科】茨城県龍ケ崎市川原代町" }, "geometry": { "type": "Point", "coordinates": [ 140.173333, 35.906111 ] } },
{ "type": "Feature", "properties": { "ID": 82208582489, "正式名称": "医療法人青葉会ゆはらクリニック", "機関区分": 2, "都道府県コード": 8, "市区町村コード": 229, "所在地": "茨城県稲敷市古渡３９－１", "緯度": 35.969722, "経度": 140.357778, "url": "https://www.iryou.teikyouseido.mhlw.go.jp/znk-web/juminkanja/S2430/initialize?prefCd=08&kikanCd=208582489&kikanKbn=2", "url2": null, "内容": "医療法人青葉会ゆはらクリニック【2:診療所】【診療科目:内科_消化器内科_小児科】茨城県稲敷市古渡３９－１" }, "geometry": { "type": "Point", "coordinates": [ 140.357778, 35.969722 ] } },
{ "type": "Feature", "properties": { "ID": 82208582506, "正式名称": "医療法人厚守会　立沢クリニック", "機関区分": 2, "都道府県コード": 8, "市区町村コード": 224, "所在地": "茨城県守谷市立沢１４０－８", "緯度": 35.948333, "経度": 139.973056, "url": "https://www.iryou.teikyouseido.mhlw.go.jp/znk-web/juminkanja/S2430/initialize?prefCd=08&kikanCd=208582506&kikanKbn=2", "url2": "https://www.ne.jp/asahi/moriya/tatuzawa.clinic/", "内容": "医療法人厚守会　立沢クリニック【2:診療所】【診療科目:内科_整形外科_麻酔科】茨城県守谷市立沢１４０－８" }, "geometry": { "type": "Point", "coordinates": [ 139.973056, 35.948333 ] } },
{ "type": "Feature", "properties": { "ID": 82208582519, "正式名称": "野上小児科医院", "機関区分": 2, "都道府県コード": 8, "市区町村コード": 208, "所在地": "茨城県龍ケ崎市南中島町", "緯度": 35.918611, "経度": 140.149444, "url": "https://www.iryou.teikyouseido.mhlw.go.jp/znk-web/juminkanja/S2430/initialize?prefCd=08&kikanCd=208582519&kikanKbn=2", "url2": "https://www.nogami-syounika-iin.com/?gclid=Cj0KCQjwh_eFBhDZARIsALHjIKfMy113rpNLW-LbYSF1gmH-V-Vh34xrSKMyYYFKQq4BWGIz8pjyjuQaAsPDEALw_wcB", "内容": "野上小児科医院【2:診療所】【診療科目:小児科_アレルギー科】茨城県龍ケ崎市南中島町" }, "geometry": { "type": "Point", "coordinates": [ 140.149444, 35.918611 ] } },
{ "type": "Feature", "properties": { "ID": 82208582535, "正式名称": "もりや小児科医院", "機関区分": 2, "都道府県コード": 8, "市区町村コード": 224, "所在地": "茨城県守谷市松ケ丘４－２－５", "緯度": 35.936667, "経度": 139.988056, "url": "https://www.iryou.teikyouseido.mhlw.go.jp/znk-web/juminkanja/S2430/initialize?prefCd=08&kikanCd=208582535&kikanKbn=2", "url2": "https://moriya-shounika-com.secure-web.jp/", "内容": "もりや小児科医院【2:診療所】【診療科目:小児科】茨城県守谷市松ケ丘４－２－５" }, "geometry": { "type": "Point", "coordinates": [ 139.988056, 35.936667 ] } },
{ "type": "Feature", "properties": { "ID": 82208582577, "正式名称": "医療法人昴会野村医院", "機関区分": 2, "都道府県コード": 8, "市区町村コード": 208, "所在地": "茨城県龍ケ崎市根町３３１６", "緯度": 35.909844, "経度": 140.189239, "url": "https://www.iryou.teikyouseido.mhlw.go.jp/znk-web/juminkanja/S2430/initialize?prefCd=08&kikanCd=208582577&kikanKbn=2", "url2": null, "内容": "医療法人昴会野村医院【2:診療所】【診療科目:内科_ペインクリニック外科_整形外科_婦人科_皮膚科_美容皮膚科】茨城県龍ケ崎市根町３３１６" }, "geometry": { "type": "Point", "coordinates": [ 140.189239, 35.909844 ] } },
{ "type": "Feature", "properties": { "ID": 82208582580, "正式名称": "上柏田クリニック", "機関区分": 2, "都道府県コード": 8, "市区町村コード": 219, "所在地": "茨城県牛久市上柏田１－１６－１２", "緯度": 35.993307, "経度": 140.154377, "url": "https://www.iryou.teikyouseido.mhlw.go.jp/znk-web/juminkanja/S2430/initialize?prefCd=08&kikanCd=208582580&kikanKbn=2", "url2": null, "内容": "上柏田クリニック【2:診療所】【診療科目:内科_呼吸器内科_循環器内科_消化器内科_放射線科】茨城県牛久市上柏田１－１６－１２" }, "geometry": { "type": "Point", "coordinates": [ 140.154377, 35.993307 ] } },
{ "type": "Feature", "properties": { "ID": 82208582593, "正式名称": "医療法人高田整形外科", "機関区分": 2, "都道府県コード": 8, "市区町村コード": 208, "所在地": "茨城県龍ケ崎市松ケ丘", "緯度": 35.925556, "経度": 140.209167, "url": "https://www.iryou.teikyouseido.mhlw.go.jp/znk-web/juminkanja/S2430/initialize?prefCd=08&kikanCd=208582593&kikanKbn=2", "url2": null, "内容": "医療法人高田整形外科【2:診療所】【診療科目:整形外科】茨城県龍ケ崎市松ケ丘" }, "geometry": { "type": "Point", "coordinates": [ 140.209167, 35.925556 ] } },
{ "type": "Feature", "properties": { "ID": 82208582607, "正式名称": "医療法人社団うちだ医院", "機関区分": 2, "都道府県コード": 8, "市区町村コード": 208, "所在地": "茨城県龍ケ崎市藤ケ丘４ー５ー３", "緯度": 35.936667, "経度": 140.198889, "url": "https://www.iryou.teikyouseido.mhlw.go.jp/znk-web/juminkanja/S2430/initialize?prefCd=08&kikanCd=208582607&kikanKbn=2", "url2": "https://www.uchidaiin.net/", "内容": "医療法人社団うちだ医院【2:診療所】【診療科目:内科_小児科_皮膚科】茨城県龍ケ崎市藤ケ丘４ー５ー３" }, "geometry": { "type": "Point", "coordinates": [ 140.198889, 35.936667 ] } },
{ "type": "Feature", "properties": { "ID": 82208582610, "正式名称": "医療法人優光会　中央眼科クリニック", "機関区分": 2, "都道府県コード": 8, "市区町村コード": 219, "所在地": "茨城県牛久市中央２－２５－１２", "緯度": 35.981205, "経度": 140.149337, "url": "https://www.iryou.teikyouseido.mhlw.go.jp/znk-web/juminkanja/S2430/initialize?prefCd=08&kikanCd=208582610&kikanKbn=2", "url2": null, "内容": "医療法人優光会　中央眼科クリニック【2:診療所】【診療科目:眼科】茨城県牛久市中央２－２５－１２" }, "geometry": { "type": "Point", "coordinates": [ 140.149337, 35.981205 ] } },
{ "type": "Feature", "properties": { "ID": 82208582623, "正式名称": "カリオクリニック", "機関区分": 2, "都道府県コード": 8, "市区町村コード": 224, "所在地": "茨城県守谷市松前台１－１－６", "緯度": 35.965556, "経度": 139.973889, "url": "https://www.iryou.teikyouseido.mhlw.go.jp/znk-web/juminkanja/S2430/initialize?prefCd=08&kikanCd=208582623&kikanKbn=2", "url2": "http://www.kario-clinic.com", "内容": "カリオクリニック【2:診療所】【診療科目:内科_呼吸器内科_小児科_アレルギー科_リウマチ科】茨城県守谷市松前台１－１－６" }, "geometry": { "type": "Point", "coordinates": [ 139.973889, 35.965556 ] } },
{ "type": "Feature", "properties": { "ID": 82208582737, "正式名称": "守谷耳鼻咽喉科クリニック", "機関区分": 2, "都道府県コード": 8, "市区町村コード": 224, "所在地": "茨城県守谷市立沢２３５－８", "緯度": 35.949444, "経度": 139.979444, "url": "https://www.iryou.teikyouseido.mhlw.go.jp/znk-web/juminkanja/S2430/initialize?prefCd=08&kikanCd=208582737&kikanKbn=2", "url2": null, "内容": "守谷耳鼻咽喉科クリニック【2:診療所】【診療科目:耳鼻いんこう科】茨城県守谷市立沢２３５－８" }, "geometry": { "type": "Point", "coordinates": [ 139.979444, 35.949444 ] } },
{ "type": "Feature", "properties": { "ID": 82208582766, "正式名称": "医療法人社団桜水会柏田診療所", "機関区分": 2, "都道府県コード": 8, "市区町村コード": 219, "所在地": "茨城県牛久市上柏田２－３９－１", "緯度": 35.9891468, "経度": 140.1532904, "url": "https://www.iryou.teikyouseido.mhlw.go.jp/znk-web/juminkanja/S2430/initialize?prefCd=08&kikanCd=208582766&kikanKbn=2", "url2": null, "内容": "医療法人社団桜水会柏田診療所【2:診療所】【診療科目:内科_消化器内科】茨城県牛久市上柏田２－３９－１" }, "geometry": { "type": "Point", "coordinates": [ 140.1532904, 35.9891468 ] } },
{ "type": "Feature", "properties": { "ID": 82208582795, "正式名称": "すずきクリニック", "機関区分": 2, "都道府県コード": 8, "市区町村コード": 229, "所在地": "茨城県稲敷市角崎１６５５－１", "緯度": 35.904167, "経度": 140.289444, "url": "https://www.iryou.teikyouseido.mhlw.go.jp/znk-web/juminkanja/S2430/initialize?prefCd=08&kikanCd=208582795&kikanKbn=2", "url2": null, "内容": "すずきクリニック【2:診療所】【診療科目:内科_皮膚科_泌尿器科】茨城県稲敷市角崎１６５５－１" }, "geometry": { "type": "Point", "coordinates": [ 140.289444, 35.904167 ] } },
{ "type": "Feature", "properties": { "ID": 82208582867, "正式名称": "則武内科クリニック", "機関区分": 2, "都道府県コード": 8, "市区町村コード": 219, "所在地": "茨城県牛久市ひたち野東５－３－２　ひたち野うしく池田ビル１階", "緯度": 36.003056, "経度": 140.163056, "url": "https://www.iryou.teikyouseido.mhlw.go.jp/znk-web/juminkanja/S2430/initialize?prefCd=08&kikanCd=208582867&kikanKbn=2", "url2": "http://www.noritake-clinic.jp", "内容": "則武内科クリニック【2:診療所】【診療科目:内科_糖尿病内科_代謝・内分泌内科】茨城県牛久市ひたち野東５－３－２　ひたち野うしく池田ビル１階" }, "geometry": { "type": "Point", "coordinates": [ 140.163056, 36.003056 ] } },
{ "type": "Feature", "properties": { "ID": 82208582900, "正式名称": "新守谷皮膚科クリニック", "機関区分": 2, "都道府県コード": 8, "市区町村コード": 224, "所在地": "茨城県守谷市立沢１４２－１６", "緯度": 35.948333, "経度": 139.973333, "url": "https://www.iryou.teikyouseido.mhlw.go.jp/znk-web/juminkanja/S2430/initialize?prefCd=08&kikanCd=208582900&kikanKbn=2", "url2": null, "内容": "新守谷皮膚科クリニック【2:診療所】【診療科目:皮膚科】茨城県守谷市立沢１４２－１６" }, "geometry": { "type": "Point", "coordinates": [ 139.973333, 35.948333 ] } },
{ "type": "Feature", "properties": { "ID": 82208582926, "正式名称": "医療法人哲奈会高野耳鼻咽喉科クリニック", "機関区分": 2, "都道府県コード": 8, "市区町村コード": 219, "所在地": "茨城県牛久市南", "緯度": 35.969167, "経度": 140.146944, "url": "https://www.iryou.teikyouseido.mhlw.go.jp/znk-web/juminkanja/S2430/initialize?prefCd=08&kikanCd=208582926&kikanKbn=2", "url2": "http://www.tetsuna-kai.or.jp", "内容": "医療法人哲奈会高野耳鼻咽喉科クリニック【2:診療所】【診療科目:耳鼻いんこう科_頭頸部・耳鼻いんこう科】茨城県牛久市南" }, "geometry": { "type": "Point", "coordinates": [ 140.146944, 35.969167 ] } },
{ "type": "Feature", "properties": { "ID": 82208582939, "正式名称": "高野クリニック", "機関区分": 2, "都道府県コード": 8, "市区町村コード": 219, "所在地": "茨城県牛久市南１－３－３５", "緯度": 35.973076, "経度": 140.142877, "url": "https://www.iryou.teikyouseido.mhlw.go.jp/znk-web/juminkanja/S2430/initialize?prefCd=08&kikanCd=208582939&kikanKbn=2", "url2": null, "内容": "高野クリニック【2:診療所】【診療科目:内科_呼吸器内科_循環器内科_消化器内科】茨城県牛久市南１－３－３５" }, "geometry": { "type": "Point", "coordinates": [ 140.142877, 35.973076 ] } },
{ "type": "Feature", "properties": { "ID": 82208582942, "正式名称": "佐倉クリニック", "機関区分": 2, "都道府県コード": 8, "市区町村コード": 229, "所在地": "茨城県稲敷市佐倉３２５１－７", "緯度": 35.985348, "経度": 140.32503, "url": "https://www.iryou.teikyouseido.mhlw.go.jp/znk-web/juminkanja/S2430/initialize?prefCd=08&kikanCd=208582942&kikanKbn=2", "url2": null, "内容": "佐倉クリニック【2:診療所】【診療科目:内科_外科_脳神経外科】茨城県稲敷市佐倉３２５１－７" }, "geometry": { "type": "Point", "coordinates": [ 140.32503, 35.985348 ] } },
{ "type": "Feature", "properties": { "ID": 82208582968, "正式名称": "いずみ内科医院", "機関区分": 2, "都道府県コード": 8, "市区町村コード": 219, "所在地": "茨城県牛久市牛久町１６５－１", "緯度": 35.96828, "経度": 140.13685, "url": "https://www.iryou.teikyouseido.mhlw.go.jp/znk-web/juminkanja/S2430/initialize?prefCd=08&kikanCd=208582968&kikanKbn=2", "url2": null, "内容": "いずみ内科医院【2:診療所】【診療科目:内科_循環器内科_消化器内科_小児科_皮膚科_心療内科】茨城県牛久市牛久町１６５－１" }, "geometry": { "type": "Point", "coordinates": [ 140.13685, 35.96828 ] } },
{ "type": "Feature", "properties": { "ID": 82208582997, "正式名称": "松葉クリニック", "機関区分": 2, "都道府県コード": 8, "市区町村コード": 208, "所在地": "茨城県龍ケ崎市松葉４丁目１０番地１７", "緯度": 35.9401247, "経度": 140.1524409, "url": "https://www.iryou.teikyouseido.mhlw.go.jp/znk-web/juminkanja/S2430/initialize?prefCd=08&kikanCd=208582997&kikanKbn=2", "url2": null, "内容": "松葉クリニック【2:診療所】【診療科目:内科_小児科_小児泌尿器科_泌尿器科】茨城県龍ケ崎市松葉４丁目１０番地１７" }, "geometry": { "type": "Point", "coordinates": [ 140.152440899999988, 35.9401247 ] } },
{ "type": "Feature", "properties": { "ID": 82208583079, "正式名称": "医療法人社団弘明会　さとう内科脳神経外科クリニック", "機関区分": 2, "都道府県コード": 8, "市区町村コード": 224, "所在地": "茨城県守谷市野木崎", "緯度": 35.943056, "経度": 139.963333, "url": "https://www.iryou.teikyouseido.mhlw.go.jp/znk-web/juminkanja/S2430/initialize?prefCd=08&kikanCd=208583079&kikanKbn=2", "url2": "https://www.koumeikai.or.jp/", "内容": "医療法人社団弘明会　さとう内科脳神経外科クリニック【2:診療所】【診療科目:内科_神経内科_外科_脳神経外科】茨城県守谷市野木崎" }, "geometry": { "type": "Point", "coordinates": [ 139.963333, 35.943056 ] } },
{ "type": "Feature", "properties": { "ID": 82208583112, "正式名称": "ひまわり眼科クリニック", "機関区分": 2, "都道府県コード": 8, "市区町村コード": 208, "所在地": "茨城県龍ケ崎市若柴町１２３０－３", "緯度": 35.926944, "経度": 140.150556, "url": "https://www.iryou.teikyouseido.mhlw.go.jp/znk-web/juminkanja/S2430/initialize?prefCd=08&kikanCd=208583112&kikanKbn=2", "url2": null, "内容": "ひまわり眼科クリニック【2:診療所】【診療科目:眼科】茨城県龍ケ崎市若柴町１２３０－３" }, "geometry": { "type": "Point", "coordinates": [ 140.150556, 35.926944 ] } },
{ "type": "Feature", "properties": { "ID": 82208583297, "正式名称": "村田内科クリニック", "機関区分": 2, "都道府県コード": 8, "市区町村コード": 217, "所在地": "茨城県取手市谷中３４－１", "緯度": 35.920229, "経度": 140.104064, "url": "https://www.iryou.teikyouseido.mhlw.go.jp/znk-web/juminkanja/S2430/initialize?prefCd=08&kikanCd=208583297&kikanKbn=2", "url2": "https://clinicmurata.com", "内容": "村田内科クリニック【2:診療所】【診療科目:内科_消化器内科_小児科】茨城県取手市谷中３４－１" }, "geometry": { "type": "Point", "coordinates": [ 140.104064, 35.920229 ] } },
{ "type": "Feature", "properties": { "ID": 82208583301, "正式名称": "医療法人社団成裕会桜が丘メルクリニック", "機関区分": 2, "都道府県コード": 8, "市区町村コード": 217, "所在地": "茨城県取手市桜が丘１－１７－１", "緯度": 35.906111, "経度": 140.126944, "url": "https://www.iryou.teikyouseido.mhlw.go.jp/znk-web/juminkanja/S2430/initialize?prefCd=08&kikanCd=208583301&kikanKbn=2", "url2": "http://meru-cl.byoinnavi.jp", "内容": "医療法人社団成裕会桜が丘メルクリニック【2:診療所】【診療科目:内科】茨城県取手市桜が丘１－１７－１" }, "geometry": { "type": "Point", "coordinates": [ 140.126944, 35.906111 ] } },
{ "type": "Feature", "properties": { "ID": 82208583369, "正式名称": "ひたち野内科クリニック", "機関区分": 2, "都道府県コード": 8, "市区町村コード": 219, "所在地": "茨城県牛久市下根町７７３－５", "緯度": 35.996389, "経度": 140.168611, "url": "https://www.iryou.teikyouseido.mhlw.go.jp/znk-web/juminkanja/S2430/initialize?prefCd=08&kikanCd=208583369&kikanKbn=2", "url2": "http://www7b.biglobe.ne.jp/~hitachino-naika/", "内容": "ひたち野内科クリニック【2:診療所】【診療科目:内科_消化器内科】茨城県牛久市下根町７７３－５" }, "geometry": { "type": "Point", "coordinates": [ 140.168611, 35.996389 ] } },
{ "type": "Feature", "properties": { "ID": 82208583460, "正式名称": "医療法人社団道華会犬童こどもクリニック", "機関区分": 2, "都道府県コード": 8, "市区町村コード": 219, "所在地": "茨城県牛久市上柏田４－５４－１０", "緯度": 35.979167, "経度": 140.1625, "url": "https://www.iryou.teikyouseido.mhlw.go.jp/znk-web/juminkanja/S2430/initialize?prefCd=08&kikanCd=208583460&kikanKbn=2", "url2": "http://www.minudoh.com/", "内容": "医療法人社団道華会犬童こどもクリニック【2:診療所】【診療科目:小児科】茨城県牛久市上柏田４－５４－１０" }, "geometry": { "type": "Point", "coordinates": [ 140.1625, 35.979167 ] } },
{ "type": "Feature", "properties": { "ID": 82208583473, "正式名称": "医療法人いなしきクリニック", "機関区分": 2, "都道府県コード": 8, "市区町村コード": 229, "所在地": "茨城県稲敷市蒲ケ山７９－１", "緯度": 35.965833, "経度": 140.279167, "url": "https://www.iryou.teikyouseido.mhlw.go.jp/znk-web/juminkanja/S2430/initialize?prefCd=08&kikanCd=208583473&kikanKbn=2", "url2": "http://www.geocities.jp/inaclinic", "内容": "医療法人いなしきクリニック【2:診療所】【診療科目:内科_整形外科_皮膚科_リハビリテーション科】茨城県稲敷市蒲ケ山７９－１" }, "geometry": { "type": "Point", "coordinates": [ 140.279167, 35.965833 ] } },
{ "type": "Feature", "properties": { "ID": 82208583486, "正式名称": "医療法人優光会　さくらい眼科", "機関区分": 2, "都道府県コード": 8, "市区町村コード": 219, "所在地": "茨城県牛久市南２－２５－１２", "緯度": 35.971798, "経度": 140.143495, "url": "https://www.iryou.teikyouseido.mhlw.go.jp/znk-web/juminkanja/S2430/initialize?prefCd=08&kikanCd=208583486&kikanKbn=2", "url2": "https://www.sakurai-eyeclinic.jp/access.html", "内容": "医療法人優光会　さくらい眼科【2:診療所】【診療科目:眼科】茨城県牛久市南２－２５－１２" }, "geometry": { "type": "Point", "coordinates": [ 140.143495, 35.971798 ] } },
{ "type": "Feature", "properties": { "ID": 82208583529, "正式名称": "北竜台耳鼻咽喉科クリニック", "機関区分": 2, "都道府県コード": 8, "市区町村コード": 208, "所在地": "茨城県龍ケ崎市長山７－７－２", "緯度": 35.944167, "経度": 140.167222, "url": "https://www.iryou.teikyouseido.mhlw.go.jp/znk-web/juminkanja/S2430/initialize?prefCd=08&kikanCd=208583529&kikanKbn=2", "url2": "http://www.hokuryudai-clinic.com", "内容": "北竜台耳鼻咽喉科クリニック【2:診療所】【診療科目:耳鼻いんこう科】茨城県龍ケ崎市長山７－７－２" }, "geometry": { "type": "Point", "coordinates": [ 140.167222, 35.944167 ] } },
{ "type": "Feature", "properties": { "ID": 82208583561, "正式名称": "医療法人なかの循環器クリニック", "機関区分": 2, "都道府県コード": 8, "市区町村コード": 219, "所在地": "茨城県牛久市中央１－２１－３", "緯度": 35.978333, "経度": 140.146944, "url": "https://www.iryou.teikyouseido.mhlw.go.jp/znk-web/juminkanja/S2430/initialize?prefCd=08&kikanCd=208583561&kikanKbn=2", "url2": "http://www.nakano-heart.com", "内容": "医療法人なかの循環器クリニック【2:診療所】【診療科目:内科_循環器内科_外科_心臓血管外科】茨城県牛久市中央１－２１－３" }, "geometry": { "type": "Point", "coordinates": [ 140.146944, 35.978333 ] } },
{ "type": "Feature", "properties": { "ID": 82208583587, "正式名称": "医療法人社団ゆびきたすユビキタスクリニック", "機関区分": 2, "都道府県コード": 8, "市区町村コード": 208, "所在地": "茨城県龍ケ崎市藤ケ丘７－１－６泉ハイツ１０１", "緯度": 35.931072, "経度": 140.20129, "url": "https://www.iryou.teikyouseido.mhlw.go.jp/znk-web/juminkanja/S2430/initialize?prefCd=08&kikanCd=208583587&kikanKbn=2", "url2": null, "内容": "医療法人社団ゆびきたすユビキタスクリニック【2:診療所】【診療科目:内科_精神科】茨城県龍ケ崎市藤ケ丘７－１－６泉ハイツ１０１" }, "geometry": { "type": "Point", "coordinates": [ 140.20129, 35.931072 ] } },
{ "type": "Feature", "properties": { "ID": 82208583604, "正式名称": "井上内科クリニック", "機関区分": 2, "都道府県コード": 8, "市区町村コード": 219, "所在地": "茨城県牛久市栄町５－４５－１", "緯度": 35.979342, "経度": 140.151246, "url": "https://www.iryou.teikyouseido.mhlw.go.jp/znk-web/juminkanja/S2430/initialize?prefCd=08&kikanCd=208583604&kikanKbn=2", "url2": "http://www.inoue-cl.org/", "内容": "井上内科クリニック【2:診療所】【診療科目:内科_糖尿病内科_内分泌内科】茨城県牛久市栄町５－４５－１" }, "geometry": { "type": "Point", "coordinates": [ 140.151246, 35.979342 ] } },
{ "type": "Feature", "properties": { "ID": 82208583617, "正式名称": "医療法人社団緑真会天満胃腸科クリニック", "機関区分": 2, "都道府県コード": 8, "市区町村コード": 219, "所在地": "茨城県牛久市南５－４４－８", "緯度": 35.961944, "経度": 140.153889, "url": "https://www.iryou.teikyouseido.mhlw.go.jp/znk-web/juminkanja/S2430/initialize?prefCd=08&kikanCd=208583617&kikanKbn=2", "url2": "http://www.tenma-c.jp", "内容": "医療法人社団緑真会天満胃腸科クリニック【2:診療所】【診療科目:内科_消化器内科_外科_肛門外科】茨城県牛久市南５－４４－８" }, "geometry": { "type": "Point", "coordinates": [ 140.153889, 35.961944 ] } },
{ "type": "Feature", "properties": { "ID": 82208583646, "正式名称": "医療法人広翔会貝塚みずき野クリニック", "機関区分": 2, "都道府県コード": 8, "市区町村コード": 224, "所在地": "茨城県守谷市みずき野７－１６－３", "緯度": 35.941022, "経度": 140.013681, "url": "https://www.iryou.teikyouseido.mhlw.go.jp/znk-web/juminkanja/S2430/initialize?prefCd=08&kikanCd=208583646&kikanKbn=2", "url2": "http://www.kaizuka.cc", "内容": "医療法人広翔会貝塚みずき野クリニック【2:診療所】【診療科目:内科_消化器内科_外科_乳腺外科_肛門外科】茨城県守谷市みずき野７－１６－３" }, "geometry": { "type": "Point", "coordinates": [ 140.013681, 35.941022 ] } },
{ "type": "Feature", "properties": { "ID": 82208583688, "正式名称": "医療法人西秀会さくら整形外科クリニック", "機関区分": 2, "都道府県コード": 8, "市区町村コード": 217, "所在地": "茨城県取手市桜が丘１－２－１", "緯度": 35.907295, "経度": 140.12465, "url": "https://www.iryou.teikyouseido.mhlw.go.jp/znk-web/juminkanja/S2430/initialize?prefCd=08&kikanCd=208583688&kikanKbn=2", "url2": null, "内容": "医療法人西秀会さくら整形外科クリニック【2:診療所】【診療科目:整形外科_リハビリテーション科】茨城県取手市桜が丘１－２－１" }, "geometry": { "type": "Point", "coordinates": [ 140.12465, 35.907295 ] } },
{ "type": "Feature", "properties": { "ID": 82208583718, "正式名称": "医療法人喜晴会　朝野循環器内科クリニック", "機関区分": 2, "都道府県コード": 8, "市区町村コード": 208, "所在地": "茨城県龍ケ崎市下町２８８７", "緯度": 35.902222, "経度": 140.194167, "url": "https://www.iryou.teikyouseido.mhlw.go.jp/znk-web/juminkanja/S2430/initialize?prefCd=08&kikanCd=208583718&kikanKbn=2", "url2": null, "内容": "医療法人喜晴会　朝野循環器内科クリニック【2:診療所】【診療科目:呼吸器内科_循環器内科_外科_アレルギー科】茨城県龍ケ崎市下町２８８７" }, "geometry": { "type": "Point", "coordinates": [ 140.194167, 35.902222 ] } },
{ "type": "Feature", "properties": { "ID": 82208583734, "正式名称": "松丸内科クリニック", "機関区分": 2, "都道府県コード": 8, "市区町村コード": 217, "所在地": "茨城県取手市下高井１９６９ー１４", "緯度": 35.923611, "経度": 140.038611, "url": "https://www.iryou.teikyouseido.mhlw.go.jp/znk-web/juminkanja/S2430/initialize?prefCd=08&kikanCd=208583734&kikanKbn=2", "url2": "https://www.matsumarunaika-cl.jp/", "内容": "松丸内科クリニック【2:診療所】【診療科目:内科_消化器内科_小児科】茨城県取手市下高井１９６９ー１４" }, "geometry": { "type": "Point", "coordinates": [ 140.038611, 35.923611 ] } },
{ "type": "Feature", "properties": { "ID": 82208583750, "正式名称": "医療法人社団香晟会丸野医院", "機関区分": 2, "都道府県コード": 8, "市区町村コード": 217, "所在地": "茨城県取手市稲８５３", "緯度": 35.901111, "経度": 140.046667, "url": "https://www.iryou.teikyouseido.mhlw.go.jp/znk-web/juminkanja/S2430/initialize?prefCd=08&kikanCd=208583750&kikanKbn=2", "url2": "http://marunoiin.byoinnavi.jp/", "内容": "医療法人社団香晟会丸野医院【2:診療所】【診療科目:内科_脳神経外科_リハビリテーション科】茨城県取手市稲８５３" }, "geometry": { "type": "Point", "coordinates": [ 140.046667, 35.901111 ] } },
{ "type": "Feature", "properties": { "ID": 82208583763, "正式名称": "医療法人社団　祐稀会　奥田整形外科クリニック", "機関区分": 2, "都道府県コード": 8, "市区町村コード": 219, "所在地": "茨城県牛久市中央１ー２１ー３", "緯度": 35.978333, "経度": 140.146667, "url": "https://www.iryou.teikyouseido.mhlw.go.jp/znk-web/juminkanja/S2430/initialize?prefCd=08&kikanCd=208583763&kikanKbn=2", "url2": "http://www.okuda-seikei.com", "内容": "医療法人社団　祐稀会　奥田整形外科クリニック【2:診療所】【診療科目:整形外科】茨城県牛久市中央１ー２１ー３" }, "geometry": { "type": "Point", "coordinates": [ 140.146667, 35.978333 ] } },
{ "type": "Feature", "properties": { "ID": 82208583880, "正式名称": "河村皮膚科", "機関区分": 2, "都道府県コード": 8, "市区町村コード": 219, "所在地": "茨城県牛久市柏田町３３１４－２", "緯度": 35.975278, "経度": 140.156111, "url": "https://www.iryou.teikyouseido.mhlw.go.jp/znk-web/juminkanja/S2430/initialize?prefCd=08&kikanCd=208583880&kikanKbn=2", "url2": "http://www.kawamurahihuka.com", "内容": "河村皮膚科【2:診療所】【診療科目:皮膚科】茨城県牛久市柏田町３３１４－２" }, "geometry": { "type": "Point", "coordinates": [ 140.156111, 35.975278 ] } },
{ "type": "Feature", "properties": { "ID": 82208583923, "正式名称": "しばたキッズクリニック", "機関区分": 2, "都道府県コード": 8, "市区町村コード": 224, "所在地": "茨城県守谷市立沢２３５－７", "緯度": 35.949444, "経度": 139.979444, "url": "https://www.iryou.teikyouseido.mhlw.go.jp/znk-web/juminkanja/S2430/initialize?prefCd=08&kikanCd=208583923&kikanKbn=2", "url2": "https://shibata-kids.com", "内容": "しばたキッズクリニック【2:診療所】【診療科目:小児科】茨城県守谷市立沢２３５－７" }, "geometry": { "type": "Point", "coordinates": [ 139.979444, 35.949444 ] } },
{ "type": "Feature", "properties": { "ID": 82208584018, "正式名称": "医療法人社団健栄会守谷駅前クリニック", "機関区分": 2, "都道府県コード": 8, "市区町村コード": 224, "所在地": "茨城県守谷市中央１－２３－１斉藤ビル５階", "緯度": 35.951602, "経度": 139.9900232, "url": "https://www.iryou.teikyouseido.mhlw.go.jp/znk-web/juminkanja/S2430/initialize?prefCd=08&kikanCd=208584018&kikanKbn=2", "url2": null, "内容": "医療法人社団健栄会守谷駅前クリニック【2:診療所】【診療科目:内科_腎臓内科_人工透析内科】茨城県守谷市中央１－２３－１斉藤ビル５階" }, "geometry": { "type": "Point", "coordinates": [ 139.9900232, 35.951602 ] } },
{ "type": "Feature", "properties": { "ID": 82208584021, "正式名称": "医療法人宗庵　永瀬内科", "機関区分": 2, "都道府県コード": 8, "市区町村コード": 224, "所在地": "茨城県守谷市松並１５８０", "緯度": 35.954519, "経度": 139.997369, "url": "https://www.iryou.teikyouseido.mhlw.go.jp/znk-web/juminkanja/S2430/initialize?prefCd=08&kikanCd=208584021&kikanKbn=2", "url2": "http://www.nagase-md.com", "内容": "医療法人宗庵　永瀬内科【2:診療所】【診療科目:内科_糖尿病内科】茨城県守谷市松並１５８０" }, "geometry": { "type": "Point", "coordinates": [ 139.997369, 35.954519 ] } },
{ "type": "Feature", "properties": { "ID": 82208584050, "正式名称": "医療法人慶友会ひがしクリニック慶友", "機関区分": 2, "都道府県コード": 8, "市区町村コード": 224, "所在地": "茨城県守谷市松並１６３０－１", "緯度": 35.9525, "経度": 140.001667, "url": "https://www.iryou.teikyouseido.mhlw.go.jp/znk-web/juminkanja/S2430/initialize?prefCd=08&kikanCd=208584050&kikanKbn=2", "url2": "http://higashi-cl.jp/", "内容": "医療法人慶友会ひがしクリニック慶友【2:診療所】【診療科目:内科_糖尿病・代謝内科_耳鼻いんこう科_泌尿器科_心療内科】茨城県守谷市松並１６３０－１" }, "geometry": { "type": "Point", "coordinates": [ 140.001667, 35.9525 ] } },
{ "type": "Feature", "properties": { "ID": 82208584063, "正式名称": "そうだ耳鼻咽喉科クリニック", "機関区分": 2, "都道府県コード": 8, "市区町村コード": 219, "所在地": "茨城県牛久市ひたち野東１－１４－３", "緯度": 36.006944, "経度": 140.164444, "url": "https://www.iryou.teikyouseido.mhlw.go.jp/znk-web/juminkanja/S2430/initialize?prefCd=08&kikanCd=208584063&kikanKbn=2", "url2": "https://www.souda-clinic.com/", "内容": "そうだ耳鼻咽喉科クリニック【2:診療所】【診療科目:耳鼻いんこう科】茨城県牛久市ひたち野東１－１４－３" }, "geometry": { "type": "Point", "coordinates": [ 140.164444, 36.006944 ] } },
{ "type": "Feature", "properties": { "ID": 82208584092, "正式名称": "さくら台土肥クリニック", "機関区分": 2, "都道府県コード": 8, "市区町村コード": 219, "所在地": "茨城県牛久市さくら台", "緯度": 35.959167, "経度": 140.155833, "url": "https://www.iryou.teikyouseido.mhlw.go.jp/znk-web/juminkanja/S2430/initialize?prefCd=08&kikanCd=208584092&kikanKbn=2", "url2": "http://www.sakuradai-clinic.com/pc/", "内容": "さくら台土肥クリニック【2:診療所】【診療科目:内科_循環器内科】茨城県牛久市さくら台" }, "geometry": { "type": "Point", "coordinates": [ 140.155833, 35.959167 ] } },
{ "type": "Feature", "properties": { "ID": 82208584177, "正式名称": "かねこ整形外科クリニック", "機関区分": 2, "都道府県コード": 8, "市区町村コード": 224, "所在地": "茨城県守谷市立沢９８２－１", "緯度": 35.950556, "経度": 139.981944, "url": "https://www.iryou.teikyouseido.mhlw.go.jp/znk-web/juminkanja/S2430/initialize?prefCd=08&kikanCd=208584177&kikanKbn=2", "url2": null, "内容": "かねこ整形外科クリニック【2:診療所】【診療科目:整形外科_リウマチ科_リハビリテーション科】茨城県守谷市立沢９８２－１" }, "geometry": { "type": "Point", "coordinates": [ 139.981944, 35.950556 ] } },
{ "type": "Feature", "properties": { "ID": 82208584281, "正式名称": "まつなみクリニック", "機関区分": 2, "都道府県コード": 8, "市区町村コード": 219, "所在地": "茨城県牛久市ひたち野東４－７－１", "緯度": 36.0055915, "経度": 140.1664069, "url": "https://www.iryou.teikyouseido.mhlw.go.jp/znk-web/juminkanja/S2430/initialize?prefCd=08&kikanCd=208584281&kikanKbn=2", "url2": "https://www.matu-cl.com/", "内容": "まつなみクリニック【2:診療所】【診療科目:内科_消化器内科_外科_乳腺外科】茨城県牛久市ひたち野東４－７－１" }, "geometry": { "type": "Point", "coordinates": [ 140.1664069, 36.0055915 ] } },
{ "type": "Feature", "properties": { "ID": 82208584308, "正式名称": "セントラル腎クリニック龍ケ崎", "機関区分": 2, "都道府県コード": 8, "市区町村コード": 208, "所在地": "茨城県龍ケ崎市馴馬町２６６８－１", "緯度": 35.921111, "経度": 140.176111, "url": "https://www.iryou.teikyouseido.mhlw.go.jp/znk-web/juminkanja/S2430/initialize?prefCd=08&kikanCd=208584308&kikanKbn=2", "url2": "http://www.central.or.jp/centraljin/index.html", "内容": "セントラル腎クリニック龍ケ崎【2:診療所】【診療科目:内科】茨城県龍ケ崎市馴馬町２６６８－１" }, "geometry": { "type": "Point", "coordinates": [ 140.176111, 35.921111 ] } },
{ "type": "Feature", "properties": { "ID": 82208584395, "正式名称": "医療法人社団芙友会　海野メディカルクリニック", "機関区分": 2, "都道府県コード": 8, "市区町村コード": 224, "所在地": "茨城県守谷市松ケ丘６－６－１", "緯度": 35.94175, "経度": 139.978217, "url": "https://www.iryou.teikyouseido.mhlw.go.jp/znk-web/juminkanja/S2430/initialize?prefCd=08&kikanCd=208584395&kikanKbn=2", "url2": "http://www.unno-clinic.jp/", "内容": "医療法人社団芙友会　海野メディカルクリニック【2:診療所】【診療科目:内科_循環器内科_心臓血管外科】茨城県守谷市松ケ丘６－６－１" }, "geometry": { "type": "Point", "coordinates": [ 139.978217, 35.94175 ] } },
{ "type": "Feature", "properties": { "ID": 82208584412, "正式名称": "渡利耳鼻咽喉科医院", "機関区分": 2, "都道府県コード": 8, "市区町村コード": 208, "所在地": "茨城県龍ケ崎市寺後３５８５－２", "緯度": 35.909248, "経度": 140.185447, "url": "https://www.iryou.teikyouseido.mhlw.go.jp/znk-web/juminkanja/S2430/initialize?prefCd=08&kikanCd=208584412&kikanKbn=2", "url2": null, "内容": "渡利耳鼻咽喉科医院【2:診療所】【診療科目:小児耳鼻いんこう科_耳鼻いんこう科】茨城県龍ケ崎市寺後３５８５－２" }, "geometry": { "type": "Point", "coordinates": [ 140.185447, 35.909248 ] } },
{ "type": "Feature", "properties": { "ID": 82208584500, "正式名称": "牛久中央クリニック", "機関区分": 2, "都道府県コード": 8, "市区町村コード": 219, "所在地": "茨城県牛久市中央１－２１－３", "緯度": 35.981572, "経度": 140.142987, "url": "https://www.iryou.teikyouseido.mhlw.go.jp/znk-web/juminkanja/S2430/initialize?prefCd=08&kikanCd=208584500&kikanKbn=2", "url2": "https://ushiku-mental.com/", "内容": "牛久中央クリニック【2:診療所】【診療科目:精神科_心療内科】茨城県牛久市中央１－２１－３" }, "geometry": { "type": "Point", "coordinates": [ 140.142987, 35.981572 ] } },
{ "type": "Feature", "properties": { "ID": 82208584513, "正式名称": "医療法人社団健幸福会　龍ヶ崎大徳ヘルシークリニック", "機関区分": 2, "都道府県コード": 8, "市区町村コード": 208, "所在地": "茨城県龍ケ崎市１２９８－３", "緯度": 35.900833, "経度": 140.2125, "url": "https://www.iryou.teikyouseido.mhlw.go.jp/znk-web/juminkanja/S2430/initialize?prefCd=08&kikanCd=208584513&kikanKbn=2", "url2": "http://www.hwho.jp", "内容": "医療法人社団健幸福会　龍ヶ崎大徳ヘルシークリニック【2:診療所】【診療科目:内科_消化器内科_内視鏡内科_心療内科】茨城県龍ケ崎市１２９８－３" }, "geometry": { "type": "Point", "coordinates": [ 140.2125, 35.900833 ] } },
{ "type": "Feature", "properties": { "ID": 82208584584, "正式名称": "ウイング眼科", "機関区分": 2, "都道府県コード": 8, "市区町村コード": 219, "所在地": "茨城県牛久市ひたち野東", "緯度": 36.002222, "経度": 140.163611, "url": "https://www.iryou.teikyouseido.mhlw.go.jp/znk-web/juminkanja/S2430/initialize?prefCd=08&kikanCd=208584584&kikanKbn=2", "url2": "http://www33.ocn.ne.jp/~obg/oomain.htm", "内容": "ウイング眼科【2:診療所】【診療科目:眼科】茨城県牛久市ひたち野東" }, "geometry": { "type": "Point", "coordinates": [ 140.163611, 36.002222 ] } },
{ "type": "Feature", "properties": { "ID": 82208584630, "正式名称": "医療法人財団　健康睡眠会　もりやスリープクリニック", "機関区分": 2, "都道府県コード": 8, "市区町村コード": 224, "所在地": "茨城県守谷市中央", "緯度": 35.948056, "経度": 139.978611, "url": "https://www.iryou.teikyouseido.mhlw.go.jp/znk-web/juminkanja/S2430/initialize?prefCd=08&kikanCd=208584630&kikanKbn=2", "url2": "http://www.moriyasleep.jp", "内容": "医療法人財団　健康睡眠会　もりやスリープクリニック【2:診療所】【診療科目:内科_呼吸器内科】茨城県守谷市中央" }, "geometry": { "type": "Point", "coordinates": [ 139.978611, 35.948056 ] } },
{ "type": "Feature", "properties": { "ID": 82208584702, "正式名称": "もりい内科クリニック", "機関区分": 2, "都道府県コード": 8, "市区町村コード": 224, "所在地": "茨城県守谷市立沢２０５８－５", "緯度": 35.959722, "経度": 139.986389, "url": "https://www.iryou.teikyouseido.mhlw.go.jp/znk-web/juminkanja/S2430/initialize?prefCd=08&kikanCd=208584702&kikanKbn=2", "url2": "https://www.moriinaika-clinic.com", "内容": "もりい内科クリニック【2:診療所】【診療科目:内科_循環器内科】茨城県守谷市立沢２０５８－５" }, "geometry": { "type": "Point", "coordinates": [ 139.986389, 35.959722 ] } },
{ "type": "Feature", "properties": { "ID": 82208584728, "正式名称": "医療法人社団語應会　オアシス脳神経クリニック", "機関区分": 2, "都道府県コード": 8, "市区町村コード": 219, "所在地": "茨城県牛久市ひたち野西４－１６－１", "緯度": 36.0, "経度": 140.1525, "url": "https://www.iryou.teikyouseido.mhlw.go.jp/znk-web/juminkanja/S2430/initialize?prefCd=08&kikanCd=208584728&kikanKbn=2", "url2": "http://clinica-oasis.com", "内容": "医療法人社団語應会　オアシス脳神経クリニック【2:診療所】【診療科目:神経内科_脳神経外科】茨城県牛久市ひたち野西４－１６－１" }, "geometry": { "type": "Point", "coordinates": [ 140.1525, 36.0 ] } },
{ "type": "Feature", "properties": { "ID": 82208584861, "正式名称": "ゆりがおかクリニック", "機関区分": 2, "都道府県コード": 8, "市区町村コード": 224, "所在地": "茨城県守谷市百合ケ丘３－２６６０－１１", "緯度": 35.9475, "経度": 139.988333, "url": "https://www.iryou.teikyouseido.mhlw.go.jp/znk-web/juminkanja/S2430/initialize?prefCd=08&kikanCd=208584861&kikanKbn=2", "url2": "http://www.yurigaoka-clinic.com", "内容": "ゆりがおかクリニック【2:診療所】【診療科目:内科_循環器内科_消化器内科_小児科】茨城県守谷市百合ケ丘３－２６６０－１１" }, "geometry": { "type": "Point", "coordinates": [ 139.988333, 35.9475 ] } },
{ "type": "Feature", "properties": { "ID": 82208584920, "正式名称": "服部内科医院", "機関区分": 2, "都道府県コード": 8, "市区町村コード": 564, "所在地": "茨城県北相馬郡利根町布川２８３０－１", "緯度": 35.855003, "経度": 140.150171, "url": "https://www.iryou.teikyouseido.mhlw.go.jp/znk-web/juminkanja/S2430/initialize?prefCd=08&kikanCd=208584920&kikanKbn=2", "url2": "https://www.hattori-iin.com/", "内容": "服部内科医院【2:診療所】【診療科目:内科_消化器内科】茨城県北相馬郡利根町布川２８３０－１" }, "geometry": { "type": "Point", "coordinates": [ 140.150171, 35.855003 ] } },
{ "type": "Feature", "properties": { "ID": 82208584933, "正式名称": "お産の森　いのちのもり　産科婦人科　篠崎医院", "機関区分": 2, "都道府県コード": 8, "市区町村コード": 224, "所在地": "茨城県守谷市大柏１０６７－１", "緯度": 35.946041, "経度": 139.976607, "url": "https://www.iryou.teikyouseido.mhlw.go.jp/znk-web/juminkanja/S2430/initialize?prefCd=08&kikanCd=208584933&kikanKbn=2", "url2": "http://www.shinozaki-clinic.org", "内容": "お産の森　いのちのもり　産科婦人科　篠崎医院【2:診療所】【診療科目:産婦人科】茨城県守谷市大柏１０６７－１" }, "geometry": { "type": "Point", "coordinates": [ 139.976607, 35.946041 ] } },
{ "type": "Feature", "properties": { "ID": 82208585057, "正式名称": "松本アイクリニック", "機関区分": 2, "都道府県コード": 8, "市区町村コード": 208, "所在地": "茨城県龍ケ崎市馴柴町７９０番地２", "緯度": 35.906111, "経度": 140.181944, "url": "https://www.iryou.teikyouseido.mhlw.go.jp/znk-web/juminkanja/S2430/initialize?prefCd=08&kikanCd=208585057&kikanKbn=2", "url2": "https://www.matsumoto-eye.org", "内容": "松本アイクリニック【2:診療所】【診療科目:眼科】茨城県龍ケ崎市馴柴町７９０番地２" }, "geometry": { "type": "Point", "coordinates": [ 140.181944, 35.906111 ] } },
{ "type": "Feature", "properties": { "ID": 82208585174, "正式名称": "医療法人社団いとう眼科", "機関区分": 2, "都道府県コード": 8, "市区町村コード": 224, "所在地": "茨城県守谷市中央　３−１１−２", "緯度": 35.947222, "経度": 139.996944, "url": "https://www.iryou.teikyouseido.mhlw.go.jp/znk-web/juminkanja/S2430/initialize?prefCd=08&kikanCd=208585174&kikanKbn=2", "url2": "https ://www.ito-ganka.com", "内容": "医療法人社団いとう眼科【2:診療所】【診療科目:眼科】茨城県守谷市中央　３−１１−２" }, "geometry": { "type": "Point", "coordinates": [ 139.996944, 35.947222 ] } },
{ "type": "Feature", "properties": { "ID": 82208585204, "正式名称": "まつの木クリニック", "機関区分": 2, "都道府県コード": 8, "市区町村コード": 224, "所在地": "茨城県守谷市中央２－１６－１アワーズもりや２Ｆ", "緯度": 35.948056, "経度": 139.978611, "url": "https://www.iryou.teikyouseido.mhlw.go.jp/znk-web/juminkanja/S2430/initialize?prefCd=08&kikanCd=208585204&kikanKbn=2", "url2": "http://www.matsunoki-cl.jp", "内容": "まつの木クリニック【2:診療所】【診療科目:精神科_心療内科】茨城県守谷市中央２－１６－１アワーズもりや２Ｆ" }, "geometry": { "type": "Point", "coordinates": [ 139.978611, 35.948056 ] } },
{ "type": "Feature", "properties": { "ID": 82208585288, "正式名称": "医療法人　たかはし眼科", "機関区分": 2, "都道府県コード": 8, "市区町村コード": 224, "所在地": "茨城県守谷市百合ケ丘３－２４９－１イオンタウン守谷２Ｆ", "緯度": 35.9475, "経度": 139.988333, "url": "https://www.iryou.teikyouseido.mhlw.go.jp/znk-web/juminkanja/S2430/initialize?prefCd=08&kikanCd=208585288&kikanKbn=2", "url2": "https://eye-takahashi.jp/", "内容": "医療法人　たかはし眼科【2:診療所】【診療科目:漢方内科_小児眼科_眼科】茨城県守谷市百合ケ丘３－２４９－１イオンタウン守谷２Ｆ" }, "geometry": { "type": "Point", "coordinates": [ 139.988333, 35.9475 ] } },
{ "type": "Feature", "properties": { "ID": 82208585347, "正式名称": "ふたばこどもクリニック", "機関区分": 2, "都道府県コード": 8, "市区町村コード": 219, "所在地": "茨城県牛久市ひたち野東２－２０－６", "緯度": 36.004683, "経度": 140.171013, "url": "https://www.iryou.teikyouseido.mhlw.go.jp/znk-web/juminkanja/S2430/initialize?prefCd=08&kikanCd=208585347&kikanKbn=2", "url2": "http://www.futabakodomo.jp", "内容": "ふたばこどもクリニック【2:診療所】【診療科目:内科_小児科_アレルギー科】茨城県牛久市ひたち野東２－２０－６" }, "geometry": { "type": "Point", "coordinates": [ 140.171013, 36.004683 ] } },
{ "type": "Feature", "properties": { "ID": 82208585507, "正式名称": "ことより医院", "機関区分": 2, "都道府県コード": 8, "市区町村コード": 219, "所在地": "茨城県牛久市中央５－１２－１７", "緯度": 35.974167, "経度": 140.145556, "url": "https://www.iryou.teikyouseido.mhlw.go.jp/znk-web/juminkanja/S2430/initialize?prefCd=08&kikanCd=208585507&kikanKbn=2", "url2": "http://www.ushiku-kotoyori-iin.com", "内容": "ことより医院【2:診療所】【診療科目:内科_消化器内科】茨城県牛久市中央５－１２－１７" }, "geometry": { "type": "Point", "coordinates": [ 140.145556, 35.974167 ] } },
{ "type": "Feature", "properties": { "ID": 82208585549, "正式名称": "守谷メディカルクリニック", "機関区分": 2, "都道府県コード": 8, "市区町村コード": 224, "所在地": "茨城県守谷市百合ケ丘３－２４９－１　イオンタウン守谷　２階", "緯度": 35.941389, "経度": 139.993611, "url": "https://www.iryou.teikyouseido.mhlw.go.jp/znk-web/juminkanja/S2430/initialize?prefCd=08&kikanCd=208585549&kikanKbn=2", "url2": "http://www.moriya-medical.com/", "内容": "守谷メディカルクリニック【2:診療所】【診療科目:内科_外科_小児科_皮膚科】茨城県守谷市百合ケ丘３－２４９－１　イオンタウン守谷　２階" }, "geometry": { "type": "Point", "coordinates": [ 139.993611, 35.941389 ] } },
{ "type": "Feature", "properties": { "ID": 82208585653, "正式名称": "ゆめみ野クリニック整形外科", "機関区分": 2, "都道府県コード": 8, "市区町村コード": 217, "所在地": "茨城県取手市ゆめみ野１丁目５番地３", "緯度": 35.918611, "経度": 140.038333, "url": "https://www.iryou.teikyouseido.mhlw.go.jp/znk-web/juminkanja/S2430/initialize?prefCd=08&kikanCd=208585653&kikanKbn=2", "url2": "http://yumemino-clinic.com/", "内容": "ゆめみ野クリニック整形外科【2:診療所】【診療科目:整形外科_リハビリテーション科】茨城県取手市ゆめみ野１丁目５番地３" }, "geometry": { "type": "Point", "coordinates": [ 140.038333, 35.918611 ] } },
{ "type": "Feature", "properties": { "ID": 82208585679, "正式名称": "くろだ皮膚科", "機関区分": 2, "都道府県コード": 8, "市区町村コード": 224, "所在地": "茨城県守谷市中央１－２３－４アクロスプラザ守谷２Ｆ", "緯度": 35.948056, "経度": 139.993333, "url": "https://www.iryou.teikyouseido.mhlw.go.jp/znk-web/juminkanja/S2430/initialize?prefCd=08&kikanCd=208585679&kikanKbn=2", "url2": "http://www.kuroda-hifuka.com", "内容": "くろだ皮膚科【2:診療所】【診療科目:皮膚科】茨城県守谷市中央１－２３－４アクロスプラザ守谷２Ｆ" }, "geometry": { "type": "Point", "coordinates": [ 139.993333, 35.948056 ] } },
{ "type": "Feature", "properties": { "ID": 82208585956, "正式名称": "特別養護老人ホーム・ルロシェ　診療所", "機関区分": 2, "都道府県コード": 8, "市区町村コード": 217, "所在地": "茨城県取手市神浦６４６", "緯度": 35.89136, "経度": 140.13232, "url": "https://www.iryou.teikyouseido.mhlw.go.jp/znk-web/juminkanja/S2430/initialize?prefCd=08&kikanCd=208585956&kikanKbn=2", "url2": null, "内容": "特別養護老人ホーム・ルロシェ　診療所【2:診療所】【診療科目:内科_整形外科】茨城県取手市神浦６４６" }, "geometry": { "type": "Point", "coordinates": [ 140.13232, 35.89136 ] } },
{ "type": "Feature", "properties": { "ID": 82208585972, "正式名称": "あおぞら診療所", "機関区分": 2, "都道府県コード": 8, "市区町村コード": 217, "所在地": "茨城県取手市新町３ー１３－１１", "緯度": 35.895556, "経度": 140.06, "url": "https://www.iryou.teikyouseido.mhlw.go.jp/znk-web/juminkanja/S2430/initialize?prefCd=08&kikanCd=208585972&kikanKbn=2", "url2": "http://www.hewcoop-ibaraki.jp", "内容": "あおぞら診療所【2:診療所】【診療科目:内科_呼吸器内科_循環器内科_消化器内科_小児科】茨城県取手市新町３ー１３－１１" }, "geometry": { "type": "Point", "coordinates": [ 140.06, 35.895556 ] } },
{ "type": "Feature", "properties": { "ID": 82208586009, "正式名称": "さとうクリニック第二診療所", "機関区分": 2, "都道府県コード": 8, "市区町村コード": 224, "所在地": "茨城県守谷市同地１９１－４", "緯度": 35.951111, "経度": 140.015556, "url": "https://www.iryou.teikyouseido.mhlw.go.jp/znk-web/juminkanja/S2430/initialize?prefCd=08&kikanCd=208586009&kikanKbn=2", "url2": "http://www.sato-naika-nougeka.dr-clinic.jp", "内容": "さとうクリニック第二診療所【2:診療所】【診療科目:内科_神経内科】茨城県守谷市同地１９１－４" }, "geometry": { "type": "Point", "coordinates": [ 140.015556, 35.951111 ] } },
{ "type": "Feature", "properties": { "ID": 82208586302, "正式名称": "ひかりの森内科クリニック", "機関区分": 2, "都道府県コード": 8, "市区町村コード": 208, "所在地": "茨城県龍ケ崎市北方町２０８４－１", "緯度": 35.883163, "経度": 140.15245, "url": "https://www.iryou.teikyouseido.mhlw.go.jp/znk-web/juminkanja/S2430/initialize?prefCd=08&kikanCd=208586302&kikanKbn=2", "url2": null, "内容": "ひかりの森内科クリニック【2:診療所】【診療科目:内科_循環器内科】茨城県龍ケ崎市北方町２０８４－１" }, "geometry": { "type": "Point", "coordinates": [ 140.15245, 35.883163 ] } },
{ "type": "Feature", "properties": { "ID": 82208586429, "正式名称": "医療法人　啓喜会　あだち内科クリニック", "機関区分": 2, "都道府県コード": 8, "市区町村コード": 219, "所在地": "茨城県牛久市さくら台３－６１－１５", "緯度": 35.953333, "経度": 140.164722, "url": "https://www.iryou.teikyouseido.mhlw.go.jp/znk-web/juminkanja/S2430/initialize?prefCd=08&kikanCd=208586429&kikanKbn=2", "url2": "http://www.adachi-naika.net/", "内容": "医療法人　啓喜会　あだち内科クリニック【2:診療所】【診療科目:内科_呼吸器内科_小児科】茨城県牛久市さくら台３－６１－１５" }, "geometry": { "type": "Point", "coordinates": [ 140.164722, 35.953333 ] } },
{ "type": "Feature", "properties": { "ID": 82208586490, "正式名称": "松本眼科", "機関区分": 2, "都道府県コード": 8, "市区町村コード": 217, "所在地": "茨城県取手市中央町", "緯度": 35.891667, "経度": 140.065, "url": "https://www.iryou.teikyouseido.mhlw.go.jp/znk-web/juminkanja/S2430/initialize?prefCd=08&kikanCd=208586490&kikanKbn=2", "url2": "http://www.matsumoto-clinic.com", "内容": "松本眼科【2:診療所】【診療科目:眼科】茨城県取手市中央町" }, "geometry": { "type": "Point", "coordinates": [ 140.065, 35.891667 ] } },
{ "type": "Feature", "properties": { "ID": 82208586504, "正式名称": "医療法人社団　春望会　椎貝記念とりでクリニック", "機関区分": 2, "都道府県コード": 8, "市区町村コード": 217, "所在地": "茨城県取手市中央町２番２５号取手ｉセンター３０５号", "緯度": 35.895278, "経度": 140.05, "url": "https://www.iryou.teikyouseido.mhlw.go.jp/znk-web/juminkanja/S2430/initialize?prefCd=08&kikanCd=208586504&kikanKbn=2", "url2": "http://www.shiigai-clinic.jp", "内容": "医療法人社団　春望会　椎貝記念とりでクリニック【2:診療所】【診療科目:内科_糖尿病内科_循環器内科_消化器内科_腎臓内科_人工透析内科_神経内科】茨城県取手市中央町２番２５号取手ｉセンター３０５号" }, "geometry": { "type": "Point", "coordinates": [ 140.05, 35.895278 ] } },
{ "type": "Feature", "properties": { "ID": 82208586559, "正式名称": "医療法人社団　ひたちの整形外科", "機関区分": 2, "都道府県コード": 8, "市区町村コード": 219, "所在地": "茨城県牛久市ひたち野東３－２－１", "緯度": 35.996389, "経度": 140.168333, "url": "https://www.iryou.teikyouseido.mhlw.go.jp/znk-web/juminkanja/S2430/initialize?prefCd=08&kikanCd=208586559&kikanKbn=2", "url2": "http://www.hitachino-seikei.com", "内容": "医療法人社団　ひたちの整形外科【2:診療所】【診療科目:整形外科_リウマチ科_リハビリテーション科】茨城県牛久市ひたち野東３－２－１" }, "geometry": { "type": "Point", "coordinates": [ 140.168333, 35.996389 ] } },
{ "type": "Feature", "properties": { "ID": 82208586751, "正式名称": "医療法人泰生会戸田医院", "機関区分": 2, "都道府県コード": 8, "市区町村コード": 217, "所在地": "茨城県取手市戸頭６－１８－１６", "緯度": 35.927693, "経度": 140.011449, "url": "https://www.iryou.teikyouseido.mhlw.go.jp/znk-web/juminkanja/S2430/initialize?prefCd=08&kikanCd=208586751&kikanKbn=2", "url2": null, "内容": "医療法人泰生会戸田医院【2:診療所】【診療科目:内科_循環器内科_消化器内科_小児科_アレルギー科】茨城県取手市戸頭６－１８－１６" }, "geometry": { "type": "Point", "coordinates": [ 140.011449, 35.927693 ] } },
{ "type": "Feature", "properties": { "ID": 82208586908, "正式名称": "えのもと小児科", "機関区分": 2, "都道府県コード": 8, "市区町村コード": 224, "所在地": "茨城県守谷市松ケ丘６－６－１アクロスモール守谷内", "緯度": 35.938611, "経度": 139.981667, "url": "https://www.iryou.teikyouseido.mhlw.go.jp/znk-web/juminkanja/S2430/initialize?prefCd=08&kikanCd=208586908&kikanKbn=2", "url2": "http://enomoto-cc.jp/", "内容": "えのもと小児科【2:診療所】【診療科目:小児科_新生児内科_アレルギー科】茨城県守谷市松ケ丘６－６－１アクロスモール守谷内" }, "geometry": { "type": "Point", "coordinates": [ 139.981667, 35.938611 ] } },
{ "type": "Feature", "properties": { "ID": 82208587123, "正式名称": "取手こころのクリニック", "機関区分": 2, "都道府県コード": 8, "市区町村コード": 217, "所在地": "茨城県取手市中央町２－２５　取手ｉセンター３Ｆ", "緯度": 35.894444, "経度": 140.066667, "url": "https://www.iryou.teikyouseido.mhlw.go.jp/znk-web/juminkanja/S2430/initialize?prefCd=08&kikanCd=208587123&kikanKbn=2", "url2": "http://torikoko-cl.or.jp/", "内容": "取手こころのクリニック【2:診療所】【診療科目:精神科_心療内科】茨城県取手市中央町２－２５　取手ｉセンター３Ｆ" }, "geometry": { "type": "Point", "coordinates": [ 140.066667, 35.894444 ] } },
{ "type": "Feature", "properties": { "ID": 82208587253, "正式名称": "よしだ胃腸内科クリニック", "機関区分": 2, "都道府県コード": 8, "市区町村コード": 224, "所在地": "茨城県守谷市本町３３０４", "緯度": 35.936111, "経度": 140.002222, "url": "https://www.iryou.teikyouseido.mhlw.go.jp/znk-web/juminkanja/S2430/initialize?prefCd=08&kikanCd=208587253&kikanKbn=2", "url2": "http://www.yoshida-icho.com", "内容": "よしだ胃腸内科クリニック【2:診療所】【診療科目:内科_胃腸内科_内視鏡内科_外科_乳腺外科】茨城県守谷市本町３３０４" }, "geometry": { "type": "Point", "coordinates": [ 140.002222, 35.936111 ] } },
{ "type": "Feature", "properties": { "ID": 82208587383, "正式名称": "医療法人社団再光会　ひたちのうしく眼科", "機関区分": 2, "都道府県コード": 8, "市区町村コード": 219, "所在地": "茨城県牛久市ひたち野東４－７－２", "緯度": 36.005682, "経度": 140.166661, "url": "https://www.iryou.teikyouseido.mhlw.go.jp/znk-web/juminkanja/S2430/initialize?prefCd=08&kikanCd=208587383&kikanKbn=2", "url2": "http://hitachinoushiku-eyeclinic.com", "内容": "医療法人社団再光会　ひたちのうしく眼科【2:診療所】【診療科目:眼科】茨城県牛久市ひたち野東４－７－２" }, "geometry": { "type": "Point", "coordinates": [ 140.166661, 36.005682 ] } },
{ "type": "Feature", "properties": { "ID": 82208587716, "正式名称": "医療法人健礼会　はら内科クリニック", "機関区分": 2, "都道府県コード": 8, "市区町村コード": 224, "所在地": "茨城県守谷市板戸井２３２５－１", "緯度": 35.964167, "経度": 139.963889, "url": "https://www.iryou.teikyouseido.mhlw.go.jp/znk-web/juminkanja/S2430/initialize?prefCd=08&kikanCd=208587716&kikanKbn=2", "url2": "http://haracl.byoinnavi.jp", "内容": "医療法人健礼会　はら内科クリニック【2:診療所】【診療科目:内科_消化器内科】茨城県守谷市板戸井２３２５－１" }, "geometry": { "type": "Point", "coordinates": [ 139.963889, 35.964167 ] } },
{ "type": "Feature", "properties": { "ID": 82208587846, "正式名称": "医療法人社団　メイプル子どもクリニック", "機関区分": 2, "都道府県コード": 8, "市区町村コード": 217, "所在地": "茨城県取手市井野８００－４", "緯度": 35.898611, "経度": 140.084722, "url": "https://www.iryou.teikyouseido.mhlw.go.jp/znk-web/juminkanja/S2430/initialize?prefCd=08&kikanCd=208587846&kikanKbn=2", "url2": "http://maplechildrensclinic.crayonsite.net/", "内容": "医療法人社団　メイプル子どもクリニック【2:診療所】【診療科目:内科_小児科】茨城県取手市井野８００－４" }, "geometry": { "type": "Point", "coordinates": [ 140.084722, 35.898611 ] } },
{ "type": "Feature", "properties": { "ID": 82208587859, "正式名称": "セントラル総合クリニック", "機関区分": 2, "都道府県コード": 8, "市区町村コード": 219, "所在地": "茨城県牛久市上柏田４－５８－１", "緯度": 35.9839497, "経度": 140.1580808, "url": "https://www.iryou.teikyouseido.mhlw.go.jp/znk-web/juminkanja/S2430/initialize?prefCd=08&kikanCd=208587859&kikanKbn=2", "url2": "https://clinic.central.or.jp/", "内容": "セントラル総合クリニック【2:診療所】【診療科目:内科_呼吸器内科_消化器内科_神経内科_外科_脳神経外科_消化器外科_整形外科_小児科_産婦人科_皮膚科_泌尿器科_放射線科_麻酔科】茨城県牛久市上柏田４－５８－１" }, "geometry": { "type": "Point", "coordinates": [ 140.1580808, 35.9839497 ] } },
{ "type": "Feature", "properties": { "ID": 82208587888, "正式名称": "戸頭クリニック", "機関区分": 2, "都道府県コード": 8, "市区町村コード": 217, "所在地": "茨城県取手市戸頭４－１６－３", "緯度": 35.924444, "経度": 140.016667, "url": "https://www.iryou.teikyouseido.mhlw.go.jp/znk-web/juminkanja/S2430/initialize?prefCd=08&kikanCd=208587888&kikanKbn=2", "url2": null, "内容": "戸頭クリニック【2:診療所】【診療科目:内科_整形外科】茨城県取手市戸頭４－１６－３" }, "geometry": { "type": "Point", "coordinates": [ 140.016667, 35.924444 ] } },
{ "type": "Feature", "properties": { "ID": 82208587918, "正式名称": "ひたち野ファミリークリニック", "機関区分": 2, "都道府県コード": 8, "市区町村コード": 219, "所在地": "茨城県牛久市ひたち野西２－２７－２", "緯度": 36.008891, "経度": 140.152909, "url": "https://www.iryou.teikyouseido.mhlw.go.jp/znk-web/juminkanja/S2430/initialize?prefCd=08&kikanCd=208587918&kikanKbn=2", "url2": "https://www.hitachino-family.com/", "内容": "ひたち野ファミリークリニック【2:診療所】【診療科目:内科_消化器内科_外科_小児科_皮膚科_美容皮膚科】茨城県牛久市ひたち野西２－２７－２" }, "geometry": { "type": "Point", "coordinates": [ 140.152909, 36.008891 ] } },
{ "type": "Feature", "properties": { "ID": 82208588074, "正式名称": "医療法人社団道華会　犬童こどもクリニック分院", "機関区分": 2, "都道府県コード": 8, "市区町村コード": 219, "所在地": "茨城県牛久市ひたち野東４−１−１３", "緯度": 36.004564, "経度": 140.165756, "url": "https://www.iryou.teikyouseido.mhlw.go.jp/znk-web/juminkanja/S2430/initialize?prefCd=08&kikanCd=208588074&kikanKbn=2", "url2": null, "内容": "医療法人社団道華会　犬童こどもクリニック分院【2:診療所】【診療科目:小児科】茨城県牛久市ひたち野東４−１−１３" }, "geometry": { "type": "Point", "coordinates": [ 140.165756, 36.004564 ] } },
{ "type": "Feature", "properties": { "ID": 82208588104, "正式名称": "医療法人社団創知会メモリークリニック取手", "機関区分": 2, "都道府県コード": 8, "市区町村コード": 217, "所在地": "茨城県取手市取手２－８－８　取手赤羽ビル３Ｆ", "緯度": 35.890278, "経度": 140.066389, "url": "https://www.iryou.teikyouseido.mhlw.go.jp/znk-web/juminkanja/S2430/initialize?prefCd=08&kikanCd=208588104&kikanKbn=2", "url2": "https://memo-toride.jp/", "内容": "医療法人社団創知会メモリークリニック取手【2:診療所】【診療科目:精神科】茨城県取手市取手２－８－８　取手赤羽ビル３Ｆ" }, "geometry": { "type": "Point", "coordinates": [ 140.066389, 35.890278 ] } },
{ "type": "Feature", "properties": { "ID": 82208588120, "正式名称": "医療法人社団洋光会　協和ガーデンクリニック", "機関区分": 2, "都道府県コード": 8, "市区町村コード": 564, "所在地": "茨城県北相馬郡利根町下井３２７－３", "緯度": 35.86748, "経度": 140.15358, "url": "https://www.iryou.teikyouseido.mhlw.go.jp/znk-web/juminkanja/S2430/initialize?prefCd=08&kikanCd=208588120&kikanKbn=2", "url2": "http://www.kgcl.jp", "内容": "医療法人社団洋光会　協和ガーデンクリニック【2:診療所】【診療科目:内科_循環器内科_婦人科_心療内科_歯科_小児歯科】茨城県北相馬郡利根町下井３２７－３" }, "geometry": { "type": "Point", "coordinates": [ 140.15358, 35.86748 ] } },
{ "type": "Feature", "properties": { "ID": 82208588377, "正式名称": "そが内視鏡・消化器クリニック", "機関区分": 2, "都道府県コード": 8, "市区町村コード": 219, "所在地": "茨城県牛久市ひたち野東２－２４－１１", "緯度": 36.004052, "経度": 140.172204, "url": "https://www.iryou.teikyouseido.mhlw.go.jp/znk-web/juminkanja/S2430/initialize?prefCd=08&kikanCd=208588377&kikanKbn=2", "url2": "https://soga-clinic.jp", "内容": "そが内視鏡・消化器クリニック【2:診療所】【診療科目:内科_消化器内科_内視鏡内科_外科_肛門外科】茨城県牛久市ひたち野東２－２４－１１" }, "geometry": { "type": "Point", "coordinates": [ 140.172204, 36.004052 ] } },
{ "type": "Feature", "properties": { "ID": 82208588771, "正式名称": "医療法人社団　緑鈴会　守谷こどものこころとからだのクリニック", "機関区分": 2, "都道府県コード": 8, "市区町村コード": 224, "所在地": "茨城県守谷市松並青葉４−２−３", "緯度": 35.957706, "経度": 139.99167, "url": "https://www.iryou.teikyouseido.mhlw.go.jp/znk-web/juminkanja/S2430/initialize?prefCd=08&kikanCd=208588771&kikanKbn=2", "url2": "https://mcmpclinic.com/", "内容": "医療法人社団　緑鈴会　守谷こどものこころとからだのクリニック【2:診療所】【診療科目:小児科_児童精神科_アレルギー科】茨城県守谷市松並青葉４−２−３" }, "geometry": { "type": "Point", "coordinates": [ 139.99167, 35.957706 ] } },
{ "type": "Feature", "properties": { "ID": 82208588928, "正式名称": "医療法人　永知会　ひたち野こころのクリニック", "機関区分": 2, "都道府県コード": 8, "市区町村コード": 219, "所在地": "茨城県牛久市ひたち野西３－３２－５－２Ｆ", "緯度": 36.006111, "経度": 140.160833, "url": "https://www.iryou.teikyouseido.mhlw.go.jp/znk-web/juminkanja/S2430/initialize?prefCd=08&kikanCd=208588928&kikanKbn=2", "url2": "http://hitachino-kokoro.com", "内容": "医療法人　永知会　ひたち野こころのクリニック【2:診療所】【診療科目:内科_精神科_心療内科】茨城県牛久市ひたち野西３－３２－５－２Ｆ" }, "geometry": { "type": "Point", "coordinates": [ 140.160833, 36.006111 ] } },
{ "type": "Feature", "properties": { "ID": 82208588957, "正式名称": "染川ウィメンズクリニック", "機関区分": 2, "都道府県コード": 8, "市区町村コード": 217, "所在地": "茨城県取手市取手３丁目４ー２１　中村ビル３階", "緯度": 35.883333, "経度": 140.05, "url": "https://www.iryou.teikyouseido.mhlw.go.jp/znk-web/juminkanja/S2430/initialize?prefCd=08&kikanCd=208588957&kikanKbn=2", "url2": "somekawa-womens.com", "内容": "染川ウィメンズクリニック【2:診療所】【診療科目:内科_婦人科】茨城県取手市取手３丁目４ー２１　中村ビル３階" }, "geometry": { "type": "Point", "coordinates": [ 140.05, 35.883333 ] } },
{ "type": "Feature", "properties": { "ID": 82208589635, "正式名称": "医療法人社団ピタゴラスター　ほしの耳鼻咽喉科クリニック", "機関区分": 2, "都道府県コード": 8, "市区町村コード": 224, "所在地": "茨城県守谷市けやき台５－１６－１１", "緯度": 35.902964, "経度": 139.926411, "url": "https://www.iryou.teikyouseido.mhlw.go.jp/znk-web/juminkanja/S2430/initialize?prefCd=08&kikanCd=208589635&kikanKbn=2", "url2": "https://hoshino-ent.com/", "内容": "医療法人社団ピタゴラスター　ほしの耳鼻咽喉科クリニック【2:診療所】【診療科目:小児耳鼻いんこう科_耳鼻いんこう科】茨城県守谷市けやき台５－１６－１１" }, "geometry": { "type": "Point", "coordinates": [ 139.926411, 35.902964 ] } },
{ "type": "Feature", "properties": { "ID": 82208590013, "正式名称": "浅野眼科医院", "機関区分": 2, "都道府県コード": 8, "市区町村コード": 203, "所在地": "茨城県土浦市中央２－１５－１８", "緯度": 36.082222, "経度": 140.203056, "url": "https://www.iryou.teikyouseido.mhlw.go.jp/znk-web/juminkanja/S2430/initialize?prefCd=08&kikanCd=208590013&kikanKbn=2", "url2": null, "内容": "浅野眼科医院【2:診療所】【診療科目:眼科】茨城県土浦市中央２－１５－１８" }, "geometry": { "type": "Point", "coordinates": [ 140.203056, 36.082222 ] } },
{ "type": "Feature", "properties": { "ID": 82208590071, "正式名称": "中央大祢整形形成外科", "機関区分": 2, "都道府県コード": 8, "市区町村コード": 203, "所在地": "茨城県土浦市中央２－９－２", "緯度": 36.080278, "経度": 140.204444, "url": "https://www.iryou.teikyouseido.mhlw.go.jp/znk-web/juminkanja/S2430/initialize?prefCd=08&kikanCd=208590071&kikanKbn=2", "url2": "https://www.one-cos.jp/", "内容": "中央大祢整形形成外科【2:診療所】【診療科目:外科_整形外科_リハビリテーション科】茨城県土浦市中央２－９－２" }, "geometry": { "type": "Point", "coordinates": [ 140.204444, 36.080278 ] } },
{ "type": "Feature", "properties": { "ID": 82208590101, "正式名称": "小原内科医院", "機関区分": 2, "都道府県コード": 8, "市区町村コード": 203, "所在地": "茨城県土浦市中央２－４－３１", "緯度": 36.078611, "経度": 140.205556, "url": "https://www.iryou.teikyouseido.mhlw.go.jp/znk-web/juminkanja/S2430/initialize?prefCd=08&kikanCd=208590101&kikanKbn=2", "url2": "http://www.citydo.com/sp/029-821-1015", "内容": "小原内科医院【2:診療所】【診療科目:内科_循環器内科】茨城県土浦市中央２－４－３１" }, "geometry": { "type": "Point", "coordinates": [ 140.205556, 36.078611 ] } },
{ "type": "Feature", "properties": { "ID": 82208590185, "正式名称": "桜井内科医院", "機関区分": 2, "都道府県コード": 8, "市区町村コード": 203, "所在地": "茨城県土浦市中央二丁目１６番２１号", "緯度": 36.082778, "経度": 140.2025, "url": "https://www.iryou.teikyouseido.mhlw.go.jp/znk-web/juminkanja/S2430/initialize?prefCd=08&kikanCd=208590185&kikanKbn=2", "url2": "http://www.sakurai-naika.or.jp/", "内容": "桜井内科医院【2:診療所】【診療科目:内科_呼吸器内科_循環器内科_消化器内科】茨城県土浦市中央二丁目１６番２１号" }, "geometry": { "type": "Point", "coordinates": [ 140.2025, 36.082778 ] } },
{ "type": "Feature", "properties": { "ID": 82208590257, "正式名称": "医療法人社団道淑会　高野医院", "機関区分": 2, "都道府県コード": 8, "市区町村コード": 203, "所在地": "茨城県土浦市荒川沖西２－１２－２", "緯度": 36.029393, "経度": 140.161914, "url": "https://www.iryou.teikyouseido.mhlw.go.jp/znk-web/juminkanja/S2430/initialize?prefCd=08&kikanCd=208590257&kikanKbn=2", "url2": "http://www.takano.or.jp/", "内容": "医療法人社団道淑会　高野医院【2:診療所】【診療科目:内科_小児科】茨城県土浦市荒川沖西２－１２－２" }, "geometry": { "type": "Point", "coordinates": [ 140.161914, 36.029393 ] } },
{ "type": "Feature", "properties": { "ID": 82208590273, "正式名称": "塚田眼科医院", "機関区分": 2, "都道府県コード": 8, "市区町村コード": 203, "所在地": "茨城県土浦市中央１－４－１６", "緯度": 36.081154, "経度": 140.199797, "url": "https://www.iryou.teikyouseido.mhlw.go.jp/znk-web/juminkanja/S2430/initialize?prefCd=08&kikanCd=208590273&kikanKbn=2", "url2": null, "内容": "塚田眼科医院【2:診療所】【診療科目:眼科】茨城県土浦市中央１－４－１６" }, "geometry": { "type": "Point", "coordinates": [ 140.199797, 36.081154 ] } },
{ "type": "Feature", "properties": { "ID": 82208590316, "正式名称": "医療法人鶴翔会鶴町医院", "機関区分": 2, "都道府県コード": 8, "市区町村コード": 203, "所在地": "茨城県土浦市中央１－１－１１", "緯度": 36.067778, "経度": 140.203611, "url": "https://www.iryou.teikyouseido.mhlw.go.jp/znk-web/juminkanja/S2430/initialize?prefCd=08&kikanCd=208590316&kikanKbn=2", "url2": null, "内容": "医療法人鶴翔会鶴町医院【2:診療所】【診療科目:内科_小児科_耳鼻いんこう科】茨城県土浦市中央１－１－１１" }, "geometry": { "type": "Point", "coordinates": [ 140.203611, 36.067778 ] } },
{ "type": "Feature", "properties": { "ID": 82208590387, "正式名称": "医療法人社団平成会久松耳鼻咽喉科皮フ科医院", "機関区分": 2, "都道府県コード": 8, "市区町村コード": 203, "所在地": "茨城県土浦市中央１－１２－２２", "緯度": 36.080278, "経度": 140.203611, "url": "https://www.iryou.teikyouseido.mhlw.go.jp/znk-web/juminkanja/S2430/initialize?prefCd=08&kikanCd=208590387&kikanKbn=2", "url2": "https://hisamatsujibikahifuka.jimdofree.com", "内容": "医療法人社団平成会久松耳鼻咽喉科皮フ科医院【2:診療所】【診療科目:耳鼻いんこう科_皮膚科_アレルギー科_リハビリテーション科】茨城県土浦市中央１－１２－２２" }, "geometry": { "type": "Point", "coordinates": [ 140.203611, 36.080278 ] } },
{ "type": "Feature", "properties": { "ID": 82208590563, "正式名称": "株式会社日立製作所　　土浦診療健診センタ", "機関区分": 2, "都道府県コード": 8, "市区町村コード": 203, "所在地": "茨城県土浦市神立東二丁目２７番８号", "緯度": 36.110278, "経度": 140.252222, "url": "https://www.iryou.teikyouseido.mhlw.go.jp/znk-web/juminkanja/S2430/initialize?prefCd=08&kikanCd=208590563&kikanKbn=2", "url2": "http://www.hitachi.co.jp/hospital/tsuchiura/", "内容": "株式会社日立製作所　　土浦診療健診センタ【2:診療所】【診療科目:内科_乳腺外科_小児科_眼科_耳鼻いんこう科_皮膚科_心療内科】茨城県土浦市神立東二丁目２７番８号" }, "geometry": { "type": "Point", "coordinates": [ 140.252222, 36.110278 ] } },
{ "type": "Feature", "properties": { "ID": 82208590606, "正式名称": "医療法人社団　松永医院", "機関区分": 2, "都道府県コード": 8, "市区町村コード": 203, "所在地": "茨城県土浦市中高津３－１１－１５", "緯度": 36.064444, "経度": 140.182778, "url": "https://www.iryou.teikyouseido.mhlw.go.jp/znk-web/juminkanja/S2430/initialize?prefCd=08&kikanCd=208590606&kikanKbn=2", "url2": "http://www.m-iin.info", "内容": "医療法人社団　松永医院【2:診療所】【診療科目:整形外科_心療内科】茨城県土浦市中高津３－１１－１５" }, "geometry": { "type": "Point", "coordinates": [ 140.182778, 36.064444 ] } },
{ "type": "Feature", "properties": { "ID": 82208590736, "正式名称": "酒井小児科医院", "機関区分": 2, "都道府県コード": 8, "市区町村コード": 203, "所在地": "茨城県土浦市中高津３－２－９", "緯度": 36.063056, "経度": 140.186667, "url": "https://www.iryou.teikyouseido.mhlw.go.jp/znk-web/juminkanja/S2430/initialize?prefCd=08&kikanCd=208590736&kikanKbn=2", "url2": null, "内容": "酒井小児科医院【2:診療所】【診療科目:小児科】茨城県土浦市中高津３－２－９" }, "geometry": { "type": "Point", "coordinates": [ 140.186667, 36.063056 ] } },
{ "type": "Feature", "properties": { "ID": 82208590752, "正式名称": "結束耳鼻咽喉科・皮膚科医院", "機関区分": 2, "都道府県コード": 8, "市区町村コード": 203, "所在地": "茨城県土浦市大町７−１９", "緯度": 36.080245, "経度": 140.195243, "url": "https://www.iryou.teikyouseido.mhlw.go.jp/znk-web/juminkanja/S2430/initialize?prefCd=08&kikanCd=208590752&kikanKbn=2", "url2": null, "内容": "結束耳鼻咽喉科・皮膚科医院【2:診療所】【診療科目:耳鼻いんこう科_皮膚科_美容皮膚科】茨城県土浦市大町７−１９" }, "geometry": { "type": "Point", "coordinates": [ 140.195243, 36.080245 ] } },
{ "type": "Feature", "properties": { "ID": 82208590808, "正式名称": "烏山診療所", "機関区分": 2, "都道府県コード": 8, "市区町村コード": 203, "所在地": "茨城県土浦市烏山二丁目５３０－３８６", "緯度": 36.049696, "経度": 140.203289, "url": "https://www.iryou.teikyouseido.mhlw.go.jp/znk-web/juminkanja/S2430/initialize?prefCd=08&kikanCd=208590808&kikanKbn=2", "url2": "https://www.karasuyamaclinic.com", "内容": "烏山診療所【2:診療所】【診療科目:内科_呼吸器内科_循環器内科_耳鼻いんこう科】茨城県土浦市烏山二丁目５３０－３８６" }, "geometry": { "type": "Point", "coordinates": [ 140.203289, 36.049696 ] } },
{ "type": "Feature", "properties": { "ID": 82208590811, "正式名称": "額賀医院", "機関区分": 2, "都道府県コード": 8, "市区町村コード": 203, "所在地": "茨城県土浦市富士崎１ー７ー２５", "緯度": 36.07, "経度": 140.204167, "url": "https://www.iryou.teikyouseido.mhlw.go.jp/znk-web/juminkanja/S2430/initialize?prefCd=08&kikanCd=208590811&kikanKbn=2", "url2": null, "内容": "額賀医院【2:診療所】【診療科目:内科_循環器内科_整形外科】茨城県土浦市富士崎１ー７ー２５" }, "geometry": { "type": "Point", "coordinates": [ 140.204167, 36.07 ] } },
{ "type": "Feature", "properties": { "ID": 82208590879, "正式名称": "一般財団法人競馬共助会　みほクリニック", "機関区分": 2, "都道府県コード": 8, "市区町村コード": 442, "所在地": "茨城県稲敷郡美浦村美駒２５００－２", "緯度": 35.981111, "経度": 140.311111, "url": "https://www.iryou.teikyouseido.mhlw.go.jp/znk-web/juminkanja/S2430/initialize?prefCd=08&kikanCd=208590879&kikanKbn=2", "url2": "https://www.miho-clinic.com/", "内容": "一般財団法人競馬共助会　みほクリニック【2:診療所】【診療科目:内科_整形外科_心療内科_歯科】茨城県稲敷郡美浦村美駒２５００－２" }, "geometry": { "type": "Point", "coordinates": [ 140.311111, 35.981111 ] } },
{ "type": "Feature", "properties": { "ID": 82208591049, "正式名称": "医療法人新治診療所", "機関区分": 2, "都道府県コード": 8, "市区町村コード": 203, "所在地": "茨城県土浦市下坂田２０１３－１", "緯度": 36.111667, "経度": 140.181667, "url": "https://www.iryou.teikyouseido.mhlw.go.jp/znk-web/juminkanja/S2430/initialize?prefCd=08&kikanCd=208591049&kikanKbn=2", "url2": "http://nttbj.itp.ne.jp/0298624668/index.html", "内容": "医療法人新治診療所【2:診療所】【診療科目:内科_消化器内科_神経内科_小児科】茨城県土浦市下坂田２０１３－１" }, "geometry": { "type": "Point", "coordinates": [ 140.181667, 36.111667 ] } },
{ "type": "Feature", "properties": { "ID": 82208591081, "正式名称": "鳥井耳鼻咽喉科医院", "機関区分": 2, "都道府県コード": 8, "市区町村コード": 203, "所在地": "茨城県土浦市富士崎１－１１－１３", "緯度": 36.071798, "経度": 140.198928, "url": "https://www.iryou.teikyouseido.mhlw.go.jp/znk-web/juminkanja/S2430/initialize?prefCd=08&kikanCd=208591081&kikanKbn=2", "url2": null, "内容": "鳥井耳鼻咽喉科医院【2:診療所】【診療科目:耳鼻いんこう科】茨城県土浦市富士崎１－１１－１３" }, "geometry": { "type": "Point", "coordinates": [ 140.198928, 36.071798 ] } },
{ "type": "Feature", "properties": { "ID": 82208591094, "正式名称": "医療法人社団浩栄会　荒川沖診療所", "機関区分": 2, "都道府県コード": 8, "市区町村コード": 203, "所在地": "茨城県土浦市荒川沖南区１０１番地", "緯度": 36.0175, "経度": 140.150556, "url": "https://www.iryou.teikyouseido.mhlw.go.jp/znk-web/juminkanja/S2430/initialize?prefCd=08&kikanCd=208591094&kikanKbn=2", "url2": "https://arakawaokishinryoujyo.jp/", "内容": "医療法人社団浩栄会　荒川沖診療所【2:診療所】【診療科目:内科_小児科】茨城県土浦市荒川沖南区１０１番地" }, "geometry": { "type": "Point", "coordinates": [ 140.150556, 36.0175 ] } },
{ "type": "Feature", "properties": { "ID": 82208591254, "正式名称": "医療法人松本内科医院", "機関区分": 2, "都道府県コード": 8, "市区町村コード": 203, "所在地": "茨城県土浦市中村東３－１－２０", "緯度": 36.038889, "経度": 140.175, "url": "https://www.iryou.teikyouseido.mhlw.go.jp/znk-web/juminkanja/S2430/initialize?prefCd=08&kikanCd=208591254&kikanKbn=2", "url2": "https://matsumotonaika2024.jp/", "内容": "医療法人松本内科医院【2:診療所】【診療科目:内科_糖尿病・内分泌内科_呼吸器内科_循環器内科_腎臓内科_小児科】茨城県土浦市中村東３－１－２０" }, "geometry": { "type": "Point", "coordinates": [ 140.175, 36.038889 ] } },
{ "type": "Feature", "properties": { "ID": 82208591296, "正式名称": "小林医院", "機関区分": 2, "都道府県コード": 8, "市区町村コード": 203, "所在地": "茨城県土浦市神立中央三丁目１０番地１号", "緯度": 36.068611, "経度": 140.199167, "url": "https://www.iryou.teikyouseido.mhlw.go.jp/znk-web/juminkanja/S2430/initialize?prefCd=08&kikanCd=208591296&kikanKbn=2", "url2": null, "内容": "小林医院【2:診療所】【診療科目:内科_糖尿病内科】茨城県土浦市神立中央三丁目１０番地１号" }, "geometry": { "type": "Point", "coordinates": [ 140.199167, 36.068611 ] } },
{ "type": "Feature", "properties": { "ID": 82208591313, "正式名称": "山中内科クリニック", "機関区分": 2, "都道府県コード": 8, "市区町村コード": 203, "所在地": "茨城県土浦市中村南５－３０－３９", "緯度": 36.041932, "経度": 140.157963, "url": "https://www.iryou.teikyouseido.mhlw.go.jp/znk-web/juminkanja/S2430/initialize?prefCd=08&kikanCd=208591313&kikanKbn=2", "url2": null, "内容": "山中内科クリニック【2:診療所】【診療科目:内科_ペインクリニック内科_小児科】茨城県土浦市中村南５－３０－３９" }, "geometry": { "type": "Point", "coordinates": [ 140.157963, 36.041932 ] } },
{ "type": "Feature", "properties": { "ID": 82208591342, "正式名称": "石川クリニック", "機関区分": 2, "都道府県コード": 8, "市区町村コード": 203, "所在地": "茨城県土浦市大町１２－３", "緯度": 36.081557, "経度": 140.193662, "url": "https://www.iryou.teikyouseido.mhlw.go.jp/znk-web/juminkanja/S2430/initialize?prefCd=08&kikanCd=208591342&kikanKbn=2", "url2": "https://k-ishi.com", "内容": "石川クリニック【2:診療所】【診療科目:産婦人科】茨城県土浦市大町１２－３" }, "geometry": { "type": "Point", "coordinates": [ 140.193662, 36.081557 ] } },
{ "type": "Feature", "properties": { "ID": 82208591397, "正式名称": "来栖医院", "機関区分": 2, "都道府県コード": 8, "市区町村コード": 203, "所在地": "茨城県土浦市藤沢１１７８－２", "緯度": 36.128298, "経度": 140.155839, "url": "https://www.iryou.teikyouseido.mhlw.go.jp/znk-web/juminkanja/S2430/initialize?prefCd=08&kikanCd=208591397&kikanKbn=2", "url2": null, "内容": "来栖医院【2:診療所】【診療科目:内科_呼吸器内科_循環器内科_消化器内科】茨城県土浦市藤沢１１７８－２" }, "geometry": { "type": "Point", "coordinates": [ 140.155839, 36.128298 ] } },
{ "type": "Feature", "properties": { "ID": 82208591401, "正式名称": "つくば・土浦鶴町皮膚科クリニック", "機関区分": 2, "都道府県コード": 8, "市区町村コード": 203, "所在地": "茨城県土浦市荒川沖西１－１７－４", "緯度": 36.034314, "経度": 140.162493, "url": "https://www.iryou.teikyouseido.mhlw.go.jp/znk-web/juminkanja/S2430/initialize?prefCd=08&kikanCd=208591401&kikanKbn=2", "url2": "https://www.tsurumachi.jp/", "内容": "つくば・土浦鶴町皮膚科クリニック【2:診療所】【診療科目:小児皮膚科_皮膚科_美容皮膚科】茨城県土浦市荒川沖西１－１７－４" }, "geometry": { "type": "Point", "coordinates": [ 140.162493, 36.034314 ] } },
{ "type": "Feature", "properties": { "ID": 82208591430, "正式名称": "医療法人社団叶多内科医院", "機関区分": 2, "都道府県コード": 8, "市区町村コード": 203, "所在地": "茨城県土浦市桜ケ丘町２８－４１", "緯度": 36.061111, "経度": 140.193611, "url": "https://www.iryou.teikyouseido.mhlw.go.jp/znk-web/juminkanja/S2430/initialize?prefCd=08&kikanCd=208591430&kikanKbn=2", "url2": null, "内容": "医療法人社団叶多内科医院【2:診療所】【診療科目:内科_消化器内科】茨城県土浦市桜ケ丘町２８－４１" }, "geometry": { "type": "Point", "coordinates": [ 140.193611, 36.061111 ] } },
{ "type": "Feature", "properties": { "ID": 82208591456, "正式名称": "土浦協同病院附属真鍋診療所", "機関区分": 2, "都道府県コード": 8, "市区町村コード": 203, "所在地": "茨城県土浦市真鍋新町２－１７", "緯度": 36.088437, "経度": 140.210757, "url": "https://www.iryou.teikyouseido.mhlw.go.jp/znk-web/juminkanja/S2430/initialize?prefCd=08&kikanCd=208591456&kikanKbn=2", "url2": null, "内容": "土浦協同病院附属真鍋診療所【2:診療所】【診療科目:内科_外科_乳腺外科_小児科】茨城県土浦市真鍋新町２－１７" }, "geometry": { "type": "Point", "coordinates": [ 140.210757, 36.088437 ] } },
{ "type": "Feature", "properties": { "ID": 82208591515, "正式名称": "伊野整形外科医院", "機関区分": 2, "都道府県コード": 8, "市区町村コード": 203, "所在地": "茨城県土浦市真鍋６－１－３２", "緯度": 36.1006646, "経度": 140.2024208, "url": "https://www.iryou.teikyouseido.mhlw.go.jp/znk-web/juminkanja/S2430/initialize?prefCd=08&kikanCd=208591515&kikanKbn=2", "url2": null, "内容": "伊野整形外科医院【2:診療所】【診療科目:整形外科_リウマチ科_リハビリテーション科】茨城県土浦市真鍋６－１－３２" }, "geometry": { "type": "Point", "coordinates": [ 140.2024208, 36.1006646 ] } },
{ "type": "Feature", "properties": { "ID": 82208591560, "正式名称": "石井内科クリニック", "機関区分": 2, "都道府県コード": 8, "市区町村コード": 203, "所在地": "茨城県土浦市右籾２６２６－６６", "緯度": 36.0425, "経度": 140.192778, "url": "https://www.iryou.teikyouseido.mhlw.go.jp/znk-web/juminkanja/S2430/initialize?prefCd=08&kikanCd=208591560&kikanKbn=2", "url2": null, "内容": "石井内科クリニック【2:診療所】【診療科目:内科_循環器内科_小児科】茨城県土浦市右籾２６２６－６６" }, "geometry": { "type": "Point", "coordinates": [ 140.192778, 36.0425 ] } },
{ "type": "Feature", "properties": { "ID": 82208591599, "正式名称": "萩原クリニック", "機関区分": 2, "都道府県コード": 8, "市区町村コード": 203, "所在地": "茨城県土浦市神立中央５丁目２４番２５号", "緯度": 36.117222, "経度": 140.229167, "url": "https://www.iryou.teikyouseido.mhlw.go.jp/znk-web/juminkanja/S2430/initialize?prefCd=08&kikanCd=208591599&kikanKbn=2", "url2": null, "内容": "萩原クリニック【2:診療所】【診療科目:内科_小児科_泌尿器科】茨城県土浦市神立中央５丁目２４番２５号" }, "geometry": { "type": "Point", "coordinates": [ 140.229167, 36.117222 ] } },
{ "type": "Feature", "properties": { "ID": 82208591616, "正式名称": "医療法人社団関城会　淀縄医院", "機関区分": 2, "都道府県コード": 8, "市区町村コード": 203, "所在地": "茨城県土浦市大町１１－３４", "緯度": 36.068611, "経度": 140.199167, "url": "https://www.iryou.teikyouseido.mhlw.go.jp/znk-web/juminkanja/S2430/initialize?prefCd=08&kikanCd=208591616&kikanKbn=2", "url2": "http://yodonawa-hospital.com", "内容": "医療法人社団関城会　淀縄医院【2:診療所】【診療科目:内科_呼吸器内科_消化器内科_外科_脳神経外科_肛門外科】茨城県土浦市大町１１－３４" }, "geometry": { "type": "Point", "coordinates": [ 140.199167, 36.068611 ] } },
{ "type": "Feature", "properties": { "ID": 82208591629, "正式名称": "木戸医院", "機関区分": 2, "都道府県コード": 8, "市区町村コード": 203, "所在地": "茨城県土浦市乙戸南３丁目８ー１２", "緯度": 36.030556, "経度": 140.147778, "url": "https://www.iryou.teikyouseido.mhlw.go.jp/znk-web/juminkanja/S2430/initialize?prefCd=08&kikanCd=208591629&kikanKbn=2", "url2": null, "内容": "木戸医院【2:診療所】【診療科目:内科_消化器内科_外科】茨城県土浦市乙戸南３丁目８ー１２" }, "geometry": { "type": "Point", "coordinates": [ 140.147778, 36.030556 ] } },
{ "type": "Feature", "properties": { "ID": 82208591717, "正式名称": "岩本クリニック", "機関区分": 2, "都道府県コード": 8, "市区町村コード": 203, "所在地": "茨城県土浦市上高津４７３", "緯度": 36.074444, "経度": 140.179167, "url": "https://www.iryou.teikyouseido.mhlw.go.jp/znk-web/juminkanja/S2430/initialize?prefCd=08&kikanCd=208591717&kikanKbn=2", "url2": "http://www.iwamoto-clinic.com", "内容": "岩本クリニック【2:診療所】【診療科目:内科_腎臓内科_人工透析内科】茨城県土浦市上高津４７３" }, "geometry": { "type": "Point", "coordinates": [ 140.179167, 36.074444 ] } },
{ "type": "Feature", "properties": { "ID": 82208591746, "正式名称": "医療法人社団桂寿会あくつ整形外科・内科", "機関区分": 2, "都道府県コード": 8, "市区町村コード": 203, "所在地": "茨城県土浦市中荒川沖町２５－６", "緯度": 36.033588, "経度": 140.167168, "url": "https://www.iryou.teikyouseido.mhlw.go.jp/znk-web/juminkanja/S2430/initialize?prefCd=08&kikanCd=208591746&kikanKbn=2", "url2": null, "内容": "医療法人社団桂寿会あくつ整形外科・内科【2:診療所】【診療科目:内科_整形外科_リハビリテーション科_放射線科】茨城県土浦市中荒川沖町２５－６" }, "geometry": { "type": "Point", "coordinates": [ 140.167168, 36.033588 ] } },
{ "type": "Feature", "properties": { "ID": 82208591759, "正式名称": "土浦市休日緊急診療所", "機関区分": 2, "都道府県コード": 8, "市区町村コード": 203, "所在地": "茨城県土浦市下高津２－７－２７", "緯度": 36.067778, "経度": 140.195, "url": "https://www.iryou.teikyouseido.mhlw.go.jp/znk-web/juminkanja/S2430/initialize?prefCd=08&kikanCd=208591759&kikanKbn=2", "url2": "http://www.city.tsuchiura.lg.jp/index.php?code=124", "内容": "土浦市休日緊急診療所【2:診療所】【診療科目:内科_小児科】茨城県土浦市下高津２－７－２７" }, "geometry": { "type": "Point", "coordinates": [ 140.195, 36.067778 ] } },
{ "type": "Feature", "properties": { "ID": 82208591850, "正式名称": "医療法人秀栄会　滝沢医院", "機関区分": 2, "都道府県コード": 8, "市区町村コード": 443, "所在地": "茨城県稲敷郡阿見町中郷", "緯度": 36.0275, "経度": 140.218056, "url": "https://www.iryou.teikyouseido.mhlw.go.jp/znk-web/juminkanja/S2430/initialize?prefCd=08&kikanCd=208591850&kikanKbn=2", "url2": null, "内容": "医療法人秀栄会　滝沢医院【2:診療所】【診療科目:内科】茨城県稲敷郡阿見町中郷" }, "geometry": { "type": "Point", "coordinates": [ 140.218056, 36.0275 ] } },
{ "type": "Feature", "properties": { "ID": 82208591863, "正式名称": "医療法人社団真怜会石岡皮膚科内科クリニック", "機関区分": 2, "都道府県コード": 8, "市区町村コード": 205, "所在地": "茨城県石岡市国府２丁目４ー９", "緯度": 36.185556, "経度": 140.280278, "url": "https://www.iryou.teikyouseido.mhlw.go.jp/znk-web/juminkanja/S2430/initialize?prefCd=08&kikanCd=208591863&kikanKbn=2", "url2": null, "内容": "医療法人社団真怜会石岡皮膚科内科クリニック【2:診療所】【診療科目:内科_皮膚科_美容皮膚科】茨城県石岡市国府２丁目４ー９" }, "geometry": { "type": "Point", "coordinates": [ 140.280278, 36.185556 ] } },
{ "type": "Feature", "properties": { "ID": 82208591906, "正式名称": "医療法人　常陽守仁会　常陽医院", "機関区分": 2, "都道府県コード": 8, "市区町村コード": 203, "所在地": "茨城県土浦市城北町１４－４", "緯度": 36.084167, "経度": 140.205278, "url": "https://www.iryou.teikyouseido.mhlw.go.jp/znk-web/juminkanja/S2430/initialize?prefCd=08&kikanCd=208591906&kikanKbn=2", "url2": "http://www.joyo-clinic.com", "内容": "医療法人　常陽守仁会　常陽医院【2:診療所】【診療科目:内科_脳神経内科】茨城県土浦市城北町１４－４" }, "geometry": { "type": "Point", "coordinates": [ 140.205278, 36.084167 ] } },
{ "type": "Feature", "properties": { "ID": 82208591919, "正式名称": "医療法人社団光栄会　田谷医院", "機関区分": 2, "都道府県コード": 8, "市区町村コード": 203, "所在地": "茨城県土浦市生田町３－２７", "緯度": 36.08237, "経度": 140.189019, "url": "https://www.iryou.teikyouseido.mhlw.go.jp/znk-web/juminkanja/S2430/initialize?prefCd=08&kikanCd=208591919&kikanKbn=2", "url2": null, "内容": "医療法人社団光栄会　田谷医院【2:診療所】【診療科目:内科_小児科_精神科】茨城県土浦市生田町３－２７" }, "geometry": { "type": "Point", "coordinates": [ 140.189019, 36.08237 ] } },
{ "type": "Feature", "properties": { "ID": 82208591922, "正式名称": "かたやま耳鼻咽喉科", "機関区分": 2, "都道府県コード": 8, "市区町村コード": 443, "所在地": "茨城県稲敷郡阿見町阿見２６７０－１", "緯度": 36.0375, "経度": 140.208056, "url": "https://www.iryou.teikyouseido.mhlw.go.jp/znk-web/juminkanja/S2430/initialize?prefCd=08&kikanCd=208591922&kikanKbn=2", "url2": "www.katayamajibika.com", "内容": "かたやま耳鼻咽喉科【2:診療所】【診療科目:耳鼻いんこう科_気管食道・耳鼻いんこう科_アレルギー科】茨城県稲敷郡阿見町阿見２６７０－１" }, "geometry": { "type": "Point", "coordinates": [ 140.208056, 36.0375 ] } },
{ "type": "Feature", "properties": { "ID": 82208591964, "正式名称": "しんクリニック", "機関区分": 2, "都道府県コード": 8, "市区町村コード": 443, "所在地": "茨城県稲敷郡阿見町中郷２－３－５", "緯度": 36.040371, "経度": 140.21626, "url": "https://www.iryou.teikyouseido.mhlw.go.jp/znk-web/juminkanja/S2430/initialize?prefCd=08&kikanCd=208591964&kikanKbn=2", "url2": "https://shin-clinic.org/", "内容": "しんクリニック【2:診療所】【診療科目:内科_精神科_心療内科_老年精神科_老年心療内科】茨城県稲敷郡阿見町中郷２－３－５" }, "geometry": { "type": "Point", "coordinates": [ 140.21626, 36.040371 ] } },
{ "type": "Feature", "properties": { "ID": 82208592017, "正式名称": "荒川沖クリニック", "機関区分": 2, "都道府県コード": 8, "市区町村コード": 203, "所在地": "茨城県土浦市北荒川沖町８－３０", "緯度": 36.037196, "経度": 140.167791, "url": "https://www.iryou.teikyouseido.mhlw.go.jp/znk-web/juminkanja/S2430/initialize?prefCd=08&kikanCd=208592017&kikanKbn=2", "url2": null, "内容": "荒川沖クリニック【2:診療所】【診療科目:内科】茨城県土浦市北荒川沖町８－３０" }, "geometry": { "type": "Point", "coordinates": [ 140.167791, 36.037196 ] } },
{ "type": "Feature", "properties": { "ID": 82208592062, "正式名称": "川島医院", "機関区分": 2, "都道府県コード": 8, "市区町村コード": 230, "所在地": "茨城県かすみがうら市深谷３６５６－１", "緯度": 36.085278, "経度": 140.314722, "url": "https://www.iryou.teikyouseido.mhlw.go.jp/znk-web/juminkanja/S2430/initialize?prefCd=08&kikanCd=208592062&kikanKbn=2", "url2": null, "内容": "川島医院【2:診療所】【診療科目:内科_小児科_放射線科】茨城県かすみがうら市深谷３６５６－１" }, "geometry": { "type": "Point", "coordinates": [ 140.314722, 36.085278 ] } },
{ "type": "Feature", "properties": { "ID": 82208592075, "正式名称": "グリーンクリニック", "機関区分": 2, "都道府県コード": 8, "市区町村コード": 205, "所在地": "茨城県石岡市柿岡高山１５４７－７", "緯度": 36.244722, "経度": 140.1825, "url": "https://www.iryou.teikyouseido.mhlw.go.jp/znk-web/juminkanja/S2430/initialize?prefCd=08&kikanCd=208592075&kikanKbn=2", "url2": "http://www.greenclinic.org", "内容": "グリーンクリニック【2:診療所】【診療科目:内科_脳神経内科】茨城県石岡市柿岡高山１５４７－７" }, "geometry": { "type": "Point", "coordinates": [ 140.1825, 36.244722 ] } },
{ "type": "Feature", "properties": { "ID": 82208592088, "正式名称": "塚田整形外科", "機関区分": 2, "都道府県コード": 8, "市区町村コード": 203, "所在地": "茨城県土浦市桜町３－９－２０", "緯度": 36.080451, "経度": 140.200466, "url": "https://www.iryou.teikyouseido.mhlw.go.jp/znk-web/juminkanja/S2430/initialize?prefCd=08&kikanCd=208592088&kikanKbn=2", "url2": "http://www.tsukada-seikei.com/", "内容": "塚田整形外科【2:診療所】【診療科目:内科_整形外科_リウマチ科_リハビリテーション科】茨城県土浦市桜町３－９－２０" }, "geometry": { "type": "Point", "coordinates": [ 140.200466, 36.080451 ] } },
{ "type": "Feature", "properties": { "ID": 82208592105, "正式名称": "三輪眼科", "機関区分": 2, "都道府県コード": 8, "市区町村コード": 230, "所在地": "茨城県かすみがうら市稲吉５－１９－１０", "緯度": 36.129167, "経度": 140.2475, "url": "https://www.iryou.teikyouseido.mhlw.go.jp/znk-web/juminkanja/S2430/initialize?prefCd=08&kikanCd=208592105&kikanKbn=2", "url2": "http://www.miwaganka.com", "内容": "三輪眼科【2:診療所】【診療科目:眼科】茨城県かすみがうら市稲吉５－１９－１０" }, "geometry": { "type": "Point", "coordinates": [ 140.2475, 36.129167 ] } },
{ "type": "Feature", "properties": { "ID": 82208592118, "正式名称": "滝田内科歯科クリニック", "機関区分": 2, "都道府県コード": 8, "市区町村コード": 205, "所在地": "茨城県石岡市柿岡１９７４", "緯度": 36.238333, "経度": 140.194444, "url": "https://www.iryou.teikyouseido.mhlw.go.jp/znk-web/juminkanja/S2430/initialize?prefCd=08&kikanCd=208592118&kikanKbn=2", "url2": null, "内容": "滝田内科歯科クリニック【2:診療所】【診療科目:歯科_矯正歯科_小児歯科】茨城県石岡市柿岡１９７４" }, "geometry": { "type": "Point", "coordinates": [ 140.194444, 36.238333 ] } },
{ "type": "Feature", "properties": { "ID": 82208592147, "正式名称": "助川眼科クリニック", "機関区分": 2, "都道府県コード": 8, "市区町村コード": 203, "所在地": "茨城県土浦市大和町９－２ー３０５", "緯度": 36.074722, "経度": 140.206667, "url": "https://www.iryou.teikyouseido.mhlw.go.jp/znk-web/juminkanja/S2430/initialize?prefCd=08&kikanCd=208592147&kikanKbn=2", "url2": null, "内容": "助川眼科クリニック【2:診療所】【診療科目:眼科_麻酔科】茨城県土浦市大和町９－２ー３０５" }, "geometry": { "type": "Point", "coordinates": [ 140.206667, 36.074722 ] } },
{ "type": "Feature", "properties": { "ID": 82208592150, "正式名称": "染谷小児科", "機関区分": 2, "都道府県コード": 8, "市区町村コード": 203, "所在地": "茨城県土浦市大和町９－２ウララ２－３０６", "緯度": 36.074722, "経度": 140.206667, "url": "https://www.iryou.teikyouseido.mhlw.go.jp/znk-web/juminkanja/S2430/initialize?prefCd=08&kikanCd=208592150&kikanKbn=2", "url2": null, "内容": "染谷小児科【2:診療所】【診療科目:内科_小児科_アレルギー科】茨城県土浦市大和町９－２ウララ２－３０６" }, "geometry": { "type": "Point", "coordinates": [ 140.206667, 36.074722 ] } },
{ "type": "Feature", "properties": { "ID": 82208592176, "正式名称": "土浦皮膚科医院", "機関区分": 2, "都道府県コード": 8, "市区町村コード": 203, "所在地": "茨城県土浦市大和町９－２ウララ２－３０２", "緯度": 36.074722, "経度": 140.206667, "url": "https://www.iryou.teikyouseido.mhlw.go.jp/znk-web/juminkanja/S2430/initialize?prefCd=08&kikanCd=208592176&kikanKbn=2", "url2": null, "内容": "土浦皮膚科医院【2:診療所】【診療科目:小児皮膚科_皮膚科】茨城県土浦市大和町９－２ウララ２－３０２" }, "geometry": { "type": "Point", "coordinates": [ 140.206667, 36.074722 ] } },
{ "type": "Feature", "properties": { "ID": 82208592192, "正式名称": "土浦メンタルクリニック", "機関区分": 2, "都道府県コード": 8, "市区町村コード": 203, "所在地": "茨城県土浦市大和町９－２ウララ２　３階", "緯度": 36.074722, "経度": 140.206667, "url": "https://www.iryou.teikyouseido.mhlw.go.jp/znk-web/juminkanja/S2430/initialize?prefCd=08&kikanCd=208592192&kikanKbn=2", "url2": "http://www.bungosou.or.jp/clin/clinic.htm", "内容": "土浦メンタルクリニック【2:診療所】【診療科目:精神科】茨城県土浦市大和町９－２ウララ２　３階" }, "geometry": { "type": "Point", "coordinates": [ 140.206667, 36.074722 ] } },
{ "type": "Feature", "properties": { "ID": 82208592206, "正式名称": "久松皮膚科医院", "機関区分": 2, "都道府県コード": 8, "市区町村コード": 230, "所在地": "茨城県かすみがうら市上稲吉１７５６－２", "緯度": 36.124167, "経度": 140.214722, "url": "https://www.iryou.teikyouseido.mhlw.go.jp/znk-web/juminkanja/S2430/initialize?prefCd=08&kikanCd=208592206&kikanKbn=2", "url2": null, "内容": "久松皮膚科医院【2:診療所】【診療科目:皮膚科】茨城県かすみがうら市上稲吉１７５６－２" }, "geometry": { "type": "Point", "coordinates": [ 140.214722, 36.124167 ] } },
{ "type": "Feature", "properties": { "ID": 82208592248, "正式名称": "耳鼻咽喉科よしだクリニック", "機関区分": 2, "都道府県コード": 8, "市区町村コード": 203, "所在地": "茨城県土浦市荒川沖４２０－１", "緯度": 36.027778, "経度": 140.163889, "url": "https://www.iryou.teikyouseido.mhlw.go.jp/znk-web/juminkanja/S2430/initialize?prefCd=08&kikanCd=208592248&kikanKbn=2", "url2": "http://www.jibika-yoshidaclinic.com/", "内容": "耳鼻咽喉科よしだクリニック【2:診療所】【診療科目:耳鼻いんこう科】茨城県土浦市荒川沖４２０－１" }, "geometry": { "type": "Point", "coordinates": [ 140.163889, 36.027778 ] } },
{ "type": "Feature", "properties": { "ID": 82208592251, "正式名称": "きし整形外科・内科", "機関区分": 2, "都道府県コード": 8, "市区町村コード": 203, "所在地": "茨城県土浦市大和町９ー２　ウララ２　３Ｆ", "緯度": 36.075, "経度": 140.207222, "url": "https://www.iryou.teikyouseido.mhlw.go.jp/znk-web/juminkanja/S2430/initialize?prefCd=08&kikanCd=208592251&kikanKbn=2", "url2": "http://www.kishi.or.jp/", "内容": "きし整形外科・内科【2:診療所】【診療科目:内科_整形外科_形成外科_麻酔科】茨城県土浦市大和町９ー２　ウララ２　３Ｆ" }, "geometry": { "type": "Point", "coordinates": [ 140.207222, 36.075 ] } },
{ "type": "Feature", "properties": { "ID": 82208592280, "正式名称": "ごとう内科", "機関区分": 2, "都道府県コード": 8, "市区町村コード": 205, "所在地": "茨城県石岡市石岡１－１４－１", "緯度": 36.185556, "経度": 140.286944, "url": "https://www.iryou.teikyouseido.mhlw.go.jp/znk-web/juminkanja/S2430/initialize?prefCd=08&kikanCd=208592280&kikanKbn=2", "url2": "https://sites.google.com/view/goto-naika", "内容": "ごとう内科【2:診療所】【診療科目:内科_小児科】茨城県石岡市石岡１－１４－１" }, "geometry": { "type": "Point", "coordinates": [ 140.286944, 36.185556 ] } },
{ "type": "Feature", "properties": { "ID": 82208592293, "正式名称": "つちうら東口クリニック", "機関区分": 2, "都道府県コード": 8, "市区町村コード": 203, "所在地": "茨城県土浦市有明町２－３１関鉄土浦ビル４階", "緯度": 36.074722, "経度": 140.210278, "url": "https://www.iryou.teikyouseido.mhlw.go.jp/znk-web/juminkanja/S2430/initialize?prefCd=08&kikanCd=208592293&kikanKbn=2", "url2": "https://www.tsuchiura-east-clinic.jp/", "内容": "つちうら東口クリニック【2:診療所】【診療科目:神経内科_漢方内科_小児科_アレルギー科】茨城県土浦市有明町２－３１関鉄土浦ビル４階" }, "geometry": { "type": "Point", "coordinates": [ 140.210278, 36.074722 ] } },
{ "type": "Feature", "properties": { "ID": 82208592310, "正式名称": "医療法人柏仁会　柏木医院", "機関区分": 2, "都道府県コード": 8, "市区町村コード": 205, "所在地": "茨城県石岡市石岡２１５８ー３", "緯度": 36.193333, "経度": 140.284722, "url": "https://www.iryou.teikyouseido.mhlw.go.jp/znk-web/juminkanja/S2430/initialize?prefCd=08&kikanCd=208592310&kikanKbn=2", "url2": "http://kashiwagicli.com/", "内容": "医療法人柏仁会　柏木医院【2:診療所】【診療科目:内科_神経内科_小児科_皮膚科】茨城県石岡市石岡２１５８ー３" }, "geometry": { "type": "Point", "coordinates": [ 140.284722, 36.193333 ] } },
{ "type": "Feature", "properties": { "ID": 82208592336, "正式名称": "土浦中央クリニック", "機関区分": 2, "都道府県コード": 8, "市区町村コード": 203, "所在地": "茨城県土浦市城北町６－１８", "緯度": 36.082222, "経度": 140.206667, "url": "https://www.iryou.teikyouseido.mhlw.go.jp/znk-web/juminkanja/S2430/initialize?prefCd=08&kikanCd=208592336&kikanKbn=2", "url2": null, "内容": "土浦中央クリニック【2:診療所】【診療科目:内科_外科_脳神経外科】茨城県土浦市城北町６－１８" }, "geometry": { "type": "Point", "coordinates": [ 140.206667, 36.082222 ] } },
{ "type": "Feature", "properties": { "ID": 82208592394, "正式名称": "吉田小児科医院", "機関区分": 2, "都道府県コード": 8, "市区町村コード": 205, "所在地": "茨城県石岡市旭台２－３－３", "緯度": 36.187222, "経度": 140.302778, "url": "https://www.iryou.teikyouseido.mhlw.go.jp/znk-web/juminkanja/S2430/initialize?prefCd=08&kikanCd=208592394&kikanKbn=2", "url2": null, "内容": "吉田小児科医院【2:診療所】【診療科目:小児科】茨城県石岡市旭台２－３－３" }, "geometry": { "type": "Point", "coordinates": [ 140.302778, 36.187222 ] } },
{ "type": "Feature", "properties": { "ID": 82208592408, "正式名称": "医療法人康佑会さかえ医院", "機関区分": 2, "都道府県コード": 8, "市区町村コード": 443, "所在地": "茨城県稲敷郡阿見町中央４－８－２４", "緯度": 36.028889, "経度": 140.225556, "url": "https://www.iryou.teikyouseido.mhlw.go.jp/znk-web/juminkanja/S2430/initialize?prefCd=08&kikanCd=208592408&kikanKbn=2", "url2": null, "内容": "医療法人康佑会さかえ医院【2:診療所】【診療科目:内科_呼吸器内科_外科_小児科】茨城県稲敷郡阿見町中央４－８－２４" }, "geometry": { "type": "Point", "coordinates": [ 140.225556, 36.028889 ] } },
{ "type": "Feature", "properties": { "ID": 82208592440, "正式名称": "印南クリニック", "機関区分": 2, "都道府県コード": 8, "市区町村コード": 443, "所在地": "茨城県稲敷郡阿見町荒川本郷１３２９－１", "緯度": 36.020278, "経度": 140.171944, "url": "https://www.iryou.teikyouseido.mhlw.go.jp/znk-web/juminkanja/S2430/initialize?prefCd=08&kikanCd=208592440&kikanKbn=2", "url2": "http://www.innami-c.jp", "内容": "印南クリニック【2:診療所】【診療科目:内科_呼吸器内科_循環器内科_外科_小児科】茨城県稲敷郡阿見町荒川本郷１３２９－１" }, "geometry": { "type": "Point", "coordinates": [ 140.171944, 36.020278 ] } },
{ "type": "Feature", "properties": { "ID": 82208592479, "正式名称": "医療法人回生会藤井内科クリニック", "機関区分": 2, "都道府県コード": 8, "市区町村コード": 205, "所在地": "茨城県石岡市鹿の子２－１－３６", "緯度": 36.200556, "経度": 140.261944, "url": "https://www.iryou.teikyouseido.mhlw.go.jp/znk-web/juminkanja/S2430/initialize?prefCd=08&kikanCd=208592479&kikanKbn=2", "url2": null, "内容": "医療法人回生会藤井内科クリニック【2:診療所】【診療科目:内科_循環器内科_小児科】茨城県石岡市鹿の子２－１－３６" }, "geometry": { "type": "Point", "coordinates": [ 140.261944, 36.200556 ] } },
{ "type": "Feature", "properties": { "ID": 82208592495, "正式名称": "医療法人芹澤医院", "機関区分": 2, "都道府県コード": 8, "市区町村コード": 205, "所在地": "茨城県石岡市石岡３１６５番地１７", "緯度": 36.188333, "経度": 140.290833, "url": "https://www.iryou.teikyouseido.mhlw.go.jp/znk-web/juminkanja/S2430/initialize?prefCd=08&kikanCd=208592495&kikanKbn=2", "url2": "https://www.serizawaiin.com", "内容": "医療法人芹澤医院【2:診療所】【診療科目:内科_呼吸器内科_循環器内科_消化器内科_外科_大腸・肛門外科】茨城県石岡市石岡３１６５番地１７" }, "geometry": { "type": "Point", "coordinates": [ 140.290833, 36.188333 ] } },
{ "type": "Feature", "properties": { "ID": 82208592509, "正式名称": "関クリニック", "機関区分": 2, "都道府県コード": 8, "市区町村コード": 205, "所在地": "茨城県石岡市府中３－１－６", "緯度": 36.193829, "経度": 140.277063, "url": "https://www.iryou.teikyouseido.mhlw.go.jp/znk-web/juminkanja/S2430/initialize?prefCd=08&kikanCd=208592509&kikanKbn=2", "url2": null, "内容": "関クリニック【2:診療所】【診療科目:内科_外科_小児科_皮膚科_泌尿器科】茨城県石岡市府中３－１－６" }, "geometry": { "type": "Point", "coordinates": [ 140.277063, 36.193829 ] } },
{ "type": "Feature", "properties": { "ID": 82208592512, "正式名称": "医療法人社団暖風会よつばクリニック", "機関区分": 2, "都道府県コード": 8, "市区町村コード": 203, "所在地": "茨城県土浦市国分町７－６", "緯度": 36.063056, "経度": 140.191667, "url": "https://www.iryou.teikyouseido.mhlw.go.jp/znk-web/juminkanja/S2430/initialize?prefCd=08&kikanCd=208592512&kikanKbn=2", "url2": "https://yotsuba-clinic.jp/", "内容": "医療法人社団暖風会よつばクリニック【2:診療所】【診療科目:内科_循環器内科_泌尿器科】茨城県土浦市国分町７－６" }, "geometry": { "type": "Point", "coordinates": [ 140.191667, 36.063056 ] } },
{ "type": "Feature", "properties": { "ID": 82208592538, "正式名称": "府中クリニック", "機関区分": 2, "都道府県コード": 8, "市区町村コード": 205, "所在地": "茨城県石岡市府中５－１１－１", "緯度": 36.191667, "経度": 140.277778, "url": "https://www.iryou.teikyouseido.mhlw.go.jp/znk-web/juminkanja/S2430/initialize?prefCd=08&kikanCd=208592538&kikanKbn=2", "url2": null, "内容": "府中クリニック【2:診療所】【診療科目:内科_胃腸内科_外科_整形外科】茨城県石岡市府中５－１１－１" }, "geometry": { "type": "Point", "coordinates": [ 140.277778, 36.191667 ] } },
{ "type": "Feature", "properties": { "ID": 82208592541, "正式名称": "医療法人恵泉会　おおつき眼科", "機関区分": 2, "都道府県コード": 8, "市区町村コード": 443, "所在地": "茨城県稲敷郡阿見町本郷１－２－３", "緯度": 36.027235, "経度": 140.181204, "url": "https://www.iryou.teikyouseido.mhlw.go.jp/znk-web/juminkanja/S2430/initialize?prefCd=08&kikanCd=208592541&kikanKbn=2", "url2": "https://www.osawa-eye.com/", "内容": "医療法人恵泉会　おおつき眼科【2:診療所】【診療科目:眼科】茨城県稲敷郡阿見町本郷１－２－３" }, "geometry": { "type": "Point", "coordinates": [ 140.181204, 36.027235 ] } },
{ "type": "Feature", "properties": { "ID": 82208592554, "正式名称": "大津内科クリニック", "機関区分": 2, "都道府県コード": 8, "市区町村コード": 236, "所在地": "茨城県小美玉市田木谷", "緯度": 36.173333, "経度": 140.336944, "url": "https://www.iryou.teikyouseido.mhlw.go.jp/znk-web/juminkanja/S2430/initialize?prefCd=08&kikanCd=208592554&kikanKbn=2", "url2": null, "内容": "大津内科クリニック【2:診療所】【診療科目:内科_呼吸器内科】茨城県小美玉市田木谷" }, "geometry": { "type": "Point", "coordinates": [ 140.336944, 36.173333 ] } },
{ "type": "Feature", "properties": { "ID": 82208592567, "正式名称": "石渡眼科", "機関区分": 2, "都道府県コード": 8, "市区町村コード": 205, "所在地": "茨城県石岡市旭台１－１－１", "緯度": 36.19, "経度": 140.299167, "url": "https://www.iryou.teikyouseido.mhlw.go.jp/znk-web/juminkanja/S2430/initialize?prefCd=08&kikanCd=208592567&kikanKbn=2", "url2": null, "内容": "石渡眼科【2:診療所】【診療科目:眼科】茨城県石岡市旭台１－１－１" }, "geometry": { "type": "Point", "coordinates": [ 140.299167, 36.19 ] } },
{ "type": "Feature", "properties": { "ID": 82208592596, "正式名称": "やまぐち医院", "機関区分": 2, "都道府県コード": 8, "市区町村コード": 236, "所在地": "茨城県小美玉市栗又四ケ１７４７‐１０", "緯度": 36.17917, "経度": 140.31825, "url": "https://www.iryou.teikyouseido.mhlw.go.jp/znk-web/juminkanja/S2430/initialize?prefCd=08&kikanCd=208592596&kikanKbn=2", "url2": "https://www.yamaguchi-iin.info/", "内容": "やまぐち医院【2:診療所】【診療科目:内科_循環器内科_消化器内科_小児科】茨城県小美玉市栗又四ケ１７４７‐１０" }, "geometry": { "type": "Point", "coordinates": [ 140.31825, 36.17917 ] } },
{ "type": "Feature", "properties": { "ID": 82208592600, "正式名称": "杉並クリニック", "機関区分": 2, "都道府県コード": 8, "市区町村コード": 205, "所在地": "茨城県石岡市杉並２丁目２－１９", "緯度": 36.200833, "経度": 140.289722, "url": "https://www.iryou.teikyouseido.mhlw.go.jp/znk-web/juminkanja/S2430/initialize?prefCd=08&kikanCd=208592600&kikanKbn=2", "url2": "http://www.suginami-clinic.com/pc/", "内容": "杉並クリニック【2:診療所】【診療科目:内科_循環器内科_神経内科_脳神経外科】茨城県石岡市杉並２丁目２－１９" }, "geometry": { "type": "Point", "coordinates": [ 140.289722, 36.200833 ] } },
{ "type": "Feature", "properties": { "ID": 82208592626, "正式名称": "宮﨑クリニック", "機関区分": 2, "都道府県コード": 8, "市区町村コード": 203, "所在地": "茨城県土浦市藤沢９６４－２", "緯度": 36.130833, "経度": 140.160833, "url": "https://www.iryou.teikyouseido.mhlw.go.jp/znk-web/juminkanja/S2430/initialize?prefCd=08&kikanCd=208592626&kikanKbn=2", "url2": "https://www.miyazaki-cl-tsuchiura.com/", "内容": "宮﨑クリニック【2:診療所】【診療科目:内科_小児科】茨城県土浦市藤沢９６４－２" }, "geometry": { "type": "Point", "coordinates": [ 140.160833, 36.130833 ] } },
{ "type": "Feature", "properties": { "ID": 82208592642, "正式名称": "森脇整形外科", "機関区分": 2, "都道府県コード": 8, "市区町村コード": 443, "所在地": "茨城県稲敷郡阿見町荒川本郷", "緯度": 36.023889, "経度": 140.185, "url": "https://www.iryou.teikyouseido.mhlw.go.jp/znk-web/juminkanja/S2430/initialize?prefCd=08&kikanCd=208592642&kikanKbn=2", "url2": "http://nttbj.itp.ne.jp/ibaraki/amimachi/-/iryo-kaigo/iryo/seikeigeka/088512814148331080", "内容": "森脇整形外科【2:診療所】【診療科目:整形外科_リハビリテーション科】茨城県稲敷郡阿見町荒川本郷" }, "geometry": { "type": "Point", "coordinates": [ 140.185, 36.023889 ] } },
{ "type": "Feature", "properties": { "ID": 82208592668, "正式名称": "阿見第一クリニック", "機関区分": 2, "都道府県コード": 8, "市区町村コード": 443, "所在地": "茨城県稲敷郡阿見町中郷２丁目３０番地６", "緯度": 36.033333, "経度": 140.216111, "url": "https://www.iryou.teikyouseido.mhlw.go.jp/znk-web/juminkanja/S2430/initialize?prefCd=08&kikanCd=208592668&kikanKbn=2", "url2": "http://www.jinseikai.net", "内容": "阿見第一クリニック【2:診療所】【診療科目:内科_消化器内科_外科_脳神経外科_整形外科】茨城県稲敷郡阿見町中郷２丁目３０番地６" }, "geometry": { "type": "Point", "coordinates": [ 140.216111, 36.033333 ] } },
{ "type": "Feature", "properties": { "ID": 82208592714, "正式名称": "おおつ野こどもクリニック", "機関区分": 2, "都道府県コード": 8, "市区町村コード": 203, "所在地": "茨城県土浦市おおつ野８丁目２－１８", "緯度": 36.084722, "経度": 140.258056, "url": "https://www.iryou.teikyouseido.mhlw.go.jp/znk-web/juminkanja/S2430/initialize?prefCd=08&kikanCd=208592714&kikanKbn=2", "url2": "http://www.o-kids.net", "内容": "おおつ野こどもクリニック【2:診療所】【診療科目:内科_小児科】茨城県土浦市おおつ野８丁目２－１８" }, "geometry": { "type": "Point", "coordinates": [ 140.258056, 36.084722 ] } },
{ "type": "Feature", "properties": { "ID": 82208592743, "正式名称": "宮崎こどもクリニック", "機関区分": 2, "都道府県コード": 8, "市区町村コード": 443, "所在地": "茨城県稲敷郡阿見町岡崎１−２９−１１", "緯度": 36.035833, "経度": 140.227222, "url": "https://www.iryou.teikyouseido.mhlw.go.jp/znk-web/juminkanja/S2430/initialize?prefCd=08&kikanCd=208592743&kikanKbn=2", "url2": "http://www.miyazaki-kodomo.net/", "内容": "宮崎こどもクリニック【2:診療所】【診療科目:小児科】茨城県稲敷郡阿見町岡崎１−２９−１１" }, "geometry": { "type": "Point", "coordinates": [ 140.227222, 36.035833 ] } },
{ "type": "Feature", "properties": { "ID": 82208592772, "正式名称": "つくばメンタルクリニック", "機関区分": 2, "都道府県コード": 8, "市区町村コード": 203, "所在地": "茨城県土浦市港町１丁目７－１５", "緯度": 36.076667, "経度": 140.208333, "url": "https://www.iryou.teikyouseido.mhlw.go.jp/znk-web/juminkanja/S2430/initialize?prefCd=08&kikanCd=208592772&kikanKbn=2", "url2": "https://www.tsukubamentalclinic.com/", "内容": "つくばメンタルクリニック【2:診療所】【診療科目:内科_精神科_神経科_心療内科】茨城県土浦市港町１丁目７－１５" }, "geometry": { "type": "Point", "coordinates": [ 140.208333, 36.076667 ] } },
{ "type": "Feature", "properties": { "ID": 82208592785, "正式名称": "医療法人社団白浜会ひろたこどもクリニック", "機関区分": 2, "都道府県コード": 8, "市区町村コード": 203, "所在地": "茨城県土浦市文京町１１－３", "緯度": 36.085755, "経度": 140.194619, "url": "https://www.iryou.teikyouseido.mhlw.go.jp/znk-web/juminkanja/S2430/initialize?prefCd=08&kikanCd=208592785&kikanKbn=2", "url2": "https://hirotacc.com", "内容": "医療法人社団白浜会ひろたこどもクリニック【2:診療所】【診療科目:内科_小児科】茨城県土浦市文京町１１－３" }, "geometry": { "type": "Point", "coordinates": [ 140.194619, 36.085755 ] } },
{ "type": "Feature", "properties": { "ID": 82208592929, "正式名称": "医療法人社団明厚会大石内科クリニック", "機関区分": 2, "都道府県コード": 8, "市区町村コード": 203, "所在地": "茨城県土浦市大岩田２４７２", "緯度": 36.056389, "経度": 140.209167, "url": "https://www.iryou.teikyouseido.mhlw.go.jp/znk-web/juminkanja/S2430/initialize?prefCd=08&kikanCd=208592929&kikanKbn=2", "url2": "http://www.ohishi-naika-clinic.jp", "内容": "医療法人社団明厚会大石内科クリニック【2:診療所】【診療科目:内科_糖尿病内科_消化器内科_腎臓内科_人工透析内科】茨城県土浦市大岩田２４７２" }, "geometry": { "type": "Point", "coordinates": [ 140.209167, 36.056389 ] } },
{ "type": "Feature", "properties": { "ID": 82208592945, "正式名称": "東郷クリニック", "機関区分": 2, "都道府県コード": 8, "市区町村コード": 203, "所在地": "茨城県土浦市荒川沖東３－１９－３０", "緯度": 36.021944, "経度": 140.170278, "url": "https://www.iryou.teikyouseido.mhlw.go.jp/znk-web/juminkanja/S2430/initialize?prefCd=08&kikanCd=208592945&kikanKbn=2", "url2": null, "内容": "東郷クリニック【2:診療所】【診療科目:内科_呼吸器内科_循環器内科_外科_小児科_リハビリテーション科】茨城県土浦市荒川沖東３－１９－３０" }, "geometry": { "type": "Point", "coordinates": [ 140.170278, 36.021944 ] } },
{ "type": "Feature", "properties": { "ID": 82208592961, "正式名称": "あおき内科クリニック", "機関区分": 2, "都道府県コード": 8, "市区町村コード": 203, "所在地": "茨城県土浦市木田余１６４６－３", "緯度": 36.096671, "経度": 140.216973, "url": "https://www.iryou.teikyouseido.mhlw.go.jp/znk-web/juminkanja/S2430/initialize?prefCd=08&kikanCd=208592961&kikanKbn=2", "url2": "https://itp.ne.jp/info/082932156183340170/", "内容": "あおき内科クリニック【2:診療所】【診療科目:内科_呼吸器内科_アレルギー科】茨城県土浦市木田余１６４６－３" }, "geometry": { "type": "Point", "coordinates": [ 140.216973, 36.096671 ] } },
{ "type": "Feature", "properties": { "ID": 82208592974, "正式名称": "伊東クリニック", "機関区分": 2, "都道府県コード": 8, "市区町村コード": 230, "所在地": "茨城県かすみがうら市下稲吉２６３３－１７２", "緯度": 36.123056, "経度": 140.2325, "url": "https://www.iryou.teikyouseido.mhlw.go.jp/znk-web/juminkanja/S2430/initialize?prefCd=08&kikanCd=208592974&kikanKbn=2", "url2": "https://ito-ent-cl.jimdofree.com/", "内容": "伊東クリニック【2:診療所】【診療科目:耳鼻いんこう科_アレルギー科】茨城県かすみがうら市下稲吉２６３３－１７２" }, "geometry": { "type": "Point", "coordinates": [ 140.2325, 36.123056 ] } },
{ "type": "Feature", "properties": { "ID": 82208592987, "正式名称": "医療法人キリスト会わたひきクリニック", "機関区分": 2, "都道府県コード": 8, "市区町村コード": 203, "所在地": "茨城県土浦市桜町３丁目５番１－２号", "緯度": 36.0789914, "経度": 140.2006023, "url": "https://www.iryou.teikyouseido.mhlw.go.jp/znk-web/juminkanja/S2430/initialize?prefCd=08&kikanCd=208592987&kikanKbn=2", "url2": null, "内容": "医療法人キリスト会わたひきクリニック【2:診療所】【診療科目:内科_精神科_心療内科】茨城県土浦市桜町３丁目５番１－２号" }, "geometry": { "type": "Point", "coordinates": [ 140.200602300000014, 36.0789914 ] } },
{ "type": "Feature", "properties": { "ID": 82208593072, "正式名称": "ののやま眼科", "機関区分": 2, "都道府県コード": 8, "市区町村コード": 203, "所在地": "茨城県土浦市木田余１６４４－１", "緯度": 36.093611, "経度": 140.22, "url": "https://www.iryou.teikyouseido.mhlw.go.jp/znk-web/juminkanja/S2430/initialize?prefCd=08&kikanCd=208593072&kikanKbn=2", "url2": "https://nonoyama-eye.com/", "内容": "ののやま眼科【2:診療所】【診療科目:眼科】茨城県土浦市木田余１６４４－１" }, "geometry": { "type": "Point", "coordinates": [ 140.22, 36.093611 ] } },
{ "type": "Feature", "properties": { "ID": 82208593085, "正式名称": "岡田整形外科クリニック", "機関区分": 2, "都道府県コード": 8, "市区町村コード": 203, "所在地": "茨城県土浦市木田余１６４６－１", "緯度": 36.093333, "経度": 140.22, "url": "https://www.iryou.teikyouseido.mhlw.go.jp/znk-web/juminkanja/S2430/initialize?prefCd=08&kikanCd=208593085&kikanKbn=2", "url2": "http://www.okada-seikei.com/", "内容": "岡田整形外科クリニック【2:診療所】【診療科目:整形外科_リウマチ科_リハビリテーション科】茨城県土浦市木田余１６４６－１" }, "geometry": { "type": "Point", "coordinates": [ 140.22, 36.093333 ] } },
{ "type": "Feature", "properties": { "ID": 82208593128, "正式名称": "医療法人　吉田茂耳鼻咽喉科", "機関区分": 2, "都道府県コード": 8, "市区町村コード": 230, "所在地": "茨城県かすみがうら市下稲吉３８０８－１", "緯度": 36.133333, "経度": 140.250833, "url": "https://www.iryou.teikyouseido.mhlw.go.jp/znk-web/juminkanja/S2430/initialize?prefCd=08&kikanCd=208593128&kikanKbn=2", "url2": null, "内容": "医療法人　吉田茂耳鼻咽喉科【2:診療所】【診療科目:小児科_耳鼻いんこう科】茨城県かすみがうら市下稲吉３８０８－１" }, "geometry": { "type": "Point", "coordinates": [ 140.250833, 36.133333 ] } },
{ "type": "Feature", "properties": { "ID": 82208593274, "正式名称": "山王台病院附属眼科・内科クリニック", "機関区分": 2, "都道府県コード": 8, "市区町村コード": 205, "所在地": "茨城県石岡市東石岡５－２－３３", "緯度": 36.185833, "経度": 140.295556, "url": "https://www.iryou.teikyouseido.mhlw.go.jp/znk-web/juminkanja/S2430/initialize?prefCd=08&kikanCd=208593274&kikanKbn=2", "url2": "http://www.sannoudai.or.jp", "内容": "山王台病院附属眼科・内科クリニック【2:診療所】【診療科目:内科_消化器内科_腎臓内科_人工透析内科_腫瘍内科_外科_消化器外科_腫瘍外科_眼科_リハビリテーション科】茨城県石岡市東石岡５－２－３３" }, "geometry": { "type": "Point", "coordinates": [ 140.295556, 36.185833 ] } },
{ "type": "Feature", "properties": { "ID": 82208593333, "正式名称": "なるしま内科医院", "機関区分": 2, "都道府県コード": 8, "市区町村コード": 443, "所在地": "茨城県稲敷郡阿見町本郷１－２２－１", "緯度": 36.018611, "経度": 140.180833, "url": "https://www.iryou.teikyouseido.mhlw.go.jp/znk-web/juminkanja/S2430/initialize?prefCd=08&kikanCd=208593333&kikanKbn=2", "url2": "http://www.citydo.com/prf/ibaraki/guide/sg/170001580.html?tel=029-869-4820", "内容": "なるしま内科医院【2:診療所】【診療科目:内科_アレルギー科_リウマチ科】茨城県稲敷郡阿見町本郷１－２２－１" }, "geometry": { "type": "Point", "coordinates": [ 140.180833, 36.018611 ] } },
{ "type": "Feature", "properties": { "ID": 82208593535, "正式名称": "医療法人社団ユリシス　レディスクリニック結", "機関区分": 2, "都道府県コード": 8, "市区町村コード": 443, "所在地": "茨城県稲敷郡阿見町本郷１－１６－２", "緯度": 36.024012, "経度": 140.179251, "url": "https://www.iryou.teikyouseido.mhlw.go.jp/znk-web/juminkanja/S2430/initialize?prefCd=08&kikanCd=208593535&kikanKbn=2", "url2": "https://clinicyui.jp/", "内容": "医療法人社団ユリシス　レディスクリニック結【2:診療所】【診療科目:産婦人科】茨城県稲敷郡阿見町本郷１－１６－２" }, "geometry": { "type": "Point", "coordinates": [ 140.179251, 36.024012 ] } },
{ "type": "Feature", "properties": { "ID": 82208593652, "正式名称": "医療法人社団桜水会　外科・内科天の橋立", "機関区分": 2, "都道府県コード": 8, "市区町村コード": 203, "所在地": "茨城県土浦市天川２－１００８－６４７", "緯度": 36.068611, "経度": 140.199167, "url": "https://www.iryou.teikyouseido.mhlw.go.jp/znk-web/juminkanja/S2430/initialize?prefCd=08&kikanCd=208593652&kikanKbn=2", "url2": null, "内容": "医療法人社団桜水会　外科・内科天の橋立【2:診療所】【診療科目:内科_外科】茨城県土浦市天川２－１００８－６４７" }, "geometry": { "type": "Point", "coordinates": [ 140.199167, 36.068611 ] } },
{ "type": "Feature", "properties": { "ID": 82208593809, "正式名称": "大塚クリニック", "機関区分": 2, "都道府県コード": 8, "市区町村コード": 203, "所在地": "茨城県土浦市神立中央３－９－１", "緯度": 36.116667, "経度": 140.241111, "url": "https://www.iryou.teikyouseido.mhlw.go.jp/znk-web/juminkanja/S2430/initialize?prefCd=08&kikanCd=208593809&kikanKbn=2", "url2": null, "内容": "大塚クリニック【2:診療所】【診療科目:内科_循環器内科_小児科】茨城県土浦市神立中央３－９－１" }, "geometry": { "type": "Point", "coordinates": [ 140.241111, 36.116667 ] } },
{ "type": "Feature", "properties": { "ID": 82208593896, "正式名称": "あべ整形外科", "機関区分": 2, "都道府県コード": 8, "市区町村コード": 443, "所在地": "茨城県稲敷郡阿見町中央６丁目２０番地１", "緯度": 36.030968, "経度": 140.221374, "url": "https://www.iryou.teikyouseido.mhlw.go.jp/znk-web/juminkanja/S2430/initialize?prefCd=08&kikanCd=208593896&kikanKbn=2", "url2": "http://website2.infomity.net/8350000053/", "内容": "あべ整形外科【2:診療所】【診療科目:整形外科_リハビリテーション科】茨城県稲敷郡阿見町中央６丁目２０番地１" }, "geometry": { "type": "Point", "coordinates": [ 140.221374, 36.030968 ] } },
{ "type": "Feature", "properties": { "ID": 82208593900, "正式名称": "医療法人社団幸毅会土浦西アイクリニック", "機関区分": 2, "都道府県コード": 8, "市区町村コード": 203, "所在地": "茨城県土浦市上高津３６７イオンモール土浦２Ｆ", "緯度": 36.068333, "経度": 140.176944, "url": "https://www.iryou.teikyouseido.mhlw.go.jp/znk-web/juminkanja/S2430/initialize?prefCd=08&kikanCd=208593900&kikanKbn=2", "url2": "http://tsuchiura-mishi-eyeclinic.com/", "内容": "医療法人社団幸毅会土浦西アイクリニック【2:診療所】【診療科目:眼科】茨城県土浦市上高津３６７イオンモール土浦２Ｆ" }, "geometry": { "type": "Point", "coordinates": [ 140.176944, 36.068333 ] } },
{ "type": "Feature", "properties": { "ID": 82208593984, "正式名称": "あみ眼科クリニック", "機関区分": 2, "都道府県コード": 8, "市区町村コード": 443, "所在地": "茨城県稲敷郡阿見町岡崎１－２９－１３", "緯度": 36.0391458, "経度": 140.2234163, "url": "https://www.iryou.teikyouseido.mhlw.go.jp/znk-web/juminkanja/S2430/initialize?prefCd=08&kikanCd=208593984&kikanKbn=2", "url2": null, "内容": "あみ眼科クリニック【2:診療所】【診療科目:眼科】茨城県稲敷郡阿見町岡崎１－２９－１３" }, "geometry": { "type": "Point", "coordinates": [ 140.2234163, 36.0391458 ] } },
{ "type": "Feature", "properties": { "ID": 82208594053, "正式名称": "白井こどもクリニック", "機関区分": 2, "都道府県コード": 8, "市区町村コード": 230, "所在地": "茨城県かすみがうら市稲吉２－１４－１１", "緯度": 36.116944, "経度": 140.250278, "url": "https://www.iryou.teikyouseido.mhlw.go.jp/znk-web/juminkanja/S2430/initialize?prefCd=08&kikanCd=208594053&kikanKbn=2", "url2": "http://www.shirai-children-clinic.com/", "内容": "白井こどもクリニック【2:診療所】【診療科目:小児科_アレルギー科】茨城県かすみがうら市稲吉２－１４－１１" }, "geometry": { "type": "Point", "coordinates": [ 140.250278, 36.116944 ] } },
{ "type": "Feature", "properties": { "ID": 82208594079, "正式名称": "あみ小林クリニック", "機関区分": 2, "都道府県コード": 8, "市区町村コード": 443, "所在地": "茨城県稲敷郡阿見町若栗１７６５－１", "緯度": 36.016944, "経度": 140.223333, "url": "https://www.iryou.teikyouseido.mhlw.go.jp/znk-web/juminkanja/S2430/initialize?prefCd=08&kikanCd=208594079&kikanKbn=2", "url2": "http://www.ami-kobayashi.jp", "内容": "あみ小林クリニック【2:診療所】【診療科目:内科_腎臓内科】茨城県稲敷郡阿見町若栗１７６５－１" }, "geometry": { "type": "Point", "coordinates": [ 140.223333, 36.016944 ] } },
{ "type": "Feature", "properties": { "ID": 82208594167, "正式名称": "しほう医院", "機関区分": 2, "都道府県コード": 8, "市区町村コード": 203, "所在地": "茨城県土浦市宍塚１９４５－１", "緯度": 36.076389, "経度": 140.174444, "url": "https://www.iryou.teikyouseido.mhlw.go.jp/znk-web/juminkanja/S2430/initialize?prefCd=08&kikanCd=208594167&kikanKbn=2", "url2": null, "内容": "しほう医院【2:診療所】【診療科目:内科_外科_皮膚科_精神科_リハビリテーション科_麻酔科】茨城県土浦市宍塚１９４５－１" }, "geometry": { "type": "Point", "coordinates": [ 140.174444, 36.076389 ] } },
{ "type": "Feature", "properties": { "ID": 82208594444, "正式名称": "菊池整形外科クリニック", "機関区分": 2, "都道府県コード": 8, "市区町村コード": 230, "所在地": "茨城県かすみがうら市新治１８２７－３４", "緯度": 36.118889, "経度": 140.245, "url": "https://www.iryou.teikyouseido.mhlw.go.jp/znk-web/juminkanja/S2430/initialize?prefCd=08&kikanCd=208594444&kikanKbn=2", "url2": null, "内容": "菊池整形外科クリニック【2:診療所】【診療科目:内科_整形外科_リウマチ科_リハビリテーション科】茨城県かすみがうら市新治１８２７－３４" }, "geometry": { "type": "Point", "coordinates": [ 140.245, 36.118889 ] } },
{ "type": "Feature", "properties": { "ID": 82208594499, "正式名称": "つじ耳鼻咽喉科クリニック", "機関区分": 2, "都道府県コード": 8, "市区町村コード": 443, "所在地": "茨城県稲敷郡阿見町うずら野４－２７－５", "緯度": 36.024167, "経度": 140.183333, "url": "https://www.iryou.teikyouseido.mhlw.go.jp/znk-web/juminkanja/S2430/initialize?prefCd=08&kikanCd=208594499&kikanKbn=2", "url2": "https://tsuji-jibika.com/", "内容": "つじ耳鼻咽喉科クリニック【2:診療所】【診療科目:耳鼻いんこう科_アレルギー科】茨城県稲敷郡阿見町うずら野４－２７－５" }, "geometry": { "type": "Point", "coordinates": [ 140.183333, 36.024167 ] } },
{ "type": "Feature", "properties": { "ID": 82208595379, "正式名称": "ゆみこ内科クリニック", "機関区分": 2, "都道府県コード": 8, "市区町村コード": 203, "所在地": "茨城県土浦市田中３－４－４１", "緯度": 36.079444, "経度": 140.189444, "url": "https://www.iryou.teikyouseido.mhlw.go.jp/znk-web/juminkanja/S2430/initialize?prefCd=08&kikanCd=208595379&kikanKbn=2", "url2": "http://yumiko-clinic.info", "内容": "ゆみこ内科クリニック【2:診療所】【診療科目:内科_糖尿病内科_小児科】茨城県土浦市田中３－４－４１" }, "geometry": { "type": "Point", "coordinates": [ 140.189444, 36.079444 ] } },
{ "type": "Feature", "properties": { "ID": 82208595438, "正式名称": "土浦ベリルクリニック", "機関区分": 2, "都道府県コード": 8, "市区町村コード": 203, "所在地": "茨城県土浦市都和４丁目２０２２番２号", "緯度": 36.110268, "経度": 140.197561, "url": "https://www.iryou.teikyouseido.mhlw.go.jp/znk-web/juminkanja/S2430/initialize?prefCd=08&kikanCd=208595438&kikanKbn=2", "url2": "https://beryl-clinic.org", "内容": "土浦ベリルクリニック【2:診療所】【診療科目:内科_糖尿病内科_呼吸器内科_循環器内科_消化器内科_腎臓内科_人工透析内科_外科_乳腺外科_泌尿器科】茨城県土浦市都和４丁目２０２２番２号" }, "geometry": { "type": "Point", "coordinates": [ 140.197561, 36.110268 ] } },
{ "type": "Feature", "properties": { "ID": 82208595500, "正式名称": "医療法人裕友会はたかわ医院", "機関区分": 2, "都道府県コード": 8, "市区町村コード": 442, "所在地": "茨城県稲敷郡美浦村大谷", "緯度": 35.996667, "経度": 140.316944, "url": "https://www.iryou.teikyouseido.mhlw.go.jp/znk-web/juminkanja/S2430/initialize?prefCd=08&kikanCd=208595500&kikanKbn=2", "url2": null, "内容": "医療法人裕友会はたかわ医院【2:診療所】【診療科目:内科_外科_小児科】茨城県稲敷郡美浦村大谷" }, "geometry": { "type": "Point", "coordinates": [ 140.316944, 35.996667 ] } },
{ "type": "Feature", "properties": { "ID": 82208596158, "正式名称": "おおくぼ脳脊椎クリニック", "機関区分": 2, "都道府県コード": 8, "市区町村コード": 203, "所在地": "茨城県土浦市並木５－４０７９－１", "緯度": 36.110833, "経度": 140.196111, "url": "https://www.iryou.teikyouseido.mhlw.go.jp/znk-web/juminkanja/S2430/initialize?prefCd=08&kikanCd=208596158&kikanKbn=2", "url2": "http://www.ohkubo-clinic.jp", "内容": "おおくぼ脳脊椎クリニック【2:診療所】【診療科目:内科_脳神経外科】茨城県土浦市並木５－４０７９－１" }, "geometry": { "type": "Point", "coordinates": [ 140.196111, 36.110833 ] } },
{ "type": "Feature", "properties": { "ID": 82208596190, "正式名称": "菊地内科医院", "機関区分": 2, "都道府県コード": 8, "市区町村コード": 203, "所在地": "茨城県土浦市下高津１－１９－３７", "緯度": 36.070556, "経度": 140.197778, "url": "https://www.iryou.teikyouseido.mhlw.go.jp/znk-web/juminkanja/S2430/initialize?prefCd=08&kikanCd=208596190&kikanKbn=2", "url2": "http://kikuchi-naika.jp/", "内容": "菊地内科医院【2:診療所】【診療科目:内科_消化器内科】茨城県土浦市下高津１－１９－３７" }, "geometry": { "type": "Point", "coordinates": [ 140.197778, 36.070556 ] } },
{ "type": "Feature", "properties": { "ID": 82208596305, "正式名称": "市川ファミリークリニック", "機関区分": 2, "都道府県コード": 8, "市区町村コード": 443, "所在地": "茨城県稲敷郡阿見町本郷", "緯度": 36.024167, "経度": 140.184167, "url": "https://www.iryou.teikyouseido.mhlw.go.jp/znk-web/juminkanja/S2430/initialize?prefCd=08&kikanCd=208596305&kikanKbn=2", "url2": null, "内容": "市川ファミリークリニック【2:診療所】【診療科目:内科_糖尿病内科】茨城県稲敷郡阿見町本郷" }, "geometry": { "type": "Point", "coordinates": [ 140.184167, 36.024167 ] } },
{ "type": "Feature", "properties": { "ID": 82208596783, "正式名称": "脳と心のクリニック", "機関区分": 2, "都道府県コード": 8, "市区町村コード": 443, "所在地": "茨城県稲敷郡阿見町南平台１丁目３２－１", "緯度": 36.021944, "経度": 140.256389, "url": "https://www.iryou.teikyouseido.mhlw.go.jp/znk-web/juminkanja/S2430/initialize?prefCd=08&kikanCd=208596783&kikanKbn=2", "url2": "http://www.jinseikai.net/main/noutokokoronoclinic.html", "内容": "脳と心のクリニック【2:診療所】【診療科目:内科_外科_脳神経外科_小児科_リハビリテーション科】茨城県稲敷郡阿見町南平台１丁目３２－１" }, "geometry": { "type": "Point", "coordinates": [ 140.256389, 36.021944 ] } },
{ "type": "Feature", "properties": { "ID": 82208596884, "正式名称": "つちうら糖尿病内科クリニック", "機関区分": 2, "都道府県コード": 8, "市区町村コード": 203, "所在地": "茨城県土浦市大和町９－２　ウララ２ビル２０１", "緯度": 36.074722, "経度": 140.206667, "url": "https://www.iryou.teikyouseido.mhlw.go.jp/znk-web/juminkanja/S2430/initialize?prefCd=08&kikanCd=208596884&kikanKbn=2", "url2": "http://tsuchiura-dm.com/", "内容": "つちうら糖尿病内科クリニック【2:診療所】【診療科目:内科_内分泌内科_糖尿病・代謝内科】茨城県土浦市大和町９－２　ウララ２ビル２０１" }, "geometry": { "type": "Point", "coordinates": [ 140.206667, 36.074722 ] } },
{ "type": "Feature", "properties": { "ID": 82208597328, "正式名称": "あおぞらクリニック", "機関区分": 2, "都道府県コード": 8, "市区町村コード": 203, "所在地": "茨城県土浦市荒川沖東２－１６－３", "緯度": 36.025, "経度": 140.173611, "url": "https://www.iryou.teikyouseido.mhlw.go.jp/znk-web/juminkanja/S2430/initialize?prefCd=08&kikanCd=208597328&kikanKbn=2", "url2": null, "内容": "あおぞらクリニック【2:診療所】【診療科目:内科_整形外科_形成外科_精神科】茨城県土浦市荒川沖東２－１６－３" }, "geometry": { "type": "Point", "coordinates": [ 140.173611, 36.025 ] } },
{ "type": "Feature", "properties": { "ID": 82208597559, "正式名称": "サンルーナ内科・脳神経内科クリニック", "機関区分": 2, "都道府県コード": 8, "市区町村コード": 203, "所在地": "茨城県土浦市おおつ野２－１－１", "緯度": 36.083333, "経度": 140.259722, "url": "https://www.iryou.teikyouseido.mhlw.go.jp/znk-web/juminkanja/S2430/initialize?prefCd=08&kikanCd=208597559&kikanKbn=2", "url2": "www.sunluna.jp/clinic/", "内容": "サンルーナ内科・脳神経内科クリニック【2:診療所】【診療科目:内科_神経内科】茨城県土浦市おおつ野２－１－１" }, "geometry": { "type": "Point", "coordinates": [ 140.259722, 36.083333 ] } },
{ "type": "Feature", "properties": { "ID": 82208597777, "正式名称": "アグリホームクリニック　かすみがうら", "機関区分": 2, "都道府県コード": 8, "市区町村コード": 230, "所在地": "茨城県かすみがうら市上稲吉３８", "緯度": 36.134167, "経度": 140.220833, "url": "https://www.iryou.teikyouseido.mhlw.go.jp/znk-web/juminkanja/S2430/initialize?prefCd=08&kikanCd=208597777&kikanKbn=2", "url2": "https://agrie.jp", "内容": "アグリホームクリニック　かすみがうら【2:診療所】【診療科目:内科_外科_精神科】茨城県かすみがうら市上稲吉３８" }, "geometry": { "type": "Point", "coordinates": [ 140.220833, 36.134167 ] } },
{ "type": "Feature", "properties": { "ID": 82208598051, "正式名称": "友常クリニック", "機関区分": 2, "都道府県コード": 8, "市区町村コード": 203, "所在地": "茨城県土浦市中央２－１４－９", "緯度": 36.0861922, "経度": 140.1995148, "url": "https://www.iryou.teikyouseido.mhlw.go.jp/znk-web/juminkanja/S2430/initialize?prefCd=08&kikanCd=208598051&kikanKbn=2", "url2": "http://tomotsune-clinic.jp/", "内容": "友常クリニック【2:診療所】【診療科目:内科_糖尿病・内分泌内科】茨城県土浦市中央２－１４－９" }, "geometry": { "type": "Point", "coordinates": [ 140.1995148, 36.0861922 ] } },
{ "type": "Feature", "properties": { "ID": 82208598194, "正式名称": "つちうら在宅診療所", "機関区分": 2, "都道府県コード": 8, "市区町村コード": 203, "所在地": "茨城県土浦市手野町１９５８", "緯度": 36.090278, "経度": 140.240833, "url": "https://www.iryou.teikyouseido.mhlw.go.jp/znk-web/juminkanja/S2430/initialize?prefCd=08&kikanCd=208598194&kikanKbn=2", "url2": "http://tsuchiurazaitaku.com/index.html", "内容": "つちうら在宅診療所【2:診療所】【診療科目:内科】茨城県土浦市手野町１９５８" }, "geometry": { "type": "Point", "coordinates": [ 140.240833, 36.090278 ] } },
{ "type": "Feature", "properties": { "ID": 82208598266, "正式名称": "医療法人社団　かのう整形外科", "機関区分": 2, "都道府県コード": 8, "市区町村コード": 203, "所在地": "茨城県土浦市小山田１丁目３９３番地", "緯度": 36.036389, "経度": 140.146111, "url": "https://www.iryou.teikyouseido.mhlw.go.jp/znk-web/juminkanja/S2430/initialize?prefCd=08&kikanCd=208598266&kikanKbn=2", "url2": "http://kano-seikei.jp/", "内容": "医療法人社団　かのう整形外科【2:診療所】【診療科目:内科_整形外科_リウマチ科_リハビリテーション科】茨城県土浦市小山田１丁目３９３番地" }, "geometry": { "type": "Point", "coordinates": [ 140.146111, 36.036389 ] } },
{ "type": "Feature", "properties": { "ID": 82208598354, "正式名称": "わか葉在宅クリニック", "機関区分": 2, "都道府県コード": 8, "市区町村コード": 203, "所在地": "茨城県土浦市神立町１８５２－１", "緯度": 36.108391, "経度": 140.229258, "url": "https://www.iryou.teikyouseido.mhlw.go.jp/znk-web/juminkanja/S2430/initialize?prefCd=08&kikanCd=208598354&kikanKbn=2", "url2": null, "内容": "わか葉在宅クリニック【2:診療所】【診療科目:内科_疼痛緩和内科_精神科】茨城県土浦市神立町１８５２－１" }, "geometry": { "type": "Point", "coordinates": [ 140.229258, 36.108391 ] } },
{ "type": "Feature", "properties": { "ID": 82208598820, "正式名称": "小児科　塚原医院", "機関区分": 2, "都道府県コード": 8, "市区町村コード": 203, "所在地": "茨城県土浦市桜町３－２－７", "緯度": 36.076389, "経度": 140.204444, "url": "https://www.iryou.teikyouseido.mhlw.go.jp/znk-web/juminkanja/S2430/initialize?prefCd=08&kikanCd=208598820&kikanKbn=2", "url2": "tsukaharaiin.com", "内容": "小児科　塚原医院【2:診療所】【診療科目:小児科】茨城県土浦市桜町３－２－７" }, "geometry": { "type": "Point", "coordinates": [ 140.204444, 36.076389 ] } },
{ "type": "Feature", "properties": { "ID": 82208598963, "正式名称": "ホームクリニックなぎの木", "機関区分": 2, "都道府県コード": 8, "市区町村コード": 203, "所在地": "茨城県土浦市荒川沖東２丁目３の１８グレース荒川沖１０１号", "緯度": 36.03201, "経度": 140.168485, "url": "https://www.iryou.teikyouseido.mhlw.go.jp/znk-web/juminkanja/S2430/initialize?prefCd=08&kikanCd=208598963&kikanKbn=2", "url2": "https://clinic-naginoki.com/", "内容": "ホームクリニックなぎの木【2:診療所】【診療科目:内科_緩和ケア内科_外科】茨城県土浦市荒川沖東２丁目３の１８グレース荒川沖１０１号" }, "geometry": { "type": "Point", "coordinates": [ 140.168485, 36.03201 ] } },
{ "type": "Feature", "properties": { "ID": 82208599537, "正式名称": "中高津クリニック", "機関区分": 2, "都道府県コード": 8, "市区町村コード": 203, "所在地": "茨城県土浦市中高津３－１－４", "緯度": 36.0678469, "経度": 140.1837768, "url": "https://www.iryou.teikyouseido.mhlw.go.jp/znk-web/juminkanja/S2430/initialize?prefCd=08&kikanCd=208599537&kikanKbn=2", "url2": null, "内容": "中高津クリニック【2:診療所】【診療科目:内科_呼吸器内科_外科】茨城県土浦市中高津３－１－４" }, "geometry": { "type": "Point", "coordinates": [ 140.1837768, 36.0678469 ] } },
{ "type": "Feature", "properties": { "ID": 82208599582, "正式名称": "医療法人悠有会　鈴木クリニック", "機関区分": 2, "都道府県コード": 8, "市区町村コード": 203, "所在地": "茨城県土浦市中荒川沖町５－１７", "緯度": 36.03223, "経度": 140.166234, "url": "https://www.iryou.teikyouseido.mhlw.go.jp/znk-web/juminkanja/S2430/initialize?prefCd=08&kikanCd=208599582&kikanKbn=2", "url2": "https://www.yuyukai.info/", "内容": "医療法人悠有会　鈴木クリニック【2:診療所】【診療科目:内科_胃腸内科_小児科】茨城県土浦市中荒川沖町５－１７" }, "geometry": { "type": "Point", "coordinates": [ 140.166234, 36.03223 ] } },
{ "type": "Feature", "properties": { "ID": 82208600192, "正式名称": "医療法人金丸医院", "機関区分": 2, "都道府県コード": 8, "市区町村コード": 205, "所在地": "茨城県石岡市東光台２－８－５", "緯度": 36.183611, "経度": 140.306667, "url": "https://www.iryou.teikyouseido.mhlw.go.jp/znk-web/juminkanja/S2430/initialize?prefCd=08&kikanCd=208600192&kikanKbn=2", "url2": "http://www17.ocn.ne.jp/~canemaru/", "内容": "医療法人金丸医院【2:診療所】【診療科目:皮膚科_アレルギー科】茨城県石岡市東光台２－８－５" }, "geometry": { "type": "Point", "coordinates": [ 140.306667, 36.183611 ] } },
{ "type": "Feature", "properties": { "ID": 82208600293, "正式名称": "新澤医院", "機関区分": 2, "都道府県コード": 8, "市区町村コード": 236, "所在地": "茨城県小美玉市堅倉", "緯度": 36.235833, "経度": 140.359722, "url": "https://www.iryou.teikyouseido.mhlw.go.jp/znk-web/juminkanja/S2430/initialize?prefCd=08&kikanCd=208600293&kikanKbn=2", "url2": "http://niizawaiin2008.life.coocan.jp/", "内容": "新澤医院【2:診療所】【診療科目:内科_感染症内科_糖尿病内科_脂質代謝内科_消化器内科_胃腸内科_アレルギー疾患内科_小児科_皮膚科_アレルギー科】茨城県小美玉市堅倉" }, "geometry": { "type": "Point", "coordinates": [ 140.359722, 36.235833 ] } },
{ "type": "Feature", "properties": { "ID": 82208600495, "正式名称": "仲田耳鼻咽喉科医院", "機関区分": 2, "都道府県コード": 8, "市区町村コード": 205, "所在地": "茨城県石岡市東大橋２８３０－１", "緯度": 36.191944, "経度": 140.319444, "url": "https://www.iryou.teikyouseido.mhlw.go.jp/znk-web/juminkanja/S2430/initialize?prefCd=08&kikanCd=208600495&kikanKbn=2", "url2": null, "内容": "仲田耳鼻咽喉科医院【2:診療所】【診療科目:耳鼻いんこう科】茨城県石岡市東大橋２８３０－１" }, "geometry": { "type": "Point", "coordinates": [ 140.319444, 36.191944 ] } },
{ "type": "Feature", "properties": { "ID": 82208600512, "正式名称": "冨田産婦人科医院", "機関区分": 2, "都道府県コード": 8, "市区町村コード": 205, "所在地": "茨城県石岡市茨城３－５－３１", "緯度": 36.175278, "経度": 140.289722, "url": "https://www.iryou.teikyouseido.mhlw.go.jp/znk-web/juminkanja/S2430/initialize?prefCd=08&kikanCd=208600512&kikanKbn=2", "url2": "https://www.tomita-ladies.clinic/", "内容": "冨田産婦人科医院【2:診療所】【診療科目:産婦人科】茨城県石岡市茨城３－５－３１" }, "geometry": { "type": "Point", "coordinates": [ 140.289722, 36.175278 ] } },
{ "type": "Feature", "properties": { "ID": 82208600541, "正式名称": "川俣医院", "機関区分": 2, "都道府県コード": 8, "市区町村コード": 230, "所在地": "茨城県かすみがうら市中志筑１３２９", "緯度": 36.187695, "経度": 140.2324, "url": "https://www.iryou.teikyouseido.mhlw.go.jp/znk-web/juminkanja/S2430/initialize?prefCd=08&kikanCd=208600541&kikanKbn=2", "url2": null, "内容": "川俣医院【2:診療所】【診療科目:内科】茨城県かすみがうら市中志筑１３２９" }, "geometry": { "type": "Point", "coordinates": [ 140.2324, 36.187695 ] } },
{ "type": "Feature", "properties": { "ID": 82208600596, "正式名称": "長尾眼科", "機関区分": 2, "都道府県コード": 8, "市区町村コード": 205, "所在地": "茨城県石岡市東府中１番１５号", "緯度": 36.200278, "経度": 140.295, "url": "https://www.iryou.teikyouseido.mhlw.go.jp/znk-web/juminkanja/S2430/initialize?prefCd=08&kikanCd=208600596&kikanKbn=2", "url2": null, "内容": "長尾眼科【2:診療所】【診療科目:眼科】茨城県石岡市東府中１番１５号" }, "geometry": { "type": "Point", "coordinates": [ 140.295, 36.200278 ] } },
{ "type": "Feature", "properties": { "ID": 82208600600, "正式名称": "桜井皮膚科医院", "機関区分": 2, "都道府県コード": 8, "市区町村コード": 230, "所在地": "茨城県かすみがうら市下稲吉２６２５－１０７", "緯度": 36.118889, "経度": 140.238333, "url": "https://www.iryou.teikyouseido.mhlw.go.jp/znk-web/juminkanja/S2430/initialize?prefCd=08&kikanCd=208600600&kikanKbn=2", "url2": null, "内容": "桜井皮膚科医院【2:診療所】【診療科目:皮膚科】茨城県かすみがうら市下稲吉２６２５－１０７" }, "geometry": { "type": "Point", "coordinates": [ 140.238333, 36.118889 ] } },
{ "type": "Feature", "properties": { "ID": 82208600639, "正式名称": "羽成耳鼻咽喉科医院", "機関区分": 2, "都道府県コード": 8, "市区町村コード": 205, "所在地": "茨城県石岡市旭台１－６－１", "緯度": 36.187222, "経度": 140.301667, "url": "https://www.iryou.teikyouseido.mhlw.go.jp/znk-web/juminkanja/S2430/initialize?prefCd=08&kikanCd=208600639&kikanKbn=2", "url2": null, "内容": "羽成耳鼻咽喉科医院【2:診療所】【診療科目:耳鼻いんこう科】茨城県石岡市旭台１－６－１" }, "geometry": { "type": "Point", "coordinates": [ 140.301667, 36.187222 ] } },
{ "type": "Feature", "properties": { "ID": 82208600642, "正式名称": "渡辺クリニック", "機関区分": 2, "都道府県コード": 8, "市区町村コード": 205, "所在地": "茨城県石岡市東光台４－１４－３０", "緯度": 36.181389, "経度": 140.311111, "url": "https://www.iryou.teikyouseido.mhlw.go.jp/znk-web/juminkanja/S2430/initialize?prefCd=08&kikanCd=208600642&kikanKbn=2", "url2": null, "内容": "渡辺クリニック【2:診療所】【診療科目:内科_胃腸内科_外科_肛門外科_泌尿器科】茨城県石岡市東光台４－１４－３０" }, "geometry": { "type": "Point", "coordinates": [ 140.311111, 36.181389 ] } },
{ "type": "Feature", "properties": { "ID": 82208600655, "正式名称": "小塙医院", "機関区分": 2, "都道府県コード": 8, "市区町村コード": 236, "所在地": "茨城県小美玉市田木谷１６９－３", "緯度": 36.166667, "経度": 140.353889, "url": "https://www.iryou.teikyouseido.mhlw.go.jp/znk-web/juminkanja/S2430/initialize?prefCd=08&kikanCd=208600655&kikanKbn=2", "url2": "http://www.ivf-ibaraki.or.jp", "内容": "小塙医院【2:診療所】【診療科目:婦人科】茨城県小美玉市田木谷１６９－３" }, "geometry": { "type": "Point", "coordinates": [ 140.353889, 36.166667 ] } },
{ "type": "Feature", "properties": { "ID": 82208600668, "正式名称": "石岡・平本皮膚科医院", "機関区分": 2, "都道府県コード": 8, "市区町村コード": 205, "所在地": "茨城県石岡市旭台３－２２－１", "緯度": 36.189557, "経度": 140.308274, "url": "https://www.iryou.teikyouseido.mhlw.go.jp/znk-web/juminkanja/S2430/initialize?prefCd=08&kikanCd=208600668&kikanKbn=2", "url2": null, "内容": "石岡・平本皮膚科医院【2:診療所】【診療科目:内科_小児科_皮膚科】茨城県石岡市旭台３－２２－１" }, "geometry": { "type": "Point", "coordinates": [ 140.308274, 36.189557 ] } },
{ "type": "Feature", "properties": { "ID": 82208600671, "正式名称": "高木医院", "機関区分": 2, "都道府県コード": 8, "市区町村コード": 230, "所在地": "茨城県かすみがうら市稲吉東１－１５－１", "緯度": 36.122778, "経度": 140.256111, "url": "https://www.iryou.teikyouseido.mhlw.go.jp/znk-web/juminkanja/S2430/initialize?prefCd=08&kikanCd=208600671&kikanKbn=2", "url2": null, "内容": "高木医院【2:診療所】【診療科目:内科_小児科】茨城県かすみがうら市稲吉東１－１５－１" }, "geometry": { "type": "Point", "coordinates": [ 140.256111, 36.122778 ] } },
{ "type": "Feature", "properties": { "ID": 82208600743, "正式名称": "石岡ひかりクリニック", "機関区分": 2, "都道府県コード": 8, "市区町村コード": 205, "所在地": "茨城県石岡市東大橋１８９８番地５", "緯度": 36.198889, "経度": 140.308333, "url": "https://www.iryou.teikyouseido.mhlw.go.jp/znk-web/juminkanja/S2430/initialize?prefCd=08&kikanCd=208600743&kikanKbn=2", "url2": "http://www.ishiokahikari-cl.com/", "内容": "石岡ひかりクリニック【2:診療所】【診療科目:内科_整形外科】茨城県石岡市東大橋１８９８番地５" }, "geometry": { "type": "Point", "coordinates": [ 140.308333, 36.198889 ] } },
{ "type": "Feature", "properties": { "ID": 82208600756, "正式名称": "医療法人　江隆会　江畑医院", "機関区分": 2, "都道府県コード": 8, "市区町村コード": 205, "所在地": "茨城県石岡市柿岡２０１９", "緯度": 36.2375, "経度": 140.198611, "url": "https://www.iryou.teikyouseido.mhlw.go.jp/znk-web/juminkanja/S2430/initialize?prefCd=08&kikanCd=208600756&kikanKbn=2", "url2": "https://kouryukai.or.jp/", "内容": "医療法人　江隆会　江畑医院【2:診療所】【診療科目:内科_循環器内科】茨城県石岡市柿岡２０１９" }, "geometry": { "type": "Point", "coordinates": [ 140.198611, 36.2375 ] } },
{ "type": "Feature", "properties": { "ID": 82208600769, "正式名称": "田中クリニック", "機関区分": 2, "都道府県コード": 8, "市区町村コード": 205, "所在地": "茨城県石岡市鹿の子１－１１－１０", "緯度": 36.202778, "経度": 140.263889, "url": "https://www.iryou.teikyouseido.mhlw.go.jp/znk-web/juminkanja/S2430/initialize?prefCd=08&kikanCd=208600769&kikanKbn=2", "url2": null, "内容": "田中クリニック【2:診療所】【診療科目:内科_消化器内科_外科_泌尿器科】茨城県石岡市鹿の子１－１１－１０" }, "geometry": { "type": "Point", "coordinates": [ 140.263889, 36.202778 ] } },
{ "type": "Feature", "properties": { "ID": 82208600772, "正式名称": "渡辺内科", "機関区分": 2, "都道府県コード": 8, "市区町村コード": 205, "所在地": "茨城県石岡市南台３丁目３４ー５５", "緯度": 36.176111, "経度": 140.306389, "url": "https://www.iryou.teikyouseido.mhlw.go.jp/znk-web/juminkanja/S2430/initialize?prefCd=08&kikanCd=208600772&kikanKbn=2", "url2": null, "内容": "渡辺内科【2:診療所】【診療科目:内科】茨城県石岡市南台３丁目３４ー５５" }, "geometry": { "type": "Point", "coordinates": [ 140.306389, 36.176111 ] } },
{ "type": "Feature", "properties": { "ID": 82208600802, "正式名称": "岡﨑内科医院", "機関区分": 2, "都道府県コード": 8, "市区町村コード": 205, "所在地": "茨城県石岡市府中１－３－２１", "緯度": 36.188333, "経度": 140.279167, "url": "https://www.iryou.teikyouseido.mhlw.go.jp/znk-web/juminkanja/S2430/initialize?prefCd=08&kikanCd=208600802&kikanKbn=2", "url2": null, "内容": "岡﨑内科医院【2:診療所】【診療科目:内科_胃腸内科_小児科】茨城県石岡市府中１－３－２１" }, "geometry": { "type": "Point", "coordinates": [ 140.279167, 36.188333 ] } },
{ "type": "Feature", "properties": { "ID": 82208610078, "正式名称": "岡田医院", "機関区分": 2, "都道府県コード": 8, "市区町村コード": 220, "所在地": "茨城県つくば市上ノ室１６１１", "緯度": 36.081983, "経度": 140.141387, "url": "https://www.iryou.teikyouseido.mhlw.go.jp/znk-web/juminkanja/S2430/initialize?prefCd=08&kikanCd=208610078&kikanKbn=2", "url2": null, "内容": "岡田医院【2:診療所】【診療科目:内科_皮膚泌尿器科】茨城県つくば市上ノ室１６１１" }, "geometry": { "type": "Point", "coordinates": [ 140.141387, 36.081983 ] } },
{ "type": "Feature", "properties": { "ID": 82208610153, "正式名称": "鈴木医院", "機関区分": 2, "都道府県コード": 8, "市区町村コード": 220, "所在地": "茨城県つくば市栗原７５７", "緯度": 36.121389, "経度": 140.124444, "url": "https://www.iryou.teikyouseido.mhlw.go.jp/znk-web/juminkanja/S2430/initialize?prefCd=08&kikanCd=208610153&kikanKbn=2", "url2": null, "内容": "鈴木医院【2:診療所】【診療科目:内科_小児科】茨城県つくば市栗原７５７" }, "geometry": { "type": "Point", "coordinates": [ 140.124444, 36.121389 ] } },
{ "type": "Feature", "properties": { "ID": 82208610195, "正式名称": "小池医院", "機関区分": 2, "都道府県コード": 8, "市区町村コード": 220, "所在地": "茨城県つくば市みどりの２－３１－１２", "緯度": 36.0356122, "経度": 140.056434, "url": "https://www.iryou.teikyouseido.mhlw.go.jp/znk-web/juminkanja/S2430/initialize?prefCd=08&kikanCd=208610195&kikanKbn=2", "url2": null, "内容": "小池医院【2:診療所】【診療科目:内科_小児科_小児皮膚科_皮膚科】茨城県つくば市みどりの２－３１－１２" }, "geometry": { "type": "Point", "coordinates": [ 140.056434, 36.0356122 ] } },
{ "type": "Feature", "properties": { "ID": 82208610254, "正式名称": "谷田部診療所", "機関区分": 2, "都道府県コード": 8, "市区町村コード": 220, "所在地": "茨城県つくば市谷田部６１２３－１", "緯度": 36.039141, "経度": 140.081589, "url": "https://www.iryou.teikyouseido.mhlw.go.jp/znk-web/juminkanja/S2430/initialize?prefCd=08&kikanCd=208610254&kikanKbn=2", "url2": "https://www.yatabe-shinryojo.jp/home", "内容": "谷田部診療所【2:診療所】【診療科目:内科】茨城県つくば市谷田部６１２３－１" }, "geometry": { "type": "Point", "coordinates": [ 140.081589, 36.039141 ] } },
{ "type": "Feature", "properties": { "ID": 82208610326, "正式名称": "経済産業省共済組合産業技術総合研究所支部診療所", "機関区分": 2, "都道府県コード": 8, "市区町村コード": 220, "所在地": "茨城県つくば市東１ー１ー１", "緯度": 36.058333, "経度": 140.135833, "url": "https://www.iryou.teikyouseido.mhlw.go.jp/znk-web/juminkanja/S2430/initialize?prefCd=08&kikanCd=208610326&kikanKbn=2", "url2": null, "内容": "経済産業省共済組合産業技術総合研究所支部診療所【2:診療所】【診療科目:内科_耳鼻いんこう科】茨城県つくば市東１ー１ー１" }, "geometry": { "type": "Point", "coordinates": [ 140.135833, 36.058333 ] } },
{ "type": "Feature", "properties": { "ID": 82208610368, "正式名称": "平井医院", "機関区分": 2, "都道府県コード": 8, "市区町村コード": 235, "所在地": "茨城県つくばみらい市板橋２２５８−２", "緯度": 35.985493, "経度": 140.056494, "url": "https://www.iryou.teikyouseido.mhlw.go.jp/znk-web/juminkanja/S2430/initialize?prefCd=08&kikanCd=208610368&kikanKbn=2", "url2": null, "内容": "平井医院【2:診療所】【診療科目:内科_外科】茨城県つくばみらい市板橋２２５８−２" }, "geometry": { "type": "Point", "coordinates": [ 140.056494, 35.985493 ] } },
{ "type": "Feature", "properties": { "ID": 82208610456, "正式名称": "小倉医院", "機関区分": 2, "都道府県コード": 8, "市区町村コード": 220, "所在地": "茨城県つくば市沼田１８１", "緯度": 36.203056, "経度": 140.086389, "url": "https://www.iryou.teikyouseido.mhlw.go.jp/znk-web/juminkanja/S2430/initialize?prefCd=08&kikanCd=208610456&kikanKbn=2", "url2": null, "内容": "小倉医院【2:診療所】【診療科目:内科】茨城県つくば市沼田１８１" }, "geometry": { "type": "Point", "coordinates": [ 140.086389, 36.203056 ] } },
{ "type": "Feature", "properties": { "ID": 82208610498, "正式名称": "酒寄医院", "機関区分": 2, "都道府県コード": 8, "市区町村コード": 220, "所在地": "茨城県つくば市国松８５５－２", "緯度": 36.205833, "経度": 140.085, "url": "https://www.iryou.teikyouseido.mhlw.go.jp/znk-web/juminkanja/S2430/initialize?prefCd=08&kikanCd=208610498&kikanKbn=2", "url2": "http://www.sakayori-medical.net/", "内容": "酒寄医院【2:診療所】【診療科目:内科】茨城県つくば市国松８５５－２" }, "geometry": { "type": "Point", "coordinates": [ 140.085, 36.205833 ] } },
{ "type": "Feature", "properties": { "ID": 82208610515, "正式名称": "林医院", "機関区分": 2, "都道府県コード": 8, "市区町村コード": 220, "所在地": "茨城県つくば市北条１９−２", "緯度": 36.175278, "経度": 140.0925, "url": "https://www.iryou.teikyouseido.mhlw.go.jp/znk-web/juminkanja/S2430/initialize?prefCd=08&kikanCd=208610515&kikanKbn=2", "url2": null, "内容": "林医院【2:診療所】【診療科目:内科_呼吸器内科_リウマチ科】茨城県つくば市北条１９−２" }, "geometry": { "type": "Point", "coordinates": [ 140.0925, 36.175278 ] } },
{ "type": "Feature", "properties": { "ID": 82208610531, "正式名称": "広瀬クリニック", "機関区分": 2, "都道府県コード": 8, "市区町村コード": 220, "所在地": "茨城県つくば市国松５６－１", "緯度": 36.204722, "経度": 140.080278, "url": "https://www.iryou.teikyouseido.mhlw.go.jp/znk-web/juminkanja/S2430/initialize?prefCd=08&kikanCd=208610531&kikanKbn=2", "url2": "https://www.hiro-326.jp", "内容": "広瀬クリニック【2:診療所】【診療科目:内科_外科_整形外科_リウマチ科_リハビリテーション科】茨城県つくば市国松５６－１" }, "geometry": { "type": "Point", "coordinates": [ 140.080278, 36.204722 ] } },
{ "type": "Feature", "properties": { "ID": 82208610560, "正式名称": "医療法人小田内科クリニック", "機関区分": 2, "都道府県コード": 8, "市区町村コード": 220, "所在地": "茨城県つくば市小田２９５１－５", "緯度": 36.155976, "経度": 140.109295, "url": "https://www.iryou.teikyouseido.mhlw.go.jp/znk-web/juminkanja/S2430/initialize?prefCd=08&kikanCd=208610560&kikanKbn=2", "url2": "http://oda-naika.jp", "内容": "医療法人小田内科クリニック【2:診療所】【診療科目:内科_循環器内科_消化器内科_神経内科】茨城県つくば市小田２９５１－５" }, "geometry": { "type": "Point", "coordinates": [ 140.109295, 36.155976 ] } },
{ "type": "Feature", "properties": { "ID": 82208610586, "正式名称": "柴原医院", "機関区分": 2, "都道府県コード": 8, "市区町村コード": 220, "所在地": "茨城県つくば市吉沼１１５１", "緯度": 36.141389, "経度": 140.015, "url": "https://www.iryou.teikyouseido.mhlw.go.jp/znk-web/juminkanja/S2430/initialize?prefCd=08&kikanCd=208610586&kikanKbn=2", "url2": "http://www.shibahara-iin.com/", "内容": "柴原医院【2:診療所】【診療科目:内科_消化器内科_小児科】茨城県つくば市吉沼１１５１" }, "geometry": { "type": "Point", "coordinates": [ 140.015, 36.141389 ] } },
{ "type": "Feature", "properties": { "ID": 82208610603, "正式名称": "寺崎クリニック", "機関区分": 2, "都道府県コード": 8, "市区町村コード": 220, "所在地": "茨城県つくば市吉沼１４３７－１", "緯度": 36.145588, "経度": 140.01433, "url": "https://www.iryou.teikyouseido.mhlw.go.jp/znk-web/juminkanja/S2430/initialize?prefCd=08&kikanCd=208610603&kikanKbn=2", "url2": null, "内容": "寺崎クリニック【2:診療所】【診療科目:内科_小児科】茨城県つくば市吉沼１４３７－１" }, "geometry": { "type": "Point", "coordinates": [ 140.01433, 36.145588 ] } },
{ "type": "Feature", "properties": { "ID": 82208610616, "正式名称": "北條医院", "機関区分": 2, "都道府県コード": 8, "市区町村コード": 220, "所在地": "茨城県つくば市花畑３－２８－８", "緯度": 36.128611, "経度": 140.092778, "url": "https://www.iryou.teikyouseido.mhlw.go.jp/znk-web/juminkanja/S2430/initialize?prefCd=08&kikanCd=208610616&kikanKbn=2", "url2": null, "内容": "北條医院【2:診療所】【診療科目:内科_消化器内科_小児科】茨城県つくば市花畑３－２８－８" }, "geometry": { "type": "Point", "coordinates": [ 140.092778, 36.128611 ] } },
{ "type": "Feature", "properties": { "ID": 82208610687, "正式名称": "耳鼻咽喉科大橋医院", "機関区分": 2, "都道府県コード": 8, "市区町村コード": 220, "所在地": "茨城県つくば市大角豆９４９－１０", "緯度": 36.067314, "経度": 140.1496, "url": "https://www.iryou.teikyouseido.mhlw.go.jp/znk-web/juminkanja/S2430/initialize?prefCd=08&kikanCd=208610687&kikanKbn=2", "url2": null, "内容": "耳鼻咽喉科大橋医院【2:診療所】【診療科目:耳鼻いんこう科】茨城県つくば市大角豆９４９－１０" }, "geometry": { "type": "Point", "coordinates": [ 140.1496, 36.067314 ] } },
{ "type": "Feature", "properties": { "ID": 82208610746, "正式名称": "笠井整形外科医院", "機関区分": 2, "都道府県コード": 8, "市区町村コード": 220, "所在地": "茨城県つくば市高崎２２７７－１３", "緯度": 35.998056, "経度": 140.131389, "url": "https://www.iryou.teikyouseido.mhlw.go.jp/znk-web/juminkanja/S2430/initialize?prefCd=08&kikanCd=208610746&kikanKbn=2", "url2": "kasaiseikei-tsukuba.com", "内容": "笠井整形外科医院【2:診療所】【診療科目:整形外科_形成外科_皮膚科_リハビリテーション科】茨城県つくば市高崎２２７７－１３" }, "geometry": { "type": "Point", "coordinates": [ 140.131389, 35.998056 ] } },
{ "type": "Feature", "properties": { "ID": 82208610791, "正式名称": "有田皮膚科医院", "機関区分": 2, "都道府県コード": 8, "市区町村コード": 220, "所在地": "茨城県つくば市小野崎７５９－１", "緯度": 36.066944, "経度": 140.100556, "url": "https://www.iryou.teikyouseido.mhlw.go.jp/znk-web/juminkanja/S2430/initialize?prefCd=08&kikanCd=208610791&kikanKbn=2", "url2": null, "内容": "有田皮膚科医院【2:診療所】【診療科目:小児皮膚科_皮膚科_アレルギー科】茨城県つくば市小野崎７５９－１" }, "geometry": { "type": "Point", "coordinates": [ 140.100556, 36.066944 ] } },
{ "type": "Feature", "properties": { "ID": 82208610805, "正式名称": "東郷医院", "機関区分": 2, "都道府県コード": 8, "市区町村コード": 220, "所在地": "茨城県つくば市館野６３６", "緯度": 36.039444, "経度": 140.117222, "url": "https://www.iryou.teikyouseido.mhlw.go.jp/znk-web/juminkanja/S2430/initialize?prefCd=08&kikanCd=208610805&kikanKbn=2", "url2": null, "内容": "東郷医院【2:診療所】【診療科目:内科_呼吸器内科_循環器内科_消化器内科_小児科】茨城県つくば市館野６３６" }, "geometry": { "type": "Point", "coordinates": [ 140.117222, 36.039444 ] } },
{ "type": "Feature", "properties": { "ID": 82208610863, "正式名称": "沼尻整形外科・胃腸科", "機関区分": 2, "都道府県コード": 8, "市区町村コード": 220, "所在地": "茨城県つくば市谷田部２１５３", "緯度": 36.034832, "経度": 140.067982, "url": "https://www.iryou.teikyouseido.mhlw.go.jp/znk-web/juminkanja/S2430/initialize?prefCd=08&kikanCd=208610863&kikanKbn=2", "url2": null, "内容": "沼尻整形外科・胃腸科【2:診療所】【診療科目:胃腸内科_外科_整形外科_リハビリテーション科】茨城県つくば市谷田部２１５３" }, "geometry": { "type": "Point", "coordinates": [ 140.067982, 36.034832 ] } },
{ "type": "Feature", "properties": { "ID": 82208610876, "正式名称": "医療法人社団　池野医院", "機関区分": 2, "都道府県コード": 8, "市区町村コード": 220, "所在地": "茨城県つくば市高野台２－１６－８", "緯度": 36.022222, "経度": 140.124167, "url": "https://www.iryou.teikyouseido.mhlw.go.jp/znk-web/juminkanja/S2430/initialize?prefCd=08&kikanCd=208610876&kikanKbn=2", "url2": "http://www.ikenoiin.jp/", "内容": "医療法人社団　池野医院【2:診療所】【診療科目:内科_小児科_皮膚科】茨城県つくば市高野台２－１６－８" }, "geometry": { "type": "Point", "coordinates": [ 140.124167, 36.022222 ] } },
{ "type": "Feature", "properties": { "ID": 82208610892, "正式名称": "緑クリニック医院", "機関区分": 2, "都道府県コード": 8, "市区町村コード": 235, "所在地": "茨城県つくばみらい市谷井田２２１５", "緯度": 35.9598, "経度": 140.04543, "url": "https://www.iryou.teikyouseido.mhlw.go.jp/znk-web/juminkanja/S2430/initialize?prefCd=08&kikanCd=208610892&kikanKbn=2", "url2": "https://green-clinic.jp/", "内容": "緑クリニック医院【2:診療所】【診療科目:内科_消化器内科_胃腸内科_肝臓内科_漢方内科_ペインクリニック内科_ペインクリニック外科_整形外科_小児科_耳鼻いんこう科_皮膚科_リハビリテーション科_麻酔科】茨城県つくばみらい市谷井田２２１５" }, "geometry": { "type": "Point", "coordinates": [ 140.04543, 35.9598 ] } },
{ "type": "Feature", "properties": { "ID": 82208610906, "正式名称": "医療法人つくば白亜クリニック", "機関区分": 2, "都道府県コード": 8, "市区町村コード": 220, "所在地": "茨城県つくば市みどりの２丁目４０番地２", "緯度": 36.033056, "経度": 140.052778, "url": "https://www.iryou.teikyouseido.mhlw.go.jp/znk-web/juminkanja/S2430/initialize?prefCd=08&kikanCd=208610906&kikanKbn=2", "url2": null, "内容": "医療法人つくば白亜クリニック【2:診療所】【診療科目:内科】茨城県つくば市みどりの２丁目４０番地２" }, "geometry": { "type": "Point", "coordinates": [ 140.052778, 36.033056 ] } },
{ "type": "Feature", "properties": { "ID": 82208610977, "正式名称": "かわごえ皮膚科クリニック", "機関区分": 2, "都道府県コード": 8, "市区町村コード": 220, "所在地": "茨城県つくば市竹園２－１４－１グランデュール竹園１Ｆ", "緯度": 36.076935, "経度": 140.120983, "url": "https://www.iryou.teikyouseido.mhlw.go.jp/znk-web/juminkanja/S2430/initialize?prefCd=08&kikanCd=208610977&kikanKbn=2", "url2": "https://epark.jp/shopinfo/hpl15520/", "内容": "かわごえ皮膚科クリニック【2:診療所】【診療科目:皮膚科_美容皮膚科】茨城県つくば市竹園２－１４－１グランデュール竹園１Ｆ" }, "geometry": { "type": "Point", "coordinates": [ 140.120983, 36.076935 ] } },
{ "type": "Feature", "properties": { "ID": 82208610980, "正式名称": "医療法人恩澤会自由ケ丘医院", "機関区分": 2, "都道府県コード": 8, "市区町村コード": 220, "所在地": "茨城県つくば市自由ケ丘１６５－１９", "緯度": 35.958333, "経度": 140.105556, "url": "https://www.iryou.teikyouseido.mhlw.go.jp/znk-web/juminkanja/S2430/initialize?prefCd=08&kikanCd=208610980&kikanKbn=2", "url2": "http://jiyugaoka-clinic.com/", "内容": "医療法人恩澤会自由ケ丘医院【2:診療所】【診療科目:内科_整形外科_形成外科_小児科_皮膚科_リウマチ科】茨城県つくば市自由ケ丘１６５－１９" }, "geometry": { "type": "Point", "coordinates": [ 140.105556, 35.958333 ] } },
{ "type": "Feature", "properties": { "ID": 82208611004, "正式名称": "岡野整形外科・内科クリニック", "機関区分": 2, "都道府県コード": 8, "市区町村コード": 220, "所在地": "茨城県つくば市西大橋１９２", "緯度": 36.068611, "経度": 140.093611, "url": "https://www.iryou.teikyouseido.mhlw.go.jp/znk-web/juminkanja/S2430/initialize?prefCd=08&kikanCd=208611004&kikanKbn=2", "url2": "http://www.okano-seikei.com", "内容": "岡野整形外科・内科クリニック【2:診療所】【診療科目:内科_整形外科_リハビリテーション科_放射線科】茨城県つくば市西大橋１９２" }, "geometry": { "type": "Point", "coordinates": [ 140.093611, 36.068611 ] } },
{ "type": "Feature", "properties": { "ID": 82208611017, "正式名称": "医療法人長沢眼科", "機関区分": 2, "都道府県コード": 8, "市区町村コード": 220, "所在地": "茨城県つくば市西岡２５２", "緯度": 36.068611, "経度": 140.090833, "url": "https://www.iryou.teikyouseido.mhlw.go.jp/znk-web/juminkanja/S2430/initialize?prefCd=08&kikanCd=208611017&kikanKbn=2", "url2": null, "内容": "医療法人長沢眼科【2:診療所】【診療科目:眼科】茨城県つくば市西岡２５２" }, "geometry": { "type": "Point", "coordinates": [ 140.090833, 36.068611 ] } },
{ "type": "Feature", "properties": { "ID": 82208611020, "正式名称": "医療法人根本クリニック", "機関区分": 2, "都道府県コード": 8, "市区町村コード": 220, "所在地": "茨城県つくば市鬼ケ窪１１０８", "緯度": 36.080833, "経度": 140.051111, "url": "https://www.iryou.teikyouseido.mhlw.go.jp/znk-web/juminkanja/S2430/initialize?prefCd=08&kikanCd=208611020&kikanKbn=2", "url2": null, "内容": "医療法人根本クリニック【2:診療所】【診療科目:内科_皮膚科_泌尿器科】茨城県つくば市鬼ケ窪１１０８" }, "geometry": { "type": "Point", "coordinates": [ 140.051111, 36.080833 ] } },
{ "type": "Feature", "properties": { "ID": 82208611033, "正式名称": "高田整形外科", "機関区分": 2, "都道府県コード": 8, "市区町村コード": 220, "所在地": "茨城県つくば市栗原３９６３", "緯度": 36.118889, "経度": 140.103056, "url": "https://www.iryou.teikyouseido.mhlw.go.jp/znk-web/juminkanja/S2430/initialize?prefCd=08&kikanCd=208611033&kikanKbn=2", "url2": null, "内容": "高田整形外科【2:診療所】【診療科目:整形外科】茨城県つくば市栗原３９６３" }, "geometry": { "type": "Point", "coordinates": [ 140.103056, 36.118889 ] } },
{ "type": "Feature", "properties": { "ID": 82208611062, "正式名称": "南大通りクリニック", "機関区分": 2, "都道府県コード": 8, "市区町村コード": 220, "所在地": "茨城県つくば市竹園２丁目１６－２４南大通りクリニック", "緯度": 36.076028, "経度": 140.12126, "url": "https://www.iryou.teikyouseido.mhlw.go.jp/znk-web/juminkanja/S2430/initialize?prefCd=08&kikanCd=208611062&kikanKbn=2", "url2": null, "内容": "南大通りクリニック【2:診療所】【診療科目:内科_外科_小児科】茨城県つくば市竹園２丁目１６－２４南大通りクリニック" }, "geometry": { "type": "Point", "coordinates": [ 140.12126, 36.076028 ] } },
{ "type": "Feature", "properties": { "ID": 82208611075, "正式名称": "医療法人社団豊正会　宮本内科クリニック", "機関区分": 2, "都道府県コード": 8, "市区町村コード": 220, "所在地": "茨城県つくば市原１－４", "緯度": 36.075278, "経度": 140.101111, "url": "https://www.iryou.teikyouseido.mhlw.go.jp/znk-web/juminkanja/S2430/initialize?prefCd=08&kikanCd=208611075&kikanKbn=2", "url2": "http://www.miyamoto-naika.jp/", "内容": "医療法人社団豊正会　宮本内科クリニック【2:診療所】【診療科目:内科_循環器内科_消化器内科】茨城県つくば市原１－４" }, "geometry": { "type": "Point", "coordinates": [ 140.101111, 36.075278 ] } },
{ "type": "Feature", "properties": { "ID": 82208611088, "正式名称": "国立大学法人筑波技術大学保健科学部附属東西医学統合医療センター", "機関区分": 2, "都道府県コード": 8, "市区町村コード": 220, "所在地": "茨城県つくば市春日４－１２－７", "緯度": 36.0925, "経度": 140.103611, "url": "https://www.iryou.teikyouseido.mhlw.go.jp/znk-web/juminkanja/S2430/initialize?prefCd=08&kikanCd=208611088&kikanKbn=2", "url2": "http://www.k.tsukuba-tech.ac.jp/cl/", "内容": "国立大学法人筑波技術大学保健科学部附属東西医学統合医療センター【2:診療所】【診療科目:内科_循環器内科_消化器内科_神経内科_緩和ケア内科_脳神経外科_整形外科_リハビリテーション科_放射線科】茨城県つくば市春日４－１２－７" }, "geometry": { "type": "Point", "coordinates": [ 140.103611, 36.0925 ] } },
{ "type": "Feature", "properties": { "ID": 82208611105, "正式名称": "医療法人中川医院", "機関区分": 2, "都道府県コード": 8, "市区町村コード": 220, "所在地": "茨城県つくば市篠崎２２７２－１", "緯度": 36.134722, "経度": 140.060556, "url": "https://www.iryou.teikyouseido.mhlw.go.jp/znk-web/juminkanja/S2430/initialize?prefCd=08&kikanCd=208611105&kikanKbn=2", "url2": null, "内容": "医療法人中川医院【2:診療所】【診療科目:内科_呼吸器内科_消化器内科_外科_整形外科_皮膚科】茨城県つくば市篠崎２２７２－１" }, "geometry": { "type": "Point", "coordinates": [ 140.060556, 36.134722 ] } },
{ "type": "Feature", "properties": { "ID": 82208611121, "正式名称": "木村クリニック", "機関区分": 2, "都道府県コード": 8, "市区町村コード": 220, "所在地": "茨城県つくば市作谷１１２５", "緯度": 36.177778, "経度": 140.046111, "url": "https://www.iryou.teikyouseido.mhlw.go.jp/znk-web/juminkanja/S2430/initialize?prefCd=08&kikanCd=208611121&kikanKbn=2", "url2": "https://kimura-poc.com/", "内容": "木村クリニック【2:診療所】【診療科目:内科_整形外科_リハビリテーション科】茨城県つくば市作谷１１２５" }, "geometry": { "type": "Point", "coordinates": [ 140.046111, 36.177778 ] } },
{ "type": "Feature", "properties": { "ID": 82208611147, "正式名称": "医療法人社団健麗会宮川内科・胃腸科医院", "機関区分": 2, "都道府県コード": 8, "市区町村コード": 220, "所在地": "茨城県つくば市二の宮２丁目２－２６", "緯度": 36.062222, "経度": 140.1225, "url": "https://www.iryou.teikyouseido.mhlw.go.jp/znk-web/juminkanja/S2430/initialize?prefCd=08&kikanCd=208611147&kikanKbn=2", "url2": "http://www.miyakawa-naika.jp", "内容": "医療法人社団健麗会宮川内科・胃腸科医院【2:診療所】【診療科目:内科_糖尿病内科_循環器内科_胃腸内科_小児科】茨城県つくば市二の宮２丁目２－２６" }, "geometry": { "type": "Point", "coordinates": [ 140.1225, 36.062222 ] } },
{ "type": "Feature", "properties": { "ID": 82208611163, "正式名称": "江原こどもクリニック", "機関区分": 2, "都道府県コード": 8, "市区町村コード": 220, "所在地": "茨城県つくば市谷田部７７６", "緯度": 36.029444, "経度": 140.068889, "url": "https://www.iryou.teikyouseido.mhlw.go.jp/znk-web/juminkanja/S2430/initialize?prefCd=08&kikanCd=208611163&kikanKbn=2", "url2": "https://www.ecctsukuba.net/", "内容": "江原こどもクリニック【2:診療所】【診療科目:小児科】茨城県つくば市谷田部７７６" }, "geometry": { "type": "Point", "coordinates": [ 140.068889, 36.029444 ] } },
{ "type": "Feature", "properties": { "ID": 82208611189, "正式名称": "医療法人倉田内科クリニック", "機関区分": 2, "都道府県コード": 8, "市区町村コード": 220, "所在地": "茨城県つくば市栗原３４４３", "緯度": 36.118889, "経度": 140.109722, "url": "https://www.iryou.teikyouseido.mhlw.go.jp/znk-web/juminkanja/S2430/initialize?prefCd=08&kikanCd=208611189&kikanKbn=2", "url2": null, "内容": "医療法人倉田内科クリニック【2:診療所】【診療科目:内科_小児科】茨城県つくば市栗原３４４３" }, "geometry": { "type": "Point", "coordinates": [ 140.109722, 36.118889 ] } },
{ "type": "Feature", "properties": { "ID": 82208611192, "正式名称": "二の宮越智クリニック", "機関区分": 2, "都道府県コード": 8, "市区町村コード": 220, "所在地": "茨城県つくば市松野木１８７ー３", "緯度": 36.055, "経度": 140.120278, "url": "https://www.iryou.teikyouseido.mhlw.go.jp/znk-web/juminkanja/S2430/initialize?prefCd=08&kikanCd=208611192&kikanKbn=2", "url2": null, "内容": "二の宮越智クリニック【2:診療所】【診療科目:内科_外科_形成外科_小児科_小児外科】茨城県つくば市松野木１８７ー３" }, "geometry": { "type": "Point", "coordinates": [ 140.120278, 36.055 ] } },
{ "type": "Feature", "properties": { "ID": 82208611264, "正式名称": "医療法人飯岡医院", "機関区分": 2, "都道府県コード": 8, "市区町村コード": 220, "所在地": "茨城県つくば市桜３－２０ー２", "緯度": 36.115442, "経度": 140.114351, "url": "https://www.iryou.teikyouseido.mhlw.go.jp/znk-web/juminkanja/S2430/initialize?prefCd=08&kikanCd=208611264&kikanKbn=2", "url2": "https://iiokaiin-sakura.com", "内容": "医療法人飯岡医院【2:診療所】【診療科目:内科_小児科】茨城県つくば市桜３－２０ー２" }, "geometry": { "type": "Point", "coordinates": [ 140.114351, 36.115442 ] } },
{ "type": "Feature", "properties": { "ID": 82208620055, "正式名称": "医療法人上牧整形外科医院", "機関区分": 2, "都道府県コード": 8, "市区町村コード": 227, "所在地": "茨城県筑西市甲３３４", "緯度": 36.310278, "経度": 139.979167, "url": "https://www.iryou.teikyouseido.mhlw.go.jp/znk-web/juminkanja/S2430/initialize?prefCd=08&kikanCd=208620055&kikanKbn=2", "url2": null, "内容": "医療法人上牧整形外科医院【2:診療所】【診療科目:整形外科_リウマチ科】茨城県筑西市甲３３４" }, "geometry": { "type": "Point", "coordinates": [ 139.979167, 36.310278 ] } },
{ "type": "Feature", "properties": { "ID": 82208620130, "正式名称": "玉野医院", "機関区分": 2, "都道府県コード": 8, "市区町村コード": 227, "所在地": "茨城県筑西市下川島７５９", "緯度": 36.289167, "経度": 139.916389, "url": "https://www.iryou.teikyouseido.mhlw.go.jp/znk-web/juminkanja/S2430/initialize?prefCd=08&kikanCd=208620130&kikanKbn=2", "url2": null, "内容": "玉野医院【2:診療所】【診療科目:内科_循環器内科_消化器内科】茨城県筑西市下川島７５９" }, "geometry": { "type": "Point", "coordinates": [ 139.916389, 36.289167 ] } },
{ "type": "Feature", "properties": { "ID": 82208620143, "正式名称": "直江医院", "機関区分": 2, "都道府県コード": 8, "市区町村コード": 227, "所在地": "茨城県筑西市丙１４７", "緯度": 36.304167, "経度": 139.984167, "url": "https://www.iryou.teikyouseido.mhlw.go.jp/znk-web/juminkanja/S2430/initialize?prefCd=08&kikanCd=208620143&kikanKbn=2", "url2": null, "内容": "直江医院【2:診療所】【診療科目:内科_消化器内科_外科_皮膚科_放射線科】茨城県筑西市丙１４７" }, "geometry": { "type": "Point", "coordinates": [ 139.984167, 36.304167 ] } },
{ "type": "Feature", "properties": { "ID": 82208620231, "正式名称": "八島医院", "機関区分": 2, "都道府県コード": 8, "市区町村コード": 227, "所在地": "茨城県筑西市稲野辺２４８", "緯度": 36.318348, "経度": 139.9823, "url": "https://www.iryou.teikyouseido.mhlw.go.jp/znk-web/juminkanja/S2430/initialize?prefCd=08&kikanCd=208620231&kikanKbn=2", "url2": null, "内容": "八島医院【2:診療所】【診療科目:内科_呼吸器内科_循環器内科_消化器内科_胃腸内科_小児科】茨城県筑西市稲野辺２４８" }, "geometry": { "type": "Point", "coordinates": [ 139.9823, 36.318348 ] } },
{ "type": "Feature", "properties": { "ID": 82208620260, "正式名称": "医療法人社団新井内科医院", "機関区分": 2, "都道府県コード": 8, "市区町村コード": 227, "所在地": "茨城県筑西市甲１４６", "緯度": 36.304167, "経度": 139.979167, "url": "https://www.iryou.teikyouseido.mhlw.go.jp/znk-web/juminkanja/S2430/initialize?prefCd=08&kikanCd=208620260&kikanKbn=2", "url2": "http://www.arai-medicalclinic.com/", "内容": "医療法人社団新井内科医院【2:診療所】【診療科目:内科_小児科】茨城県筑西市甲１４６" }, "geometry": { "type": "Point", "coordinates": [ 139.979167, 36.304167 ] } },
{ "type": "Feature", "properties": { "ID": 82208620299, "正式名称": "杏林堂医院", "機関区分": 2, "都道府県コード": 8, "市区町村コード": 227, "所在地": "茨城県筑西市下中山５８２－３", "緯度": 36.308369, "経度": 139.985956, "url": "https://www.iryou.teikyouseido.mhlw.go.jp/znk-web/juminkanja/S2430/initialize?prefCd=08&kikanCd=208620299&kikanKbn=2", "url2": "http://kyourindouiin.web.fc2.com/", "内容": "杏林堂医院【2:診療所】【診療科目:泌尿器科】茨城県筑西市下中山５８２－３" }, "geometry": { "type": "Point", "coordinates": [ 139.985956, 36.308369 ] } },
{ "type": "Feature", "properties": { "ID": 82208620459, "正式名称": "医療法人兼愛会栗原胃腸科医院", "機関区分": 2, "都道府県コード": 8, "市区町村コード": 207, "所在地": "茨城県結城市結城３５４－３", "緯度": 36.300354, "経度": 139.876778, "url": "https://www.iryou.teikyouseido.mhlw.go.jp/znk-web/juminkanja/S2430/initialize?prefCd=08&kikanCd=208620459&kikanKbn=2", "url2": null, "内容": "医療法人兼愛会栗原胃腸科医院【2:診療所】【診療科目:内科_胃腸内科_小児科】茨城県結城市結城３５４－３" }, "geometry": { "type": "Point", "coordinates": [ 139.876778, 36.300354 ] } },
{ "type": "Feature", "properties": { "ID": 82208620505, "正式名称": "医療法人同仁会みやたクリニック", "機関区分": 2, "都道府県コード": 8, "市区町村コード": 207, "所在地": "茨城県結城市結城１１４４４－６", "緯度": 36.301389, "経度": 139.878056, "url": "https://www.iryou.teikyouseido.mhlw.go.jp/znk-web/juminkanja/S2430/initialize?prefCd=08&kikanCd=208620505&kikanKbn=2", "url2": "www.miyata-cllinic.biz", "内容": "医療法人同仁会みやたクリニック【2:診療所】【診療科目:内科_消化器内科_内視鏡内科_小児科】茨城県結城市結城１１４４４－６" }, "geometry": { "type": "Point", "coordinates": [ 139.878056, 36.301389 ] } },
{ "type": "Feature", "properties": { "ID": 82208620518, "正式名称": "宮田外科医院", "機関区分": 2, "都道府県コード": 8, "市区町村コード": 207, "所在地": "茨城県結城市結城３４４ー６", "緯度": 36.297222, "経度": 139.879167, "url": "https://www.iryou.teikyouseido.mhlw.go.jp/znk-web/juminkanja/S2430/initialize?prefCd=08&kikanCd=208620518&kikanKbn=2", "url2": null, "内容": "宮田外科医院【2:診療所】【診療科目:内科_循環器内科_外科_皮膚科】茨城県結城市結城３４４ー６" }, "geometry": { "type": "Point", "coordinates": [ 139.879167, 36.297222 ] } },
{ "type": "Feature", "properties": { "ID": 82208620547, "正式名称": "渡邉医院", "機関区分": 2, "都道府県コード": 8, "市区町村コード": 207, "所在地": "茨城県結城市山川新宿１６８", "緯度": 36.225556, "経度": 139.873889, "url": "https://www.iryou.teikyouseido.mhlw.go.jp/znk-web/juminkanja/S2430/initialize?prefCd=08&kikanCd=208620547&kikanKbn=2", "url2": null, "内容": "渡邉医院【2:診療所】【診療科目:内科_呼吸器内科_循環器内科_小児科_皮膚科】茨城県結城市山川新宿１６８" }, "geometry": { "type": "Point", "coordinates": [ 139.873889, 36.225556 ] } },
{ "type": "Feature", "properties": { "ID": 82208620635, "正式名称": "大木医院", "機関区分": 2, "都道府県コード": 8, "市区町村コード": 207, "所在地": "茨城県結城市小田林２５２０－２９", "緯度": 36.294444, "経度": 139.8575, "url": "https://www.iryou.teikyouseido.mhlw.go.jp/znk-web/juminkanja/S2430/initialize?prefCd=08&kikanCd=208620635&kikanKbn=2", "url2": null, "内容": "大木医院【2:診療所】【診療科目:内科_脳神経外科_耳鼻いんこう科】茨城県結城市小田林２５２０－２９" }, "geometry": { "type": "Point", "coordinates": [ 139.8575, 36.294444 ] } },
{ "type": "Feature", "properties": { "ID": 82208620664, "正式名称": "医療法人創樹会稲葉医院", "機関区分": 2, "都道府県コード": 8, "市区町村コード": 207, "所在地": "茨城県結城市結城１４１６", "緯度": 36.301389, "経度": 139.878889, "url": "https://www.iryou.teikyouseido.mhlw.go.jp/znk-web/juminkanja/S2430/initialize?prefCd=08&kikanCd=208620664&kikanKbn=2", "url2": "https://inabaiin.sakura.ne.jp/", "内容": "医療法人創樹会稲葉医院【2:診療所】【診療科目:内科_循環器内科_消化器内科】茨城県結城市結城１４１６" }, "geometry": { "type": "Point", "coordinates": [ 139.878889, 36.301389 ] } },
{ "type": "Feature", "properties": { "ID": 82208620677, "正式名称": "飯田医院", "機関区分": 2, "都道府県コード": 8, "市区町村コード": 227, "所在地": "茨城県筑西市木戸５２", "緯度": 36.236111, "経度": 139.976944, "url": "https://www.iryou.teikyouseido.mhlw.go.jp/znk-web/juminkanja/S2430/initialize?prefCd=08&kikanCd=208620677&kikanKbn=2", "url2": null, "内容": "飯田医院【2:診療所】【診療科目:内科_小児科_眼科】茨城県筑西市木戸５２" }, "geometry": { "type": "Point", "coordinates": [ 139.976944, 36.236111 ] } },
{ "type": "Feature", "properties": { "ID": 82208620778, "正式名称": "横瀬医院", "機関区分": 2, "都道府県コード": 8, "市区町村コード": 227, "所在地": "茨城県筑西市海老ケ島９６２ー２", "緯度": 36.250439, "経度": 140.040884, "url": "https://www.iryou.teikyouseido.mhlw.go.jp/znk-web/juminkanja/S2430/initialize?prefCd=08&kikanCd=208620778&kikanKbn=2", "url2": null, "内容": "横瀬医院【2:診療所】【診療科目:内科_婦人科】茨城県筑西市海老ケ島９６２ー２" }, "geometry": { "type": "Point", "coordinates": [ 140.040884, 36.250439 ] } },
{ "type": "Feature", "properties": { "ID": 82208620983, "正式名称": "医療法人茗悠会明野中央医院", "機関区分": 2, "都道府県コード": 8, "市区町村コード": 227, "所在地": "茨城県筑西市海老ケ島９２６", "緯度": 36.245, "経度": 140.043333, "url": "https://www.iryou.teikyouseido.mhlw.go.jp/znk-web/juminkanja/S2430/initialize?prefCd=08&kikanCd=208620983&kikanKbn=2", "url2": null, "内容": "医療法人茗悠会明野中央医院【2:診療所】【診療科目:内科_消化器内科_外科_整形外科_小児科】茨城県筑西市海老ケ島９２６" }, "geometry": { "type": "Point", "coordinates": [ 140.043333, 36.245 ] } },
{ "type": "Feature", "properties": { "ID": 82208621023, "正式名称": "佐久間耳鼻咽喉科", "機関区分": 2, "都道府県コード": 8, "市区町村コード": 207, "所在地": "茨城県結城市結城３６８－３", "緯度": 36.295833, "経度": 139.879444, "url": "https://www.iryou.teikyouseido.mhlw.go.jp/znk-web/juminkanja/S2430/initialize?prefCd=08&kikanCd=208621023&kikanKbn=2", "url2": null, "内容": "佐久間耳鼻咽喉科【2:診療所】【診療科目:小児耳鼻いんこう科_耳鼻いんこう科】茨城県結城市結城３６８－３" }, "geometry": { "type": "Point", "coordinates": [ 139.879444, 36.295833 ] } },
{ "type": "Feature", "properties": { "ID": 82208621049, "正式名称": "下館胃腸科医院", "機関区分": 2, "都道府県コード": 8, "市区町村コード": 227, "所在地": "茨城県筑西市二木成１５１９", "緯度": 36.296111, "経度": 139.984444, "url": "https://www.iryou.teikyouseido.mhlw.go.jp/znk-web/juminkanja/S2430/initialize?prefCd=08&kikanCd=208621049&kikanKbn=2", "url2": "http://www.sousinkai.com", "内容": "下館胃腸科医院【2:診療所】【診療科目:内科_胃腸内科_外科】茨城県筑西市二木成１５１９" }, "geometry": { "type": "Point", "coordinates": [ 139.984444, 36.296111 ] } },
{ "type": "Feature", "properties": { "ID": 82208621124, "正式名称": "和田耳鼻咽喉科", "機関区分": 2, "都道府県コード": 8, "市区町村コード": 207, "所在地": "茨城県結城市結城１３６６７", "緯度": 36.294722, "経度": 139.873611, "url": "https://www.iryou.teikyouseido.mhlw.go.jp/znk-web/juminkanja/S2430/initialize?prefCd=08&kikanCd=208621124&kikanKbn=2", "url2": null, "内容": "和田耳鼻咽喉科【2:診療所】【診療科目:小児耳鼻いんこう科_耳鼻いんこう科】茨城県結城市結城１３６６７" }, "geometry": { "type": "Point", "coordinates": [ 139.873611, 36.294722 ] } },
{ "type": "Feature", "properties": { "ID": 82208621166, "正式名称": "医療法人穰会しろがねクリニック", "機関区分": 2, "都道府県コード": 8, "市区町村コード": 207, "所在地": "茨城県結城市結城１３４４７", "緯度": 36.292778, "経度": 139.876944, "url": "https://www.iryou.teikyouseido.mhlw.go.jp/znk-web/juminkanja/S2430/initialize?prefCd=08&kikanCd=208621166&kikanKbn=2", "url2": null, "内容": "医療法人穰会しろがねクリニック【2:診療所】【診療科目:内科_整形外科_小児科_リウマチ科】茨城県結城市結城１３４４７" }, "geometry": { "type": "Point", "coordinates": [ 139.876944, 36.292778 ] } },
{ "type": "Feature", "properties": { "ID": 82208621179, "正式名称": "内科宮本医院", "機関区分": 2, "都道府県コード": 8, "市区町村コード": 231, "所在地": "茨城県桜川市真壁町古城２２９－１", "緯度": 36.270278, "経度": 140.108889, "url": "https://www.iryou.teikyouseido.mhlw.go.jp/znk-web/juminkanja/S2430/initialize?prefCd=08&kikanCd=208621179&kikanKbn=2", "url2": "shoutokukai.com", "内容": "内科宮本医院【2:診療所】【診療科目:内科_循環器内科_消化器内科_内視鏡内科】茨城県桜川市真壁町古城２２９－１" }, "geometry": { "type": "Point", "coordinates": [ 140.108889, 36.270278 ] } },
{ "type": "Feature", "properties": { "ID": 82208621195, "正式名称": "大田医院", "機関区分": 2, "都道府県コード": 8, "市区町村コード": 227, "所在地": "茨城県筑西市西方１６８４－１", "緯度": 36.28, "経度": 139.966389, "url": "https://www.iryou.teikyouseido.mhlw.go.jp/znk-web/juminkanja/S2430/initialize?prefCd=08&kikanCd=208621195&kikanKbn=2", "url2": null, "内容": "大田医院【2:診療所】【診療科目:内科_循環器内科_消化器内科_小児科_皮膚科】茨城県筑西市西方１６８４－１" }, "geometry": { "type": "Point", "coordinates": [ 139.966389, 36.28 ] } },
{ "type": "Feature", "properties": { "ID": 82208621209, "正式名称": "医療法人慈聖会平間産婦人科医院", "機関区分": 2, "都道府県コード": 8, "市区町村コード": 227, "所在地": "茨城県筑西市甲９５－５", "緯度": 36.305278, "経度": 139.98, "url": "https://www.iryou.teikyouseido.mhlw.go.jp/znk-web/juminkanja/S2430/initialize?prefCd=08&kikanCd=208621209&kikanKbn=2", "url2": "http://hirama-sanfujinka.jp/", "内容": "医療法人慈聖会平間産婦人科医院【2:診療所】【診療科目:小児科_産婦人科】茨城県筑西市甲９５－５" }, "geometry": { "type": "Point", "coordinates": [ 139.98, 36.305278 ] } },
{ "type": "Feature", "properties": { "ID": 82208621238, "正式名称": "河上医院", "機関区分": 2, "都道府県コード": 8, "市区町村コード": 227, "所在地": "茨城県筑西市舟生１０５９－３", "緯度": 36.249298, "経度": 139.934839, "url": "https://www.iryou.teikyouseido.mhlw.go.jp/znk-web/juminkanja/S2430/initialize?prefCd=08&kikanCd=208621238&kikanKbn=2", "url2": "https://kawakami-iin.jp", "内容": "河上医院【2:診療所】【診療科目:内科_小児科】茨城県筑西市舟生１０５９－３" }, "geometry": { "type": "Point", "coordinates": [ 139.934839, 36.249298 ] } },
{ "type": "Feature", "properties": { "ID": 82208621283, "正式名称": "長沢医院", "機関区分": 2, "都道府県コード": 8, "市区町村コード": 207, "所在地": "茨城県結城市結城６３０６－４", "緯度": 36.285556, "経度": 139.885556, "url": "https://www.iryou.teikyouseido.mhlw.go.jp/znk-web/juminkanja/S2430/initialize?prefCd=08&kikanCd=208621283&kikanKbn=2", "url2": null, "内容": "長沢医院【2:診療所】【診療科目:内科_呼吸器内科_循環器内科_消化器内科_小児科】茨城県結城市結城６３０６－４" }, "geometry": { "type": "Point", "coordinates": [ 139.885556, 36.285556 ] } },
{ "type": "Feature", "properties": { "ID": 82208621355, "正式名称": "大圃クリニック", "機関区分": 2, "都道府県コード": 8, "市区町村コード": 227, "所在地": "茨城県筑西市丙１５３－４", "緯度": 36.305027, "経度": 139.97879, "url": "https://www.iryou.teikyouseido.mhlw.go.jp/znk-web/juminkanja/S2430/initialize?prefCd=08&kikanCd=208621355&kikanKbn=2", "url2": null, "内容": "大圃クリニック【2:診療所】【診療科目:内科_消化器内科_胃腸内科_内視鏡内科_外科_形成外科_皮膚科】茨城県筑西市丙１５３－４" }, "geometry": { "type": "Point", "coordinates": [ 139.97879, 36.305027 ] } },
{ "type": "Feature", "properties": { "ID": 82208621368, "正式名称": "医療法人社団　正和会　小松崎産婦人科", "機関区分": 2, "都道府県コード": 8, "市区町村コード": 201, "所在地": "茨城県水戸市本町１ー６ー２０", "緯度": 36.363557, "経度": 140.48828, "url": "https://www.iryou.teikyouseido.mhlw.go.jp/znk-web/juminkanja/S2430/initialize?prefCd=08&kikanCd=208621368&kikanKbn=2", "url2": null, "内容": "医療法人社団　正和会　小松崎産婦人科【2:診療所】【診療科目:内科_産婦人科】茨城県水戸市本町１ー６ー２０" }, "geometry": { "type": "Point", "coordinates": [ 140.48828, 36.363557 ] } },
{ "type": "Feature", "properties": { "ID": 82208621384, "正式名称": "鈴木耳鼻咽喉科医院", "機関区分": 2, "都道府県コード": 8, "市区町村コード": 227, "所在地": "茨城県筑西市二木成１９２９", "緯度": 36.293889, "経度": 139.983889, "url": "https://www.iryou.teikyouseido.mhlw.go.jp/znk-web/juminkanja/S2430/initialize?prefCd=08&kikanCd=208621384&kikanKbn=2", "url2": "https://www.suzuki-jibika.jp/", "内容": "鈴木耳鼻咽喉科医院【2:診療所】【診療科目:耳鼻いんこう科】茨城県筑西市二木成１９２９" }, "geometry": { "type": "Point", "coordinates": [ 139.983889, 36.293889 ] } },
{ "type": "Feature", "properties": { "ID": 82208621430, "正式名称": "にいはり診療所", "機関区分": 2, "都道府県コード": 8, "市区町村コード": 227, "所在地": "茨城県筑西市門井１８０５－３", "緯度": 36.327222, "経度": 140.030278, "url": "https://www.iryou.teikyouseido.mhlw.go.jp/znk-web/juminkanja/S2430/initialize?prefCd=08&kikanCd=208621430&kikanKbn=2", "url2": null, "内容": "にいはり診療所【2:診療所】【診療科目:内科_胃腸内科_外科】茨城県筑西市門井１８０５－３" }, "geometry": { "type": "Point", "coordinates": [ 140.030278, 36.327222 ] } },
{ "type": "Feature", "properties": { "ID": 82208621472, "正式名称": "医療法人社団真聖会落合医院", "機関区分": 2, "都道府県コード": 8, "市区町村コード": 227, "所在地": "茨城県筑西市小栗５６１６－１", "緯度": 36.358935, "経度": 140.021352, "url": "https://www.iryou.teikyouseido.mhlw.go.jp/znk-web/juminkanja/S2430/initialize?prefCd=08&kikanCd=208621472&kikanKbn=2", "url2": null, "内容": "医療法人社団真聖会落合医院【2:診療所】【診療科目:内科_循環器内科_胃腸内科_外科_小児科_リウマチ科】茨城県筑西市小栗５６１６－１" }, "geometry": { "type": "Point", "coordinates": [ 140.021352, 36.358935 ] } },
{ "type": "Feature", "properties": { "ID": 82208621515, "正式名称": "松永内科クリニック", "機関区分": 2, "都道府県コード": 8, "市区町村コード": 207, "所在地": "茨城県結城市中央町２丁目１０－９", "緯度": 36.2884509, "経度": 139.8722194, "url": "https://www.iryou.teikyouseido.mhlw.go.jp/znk-web/juminkanja/S2430/initialize?prefCd=08&kikanCd=208621515&kikanKbn=2", "url2": null, "内容": "松永内科クリニック【2:診療所】【診療科目:内科_循環器内科】茨城県結城市中央町２丁目１０－９" }, "geometry": { "type": "Point", "coordinates": [ 139.8722194, 36.2884509 ] } },
{ "type": "Feature", "properties": { "ID": 82208621528, "正式名称": "大津皮膚科", "機関区分": 2, "都道府県コード": 8, "市区町村コード": 227, "所在地": "茨城県筑西市二木成１６００－２", "緯度": 36.29598, "経度": 139.977878, "url": "https://www.iryou.teikyouseido.mhlw.go.jp/znk-web/juminkanja/S2430/initialize?prefCd=08&kikanCd=208621528&kikanKbn=2", "url2": null, "内容": "大津皮膚科【2:診療所】【診療科目:皮膚科】茨城県筑西市二木成１６００－２" }, "geometry": { "type": "Point", "coordinates": [ 139.977878, 36.29598 ] } },
{ "type": "Feature", "properties": { "ID": 82208621544, "正式名称": "さとうクリニック", "機関区分": 2, "都道府県コード": 8, "市区町村コード": 227, "所在地": "茨城県筑西市丙９２－２", "緯度": 36.306389, "経度": 139.982778, "url": "https://www.iryou.teikyouseido.mhlw.go.jp/znk-web/juminkanja/S2430/initialize?prefCd=08&kikanCd=208621544&kikanKbn=2", "url2": null, "内容": "さとうクリニック【2:診療所】【診療科目:内科_ペインクリニック内科_小児科_麻酔科】茨城県筑西市丙９２－２" }, "geometry": { "type": "Point", "coordinates": [ 139.982778, 36.306389 ] } },
{ "type": "Feature", "properties": { "ID": 82208621557, "正式名称": "社会医療法人恒貴会　大和クリニック", "機関区分": 2, "都道府県コード": 8, "市区町村コード": 231, "所在地": "茨城県桜川市大国玉２５１３－１２", "緯度": 36.314167, "経度": 140.0675, "url": "https://www.iryou.teikyouseido.mhlw.go.jp/znk-web/juminkanja/S2430/initialize?prefCd=08&kikanCd=208621557&kikanKbn=2", "url2": "http://www.kyowachuo.jp/group/yamato.html", "内容": "社会医療法人恒貴会　大和クリニック【2:診療所】【診療科目:内科_小児科_皮膚科】茨城県桜川市大国玉２５１３－１２" }, "geometry": { "type": "Point", "coordinates": [ 140.0675, 36.314167 ] } },
{ "type": "Feature", "properties": { "ID": 82208621586, "正式名称": "医療法人さいとう整形外科", "機関区分": 2, "都道府県コード": 8, "市区町村コード": 227, "所在地": "茨城県筑西市菅谷１１３８－２", "緯度": 36.30383, "経度": 139.967659, "url": "https://www.iryou.teikyouseido.mhlw.go.jp/znk-web/juminkanja/S2430/initialize?prefCd=08&kikanCd=208621586&kikanKbn=2", "url2": "https://saitoseikei.clinic", "内容": "医療法人さいとう整形外科【2:診療所】【診療科目:内科_外科_整形外科_リウマチ科_リハビリテーション科】茨城県筑西市菅谷１１３８－２" }, "geometry": { "type": "Point", "coordinates": [ 139.967659, 36.30383 ] } },
{ "type": "Feature", "properties": { "ID": 82208621599, "正式名称": "医療法人章久会かくらいクリニック", "機関区分": 2, "都道府県コード": 8, "市区町村コード": 227, "所在地": "茨城県筑西市松原２２８", "緯度": 36.251111, "経度": 140.036389, "url": "https://www.iryou.teikyouseido.mhlw.go.jp/znk-web/juminkanja/S2430/initialize?prefCd=08&kikanCd=208621599&kikanKbn=2", "url2": null, "内容": "医療法人章久会かくらいクリニック【2:診療所】【診療科目:内科_小児科_皮膚科_リハビリテーション科】茨城県筑西市松原２２８" }, "geometry": { "type": "Point", "coordinates": [ 140.036389, 36.251111 ] } },
{ "type": "Feature", "properties": { "ID": 82208621661, "正式名称": "つくし野クリニック", "機関区分": 2, "都道府県コード": 8, "市区町村コード": 231, "所在地": "茨城県桜川市真壁町椎尾２０２２", "緯度": 36.238889, "経度": 140.078056, "url": "https://www.iryou.teikyouseido.mhlw.go.jp/znk-web/juminkanja/S2430/initialize?prefCd=08&kikanCd=208621661&kikanKbn=2", "url2": "http://www.tsukusino-clinic.com", "内容": "つくし野クリニック【2:診療所】【診療科目:内科_呼吸器内科_循環器内科_消化器内科_小児科】茨城県桜川市真壁町椎尾２０２２" }, "geometry": { "type": "Point", "coordinates": [ 140.078056, 36.238889 ] } },
{ "type": "Feature", "properties": { "ID": 82208621733, "正式名称": "つぼいクリニック", "機関区分": 2, "都道府県コード": 8, "市区町村コード": 207, "所在地": "茨城県結城市中央町１－１２－２", "緯度": 36.293177, "経度": 139.872561, "url": "https://www.iryou.teikyouseido.mhlw.go.jp/znk-web/juminkanja/S2430/initialize?prefCd=08&kikanCd=208621733&kikanKbn=2", "url2": "https://tsuboi-clinic.com", "内容": "つぼいクリニック【2:診療所】【診療科目:内科_糖尿病内科_甲状腺内科】茨城県結城市中央町１－１２－２" }, "geometry": { "type": "Point", "coordinates": [ 139.872561, 36.293177 ] } },
{ "type": "Feature", "properties": { "ID": 82208621746, "正式名称": "おくだ眼科クリニック", "機関区分": 2, "都道府県コード": 8, "市区町村コード": 227, "所在地": "茨城県筑西市直井９５９－２", "緯度": 36.311016, "経度": 139.992685, "url": "https://www.iryou.teikyouseido.mhlw.go.jp/znk-web/juminkanja/S2430/initialize?prefCd=08&kikanCd=208621746&kikanKbn=2", "url2": null, "内容": "おくだ眼科クリニック【2:診療所】【診療科目:眼科】茨城県筑西市直井９５９－２" }, "geometry": { "type": "Point", "coordinates": [ 139.992685, 36.311016 ] } },
{ "type": "Feature", "properties": { "ID": 82208621805, "正式名称": "なかはら整形外科医院", "機関区分": 2, "都道府県コード": 8, "市区町村コード": 231, "所在地": "茨城県桜川市真壁町飯塚４９６－１", "緯度": 36.27675, "経度": 140.09239, "url": "https://www.iryou.teikyouseido.mhlw.go.jp/znk-web/juminkanja/S2430/initialize?prefCd=08&kikanCd=208621805&kikanKbn=2", "url2": null, "内容": "なかはら整形外科医院【2:診療所】【診療科目:外科_整形外科_リハビリテーション科】茨城県桜川市真壁町飯塚４９６－１" }, "geometry": { "type": "Point", "coordinates": [ 140.09239, 36.27675 ] } },
{ "type": "Feature", "properties": { "ID": 82208621876, "正式名称": "医療法人山口医院", "機関区分": 2, "都道府県コード": 8, "市区町村コード": 227, "所在地": "茨城県筑西市木戸１２８５－４", "緯度": 36.2275, "経度": 139.980556, "url": "https://www.iryou.teikyouseido.mhlw.go.jp/znk-web/juminkanja/S2430/initialize?prefCd=08&kikanCd=208621876&kikanKbn=2", "url2": "http://yamaguchiclinic.net/", "内容": "医療法人山口医院【2:診療所】【診療科目:内科_小児科】茨城県筑西市木戸１２８５－４" }, "geometry": { "type": "Point", "coordinates": [ 139.980556, 36.2275 ] } },
{ "type": "Feature", "properties": { "ID": 82208621906, "正式名称": "えばた内科クリニック", "機関区分": 2, "都道府県コード": 8, "市区町村コード": 207, "所在地": "茨城県結城市結城３３５５－３", "緯度": 36.298184, "経度": 139.889355, "url": "https://www.iryou.teikyouseido.mhlw.go.jp/znk-web/juminkanja/S2430/initialize?prefCd=08&kikanCd=208621906&kikanKbn=2", "url2": null, "内容": "えばた内科クリニック【2:診療所】【診療科目:内科】茨城県結城市結城３３５５－３" }, "geometry": { "type": "Point", "coordinates": [ 139.889355, 36.298184 ] } },
{ "type": "Feature", "properties": { "ID": 82208621935, "正式名称": "医療法人社団海里会池羽レディースクリニック", "機関区分": 2, "都道府県コード": 8, "市区町村コード": 207, "所在地": "茨城県結城市結城１０６２２－１", "緯度": 36.300556, "経度": 139.866667, "url": "https://www.iryou.teikyouseido.mhlw.go.jp/znk-web/juminkanja/S2430/initialize?prefCd=08&kikanCd=208621935&kikanKbn=2", "url2": "http://www.ikeba-lc.net/", "内容": "医療法人社団海里会池羽レディースクリニック【2:診療所】【診療科目:内科_小児科_産婦人科】茨城県結城市結城１０６２２－１" }, "geometry": { "type": "Point", "coordinates": [ 139.866667, 36.300556 ] } },
{ "type": "Feature", "properties": { "ID": 82208622017, "正式名称": "しもだて中央クリニック", "機関区分": 2, "都道府県コード": 8, "市区町村コード": 227, "所在地": "茨城県筑西市下中山１１９２－１", "緯度": 36.303211, "経度": 139.989464, "url": "https://www.iryou.teikyouseido.mhlw.go.jp/znk-web/juminkanja/S2430/initialize?prefCd=08&kikanCd=208622017&kikanKbn=2", "url2": null, "内容": "しもだて中央クリニック【2:診療所】【診療科目:内科_消化器内科_外科】茨城県筑西市下中山１１９２－１" }, "geometry": { "type": "Point", "coordinates": [ 139.989464, 36.303211 ] } },
{ "type": "Feature", "properties": { "ID": 82208622192, "正式名称": "遠藤産婦人科医院", "機関区分": 2, "都道府県コード": 8, "市区町村コード": 227, "所在地": "茨城県筑西市八丁台６３", "緯度": 36.324216, "経度": 139.974356, "url": "https://www.iryou.teikyouseido.mhlw.go.jp/znk-web/juminkanja/S2430/initialize?prefCd=08&kikanCd=208622192&kikanKbn=2", "url2": "https://endo-lc.jp/", "内容": "遠藤産婦人科医院【2:診療所】【診療科目:産婦人科】茨城県筑西市八丁台６３" }, "geometry": { "type": "Point", "coordinates": [ 139.974356, 36.324216 ] } },
{ "type": "Feature", "properties": { "ID": 82208622280, "正式名称": "田崎内科医院", "機関区分": 2, "都道府県コード": 8, "市区町村コード": 231, "所在地": "茨城県桜川市真壁町田２６８−６", "緯度": 36.266667, "経度": 140.093889, "url": "https://www.iryou.teikyouseido.mhlw.go.jp/znk-web/juminkanja/S2430/initialize?prefCd=08&kikanCd=208622280&kikanKbn=2", "url2": null, "内容": "田崎内科医院【2:診療所】【診療科目:内科_消化器内科_小児科】茨城県桜川市真壁町田２６８−６" }, "geometry": { "type": "Point", "coordinates": [ 140.093889, 36.266667 ] } },
{ "type": "Feature", "properties": { "ID": 82208622336, "正式名称": "しもだてメディカルポート", "機関区分": 2, "都道府県コード": 8, "市区町村コード": 227, "所在地": "茨城県筑西市下岡崎２－８－１", "緯度": 36.300556, "経度": 139.983889, "url": "https://www.iryou.teikyouseido.mhlw.go.jp/znk-web/juminkanja/S2430/initialize?prefCd=08&kikanCd=208622336&kikanKbn=2", "url2": "http://www.shimodatehp.com/", "内容": "しもだてメディカルポート【2:診療所】【診療科目:精神科】茨城県筑西市下岡崎２－８－１" }, "geometry": { "type": "Point", "coordinates": [ 139.983889, 36.300556 ] } },
{ "type": "Feature", "properties": { "ID": 82208622466, "正式名称": "阿部田医院", "機関区分": 2, "都道府県コード": 8, "市区町村コード": 231, "所在地": "茨城県桜川市真壁町亀熊１２３－１", "緯度": 36.281944, "経度": 140.093611, "url": "https://www.iryou.teikyouseido.mhlw.go.jp/znk-web/juminkanja/S2430/initialize?prefCd=08&kikanCd=208622466&kikanKbn=2", "url2": "http://www.abeta-clinic.com/", "内容": "阿部田医院【2:診療所】【診療科目:内科_神経内科_小児科】茨城県桜川市真壁町亀熊１２３－１" }, "geometry": { "type": "Point", "coordinates": [ 140.093611, 36.281944 ] } },
{ "type": "Feature", "properties": { "ID": 82208622613, "正式名称": "遠藤クリニック", "機関区分": 2, "都道府県コード": 8, "市区町村コード": 207, "所在地": "茨城県結城市結城８７７５－７", "緯度": 36.283602, "経度": 139.867468, "url": "https://www.iryou.teikyouseido.mhlw.go.jp/znk-web/juminkanja/S2430/initialize?prefCd=08&kikanCd=208622613&kikanKbn=2", "url2": null, "内容": "遠藤クリニック【2:診療所】【診療科目:内科_胃腸内科_外科】茨城県結城市結城８７７５－７" }, "geometry": { "type": "Point", "coordinates": [ 139.867468, 36.283602 ] } },
{ "type": "Feature", "properties": { "ID": 82208622697, "正式名称": "かわしま内科クリニック", "機関区分": 2, "都道府県コード": 8, "市区町村コード": 227, "所在地": "茨城県筑西市伊佐山２４８－１０", "緯度": 36.296389, "経度": 139.919167, "url": "https://www.iryou.teikyouseido.mhlw.go.jp/znk-web/juminkanja/S2430/initialize?prefCd=08&kikanCd=208622697&kikanKbn=2", "url2": "http://www.kawashima-cl.com", "内容": "かわしま内科クリニック【2:診療所】【診療科目:内科_腎臓内科_人工透析内科】茨城県筑西市伊佐山２４８－１０" }, "geometry": { "type": "Point", "coordinates": [ 139.919167, 36.296389 ] } },
{ "type": "Feature", "properties": { "ID": 82208622974, "正式名称": "医療法人同愛会延島クリニック", "機関区分": 2, "都道府県コード": 8, "市区町村コード": 231, "所在地": "茨城県桜川市東飯６５８", "緯度": 36.306111, "経度": 140.111667, "url": "https://www.iryou.teikyouseido.mhlw.go.jp/znk-web/juminkanja/S2430/initialize?prefCd=08&kikanCd=208622974&kikanKbn=2", "url2": "http://www.douaikai.or.jp/", "内容": "医療法人同愛会延島クリニック【2:診療所】【診療科目:内科_呼吸器内科_循環器内科_漢方内科】茨城県桜川市東飯６５８" }, "geometry": { "type": "Point", "coordinates": [ 140.111667, 36.306111 ] } },
{ "type": "Feature", "properties": { "ID": 82208623030, "正式名称": "宮田医院", "機関区分": 2, "都道府県コード": 8, "市区町村コード": 227, "所在地": "茨城県筑西市丙５９", "緯度": 36.305278, "経度": 139.984722, "url": "https://www.iryou.teikyouseido.mhlw.go.jp/znk-web/juminkanja/S2430/initialize?prefCd=08&kikanCd=208623030&kikanKbn=2", "url2": "http://gogyo.hs.plala.or.jp/miyatacl/html", "内容": "宮田医院【2:診療所】【診療科目:内科_消化器内科_外科_消化器外科_皮膚泌尿器科】茨城県筑西市丙５９" }, "geometry": { "type": "Point", "coordinates": [ 139.984722, 36.305278 ] } },
{ "type": "Feature", "properties": { "ID": 82208623258, "正式名称": "堀内皮膚科医院", "機関区分": 2, "都道府県コード": 8, "市区町村コード": 227, "所在地": "茨城県筑西市乙８５３", "緯度": 36.3032, "経度": 139.97829, "url": "https://www.iryou.teikyouseido.mhlw.go.jp/znk-web/juminkanja/S2430/initialize?prefCd=08&kikanCd=208623258&kikanKbn=2", "url2": null, "内容": "堀内皮膚科医院【2:診療所】【診療科目:皮膚科】茨城県筑西市乙８５３" }, "geometry": { "type": "Point", "coordinates": [ 139.97829, 36.3032 ] } },
{ "type": "Feature", "properties": { "ID": 82208623320, "正式名称": "きぬのまち診療所", "機関区分": 2, "都道府県コード": 8, "市区町村コード": 207, "所在地": "茨城県結城市結城１１７５８－５０", "緯度": 36.306944, "経度": 139.872778, "url": "https://www.iryou.teikyouseido.mhlw.go.jp/znk-web/juminkanja/S2430/initialize?prefCd=08&kikanCd=208623320&kikanKbn=2", "url2": "https://kinunomachi.net", "内容": "きぬのまち診療所【2:診療所】【診療科目:内科】茨城県結城市結城１１７５８－５０" }, "geometry": { "type": "Point", "coordinates": [ 139.872778, 36.306944 ] } },
{ "type": "Feature", "properties": { "ID": 82208623447, "正式名称": "医療法人　関城中央医院皮膚科", "機関区分": 2, "都道府県コード": 8, "市区町村コード": 227, "所在地": "茨城県筑西市関本下２４４５", "緯度": 36.243333, "経度": 139.918611, "url": "https://www.iryou.teikyouseido.mhlw.go.jp/znk-web/juminkanja/S2430/initialize?prefCd=08&kikanCd=208623447&kikanKbn=2", "url2": null, "内容": "医療法人　関城中央医院皮膚科【2:診療所】【診療科目:皮膚科】茨城県筑西市関本下２４４５" }, "geometry": { "type": "Point", "coordinates": [ 139.918611, 36.243333 ] } },
{ "type": "Feature", "properties": { "ID": 82208623564, "正式名称": "生きいき診療所・ゆうき", "機関区分": 2, "都道府県コード": 8, "市区町村コード": 207, "所在地": "茨城県結城市結城９１４４－１", "緯度": 36.286065, "経度": 139.859725, "url": "https://www.iryou.teikyouseido.mhlw.go.jp/znk-web/juminkanja/S2430/initialize?prefCd=08&kikanCd=208623564&kikanKbn=2", "url2": "http://www.asmss.jp/iki-sin.html", "内容": "生きいき診療所・ゆうき【2:診療所】【診療科目:内科_外科】茨城県結城市結城９１４４－１" }, "geometry": { "type": "Point", "coordinates": [ 139.859725, 36.286065 ] } },
{ "type": "Feature", "properties": { "ID": 82208623694, "正式名称": "みぞぐち皮膚科医院", "機関区分": 2, "都道府県コード": 8, "市区町村コード": 227, "所在地": "茨城県筑西市甲９５－１", "緯度": 36.305278, "経度": 139.980278, "url": "https://www.iryou.teikyouseido.mhlw.go.jp/znk-web/juminkanja/S2430/initialize?prefCd=08&kikanCd=208623694&kikanKbn=2", "url2": "http://www.mizoguchi-hifuka.com", "内容": "みぞぐち皮膚科医院【2:診療所】【診療科目:皮膚科】茨城県筑西市甲９５－１" }, "geometry": { "type": "Point", "coordinates": [ 139.980278, 36.305278 ] } },
{ "type": "Feature", "properties": { "ID": 82208623883, "正式名称": "医療法人愛豊会みずのクリニック", "機関区分": 2, "都道府県コード": 8, "市区町村コード": 207, "所在地": "茨城県結城市上山川５０４９－１４", "緯度": 36.273636, "経度": 139.85816, "url": "https://www.iryou.teikyouseido.mhlw.go.jp/znk-web/juminkanja/S2430/initialize?prefCd=08&kikanCd=208623883&kikanKbn=2", "url2": null, "内容": "医療法人愛豊会みずのクリニック【2:診療所】【診療科目:内科_循環器内科_アレルギー科】茨城県結城市上山川５０４９－１４" }, "geometry": { "type": "Point", "coordinates": [ 139.85816, 36.273636 ] } },
{ "type": "Feature", "properties": { "ID": 82208624255, "正式名称": "医療法人修英会　大空こどもクリニック", "機関区分": 2, "都道府県コード": 8, "市区町村コード": 227, "所在地": "茨城県筑西市八丁台５１", "緯度": 36.324147, "経度": 139.975168, "url": "https://www.iryou.teikyouseido.mhlw.go.jp/znk-web/juminkanja/S2430/initialize?prefCd=08&kikanCd=208624255&kikanKbn=2", "url2": "http://www.endoclinic.or.jp/iinshokai/oozora.html", "内容": "医療法人修英会　大空こどもクリニック【2:診療所】【診療科目:小児科】茨城県筑西市八丁台５１" }, "geometry": { "type": "Point", "coordinates": [ 139.975168, 36.324147 ] } },
{ "type": "Feature", "properties": { "ID": 82208625177, "正式名称": "さわやか内科・小児科", "機関区分": 2, "都道府県コード": 8, "市区町村コード": 207, "所在地": "茨城県結城市新福寺６−６−８", "緯度": 36.287003, "経度": 139.865103, "url": "https://www.iryou.teikyouseido.mhlw.go.jp/znk-web/juminkanja/S2430/initialize?prefCd=08&kikanCd=208625177&kikanKbn=2", "url2": "http://www.sawayakacl.com/index.html", "内容": "さわやか内科・小児科【2:診療所】【診療科目:内科_小児科】茨城県結城市新福寺６−６−８" }, "geometry": { "type": "Point", "coordinates": [ 139.865103, 36.287003 ] } },
{ "type": "Feature", "properties": { "ID": 82208625180, "正式名称": "あおぞら整形外科", "機関区分": 2, "都道府県コード": 8, "市区町村コード": 207, "所在地": "茨城県結城市新福寺６丁目６―３", "緯度": 36.286763, "経度": 139.8654958, "url": "https://www.iryou.teikyouseido.mhlw.go.jp/znk-web/juminkanja/S2430/initialize?prefCd=08&kikanCd=208625180&kikanKbn=2", "url2": null, "内容": "あおぞら整形外科【2:診療所】【診療科目:整形外科】茨城県結城市新福寺６丁目６―３" }, "geometry": { "type": "Point", "coordinates": [ 139.8654958, 36.286763 ] } },
{ "type": "Feature", "properties": { "ID": 82208625324, "正式名称": "せきや眼科クリニック", "機関区分": 2, "都道府県コード": 8, "市区町村コード": 227, "所在地": "茨城県筑西市新井新田４２ー３０", "緯度": 36.2471, "経度": 140.027557, "url": "https://www.iryou.teikyouseido.mhlw.go.jp/znk-web/juminkanja/S2430/initialize?prefCd=08&kikanCd=208625324&kikanKbn=2", "url2": "http://sekiya-ganka.jp/", "内容": "せきや眼科クリニック【2:診療所】【診療科目:眼科】茨城県筑西市新井新田４２ー３０" }, "geometry": { "type": "Point", "coordinates": [ 140.027557, 36.2471 ] } },
{ "type": "Feature", "properties": { "ID": 82208625337, "正式名称": "こまつざき眼科クリニック", "機関区分": 2, "都道府県コード": 8, "市区町村コード": 227, "所在地": "茨城県筑西市二木成１３１８", "緯度": 36.296389, "経度": 139.978889, "url": "https://www.iryou.teikyouseido.mhlw.go.jp/znk-web/juminkanja/S2430/initialize?prefCd=08&kikanCd=208625337&kikanKbn=2", "url2": "https://komatsuzaki-eyeclinic.jp/", "内容": "こまつざき眼科クリニック【2:診療所】【診療科目:眼科】茨城県筑西市二木成１３１８" }, "geometry": { "type": "Point", "coordinates": [ 139.978889, 36.296389 ] } },
{ "type": "Feature", "properties": { "ID": 82208625698, "正式名称": "とみざわハートクリニック", "機関区分": 2, "都道府県コード": 8, "市区町村コード": 227, "所在地": "茨城県筑西市女方６８８番地１", "緯度": 36.279167, "経度": 139.917222, "url": "https://www.iryou.teikyouseido.mhlw.go.jp/znk-web/juminkanja/S2430/initialize?prefCd=08&kikanCd=208625698&kikanKbn=2", "url2": "http://www.tomizawa-clinic.com", "内容": "とみざわハートクリニック【2:診療所】【診療科目:内科_循環器内科】茨城県筑西市女方６８８番地１" }, "geometry": { "type": "Point", "coordinates": [ 139.917222, 36.279167 ] } },
{ "type": "Feature", "properties": { "ID": 82208625702, "正式名称": "のかおい整形外科", "機関区分": 2, "都道府県コード": 8, "市区町村コード": 227, "所在地": "茨城県筑西市関本下１９２２－１", "緯度": 36.2475, "経度": 139.93, "url": "https://www.iryou.teikyouseido.mhlw.go.jp/znk-web/juminkanja/S2430/initialize?prefCd=08&kikanCd=208625702&kikanKbn=2", "url2": "http://www.nokaoiseikei.com", "内容": "のかおい整形外科【2:診療所】【診療科目:整形外科_リハビリテーション科】茨城県筑西市関本下１９２２－１" }, "geometry": { "type": "Point", "coordinates": [ 139.93, 36.2475 ] } },
{ "type": "Feature", "properties": { "ID": 82208626347, "正式名称": "いのうえクリニック", "機関区分": 2, "都道府県コード": 8, "市区町村コード": 227, "所在地": "茨城県筑西市岡芹２１６２", "緯度": 36.313611, "経度": 139.9725, "url": "https://www.iryou.teikyouseido.mhlw.go.jp/znk-web/juminkanja/S2430/initialize?prefCd=08&kikanCd=208626347&kikanKbn=2", "url2": "https://www.inoue-cl-chikusei.com/", "内容": "いのうえクリニック【2:診療所】【診療科目:内科_糖尿病内科_代謝内科_呼吸器内科_循環器内科_消化器内科_外科_肛門外科】茨城県筑西市岡芹２１６２" }, "geometry": { "type": "Point", "coordinates": [ 139.9725, 36.313611 ] } },
{ "type": "Feature", "properties": { "ID": 82208627230, "正式名称": "結城クリニック", "機関区分": 2, "都道府県コード": 8, "市区町村コード": 207, "所在地": "茨城県結城市結城６３３－１", "緯度": 36.296883, "経度": 139.877682, "url": "https://www.iryou.teikyouseido.mhlw.go.jp/znk-web/juminkanja/S2430/initialize?prefCd=08&kikanCd=208627230&kikanKbn=2", "url2": null, "内容": "結城クリニック【2:診療所】【診療科目:内科_腎臓内科_人工透析内科_泌尿器科】茨城県結城市結城６３３－１" }, "geometry": { "type": "Point", "coordinates": [ 139.877682, 36.296883 ] } },
{ "type": "Feature", "properties": { "ID": 82208628149, "正式名称": "長倉内科・外科クリニック", "機関区分": 2, "都道府県コード": 8, "市区町村コード": 227, "所在地": "茨城県筑西市玉戸１２７０－２０７", "緯度": 36.281177, "経度": 139.949146, "url": "https://www.iryou.teikyouseido.mhlw.go.jp/znk-web/juminkanja/S2430/initialize?prefCd=08&kikanCd=208628149&kikanKbn=2", "url2": "http://nagakura-clinic.com/", "内容": "長倉内科・外科クリニック【2:診療所】【診療科目:内科_消化器内科_外科_乳腺外科_肛門外科】茨城県筑西市玉戸１２７０－２０７" }, "geometry": { "type": "Point", "coordinates": [ 139.949146, 36.281177 ] } },
{ "type": "Feature", "properties": { "ID": 82208629410, "正式名称": "県西糖尿病内分泌内科クリニック", "機関区分": 2, "都道府県コード": 8, "市区町村コード": 227, "所在地": "茨城県筑西市成田６７８", "緯度": 36.306389, "経度": 139.996944, "url": "https://www.iryou.teikyouseido.mhlw.go.jp/znk-web/juminkanja/S2430/initialize?prefCd=08&kikanCd=208629410&kikanKbn=2", "url2": "wicem.ibaraki.jp", "内容": "県西糖尿病内分泌内科クリニック【2:診療所】【診療科目:内科_内分泌内科_糖尿病・代謝内科】茨城県筑西市成田６７８" }, "geometry": { "type": "Point", "coordinates": [ 139.996944, 36.306389 ] } },
{ "type": "Feature", "properties": { "ID": 82208629511, "正式名称": "筑西こころのクリニック", "機関区分": 2, "都道府県コード": 8, "市区町村コード": 227, "所在地": "茨城県筑西市茂田１７５８－６", "緯度": 36.295, "経度": 140.022222, "url": "https://www.iryou.teikyouseido.mhlw.go.jp/znk-web/juminkanja/S2430/initialize?prefCd=08&kikanCd=208629511&kikanKbn=2", "url2": "http://chikuseikokoro.c.ooco.jp/", "内容": "筑西こころのクリニック【2:診療所】【診療科目:精神科_心療内科】茨城県筑西市茂田１７５８－６" }, "geometry": { "type": "Point", "coordinates": [ 140.022222, 36.295 ] } },
{ "type": "Feature", "properties": { "ID": 82208629537, "正式名称": "医療法人社団幸清会しもだて内科クリニック", "機関区分": 2, "都道府県コード": 8, "市区町村コード": 227, "所在地": "茨城県筑西市八丁台４６３番地", "緯度": 36.303333, "経度": 139.982778, "url": "https://www.iryou.teikyouseido.mhlw.go.jp/znk-web/juminkanja/S2430/initialize?prefCd=08&kikanCd=208629537&kikanKbn=2", "url2": null, "内容": "医療法人社団幸清会しもだて内科クリニック【2:診療所】【診療科目:内科】茨城県筑西市八丁台４６３番地" }, "geometry": { "type": "Point", "coordinates": [ 139.982778, 36.303333 ] } },
{ "type": "Feature", "properties": { "ID": 82208630058, "正式名称": "菊山胃腸科外科医院", "機関区分": 2, "都道府県コード": 8, "市区町村コード": 210, "所在地": "茨城県下妻市下妻丁８１－７", "緯度": 36.17769, "経度": 139.959282, "url": "https://www.iryou.teikyouseido.mhlw.go.jp/znk-web/juminkanja/S2430/initialize?prefCd=08&kikanCd=208630058&kikanKbn=2", "url2": null, "内容": "菊山胃腸科外科医院【2:診療所】【診療科目:循環器内科_胃腸内科_胃腸外科_肛門外科】茨城県下妻市下妻丁８１－７" }, "geometry": { "type": "Point", "coordinates": [ 139.959282, 36.17769 ] } },
{ "type": "Feature", "properties": { "ID": 82208630133, "正式名称": "中山医院", "機関区分": 2, "都道府県コード": 8, "市区町村コード": 210, "所在地": "茨城県下妻市中郷１８５", "緯度": 36.217303, "経度": 139.991481, "url": "https://www.iryou.teikyouseido.mhlw.go.jp/znk-web/juminkanja/S2430/initialize?prefCd=08&kikanCd=208630133&kikanKbn=2", "url2": null, "内容": "中山医院【2:診療所】【診療科目:内科_胃腸内科_外科_小児科】茨城県下妻市中郷１８５" }, "geometry": { "type": "Point", "coordinates": [ 139.991481, 36.217303 ] } },
{ "type": "Feature", "properties": { "ID": 82208630247, "正式名称": "浅田医院", "機関区分": 2, "都道府県コード": 8, "市区町村コード": 210, "所在地": "茨城県下妻市本宗道１０", "緯度": 36.158889, "経度": 139.966667, "url": "https://www.iryou.teikyouseido.mhlw.go.jp/znk-web/juminkanja/S2430/initialize?prefCd=08&kikanCd=208630247&kikanKbn=2", "url2": null, "内容": "浅田医院【2:診療所】【診療科目:内科_小児科_耳鼻いんこう科】茨城県下妻市本宗道１０" }, "geometry": { "type": "Point", "coordinates": [ 139.966667, 36.158889 ] } },
{ "type": "Feature", "properties": { "ID": 82208630263, "正式名称": "医療法人文目会　古橋医院", "機関区分": 2, "都道府県コード": 8, "市区町村コード": 210, "所在地": "茨城県下妻市別府４０８－３", "緯度": 36.150178, "経度": 139.942279, "url": "https://www.iryou.teikyouseido.mhlw.go.jp/znk-web/juminkanja/S2430/initialize?prefCd=08&kikanCd=208630263&kikanKbn=2", "url2": "https://ayamekai.com/", "内容": "医療法人文目会　古橋医院【2:診療所】【診療科目:内科_消化器内科_小児科】茨城県下妻市別府４０８－３" }, "geometry": { "type": "Point", "coordinates": [ 139.942279, 36.150178 ] } },
{ "type": "Feature", "properties": { "ID": 82208630436, "正式名称": "とき田クリニック", "機関区分": 2, "都道府県コード": 8, "市区町村コード": 210, "所在地": "茨城県下妻市長塚２８番地１", "緯度": 36.178611, "経度": 139.956389, "url": "https://www.iryou.teikyouseido.mhlw.go.jp/znk-web/juminkanja/S2430/initialize?prefCd=08&kikanCd=208630436&kikanKbn=2", "url2": "http://www.konanhsp.com/", "内容": "とき田クリニック【2:診療所】【診療科目:内科_外科_脳神経外科_大腸・肛門外科_整形外科_形成外科_皮膚科_泌尿器科_精神科_心療内科】茨城県下妻市長塚２８番地１" }, "geometry": { "type": "Point", "coordinates": [ 139.956389, 36.178611 ] } },
{ "type": "Feature", "properties": { "ID": 82208630452, "正式名称": "菊山医院", "機関区分": 2, "都道府県コード": 8, "市区町村コード": 521, "所在地": "茨城県結城郡八千代町高崎１０７３", "緯度": 36.215, "経度": 139.917778, "url": "https://www.iryou.teikyouseido.mhlw.go.jp/znk-web/juminkanja/S2430/initialize?prefCd=08&kikanCd=208630452&kikanKbn=2", "url2": null, "内容": "菊山医院【2:診療所】【診療科目:内科_小児科_アレルギー科_リウマチ科】茨城県結城郡八千代町高崎１０７３" }, "geometry": { "type": "Point", "coordinates": [ 139.917778, 36.215 ] } },
{ "type": "Feature", "properties": { "ID": 82208630478, "正式名称": "常総メディカル", "機関区分": 2, "都道府県コード": 8, "市区町村コード": 211, "所在地": "茨城県常総市新石下３９２６", "緯度": 36.106944, "経度": 139.981389, "url": "https://www.iryou.teikyouseido.mhlw.go.jp/znk-web/juminkanja/S2430/initialize?prefCd=08&kikanCd=208630478&kikanKbn=2", "url2": null, "内容": "常総メディカル【2:診療所】【診療科目:内科_胃腸内科_外科】茨城県常総市新石下３９２６" }, "geometry": { "type": "Point", "coordinates": [ 139.981389, 36.106944 ] } },
{ "type": "Feature", "properties": { "ID": 82208630481, "正式名称": "医療法人砂沼桜会　砂沼湖畔クリニック", "機関区分": 2, "都道府県コード": 8, "市区町村コード": 210, "所在地": "茨城県下妻市下木戸５４２", "緯度": 36.189444, "経度": 139.953611, "url": "https://www.iryou.teikyouseido.mhlw.go.jp/znk-web/juminkanja/S2430/initialize?prefCd=08&kikanCd=208630481&kikanKbn=2", "url2": "https://sanumakohanclinic.or.jp/", "内容": "医療法人砂沼桜会　砂沼湖畔クリニック【2:診療所】【診療科目:内科_胃腸内科_外科_整形外科_小児科_皮膚科_アレルギー科】茨城県下妻市下木戸５４２" }, "geometry": { "type": "Point", "coordinates": [ 139.953611, 36.189444 ] } },
{ "type": "Feature", "properties": { "ID": 82208630494, "正式名称": "中島医科歯科クリニック", "機関区分": 2, "都道府県コード": 8, "市区町村コード": 211, "所在地": "茨城県常総市曲田５５０－１", "緯度": 36.095513, "経度": 139.995252, "url": "https://www.iryou.teikyouseido.mhlw.go.jp/znk-web/juminkanja/S2430/initialize?prefCd=08&kikanCd=208630494&kikanKbn=2", "url2": null, "内容": "中島医科歯科クリニック【2:診療所】【診療科目:内科_消化器内科_小児科】茨城県常総市曲田５５０－１" }, "geometry": { "type": "Point", "coordinates": [ 139.995252, 36.095513 ] } },
{ "type": "Feature", "properties": { "ID": 82208630508, "正式名称": "中岫産婦人科医院", "機関区分": 2, "都道府県コード": 8, "市区町村コード": 210, "所在地": "茨城県下妻市下妻丁１４８", "緯度": 36.182114, "経度": 139.95842, "url": "https://www.iryou.teikyouseido.mhlw.go.jp/znk-web/juminkanja/S2430/initialize?prefCd=08&kikanCd=208630508&kikanKbn=2", "url2": null, "内容": "中岫産婦人科医院【2:診療所】【診療科目:婦人科】茨城県下妻市下妻丁１４８" }, "geometry": { "type": "Point", "coordinates": [ 139.95842, 36.182114 ] } },
{ "type": "Feature", "properties": { "ID": 82208630553, "正式名称": "いとう医院", "機関区分": 2, "都道府県コード": 8, "市区町村コード": 211, "所在地": "茨城県常総市古間木新田８１７－１", "緯度": 36.091389, "経度": 139.936944, "url": "https://www.iryou.teikyouseido.mhlw.go.jp/znk-web/juminkanja/S2430/initialize?prefCd=08&kikanCd=208630553&kikanKbn=2", "url2": "http://www.tsukuba.or.jp/itouiin", "内容": "いとう医院【2:診療所】【診療科目:内科_外科】茨城県常総市古間木新田８１７－１" }, "geometry": { "type": "Point", "coordinates": [ 139.936944, 36.091389 ] } },
{ "type": "Feature", "properties": { "ID": 82208640208, "正式名称": "菊地眼科医院", "機関区分": 2, "都道府県コード": 8, "市区町村コード": 211, "所在地": "茨城県常総市水海道宝町２８３８", "緯度": 36.018482, "経度": 139.99146, "url": "https://www.iryou.teikyouseido.mhlw.go.jp/znk-web/juminkanja/S2430/initialize?prefCd=08&kikanCd=208640208&kikanKbn=2", "url2": null, "内容": "菊地眼科医院【2:診療所】【診療科目:眼科】茨城県常総市水海道宝町２８３８" }, "geometry": { "type": "Point", "coordinates": [ 139.99146, 36.018482 ] } },
{ "type": "Feature", "properties": { "ID": 82208640279, "正式名称": "安達医院", "機関区分": 2, "都道府県コード": 8, "市区町村コード": 228, "所在地": "茨城県坂東市矢作", "緯度": 36.002222, "経度": 139.909167, "url": "https://www.iryou.teikyouseido.mhlw.go.jp/znk-web/juminkanja/S2430/initialize?prefCd=08&kikanCd=208640279&kikanKbn=2", "url2": null, "内容": "安達医院【2:診療所】【診療科目:内科_循環器内科_小児科】茨城県坂東市矢作" }, "geometry": { "type": "Point", "coordinates": [ 139.909167, 36.002222 ] } },
{ "type": "Feature", "properties": { "ID": 82208640282, "正式名称": "海老原医院", "機関区分": 2, "都道府県コード": 8, "市区町村コード": 228, "所在地": "茨城県坂東市神田山６４５", "緯度": 36.033657, "経度": 139.913429, "url": "https://www.iryou.teikyouseido.mhlw.go.jp/znk-web/juminkanja/S2430/initialize?prefCd=08&kikanCd=208640282&kikanKbn=2", "url2": null, "内容": "海老原医院【2:診療所】【診療科目:内科_胃腸内科_小児科】茨城県坂東市神田山６４５" }, "geometry": { "type": "Point", "coordinates": [ 139.913429, 36.033657 ] } },
{ "type": "Feature", "properties": { "ID": 82208640325, "正式名称": "医療法人社団仁二会高橋医院", "機関区分": 2, "都道府県コード": 8, "市区町村コード": 228, "所在地": "茨城県坂東市岩井", "緯度": 36.040556, "経度": 139.891111, "url": "https://www.iryou.teikyouseido.mhlw.go.jp/znk-web/juminkanja/S2430/initialize?prefCd=08&kikanCd=208640325&kikanKbn=2", "url2": "http://www.takahashi-iin.or.jp", "内容": "医療法人社団仁二会高橋医院【2:診療所】【診療科目:内科_外科_整形外科_小児科_皮膚科】茨城県坂東市岩井" }, "geometry": { "type": "Point", "coordinates": [ 139.891111, 36.040556 ] } },
{ "type": "Feature", "properties": { "ID": 82208640354, "正式名称": "松崎医院", "機関区分": 2, "都道府県コード": 8, "市区町村コード": 228, "所在地": "茨城県坂東市猫実１４２１", "緯度": 36.038333, "経度": 139.930833, "url": "https://www.iryou.teikyouseido.mhlw.go.jp/znk-web/juminkanja/S2430/initialize?prefCd=08&kikanCd=208640354&kikanKbn=2", "url2": null, "内容": "松崎医院【2:診療所】【診療科目:内科_皮膚科_精神科_心療内科】茨城県坂東市猫実１４２１" }, "geometry": { "type": "Point", "coordinates": [ 139.930833, 36.038333 ] } },
{ "type": "Feature", "properties": { "ID": 82208640439, "正式名称": "小林医院", "機関区分": 2, "都道府県コード": 8, "市区町村コード": 224, "所在地": "茨城県守谷市本町６３３", "緯度": 35.942778, "経度": 140.001667, "url": "https://www.iryou.teikyouseido.mhlw.go.jp/znk-web/juminkanja/S2430/initialize?prefCd=08&kikanCd=208640439&kikanKbn=2", "url2": null, "内容": "小林医院【2:診療所】【診療科目:内科_外科_皮膚科】茨城県守谷市本町６３３" }, "geometry": { "type": "Point", "coordinates": [ 140.001667, 35.942778 ] } },
{ "type": "Feature", "properties": { "ID": 82208640442, "正式名称": "下村医院", "機関区分": 2, "都道府県コード": 8, "市区町村コード": 224, "所在地": "茨城県守谷市本町４０３", "緯度": 35.944167, "経度": 139.999167, "url": "https://www.iryou.teikyouseido.mhlw.go.jp/znk-web/juminkanja/S2430/initialize?prefCd=08&kikanCd=208640442&kikanKbn=2", "url2": "http:www.myclinic.ne.jp/simomura/", "内容": "下村医院【2:診療所】【診療科目:内科_小児科】茨城県守谷市本町４０３" }, "geometry": { "type": "Point", "coordinates": [ 139.999167, 35.944167 ] } },
{ "type": "Feature", "properties": { "ID": 82208640497, "正式名称": "医療法人至心会　よしみ内科胃腸科医院", "機関区分": 2, "都道府県コード": 8, "市区町村コード": 224, "所在地": "茨城県守谷市百合ケ丘２－２６９４－４１", "緯度": 35.950872, "経度": 139.984373, "url": "https://www.iryou.teikyouseido.mhlw.go.jp/znk-web/juminkanja/S2430/initialize?prefCd=08&kikanCd=208640497&kikanKbn=2", "url2": "www.shishinkai-y.com", "内容": "医療法人至心会　よしみ内科胃腸科医院【2:診療所】【診療科目:内科】茨城県守谷市百合ケ丘２－２６９４－４１" }, "geometry": { "type": "Point", "coordinates": [ 139.984373, 35.950872 ] } },
{ "type": "Feature", "properties": { "ID": 82208640602, "正式名称": "吉原内科", "機関区分": 2, "都道府県コード": 8, "市区町村コード": 228, "所在地": "茨城県坂東市岩井３３２４", "緯度": 36.045278, "経度": 139.889167, "url": "https://www.iryou.teikyouseido.mhlw.go.jp/znk-web/juminkanja/S2430/initialize?prefCd=08&kikanCd=208640602&kikanKbn=2", "url2": null, "内容": "吉原内科【2:診療所】【診療科目:内科_呼吸器内科_循環器内科_消化器内科_神経内科】茨城県坂東市岩井３３２４" }, "geometry": { "type": "Point", "coordinates": [ 139.889167, 36.045278 ] } },
{ "type": "Feature", "properties": { "ID": 82208640660, "正式名称": "医療法人医新会石塚医院", "機関区分": 2, "都道府県コード": 8, "市区町村コード": 228, "所在地": "茨城県坂東市岩井４５００－１３", "緯度": 36.042222, "経度": 139.893889, "url": "https://www.iryou.teikyouseido.mhlw.go.jp/znk-web/juminkanja/S2430/initialize?prefCd=08&kikanCd=208640660&kikanKbn=2", "url2": null, "内容": "医療法人医新会石塚医院【2:診療所】【診療科目:内科_人工透析内科_皮膚科_泌尿器科】茨城県坂東市岩井４５００－１３" }, "geometry": { "type": "Point", "coordinates": [ 139.893889, 36.042222 ] } },
{ "type": "Feature", "properties": { "ID": 82208640761, "正式名称": "のぞみが丘診療所", "機関区分": 2, "都道府県コード": 8, "市区町村コード": 211, "所在地": "茨城県常総市大生郷町３１４２", "緯度": 36.064722, "経度": 139.9525, "url": "https://www.iryou.teikyouseido.mhlw.go.jp/znk-web/juminkanja/S2430/initialize?prefCd=08&kikanCd=208640761&kikanKbn=2", "url2": null, "内容": "のぞみが丘診療所【2:診療所】【診療科目:内科】茨城県常総市大生郷町３１４２" }, "geometry": { "type": "Point", "coordinates": [ 139.9525, 36.064722 ] } },
{ "type": "Feature", "properties": { "ID": 82208640774, "正式名称": "草間クリニック", "機関区分": 2, "都道府県コード": 8, "市区町村コード": 224, "所在地": "茨城県守谷市高野", "緯度": 35.9325, "経度": 139.993333, "url": "https://www.iryou.teikyouseido.mhlw.go.jp/znk-web/juminkanja/S2430/initialize?prefCd=08&kikanCd=208640774&kikanKbn=2", "url2": "https://www.kusama-ent.com/", "内容": "草間クリニック【2:診療所】【診療科目:耳鼻いんこう科】茨城県守谷市高野" }, "geometry": { "type": "Point", "coordinates": [ 139.993333, 35.9325 ] } },
{ "type": "Feature", "properties": { "ID": 82208640817, "正式名称": "けやき台整形外科クリニック", "機関区分": 2, "都道府県コード": 8, "市区町村コード": 224, "所在地": "茨城県守谷市けやき台２ー１２ー１８", "緯度": 35.929167, "経度": 140.001111, "url": "https://www.iryou.teikyouseido.mhlw.go.jp/znk-web/juminkanja/S2430/initialize?prefCd=08&kikanCd=208640817&kikanKbn=2", "url2": "http://www.moriyakeyakidai.com", "内容": "けやき台整形外科クリニック【2:診療所】【診療科目:整形外科】茨城県守谷市けやき台２ー１２ー１８" }, "geometry": { "type": "Point", "coordinates": [ 140.001111, 35.929167 ] } },
{ "type": "Feature", "properties": { "ID": 82208640820, "正式名称": "耳鼻咽喉科染野クリニック", "機関区分": 2, "都道府県コード": 8, "市区町村コード": 211, "所在地": "茨城県常総市新石下３４８３－３", "緯度": 36.114444, "経度": 139.979167, "url": "https://www.iryou.teikyouseido.mhlw.go.jp/znk-web/juminkanja/S2430/initialize?prefCd=08&kikanCd=208640820&kikanKbn=2", "url2": null, "内容": "耳鼻咽喉科染野クリニック【2:診療所】【診療科目:耳鼻いんこう科】茨城県常総市新石下３４８３－３" }, "geometry": { "type": "Point", "coordinates": [ 139.979167, 36.114444 ] } },
{ "type": "Feature", "properties": { "ID": 82208640859, "正式名称": "医療法人　宇津野医院", "機関区分": 2, "都道府県コード": 8, "市区町村コード": 210, "所在地": "茨城県下妻市下妻丁３７３－１５", "緯度": 36.176389, "経度": 139.959444, "url": "https://www.iryou.teikyouseido.mhlw.go.jp/znk-web/juminkanja/S2430/initialize?prefCd=08&kikanCd=208640859&kikanKbn=2", "url2": "https://utsuno-clinic.com/", "内容": "医療法人　宇津野医院【2:診療所】【診療科目:内科_産婦人科】茨城県下妻市下妻丁３７３－１５" }, "geometry": { "type": "Point", "coordinates": [ 139.959444, 36.176389 ] } },
{ "type": "Feature", "properties": { "ID": 82208640905, "正式名称": "医療法人荒川医院", "機関区分": 2, "都道府県コード": 8, "市区町村コード": 211, "所在地": "茨城県常総市蔵持８９０", "緯度": 36.11, "経度": 139.951111, "url": "https://www.iryou.teikyouseido.mhlw.go.jp/znk-web/juminkanja/S2430/initialize?prefCd=08&kikanCd=208640905&kikanKbn=2", "url2": null, "内容": "医療法人荒川医院【2:診療所】【診療科目:内科_循環器内科_小児科】茨城県常総市蔵持８９０" }, "geometry": { "type": "Point", "coordinates": [ 139.951111, 36.11 ] } },
{ "type": "Feature", "properties": { "ID": 82208640921, "正式名称": "寺田医院", "機関区分": 2, "都道府県コード": 8, "市区町村コード": 211, "所在地": "茨城県常総市菅生町１７１７", "緯度": 35.991389, "経度": 139.940278, "url": "https://www.iryou.teikyouseido.mhlw.go.jp/znk-web/juminkanja/S2430/initialize?prefCd=08&kikanCd=208640921&kikanKbn=2", "url2": "terada-iin.com", "内容": "寺田医院【2:診療所】【診療科目:産婦人科】茨城県常総市菅生町１７１７" }, "geometry": { "type": "Point", "coordinates": [ 139.940278, 35.991389 ] } },
{ "type": "Feature", "properties": { "ID": 82208640976, "正式名称": "高坂眼科医院", "機関区分": 2, "都道府県コード": 8, "市区町村コード": 210, "所在地": "茨城県下妻市下妻乙６２６－２", "緯度": 36.180278, "経度": 139.9725, "url": "https://www.iryou.teikyouseido.mhlw.go.jp/znk-web/juminkanja/S2430/initialize?prefCd=08&kikanCd=208640976&kikanKbn=2", "url2": null, "内容": "高坂眼科医院【2:診療所】【診療科目:眼科】茨城県下妻市下妻乙６２６－２" }, "geometry": { "type": "Point", "coordinates": [ 139.9725, 36.180278 ] } },
{ "type": "Feature", "properties": { "ID": 82208641016, "正式名称": "医療法人社団修徳会　植竹医院", "機関区分": 2, "都道府県コード": 8, "市区町村コード": 211, "所在地": "茨城県常総市水海道宝町２８４１", "緯度": 36.0175, "経度": 139.994444, "url": "https://www.iryou.teikyouseido.mhlw.go.jp/znk-web/juminkanja/S2430/initialize?prefCd=08&kikanCd=208641016&kikanKbn=2", "url2": "http://www.uetakeiin.com/", "内容": "医療法人社団修徳会　植竹医院【2:診療所】【診療科目:内科_循環器内科_消化器内科_小児科_産婦人科】茨城県常総市水海道宝町２８４１" }, "geometry": { "type": "Point", "coordinates": [ 139.994444, 36.0175 ] } },
{ "type": "Feature", "properties": { "ID": 82208641045, "正式名称": "医療法人颯風会木村クリニック", "機関区分": 2, "都道府県コード": 8, "市区町村コード": 228, "所在地": "茨城県坂東市岩井１６００", "緯度": 36.056944, "経度": 139.893056, "url": "https://www.iryou.teikyouseido.mhlw.go.jp/znk-web/juminkanja/S2430/initialize?prefCd=08&kikanCd=208641045&kikanKbn=2", "url2": null, "内容": "医療法人颯風会木村クリニック【2:診療所】【診療科目:耳鼻いんこう科】茨城県坂東市岩井１６００" }, "geometry": { "type": "Point", "coordinates": [ 139.893056, 36.056944 ] } },
{ "type": "Feature", "properties": { "ID": 82208641061, "正式名称": "医療法人　石川眼科クリニック", "機関区分": 2, "都道府県コード": 8, "市区町村コード": 228, "所在地": "茨城県坂東市岩井", "緯度": 36.039444, "経度": 139.886944, "url": "https://www.iryou.teikyouseido.mhlw.go.jp/znk-web/juminkanja/S2430/initialize?prefCd=08&kikanCd=208641061&kikanKbn=2", "url2": null, "内容": "医療法人　石川眼科クリニック【2:診療所】【診療科目:眼科】茨城県坂東市岩井" }, "geometry": { "type": "Point", "coordinates": [ 139.886944, 36.039444 ] } },
{ "type": "Feature", "properties": { "ID": 82208641074, "正式名称": "医療法人　仁正会　下條整形外科", "機関区分": 2, "都道府県コード": 8, "市区町村コード": 210, "所在地": "茨城県下妻市本城町１－４８－３", "緯度": 36.183224, "経度": 139.96758, "url": "https://www.iryou.teikyouseido.mhlw.go.jp/znk-web/juminkanja/S2430/initialize?prefCd=08&kikanCd=208641074&kikanKbn=2", "url2": "http://www.shimojo-orth.jp/", "内容": "医療法人　仁正会　下條整形外科【2:診療所】【診療科目:内科_整形外科_リウマチ科_リハビリテーション科】茨城県下妻市本城町１－４８－３" }, "geometry": { "type": "Point", "coordinates": [ 139.96758, 36.183224 ] } },
{ "type": "Feature", "properties": { "ID": 82208641276, "正式名称": "茨城西南医療センター病院附属八千代診療所", "機関区分": 2, "都道府県コード": 8, "市区町村コード": 521, "所在地": "茨城県結城郡八千代町菅谷１１７０−１", "緯度": 36.1775, "経度": 139.893889, "url": "https://www.iryou.teikyouseido.mhlw.go.jp/znk-web/juminkanja/S2430/initialize?prefCd=08&kikanCd=208641276&kikanKbn=2", "url2": "https://www.seinan-mch.or.jp/yachiyo_clinic/", "内容": "茨城西南医療センター病院附属八千代診療所【2:診療所】【診療科目:内科】茨城県結城郡八千代町菅谷１１７０−１" }, "geometry": { "type": "Point", "coordinates": [ 139.893889, 36.1775 ] } },
{ "type": "Feature", "properties": { "ID": 82208641292, "正式名称": "医療法人社団エムアイ　いのもと整形外科", "機関区分": 2, "都道府県コード": 8, "市区町村コード": 228, "所在地": "茨城県坂東市辺田３１０番地５２", "緯度": 36.042236, "経度": 139.88983, "url": "https://www.iryou.teikyouseido.mhlw.go.jp/znk-web/juminkanja/S2430/initialize?prefCd=08&kikanCd=208641292&kikanKbn=2", "url2": null, "内容": "医療法人社団エムアイ　いのもと整形外科【2:診療所】【診療科目:整形外科_リウマチ科_リハビリテーション科】茨城県坂東市辺田３１０番地５２" }, "geometry": { "type": "Point", "coordinates": [ 139.88983, 36.042236 ] } },
{ "type": "Feature", "properties": { "ID": 82208641351, "正式名称": "関根眼科診療所", "機関区分": 2, "都道府県コード": 8, "市区町村コード": 228, "所在地": "茨城県坂東市岩井４１５２ー６８", "緯度": 36.048058, "経度": 139.88617, "url": "https://www.iryou.teikyouseido.mhlw.go.jp/znk-web/juminkanja/S2430/initialize?prefCd=08&kikanCd=208641351&kikanKbn=2", "url2": null, "内容": "関根眼科診療所【2:診療所】【診療科目:眼科】茨城県坂東市岩井４１５２ー６８" }, "geometry": { "type": "Point", "coordinates": [ 139.88617, 36.048058 ] } },
{ "type": "Feature", "properties": { "ID": 82208641380, "正式名称": "しらさわ耳鼻咽喉科クリニック", "機関区分": 2, "都道府県コード": 8, "市区町村コード": 211, "所在地": "茨城県常総市水海道山田町１５４２－８", "緯度": 36.012778, "経度": 139.994444, "url": "https://www.iryou.teikyouseido.mhlw.go.jp/znk-web/juminkanja/S2430/initialize?prefCd=08&kikanCd=208641380&kikanKbn=2", "url2": "http://www.shirasawajibika.com", "内容": "しらさわ耳鼻咽喉科クリニック【2:診療所】【診療科目:耳鼻いんこう科_アレルギー科】茨城県常総市水海道山田町１５４２－８" }, "geometry": { "type": "Point", "coordinates": [ 139.994444, 36.012778 ] } },
{ "type": "Feature", "properties": { "ID": 82208641478, "正式名称": "医療法人社団プラスワン緑野クリニック", "機関区分": 2, "都道府県コード": 8, "市区町村コード": 228, "所在地": "茨城県坂東市沓掛２５２６－１", "緯度": 36.104444, "経度": 139.903333, "url": "https://www.iryou.teikyouseido.mhlw.go.jp/znk-web/juminkanja/S2430/initialize?prefCd=08&kikanCd=208641478&kikanKbn=2", "url2": "http://www.midorino.com", "内容": "医療法人社団プラスワン緑野クリニック【2:診療所】【診療科目:内科_小児科】茨城県坂東市沓掛２５２６－１" }, "geometry": { "type": "Point", "coordinates": [ 139.903333, 36.104444 ] } },
{ "type": "Feature", "properties": { "ID": 82208641481, "正式名称": "医療法人社団しば医院", "機関区分": 2, "都道府県コード": 8, "市区町村コード": 211, "所在地": "茨城県常総市本石下４７７２－４", "緯度": 36.120278, "経度": 139.974167, "url": "https://www.iryou.teikyouseido.mhlw.go.jp/znk-web/juminkanja/S2430/initialize?prefCd=08&kikanCd=208641481&kikanKbn=2", "url2": null, "内容": "医療法人社団しば医院【2:診療所】【診療科目:内科_小児科】茨城県常総市本石下４７７２－４" }, "geometry": { "type": "Point", "coordinates": [ 139.974167, 36.120278 ] } },
{ "type": "Feature", "properties": { "ID": 82208641771, "正式名称": "医療法人社団亮潤会一色クリニック", "機関区分": 2, "都道府県コード": 8, "市区町村コード": 211, "所在地": "茨城県常総市水海道森下町３８８５－１", "緯度": 36.028056, "経度": 139.989444, "url": "https://www.iryou.teikyouseido.mhlw.go.jp/znk-web/juminkanja/S2430/initialize?prefCd=08&kikanCd=208641771&kikanKbn=2", "url2": null, "内容": "医療法人社団亮潤会一色クリニック【2:診療所】【診療科目:内科_外科_肛門外科】茨城県常総市水海道森下町３８８５－１" }, "geometry": { "type": "Point", "coordinates": [ 139.989444, 36.028056 ] } },
{ "type": "Feature", "properties": { "ID": 82208642130, "正式名称": "とやまクリニック", "機関区分": 2, "都道府県コード": 8, "市区町村コード": 210, "所在地": "茨城県下妻市石の宮５７―１", "緯度": 36.195747, "経度": 139.94409, "url": "https://www.iryou.teikyouseido.mhlw.go.jp/znk-web/juminkanja/S2430/initialize?prefCd=08&kikanCd=208642130&kikanKbn=2", "url2": null, "内容": "とやまクリニック【2:診療所】【診療科目:内科_漢方内科】茨城県下妻市石の宮５７―１" }, "geometry": { "type": "Point", "coordinates": [ 139.94409, 36.195747 ] } },
{ "type": "Feature", "properties": { "ID": 82208642185, "正式名称": "佐々木整形外科", "機関区分": 2, "都道府県コード": 8, "市区町村コード": 521, "所在地": "茨城県結城郡八千代町菅谷１０６５－２", "緯度": 36.182778, "経度": 139.892778, "url": "https://www.iryou.teikyouseido.mhlw.go.jp/znk-web/juminkanja/S2430/initialize?prefCd=08&kikanCd=208642185&kikanKbn=2", "url2": null, "内容": "佐々木整形外科【2:診療所】【診療科目:整形外科】茨城県結城郡八千代町菅谷１０６５－２" }, "geometry": { "type": "Point", "coordinates": [ 139.892778, 36.182778 ] } },
{ "type": "Feature", "properties": { "ID": 82208642459, "正式名称": "加倉井皮膚科クリニック", "機関区分": 2, "都道府県コード": 8, "市区町村コード": 210, "所在地": "茨城県下妻市小島９０５－１", "緯度": 36.169583, "経度": 139.967583, "url": "https://www.iryou.teikyouseido.mhlw.go.jp/znk-web/juminkanja/S2430/initialize?prefCd=08&kikanCd=208642459&kikanKbn=2", "url2": null, "内容": "加倉井皮膚科クリニック【2:診療所】【診療科目:皮膚科】茨城県下妻市小島９０５－１" }, "geometry": { "type": "Point", "coordinates": [ 139.967583, 36.169583 ] } },
{ "type": "Feature", "properties": { "ID": 82208643049, "正式名称": "医療法人さくらばし桜橋クリニック", "機関区分": 2, "都道府県コード": 8, "市区町村コード": 211, "所在地": "茨城県常総市水海道橋本町３２９６－１１", "緯度": 36.020833, "経度": 139.994722, "url": "https://www.iryou.teikyouseido.mhlw.go.jp/znk-web/juminkanja/S2430/initialize?prefCd=08&kikanCd=208643049&kikanKbn=2", "url2": "http://www.sakurabashi-cl.com/index.html", "内容": "医療法人さくらばし桜橋クリニック【2:診療所】【診療科目:内科_胃腸内科_外科】茨城県常総市水海道橋本町３２９６－１１" }, "geometry": { "type": "Point", "coordinates": [ 139.994722, 36.020833 ] } },
{ "type": "Feature", "properties": { "ID": 82208643313, "正式名称": "大塚クリニック", "機関区分": 2, "都道府県コード": 8, "市区町村コード": 211, "所在地": "茨城県常総市中妻町２６２０", "緯度": 36.035833, "経度": 139.991389, "url": "https://www.iryou.teikyouseido.mhlw.go.jp/znk-web/juminkanja/S2430/initialize?prefCd=08&kikanCd=208643313&kikanKbn=2", "url2": "http://www.ohtsuka-clinic.com", "内容": "大塚クリニック【2:診療所】【診療科目:内科_脳神経外科_小児科_リハビリテーション科】茨城県常総市中妻町２６２０" }, "geometry": { "type": "Point", "coordinates": [ 139.991389, 36.035833 ] } },
{ "type": "Feature", "properties": { "ID": 82208643573, "正式名称": "三津山クリニック", "機関区分": 2, "都道府県コード": 8, "市区町村コード": 210, "所在地": "茨城県下妻市大串４５２－２", "緯度": 36.191389, "経度": 139.978333, "url": "https://www.iryou.teikyouseido.mhlw.go.jp/znk-web/juminkanja/S2430/initialize?prefCd=08&kikanCd=208643573&kikanKbn=2", "url2": null, "内容": "三津山クリニック【2:診療所】【診療科目:内科_循環器内科_小児科_発熱外来】茨城県下妻市大串４５２－２" }, "geometry": { "type": "Point", "coordinates": [ 139.978333, 36.191389 ] } },
{ "type": "Feature", "properties": { "ID": 82208643762, "正式名称": "医療法人江東会存身堂医院", "機関区分": 2, "都道府県コード": 8, "市区町村コード": 228, "所在地": "茨城県坂東市岩井３２９３", "緯度": 36.049212, "経度": 139.884585, "url": "https://www.iryou.teikyouseido.mhlw.go.jp/znk-web/juminkanja/S2430/initialize?prefCd=08&kikanCd=208643762&kikanKbn=2", "url2": "http://www.fureai.or.jp/~zon-clin/", "内容": "医療法人江東会存身堂医院【2:診療所】【診療科目:内科_消化器内科_外科_整形外科_小児科_皮膚科】茨城県坂東市岩井３２９３" }, "geometry": { "type": "Point", "coordinates": [ 139.884585, 36.049212 ] } },
{ "type": "Feature", "properties": { "ID": 82208644411, "正式名称": "まつだこどもクリニック", "機関区分": 2, "都道府県コード": 8, "市区町村コード": 210, "所在地": "茨城県下妻市長塚４２３－１", "緯度": 36.182778, "経度": 139.948611, "url": "https://www.iryou.teikyouseido.mhlw.go.jp/znk-web/juminkanja/S2430/initialize?prefCd=08&kikanCd=208644411&kikanKbn=2", "url2": "http://matsuda-kodomo.com", "内容": "まつだこどもクリニック【2:診療所】【診療科目:小児科】茨城県下妻市長塚４２３－１" }, "geometry": { "type": "Point", "coordinates": [ 139.948611, 36.182778 ] } },
{ "type": "Feature", "properties": { "ID": 82208648318, "正式名称": "医療法人猫瞳会すどう眼科", "機関区分": 2, "都道府県コード": 8, "市区町村コード": 210, "所在地": "茨城県下妻市半谷４９１－４", "緯度": 36.211389, "経度": 139.939444, "url": "https://www.iryou.teikyouseido.mhlw.go.jp/znk-web/juminkanja/S2430/initialize?prefCd=08&kikanCd=208648318&kikanKbn=2", "url2": "sudou-eye.com", "内容": "医療法人猫瞳会すどう眼科【2:診療所】【診療科目:眼科】茨城県下妻市半谷４９１－４" }, "geometry": { "type": "Point", "coordinates": [ 139.939444, 36.211389 ] } },
{ "type": "Feature", "properties": { "ID": 82208648969, "正式名称": "くぐいど婦人科クリニック", "機関区分": 2, "都道府県コード": 8, "市区町村コード": 228, "所在地": "茨城県坂東市鵠戸８９６－１", "緯度": 36.051944, "経度": 139.879167, "url": "https://www.iryou.teikyouseido.mhlw.go.jp/znk-web/juminkanja/S2430/initialize?prefCd=08&kikanCd=208648969&kikanKbn=2", "url2": "kuguido-fujinka.com", "内容": "くぐいど婦人科クリニック【2:診療所】【診療科目:婦人科】茨城県坂東市鵠戸８９６－１" }, "geometry": { "type": "Point", "coordinates": [ 139.879167, 36.051944 ] } },
{ "type": "Feature", "properties": { "ID": 82208650038, "正式名称": "医療法人宏仁会内田耳鼻咽喉科医院", "機関区分": 2, "都道府県コード": 8, "市区町村コード": 204, "所在地": "茨城県古河市中央町２ー３－１７", "緯度": 36.193197, "経度": 139.703946, "url": "https://www.iryou.teikyouseido.mhlw.go.jp/znk-web/juminkanja/S2430/initialize?prefCd=08&kikanCd=208650038&kikanKbn=2", "url2": "http://www.tohoyk.jp/hp/uchida/", "内容": "医療法人宏仁会内田耳鼻咽喉科医院【2:診療所】【診療科目:耳鼻いんこう科】茨城県古河市中央町２ー３－１７" }, "geometry": { "type": "Point", "coordinates": [ 139.703946, 36.193197 ] } },
{ "type": "Feature", "properties": { "ID": 82208650054, "正式名称": "医療法人遠藤医院", "機関区分": 2, "都道府県コード": 8, "市区町村コード": 204, "所在地": "茨城県古河市本町２－１４－１", "緯度": 36.19153, "経度": 139.705776, "url": "https://www.iryou.teikyouseido.mhlw.go.jp/znk-web/juminkanja/S2430/initialize?prefCd=08&kikanCd=208650054&kikanKbn=2", "url2": null, "内容": "医療法人遠藤医院【2:診療所】【診療科目:内科_循環器内科_小児科】茨城県古河市本町２－１４－１" }, "geometry": { "type": "Point", "coordinates": [ 139.705776, 36.19153 ] } },
{ "type": "Feature", "properties": { "ID": 82208650126, "正式名称": "斉藤皮膚科医院", "機関区分": 2, "都道府県コード": 8, "市区町村コード": 204, "所在地": "茨城県古河市横山町３－４－１", "緯度": 36.196111, "経度": 139.705833, "url": "https://www.iryou.teikyouseido.mhlw.go.jp/znk-web/juminkanja/S2430/initialize?prefCd=08&kikanCd=208650126&kikanKbn=2", "url2": null, "内容": "斉藤皮膚科医院【2:診療所】【診療科目:皮膚科】茨城県古河市横山町３－４－１" }, "geometry": { "type": "Point", "coordinates": [ 139.705833, 36.196111 ] } },
{ "type": "Feature", "properties": { "ID": 82208650139, "正式名称": "佐賀小児科医院", "機関区分": 2, "都道府県コード": 8, "市区町村コード": 204, "所在地": "茨城県古河市長谷町１－１１", "緯度": 36.188019, "経度": 139.703785, "url": "https://www.iryou.teikyouseido.mhlw.go.jp/znk-web/juminkanja/S2430/initialize?prefCd=08&kikanCd=208650139&kikanKbn=2", "url2": "saga-ped-clinic.com", "内容": "佐賀小児科医院【2:診療所】【診療科目:内科_小児科_アレルギー科】茨城県古河市長谷町１－１１" }, "geometry": { "type": "Point", "coordinates": [ 139.703785, 36.188019 ] } },
{ "type": "Feature", "properties": { "ID": 82208650142, "正式名称": "三省堂耳鼻咽喉科医院", "機関区分": 2, "都道府県コード": 8, "市区町村コード": 204, "所在地": "茨城県古河市中央町１－８－３５", "緯度": 36.193611, "経度": 139.706111, "url": "https://www.iryou.teikyouseido.mhlw.go.jp/znk-web/juminkanja/S2430/initialize?prefCd=08&kikanCd=208650142&kikanKbn=2", "url2": null, "内容": "三省堂耳鼻咽喉科医院【2:診療所】【診療科目:耳鼻いんこう科】茨城県古河市中央町１－８－３５" }, "geometry": { "type": "Point", "coordinates": [ 139.706111, 36.193611 ] } },
{ "type": "Feature", "properties": { "ID": 82208650171, "正式名称": "医療法人　田中医院", "機関区分": 2, "都道府県コード": 8, "市区町村コード": 204, "所在地": "茨城県古河市錦町５‐３", "緯度": 36.191111, "経度": 139.701389, "url": "https://www.iryou.teikyouseido.mhlw.go.jp/znk-web/juminkanja/S2430/initialize?prefCd=08&kikanCd=208650171&kikanKbn=2", "url2": "http://www.tanakaiin.jp", "内容": "医療法人　田中医院【2:診療所】【診療科目:内科_消化器内科】茨城県古河市錦町５‐３" }, "geometry": { "type": "Point", "coordinates": [ 139.701389, 36.191111 ] } },
{ "type": "Feature", "properties": { "ID": 82208650269, "正式名称": "前沢内科医院", "機関区分": 2, "都道府県コード": 8, "市区町村コード": 204, "所在地": "茨城県古河市東２ー１３ー２２", "緯度": 36.194722, "経度": 139.713333, "url": "https://www.iryou.teikyouseido.mhlw.go.jp/znk-web/juminkanja/S2430/initialize?prefCd=08&kikanCd=208650269&kikanKbn=2", "url2": null, "内容": "前沢内科医院【2:診療所】【診療科目:内科_呼吸器内科_循環器内科】茨城県古河市東２ー１３ー２２" }, "geometry": { "type": "Point", "coordinates": [ 139.713333, 36.194722 ] } },
{ "type": "Feature", "properties": { "ID": 82208650285, "正式名称": "松永外科医院", "機関区分": 2, "都道府県コード": 8, "市区町村コード": 204, "所在地": "茨城県古河市東本町３－１５－３６", "緯度": 36.1928, "経度": 139.720307, "url": "https://www.iryou.teikyouseido.mhlw.go.jp/znk-web/juminkanja/S2430/initialize?prefCd=08&kikanCd=208650285&kikanKbn=2", "url2": "https://www.ma2hosp.com", "内容": "松永外科医院【2:診療所】【診療科目:内科_消化器内科_外科_整形外科_皮膚科】茨城県古河市東本町３－１５－３６" }, "geometry": { "type": "Point", "coordinates": [ 139.720307, 36.1928 ] } },
{ "type": "Feature", "properties": { "ID": 82208650331, "正式名称": "梅田内科クリニック", "機関区分": 2, "都道府県コード": 8, "市区町村コード": 204, "所在地": "茨城県古河市旭町１－１３－５", "緯度": 36.198986, "経度": 139.72358, "url": "https://www.iryou.teikyouseido.mhlw.go.jp/znk-web/juminkanja/S2430/initialize?prefCd=08&kikanCd=208650331&kikanKbn=2", "url2": null, "内容": "梅田内科クリニック【2:診療所】【診療科目:内科_循環器内科】茨城県古河市旭町１－１３－５" }, "geometry": { "type": "Point", "coordinates": [ 139.72358, 36.198986 ] } },
{ "type": "Feature", "properties": { "ID": 82208650360, "正式名称": "山中医院", "機関区分": 2, "都道府県コード": 8, "市区町村コード": 204, "所在地": "茨城県古河市東１－７－１１", "緯度": 36.196107, "経度": 139.7115007, "url": "https://www.iryou.teikyouseido.mhlw.go.jp/znk-web/juminkanja/S2430/initialize?prefCd=08&kikanCd=208650360&kikanKbn=2", "url2": null, "内容": "山中医院【2:診療所】【診療科目:内科_糖尿病内科_呼吸器内科_循環器内科_消化器内科】茨城県古河市東１－７－１１" }, "geometry": { "type": "Point", "coordinates": [ 139.711500699999988, 36.196107 ] } },
{ "type": "Feature", "properties": { "ID": 82208650373, "正式名称": "小林医院", "機関区分": 2, "都道府県コード": 8, "市区町村コード": 204, "所在地": "茨城県古河市本町３－１－３３", "緯度": 36.187222, "経度": 139.707778, "url": "https://www.iryou.teikyouseido.mhlw.go.jp/znk-web/juminkanja/S2430/initialize?prefCd=08&kikanCd=208650373&kikanKbn=2", "url2": "kobacl.com", "内容": "小林医院【2:診療所】【診療科目:内科_循環器内科_胃腸内科】茨城県古河市本町３－１－３３" }, "geometry": { "type": "Point", "coordinates": [ 139.707778, 36.187222 ] } },
{ "type": "Feature", "properties": { "ID": 82208650416, "正式名称": "医療法人　左山会　太田内科・糖尿病内科医院", "機関区分": 2, "都道府県コード": 8, "市区町村コード": 204, "所在地": "茨城県古河市中央町２－２－１８", "緯度": 36.192919, "経度": 139.704268, "url": "https://www.iryou.teikyouseido.mhlw.go.jp/znk-web/juminkanja/S2430/initialize?prefCd=08&kikanCd=208650416&kikanKbn=2", "url2": "http://otamed.webmedipr.jp", "内容": "医療法人　左山会　太田内科・糖尿病内科医院【2:診療所】【診療科目:内科_糖尿病・内分泌内科】茨城県古河市中央町２－２－１８" }, "geometry": { "type": "Point", "coordinates": [ 139.704268, 36.192919 ] } },
{ "type": "Feature", "properties": { "ID": 82208650533, "正式名称": "医療法人社団勇和会平嶋胃腸科外科医院", "機関区分": 2, "都道府県コード": 8, "市区町村コード": 204, "所在地": "茨城県古河市駒羽根１３４", "緯度": 36.171111, "経度": 139.762222, "url": "https://www.iryou.teikyouseido.mhlw.go.jp/znk-web/juminkanja/S2430/initialize?prefCd=08&kikanCd=208650533&kikanKbn=2", "url2": "http://www.hirashima-clinic.com/more.html", "内容": "医療法人社団勇和会平嶋胃腸科外科医院【2:診療所】【診療科目:内科_消化器内科_胃腸内科_外科】茨城県古河市駒羽根１３４" }, "geometry": { "type": "Point", "coordinates": [ 139.762222, 36.171111 ] } },
{ "type": "Feature", "properties": { "ID": 82208650692, "正式名称": "清水丘診療所", "機関区分": 2, "都道府県コード": 8, "市区町村コード": 228, "所在地": "茨城県坂東市逆井４１１２", "緯度": 36.155007, "経度": 139.829082, "url": "https://www.iryou.teikyouseido.mhlw.go.jp/znk-web/juminkanja/S2430/initialize?prefCd=08&kikanCd=208650692&kikanKbn=2", "url2": null, "内容": "清水丘診療所【2:診療所】【診療科目:内科】茨城県坂東市逆井４１１２" }, "geometry": { "type": "Point", "coordinates": [ 139.829082, 36.155007 ] } },
{ "type": "Feature", "properties": { "ID": 82208650764, "正式名称": "中村医院", "機関区分": 2, "都道府県コード": 8, "市区町村コード": 546, "所在地": "茨城県猿島郡境町若林２２５６", "緯度": 36.073056, "経度": 139.8375, "url": "https://www.iryou.teikyouseido.mhlw.go.jp/znk-web/juminkanja/S2430/initialize?prefCd=08&kikanCd=208650764&kikanKbn=2", "url2": "nakamura-medical.net", "内容": "中村医院【2:診療所】【診療科目:内科_胃腸内科_外科_小児科】茨城県猿島郡境町若林２２５６" }, "geometry": { "type": "Point", "coordinates": [ 139.8375, 36.073056 ] } },
{ "type": "Feature", "properties": { "ID": 82208650881, "正式名称": "医療法人　塚原医院", "機関区分": 2, "都道府県コード": 8, "市区町村コード": 204, "所在地": "茨城県古河市尾崎３８１０－３", "緯度": 36.1875, "経度": 139.843611, "url": "https://www.iryou.teikyouseido.mhlw.go.jp/znk-web/juminkanja/S2430/initialize?prefCd=08&kikanCd=208650881&kikanKbn=2", "url2": "http://www.tsukahara-clinic.or.jp", "内容": "医療法人　塚原医院【2:診療所】【診療科目:内科_小児科_婦人科_皮膚科_美容皮膚科】茨城県古河市尾崎３８１０－３" }, "geometry": { "type": "Point", "coordinates": [ 139.843611, 36.1875 ] } },
{ "type": "Feature", "properties": { "ID": 82208650911, "正式名称": "医療法人なかむら眼科", "機関区分": 2, "都道府県コード": 8, "市区町村コード": 204, "所在地": "茨城県古河市諸川", "緯度": 36.198333, "経度": 139.811389, "url": "https://www.iryou.teikyouseido.mhlw.go.jp/znk-web/juminkanja/S2430/initialize?prefCd=08&kikanCd=208650911&kikanKbn=2", "url2": null, "内容": "医療法人なかむら眼科【2:診療所】【診療科目:眼科】茨城県古河市諸川" }, "geometry": { "type": "Point", "coordinates": [ 139.811389, 36.198333 ] } },
{ "type": "Feature", "properties": { "ID": 82208650924, "正式名称": "池田医院", "機関区分": 2, "都道府県コード": 8, "市区町村コード": 546, "所在地": "茨城県猿島郡境町境町２１７４－１００", "緯度": 36.110833, "経度": 139.799167, "url": "https://www.iryou.teikyouseido.mhlw.go.jp/znk-web/juminkanja/S2430/initialize?prefCd=08&kikanCd=208650924&kikanKbn=2", "url2": "https://www.ikedaiin-sakai.com/", "内容": "池田医院【2:診療所】【診療科目:内科_小児科_産科_婦人科_麻酔科】茨城県猿島郡境町境町２１７４－１００" }, "geometry": { "type": "Point", "coordinates": [ 139.799167, 36.110833 ] } },
{ "type": "Feature", "properties": { "ID": 82208651022, "正式名称": "馬場医院", "機関区分": 2, "都道府県コード": 8, "市区町村コード": 542, "所在地": "茨城県猿島郡五霞町元栗橋７２６４", "緯度": 36.09, "経度": 139.738889, "url": "https://www.iryou.teikyouseido.mhlw.go.jp/znk-web/juminkanja/S2430/initialize?prefCd=08&kikanCd=208651022&kikanKbn=2", "url2": null, "内容": "馬場医院【2:診療所】【診療科目:内科_循環器内科_胃腸内科_小児科】茨城県猿島郡五霞町元栗橋７２６４" }, "geometry": { "type": "Point", "coordinates": [ 139.738889, 36.09 ] } },
{ "type": "Feature", "properties": { "ID": 82208651110, "正式名称": "医療法人西村外科", "機関区分": 2, "都道府県コード": 8, "市区町村コード": 204, "所在地": "茨城県古河市本町２－５－１０", "緯度": 36.190556, "経度": 139.709444, "url": "https://www.iryou.teikyouseido.mhlw.go.jp/znk-web/juminkanja/S2430/initialize?prefCd=08&kikanCd=208651110&kikanKbn=2", "url2": null, "内容": "医療法人西村外科【2:診療所】【診療科目:消化器内科_肛門外科_整形外科_リウマチ科】茨城県古河市本町２－５－１０" }, "geometry": { "type": "Point", "coordinates": [ 139.709444, 36.190556 ] } },
{ "type": "Feature", "properties": { "ID": 82208651136, "正式名称": "医療法人寿恵会船橋レディスクリニック", "機関区分": 2, "都道府県コード": 8, "市区町村コード": 204, "所在地": "茨城県古河市諸川６５７－３", "緯度": 36.195833, "経度": 139.823611, "url": "https://www.iryou.teikyouseido.mhlw.go.jp/znk-web/juminkanja/S2430/initialize?prefCd=08&kikanCd=208651136&kikanKbn=2", "url2": "http://www.funabashi-lc.jp/", "内容": "医療法人寿恵会船橋レディスクリニック【2:診療所】【診療科目:内科_小児科_産婦人科】茨城県古河市諸川６５７－３" }, "geometry": { "type": "Point", "coordinates": [ 139.823611, 36.195833 ] } },
{ "type": "Feature", "properties": { "ID": 82208651295, "正式名称": "医療法人慈政会小柳クリニック", "機関区分": 2, "都道府県コード": 8, "市区町村コード": 204, "所在地": "茨城県古河市東本町４－２－２", "緯度": 36.190556, "経度": 139.727778, "url": "https://www.iryou.teikyouseido.mhlw.go.jp/znk-web/juminkanja/S2430/initialize?prefCd=08&kikanCd=208651295&kikanKbn=2", "url2": "http://www.jiseikai.net", "内容": "医療法人慈政会小柳クリニック【2:診療所】【診療科目:内科_精神科_心療内科_麻酔科】茨城県古河市東本町４－２－２" }, "geometry": { "type": "Point", "coordinates": [ 139.727778, 36.190556 ] } },
{ "type": "Feature", "properties": { "ID": 82208651309, "正式名称": "岡田クリニック", "機関区分": 2, "都道府県コード": 8, "市区町村コード": 204, "所在地": "茨城県古河市下大野２８５４", "緯度": 36.178889, "経度": 139.753056, "url": "https://www.iryou.teikyouseido.mhlw.go.jp/znk-web/juminkanja/S2430/initialize?prefCd=08&kikanCd=208651309&kikanKbn=2", "url2": null, "内容": "岡田クリニック【2:診療所】【診療科目:内科_消化器内科_外科_肛門外科_小児科】茨城県古河市下大野２８５４" }, "geometry": { "type": "Point", "coordinates": [ 139.753056, 36.178889 ] } },
{ "type": "Feature", "properties": { "ID": 82208651413, "正式名称": "医療法人浩悦会はまだクリニック", "機関区分": 2, "都道府県コード": 8, "市区町村コード": 204, "所在地": "茨城県古河市坂間１８５－１１", "緯度": 36.161389, "経度": 139.711944, "url": "https://www.iryou.teikyouseido.mhlw.go.jp/znk-web/juminkanja/S2430/initialize?prefCd=08&kikanCd=208651413&kikanKbn=2", "url2": "http://hama-cl.byoinnavi.jp/pc/", "内容": "医療法人浩悦会はまだクリニック【2:診療所】【診療科目:内科_神経内科_脳神経外科_リハビリテーション科】茨城県古河市坂間１８５－１１" }, "geometry": { "type": "Point", "coordinates": [ 139.711944, 36.161389 ] } },
{ "type": "Feature", "properties": { "ID": 82208651442, "正式名称": "梅田医院", "機関区分": 2, "都道府県コード": 8, "市区町村コード": 204, "所在地": "茨城県古河市久能１０１８－４", "緯度": 36.159444, "経度": 139.773333, "url": "https://www.iryou.teikyouseido.mhlw.go.jp/znk-web/juminkanja/S2430/initialize?prefCd=08&kikanCd=208651442&kikanKbn=2", "url2": "http://www.umeda-iin.com", "内容": "梅田医院【2:診療所】【診療科目:内科_呼吸器内科_消化器内科_外科_リハビリテーション科】茨城県古河市久能１０１８－４" }, "geometry": { "type": "Point", "coordinates": [ 139.773333, 36.159444 ] } },
{ "type": "Feature", "properties": { "ID": 82208651468, "正式名称": "村田医院", "機関区分": 2, "都道府県コード": 8, "市区町村コード": 546, "所在地": "茨城県猿島郡境町４５２－１", "緯度": 36.105278, "経度": 139.800278, "url": "https://www.iryou.teikyouseido.mhlw.go.jp/znk-web/juminkanja/S2430/initialize?prefCd=08&kikanCd=208651468&kikanKbn=2", "url2": "https://mrt-c.jp/", "内容": "村田医院【2:診療所】【診療科目:内科_消化器内科_小児科】茨城県猿島郡境町４５２－１" }, "geometry": { "type": "Point", "coordinates": [ 139.800278, 36.105278 ] } },
{ "type": "Feature", "properties": { "ID": 82208651471, "正式名称": "医療法人賢友会長島外科", "機関区分": 2, "都道府県コード": 8, "市区町村コード": 204, "所在地": "茨城県古河市本町１－９－１５", "緯度": 36.194722, "経度": 139.709722, "url": "https://www.iryou.teikyouseido.mhlw.go.jp/znk-web/juminkanja/S2430/initialize?prefCd=08&kikanCd=208651471&kikanKbn=2", "url2": null, "内容": "医療法人賢友会長島外科【2:診療所】【診療科目:内科_胃腸内科_外科_整形外科】茨城県古河市本町１－９－１５" }, "geometry": { "type": "Point", "coordinates": [ 139.709722, 36.194722 ] } },
{ "type": "Feature", "properties": { "ID": 82208651530, "正式名称": "医療法人社団冥加会かわまた眼科医院", "機関区分": 2, "都道府県コード": 8, "市区町村コード": 204, "所在地": "茨城県古河市上辺見２０６３－８", "緯度": 36.18769, "経度": 139.730102, "url": "https://www.iryou.teikyouseido.mhlw.go.jp/znk-web/juminkanja/S2430/initialize?prefCd=08&kikanCd=208651530&kikanKbn=2", "url2": null, "内容": "医療法人社団冥加会かわまた眼科医院【2:診療所】【診療科目:眼科】茨城県古河市上辺見２０６３－８" }, "geometry": { "type": "Point", "coordinates": [ 139.730102, 36.18769 ] } },
{ "type": "Feature", "properties": { "ID": 82208651804, "正式名称": "佐賀整形外科医院", "機関区分": 2, "都道府県コード": 8, "市区町村コード": 204, "所在地": "茨城県古河市長谷町２０－７", "緯度": 36.18601, "経度": 139.703953, "url": "https://www.iryou.teikyouseido.mhlw.go.jp/znk-web/juminkanja/S2430/initialize?prefCd=08&kikanCd=208651804&kikanKbn=2", "url2": null, "内容": "佐賀整形外科医院【2:診療所】【診療科目:整形外科_リウマチ科_リハビリテーション科】茨城県古河市長谷町２０－７" }, "geometry": { "type": "Point", "coordinates": [ 139.703953, 36.18601 ] } },
{ "type": "Feature", "properties": { "ID": 82208651888, "正式名称": "医療法人愛仁会利根川橋クリニック", "機関区分": 2, "都道府県コード": 8, "市区町村コード": 204, "所在地": "茨城県古河市中田１６９０", "緯度": 36.146944, "経度": 139.710833, "url": "https://www.iryou.teikyouseido.mhlw.go.jp/znk-web/juminkanja/S2430/initialize?prefCd=08&kikanCd=208651888&kikanKbn=2", "url2": "https://tonegawabashi-clinic.com/", "内容": "医療法人愛仁会利根川橋クリニック【2:診療所】【診療科目:内科_消化器内科_人工透析内科_外科_泌尿器科】茨城県古河市中田１６９０" }, "geometry": { "type": "Point", "coordinates": [ 139.710833, 36.146944 ] } },
{ "type": "Feature", "properties": { "ID": 82208651963, "正式名称": "倉持医院", "機関区分": 2, "都道府県コード": 8, "市区町村コード": 228, "所在地": "茨城県坂東市沓掛１５０８", "緯度": 36.101353, "経度": 139.894049, "url": "https://www.iryou.teikyouseido.mhlw.go.jp/znk-web/juminkanja/S2430/initialize?prefCd=08&kikanCd=208651963&kikanKbn=2", "url2": null, "内容": "倉持医院【2:診療所】【診療科目:内科_小児科】茨城県坂東市沓掛１５０８" }, "geometry": { "type": "Point", "coordinates": [ 139.894049, 36.101353 ] } },
{ "type": "Feature", "properties": { "ID": 82208652654, "正式名称": "医療法人はやし整形外科クリニック", "機関区分": 2, "都道府県コード": 8, "市区町村コード": 204, "所在地": "茨城県古河市東本町４の２の２小柳ビル三階", "緯度": 36.190556, "経度": 139.727778, "url": "https://www.iryou.teikyouseido.mhlw.go.jp/znk-web/juminkanja/S2430/initialize?prefCd=08&kikanCd=208652654&kikanKbn=2", "url2": null, "内容": "医療法人はやし整形外科クリニック【2:診療所】【診療科目:整形外科_リウマチ科_リハビリテーション科】茨城県古河市東本町４の２の２小柳ビル三階" }, "geometry": { "type": "Point", "coordinates": [ 139.727778, 36.190556 ] } },
{ "type": "Feature", "properties": { "ID": 82208652667, "正式名称": "医療法人恵光会つる眼科クリニック", "機関区分": 2, "都道府県コード": 8, "市区町村コード": 204, "所在地": "茨城県古河市緑町４４－６", "緯度": 36.203056, "経度": 139.725833, "url": "https://www.iryou.teikyouseido.mhlw.go.jp/znk-web/juminkanja/S2430/initialize?prefCd=08&kikanCd=208652667&kikanKbn=2", "url2": "http://www.tsuru-ganka.com/", "内容": "医療法人恵光会つる眼科クリニック【2:診療所】【診療科目:眼科】茨城県古河市緑町４４－６" }, "geometry": { "type": "Point", "coordinates": [ 139.725833, 36.203056 ] } },
{ "type": "Feature", "properties": { "ID": 82208652683, "正式名称": "古河市古河福祉の森診療所", "機関区分": 2, "都道府県コード": 8, "市区町村コード": 204, "所在地": "茨城県古河市新久田２７１－１", "緯度": 36.165, "経度": 139.706389, "url": "https://www.iryou.teikyouseido.mhlw.go.jp/znk-web/juminkanja/S2430/initialize?prefCd=08&kikanCd=208652683&kikanKbn=2", "url2": null, "内容": "古河市古河福祉の森診療所【2:診療所】【診療科目:内科_外科】茨城県古河市新久田２７１－１" }, "geometry": { "type": "Point", "coordinates": [ 139.706389, 36.165 ] } },
{ "type": "Feature", "properties": { "ID": 82208653257, "正式名称": "しばさきクリニック", "機関区分": 2, "都道府県コード": 8, "市区町村コード": 204, "所在地": "茨城県古河市中央町１－２－３０", "緯度": 36.194782, "経度": 139.70325, "url": "https://www.iryou.teikyouseido.mhlw.go.jp/znk-web/juminkanja/S2430/initialize?prefCd=08&kikanCd=208653257&kikanKbn=2", "url2": null, "内容": "しばさきクリニック【2:診療所】【診療科目:内科_外科_整形外科】茨城県古河市中央町１－２－３０" }, "geometry": { "type": "Point", "coordinates": [ 139.70325, 36.194782 ] } },
{ "type": "Feature", "properties": { "ID": 82208653938, "正式名称": "いけがき皮膚科", "機関区分": 2, "都道府県コード": 8, "市区町村コード": 204, "所在地": "茨城県古河市緑町５４－３３", "緯度": 36.201508, "経度": 139.726105, "url": "https://www.iryou.teikyouseido.mhlw.go.jp/znk-web/juminkanja/S2430/initialize?prefCd=08&kikanCd=208653938&kikanKbn=2", "url2": "https://ikegaki-hifuka.com/", "内容": "いけがき皮膚科【2:診療所】【診療科目:皮膚科_美容皮膚科_アレルギー科】茨城県古河市緑町５４－３３" }, "geometry": { "type": "Point", "coordinates": [ 139.726105, 36.201508 ] } },
{ "type": "Feature", "properties": { "ID": 82208654661, "正式名称": "医療法人櫻樹会　第３さくらい医院", "機関区分": 2, "都道府県コード": 8, "市区町村コード": 204, "所在地": "茨城県古河市旭町１－２－１７　イオン古河店１Ｆ", "緯度": 36.194444, "経度": 139.726667, "url": "https://www.iryou.teikyouseido.mhlw.go.jp/znk-web/juminkanja/S2430/initialize?prefCd=08&kikanCd=208654661&kikanKbn=2", "url2": "http://www.sakuraiiryou.jp/", "内容": "医療法人櫻樹会　第３さくらい医院【2:診療所】【診療科目:形成外科_小児皮膚科_皮膚科_美容皮膚科】茨城県古河市旭町１－２－１７　イオン古河店１Ｆ" }, "geometry": { "type": "Point", "coordinates": [ 139.726667, 36.194444 ] } },
{ "type": "Feature", "properties": { "ID": 82208654720, "正式名称": "医療法人社団應誠会　あさま耳鼻咽喉科医院", "機関区分": 2, "都道府県コード": 8, "市区町村コード": 204, "所在地": "茨城県古河市女沼６５６－１", "緯度": 36.175833, "経度": 139.745556, "url": "https://www.iryou.teikyouseido.mhlw.go.jp/znk-web/juminkanja/S2430/initialize?prefCd=08&kikanCd=208654720&kikanKbn=2", "url2": "https://nose-surgery.jp/", "内容": "医療法人社団應誠会　あさま耳鼻咽喉科医院【2:診療所】【診療科目:耳鼻いんこう科】茨城県古河市女沼６５６－１" }, "geometry": { "type": "Point", "coordinates": [ 139.745556, 36.175833 ] } },
{ "type": "Feature", "properties": { "ID": 82208654993, "正式名称": "いたばし糖尿病内科皮フ科クリニック", "機関区分": 2, "都道府県コード": 8, "市区町村コード": 204, "所在地": "茨城県古河市東牛谷８１５－１", "緯度": 36.206212, "経度": 139.745336, "url": "https://www.iryou.teikyouseido.mhlw.go.jp/znk-web/juminkanja/S2430/initialize?prefCd=08&kikanCd=208654993&kikanKbn=2", "url2": "http://www.itabashi-clinic.jp", "内容": "いたばし糖尿病内科皮フ科クリニック【2:診療所】【診療科目:内科_糖尿病内科_内分泌内科_糖尿病・内分泌内科_糖尿病・代謝内科_代謝・内分泌内科_皮膚科_美容皮膚科】茨城県古河市東牛谷８１５－１" }, "geometry": { "type": "Point", "coordinates": [ 139.745336, 36.206212 ] } },
{ "type": "Feature", "properties": { "ID": 82208655121, "正式名称": "かとう耳鼻咽喉科クリニック", "機関区分": 2, "都道府県コード": 8, "市区町村コード": 204, "所在地": "茨城県古河市下大野２９１７－１", "緯度": 36.175, "経度": 139.768889, "url": "https://www.iryou.teikyouseido.mhlw.go.jp/znk-web/juminkanja/S2430/initialize?prefCd=08&kikanCd=208655121&kikanKbn=2", "url2": "http://www.ok-kato.com/index.html", "内容": "かとう耳鼻咽喉科クリニック【2:診療所】【診療科目:耳鼻いんこう科】茨城県古河市下大野２９１７－１" }, "geometry": { "type": "Point", "coordinates": [ 139.768889, 36.175 ] } },
{ "type": "Feature", "properties": { "ID": 82208655381, "正式名称": "医療法人　悠生会　おかざき眼科皮膚科", "機関区分": 2, "都道府県コード": 8, "市区町村コード": 204, "所在地": "茨城県古河市本町４－１１－６", "緯度": 36.188333, "経度": 139.710833, "url": "https://www.iryou.teikyouseido.mhlw.go.jp/znk-web/juminkanja/S2430/initialize?prefCd=08&kikanCd=208655381&kikanKbn=2", "url2": "http://www.okazaki-eyeskin-clinic.com/index.html", "内容": "医療法人　悠生会　おかざき眼科皮膚科【2:診療所】【診療科目:眼科_皮膚科】茨城県古河市本町４－１１－６" }, "geometry": { "type": "Point", "coordinates": [ 139.710833, 36.188333 ] } },
{ "type": "Feature", "properties": { "ID": 82208655929, "正式名称": "医療法人社団順孝会　境町・あだち眼科", "機関区分": 2, "都道府県コード": 8, "市区町村コード": 546, "所在地": "茨城県猿島郡境町境町３８－３", "緯度": 36.117999, "経度": 139.799125, "url": "https://www.iryou.teikyouseido.mhlw.go.jp/znk-web/juminkanja/S2430/initialize?prefCd=08&kikanCd=208655929&kikanKbn=2", "url2": "http://sakaimachi-adachi-eye-clinic.com/", "内容": "医療法人社団順孝会　境町・あだち眼科【2:診療所】【診療科目:眼科】茨城県猿島郡境町境町３８－３" }, "geometry": { "type": "Point", "coordinates": [ 139.799125, 36.117999 ] } },
{ "type": "Feature", "properties": { "ID": 82208656391, "正式名称": "医療法人石井内科クリニック", "機関区分": 2, "都道府県コード": 8, "市区町村コード": 204, "所在地": "茨城県古河市大堤１２０番地１", "緯度": 36.183333, "経度": 139.719444, "url": "https://www.iryou.teikyouseido.mhlw.go.jp/znk-web/juminkanja/S2430/initialize?prefCd=08&kikanCd=208656391&kikanKbn=2", "url2": "http://www.ishii-clinic.com/", "内容": "医療法人石井内科クリニック【2:診療所】【診療科目:内科】茨城県古河市大堤１２０番地１" }, "geometry": { "type": "Point", "coordinates": [ 139.719444, 36.183333 ] } },
{ "type": "Feature", "properties": { "ID": 82208656421, "正式名称": "みわの郷クリニック", "機関区分": 2, "都道府県コード": 8, "市区町村コード": 204, "所在地": "茨城県古河市大和田１８０２－１", "緯度": 36.186667, "経度": 139.795556, "url": "https://www.iryou.teikyouseido.mhlw.go.jp/znk-web/juminkanja/S2430/initialize?prefCd=08&kikanCd=208656421&kikanKbn=2", "url2": null, "内容": "みわの郷クリニック【2:診療所】【診療科目:内科_整形外科_リハビリテーション科】茨城県古河市大和田１８０２－１" }, "geometry": { "type": "Point", "coordinates": [ 139.795556, 36.186667 ] } },
{ "type": "Feature", "properties": { "ID": 82208660073, "正式名称": "遊座医院", "機関区分": 2, "都道府県コード": 8, "市区町村コード": 221, "所在地": "茨城県ひたちなか市釈迦町１－３４", "緯度": 36.339722, "経度": 140.590833, "url": "https://www.iryou.teikyouseido.mhlw.go.jp/znk-web/juminkanja/S2430/initialize?prefCd=08&kikanCd=208660073&kikanKbn=2", "url2": "https://www.marin-room.net/yuzaiin/", "内容": "遊座医院【2:診療所】【診療科目:内科_小児科】茨城県ひたちなか市釈迦町１－３４" }, "geometry": { "type": "Point", "coordinates": [ 140.590833, 36.339722 ] } },
{ "type": "Feature", "properties": { "ID": 82208660086, "正式名称": "中村医院", "機関区分": 2, "都道府県コード": 8, "市区町村コード": 221, "所在地": "茨城県ひたちなか市殿山町１－２－８", "緯度": 36.344722, "経度": 140.607778, "url": "https://www.iryou.teikyouseido.mhlw.go.jp/znk-web/juminkanja/S2430/initialize?prefCd=08&kikanCd=208660086&kikanKbn=2", "url2": null, "内容": "中村医院【2:診療所】【診療科目:内科_小児科_皮膚科_泌尿器科】茨城県ひたちなか市殿山町１－２－８" }, "geometry": { "type": "Point", "coordinates": [ 140.607778, 36.344722 ] } },
{ "type": "Feature", "properties": { "ID": 82208660145, "正式名称": "医療法人社団　大平医院", "機関区分": 2, "都道府県コード": 8, "市区町村コード": 221, "所在地": "茨城県ひたちなか市八幡町９－７", "緯度": 36.345, "経度": 140.595278, "url": "https://www.iryou.teikyouseido.mhlw.go.jp/znk-web/juminkanja/S2430/initialize?prefCd=08&kikanCd=208660145&kikanKbn=2", "url2": null, "内容": "医療法人社団　大平医院【2:診療所】【診療科目:内科_泌尿器科】茨城県ひたちなか市八幡町９－７" }, "geometry": { "type": "Point", "coordinates": [ 140.595278, 36.345 ] } },
{ "type": "Feature", "properties": { "ID": 82208660161, "正式名称": "宇津見眼科医院", "機関区分": 2, "都道府県コード": 8, "市区町村コード": 221, "所在地": "茨城県ひたちなか市田中後２２－１", "緯度": 36.3475091, "経度": 140.5830343, "url": "https://www.iryou.teikyouseido.mhlw.go.jp/znk-web/juminkanja/S2430/initialize?prefCd=08&kikanCd=208660161&kikanKbn=2", "url2": null, "内容": "宇津見眼科医院【2:診療所】【診療科目:眼科】茨城県ひたちなか市田中後２２－１" }, "geometry": { "type": "Point", "coordinates": [ 140.5830343, 36.3475091 ] } },
{ "type": "Feature", "properties": { "ID": 82208660318, "正式名称": "田崎外科医院", "機関区分": 2, "都道府県コード": 8, "市区町村コード": 221, "所在地": "茨城県ひたちなか市市毛５２０―２", "緯度": 36.398293, "経度": 140.50587, "url": "https://www.iryou.teikyouseido.mhlw.go.jp/znk-web/juminkanja/S2430/initialize?prefCd=08&kikanCd=208660318&kikanKbn=2", "url2": null, "内容": "田崎外科医院【2:診療所】【診療科目:内科_消化器内科_外科_整形外科_皮膚科】茨城県ひたちなか市市毛５２０―２" }, "geometry": { "type": "Point", "coordinates": [ 140.50587, 36.398293 ] } },
{ "type": "Feature", "properties": { "ID": 82208660334, "正式名称": "医療法人社団雄々会中村眼科医院", "機関区分": 2, "都道府県コード": 8, "市区町村コード": 221, "所在地": "茨城県ひたちなか市勝田中央７－１９", "緯度": 36.390833, "経度": 140.530278, "url": "https://www.iryou.teikyouseido.mhlw.go.jp/znk-web/juminkanja/S2430/initialize?prefCd=08&kikanCd=208660334&kikanKbn=2", "url2": "http://nakamura-ganka.or.jp", "内容": "医療法人社団雄々会中村眼科医院【2:診療所】【診療科目:眼科】茨城県ひたちなか市勝田中央７－１９" }, "geometry": { "type": "Point", "coordinates": [ 140.530278, 36.390833 ] } },
{ "type": "Feature", "properties": { "ID": 82208660422, "正式名称": "小宅小児科医院", "機関区分": 2, "都道府県コード": 8, "市区町村コード": 221, "所在地": "茨城県ひたちなか市東石川３－７－１９", "緯度": 36.392543, "経度": 140.532084, "url": "https://www.iryou.teikyouseido.mhlw.go.jp/znk-web/juminkanja/S2430/initialize?prefCd=08&kikanCd=208660422&kikanKbn=2", "url2": null, "内容": "小宅小児科医院【2:診療所】【診療科目:小児科】茨城県ひたちなか市東石川３－７－１９" }, "geometry": { "type": "Point", "coordinates": [ 140.532084, 36.392543 ] } },
{ "type": "Feature", "properties": { "ID": 82208660477, "正式名称": "医療法人藤城会　伊藤医院", "機関区分": 2, "都道府県コード": 8, "市区町村コード": 221, "所在地": "茨城県ひたちなか市勝田本町４‐１５", "緯度": 36.390278, "経度": 140.524167, "url": "https://www.iryou.teikyouseido.mhlw.go.jp/znk-web/juminkanja/S2430/initialize?prefCd=08&kikanCd=208660477&kikanKbn=2", "url2": "hitachinaka-ito-clinic.com", "内容": "医療法人藤城会　伊藤医院【2:診療所】【診療科目:皮膚科_美容皮膚科】茨城県ひたちなか市勝田本町４‐１５" }, "geometry": { "type": "Point", "coordinates": [ 140.524167, 36.390278 ] } },
{ "type": "Feature", "properties": { "ID": 82208660507, "正式名称": "曽野内科医院", "機関区分": 2, "都道府県コード": 8, "市区町村コード": 221, "所在地": "茨城県ひたちなか市東大島４－１６－１７", "緯度": 36.401944, "経度": 140.535556, "url": "https://www.iryou.teikyouseido.mhlw.go.jp/znk-web/juminkanja/S2430/initialize?prefCd=08&kikanCd=208660507&kikanKbn=2", "url2": "http://sononaika.jp/", "内容": "曽野内科医院【2:診療所】【診療科目:内科_消化器内科】茨城県ひたちなか市東大島４－１６－１７" }, "geometry": { "type": "Point", "coordinates": [ 140.535556, 36.401944 ] } },
{ "type": "Feature", "properties": { "ID": 82208660549, "正式名称": "富士山内科クリニック", "機関区分": 2, "都道府県コード": 8, "市区町村コード": 221, "所在地": "茨城県ひたちなか市中根４７４６－５", "緯度": 36.386667, "経度": 140.560278, "url": "https://www.iryou.teikyouseido.mhlw.go.jp/znk-web/juminkanja/S2430/initialize?prefCd=08&kikanCd=208660549&kikanKbn=2", "url2": "https://www.eishunkai.com/", "内容": "富士山内科クリニック【2:診療所】【診療科目:内科_リウマチ科】茨城県ひたちなか市中根４７４６－５" }, "geometry": { "type": "Point", "coordinates": [ 140.560278, 36.386667 ] } },
{ "type": "Feature", "properties": { "ID": 82208660927, "正式名称": "勝田内科・皮膚科クリニック", "機関区分": 2, "都道府県コード": 8, "市区町村コード": 221, "所在地": "茨城県ひたちなか市大成町３５－１", "緯度": 36.3876677, "経度": 140.5364906, "url": "https://www.iryou.teikyouseido.mhlw.go.jp/znk-web/juminkanja/S2430/initialize?prefCd=08&kikanCd=208660927&kikanKbn=2", "url2": null, "内容": "勝田内科・皮膚科クリニック【2:診療所】【診療科目:内科_消化器内科_内視鏡内科_皮膚科】茨城県ひたちなか市大成町３５－１" }, "geometry": { "type": "Point", "coordinates": [ 140.5364906, 36.3876677 ] } },
{ "type": "Feature", "properties": { "ID": 82208660985, "正式名称": "小浜産科婦人科クリニック", "機関区分": 2, "都道府県コード": 8, "市区町村コード": 221, "所在地": "茨城県ひたちなか市堀口６１６", "緯度": 36.388889, "経度": 140.518333, "url": "https://www.iryou.teikyouseido.mhlw.go.jp/znk-web/juminkanja/S2430/initialize?prefCd=08&kikanCd=208660985&kikanKbn=2", "url2": "http://www.kohama-obgy.jp", "内容": "小浜産科婦人科クリニック【2:診療所】【診療科目:小児科_産婦人科】茨城県ひたちなか市堀口６１６" }, "geometry": { "type": "Point", "coordinates": [ 140.518333, 36.388889 ] } },
{ "type": "Feature", "properties": { "ID": 82208661012, "正式名称": "後藤医院", "機関区分": 2, "都道府県コード": 8, "市区町村コード": 221, "所在地": "茨城県ひたちなか市道メキ１２９８６－２", "緯度": 36.352089, "経度": 140.600197, "url": "https://www.iryou.teikyouseido.mhlw.go.jp/znk-web/juminkanja/S2430/initialize?prefCd=08&kikanCd=208661012&kikanKbn=2", "url2": null, "内容": "後藤医院【2:診療所】【診療科目:内科_循環器内科_小児科】茨城県ひたちなか市道メキ１２９８６－２" }, "geometry": { "type": "Point", "coordinates": [ 140.600197, 36.352089 ] } },
{ "type": "Feature", "properties": { "ID": 82208661096, "正式名称": "東海眼科", "機関区分": 2, "都道府県コード": 8, "市区町村コード": 341, "所在地": "茨城県那珂郡東海村船場７３２－３１", "緯度": 36.454444, "経度": 140.551667, "url": "https://www.iryou.teikyouseido.mhlw.go.jp/znk-web/juminkanja/S2430/initialize?prefCd=08&kikanCd=208661096&kikanKbn=2", "url2": "http://toukaiganka.byoinnavi.jp", "内容": "東海眼科【2:診療所】【診療科目:眼科】茨城県那珂郡東海村船場７３２－３１" }, "geometry": { "type": "Point", "coordinates": [ 140.551667, 36.454444 ] } },
{ "type": "Feature", "properties": { "ID": 82208661100, "正式名称": "赤津眼科", "機関区分": 2, "都道府県コード": 8, "市区町村コード": 221, "所在地": "茨城県ひたちなか市大成町１７－２", "緯度": 36.3825, "経度": 140.537778, "url": "https://www.iryou.teikyouseido.mhlw.go.jp/znk-web/juminkanja/S2430/initialize?prefCd=08&kikanCd=208661100&kikanKbn=2", "url2": "http://akatsu-eye.jp/greeting.html", "内容": "赤津眼科【2:診療所】【診療科目:眼科】茨城県ひたちなか市大成町１７－２" }, "geometry": { "type": "Point", "coordinates": [ 140.537778, 36.3825 ] } },
{ "type": "Feature", "properties": { "ID": 82208661113, "正式名称": "山﨑クリニック", "機関区分": 2, "都道府県コード": 8, "市区町村コード": 221, "所在地": "茨城県ひたちなか市赤坂１２３９１番地", "緯度": 36.350278, "経度": 140.600833, "url": "https://www.iryou.teikyouseido.mhlw.go.jp/znk-web/juminkanja/S2430/initialize?prefCd=08&kikanCd=208661113&kikanKbn=2", "url2": null, "内容": "山﨑クリニック【2:診療所】【診療科目:内科_血液内科_消化器内科_胃腸内科_外科_肛門外科_整形外科_皮膚科_リハビリテーション科】茨城県ひたちなか市赤坂１２３９１番地" }, "geometry": { "type": "Point", "coordinates": [ 140.600833, 36.350278 ] } },
{ "type": "Feature", "properties": { "ID": 82208661139, "正式名称": "馬渡眼科", "機関区分": 2, "都道府県コード": 8, "市区町村コード": 221, "所在地": "茨城県ひたちなか市馬渡２７６８－２", "緯度": 36.399668, "経度": 140.565963, "url": "https://www.iryou.teikyouseido.mhlw.go.jp/znk-web/juminkanja/S2430/initialize?prefCd=08&kikanCd=208661139&kikanKbn=2", "url2": null, "内容": "馬渡眼科【2:診療所】【診療科目:眼科】茨城県ひたちなか市馬渡２７６８－２" }, "geometry": { "type": "Point", "coordinates": [ 140.565963, 36.399668 ] } },
{ "type": "Feature", "properties": { "ID": 82208661142, "正式名称": "原レディスクリニック", "機関区分": 2, "都道府県コード": 8, "市区町村コード": 221, "所在地": "茨城県ひたちなか市笹野町２−１１−１０", "緯度": 36.393056, "経度": 140.548611, "url": "https://www.iryou.teikyouseido.mhlw.go.jp/znk-web/juminkanja/S2430/initialize?prefCd=08&kikanCd=208661142&kikanKbn=2", "url2": "https://hara-ladies.jp", "内容": "原レディスクリニック【2:診療所】【診療科目:内科_産婦人科】茨城県ひたちなか市笹野町２−１１−１０" }, "geometry": { "type": "Point", "coordinates": [ 140.548611, 36.393056 ] } },
{ "type": "Feature", "properties": { "ID": 82208661171, "正式名称": "医療法人沼田内科クリニック", "機関区分": 2, "都道府県コード": 8, "市区町村コード": 221, "所在地": "茨城県ひたちなか市津田２８２９－５", "緯度": 36.404995, "経度": 140.495043, "url": "https://www.iryou.teikyouseido.mhlw.go.jp/znk-web/juminkanja/S2430/initialize?prefCd=08&kikanCd=208661171&kikanKbn=2", "url2": "https://www.numatanaika.com", "内容": "医療法人沼田内科クリニック【2:診療所】【診療科目:内科_呼吸器内科_循環器内科_消化器内科_小児科】茨城県ひたちなか市津田２８２９－５" }, "geometry": { "type": "Point", "coordinates": [ 140.495043, 36.404995 ] } },
{ "type": "Feature", "properties": { "ID": 82208670021, "正式名称": "岩佐医院", "機関区分": 2, "都道府県コード": 8, "市区町村コード": 364, "所在地": "茨城県久慈郡大子町大子１８２８－７", "緯度": 36.763611, "経度": 140.358889, "url": "https://www.iryou.teikyouseido.mhlw.go.jp/znk-web/juminkanja/S2430/initialize?prefCd=08&kikanCd=208670021&kikanKbn=2", "url2": "http://www.iwasa-clinic.com/", "内容": "岩佐医院【2:診療所】【診療科目:内科_小児科_産婦人科】茨城県久慈郡大子町大子１８２８－７" }, "geometry": { "type": "Point", "coordinates": [ 140.358889, 36.763611 ] } },
{ "type": "Feature", "properties": { "ID": 82208670089, "正式名称": "医療法人社団芳尚会吉成医院", "機関区分": 2, "都道府県コード": 8, "市区町村コード": 364, "所在地": "茨城県久慈郡大子町大子８１３－１", "緯度": 36.765556, "経度": 140.358333, "url": "https://www.iryou.teikyouseido.mhlw.go.jp/znk-web/juminkanja/S2430/initialize?prefCd=08&kikanCd=208670089&kikanKbn=2", "url2": "http://yoshinari-iin.sakura.ne.jp", "内容": "医療法人社団芳尚会吉成医院【2:診療所】【診療科目:内科_胃腸内科_整形外科_リハビリテーション科_放射線科】茨城県久慈郡大子町大子８１３－１" }, "geometry": { "type": "Point", "coordinates": [ 140.358333, 36.765556 ] } },
{ "type": "Feature", "properties": { "ID": 82208680109, "正式名称": "医療法人宗作会滝川医院", "機関区分": 2, "都道府県コード": 8, "市区町村コード": 214, "所在地": "茨城県高萩市春日町２−６４", "緯度": 36.713333, "経度": 140.718611, "url": "https://www.iryou.teikyouseido.mhlw.go.jp/znk-web/juminkanja/S2430/initialize?prefCd=08&kikanCd=208680109&kikanKbn=2", "url2": "www.taki-gawa.com", "内容": "医療法人宗作会滝川医院【2:診療所】【診療科目:内科_整形外科_小児科_リハビリテーション科】茨城県高萩市春日町２−６４" }, "geometry": { "type": "Point", "coordinates": [ 140.718611, 36.713333 ] } },
{ "type": "Feature", "properties": { "ID": 82208680141, "正式名称": "永山眼科医院", "機関区分": 2, "都道府県コード": 8, "市区町村コード": 214, "所在地": "茨城県高萩市大和町１－７", "緯度": 36.71, "経度": 140.718611, "url": "https://www.iryou.teikyouseido.mhlw.go.jp/znk-web/juminkanja/S2430/initialize?prefCd=08&kikanCd=208680141&kikanKbn=2", "url2": null, "内容": "永山眼科医院【2:診療所】【診療科目:眼科】茨城県高萩市大和町１－７" }, "geometry": { "type": "Point", "coordinates": [ 140.718611, 36.71 ] } },
{ "type": "Feature", "properties": { "ID": 82208680213, "正式名称": "北茨城市立水沼診療所", "機関区分": 2, "都道府県コード": 8, "市区町村コード": 215, "所在地": "茨城県北茨城市華川町花園８８", "緯度": 36.858333, "経度": 140.660833, "url": "https://www.iryou.teikyouseido.mhlw.go.jp/znk-web/juminkanja/S2430/initialize?prefCd=08&kikanCd=208680213&kikanKbn=2", "url2": null, "内容": "北茨城市立水沼診療所【2:診療所】【診療科目:内科】茨城県北茨城市華川町花園８８" }, "geometry": { "type": "Point", "coordinates": [ 140.660833, 36.858333 ] } },
{ "type": "Feature", "properties": { "ID": 82208680327, "正式名称": "社団医療法人至誠会北茨城クリニック", "機関区分": 2, "都道府県コード": 8, "市区町村コード": 215, "所在地": "茨城県北茨城市大津町北町１－４－８", "緯度": 36.848292, "経度": 140.779613, "url": "https://www.iryou.teikyouseido.mhlw.go.jp/znk-web/juminkanja/S2430/initialize?prefCd=08&kikanCd=208680327&kikanKbn=2", "url2": null, "内容": "社団医療法人至誠会北茨城クリニック【2:診療所】【診療科目:内科_循環器内科_外科_消化器外科_肛門外科_リハビリテーション科】茨城県北茨城市大津町北町１－４－８" }, "geometry": { "type": "Point", "coordinates": [ 140.779613, 36.848292 ] } },
{ "type": "Feature", "properties": { "ID": 82208680444, "正式名称": "高林眼科クリニック", "機関区分": 2, "都道府県コード": 8, "市区町村コード": 215, "所在地": "茨城県北茨城市磯原町本町１－７－１０", "緯度": 36.785278, "経度": 140.746667, "url": "https://www.iryou.teikyouseido.mhlw.go.jp/znk-web/juminkanja/S2430/initialize?prefCd=08&kikanCd=208680444&kikanKbn=2", "url2": null, "内容": "高林眼科クリニック【2:診療所】【診療科目:眼科】茨城県北茨城市磯原町本町１－７－１０" }, "geometry": { "type": "Point", "coordinates": [ 140.746667, 36.785278 ] } },
{ "type": "Feature", "properties": { "ID": 82208680460, "正式名称": "医療法人社団内田医院", "機関区分": 2, "都道府県コード": 8, "市区町村コード": 214, "所在地": "茨城県高萩市大和町２－１６", "緯度": 36.712708, "経度": 140.71481, "url": "https://www.iryou.teikyouseido.mhlw.go.jp/znk-web/juminkanja/S2430/initialize?prefCd=08&kikanCd=208680460&kikanKbn=2", "url2": null, "内容": "医療法人社団内田医院【2:診療所】【診療科目:内科_皮膚科_精神科_心療内科_老年精神科_老年心療内科】茨城県高萩市大和町２－１６" }, "geometry": { "type": "Point", "coordinates": [ 140.71481, 36.712708 ] } },
{ "type": "Feature", "properties": { "ID": 82208690014, "正式名称": "つくば豊里耳鼻咽喉科医院", "機関区分": 2, "都道府県コード": 8, "市区町村コード": 220, "所在地": "茨城県つくば市東平塚８９３－１", "緯度": 36.094167, "経度": 140.095278, "url": "https://www.iryou.teikyouseido.mhlw.go.jp/znk-web/juminkanja/S2430/initialize?prefCd=08&kikanCd=208690014&kikanKbn=2", "url2": null, "内容": "つくば豊里耳鼻咽喉科医院【2:診療所】【診療科目:耳鼻いんこう科_アレルギー科】茨城県つくば市東平塚８９３－１" }, "geometry": { "type": "Point", "coordinates": [ 140.095278, 36.094167 ] } },
{ "type": "Feature", "properties": { "ID": 82208690030, "正式名称": "渡辺医院", "機関区分": 2, "都道府県コード": 8, "市区町村コード": 220, "所在地": "茨城県つくば市小野崎４７６", "緯度": 36.073056, "経度": 140.112222, "url": "https://www.iryou.teikyouseido.mhlw.go.jp/znk-web/juminkanja/S2430/initialize?prefCd=08&kikanCd=208690030&kikanKbn=2", "url2": "http://www.watanabe-clinic.sakura.ne.jp", "内容": "渡辺医院【2:診療所】【診療科目:内科_胃腸内科_外科_肛門外科_小児科_皮膚科】茨城県つくば市小野崎４７６" }, "geometry": { "type": "Point", "coordinates": [ 140.112222, 36.073056 ] } },
{ "type": "Feature", "properties": { "ID": 82208690072, "正式名称": "川井クリニック", "機関区分": 2, "都道府県コード": 8, "市区町村コード": 220, "所在地": "茨城県つくば市東平塚７１５－１", "緯度": 36.0925, "経度": 140.098333, "url": "https://www.iryou.teikyouseido.mhlw.go.jp/znk-web/juminkanja/S2430/initialize?prefCd=08&kikanCd=208690072&kikanKbn=2", "url2": "http://www.kawai-clinic.com", "内容": "川井クリニック【2:診療所】【診療科目:内科】茨城県つくば市東平塚７１５－１" }, "geometry": { "type": "Point", "coordinates": [ 140.098333, 36.0925 ] } },
{ "type": "Feature", "properties": { "ID": 82208690160, "正式名称": "医療法人義恵会　こまつ内科クリニック", "機関区分": 2, "都道府県コード": 8, "市区町村コード": 220, "所在地": "茨城県つくば市上横場１１７８－１", "緯度": 36.04659, "経度": 140.08464, "url": "https://www.iryou.teikyouseido.mhlw.go.jp/znk-web/juminkanja/S2430/initialize?prefCd=08&kikanCd=208690160&kikanKbn=2", "url2": "https://www.komatsuclin.com", "内容": "医療法人義恵会　こまつ内科クリニック【2:診療所】【診療科目:内科_消化器内科_神経内科_小児科】茨城県つくば市上横場１１７８－１" }, "geometry": { "type": "Point", "coordinates": [ 140.08464, 36.04659 ] } },
{ "type": "Feature", "properties": { "ID": 82208690258, "正式名称": "ほりかわクリニック", "機関区分": 2, "都道府県コード": 8, "市区町村コード": 220, "所在地": "茨城県つくば市筑穂２－１１－１", "緯度": 36.131111, "経度": 140.084722, "url": "https://www.iryou.teikyouseido.mhlw.go.jp/znk-web/juminkanja/S2430/initialize?prefCd=08&kikanCd=208690258&kikanKbn=2", "url2": null, "内容": "ほりかわクリニック【2:診療所】【診療科目:内科_アレルギー疾患内科_小児科_歯科_小児歯科_アレルギー科】茨城県つくば市筑穂２－１１－１" }, "geometry": { "type": "Point", "coordinates": [ 140.084722, 36.131111 ] } },
{ "type": "Feature", "properties": { "ID": 82208690287, "正式名称": "医療法人成島クリニック", "機関区分": 2, "都道府県コード": 8, "市区町村コード": 220, "所在地": "茨城県つくば市館野３６３", "緯度": 36.0425, "経度": 140.118056, "url": "https://www.iryou.teikyouseido.mhlw.go.jp/znk-web/juminkanja/S2430/initialize?prefCd=08&kikanCd=208690287&kikanKbn=2", "url2": null, "内容": "医療法人成島クリニック【2:診療所】【診療科目:内科_外科_脳神経外科_脳・血管外科】茨城県つくば市館野３６３" }, "geometry": { "type": "Point", "coordinates": [ 140.118056, 36.0425 ] } },
{ "type": "Feature", "properties": { "ID": 82208690290, "正式名称": "つくば橋本眼科", "機関区分": 2, "都道府県コード": 8, "市区町村コード": 220, "所在地": "茨城県つくば市古来沖畑５３０", "緯度": 36.088333, "経度": 140.148333, "url": "https://www.iryou.teikyouseido.mhlw.go.jp/znk-web/juminkanja/S2430/initialize?prefCd=08&kikanCd=208690290&kikanKbn=2", "url2": "http://www.tsukubahashimotoganka.jp", "内容": "つくば橋本眼科【2:診療所】【診療科目:眼科】茨城県つくば市古来沖畑５３０" }, "geometry": { "type": "Point", "coordinates": [ 140.148333, 36.088333 ] } },
{ "type": "Feature", "properties": { "ID": 82208690304, "正式名称": "さとうクリニック", "機関区分": 2, "都道府県コード": 8, "市区町村コード": 220, "所在地": "茨城県つくば市手代木１９３６－９", "緯度": 36.058594, "経度": 140.10077, "url": "https://www.iryou.teikyouseido.mhlw.go.jp/znk-web/juminkanja/S2430/initialize?prefCd=08&kikanCd=208690304&kikanKbn=2", "url2": null, "内容": "さとうクリニック【2:診療所】【診療科目:内科_循環器内科_アレルギー疾患内科】茨城県つくば市手代木１９３６－９" }, "geometry": { "type": "Point", "coordinates": [ 140.10077, 36.058594 ] } },
{ "type": "Feature", "properties": { "ID": 82208690317, "正式名称": "高崎クリニック", "機関区分": 2, "都道府県コード": 8, "市区町村コード": 220, "所在地": "茨城県つくば市高崎７７２－１２", "緯度": 35.995833, "経度": 140.123333, "url": "https://www.iryou.teikyouseido.mhlw.go.jp/znk-web/juminkanja/S2430/initialize?prefCd=08&kikanCd=208690317&kikanKbn=2", "url2": null, "内容": "高崎クリニック【2:診療所】【診療科目:内科】茨城県つくば市高崎７７２－１２" }, "geometry": { "type": "Point", "coordinates": [ 140.123333, 35.995833 ] } },
{ "type": "Feature", "properties": { "ID": 82208690359, "正式名称": "医療法人　清水こどもクリニック", "機関区分": 2, "都道府県コード": 8, "市区町村コード": 220, "所在地": "茨城県つくば市東２－３１－８", "緯度": 36.05049, "経度": 140.132983, "url": "https://www.iryou.teikyouseido.mhlw.go.jp/znk-web/juminkanja/S2430/initialize?prefCd=08&kikanCd=208690359&kikanKbn=2", "url2": null, "内容": "医療法人　清水こどもクリニック【2:診療所】【診療科目:小児科】茨城県つくば市東２－３１－８" }, "geometry": { "type": "Point", "coordinates": [ 140.132983, 36.05049 ] } },
{ "type": "Feature", "properties": { "ID": 82208690388, "正式名称": "つくばフラワー耳鼻咽喉科", "機関区分": 2, "都道府県コード": 8, "市区町村コード": 220, "所在地": "茨城県つくば市竹園２－１８－２", "緯度": 36.072778, "経度": 140.125, "url": "https://www.iryou.teikyouseido.mhlw.go.jp/znk-web/juminkanja/S2430/initialize?prefCd=08&kikanCd=208690388&kikanKbn=2", "url2": "www.tsukuba-jibika.or.jp", "内容": "つくばフラワー耳鼻咽喉科【2:診療所】【診療科目:耳鼻いんこう科】茨城県つくば市竹園２－１８－２" }, "geometry": { "type": "Point", "coordinates": [ 140.125, 36.072778 ] } },
{ "type": "Feature", "properties": { "ID": 82208690418, "正式名称": "医療法人社団広紫会　広瀬医院", "機関区分": 2, "都道府県コード": 8, "市区町村コード": 220, "所在地": "茨城県つくば市北条８５", "緯度": 36.175, "経度": 140.096111, "url": "https://www.iryou.teikyouseido.mhlw.go.jp/znk-web/juminkanja/S2430/initialize?prefCd=08&kikanCd=208690418&kikanKbn=2", "url2": "http://www.hirose-clinic.com/", "内容": "医療法人社団広紫会　広瀬医院【2:診療所】【診療科目:内科_外科_整形外科_耳鼻いんこう科_皮膚科_リハビリテーション科】茨城県つくば市北条８５" }, "geometry": { "type": "Point", "coordinates": [ 140.096111, 36.175 ] } },
{ "type": "Feature", "properties": { "ID": 82208690434, "正式名称": "医療法人渋谷クリニック", "機関区分": 2, "都道府県コード": 8, "市区町村コード": 220, "所在地": "茨城県つくば市金田２０２９−１", "緯度": 36.097947, "経度": 140.140599, "url": "https://www.iryou.teikyouseido.mhlw.go.jp/znk-web/juminkanja/S2430/initialize?prefCd=08&kikanCd=208690434&kikanKbn=2", "url2": null, "内容": "医療法人渋谷クリニック【2:診療所】【診療科目:内科_消化器内科_外科_大腸・肛門外科_整形外科】茨城県つくば市金田２０２９−１" }, "geometry": { "type": "Point", "coordinates": [ 140.140599, 36.097947 ] } },
{ "type": "Feature", "properties": { "ID": 82208690476, "正式名称": "大穂皮膚科クリニック", "機関区分": 2, "都道府県コード": 8, "市区町村コード": 220, "所在地": "茨城県つくば市筑穂２－８－４", "緯度": 36.131781, "経度": 140.079853, "url": "https://www.iryou.teikyouseido.mhlw.go.jp/znk-web/juminkanja/S2430/initialize?prefCd=08&kikanCd=208690476&kikanKbn=2", "url2": "https://www.ohohihuka.com/", "内容": "大穂皮膚科クリニック【2:診療所】【診療科目:皮膚科_アレルギー科】茨城県つくば市筑穂２－８－４" }, "geometry": { "type": "Point", "coordinates": [ 140.079853, 36.131781 ] } },
{ "type": "Feature", "properties": { "ID": 82208690519, "正式名称": "医療法人　メディテックつくば　ひがし外科内科医院", "機関区分": 2, "都道府県コード": 8, "市区町村コード": 220, "所在地": "茨城県つくば市東２－２６－１６", "緯度": 36.049444, "経度": 140.135556, "url": "https://www.iryou.teikyouseido.mhlw.go.jp/znk-web/juminkanja/S2430/initialize?prefCd=08&kikanCd=208690519&kikanKbn=2", "url2": "https://higashi-gekanaika.com/", "内容": "医療法人　メディテックつくば　ひがし外科内科医院【2:診療所】【診療科目:内科_循環器内科_消化器内科_外科_小児科_皮膚科】茨城県つくば市東２－２６－１６" }, "geometry": { "type": "Point", "coordinates": [ 140.135556, 36.049444 ] } },
{ "type": "Feature", "properties": { "ID": 82208690522, "正式名称": "医療法人博矢会樫村内科消化器科クリニック", "機関区分": 2, "都道府県コード": 8, "市区町村コード": 220, "所在地": "茨城県つくば市下広岡７４４－１", "緯度": 36.065278, "経度": 140.172222, "url": "https://www.iryou.teikyouseido.mhlw.go.jp/znk-web/juminkanja/S2430/initialize?prefCd=08&kikanCd=208690522&kikanKbn=2", "url2": null, "内容": "医療法人博矢会樫村内科消化器科クリニック【2:診療所】【診療科目:内科】茨城県つくば市下広岡７４４－１" }, "geometry": { "type": "Point", "coordinates": [ 140.172222, 36.065278 ] } },
{ "type": "Feature", "properties": { "ID": 82208690564, "正式名称": "伊奈クリニック", "機関区分": 2, "都道府県コード": 8, "市区町村コード": 235, "所在地": "茨城県つくばみらい市板橋２２４３－１", "緯度": 35.983056, "経度": 140.058611, "url": "https://www.iryou.teikyouseido.mhlw.go.jp/znk-web/juminkanja/S2430/initialize?prefCd=08&kikanCd=208690564&kikanKbn=2", "url2": "http://www.keiyu.or.jp", "内容": "伊奈クリニック【2:診療所】【診療科目:内科_小児科】茨城県つくばみらい市板橋２２４３－１" }, "geometry": { "type": "Point", "coordinates": [ 140.058611, 35.983056 ] } },
{ "type": "Feature", "properties": { "ID": 82208690708, "正式名称": "医療法人ふなやま会　ふなやま内科クリニック", "機関区分": 2, "都道府県コード": 8, "市区町村コード": 235, "所在地": "茨城県つくばみらい市絹の台２－１０－１", "緯度": 35.978331, "経度": 139.980501, "url": "https://www.iryou.teikyouseido.mhlw.go.jp/znk-web/juminkanja/S2430/initialize?prefCd=08&kikanCd=208690708&kikanKbn=2", "url2": null, "内容": "医療法人ふなやま会　ふなやま内科クリニック【2:診療所】【診療科目:内科】茨城県つくばみらい市絹の台２－１０－１" }, "geometry": { "type": "Point", "coordinates": [ 139.980501, 35.978331 ] } },
{ "type": "Feature", "properties": { "ID": 82208690737, "正式名称": "あつしクリニック", "機関区分": 2, "都道府県コード": 8, "市区町村コード": 220, "所在地": "茨城県つくば市田水山９７５", "緯度": 36.178611, "経度": 140.065278, "url": "https://www.iryou.teikyouseido.mhlw.go.jp/znk-web/juminkanja/S2430/initialize?prefCd=08&kikanCd=208690737&kikanKbn=2", "url2": null, "内容": "あつしクリニック【2:診療所】【診療科目:内科_消化器内科_胃腸内科_外科_肛門外科_リハビリテーション科】茨城県つくば市田水山９７５" }, "geometry": { "type": "Point", "coordinates": [ 140.065278, 36.178611 ] } },
{ "type": "Feature", "properties": { "ID": 82208690753, "正式名称": "医療法人豊順会　あおやぎ医院", "機関区分": 2, "都道府県コード": 8, "市区町村コード": 220, "所在地": "茨城県つくば市上ノ室８８７", "緯度": 36.0775, "経度": 140.143056, "url": "https://www.iryou.teikyouseido.mhlw.go.jp/znk-web/juminkanja/S2430/initialize?prefCd=08&kikanCd=208690753&kikanKbn=2", "url2": "http://aoyagi-iin.com/", "内容": "医療法人豊順会　あおやぎ医院【2:診療所】【診療科目:内科_胃腸内科_外科_整形外科_小児科_アレルギー科_リハビリテーション科】茨城県つくば市上ノ室８８７" }, "geometry": { "type": "Point", "coordinates": [ 140.143056, 36.0775 ] } },
{ "type": "Feature", "properties": { "ID": 82208690809, "正式名称": "ユークリニック", "機関区分": 2, "都道府県コード": 8, "市区町村コード": 220, "所在地": "茨城県つくば市倉掛１２０８ー１", "緯度": 36.069722, "経度": 140.130833, "url": "https://www.iryou.teikyouseido.mhlw.go.jp/znk-web/juminkanja/S2430/initialize?prefCd=08&kikanCd=208690809&kikanKbn=2", "url2": null, "内容": "ユークリニック【2:診療所】【診療科目:内科_リウマチ科】茨城県つくば市倉掛１２０８ー１" }, "geometry": { "type": "Point", "coordinates": [ 140.130833, 36.069722 ] } },
{ "type": "Feature", "properties": { "ID": 82208690867, "正式名称": "みなのクリニック内科呼吸器科", "機関区分": 2, "都道府県コード": 8, "市区町村コード": 220, "所在地": "茨城県つくば市西平塚３１８−１", "緯度": 36.099167, "経度": 140.091111, "url": "https://www.iryou.teikyouseido.mhlw.go.jp/znk-web/juminkanja/S2430/initialize?prefCd=08&kikanCd=208690867&kikanKbn=2", "url2": "http://www.minano-clinic.jp", "内容": "みなのクリニック内科呼吸器科【2:診療所】【診療科目:内科_呼吸器内科_アレルギー科】茨城県つくば市西平塚３１８−１" }, "geometry": { "type": "Point", "coordinates": [ 140.091111, 36.099167 ] } },
{ "type": "Feature", "properties": { "ID": 82208690870, "正式名称": "医療法人　天貝整形外科クリニック", "機関区分": 2, "都道府県コード": 8, "市区町村コード": 220, "所在地": "茨城県つくば市羽成６８６－１８", "緯度": 36.027845, "経度": 140.091056, "url": "https://www.iryou.teikyouseido.mhlw.go.jp/znk-web/juminkanja/S2430/initialize?prefCd=08&kikanCd=208690870&kikanKbn=2", "url2": null, "内容": "医療法人　天貝整形外科クリニック【2:診療所】【診療科目:整形外科】茨城県つくば市羽成６８６－１８" }, "geometry": { "type": "Point", "coordinates": [ 140.091056, 36.027845 ] } },
{ "type": "Feature", "properties": { "ID": 82208690896, "正式名称": "医療法人博友会菊池内科クリニック", "機関区分": 2, "都道府県コード": 8, "市区町村コード": 220, "所在地": "茨城県つくば市谷田部５９１５", "緯度": 36.035, "経度": 140.082222, "url": "https://www.iryou.teikyouseido.mhlw.go.jp/znk-web/juminkanja/S2430/initialize?prefCd=08&kikanCd=208690896&kikanKbn=2", "url2": "http://www.kikuchinaika.jp/", "内容": "医療法人博友会菊池内科クリニック【2:診療所】【診療科目:内科_内分泌内科_糖尿病・代謝内科_腎臓内科_人工透析内科】茨城県つくば市谷田部５９１５" }, "geometry": { "type": "Point", "coordinates": [ 140.082222, 36.035 ] } },
{ "type": "Feature", "properties": { "ID": 82208690939, "正式名称": "医療法人社団筑波記念会筑波総合クリニック", "機関区分": 2, "都道府県コード": 8, "市区町村コード": 220, "所在地": "茨城県つくば市要６５", "緯度": 36.105, "経度": 140.084722, "url": "https://www.iryou.teikyouseido.mhlw.go.jp/znk-web/juminkanja/S2430/initialize?prefCd=08&kikanCd=208690939&kikanKbn=2", "url2": "http://www.tsukuba-kinen.or.jp/hospital/access/", "内容": "医療法人社団筑波記念会筑波総合クリニック【2:診療所】【診療科目:内科_血液内科_代謝内科_糖尿病・内分泌内科_呼吸器内科_循環器内科_消化器内科_腎臓内科_神経内科_外科_脳神経外科_呼吸器外科_心臓血管外科_消化器外科_乳腺外科_整形外科_形成外科_小児科_小児外科_婦人科_眼科_耳鼻いんこう科_皮膚科_泌尿器科_精神科_リウマチ科】茨城県つくば市要６５" }, "geometry": { "type": "Point", "coordinates": [ 140.084722, 36.105 ] } },
{ "type": "Feature", "properties": { "ID": 82208691040, "正式名称": "つくばシティアビル皮フ科", "機関区分": 2, "都道府県コード": 8, "市区町村コード": 220, "所在地": "茨城県つくば市吾妻２－８－８つくばシティアビル３階", "緯度": 36.083749, "経度": 140.112612, "url": "https://www.iryou.teikyouseido.mhlw.go.jp/znk-web/juminkanja/S2430/initialize?prefCd=08&kikanCd=208691040&kikanKbn=2", "url2": "https://cf601787.cloudfree.jp", "内容": "つくばシティアビル皮フ科【2:診療所】【診療科目:皮膚科】茨城県つくば市吾妻２－８－８つくばシティアビル３階" }, "geometry": { "type": "Point", "coordinates": [ 140.112612, 36.083749 ] } },
{ "type": "Feature", "properties": { "ID": 82208691053, "正式名称": "つくばシティア内科クリニック", "機関区分": 2, "都道府県コード": 8, "市区町村コード": 220, "所在地": "茨城県つくば市吾妻２－８－８　つくばシティアビル４階", "緯度": 36.083723, "経度": 140.112661, "url": "https://www.iryou.teikyouseido.mhlw.go.jp/znk-web/juminkanja/S2430/initialize?prefCd=08&kikanCd=208691053&kikanKbn=2", "url2": "http://www.cityia.jp", "内容": "つくばシティア内科クリニック【2:診療所】【診療科目:内科_代謝・内分泌内科_循環器内科_消化器内科_漢方内科_アレルギー科】茨城県つくば市吾妻２－８－８　つくばシティアビル４階" }, "geometry": { "type": "Point", "coordinates": [ 140.112661, 36.083723 ] } },
{ "type": "Feature", "properties": { "ID": 82208691167, "正式名称": "さかより耳鼻咽喉科", "機関区分": 2, "都道府県コード": 8, "市区町村コード": 220, "所在地": "茨城県つくば市筑穂２－４－１２", "緯度": 36.129444, "経度": 140.082222, "url": "https://www.iryou.teikyouseido.mhlw.go.jp/znk-web/juminkanja/S2430/initialize?prefCd=08&kikanCd=208691167&kikanKbn=2", "url2": "http://www.sakayori-ent.com/", "内容": "さかより耳鼻咽喉科【2:診療所】【診療科目:耳鼻いんこう科】茨城県つくば市筑穂２－４－１２" }, "geometry": { "type": "Point", "coordinates": [ 140.082222, 36.129444 ] } },
{ "type": "Feature", "properties": { "ID": 82208691170, "正式名称": "耳鼻咽喉科もりたクリニック", "機関区分": 2, "都道府県コード": 8, "市区町村コード": 220, "所在地": "茨城県つくば市高野台３ー１２ー１", "緯度": 36.02297, "経度": 140.124153, "url": "https://www.iryou.teikyouseido.mhlw.go.jp/znk-web/juminkanja/S2430/initialize?prefCd=08&kikanCd=208691170&kikanKbn=2", "url2": "morita3387.jp", "内容": "耳鼻咽喉科もりたクリニック【2:診療所】【診療科目:頭頸部・耳鼻いんこう科】茨城県つくば市高野台３ー１２ー１" }, "geometry": { "type": "Point", "coordinates": [ 140.124153, 36.02297 ] } },
{ "type": "Feature", "properties": { "ID": 82208691183, "正式名称": "黎明ヒルトップクリニック", "機関区分": 2, "都道府県コード": 8, "市区町村コード": 220, "所在地": "茨城県つくば市佐字鴻巣１００４", "緯度": 36.155, "経度": 140.083889, "url": "https://www.iryou.teikyouseido.mhlw.go.jp/znk-web/juminkanja/S2430/initialize?prefCd=08&kikanCd=208691183&kikanKbn=2", "url2": "hilltop-clinic.com", "内容": "黎明ヒルトップクリニック【2:診療所】【診療科目:内科_外科_小児科】茨城県つくば市佐字鴻巣１００４" }, "geometry": { "type": "Point", "coordinates": [ 140.083889, 36.155 ] } },
{ "type": "Feature", "properties": { "ID": 82208691200, "正式名称": "うえの整形外科", "機関区分": 2, "都道府県コード": 8, "市区町村コード": 220, "所在地": "茨城県つくば市大角豆字山下９７４−１", "緯度": 36.063056, "経度": 140.151944, "url": "https://www.iryou.teikyouseido.mhlw.go.jp/znk-web/juminkanja/S2430/initialize?prefCd=08&kikanCd=208691200&kikanKbn=2", "url2": "https://ueno-ortho.com", "内容": "うえの整形外科【2:診療所】【診療科目:内科_整形外科_リウマチ科_リハビリテーション科】茨城県つくば市大角豆字山下９７４−１" }, "geometry": { "type": "Point", "coordinates": [ 140.151944, 36.063056 ] } },
{ "type": "Feature", "properties": { "ID": 82208691239, "正式名称": "フォレストクリニック", "機関区分": 2, "都道府県コード": 8, "市区町村コード": 220, "所在地": "茨城県つくば市東新井２６－１３－１０５ＫＡＩＳＨＯ３", "緯度": 36.076763, "経度": 140.11055, "url": "https://www.iryou.teikyouseido.mhlw.go.jp/znk-web/juminkanja/S2430/initialize?prefCd=08&kikanCd=208691239&kikanKbn=2", "url2": null, "内容": "フォレストクリニック【2:診療所】【診療科目:精神科_心療内科】茨城県つくば市東新井２６－１３－１０５ＫＡＩＳＨＯ３" }, "geometry": { "type": "Point", "coordinates": [ 140.11055, 36.076763 ] } },
{ "type": "Feature", "properties": { "ID": 82208691242, "正式名称": "医療法人小塙医院　つくばＡＲＴクリニック", "機関区分": 2, "都道府県コード": 8, "市区町村コード": 220, "所在地": "茨城県つくば市竹園１－６－１　つくばビル４階", "緯度": 36.076389, "経度": 140.116111, "url": "https://www.iryou.teikyouseido.mhlw.go.jp/znk-web/juminkanja/S2430/initialize?prefCd=08&kikanCd=208691242&kikanKbn=2", "url2": "http://www.tsukuba-art.jp", "内容": "医療法人小塙医院　つくばＡＲＴクリニック【2:診療所】【診療科目:婦人科_産婦人科（生殖医療）】茨城県つくば市竹園１－６－１　つくばビル４階" }, "geometry": { "type": "Point", "coordinates": [ 140.116111, 36.076389 ] } },
{ "type": "Feature", "properties": { "ID": 82208691343, "正式名称": "サンシャイン・クリニック", "機関区分": 2, "都道府県コード": 8, "市区町村コード": 220, "所在地": "茨城県つくば市谷田部６１０７－１４", "緯度": 36.039167, "経度": 140.084444, "url": "https://www.iryou.teikyouseido.mhlw.go.jp/znk-web/juminkanja/S2430/initialize?prefCd=08&kikanCd=208691343&kikanKbn=2", "url2": "http://www.ssv-tsukubaclub.jp/sunshine-clinic/", "内容": "サンシャイン・クリニック【2:診療所】【診療科目:内科_整形外科】茨城県つくば市谷田部６１０７－１４" }, "geometry": { "type": "Point", "coordinates": [ 140.084444, 36.039167 ] } },
{ "type": "Feature", "properties": { "ID": 82208691356, "正式名称": "つくばセンタークリニック", "機関区分": 2, "都道府県コード": 8, "市区町村コード": 220, "所在地": "茨城県つくば市竹園１－６－１　つくばビルディング４階", "緯度": 36.0799, "経度": 140.112904, "url": "https://www.iryou.teikyouseido.mhlw.go.jp/znk-web/juminkanja/S2430/initialize?prefCd=08&kikanCd=208691356&kikanKbn=2", "url2": "http://tsukuba-cc.com/", "内容": "つくばセンタークリニック【2:診療所】【診療科目:内科_消化器内科_小児科】茨城県つくば市竹園１－６－１　つくばビルディング４階" }, "geometry": { "type": "Point", "coordinates": [ 140.112904, 36.0799 ] } },
{ "type": "Feature", "properties": { "ID": 82208691398, "正式名称": "医療法人社団山粋会みどりのクリニック", "機関区分": 2, "都道府県コード": 8, "市区町村コード": 220, "所在地": "茨城県つくば市台町２－４－１", "緯度": 36.068889, "経度": 140.068333, "url": "https://www.iryou.teikyouseido.mhlw.go.jp/znk-web/juminkanja/S2430/initialize?prefCd=08&kikanCd=208691398&kikanKbn=2", "url2": null, "内容": "医療法人社団山粋会みどりのクリニック【2:診療所】【診療科目:内科_整形外科】茨城県つくば市台町２－４－１" }, "geometry": { "type": "Point", "coordinates": [ 140.068333, 36.068889 ] } },
{ "type": "Feature", "properties": { "ID": 82208691402, "正式名称": "みらい平こどもクリニック", "機関区分": 2, "都道府県コード": 8, "市区町村コード": 235, "所在地": "茨城県つくばみらい市紫峰ヶ丘１－１７－５", "緯度": 35.999343, "経度": 140.040686, "url": "https://www.iryou.teikyouseido.mhlw.go.jp/znk-web/juminkanja/S2430/initialize?prefCd=08&kikanCd=208691402&kikanKbn=2", "url2": "http://www.ne.jp/asahi/miraidaira/kids-clinic/", "内容": "みらい平こどもクリニック【2:診療所】【診療科目:アレルギー疾患内科_小児科_児童精神科】茨城県つくばみらい市紫峰ヶ丘１－１７－５" }, "geometry": { "type": "Point", "coordinates": [ 140.040686, 35.999343 ] } },
{ "type": "Feature", "properties": { "ID": 82208691457, "正式名称": "さくら眼科クリニック", "機関区分": 2, "都道府県コード": 8, "市区町村コード": 220, "所在地": "茨城県つくば市妻木１４２４番地", "緯度": 36.1025, "経度": 140.115556, "url": "https://www.iryou.teikyouseido.mhlw.go.jp/znk-web/juminkanja/S2430/initialize?prefCd=08&kikanCd=208691457&kikanKbn=2", "url2": "http://www.sakura-ganka.com", "内容": "さくら眼科クリニック【2:診療所】【診療科目:眼科】茨城県つくば市妻木１４２４番地" }, "geometry": { "type": "Point", "coordinates": [ 140.115556, 36.1025 ] } },
{ "type": "Feature", "properties": { "ID": 82208691529, "正式名称": "並木内科クリニック", "機関区分": 2, "都道府県コード": 8, "市区町村コード": 220, "所在地": "茨城県つくば市並木４ー４ー２ー２０３", "緯度": 36.059167, "経度": 140.146111, "url": "https://www.iryou.teikyouseido.mhlw.go.jp/znk-web/juminkanja/S2430/initialize?prefCd=08&kikanCd=208691529&kikanKbn=2", "url2": "http://www.namikinaika.com", "内容": "並木内科クリニック【2:診療所】【診療科目:内科】茨城県つくば市並木４ー４ー２ー２０３" }, "geometry": { "type": "Point", "coordinates": [ 140.146111, 36.059167 ] } },
{ "type": "Feature", "properties": { "ID": 82208691532, "正式名称": "医療法人八千代会ストレスケアつくばクリニック", "機関区分": 2, "都道府県コード": 8, "市区町村コード": 220, "所在地": "茨城県つくば市竹園１－４－１南３パークビル１Ｆ", "緯度": 36.079484, "経度": 140.114366, "url": "https://www.iryou.teikyouseido.mhlw.go.jp/znk-web/juminkanja/S2430/initialize?prefCd=08&kikanCd=208691532&kikanKbn=2", "url2": "http://s-tsukuba.com", "内容": "医療法人八千代会ストレスケアつくばクリニック【2:診療所】【診療科目:内科_精神科_心療内科】茨城県つくば市竹園１－４－１南３パークビル１Ｆ" }, "geometry": { "type": "Point", "coordinates": [ 140.114366, 36.079484 ] } },
{ "type": "Feature", "properties": { "ID": 82208691545, "正式名称": "医療法人社団新岳会　研究学園クリニック", "機関区分": 2, "都道府県コード": 8, "市区町村コード": 220, "所在地": "茨城県つくば市研究学園５－１２－４研究学園駅前岡田ビル５階", "緯度": 36.079722, "経度": 140.085833, "url": "https://www.iryou.teikyouseido.mhlw.go.jp/znk-web/juminkanja/S2430/initialize?prefCd=08&kikanCd=208691545&kikanKbn=2", "url2": "https://www.ken-cli.or.jp", "内容": "医療法人社団新岳会　研究学園クリニック【2:診療所】【診療科目:内科_循環器内科_消化器内科_アレルギー科】茨城県つくば市研究学園５－１２－４研究学園駅前岡田ビル５階" }, "geometry": { "type": "Point", "coordinates": [ 140.085833, 36.079722 ] } },
{ "type": "Feature", "properties": { "ID": 82208691558, "正式名称": "いけがみ皮膚科", "機関区分": 2, "都道府県コード": 8, "市区町村コード": 220, "所在地": "茨城県つくば市並木４丁目４番地２　並木ショッピングセンター２階", "緯度": 36.059444, "経度": 140.146111, "url": "https://www.iryou.teikyouseido.mhlw.go.jp/znk-web/juminkanja/S2430/initialize?prefCd=08&kikanCd=208691558&kikanKbn=2", "url2": "http://www.ikegami-hifuka.com/", "内容": "いけがみ皮膚科【2:診療所】【診療科目:皮膚科_美容皮膚科_アレルギー科】茨城県つくば市並木４丁目４番地２　並木ショッピングセンター２階" }, "geometry": { "type": "Point", "coordinates": [ 140.146111, 36.059444 ] } },
{ "type": "Feature", "properties": { "ID": 82208691662, "正式名称": "みらい平クリニック", "機関区分": 2, "都道府県コード": 8, "市区町村コード": 235, "所在地": "茨城県つくばみらい市陽光台３ー１１ー４", "緯度": 35.989444, "経度": 140.044722, "url": "https://www.iryou.teikyouseido.mhlw.go.jp/znk-web/juminkanja/S2430/initialize?prefCd=08&kikanCd=208691662&kikanKbn=2", "url2": "http://www.miraidairaclinic.com", "内容": "みらい平クリニック【2:診療所】【診療科目:内科_神経内科_リハビリテーション科】茨城県つくばみらい市陽光台３ー１１ー４" }, "geometry": { "type": "Point", "coordinates": [ 140.044722, 35.989444 ] } },
{ "type": "Feature", "properties": { "ID": 82208691750, "正式名称": "つくば木の花クリニック", "機関区分": 2, "都道府県コード": 8, "市区町村コード": 220, "所在地": "茨城県つくば市松野木１０９－１", "緯度": 36.056667, "経度": 140.114722, "url": "https://www.iryou.teikyouseido.mhlw.go.jp/znk-web/juminkanja/S2430/initialize?prefCd=08&kikanCd=208691750&kikanKbn=2", "url2": "http://www.konohana-clinic.com", "内容": "つくば木の花クリニック【2:診療所】【診療科目:精神科_心療内科】茨城県つくば市松野木１０９－１" }, "geometry": { "type": "Point", "coordinates": [ 140.114722, 36.056667 ] } },
{ "type": "Feature", "properties": { "ID": 82208691806, "正式名称": "さくま皮フ科クリニック", "機関区分": 2, "都道府県コード": 8, "市区町村コード": 220, "所在地": "茨城県つくば市研究学園５－５－１６", "緯度": 36.08, "経度": 140.083611, "url": "https://www.iryou.teikyouseido.mhlw.go.jp/znk-web/juminkanja/S2430/initialize?prefCd=08&kikanCd=208691806&kikanKbn=2", "url2": "http://www.saphia-clinic.com", "内容": "さくま皮フ科クリニック【2:診療所】【診療科目:皮膚科_美容皮膚科】茨城県つくば市研究学園５－５－１６" }, "geometry": { "type": "Point", "coordinates": [ 140.083611, 36.08 ] } },
{ "type": "Feature", "properties": { "ID": 82208691851, "正式名称": "医療法人社団興明会つくば腎クリニック", "機関区分": 2, "都道府県コード": 8, "市区町村コード": 220, "所在地": "茨城県つくば市小野崎２８６番地７", "緯度": 36.074167, "経度": 140.105556, "url": "https://www.iryou.teikyouseido.mhlw.go.jp/znk-web/juminkanja/S2430/initialize?prefCd=08&kikanCd=208691851&kikanKbn=2", "url2": "https://www.koumeikai.jp/", "内容": "医療法人社団興明会つくば腎クリニック【2:診療所】【診療科目:腎臓内科_人工透析内科】茨城県つくば市小野崎２８６番地７" }, "geometry": { "type": "Point", "coordinates": [ 140.105556, 36.074167 ] } },
{ "type": "Feature", "properties": { "ID": 82208691864, "正式名称": "医療法人丹誠会紫峰の森クリニック", "機関区分": 2, "都道府県コード": 8, "市区町村コード": 220, "所在地": "茨城県つくば市島名４７２－１", "緯度": 36.074484, "経度": 140.05664, "url": "https://www.iryou.teikyouseido.mhlw.go.jp/znk-web/juminkanja/S2430/initialize?prefCd=08&kikanCd=208691864&kikanKbn=2", "url2": "www.shihounomori.net", "内容": "医療法人丹誠会紫峰の森クリニック【2:診療所】【診療科目:内科_漢方内科_皮膚科_精神科_心療内科】茨城県つくば市島名４７２－１" }, "geometry": { "type": "Point", "coordinates": [ 140.05664, 36.074484 ] } },
{ "type": "Feature", "properties": { "ID": 82208691923, "正式名称": "医療法人社団　貴風会　なかざわクリニック", "機関区分": 2, "都道府県コード": 8, "市区町村コード": 235, "所在地": "茨城県つくばみらい市紫峰ヶ丘１ー６－７", "緯度": 35.996111, "経度": 140.041389, "url": "https://www.iryou.teikyouseido.mhlw.go.jp/znk-web/juminkanja/S2430/initialize?prefCd=08&kikanCd=208691923&kikanKbn=2", "url2": "http://nakazawa-cl.byoinnavi.jp/", "内容": "医療法人社団　貴風会　なかざわクリニック【2:診療所】【診療科目:内科_胃腸内科_外科】茨城県つくばみらい市紫峰ヶ丘１ー６－７" }, "geometry": { "type": "Point", "coordinates": [ 140.041389, 35.996111 ] } },
{ "type": "Feature", "properties": { "ID": 82208692050, "正式名称": "つくば在宅クリニック", "機関区分": 2, "都道府県コード": 8, "市区町村コード": 220, "所在地": "茨城県つくば市西大沼６３７－５", "緯度": 36.060278, "経度": 140.113889, "url": "https://www.iryou.teikyouseido.mhlw.go.jp/znk-web/juminkanja/S2430/initialize?prefCd=08&kikanCd=208692050&kikanKbn=2", "url2": "http://tsukubazaitaku.com", "内容": "つくば在宅クリニック【2:診療所】【診療科目:内科_外科】茨城県つくば市西大沼６３７－５" }, "geometry": { "type": "Point", "coordinates": [ 140.113889, 36.060278 ] } },
{ "type": "Feature", "properties": { "ID": 82208692063, "正式名称": "つくば辻クリニック", "機関区分": 2, "都道府県コード": 8, "市区町村コード": 220, "所在地": "茨城県つくば市研究学園５丁目１９番地イーアスつくば", "緯度": 36.0825, "経度": 140.084444, "url": "https://www.iryou.teikyouseido.mhlw.go.jp/znk-web/juminkanja/S2430/initialize?prefCd=08&kikanCd=208692063&kikanKbn=2", "url2": "http://www.tsukuba-tsuji.com/index.html", "内容": "つくば辻クリニック【2:診療所】【診療科目:内科_外科_消化器外科_乳腺外科_大腸・肛門外科】茨城県つくば市研究学園５丁目１９番地イーアスつくば" }, "geometry": { "type": "Point", "coordinates": [ 140.084444, 36.0825 ] } },
{ "type": "Feature", "properties": { "ID": 82208692148, "正式名称": "つくば眼科山田医院", "機関区分": 2, "都道府県コード": 8, "市区町村コード": 220, "所在地": "茨城県つくば市高崎４１－１３", "緯度": 35.993889, "経度": 140.131944, "url": "https://www.iryou.teikyouseido.mhlw.go.jp/znk-web/juminkanja/S2430/initialize?prefCd=08&kikanCd=208692148&kikanKbn=2", "url2": "https://tkganka.com/", "内容": "つくば眼科山田医院【2:診療所】【診療科目:眼科】茨城県つくば市高崎４１－１３" }, "geometry": { "type": "Point", "coordinates": [ 140.131944, 35.993889 ] } },
{ "type": "Feature", "properties": { "ID": 82208692337, "正式名称": "大見クリニック", "機関区分": 2, "都道府県コード": 8, "市区町村コード": 220, "所在地": "茨城県つくば市古来３２０－５", "緯度": 36.083333, "経度": 140.15, "url": "https://www.iryou.teikyouseido.mhlw.go.jp/znk-web/juminkanja/S2430/initialize?prefCd=08&kikanCd=208692337&kikanKbn=2", "url2": "http://www.omi-clinic.or.jp/", "内容": "大見クリニック【2:診療所】【診療科目:内科_胃腸内科_肛門外科】茨城県つくば市古来３２０－５" }, "geometry": { "type": "Point", "coordinates": [ 140.15, 36.083333 ] } },
{ "type": "Feature", "properties": { "ID": 82208692441, "正式名称": "みらい平整形外科クリニック", "機関区分": 2, "都道府県コード": 8, "市区町村コード": 235, "所在地": "茨城県つくばみらい市紫峰ヶ丘１ー１７−１", "緯度": 35.995556, "経度": 140.0425, "url": "https://www.iryou.teikyouseido.mhlw.go.jp/znk-web/juminkanja/S2430/initialize?prefCd=08&kikanCd=208692441&kikanKbn=2", "url2": null, "内容": "みらい平整形外科クリニック【2:診療所】【診療科目:整形外科】茨城県つくばみらい市紫峰ヶ丘１ー１７−１" }, "geometry": { "type": "Point", "coordinates": [ 140.0425, 35.995556 ] } },
{ "type": "Feature", "properties": { "ID": 82208692698, "正式名称": "アイクリニック小田眼科", "機関区分": 2, "都道府県コード": 8, "市区町村コード": 235, "所在地": "茨城県つくばみらい市小張２７５１－１", "緯度": 35.986784, "経度": 140.038653, "url": "https://www.iryou.teikyouseido.mhlw.go.jp/znk-web/juminkanja/S2430/initialize?prefCd=08&kikanCd=208692698&kikanKbn=2", "url2": null, "内容": "アイクリニック小田眼科【2:診療所】【診療科目:眼科】茨城県つくばみらい市小張２７５１－１" }, "geometry": { "type": "Point", "coordinates": [ 140.038653, 35.986784 ] } },
{ "type": "Feature", "properties": { "ID": 82208692702, "正式名称": "医療法人筑峰会飯田医院", "機関区分": 2, "都道府県コード": 8, "市区町村コード": 220, "所在地": "茨城県つくば市沼田１０１", "緯度": 36.205, "経度": 140.083333, "url": "https://www.iryou.teikyouseido.mhlw.go.jp/znk-web/juminkanja/S2430/initialize?prefCd=08&kikanCd=208692702&kikanKbn=2", "url2": "http://website.infomity.net/c8352136/", "内容": "医療法人筑峰会飯田医院【2:診療所】【診療科目:内科_消化器内科_小児科_皮膚科】茨城県つくば市沼田１０１" }, "geometry": { "type": "Point", "coordinates": [ 140.083333, 36.205 ] } },
{ "type": "Feature", "properties": { "ID": 82208692715, "正式名称": "医療法人櫻坂坂根Ｍクリニック", "機関区分": 2, "都道府県コード": 8, "市区町村コード": 220, "所在地": "茨城県つくば市松野木１６２－７", "緯度": 36.0525, "経度": 140.116667, "url": "https://www.iryou.teikyouseido.mhlw.go.jp/znk-web/juminkanja/S2430/initialize?prefCd=08&kikanCd=208692715&kikanKbn=2", "url2": "http://www.sakanemclinic.com/", "内容": "医療法人櫻坂坂根Ｍクリニック【2:診療所】【診療科目:内科_循環器内科_整形外科】茨城県つくば市松野木１６２－７" }, "geometry": { "type": "Point", "coordinates": [ 140.116667, 36.0525 ] } },
{ "type": "Feature", "properties": { "ID": 82208692728, "正式名称": "杉谷メディカルクリニック", "機関区分": 2, "都道府県コード": 8, "市区町村コード": 220, "所在地": "茨城県つくば市研究学園４－４－１１", "緯度": 36.0825, "経度": 140.079722, "url": "https://www.iryou.teikyouseido.mhlw.go.jp/znk-web/juminkanja/S2430/initialize?prefCd=08&kikanCd=208692728&kikanKbn=2", "url2": "http://www.sugi-cli.com", "内容": "杉谷メディカルクリニック【2:診療所】【診療科目:内科_消化器内科】茨城県つくば市研究学園４－４－１１" }, "geometry": { "type": "Point", "coordinates": [ 140.079722, 36.0825 ] } },
{ "type": "Feature", "properties": { "ID": 82208692760, "正式名称": "研究学園いいむら耳鼻咽喉科", "機関区分": 2, "都道府県コード": 8, "市区町村コード": 220, "所在地": "茨城県つくば市研究学園５−１２−４−３階", "緯度": 36.079722, "経度": 140.085833, "url": "https://www.iryou.teikyouseido.mhlw.go.jp/znk-web/juminkanja/S2430/initialize?prefCd=08&kikanCd=208692760&kikanKbn=2", "url2": "http://iimura-jibika.jp/", "内容": "研究学園いいむら耳鼻咽喉科【2:診療所】【診療科目:耳鼻いんこう科_アレルギー科】茨城県つくば市研究学園５−１２−４−３階" }, "geometry": { "type": "Point", "coordinates": [ 140.085833, 36.079722 ] } },
{ "type": "Feature", "properties": { "ID": 82208692773, "正式名称": "中嶋こどもクリニック", "機関区分": 2, "都道府県コード": 8, "市区町村コード": 220, "所在地": "茨城県つくば市苅間篠前１６２０－７", "緯度": 36.080556, "経度": 140.098333, "url": "https://www.iryou.teikyouseido.mhlw.go.jp/znk-web/juminkanja/S2430/initialize?prefCd=08&kikanCd=208692773&kikanKbn=2", "url2": "http://www.nakajima-kids.jp", "内容": "中嶋こどもクリニック【2:診療所】【診療科目:小児科】茨城県つくば市苅間篠前１６２０－７" }, "geometry": { "type": "Point", "coordinates": [ 140.098333, 36.080556 ] } },
{ "type": "Feature", "properties": { "ID": 82208692933, "正式名称": "医療法人つくばねむりとこころのクリニック", "機関区分": 2, "都道府県コード": 8, "市区町村コード": 220, "所在地": "茨城県つくば市妻木６３７番地－１", "緯度": 36.092814, "経度": 140.112868, "url": "https://www.iryou.teikyouseido.mhlw.go.jp/znk-web/juminkanja/S2430/initialize?prefCd=08&kikanCd=208692933&kikanKbn=2", "url2": "https://www.sleep-mental-tsukuba.com", "内容": "医療法人つくばねむりとこころのクリニック【2:診療所】【診療科目:精神科_心療内科】茨城県つくば市妻木６３７番地－１" }, "geometry": { "type": "Point", "coordinates": [ 140.112868, 36.092814 ] } },
{ "type": "Feature", "properties": { "ID": 82208693015, "正式名称": "いしい形成クリニック", "機関区分": 2, "都道府県コード": 8, "市区町村コード": 220, "所在地": "茨城県つくば市吾妻２－８－８　つくばシティアビル３Ｆ", "緯度": 36.080556, "経度": 140.115833, "url": "https://www.iryou.teikyouseido.mhlw.go.jp/znk-web/juminkanja/S2430/initialize?prefCd=08&kikanCd=208693015&kikanKbn=2", "url2": "http://www.ibaraki-biyo.com/", "内容": "いしい形成クリニック【2:診療所】【診療科目:形成外科_美容外科_美容皮膚科】茨城県つくば市吾妻２－８－８　つくばシティアビル３Ｆ" }, "geometry": { "type": "Point", "coordinates": [ 140.115833, 36.080556 ] } },
{ "type": "Feature", "properties": { "ID": 82208693028, "正式名称": "あおきこどもクリニック", "機関区分": 2, "都道府県コード": 8, "市区町村コード": 220, "所在地": "茨城県つくば市研究学園４ー４－１１", "緯度": 36.0875, "経度": 140.084444, "url": "https://www.iryou.teikyouseido.mhlw.go.jp/znk-web/juminkanja/S2430/initialize?prefCd=08&kikanCd=208693028&kikanKbn=2", "url2": "http://www.aoki-kodomo.net/", "内容": "あおきこどもクリニック【2:診療所】【診療科目:小児科_アレルギー科】茨城県つくば市研究学園４ー４－１１" }, "geometry": { "type": "Point", "coordinates": [ 140.084444, 36.0875 ] } },
{ "type": "Feature", "properties": { "ID": 82208693246, "正式名称": "いしかわ耳鼻咽喉科クリニック", "機関区分": 2, "都道府県コード": 8, "市区町村コード": 235, "所在地": "茨城県つくばみらい市紫峰ヶ丘１－８－３", "緯度": 35.998603, "経度": 140.038989, "url": "https://www.iryou.teikyouseido.mhlw.go.jp/znk-web/juminkanja/S2430/initialize?prefCd=08&kikanCd=208693246&kikanKbn=2", "url2": "http://www.ishikawa-ent.com", "内容": "いしかわ耳鼻咽喉科クリニック【2:診療所】【診療科目:耳鼻いんこう科】茨城県つくばみらい市紫峰ヶ丘１－８－３" }, "geometry": { "type": "Point", "coordinates": [ 140.038989, 35.998603 ] } },
{ "type": "Feature", "properties": { "ID": 82208693275, "正式名称": "のぐち内科クリニック", "機関区分": 2, "都道府県コード": 8, "市区町村コード": 220, "所在地": "茨城県つくば市妻木６３５－１", "緯度": 36.092356, "経度": 140.112961, "url": "https://www.iryou.teikyouseido.mhlw.go.jp/znk-web/juminkanja/S2430/initialize?prefCd=08&kikanCd=208693275&kikanKbn=2", "url2": "http://www.noguchi-cl.jp", "内容": "のぐち内科クリニック【2:診療所】【診療科目:内科_呼吸器内科_循環器内科】茨城県つくば市妻木６３５－１" }, "geometry": { "type": "Point", "coordinates": [ 140.112961, 36.092356 ] } },
{ "type": "Feature", "properties": { "ID": 82208693350, "正式名称": "医療法人社団康喜会　辻仲つくば胃と大腸内視鏡・肛門外科クリニック", "機関区分": 2, "都道府県コード": 8, "市区町村コード": 220, "所在地": "茨城県つくば市竹園１－４－１　南３パークビル２階", "緯度": 36.076111, "経度": 140.1175, "url": "https://www.iryou.teikyouseido.mhlw.go.jp/znk-web/juminkanja/S2430/initialize?prefCd=08&kikanCd=208693350&kikanKbn=2", "url2": "http://www.tsujinaka-tsukuba.com", "内容": "医療法人社団康喜会　辻仲つくば胃と大腸内視鏡・肛門外科クリニック【2:診療所】【診療科目:内科_消化器内科_胃腸内科_内視鏡内科_胃腸外科_大腸外科_肛門外科_内視鏡外科】茨城県つくば市竹園１－４－１　南３パークビル２階" }, "geometry": { "type": "Point", "coordinates": [ 140.1175, 36.076111 ] } },
{ "type": "Feature", "properties": { "ID": 82208693552, "正式名称": "おがわ内科", "機関区分": 2, "都道府県コード": 8, "市区町村コード": 220, "所在地": "茨城県つくば市みどりの１ー３１ー９　みどりのメディカルモール１階", "緯度": 36.019167, "経度": 140.050278, "url": "https://www.iryou.teikyouseido.mhlw.go.jp/znk-web/juminkanja/S2430/initialize?prefCd=08&kikanCd=208693552&kikanKbn=2", "url2": "http://midorino-ogawa.com/", "内容": "おがわ内科【2:診療所】【診療科目:内科_消化器内科_脳神経外科】茨城県つくば市みどりの１ー３１ー９　みどりのメディカルモール１階" }, "geometry": { "type": "Point", "coordinates": [ 140.050278, 36.019167 ] } },
{ "type": "Feature", "properties": { "ID": 82208693565, "正式名称": "医療法人社団　豊智会　ＡＩＣ画像検査センター", "機関区分": 2, "都道府県コード": 8, "市区町村コード": 220, "所在地": "茨城県つくば市天久保２－１－１６", "緯度": 36.088333, "経度": 140.106389, "url": "https://www.iryou.teikyouseido.mhlw.go.jp/znk-web/juminkanja/S2430/initialize?prefCd=08&kikanCd=208693565&kikanKbn=2", "url2": "http://tsukuba.adic.or.jp/", "内容": "医療法人社団　豊智会　ＡＩＣ画像検査センター【2:診療所】【診療科目:内科_循環器内科_消化器内科_放射線科】茨城県つくば市天久保２－１－１６" }, "geometry": { "type": "Point", "coordinates": [ 140.106389, 36.088333 ] } },
{ "type": "Feature", "properties": { "ID": 82208693712, "正式名称": "医療法人　竹園ファミリークリニック", "機関区分": 2, "都道府県コード": 8, "市区町村コード": 220, "所在地": "茨城県つくば市竹園２－８－１９", "緯度": 36.075, "経度": 140.123333, "url": "https://www.iryou.teikyouseido.mhlw.go.jp/znk-web/juminkanja/S2430/initialize?prefCd=08&kikanCd=208693712&kikanKbn=2", "url2": "http://www.tkznfcl.jp/", "内容": "医療法人　竹園ファミリークリニック【2:診療所】【診療科目:内科_外科_整形外科_小児科】茨城県つくば市竹園２－８－１９" }, "geometry": { "type": "Point", "coordinates": [ 140.123333, 36.075 ] } },
{ "type": "Feature", "properties": { "ID": 82208693725, "正式名称": "いなおかクリニック", "機関区分": 2, "都道府県コード": 8, "市区町村コード": 220, "所在地": "茨城県つくば市稲岡６６－１　イオンモールつくば１階", "緯度": 36.033056, "経度": 140.138611, "url": "https://www.iryou.teikyouseido.mhlw.go.jp/znk-web/juminkanja/S2430/initialize?prefCd=08&kikanCd=208693725&kikanKbn=2", "url2": "http://inaoka-kids-clinic.jimdo.com/", "内容": "いなおかクリニック【2:診療所】【診療科目:小児科】茨城県つくば市稲岡６６－１　イオンモールつくば１階" }, "geometry": { "type": "Point", "coordinates": [ 140.138611, 36.033056 ] } },
{ "type": "Feature", "properties": { "ID": 82208693770, "正式名称": "ありま皮膚科クリニック", "機関区分": 2, "都道府県コード": 8, "市区町村コード": 235, "所在地": "茨城県つくばみらい市紫峰ヶ丘１－７－４", "緯度": 35.994722, "経度": 140.041111, "url": "https://www.iryou.teikyouseido.mhlw.go.jp/znk-web/juminkanja/S2430/initialize?prefCd=08&kikanCd=208693770&kikanKbn=2", "url2": "http://www.arima-hifuka.com", "内容": "ありま皮膚科クリニック【2:診療所】【診療科目:小児皮膚科_皮膚科】茨城県つくばみらい市紫峰ヶ丘１－７－４" }, "geometry": { "type": "Point", "coordinates": [ 140.041111, 35.994722 ] } },
{ "type": "Feature", "properties": { "ID": 82208693927, "正式名称": "つくばフジクリニック", "機関区分": 2, "都道府県コード": 8, "市区町村コード": 220, "所在地": "茨城県つくば市千現１－２３－１８ウイングパーク千現１０２", "緯度": 36.070807, "経度": 140.119891, "url": "https://www.iryou.teikyouseido.mhlw.go.jp/znk-web/juminkanja/S2430/initialize?prefCd=08&kikanCd=208693927&kikanKbn=2", "url2": "http://www.tsukuba-fujiclinic.jp/", "内容": "つくばフジクリニック【2:診療所】【診療科目:内科_形成外科_美容外科_皮膚科_美容皮膚科】茨城県つくば市千現１－２３－１８ウイングパーク千現１０２" }, "geometry": { "type": "Point", "coordinates": [ 140.119891, 36.070807 ] } },
{ "type": "Feature", "properties": { "ID": 82208693956, "正式名称": "サトウ眼科", "機関区分": 2, "都道府県コード": 8, "市区町村コード": 220, "所在地": "茨城県つくば市研究学園５−１９　イーアスつくばメディカルコート", "緯度": 36.083056, "経度": 140.086944, "url": "https://www.iryou.teikyouseido.mhlw.go.jp/znk-web/juminkanja/S2430/initialize?prefCd=08&kikanCd=208693956&kikanKbn=2", "url2": "http://www.satouganka.com/", "内容": "サトウ眼科【2:診療所】【診療科目:眼科】茨城県つくば市研究学園５−１９　イーアスつくばメディカルコート" }, "geometry": { "type": "Point", "coordinates": [ 140.086944, 36.083056 ] } },
{ "type": "Feature", "properties": { "ID": 82208694012, "正式名称": "清宮眼科皮膚科", "機関区分": 2, "都道府県コード": 8, "市区町村コード": 220, "所在地": "茨城県つくば市小野崎４００－１", "緯度": 36.070556, "経度": 140.112222, "url": "https://www.iryou.teikyouseido.mhlw.go.jp/znk-web/juminkanja/S2430/initialize?prefCd=08&kikanCd=208694012&kikanKbn=2", "url2": null, "内容": "清宮眼科皮膚科【2:診療所】【診療科目:小児眼科_小児皮膚科_眼科_皮膚科】茨城県つくば市小野崎４００－１" }, "geometry": { "type": "Point", "coordinates": [ 140.112222, 36.070556 ] } },
{ "type": "Feature", "properties": { "ID": 82208694083, "正式名称": "あすなろクリニック", "機関区分": 2, "都道府県コード": 8, "市区町村コード": 220, "所在地": "茨城県つくば市鬼ケ窪", "緯度": 36.078333, "経度": 140.052222, "url": "https://www.iryou.teikyouseido.mhlw.go.jp/znk-web/juminkanja/S2430/initialize?prefCd=08&kikanCd=208694083&kikanKbn=2", "url2": "https://sites.google.com/site/asunaroclinic104722/", "内容": "あすなろクリニック【2:診療所】【診療科目:内科_放射線科】茨城県つくば市鬼ケ窪" }, "geometry": { "type": "Point", "coordinates": [ 140.052222, 36.078333 ] } },
{ "type": "Feature", "properties": { "ID": 82208694155, "正式名称": "筑波こどものこころクリニック", "機関区分": 2, "都道府県コード": 8, "市区町村コード": 220, "所在地": "茨城県つくば市春日３－１－１つくばクリニックセンタービル４階", "緯度": 36.088611, "経度": 140.102778, "url": "https://www.iryou.teikyouseido.mhlw.go.jp/znk-web/juminkanja/S2430/initialize?prefCd=08&kikanCd=208694155&kikanKbn=2", "url2": "http://www.kodomonokokoro.jp", "内容": "筑波こどものこころクリニック【2:診療所】【診療科目:小児科_精神科】茨城県つくば市春日３－１－１つくばクリニックセンタービル４階" }, "geometry": { "type": "Point", "coordinates": [ 140.102778, 36.088611 ] } },
{ "type": "Feature", "properties": { "ID": 82208694269, "正式名称": "医療法人竹園眼科", "機関区分": 2, "都道府県コード": 8, "市区町村コード": 220, "所在地": "茨城県つくば市竹園３－１８－３竹園ショッピングセンターＦ棟３階", "緯度": 36.079724, "経度": 140.12385, "url": "https://www.iryou.teikyouseido.mhlw.go.jp/znk-web/juminkanja/S2430/initialize?prefCd=08&kikanCd=208694269&kikanKbn=2", "url2": null, "内容": "医療法人竹園眼科【2:診療所】【診療科目:小児眼科_眼科】茨城県つくば市竹園３－１８－３竹園ショッピングセンターＦ棟３階" }, "geometry": { "type": "Point", "coordinates": [ 140.12385, 36.079724 ] } },
{ "type": "Feature", "properties": { "ID": 82208694386, "正式名称": "のむら耳鼻咽喉科クリニック", "機関区分": 2, "都道府県コード": 8, "市区町村コード": 220, "所在地": "茨城県つくば市東新井２５－２－２階", "緯度": 36.073056, "経度": 140.118611, "url": "https://www.iryou.teikyouseido.mhlw.go.jp/znk-web/juminkanja/S2430/initialize?prefCd=08&kikanCd=208694386&kikanKbn=2", "url2": "http://nomura-jibika.com", "内容": "のむら耳鼻咽喉科クリニック【2:診療所】【診療科目:小児耳鼻いんこう科_耳鼻いんこう科】茨城県つくば市東新井２５－２－２階" }, "geometry": { "type": "Point", "coordinates": [ 140.118611, 36.073056 ] } },
{ "type": "Feature", "properties": { "ID": 82208694474, "正式名称": "スマイルクリニック", "機関区分": 2, "都道府県コード": 8, "市区町村コード": 220, "所在地": "茨城県つくば市二の宮１－１４－２ＭＳラウンジ１Ｆ", "緯度": 36.069228, "経度": 140.118303, "url": "https://www.iryou.teikyouseido.mhlw.go.jp/znk-web/juminkanja/S2430/initialize?prefCd=08&kikanCd=208694474&kikanKbn=2", "url2": null, "内容": "スマイルクリニック【2:診療所】【診療科目:精神科】茨城県つくば市二の宮１－１４－２ＭＳラウンジ１Ｆ" }, "geometry": { "type": "Point", "coordinates": [ 140.118303, 36.069228 ] } },
{ "type": "Feature", "properties": { "ID": 82208694517, "正式名称": "しみず整形外科リハビリクリニック", "機関区分": 2, "都道府県コード": 8, "市区町村コード": 220, "所在地": "茨城県つくば市天宝喜７２８番地１", "緯度": 35.98676, "経度": 140.123139, "url": "https://www.iryou.teikyouseido.mhlw.go.jp/znk-web/juminkanja/S2430/initialize?prefCd=08&kikanCd=208694517&kikanKbn=2", "url2": "https://shimizu-orth-reha.com/web/", "内容": "しみず整形外科リハビリクリニック【2:診療所】【診療科目:内科_整形外科_リウマチ科_リハビリテーション科】茨城県つくば市天宝喜７２８番地１" }, "geometry": { "type": "Point", "coordinates": [ 140.123139, 35.98676 ] } },
{ "type": "Feature", "properties": { "ID": 82208694908, "正式名称": "アグリホームクリニック　つくばみらい", "機関区分": 2, "都道府県コード": 8, "市区町村コード": 235, "所在地": "茨城県つくばみらい市伊奈東３７－２", "緯度": 35.991562, "経度": 140.05622, "url": "https://www.iryou.teikyouseido.mhlw.go.jp/znk-web/juminkanja/S2430/initialize?prefCd=08&kikanCd=208694908&kikanKbn=2", "url2": "https://www.medagricare.jp/", "内容": "アグリホームクリニック　つくばみらい【2:診療所】【診療科目:内科_循環器内科_外科_形成外科_精神科】茨城県つくばみらい市伊奈東３７－２" }, "geometry": { "type": "Point", "coordinates": [ 140.05622, 35.991562 ] } },
{ "type": "Feature", "properties": { "ID": 82208694940, "正式名称": "つくばキッズクリニック", "機関区分": 2, "都道府県コード": 8, "市区町村コード": 220, "所在地": "茨城県つくば市島名２６１０－１", "緯度": 36.056111, "経度": 140.057778, "url": "https://www.iryou.teikyouseido.mhlw.go.jp/znk-web/juminkanja/S2430/initialize?prefCd=08&kikanCd=208694940&kikanKbn=2", "url2": "https://tsukuba-kids.com/", "内容": "つくばキッズクリニック【2:診療所】【診療科目:小児科】茨城県つくば市島名２６１０－１" }, "geometry": { "type": "Point", "coordinates": [ 140.057778, 36.056111 ] } },
{ "type": "Feature", "properties": { "ID": 82208694953, "正式名称": "医療法人　醇弘会　すぎやま内科皮フ科クリニック", "機関区分": 2, "都道府県コード": 8, "市区町村コード": 220, "所在地": "茨城県つくば市大角豆１３７９", "緯度": 36.063611, "経度": 140.145278, "url": "https://www.iryou.teikyouseido.mhlw.go.jp/znk-web/juminkanja/S2430/initialize?prefCd=08&kikanCd=208694953&kikanKbn=2", "url2": "http://sugiyama-cl.com", "内容": "医療法人　醇弘会　すぎやま内科皮フ科クリニック【2:診療所】【診療科目:内科_消化器内科_胃腸内科_肝臓内科_内視鏡内科_皮膚科_美容皮膚科】茨城県つくば市大角豆１３７９" }, "geometry": { "type": "Point", "coordinates": [ 140.145278, 36.063611 ] } },
{ "type": "Feature", "properties": { "ID": 82208695093, "正式名称": "庄司クリニック", "機関区分": 2, "都道府県コード": 8, "市区町村コード": 220, "所在地": "茨城県つくば市中野１５８－１", "緯度": 36.020556, "経度": 140.067778, "url": "https://www.iryou.teikyouseido.mhlw.go.jp/znk-web/juminkanja/S2430/initialize?prefCd=08&kikanCd=208695093&kikanKbn=2", "url2": "http://www.shojiclinic.jp/", "内容": "庄司クリニック【2:診療所】【診療科目:小児科_婦人科】茨城県つくば市中野１５８－１" }, "geometry": { "type": "Point", "coordinates": [ 140.067778, 36.020556 ] } },
{ "type": "Feature", "properties": { "ID": 82208695107, "正式名称": "つくばハートクリニック", "機関区分": 2, "都道府県コード": 8, "市区町村コード": 220, "所在地": "茨城県つくば市高見原１－７－８１", "緯度": 35.990833, "経度": 140.138056, "url": "https://www.iryou.teikyouseido.mhlw.go.jp/znk-web/juminkanja/S2430/initialize?prefCd=08&kikanCd=208695107&kikanKbn=2", "url2": "www.tsukuba-heart-clinic.com", "内容": "つくばハートクリニック【2:診療所】【診療科目:内科_循環器内科】茨城県つくば市高見原１－７－８１" }, "geometry": { "type": "Point", "coordinates": [ 140.138056, 35.990833 ] } },
{ "type": "Feature", "properties": { "ID": 82208695178, "正式名称": "つくば国際ブレスト＆レディースクリニック", "機関区分": 2, "都道府県コード": 8, "市区町村コード": 220, "所在地": "茨城県つくば市吾妻２－８－８つくばシティアビル２階", "緯度": 36.080556, "経度": 140.115833, "url": "https://www.iryou.teikyouseido.mhlw.go.jp/znk-web/juminkanja/S2430/initialize?prefCd=08&kikanCd=208695178&kikanKbn=2", "url2": "http://tsukuba-breast.jp", "内容": "つくば国際ブレスト＆レディースクリニック【2:診療所】【診療科目:内科_緩和ケア内科_乳腺外科_乳腺・内分泌外科_婦人科_麻酔科】茨城県つくば市吾妻２－８－８つくばシティアビル２階" }, "geometry": { "type": "Point", "coordinates": [ 140.115833, 36.080556 ] } },
{ "type": "Feature", "properties": { "ID": 82208695181, "正式名称": "ちかつクリニック", "機関区分": 2, "都道府県コード": 8, "市区町村コード": 220, "所在地": "茨城県つくば市学園の森２ー４０ー１", "緯度": 36.100576, "経度": 140.079789, "url": "https://www.iryou.teikyouseido.mhlw.go.jp/znk-web/juminkanja/S2430/initialize?prefCd=08&kikanCd=208695181&kikanKbn=2", "url2": "https://chikatsu-clinic.jp", "内容": "ちかつクリニック【2:診療所】【診療科目:内科_糖尿病・内分泌内科】茨城県つくば市学園の森２ー４０ー１" }, "geometry": { "type": "Point", "coordinates": [ 140.079789, 36.100576 ] } },
{ "type": "Feature", "properties": { "ID": 82208695208, "正式名称": "医療法人水清会　つくば学園クリニック", "機関区分": 2, "都道府県コード": 8, "市区町村コード": 220, "所在地": "茨城県つくば市苅間１９２９－１", "緯度": 36.083364, "経度": 140.104044, "url": "https://www.iryou.teikyouseido.mhlw.go.jp/znk-web/juminkanja/S2430/initialize?prefCd=08&kikanCd=208695208&kikanKbn=2", "url2": null, "内容": "医療法人水清会　つくば学園クリニック【2:診療所】【診療科目:内科】茨城県つくば市苅間１９２９－１" }, "geometry": { "type": "Point", "coordinates": [ 140.104044, 36.083364 ] } },
{ "type": "Feature", "properties": { "ID": 82208695240, "正式名称": "医療法人　学園の森キッズクリニック", "機関区分": 2, "都道府県コード": 8, "市区町村コード": 220, "所在地": "茨城県つくば市学園の森２－２１－１", "緯度": 36.095, "経度": 140.083056, "url": "https://www.iryou.teikyouseido.mhlw.go.jp/znk-web/juminkanja/S2430/initialize?prefCd=08&kikanCd=208695240&kikanKbn=2", "url2": null, "内容": "医療法人　学園の森キッズクリニック【2:診療所】【診療科目:小児科】茨城県つくば市学園の森２－２１－１" }, "geometry": { "type": "Point", "coordinates": [ 140.083056, 36.095 ] } },
{ "type": "Feature", "properties": { "ID": 82208695628, "正式名称": "医療法人善心会こもれびクリニック", "機関区分": 2, "都道府県コード": 8, "市区町村コード": 220, "所在地": "茨城県つくば市手代木３０２－２", "緯度": 36.059208, "経度": 140.106582, "url": "https://www.iryou.teikyouseido.mhlw.go.jp/znk-web/juminkanja/S2430/initialize?prefCd=08&kikanCd=208695628&kikanKbn=2", "url2": "https://zenshinkai.jp/komorebi.html", "内容": "医療法人善心会こもれびクリニック【2:診療所】【診療科目:内科】茨城県つくば市手代木３０２－２" }, "geometry": { "type": "Point", "coordinates": [ 140.106582, 36.059208 ] } },
{ "type": "Feature", "properties": { "ID": 82208695660, "正式名称": "医療法人社団怜弥会　さくら内科・呼吸器内科クリニック", "機関区分": 2, "都道府県コード": 8, "市区町村コード": 220, "所在地": "茨城県つくば市桜２－１５－１", "緯度": 36.108333, "経度": 140.113611, "url": "https://www.iryou.teikyouseido.mhlw.go.jp/znk-web/juminkanja/S2430/initialize?prefCd=08&kikanCd=208695660&kikanKbn=2", "url2": "http://www.sakuratukuba.jp/", "内容": "医療法人社団怜弥会　さくら内科・呼吸器内科クリニック【2:診療所】【診療科目:内科_呼吸器内科】茨城県つくば市桜２－１５－１" }, "geometry": { "type": "Point", "coordinates": [ 140.113611, 36.108333 ] } },
{ "type": "Feature", "properties": { "ID": 82208695875, "正式名称": "医療法人おいかわ腎泌尿器クリニック", "機関区分": 2, "都道府県コード": 8, "市区町村コード": 220, "所在地": "茨城県つくば市面野井１００４番地５", "緯度": 36.077137, "経度": 140.07028, "url": "https://www.iryou.teikyouseido.mhlw.go.jp/znk-web/juminkanja/S2430/initialize?prefCd=08&kikanCd=208695875&kikanKbn=2", "url2": "www.tsukuba-hinyouki.com/", "内容": "医療法人おいかわ腎泌尿器クリニック【2:診療所】【診療科目:内科_外科_泌尿器科】茨城県つくば市面野井１００４番地５" }, "geometry": { "type": "Point", "coordinates": [ 140.07028, 36.077137 ] } },
{ "type": "Feature", "properties": { "ID": 82208696348, "正式名称": "うめぞの眼科クリニック", "機関区分": 2, "都道府県コード": 8, "市区町村コード": 220, "所在地": "茨城県つくば市梅園２－１６－１０", "緯度": 36.0591206, "経度": 140.1392883, "url": "https://www.iryou.teikyouseido.mhlw.go.jp/znk-web/juminkanja/S2430/initialize?prefCd=08&kikanCd=208696348&kikanKbn=2", "url2": "http://umezono-eyeclinic.com/", "内容": "うめぞの眼科クリニック【2:診療所】【診療科目:眼科】茨城県つくば市梅園２－１６－１０" }, "geometry": { "type": "Point", "coordinates": [ 140.1392883, 36.0591206 ] } },
{ "type": "Feature", "properties": { "ID": 82208696511, "正式名称": "おのぼりクリニック", "機関区分": 2, "都道府県コード": 8, "市区町村コード": 220, "所在地": "茨城県つくば市手代木１９２７－１", "緯度": 36.063255, "経度": 140.101394, "url": "https://www.iryou.teikyouseido.mhlw.go.jp/znk-web/juminkanja/S2430/initialize?prefCd=08&kikanCd=208696511&kikanKbn=2", "url2": "http://onobori.clinic", "内容": "おのぼりクリニック【2:診療所】【診療科目:内科_整形外科_リウマチ科_リハビリテーション科】茨城県つくば市手代木１９２７－１" }, "geometry": { "type": "Point", "coordinates": [ 140.101394, 36.063255 ] } },
{ "type": "Feature", "properties": { "ID": 82208696524, "正式名称": "青空ホームクリニック", "機関区分": 2, "都道府県コード": 8, "市区町村コード": 220, "所在地": "茨城県つくば市春日二丁目３番地１７", "緯度": 36.080278, "経度": 140.108333, "url": "https://www.iryou.teikyouseido.mhlw.go.jp/znk-web/juminkanja/S2430/initialize?prefCd=08&kikanCd=208696524&kikanKbn=2", "url2": null, "内容": "青空ホームクリニック【2:診療所】【診療科目:内科】茨城県つくば市春日二丁目３番地１７" }, "geometry": { "type": "Point", "coordinates": [ 140.108333, 36.080278 ] } },
{ "type": "Feature", "properties": { "ID": 82208696553, "正式名称": "きくち呼吸器内科クリニック", "機関区分": 2, "都道府県コード": 8, "市区町村コード": 220, "所在地": "茨城県つくば市島名１８５１番地４", "緯度": 36.061955, "経度": 140.056755, "url": "https://www.iryou.teikyouseido.mhlw.go.jp/znk-web/juminkanja/S2430/initialize?prefCd=08&kikanCd=208696553&kikanKbn=2", "url2": "http://www.kikuchi-respiratory-medicine.com/", "内容": "きくち呼吸器内科クリニック【2:診療所】【診療科目:内科_呼吸器内科_アレルギー科】茨城県つくば市島名１８５１番地４" }, "geometry": { "type": "Point", "coordinates": [ 140.056755, 36.061955 ] } },
{ "type": "Feature", "properties": { "ID": 82208697055, "正式名称": "まつしろ耳鼻咽喉科クリニック", "機関区分": 2, "都道府県コード": 8, "市区町村コード": 220, "所在地": "茨城県つくば市松代４丁目８番１", "緯度": 36.063056, "経度": 140.108333, "url": "https://www.iryou.teikyouseido.mhlw.go.jp/znk-web/juminkanja/S2430/initialize?prefCd=08&kikanCd=208697055&kikanKbn=2", "url2": "http://www.mastushiroent.jp", "内容": "まつしろ耳鼻咽喉科クリニック【2:診療所】【診療科目:小児耳鼻いんこう科_耳鼻いんこう科】茨城県つくば市松代４丁目８番１" }, "geometry": { "type": "Point", "coordinates": [ 140.108333, 36.063056 ] } },
{ "type": "Feature", "properties": { "ID": 82208697071, "正式名称": "なないろレディースクリニック", "機関区分": 2, "都道府県コード": 8, "市区町村コード": 220, "所在地": "茨城県つくば市西大沼６３６－１０", "緯度": 36.062405, "経度": 140.110229, "url": "https://www.iryou.teikyouseido.mhlw.go.jp/znk-web/juminkanja/S2430/initialize?prefCd=08&kikanCd=208697071&kikanKbn=2", "url2": "https://www.nanairo.or.jp", "内容": "なないろレディースクリニック【2:診療所】【診療科目:産婦人科】茨城県つくば市西大沼６３６－１０" }, "geometry": { "type": "Point", "coordinates": [ 140.110229, 36.062405 ] } },
{ "type": "Feature", "properties": { "ID": 82208697143, "正式名称": "いとう耳鼻咽喉科クリニック", "機関区分": 2, "都道府県コード": 8, "市区町村コード": 220, "所在地": "茨城県つくば市みどりの２－５９－２", "緯度": 36.0338345, "経度": 140.052584, "url": "https://www.iryou.teikyouseido.mhlw.go.jp/znk-web/juminkanja/S2430/initialize?prefCd=08&kikanCd=208697143&kikanKbn=2", "url2": "https://ito-ent.jp/", "内容": "いとう耳鼻咽喉科クリニック【2:診療所】【診療科目:小児科_耳鼻いんこう科】茨城県つくば市みどりの２－５９－２" }, "geometry": { "type": "Point", "coordinates": [ 140.052584, 36.0338345 ] } },
{ "type": "Feature", "properties": { "ID": 82208697332, "正式名称": "なないろキッズクリニック", "機関区分": 2, "都道府県コード": 8, "市区町村コード": 220, "所在地": "茨城県つくば市西大沼６３７－６", "緯度": 36.05869, "経度": 140.10223, "url": "https://www.iryou.teikyouseido.mhlw.go.jp/znk-web/juminkanja/S2430/initialize?prefCd=08&kikanCd=208697332&kikanKbn=2", "url2": "https://nanairo-kids.jp/", "内容": "なないろキッズクリニック【2:診療所】【診療科目:小児科】茨城県つくば市西大沼６３７－６" }, "geometry": { "type": "Point", "coordinates": [ 140.10223, 36.05869 ] } },
{ "type": "Feature", "properties": { "ID": 82208697387, "正式名称": "楓クリニック", "機関区分": 2, "都道府県コード": 8, "市区町村コード": 220, "所在地": "茨城県つくば市上広岡５０３－１", "緯度": 36.070683, "経度": 140.15361, "url": "https://www.iryou.teikyouseido.mhlw.go.jp/znk-web/juminkanja/S2430/initialize?prefCd=08&kikanCd=208697387&kikanKbn=2", "url2": "jinseikai.net", "内容": "楓クリニック【2:診療所】【診療科目:内科_小児科】茨城県つくば市上広岡５０３－１" }, "geometry": { "type": "Point", "coordinates": [ 140.15361, 36.070683 ] } },
{ "type": "Feature", "properties": { "ID": 82208697420, "正式名称": "つくば小川眼科", "機関区分": 2, "都道府県コード": 8, "市区町村コード": 220, "所在地": "茨城県つくば市吾妻１―５―３トナリエつくばスクエアモグ１階", "緯度": 36.078056, "経度": 140.114444, "url": "https://www.iryou.teikyouseido.mhlw.go.jp/znk-web/juminkanja/S2430/initialize?prefCd=08&kikanCd=208697420&kikanKbn=2", "url2": "https://www.ogawa-ganka.com/", "内容": "つくば小川眼科【2:診療所】【診療科目:眼科】茨城県つくば市吾妻１―５―３トナリエつくばスクエアモグ１階" }, "geometry": { "type": "Point", "coordinates": [ 140.114444, 36.078056 ] } },
{ "type": "Feature", "properties": { "ID": 82208697693, "正式名称": "流星台こどもクリニック", "機関区分": 2, "都道府県コード": 8, "市区町村コード": 220, "所在地": "茨城県つくば市流星台３８番地３", "緯度": 36.0999435, "経度": 140.1240679, "url": "https://www.iryou.teikyouseido.mhlw.go.jp/znk-web/juminkanja/S2430/initialize?prefCd=08&kikanCd=208697693&kikanKbn=2", "url2": "www.kodomo-ryuseidai.com", "内容": "流星台こどもクリニック【2:診療所】【診療科目:内科_小児科_皮膚科】茨城県つくば市流星台３８番地３" }, "geometry": { "type": "Point", "coordinates": [ 140.1240679, 36.0999435 ] } },
{ "type": "Feature", "properties": { "ID": 82208697882, "正式名称": "研究学園ななほしクリニック", "機関区分": 2, "都道府県コード": 8, "市区町村コード": 220, "所在地": "茨城県つくば市研究学園２－２－７", "緯度": 36.083823, "経度": 140.074226, "url": "https://www.iryou.teikyouseido.mhlw.go.jp/znk-web/juminkanja/S2430/initialize?prefCd=08&kikanCd=208697882&kikanKbn=2", "url2": "https://nanahoshi-clinic.com/", "内容": "研究学園ななほしクリニック【2:診療所】【診療科目:漢方内科_精神科_心療内科】茨城県つくば市研究学園２－２－７" }, "geometry": { "type": "Point", "coordinates": [ 140.074226, 36.083823 ] } },
{ "type": "Feature", "properties": { "ID": 82208698137, "正式名称": "片井整形外科クリニック", "機関区分": 2, "都道府県コード": 8, "市区町村コード": 211, "所在地": "茨城県常総市三坂町５６２－１", "緯度": 36.086636, "経度": 139.97247, "url": "https://www.iryou.teikyouseido.mhlw.go.jp/znk-web/juminkanja/S2430/initialize?prefCd=08&kikanCd=208698137&kikanKbn=2", "url2": null, "内容": "片井整形外科クリニック【2:診療所】【診療科目:整形外科_リハビリテーション科】茨城県常総市三坂町５６２－１" }, "geometry": { "type": "Point", "coordinates": [ 139.97247, 36.086636 ] } },
{ "type": "Feature", "properties": { "ID": 82208698153, "正式名称": "つくば木場公園クリニック", "機関区分": 2, "都道府県コード": 8, "市区町村コード": 220, "所在地": "茨城県つくば市松野木１０１番６号", "緯度": 36.056111, "経度": 140.115556, "url": "https://www.iryou.teikyouseido.mhlw.go.jp/znk-web/juminkanja/S2430/initialize?prefCd=08&kikanCd=208698153&kikanKbn=2", "url2": "http://www.tsukuba-kibapark.jp/", "内容": "つくば木場公園クリニック【2:診療所】【診療科目:産婦人科_婦人科_産婦人科（生殖医療）】茨城県つくば市松野木１０１番６号" }, "geometry": { "type": "Point", "coordinates": [ 140.115556, 36.056111 ] } },
{ "type": "Feature", "properties": { "ID": 82208698414, "正式名称": "医療法人晴仁会　つくばみらいファミリークリニック", "機関区分": 2, "都道府県コード": 8, "市区町村コード": 235, "所在地": "茨城県つくばみらい市富士見ヶ丘１－８－１", "緯度": 36.005, "経度": 140.031196, "url": "https://www.iryou.teikyouseido.mhlw.go.jp/znk-web/juminkanja/S2430/initialize?prefCd=08&kikanCd=208698414&kikanKbn=2", "url2": "https://www.tsukubamirai-fc.com", "内容": "医療法人晴仁会　つくばみらいファミリークリニック【2:診療所】【診療科目:内科_糖尿病内科_消化器内科_小児科】茨城県つくばみらい市富士見ヶ丘１－８－１" }, "geometry": { "type": "Point", "coordinates": [ 140.031196, 36.005 ] } },
{ "type": "Feature", "properties": { "ID": 82208698629, "正式名称": "さかい整形外科", "機関区分": 2, "都道府県コード": 8, "市区町村コード": 220, "所在地": "茨城県つくば市みどりの１－３１－９みどりのメディカルモール３階", "緯度": 36.029265, "経度": 140.055069, "url": "https://www.iryou.teikyouseido.mhlw.go.jp/znk-web/juminkanja/S2430/initialize?prefCd=08&kikanCd=208698629&kikanKbn=2", "url2": "http://midorino-sakai.com/", "内容": "さかい整形外科【2:診療所】【診療科目:整形外科】茨城県つくば市みどりの１－３１－９みどりのメディカルモール３階" }, "geometry": { "type": "Point", "coordinates": [ 140.055069, 36.029265 ] } },
{ "type": "Feature", "properties": { "ID": 82208698632, "正式名称": "医療法人社団ＭＫＣ　みらいの森キッズクリニック", "機関区分": 2, "都道府県コード": 8, "市区町村コード": 235, "所在地": "茨城県つくばみらい市富士見ヶ丘１－２４－５", "緯度": 36.006079, "経度": 140.029226, "url": "https://www.iryou.teikyouseido.mhlw.go.jp/znk-web/juminkanja/S2430/initialize?prefCd=08&kikanCd=208698632&kikanKbn=2", "url2": "https://www.mirainomori-kids.com/", "内容": "医療法人社団ＭＫＣ　みらいの森キッズクリニック【2:診療所】【診療科目:小児科_新生児内科】茨城県つくばみらい市富士見ヶ丘１－２４－５" }, "geometry": { "type": "Point", "coordinates": [ 140.029226, 36.006079 ] } },
{ "type": "Feature", "properties": { "ID": 82208698821, "正式名称": "医療法人文目会　グレースクリニック", "機関区分": 2, "都道府県コード": 8, "市区町村コード": 220, "所在地": "茨城県つくば市下平塚８７０－２", "緯度": 36.091567, "経度": 140.09327, "url": "https://www.iryou.teikyouseido.mhlw.go.jp/znk-web/juminkanja/S2430/initialize?prefCd=08&kikanCd=208698821&kikanKbn=2", "url2": "https://grace-clinic.net/", "内容": "医療法人文目会　グレースクリニック【2:診療所】【診療科目:内科_消化器内科_内視鏡内科】茨城県つくば市下平塚８７０－２" }, "geometry": { "type": "Point", "coordinates": [ 140.09327, 36.091567 ] } },
{ "type": "Feature", "properties": { "ID": 82208698964, "正式名称": "ひろせ内科消化器クリニック", "機関区分": 2, "都道府県コード": 8, "市区町村コード": 220, "所在地": "茨城県つくば市流星台２６－８", "緯度": 36.10514, "経度": 140.123022, "url": "https://www.iryou.teikyouseido.mhlw.go.jp/znk-web/juminkanja/S2430/initialize?prefCd=08&kikanCd=208698964&kikanKbn=2", "url2": null, "内容": "ひろせ内科消化器クリニック【2:診療所】【診療科目:内科_消化器内科_胃腸内科_肝臓内科_内視鏡内科】茨城県つくば市流星台２６－８" }, "geometry": { "type": "Point", "coordinates": [ 140.123022, 36.10514 ] } },
{ "type": "Feature", "properties": { "ID": 82208699134, "正式名称": "医療法人社団彩黎会ホームオンクリニックつくば", "機関区分": 2, "都道府県コード": 8, "市区町村コード": 220, "所在地": "茨城県つくば市上横場４２３－６", "緯度": 36.047778, "経度": 140.092778, "url": "https://www.iryou.teikyouseido.mhlw.go.jp/znk-web/juminkanja/S2430/initialize?prefCd=08&kikanCd=208699134&kikanKbn=2", "url2": "http://www.homeon.jp/", "内容": "医療法人社団彩黎会ホームオンクリニックつくば【2:診療所】【診療科目:内科】茨城県つくば市上横場４２３－６" }, "geometry": { "type": "Point", "coordinates": [ 140.092778, 36.047778 ] } },
{ "type": "Feature", "properties": { "ID": 82208699192, "正式名称": "アグリホームクリニックつくば", "機関区分": 2, "都道府県コード": 8, "市区町村コード": 220, "所在地": "茨城県つくば市若森１２６７－２", "緯度": 36.147434, "経度": 140.0786, "url": "https://www.iryou.teikyouseido.mhlw.go.jp/znk-web/juminkanja/S2430/initialize?prefCd=08&kikanCd=208699192&kikanKbn=2", "url2": "http://www.medagricare.jp/", "内容": "アグリホームクリニックつくば【2:診療所】【診療科目:内科_外科_精神科】茨城県つくば市若森１２６７－２" }, "geometry": { "type": "Point", "coordinates": [ 140.0786, 36.147434 ] } },
{ "type": "Feature", "properties": { "ID": 82208699596, "正式名称": "みつ眼科つくばみらい", "機関区分": 2, "都道府県コード": 8, "市区町村コード": 235, "所在地": "茨城県つくばみらい市紫峰ヶ丘紫峰ヶ丘４－１－４", "緯度": 36.0005736, "経度": 140.0413001, "url": "https://www.iryou.teikyouseido.mhlw.go.jp/znk-web/juminkanja/S2430/initialize?prefCd=08&kikanCd=208699596&kikanKbn=2", "url2": "mitsu-ganka.com", "内容": "みつ眼科つくばみらい【2:診療所】【診療科目:眼科】茨城県つくばみらい市紫峰ヶ丘紫峰ヶ丘４－１－４" }, "geometry": { "type": "Point", "coordinates": [ 140.0413001, 36.0005736 ] } },
{ "type": "Feature", "properties": { "ID": 82208699958, "正式名称": "つくば脳神経外科・頭痛クリニック", "機関区分": 2, "都道府県コード": 8, "市区町村コード": 220, "所在地": "茨城県つくば市苅間字篠前１６２２－１", "緯度": 36.07823, "経度": 140.09749, "url": "https://www.iryou.teikyouseido.mhlw.go.jp/znk-web/juminkanja/S2430/initialize?prefCd=08&kikanCd=208699958&kikanKbn=2", "url2": "https://tsukuba-neuro.clinic/", "内容": "つくば脳神経外科・頭痛クリニック【2:診療所】【診療科目:内科_脳神経外科】茨城県つくば市苅間字篠前１６２２－１" }, "geometry": { "type": "Point", "coordinates": [ 140.09749, 36.07823 ] } },
{ "type": "Feature", "properties": { "ID": 82208699961, "正式名称": "前島レディースクリニック", "機関区分": 2, "都道府県コード": 8, "市区町村コード": 220, "所在地": "茨城県つくば市手代木２００５－６", "緯度": 36.06837, "経度": 140.096443, "url": "https://www.iryou.teikyouseido.mhlw.go.jp/znk-web/juminkanja/S2430/initialize?prefCd=08&kikanCd=208699961&kikanKbn=2", "url2": "http://www1.ttcn.ne.jp/~maejima-l-clinic/", "内容": "前島レディースクリニック【2:診療所】【診療科目:産婦人科】茨城県つくば市手代木２００５－６" }, "geometry": { "type": "Point", "coordinates": [ 140.096443, 36.06837 ] } },
{ "type": "Feature", "properties": { "ID": 82208700018, "正式名称": "恵愛小林クリニック", "機関区分": 2, "都道府県コード": 8, "市区町村コード": 221, "所在地": "茨城県ひたちなか市幸町１６－１", "緯度": 36.345278, "経度": 140.588611, "url": "https://www.iryou.teikyouseido.mhlw.go.jp/znk-web/juminkanja/S2430/initialize?prefCd=08&kikanCd=208700018&kikanKbn=2", "url2": "http://www.katsujinkai.or.jp", "内容": "恵愛小林クリニック【2:診療所】【診療科目:内科_循環器内科_消化器内科_神経内科_外科_消化器・移植外科_整形外科_皮膚科_泌尿器科_リハビリテーション科_放射線科_麻酔科】茨城県ひたちなか市幸町１６－１" }, "geometry": { "type": "Point", "coordinates": [ 140.588611, 36.345278 ] } },
{ "type": "Feature", "properties": { "ID": 82208700021, "正式名称": "尾形クリニック", "機関区分": 2, "都道府県コード": 8, "市区町村コード": 341, "所在地": "茨城県那珂郡東海村村松３７５", "緯度": 36.458889, "経度": 140.588056, "url": "https://www.iryou.teikyouseido.mhlw.go.jp/znk-web/juminkanja/S2430/initialize?prefCd=08&kikanCd=208700021&kikanKbn=2", "url2": "http://www.tokai-sunflower.com/ogata-clinic/", "内容": "尾形クリニック【2:診療所】【診療科目:内科_胃腸内科_皮膚科_アレルギー科】茨城県那珂郡東海村村松３７５" }, "geometry": { "type": "Point", "coordinates": [ 140.588056, 36.458889 ] } },
{ "type": "Feature", "properties": { "ID": 82208700063, "正式名称": "いばらき診療所", "機関区分": 2, "都道府県コード": 8, "市区町村コード": 221, "所在地": "茨城県ひたちなか市高場５丁目３－７", "緯度": 36.430556, "経度": 140.5375, "url": "https://www.iryou.teikyouseido.mhlw.go.jp/znk-web/juminkanja/S2430/initialize?prefCd=08&kikanCd=208700063&kikanKbn=2", "url2": "http://www.ibc.or.jp/", "内容": "いばらき診療所【2:診療所】【診療科目:内科_外科_皮膚科_リハビリテーション科】茨城県ひたちなか市高場５丁目３－７" }, "geometry": { "type": "Point", "coordinates": [ 140.5375, 36.430556 ] } },
{ "type": "Feature", "properties": { "ID": 82208700092, "正式名称": "海原医院", "機関区分": 2, "都道府県コード": 8, "市区町村コード": 221, "所在地": "茨城県ひたちなか市稲田２２１－５", "緯度": 36.431944, "経度": 140.5425, "url": "https://www.iryou.teikyouseido.mhlw.go.jp/znk-web/juminkanja/S2430/initialize?prefCd=08&kikanCd=208700092&kikanKbn=2", "url2": "https://www.kaiharaiin.com.", "内容": "海原医院【2:診療所】【診療科目:内科_循環器内科_小児科】茨城県ひたちなか市稲田２２１－５" }, "geometry": { "type": "Point", "coordinates": [ 140.5425, 36.431944 ] } },
{ "type": "Feature", "properties": { "ID": 82208700177, "正式名称": "四方医院", "機関区分": 2, "都道府県コード": 8, "市区町村コード": 221, "所在地": "茨城県ひたちなか市春日町１２－２", "緯度": 36.383611, "経度": 140.53, "url": "https://www.iryou.teikyouseido.mhlw.go.jp/znk-web/juminkanja/S2430/initialize?prefCd=08&kikanCd=208700177&kikanKbn=2", "url2": "http://www.yomoiin.jp", "内容": "四方医院【2:診療所】【診療科目:内科_循環器内科_消化器内科_外科_肛門外科】茨城県ひたちなか市春日町１２－２" }, "geometry": { "type": "Point", "coordinates": [ 140.53, 36.383611 ] } },
{ "type": "Feature", "properties": { "ID": 82208700193, "正式名称": "立原耳鼻咽喉科", "機関区分": 2, "都道府県コード": 8, "市区町村コード": 221, "所在地": "茨城県ひたちなか市中根３６４８－１", "緯度": 36.391111, "経度": 140.56, "url": "https://www.iryou.teikyouseido.mhlw.go.jp/znk-web/juminkanja/S2430/initialize?prefCd=08&kikanCd=208700193&kikanKbn=2", "url2": "http://12123.jp/hs312/", "内容": "立原耳鼻咽喉科【2:診療所】【診療科目:耳鼻いんこう科】茨城県ひたちなか市中根３６４８－１" }, "geometry": { "type": "Point", "coordinates": [ 140.56, 36.391111 ] } },
{ "type": "Feature", "properties": { "ID": 82208700207, "正式名称": "医療法人薫光会小松整形外科医院", "機関区分": 2, "都道府県コード": 8, "市区町村コード": 221, "所在地": "茨城県ひたちなか市津田３２４５－１", "緯度": 36.401667, "経度": 140.496944, "url": "https://www.iryou.teikyouseido.mhlw.go.jp/znk-web/juminkanja/S2430/initialize?prefCd=08&kikanCd=208700207&kikanKbn=2", "url2": "http://www.komatsu-seikei.jp/", "内容": "医療法人薫光会小松整形外科医院【2:診療所】【診療科目:整形外科_リハビリテーション科_麻酔科】茨城県ひたちなか市津田３２４５－１" }, "geometry": { "type": "Point", "coordinates": [ 140.496944, 36.401667 ] } },
{ "type": "Feature", "properties": { "ID": 82208700223, "正式名称": "勝田整形外科医院", "機関区分": 2, "都道府県コード": 8, "市区町村コード": 221, "所在地": "茨城県ひたちなか市東大島４－４－１３", "緯度": 36.4, "経度": 140.534722, "url": "https://www.iryou.teikyouseido.mhlw.go.jp/znk-web/juminkanja/S2430/initialize?prefCd=08&kikanCd=208700223&kikanKbn=2", "url2": "http://www.katsutaorthop.com/", "内容": "勝田整形外科医院【2:診療所】【診療科目:整形外科_リウマチ科_リハビリテーション科_放射線科】茨城県ひたちなか市東大島４－４－１３" }, "geometry": { "type": "Point", "coordinates": [ 140.534722, 36.4 ] } },
{ "type": "Feature", "properties": { "ID": 82208700278, "正式名称": "いばらき診療所とうかい", "機関区分": 2, "都道府県コード": 8, "市区町村コード": 341, "所在地": "茨城県那珂郡東海村石神内宿１７２４－１", "緯度": 36.480911, "経度": 140.572426, "url": "https://www.iryou.teikyouseido.mhlw.go.jp/znk-web/juminkanja/S2430/initialize?prefCd=08&kikanCd=208700278&kikanKbn=2", "url2": "http://www.ibc.or.jp/", "内容": "いばらき診療所とうかい【2:診療所】【診療科目:内科_外科_リハビリテーション科】茨城県那珂郡東海村石神内宿１７２４－１" }, "geometry": { "type": "Point", "coordinates": [ 140.572426, 36.480911 ] } },
{ "type": "Feature", "properties": { "ID": 82208700281, "正式名称": "あやべ内科医院", "機関区分": 2, "都道府県コード": 8, "市区町村コード": 221, "所在地": "茨城県ひたちなか市西大島２－１２－１４", "緯度": 36.4067334, "経度": 140.5260294, "url": "https://www.iryou.teikyouseido.mhlw.go.jp/znk-web/juminkanja/S2430/initialize?prefCd=08&kikanCd=208700281&kikanKbn=2", "url2": null, "内容": "あやべ内科医院【2:診療所】【診療科目:内科_リウマチ科】茨城県ひたちなか市西大島２－１２－１４" }, "geometry": { "type": "Point", "coordinates": [ 140.5260294, 36.4067334 ] } },
{ "type": "Feature", "properties": { "ID": 82208700294, "正式名称": "医療法人社団　至仁会　山口内科クリニック", "機関区分": 2, "都道府県コード": 8, "市区町村コード": 221, "所在地": "茨城県ひたちなか市東石川３３７９－１３", "緯度": 36.398889, "経度": 140.544167, "url": "https://www.iryou.teikyouseido.mhlw.go.jp/znk-web/juminkanja/S2430/initialize?prefCd=08&kikanCd=208700294&kikanKbn=2", "url2": null, "内容": "医療法人社団　至仁会　山口内科クリニック【2:診療所】【診療科目:内科_呼吸器内科_循環器内科_消化器内科_小児科】茨城県ひたちなか市東石川３３７９－１３" }, "geometry": { "type": "Point", "coordinates": [ 140.544167, 36.398889 ] } },
{ "type": "Feature", "properties": { "ID": 82208700308, "正式名称": "マナ・クリニック", "機関区分": 2, "都道府県コード": 8, "市区町村コード": 221, "所在地": "茨城県ひたちなか市中根４８１１－１", "緯度": 36.388333, "経度": 140.557778, "url": "https://www.iryou.teikyouseido.mhlw.go.jp/znk-web/juminkanja/S2430/initialize?prefCd=08&kikanCd=208700308&kikanKbn=2", "url2": "https://mana-clinic.jp/", "内容": "マナ・クリニック【2:診療所】【診療科目:内科_呼吸器内科_消化器内科_胃腸内科_アレルギー疾患内科_外科】茨城県ひたちなか市中根４８１１－１" }, "geometry": { "type": "Point", "coordinates": [ 140.557778, 36.388333 ] } },
{ "type": "Feature", "properties": { "ID": 82208700311, "正式名称": "松島眼科医院", "機関区分": 2, "都道府県コード": 8, "市区町村コード": 221, "所在地": "茨城県ひたちなか市笹野町２丁目１８－１８", "緯度": 36.398447, "経度": 140.543685, "url": "https://www.iryou.teikyouseido.mhlw.go.jp/znk-web/juminkanja/S2430/initialize?prefCd=08&kikanCd=208700311&kikanKbn=2", "url2": "https://www.matsushima-ganka.com/", "内容": "松島眼科医院【2:診療所】【診療科目:眼科】茨城県ひたちなか市笹野町２丁目１８－１８" }, "geometry": { "type": "Point", "coordinates": [ 140.543685, 36.398447 ] } },
{ "type": "Feature", "properties": { "ID": 82208700324, "正式名称": "さくら水戸クリニック", "機関区分": 2, "都道府県コード": 8, "市区町村コード": 221, "所在地": "茨城県ひたちなか市東石川１５８１", "緯度": 36.396389, "経度": 140.535278, "url": "https://www.iryou.teikyouseido.mhlw.go.jp/znk-web/juminkanja/S2430/initialize?prefCd=08&kikanCd=208700324&kikanKbn=2", "url2": "http://www.syujinkai-kh.or.jp/sakuramito/", "内容": "さくら水戸クリニック【2:診療所】【診療科目:内科_腎臓内科_人工透析内科_整形外科_皮膚科_泌尿器科】茨城県ひたちなか市東石川１５８１" }, "geometry": { "type": "Point", "coordinates": [ 140.535278, 36.396389 ] } },
{ "type": "Feature", "properties": { "ID": 82208700337, "正式名称": "ハートクリニック松本", "機関区分": 2, "都道府県コード": 8, "市区町村コード": 221, "所在地": "茨城県ひたちなか市高場１６７３－１２", "緯度": 36.414444, "経度": 140.546111, "url": "https://www.iryou.teikyouseido.mhlw.go.jp/znk-web/juminkanja/S2430/initialize?prefCd=08&kikanCd=208700337&kikanKbn=2", "url2": "http://heartclinic.or.jp", "内容": "ハートクリニック松本【2:診療所】【診療科目:内科_呼吸器内科_循環器内科_消化器内科】茨城県ひたちなか市高場１６７３－１２" }, "geometry": { "type": "Point", "coordinates": [ 140.546111, 36.414444 ] } },
{ "type": "Feature", "properties": { "ID": 82208700340, "正式名称": "三代内科クリニック", "機関区分": 2, "都道府県コード": 8, "市区町村コード": 221, "所在地": "茨城県ひたちなか市長堀町３－８－４", "緯度": 36.387778, "経度": 140.546667, "url": "https://www.iryou.teikyouseido.mhlw.go.jp/znk-web/juminkanja/S2430/initialize?prefCd=08&kikanCd=208700340&kikanKbn=2", "url2": null, "内容": "三代内科クリニック【2:診療所】【診療科目:内科_呼吸器内科_消化器内科_胃腸内科_小児科】茨城県ひたちなか市長堀町３－８－４" }, "geometry": { "type": "Point", "coordinates": [ 140.546667, 36.387778 ] } },
{ "type": "Feature", "properties": { "ID": 82208700353, "正式名称": "ながおこどもクリニック", "機関区分": 2, "都道府県コード": 8, "市区町村コード": 221, "所在地": "茨城県ひたちなか市高場１１８０－６", "緯度": 36.416944, "経度": 140.543333, "url": "https://www.iryou.teikyouseido.mhlw.go.jp/znk-web/juminkanja/S2430/initialize?prefCd=08&kikanCd=208700353&kikanKbn=2", "url2": "http://www.nagaokodomo.com/i/", "内容": "ながおこどもクリニック【2:診療所】【診療科目:小児科】茨城県ひたちなか市高場１１８０－６" }, "geometry": { "type": "Point", "coordinates": [ 140.543333, 36.416944 ] } },
{ "type": "Feature", "properties": { "ID": 82208700366, "正式名称": "ますおか内科クリニック", "機関区分": 2, "都道府県コード": 8, "市区町村コード": 221, "所在地": "茨城県ひたちなか市１丁目３５番１７号", "緯度": 36.403611, "経度": 140.541667, "url": "https://www.iryou.teikyouseido.mhlw.go.jp/znk-web/juminkanja/S2430/initialize?prefCd=08&kikanCd=208700366&kikanKbn=2", "url2": "http://www.myclinic.ne.jp/masuoka/", "内容": "ますおか内科クリニック【2:診療所】【診療科目:内科_糖尿病内科_呼吸器内科_循環器内科_消化器内科_精神科_アレルギー科_リハビリテーション科_放射線科】茨城県ひたちなか市１丁目３５番１７号" }, "geometry": { "type": "Point", "coordinates": [ 140.541667, 36.403611 ] } },
{ "type": "Feature", "properties": { "ID": 82208700382, "正式名称": "あすくレディスクリニック", "機関区分": 2, "都道府県コード": 8, "市区町村コード": 221, "所在地": "茨城県ひたちなか市中根３３２４－１", "緯度": 36.392778, "経度": 140.552778, "url": "https://www.iryou.teikyouseido.mhlw.go.jp/znk-web/juminkanja/S2430/initialize?prefCd=08&kikanCd=208700382&kikanKbn=2", "url2": null, "内容": "あすくレディスクリニック【2:診療所】【診療科目:婦人科】茨城県ひたちなか市中根３３２４－１" }, "geometry": { "type": "Point", "coordinates": [ 140.552778, 36.392778 ] } },
{ "type": "Feature", "properties": { "ID": 82208700395, "正式名称": "医療法人社団緑整会石井整形外科クリニック", "機関区分": 2, "都道府県コード": 8, "市区町村コード": 341, "所在地": "茨城県那珂郡東海村東海３ー２ー１１ティービル１Ｆ", "緯度": 36.471324, "経度": 140.563932, "url": "https://www.iryou.teikyouseido.mhlw.go.jp/znk-web/juminkanja/S2430/initialize?prefCd=08&kikanCd=208700395&kikanKbn=2", "url2": null, "内容": "医療法人社団緑整会石井整形外科クリニック【2:診療所】【診療科目:整形外科_リウマチ科_リハビリテーション科】茨城県那珂郡東海村東海３ー２ー１１ティービル１Ｆ" }, "geometry": { "type": "Point", "coordinates": [ 140.563932, 36.471324 ] } },
{ "type": "Feature", "properties": { "ID": 82208700412, "正式名称": "医療法人アルカディア・イースト　植村整形外科クリニック", "機関区分": 2, "都道府県コード": 8, "市区町村コード": 341, "所在地": "茨城県那珂郡東海村舟石川９１７－２", "緯度": 36.471817, "経度": 140.5594, "url": "https://www.iryou.teikyouseido.mhlw.go.jp/znk-web/juminkanja/S2430/initialize?prefCd=08&kikanCd=208700412&kikanKbn=2", "url2": "http://www.uemura-orthoclinic.or.jp", "内容": "医療法人アルカディア・イースト　植村整形外科クリニック【2:診療所】【診療科目:整形外科】茨城県那珂郡東海村舟石川９１７－２" }, "geometry": { "type": "Point", "coordinates": [ 140.5594, 36.471817 ] } },
{ "type": "Feature", "properties": { "ID": 82208700441, "正式名称": "黒澤内科医院", "機関区分": 2, "都道府県コード": 8, "市区町村コード": 221, "所在地": "茨城県ひたちなか市湊中央１－１１－１８", "緯度": 36.3426779, "経度": 140.5897154, "url": "https://www.iryou.teikyouseido.mhlw.go.jp/znk-web/juminkanja/S2430/initialize?prefCd=08&kikanCd=208700441&kikanKbn=2", "url2": null, "内容": "黒澤内科医院【2:診療所】【診療科目:内科】茨城県ひたちなか市湊中央１－１１－１８" }, "geometry": { "type": "Point", "coordinates": [ 140.589715399999989, 36.3426779 ] } },
{ "type": "Feature", "properties": { "ID": 82208700454, "正式名称": "はやかわクリニック", "機関区分": 2, "都道府県コード": 8, "市区町村コード": 221, "所在地": "茨城県ひたちなか市津田１９５２－１", "緯度": 36.410027, "経度": 140.48805, "url": "https://www.iryou.teikyouseido.mhlw.go.jp/znk-web/juminkanja/S2430/initialize?prefCd=08&kikanCd=208700454&kikanKbn=2", "url2": "http//haya-cli.com", "内容": "はやかわクリニック【2:診療所】【診療科目:産婦人科】茨城県ひたちなか市津田１９５２－１" }, "geometry": { "type": "Point", "coordinates": [ 140.48805, 36.410027 ] } },
{ "type": "Feature", "properties": { "ID": 82208700467, "正式名称": "東原クリニック", "機関区分": 2, "都道府県コード": 8, "市区町村コード": 341, "所在地": "茨城県那珂郡東海村白方１７０７－１", "緯度": 36.468333, "経度": 140.5825, "url": "https://www.iryou.teikyouseido.mhlw.go.jp/znk-web/juminkanja/S2430/initialize?prefCd=08&kikanCd=208700467&kikanKbn=2", "url2": "http://www.higashihara.net", "内容": "東原クリニック【2:診療所】【診療科目:内科_外科_肛門外科_小児科_皮膚科_アレルギー科】茨城県那珂郡東海村白方１７０７－１" }, "geometry": { "type": "Point", "coordinates": [ 140.5825, 36.468333 ] } },
{ "type": "Feature", "properties": { "ID": 82208700470, "正式名称": "つちだ内科泌尿器科クリニック", "機関区分": 2, "都道府県コード": 8, "市区町村コード": 221, "所在地": "茨城県ひたちなか市馬渡３８４１－１０", "緯度": 36.398876, "経度": 140.56264, "url": "https://www.iryou.teikyouseido.mhlw.go.jp/znk-web/juminkanja/S2430/initialize?prefCd=08&kikanCd=208700470&kikanKbn=2", "url2": "http://www.tsuchida-clinic.com/", "内容": "つちだ内科泌尿器科クリニック【2:診療所】【診療科目:内科_人工透析内科_外科_小児科_泌尿器科】茨城県ひたちなか市馬渡３８４１－１０" }, "geometry": { "type": "Point", "coordinates": [ 140.56264, 36.398876 ] } },
{ "type": "Feature", "properties": { "ID": 82208700483, "正式名称": "藤咲整形外科医院", "機関区分": 2, "都道府県コード": 8, "市区町村コード": 221, "所在地": "茨城県ひたちなか市足崎１４７４ー２５７", "緯度": 36.4025, "経度": 140.561111, "url": "https://www.iryou.teikyouseido.mhlw.go.jp/znk-web/juminkanja/S2430/initialize?prefCd=08&kikanCd=208700483&kikanKbn=2", "url2": "https://www.ne.jp/asahi/fuji/clinic/", "内容": "藤咲整形外科医院【2:診療所】【診療科目:内科_整形外科_リウマチ科】茨城県ひたちなか市足崎１４７４ー２５７" }, "geometry": { "type": "Point", "coordinates": [ 140.561111, 36.4025 ] } },
{ "type": "Feature", "properties": { "ID": 82208700496, "正式名称": "さわ西クリニック", "機関区分": 2, "都道府県コード": 8, "市区町村コード": 221, "所在地": "茨城県ひたちなか市高場５丁目４番地２０", "緯度": 36.432554, "経度": 140.534149, "url": "https://www.iryou.teikyouseido.mhlw.go.jp/znk-web/juminkanja/S2430/initialize?prefCd=08&kikanCd=208700496&kikanKbn=2", "url2": "https://sawanishi-c.jp/", "内容": "さわ西クリニック【2:診療所】【診療科目:内科_皮膚科_泌尿器科】茨城県ひたちなか市高場５丁目４番地２０" }, "geometry": { "type": "Point", "coordinates": [ 140.534149, 36.432554 ] } },
{ "type": "Feature", "properties": { "ID": 82208700539, "正式名称": "わたなべ内科クリニック", "機関区分": 2, "都道府県コード": 8, "市区町村コード": 221, "所在地": "茨城県ひたちなか市稲田３８－１", "緯度": 36.430833, "経度": 140.532778, "url": "https://www.iryou.teikyouseido.mhlw.go.jp/znk-web/juminkanja/S2430/initialize?prefCd=08&kikanCd=208700539&kikanKbn=2", "url2": "https://www.watanabenaika1001.com/", "内容": "わたなべ内科クリニック【2:診療所】【診療科目:内科_血液内科】茨城県ひたちなか市稲田３８－１" }, "geometry": { "type": "Point", "coordinates": [ 140.532778, 36.430833 ] } },
{ "type": "Feature", "properties": { "ID": 82208700542, "正式名称": "やまき内科クリニック", "機関区分": 2, "都道府県コード": 8, "市区町村コード": 221, "所在地": "茨城県ひたちなか市津田東２－７－８", "緯度": 36.406111, "経度": 140.508056, "url": "https://www.iryou.teikyouseido.mhlw.go.jp/znk-web/juminkanja/S2430/initialize?prefCd=08&kikanCd=208700542&kikanKbn=2", "url2": "http://www.yamakinaika-clinic.com", "内容": "やまき内科クリニック【2:診療所】【診療科目:内科_腎臓内科_アレルギー疾患内科_小児科】茨城県ひたちなか市津田東２－７－８" }, "geometry": { "type": "Point", "coordinates": [ 140.508056, 36.406111 ] } },
{ "type": "Feature", "properties": { "ID": 82208700571, "正式名称": "武藤小児クリニック", "機関区分": 2, "都道府県コード": 8, "市区町村コード": 341, "所在地": "茨城県那珂郡東海村石神内宿２２４５－１０", "緯度": 36.471389, "経度": 140.575833, "url": "https://www.iryou.teikyouseido.mhlw.go.jp/znk-web/juminkanja/S2430/initialize?prefCd=08&kikanCd=208700571&kikanKbn=2", "url2": "mtclinic.sakura.ne.jp", "内容": "武藤小児クリニック【2:診療所】【診療科目:小児科】茨城県那珂郡東海村石神内宿２２４５－１０" }, "geometry": { "type": "Point", "coordinates": [ 140.575833, 36.471389 ] } },
{ "type": "Feature", "properties": { "ID": 82208700584, "正式名称": "亀山医院", "機関区分": 2, "都道府県コード": 8, "市区町村コード": 221, "所在地": "茨城県ひたちなか市馬渡３２８３－２", "緯度": 36.396944, "経度": 140.575833, "url": "https://www.iryou.teikyouseido.mhlw.go.jp/znk-web/juminkanja/S2430/initialize?prefCd=08&kikanCd=208700584&kikanKbn=2", "url2": "https://kameyamaiin.com/", "内容": "亀山医院【2:診療所】【診療科目:内科_消化器内科_外科_小児科】茨城県ひたちなか市馬渡３２８３－２" }, "geometry": { "type": "Point", "coordinates": [ 140.575833, 36.396944 ] } },
{ "type": "Feature", "properties": { "ID": 82208700597, "正式名称": "医療法人関内科医院", "機関区分": 2, "都道府県コード": 8, "市区町村コード": 221, "所在地": "茨城県ひたちなか市大平４－２－１３", "緯度": 36.381355, "経度": 140.533036, "url": "https://www.iryou.teikyouseido.mhlw.go.jp/znk-web/juminkanja/S2430/initialize?prefCd=08&kikanCd=208700597&kikanKbn=2", "url2": "https://www.sekinaikaiin.com/", "内容": "医療法人関内科医院【2:診療所】【診療科目:内科_呼吸器内科_循環器内科_小児科】茨城県ひたちなか市大平４－２－１３" }, "geometry": { "type": "Point", "coordinates": [ 140.533036, 36.381355 ] } },
{ "type": "Feature", "properties": { "ID": 82208700614, "正式名称": "尚仁会クリニック", "機関区分": 2, "都道府県コード": 8, "市区町村コード": 221, "所在地": "茨城県ひたちなか市堀口６１６－１", "緯度": 36.388611, "経度": 140.519444, "url": "https://www.iryou.teikyouseido.mhlw.go.jp/znk-web/juminkanja/S2430/initialize?prefCd=08&kikanCd=208700614&kikanKbn=2", "url2": "http://www.syoujinkai.jp/", "内容": "尚仁会クリニック【2:診療所】【診療科目:内科_循環器内科_消化器内科_外科_整形外科_皮膚科_泌尿器科_リハビリテーション科】茨城県ひたちなか市堀口６１６－１" }, "geometry": { "type": "Point", "coordinates": [ 140.519444, 36.388611 ] } },
{ "type": "Feature", "properties": { "ID": 82208700643, "正式名称": "河村クリニック", "機関区分": 2, "都道府県コード": 8, "市区町村コード": 221, "所在地": "茨城県ひたちなか市堀口６１１－１", "緯度": 36.390678, "経度": 140.517543, "url": "https://www.iryou.teikyouseido.mhlw.go.jp/znk-web/juminkanja/S2430/initialize?prefCd=08&kikanCd=208700643&kikanKbn=2", "url2": null, "内容": "河村クリニック【2:診療所】【診療科目:内科_小児科_皮膚科_泌尿器科】茨城県ひたちなか市堀口６１１－１" }, "geometry": { "type": "Point", "coordinates": [ 140.517543, 36.390678 ] } },
{ "type": "Feature", "properties": { "ID": 82208700760, "正式名称": "医療法人社団秀峰会つだ中央クリニック", "機関区分": 2, "都道府県コード": 8, "市区町村コード": 221, "所在地": "茨城県ひたちなか市津田３７２８－１", "緯度": 36.389444, "経度": 140.491667, "url": "https://www.iryou.teikyouseido.mhlw.go.jp/znk-web/juminkanja/S2430/initialize?prefCd=08&kikanCd=208700760&kikanKbn=2", "url2": "http://www.tsuda-chuo.com/", "内容": "医療法人社団秀峰会つだ中央クリニック【2:診療所】【診療科目:内科_脂質代謝内科_糖尿病・内分泌内科_代謝・内分泌内科_臨床検査科】茨城県ひたちなか市津田３７２８－１" }, "geometry": { "type": "Point", "coordinates": [ 140.491667, 36.389444 ] } },
{ "type": "Feature", "properties": { "ID": 82208700991, "正式名称": "いずみ眼科クリニック", "機関区分": 2, "都道府県コード": 8, "市区町村コード": 221, "所在地": "茨城県ひたちなか市東石川３４４４－８", "緯度": 36.3975, "経度": 140.536944, "url": "https://www.iryou.teikyouseido.mhlw.go.jp/znk-web/juminkanja/S2430/initialize?prefCd=08&kikanCd=208700991&kikanKbn=2", "url2": "http://www.izumi-eye-clinic.com/", "内容": "いずみ眼科クリニック【2:診療所】【診療科目:眼科】茨城県ひたちなか市東石川３４４４－８" }, "geometry": { "type": "Point", "coordinates": [ 140.536944, 36.3975 ] } },
{ "type": "Feature", "properties": { "ID": 82208701262, "正式名称": "医療法人　久慈こどもクリニック", "機関区分": 2, "都道府県コード": 8, "市区町村コード": 341, "所在地": "茨城県那珂郡東海村舟石川駅西２−８−６", "緯度": 36.463056, "経度": 140.566944, "url": "https://www.iryou.teikyouseido.mhlw.go.jp/znk-web/juminkanja/S2430/initialize?prefCd=08&kikanCd=208701262&kikanKbn=2", "url2": "http://kujikodomo-clinic.jp/index.html", "内容": "医療法人　久慈こどもクリニック【2:診療所】【診療科目:小児科_アレルギー科】茨城県那珂郡東海村舟石川駅西２−８−６" }, "geometry": { "type": "Point", "coordinates": [ 140.566944, 36.463056 ] } },
{ "type": "Feature", "properties": { "ID": 82208701321, "正式名称": "あさか耳鼻咽喉科クリニック", "機関区分": 2, "都道府県コード": 8, "市区町村コード": 221, "所在地": "茨城県ひたちなか市東石川２７１３－１", "緯度": 36.3975, "経度": 140.536944, "url": "https://www.iryou.teikyouseido.mhlw.go.jp/znk-web/juminkanja/S2430/initialize?prefCd=08&kikanCd=208701321&kikanKbn=2", "url2": "https://www.asakajibika.com", "内容": "あさか耳鼻咽喉科クリニック【2:診療所】【診療科目:耳鼻いんこう科】茨城県ひたちなか市東石川２７１３－１" }, "geometry": { "type": "Point", "coordinates": [ 140.536944, 36.3975 ] } },
{ "type": "Feature", "properties": { "ID": 82208701363, "正式名称": "ひたちなか市休日夜間診療所", "機関区分": 2, "都道府県コード": 8, "市区町村コード": 221, "所在地": "茨城県ひたちなか市石川町２０番３２号", "緯度": 36.387778, "経度": 140.532778, "url": "https://www.iryou.teikyouseido.mhlw.go.jp/znk-web/juminkanja/S2430/initialize?prefCd=08&kikanCd=208701363&kikanKbn=2", "url2": "https://www.city.hitachinaka.lg.jp/fukushi/iryo/1007147/1005569.html", "内容": "ひたちなか市休日夜間診療所【2:診療所】【診療科目:内科_外科_小児科】茨城県ひたちなか市石川町２０番３２号" }, "geometry": { "type": "Point", "coordinates": [ 140.532778, 36.387778 ] } },
{ "type": "Feature", "properties": { "ID": 82208701422, "正式名称": "いちげ皮フ科クリニック", "機関区分": 2, "都道府県コード": 8, "市区町村コード": 221, "所在地": "茨城県ひたちなか市市毛４０４番地３２", "緯度": 36.391944, "経度": 140.514167, "url": "https://www.iryou.teikyouseido.mhlw.go.jp/znk-web/juminkanja/S2430/initialize?prefCd=08&kikanCd=208701422&kikanKbn=2", "url2": null, "内容": "いちげ皮フ科クリニック【2:診療所】【診療科目:皮膚科】茨城県ひたちなか市市毛４０４番地３２" }, "geometry": { "type": "Point", "coordinates": [ 140.514167, 36.391944 ] } },
{ "type": "Feature", "properties": { "ID": 82208701435, "正式名称": "医療法人社団　亘洋会　湊整形外科・内科", "機関区分": 2, "都道府県コード": 8, "市区町村コード": 221, "所在地": "茨城県ひたちなか市釈迦町１５－９", "緯度": 36.3449162, "経度": 140.5835934, "url": "https://www.iryou.teikyouseido.mhlw.go.jp/znk-web/juminkanja/S2430/initialize?prefCd=08&kikanCd=208701435&kikanKbn=2", "url2": null, "内容": "医療法人社団　亘洋会　湊整形外科・内科【2:診療所】【診療科目:内科_整形外科_リハビリテーション科】茨城県ひたちなか市釈迦町１５－９" }, "geometry": { "type": "Point", "coordinates": [ 140.583593400000012, 36.3449162 ] } },
{ "type": "Feature", "properties": { "ID": 82208701969, "正式名称": "ひたちなか海浜クリニック", "機関区分": 2, "都道府県コード": 8, "市区町村コード": 221, "所在地": "茨城県ひたちなか市馬渡３００６－１", "緯度": 36.404444, "経度": 140.581111, "url": "https://www.iryou.teikyouseido.mhlw.go.jp/znk-web/juminkanja/S2430/initialize?prefCd=08&kikanCd=208701969&kikanKbn=2", "url2": "http://kaihin-cl.jp", "内容": "ひたちなか海浜クリニック【2:診療所】【診療科目:内科_呼吸器内科_消化器内科_アレルギー科】茨城県ひたちなか市馬渡３００６－１" }, "geometry": { "type": "Point", "coordinates": [ 140.581111, 36.404444 ] } },
{ "type": "Feature", "properties": { "ID": 82208702429, "正式名称": "サンキュー耳鼻科クリニック", "機関区分": 2, "都道府県コード": 8, "市区町村コード": 221, "所在地": "茨城県ひたちなか市大字高場字神田後１６７番地３", "緯度": 36.430556, "経度": 140.536944, "url": "https://www.iryou.teikyouseido.mhlw.go.jp/znk-web/juminkanja/S2430/initialize?prefCd=08&kikanCd=208702429&kikanKbn=2", "url2": "http://www.39jibika.com/", "内容": "サンキュー耳鼻科クリニック【2:診療所】【診療科目:耳鼻いんこう科】茨城県ひたちなか市大字高場字神田後１６７番地３" }, "geometry": { "type": "Point", "coordinates": [ 140.536944, 36.430556 ] } },
{ "type": "Feature", "properties": { "ID": 82208702487, "正式名称": "おやけクリニック", "機関区分": 2, "都道府県コード": 8, "市区町村コード": 221, "所在地": "茨城県ひたちなか市馬渡２８３５－５", "緯度": 36.4043, "経度": 140.565186, "url": "https://www.iryou.teikyouseido.mhlw.go.jp/znk-web/juminkanja/S2430/initialize?prefCd=08&kikanCd=208702487&kikanKbn=2", "url2": null, "内容": "おやけクリニック【2:診療所】【診療科目:内科_循環器内科_小児科】茨城県ひたちなか市馬渡２８３５－５" }, "geometry": { "type": "Point", "coordinates": [ 140.565186, 36.4043 ] } },
{ "type": "Feature", "properties": { "ID": 82208702810, "正式名称": "ジュン整形外科クリニック", "機関区分": 2, "都道府県コード": 8, "市区町村コード": 221, "所在地": "茨城県ひたちなか市中根４７８２－１", "緯度": 36.388333, "経度": 140.564167, "url": "https://www.iryou.teikyouseido.mhlw.go.jp/znk-web/juminkanja/S2430/initialize?prefCd=08&kikanCd=208702810&kikanKbn=2", "url2": "http://www.jun-seikei.com/", "内容": "ジュン整形外科クリニック【2:診療所】【診療科目:整形外科】茨城県ひたちなか市中根４７８２－１" }, "geometry": { "type": "Point", "coordinates": [ 140.564167, 36.388333 ] } },
{ "type": "Feature", "properties": { "ID": 82208702908, "正式名称": "グルコピアひたちなか", "機関区分": 2, "都道府県コード": 8, "市区町村コード": 221, "所在地": "茨城県ひたちなか市笹野町２－１２－２５", "緯度": 36.393611, "経度": 140.548611, "url": "https://www.iryou.teikyouseido.mhlw.go.jp/znk-web/juminkanja/S2430/initialize?prefCd=08&kikanCd=208702908&kikanKbn=2", "url2": "https://glc-hitachinaka.com/", "内容": "グルコピアひたちなか【2:診療所】【診療科目:糖尿病内科_内分泌内科】茨城県ひたちなか市笹野町２－１２－２５" }, "geometry": { "type": "Point", "coordinates": [ 140.548611, 36.393611 ] } },
{ "type": "Feature", "properties": { "ID": 82208702911, "正式名称": "ひたちなかアイクリニック", "機関区分": 2, "都道府県コード": 8, "市区町村コード": 221, "所在地": "茨城県ひたちなか市高場３－１－１", "緯度": 36.4231825, "経度": 140.5338185, "url": "https://www.iryou.teikyouseido.mhlw.go.jp/znk-web/juminkanja/S2430/initialize?prefCd=08&kikanCd=208702911&kikanKbn=2", "url2": null, "内容": "ひたちなかアイクリニック【2:診療所】【診療科目:眼科】茨城県ひたちなか市高場３－１－１" }, "geometry": { "type": "Point", "coordinates": [ 140.5338185, 36.4231825 ] } },
{ "type": "Feature", "properties": { "ID": 82208702937, "正式名称": "斉藤内科", "機関区分": 2, "都道府県コード": 8, "市区町村コード": 221, "所在地": "茨城県ひたちなか市田彦１３９１－２", "緯度": 36.409167, "経度": 140.525278, "url": "https://www.iryou.teikyouseido.mhlw.go.jp/znk-web/juminkanja/S2430/initialize?prefCd=08&kikanCd=208702937&kikanKbn=2", "url2": null, "内容": "斉藤内科【2:診療所】【診療科目:内科_循環器内科】茨城県ひたちなか市田彦１３９１－２" }, "geometry": { "type": "Point", "coordinates": [ 140.525278, 36.409167 ] } },
{ "type": "Feature", "properties": { "ID": 82208703439, "正式名称": "医療法人森田記念会　森田記念クリニック", "機関区分": 2, "都道府県コード": 8, "市区町村コード": 221, "所在地": "茨城県ひたちなか市高野字柏野２４４４－３", "緯度": 36.439303, "経度": 140.539329, "url": "https://www.iryou.teikyouseido.mhlw.go.jp/znk-web/juminkanja/S2430/initialize?prefCd=08&kikanCd=208703439&kikanKbn=2", "url2": "http://www.morita-kinenkai.com/", "内容": "医療法人森田記念会　森田記念クリニック【2:診療所】【診療科目:内科_呼吸器内科_泌尿器科】茨城県ひたちなか市高野字柏野２４４４－３" }, "geometry": { "type": "Point", "coordinates": [ 140.539329, 36.439303 ] } },
{ "type": "Feature", "properties": { "ID": 82208703891, "正式名称": "新光町眼科", "機関区分": 2, "都道府県コード": 8, "市区町村コード": 221, "所在地": "茨城県ひたちなか市新光町３５　ファッションクルーズニューポートひたちなか１Ｆ", "緯度": 36.402222, "経度": 140.589167, "url": "https://www.iryou.teikyouseido.mhlw.go.jp/znk-web/juminkanja/S2430/initialize?prefCd=08&kikanCd=208703891&kikanKbn=2", "url2": "https://eyeclinic.xxxx.jp/shinkocho-ganka/", "内容": "新光町眼科【2:診療所】【診療科目:眼科】茨城県ひたちなか市新光町３５　ファッションクルーズニューポートひたちなか１Ｆ" }, "geometry": { "type": "Point", "coordinates": [ 140.589167, 36.402222 ] } },
{ "type": "Feature", "properties": { "ID": 82208703905, "正式名称": "田中循環器内科クリニック", "機関区分": 2, "都道府県コード": 8, "市区町村コード": 221, "所在地": "茨城県ひたちなか市津田２０３１－１０７８", "緯度": 36.413333, "経度": 140.511389, "url": "https://www.iryou.teikyouseido.mhlw.go.jp/znk-web/juminkanja/S2430/initialize?prefCd=08&kikanCd=208703905&kikanKbn=2", "url2": "https://www.tanaka-cardiology-clinic.com/", "内容": "田中循環器内科クリニック【2:診療所】【診療科目:内科_循環器内科】茨城県ひたちなか市津田２０３１－１０７８" }, "geometry": { "type": "Point", "coordinates": [ 140.511389, 36.413333 ] } },
{ "type": "Feature", "properties": { "ID": 82208704032, "正式名称": "医療法人聖麗会　脳神経外科　聖麗メモリアルひたちなか", "機関区分": 2, "都道府県コード": 8, "市区町村コード": 221, "所在地": "茨城県ひたちなか市馬渡２８３５－２", "緯度": 36.401389, "経度": 140.568333, "url": "https://www.iryou.teikyouseido.mhlw.go.jp/znk-web/juminkanja/S2430/initialize?prefCd=08&kikanCd=208704032&kikanKbn=2", "url2": "http://www.seirei-hitachinaka.com/", "内容": "医療法人聖麗会　脳神経外科　聖麗メモリアルひたちなか【2:診療所】【診療科目:脳神経外科】茨城県ひたちなか市馬渡２８３５－２" }, "geometry": { "type": "Point", "coordinates": [ 140.568333, 36.401389 ] } },
{ "type": "Feature", "properties": { "ID": 82208704319, "正式名称": "医療法人桜丘会　脳神経外科ブレインピアひたちなか", "機関区分": 2, "都道府県コード": 8, "市区町村コード": 221, "所在地": "茨城県ひたちなか市馬渡５４１－１", "緯度": 36.398876, "経度": 140.56264, "url": "https://www.iryou.teikyouseido.mhlw.go.jp/znk-web/juminkanja/S2430/initialize?prefCd=08&kikanCd=208704319&kikanKbn=2", "url2": "http://brainpier-htn.com/", "内容": "医療法人桜丘会　脳神経外科ブレインピアひたちなか【2:診療所】【診療科目:循環器内科_脳神経外科】茨城県ひたちなか市馬渡５４１－１" }, "geometry": { "type": "Point", "coordinates": [ 140.56264, 36.398876 ] } },
{ "type": "Feature", "properties": { "ID": 82208704827, "正式名称": "ひたちなかメンタルクリニック", "機関区分": 2, "都道府県コード": 8, "市区町村コード": 221, "所在地": "茨城県ひたちなか市幸町１４−１", "緯度": 36.34898, "経度": 140.58531, "url": "https://www.iryou.teikyouseido.mhlw.go.jp/znk-web/juminkanja/S2430/initialize?prefCd=08&kikanCd=208704827&kikanKbn=2", "url2": "https://www.hitachinaka-mental.com/", "内容": "ひたちなかメンタルクリニック【2:診療所】【診療科目:精神科_心療内科】茨城県ひたちなか市幸町１４−１" }, "geometry": { "type": "Point", "coordinates": [ 140.58531, 36.34898 ] } },
{ "type": "Feature", "properties": { "ID": 82208704869, "正式名称": "医療法人ＩＭＱＯＬ　ひたちなか中央クリニック", "機関区分": 2, "都道府県コード": 8, "市区町村コード": 221, "所在地": "茨城県ひたちなか市東石川３丁目２０－８", "緯度": 36.391389, "経度": 140.536667, "url": "https://www.iryou.teikyouseido.mhlw.go.jp/znk-web/juminkanja/S2430/initialize?prefCd=08&kikanCd=208704869&kikanKbn=2", "url2": "https://hitachinaka-clinic.com/", "内容": "医療法人ＩＭＱＯＬ　ひたちなか中央クリニック【2:診療所】【診療科目:形成外科_皮膚科】茨城県ひたちなか市東石川３丁目２０－８" }, "geometry": { "type": "Point", "coordinates": [ 140.536667, 36.391389 ] } },
{ "type": "Feature", "properties": { "ID": 82208705042, "正式名称": "ひたちなかファミリークリニック", "機関区分": 2, "都道府県コード": 8, "市区町村コード": 221, "所在地": "茨城県ひたちなか市三反田４５５１－１", "緯度": 36.364887, "経度": 140.55783, "url": "https://www.iryou.teikyouseido.mhlw.go.jp/znk-web/juminkanja/S2430/initialize?prefCd=08&kikanCd=208705042&kikanKbn=2", "url2": "http://hitachinaka-family.com", "内容": "ひたちなかファミリークリニック【2:診療所】【診療科目:内科_糖尿病・代謝内科_消化器内科_外科】茨城県ひたちなか市三反田４５５１－１" }, "geometry": { "type": "Point", "coordinates": [ 140.55783, 36.364887 ] } },
{ "type": "Feature", "properties": { "ID": 82208705055, "正式名称": "三村小児科内科クリニック", "機関区分": 2, "都道府県コード": 8, "市区町村コード": 221, "所在地": "茨城県ひたちなか市馬渡２８９６－１９", "緯度": 36.398876, "経度": 140.56264, "url": "https://www.iryou.teikyouseido.mhlw.go.jp/znk-web/juminkanja/S2430/initialize?prefCd=08&kikanCd=208705055&kikanKbn=2", "url2": "https://mimura-shounika-naika.com/", "内容": "三村小児科内科クリニック【2:診療所】【診療科目:内科_糖尿病内科_小児科】茨城県ひたちなか市馬渡２８９６－１９" }, "geometry": { "type": "Point", "coordinates": [ 140.56264, 36.398876 ] } },
{ "type": "Feature", "properties": { "ID": 82208705879, "正式名称": "中山整形外科", "機関区分": 2, "都道府県コード": 8, "市区町村コード": 221, "所在地": "茨城県ひたちなか市大成町１１－１", "緯度": 36.380833, "経度": 140.536389, "url": "https://www.iryou.teikyouseido.mhlw.go.jp/znk-web/juminkanja/S2430/initialize?prefCd=08&kikanCd=208705879&kikanKbn=2", "url2": "https://hospnakayama.wixsite.com/index", "内容": "中山整形外科【2:診療所】【診療科目:整形外科_リハビリテーション科】茨城県ひたちなか市大成町１１－１" }, "geometry": { "type": "Point", "coordinates": [ 140.536389, 36.380833 ] } },
{ "type": "Feature", "properties": { "ID": 82208705909, "正式名称": "いちげ十字路クリニック", "機関区分": 2, "都道府県コード": 8, "市区町村コード": 221, "所在地": "茨城県ひたちなか市市毛１１５３－１", "緯度": 36.398621, "経度": 140.504589, "url": "https://www.iryou.teikyouseido.mhlw.go.jp/znk-web/juminkanja/S2430/initialize?prefCd=08&kikanCd=208705909&kikanKbn=2", "url2": "https://ichige10.net/", "内容": "いちげ十字路クリニック【2:診療所】【診療科目:内科_循環器内科_人工透析内科_泌尿器科】茨城県ひたちなか市市毛１１５３－１" }, "geometry": { "type": "Point", "coordinates": [ 140.504589, 36.398621 ] } },
{ "type": "Feature", "properties": { "ID": 82208705941, "正式名称": "舟石川ひふみみクリニック", "機関区分": 2, "都道府県コード": 8, "市区町村コード": 341, "所在地": "茨城県那珂郡東海村舟石川６８９－１", "緯度": 36.461436, "経度": 140.555841, "url": "https://www.iryou.teikyouseido.mhlw.go.jp/znk-web/juminkanja/S2430/initialize?prefCd=08&kikanCd=208705941&kikanKbn=2", "url2": "https://tokai-hifujibi.com/", "内容": "舟石川ひふみみクリニック【2:診療所】【診療科目:耳鼻いんこう科_皮膚科_美容皮膚科_小児皮膚科_アレルギー科】茨城県那珂郡東海村舟石川６８９－１" }, "geometry": { "type": "Point", "coordinates": [ 140.555841, 36.461436 ] } },
{ "type": "Feature", "properties": { "ID": 82208705967, "正式名称": "なかの杜セントラルクリニック", "機関区分": 2, "都道府県コード": 8, "市区町村コード": 226, "所在地": "茨城県那珂市菅谷６７３－１", "緯度": 36.45, "経度": 140.503889, "url": "https://www.iryou.teikyouseido.mhlw.go.jp/znk-web/juminkanja/S2430/initialize?prefCd=08&kikanCd=208705967&kikanKbn=2", "url2": "https://nakanomori-central.com/", "内容": "なかの杜セントラルクリニック【2:診療所】【診療科目:内科_消化器内科_内視鏡内科_外科】茨城県那珂市菅谷６７３－１" }, "geometry": { "type": "Point", "coordinates": [ 140.503889, 36.45 ] } },
{ "type": "Feature", "properties": { "ID": 82208706049, "正式名称": "うすい内科クリニック", "機関区分": 2, "都道府県コード": 8, "市区町村コード": 341, "所在地": "茨城県那珂郡東海村東海２－７－１１", "緯度": 36.471597, "経度": 140.566917, "url": "https://www.iryou.teikyouseido.mhlw.go.jp/znk-web/juminkanja/S2430/initialize?prefCd=08&kikanCd=208706049&kikanKbn=2", "url2": "https://usui-clinic.jp/", "内容": "うすい内科クリニック【2:診療所】【診療科目:内科_循環器内科】茨城県那珂郡東海村東海２－７－１１" }, "geometry": { "type": "Point", "coordinates": [ 140.566917, 36.471597 ] } },
{ "type": "Feature", "properties": { "ID": 82208706078, "正式名称": "一路会クリニック", "機関区分": 2, "都道府県コード": 8, "市区町村コード": 212, "所在地": "茨城県常陸太田市中城町１７３番地", "緯度": 36.544751, "経度": 140.521561, "url": "https://www.iryou.teikyouseido.mhlw.go.jp/znk-web/juminkanja/S2430/initialize?prefCd=08&kikanCd=208706078&kikanKbn=2", "url2": null, "内容": "一路会クリニック【2:診療所】【診療科目:内科_呼吸器内科_消化器内科_小児科_放射線科】茨城県常陸太田市中城町１７３番地" }, "geometry": { "type": "Point", "coordinates": [ 140.521561, 36.544751 ] } },
{ "type": "Feature", "properties": { "ID": 82208706586, "正式名称": "株式会社日立製作所　勝田健康管理室", "機関区分": 2, "都道府県コード": 8, "市区町村コード": 221, "所在地": "茨城県ひたちなか市堀口８３２番地２日立システムプラザ勝田　高層棟８階", "緯度": 36.396907, "経度": 140.523828, "url": "https://www.iryou.teikyouseido.mhlw.go.jp/znk-web/juminkanja/S2430/initialize?prefCd=08&kikanCd=208706586&kikanKbn=2", "url2": null, "内容": "株式会社日立製作所　勝田健康管理室【2:診療所】【診療科目:内科】茨城県ひたちなか市堀口８３２番地２日立システムプラザ勝田　高層棟８階" }, "geometry": { "type": "Point", "coordinates": [ 140.523828, 36.396907 ] } },
{ "type": "Feature", "properties": { "ID": 82208706674, "正式名称": "那珂心臓血圧クリニック", "機関区分": 2, "都道府県コード": 8, "市区町村コード": 226, "所在地": "茨城県那珂市額田南郷８６９－１", "緯度": 36.484893, "経度": 140.518734, "url": "https://www.iryou.teikyouseido.mhlw.go.jp/znk-web/juminkanja/S2430/initialize?prefCd=08&kikanCd=208706674&kikanKbn=2", "url2": "https://naka-heart-bp-clinic.com/", "内容": "那珂心臓血圧クリニック【2:診療所】【診療科目:内科_循環器内科】茨城県那珂市額田南郷８６９－１" }, "geometry": { "type": "Point", "coordinates": [ 140.518734, 36.484893 ] } },
{ "type": "Feature", "properties": { "ID": 82208706762, "正式名称": "ことぶき内科循環器科クリニック", "機関区分": 2, "都道府県コード": 8, "市区町村コード": 221, "所在地": "茨城県ひたちなか市東石川３－１３－１０", "緯度": 36.38946, "経度": 140.533045, "url": "https://www.iryou.teikyouseido.mhlw.go.jp/znk-web/juminkanja/S2430/initialize?prefCd=08&kikanCd=208706762&kikanKbn=2", "url2": "https://hitachinaka-kotobuki.jp", "内容": "ことぶき内科循環器科クリニック【2:診療所】【診療科目:内科_循環器内科】茨城県ひたちなか市東石川３－１３－１０" }, "geometry": { "type": "Point", "coordinates": [ 140.533045, 36.38946 ] } },
{ "type": "Feature", "properties": { "ID": 82208710819, "正式名称": "医療法人一誠会　みと肛門クリニック", "機関区分": 2, "都道府県コード": 8, "市区町村コード": 201, "所在地": "茨城県水戸市笠原町９７８－２７　ＩＰＩＣビル２Ｆ", "緯度": 36.343842, "経度": 140.448896, "url": "https://www.iryou.teikyouseido.mhlw.go.jp/znk-web/juminkanja/S2430/initialize?prefCd=08&kikanCd=208710819&kikanKbn=2", "url2": "https://www.mitokomon.net", "内容": "医療法人一誠会　みと肛門クリニック【2:診療所】【診療科目:肛門外科】茨城県水戸市笠原町９７８－２７　ＩＰＩＣビル２Ｆ" }, "geometry": { "type": "Point", "coordinates": [ 140.448896, 36.343842 ] } },
{ "type": "Feature", "properties": { "ID": 82208711151, "正式名称": "社会医療法人財団古宿会笠間中央クリニック", "機関区分": 2, "都道府県コード": 8, "市区町村コード": 216, "所在地": "茨城県笠間市福原３６３３ー３", "緯度": 36.386944, "経度": 140.250556, "url": "https://www.iryou.teikyouseido.mhlw.go.jp/znk-web/juminkanja/S2430/initialize?prefCd=08&kikanCd=208711151&kikanKbn=2", "url2": null, "内容": "社会医療法人財団古宿会笠間中央クリニック【2:診療所】【診療科目:内科_人工透析内科】茨城県笠間市福原３６３３ー３" }, "geometry": { "type": "Point", "coordinates": [ 140.250556, 36.386944 ] } },
{ "type": "Feature", "properties": { "ID": 82208711425, "正式名称": "水戸プライマリ整形外科クリニック", "機関区分": 2, "都道府県コード": 8, "市区町村コード": 201, "所在地": "茨城県水戸市笠原町９７８－２７ＩＰＩＣビル２階", "緯度": 36.343931, "経度": 140.448878, "url": "https://www.iryou.teikyouseido.mhlw.go.jp/znk-web/juminkanja/S2430/initialize?prefCd=08&kikanCd=208711425&kikanKbn=2", "url2": "http://mitoprimary.com/", "内容": "水戸プライマリ整形外科クリニック【2:診療所】【診療科目:整形外科_リハビリテーション科】茨城県水戸市笠原町９７８－２７ＩＰＩＣビル２階" }, "geometry": { "type": "Point", "coordinates": [ 140.448878, 36.343931 ] } },
{ "type": "Feature", "properties": { "ID": 82208711946, "正式名称": "医療法人社団北水会スイコウ南クリニック", "機関区分": 2, "都道府県コード": 8, "市区町村コード": 201, "所在地": "茨城県水戸市東原３－２－１２", "緯度": 36.386773, "経度": 140.446391, "url": "https://www.iryou.teikyouseido.mhlw.go.jp/znk-web/juminkanja/S2430/initialize?prefCd=08&kikanCd=208711946&kikanKbn=2", "url2": "https://www.hokusuikai.or.jp/", "内容": "医療法人社団北水会スイコウ南クリニック【2:診療所】【診療科目:内科_整形外科】茨城県水戸市東原３－２－１２" }, "geometry": { "type": "Point", "coordinates": [ 140.446391, 36.386773 ] } },
{ "type": "Feature", "properties": { "ID": 82208711988, "正式名称": "こじま内科クリニック", "機関区分": 2, "都道府県コード": 8, "市区町村コード": 201, "所在地": "茨城県水戸市米沢町９８−１１", "緯度": 36.336141, "経度": 140.459198, "url": "https://www.iryou.teikyouseido.mhlw.go.jp/znk-web/juminkanja/S2430/initialize?prefCd=08&kikanCd=208711988&kikanKbn=2", "url2": "http://kojimanaika-clinic.com", "内容": "こじま内科クリニック【2:診療所】【診療科目:内科_糖尿病内科_消化器内科_皮膚科_アレルギー科】茨城県水戸市米沢町９８−１１" }, "geometry": { "type": "Point", "coordinates": [ 140.459198, 36.336141 ] } },
{ "type": "Feature", "properties": { "ID": 82208712129, "正式名称": "千波中央クリニック", "機関区分": 2, "都道府県コード": 8, "市区町村コード": 201, "所在地": "茨城県水戸市千波町１２８８－９", "緯度": 36.359853, "経度": 140.465678, "url": "https://www.iryou.teikyouseido.mhlw.go.jp/znk-web/juminkanja/S2430/initialize?prefCd=08&kikanCd=208712129&kikanKbn=2", "url2": null, "内容": "千波中央クリニック【2:診療所】【診療科目:内科_糖尿病内科】茨城県水戸市千波町１２８８－９" }, "geometry": { "type": "Point", "coordinates": [ 140.465678, 36.359853 ] } },
{ "type": "Feature", "properties": { "ID": 82208712190, "正式名称": "勝又眼科クリニック", "機関区分": 2, "都道府県コード": 8, "市区町村コード": 201, "所在地": "茨城県水戸市堀町１３６３ー１", "緯度": 36.402625, "経度": 140.417819, "url": "https://www.iryou.teikyouseido.mhlw.go.jp/znk-web/juminkanja/S2430/initialize?prefCd=08&kikanCd=208712190&kikanKbn=2", "url2": "http://www.katsumata-ganka.com", "内容": "勝又眼科クリニック【2:診療所】【診療科目:眼科】茨城県水戸市堀町１３６３ー１" }, "geometry": { "type": "Point", "coordinates": [ 140.417819, 36.402625 ] } },
{ "type": "Feature", "properties": { "ID": 82208712233, "正式名称": "あやか内科クリニック", "機関区分": 2, "都道府県コード": 8, "市区町村コード": 216, "所在地": "茨城県笠間市八雲２丁目５－２５", "緯度": 36.3425, "経度": 140.305833, "url": "https://www.iryou.teikyouseido.mhlw.go.jp/znk-web/juminkanja/S2430/initialize?prefCd=08&kikanCd=208712233&kikanKbn=2", "url2": "http://ayakanaika.jp/", "内容": "あやか内科クリニック【2:診療所】【診療科目:内科】茨城県笠間市八雲２丁目５－２５" }, "geometry": { "type": "Point", "coordinates": [ 140.305833, 36.3425 ] } },
{ "type": "Feature", "properties": { "ID": 82208712435, "正式名称": "水戸あおぞらクリニック", "機関区分": 2, "都道府県コード": 8, "市区町村コード": 201, "所在地": "茨城県水戸市河和田３丁目２３３７番地１２", "緯度": 36.374265, "経度": 140.405466, "url": "https://www.iryou.teikyouseido.mhlw.go.jp/znk-web/juminkanja/S2430/initialize?prefCd=08&kikanCd=208712435&kikanKbn=2", "url2": null, "内容": "水戸あおぞらクリニック【2:診療所】【診療科目:内科_整形外科】茨城県水戸市河和田３丁目２３３７番地１２" }, "geometry": { "type": "Point", "coordinates": [ 140.405466, 36.374265 ] } },
{ "type": "Feature", "properties": { "ID": 82208712448, "正式名称": "見和中央クリニック", "機関区分": 2, "都道府県コード": 8, "市区町村コード": 201, "所在地": "茨城県水戸市見和１－３３６－６", "緯度": 36.376742, "経度": 140.444915, "url": "https://www.iryou.teikyouseido.mhlw.go.jp/znk-web/juminkanja/S2430/initialize?prefCd=08&kikanCd=208712448&kikanKbn=2", "url2": "http://miwa-cc.jp/", "内容": "見和中央クリニック【2:診療所】【診療科目:内科_胃腸内科_外科_肛門外科_乳腺・甲状腺外科】茨城県水戸市見和１－３３６－６" }, "geometry": { "type": "Point", "coordinates": [ 140.444915, 36.376742 ] } },
{ "type": "Feature", "properties": { "ID": 82208712507, "正式名称": "土沢整形外科", "機関区分": 2, "都道府県コード": 8, "市区町村コード": 201, "所在地": "茨城県水戸市酒門町２５５", "緯度": 36.352164, "経度": 140.493229, "url": "https://www.iryou.teikyouseido.mhlw.go.jp/znk-web/juminkanja/S2430/initialize?prefCd=08&kikanCd=208712507&kikanKbn=2", "url2": "tsuchisawa.com", "内容": "土沢整形外科【2:診療所】【診療科目:整形外科_リウマチ科_リハビリテーション科】茨城県水戸市酒門町２５５" }, "geometry": { "type": "Point", "coordinates": [ 140.493229, 36.352164 ] } },
{ "type": "Feature", "properties": { "ID": 82208712565, "正式名称": "水戸心臓血管クリニック", "機関区分": 2, "都道府県コード": 8, "市区町村コード": 201, "所在地": "茨城県水戸市姫子２－７３２－３", "緯度": 36.378661, "経度": 140.423085, "url": "https://www.iryou.teikyouseido.mhlw.go.jp/znk-web/juminkanja/S2430/initialize?prefCd=08&kikanCd=208712565&kikanKbn=2", "url2": "http://mcvc.jp", "内容": "水戸心臓血管クリニック【2:診療所】【診療科目:内科_循環器内科_心臓血管外科】茨城県水戸市姫子２－７３２－３" }, "geometry": { "type": "Point", "coordinates": [ 140.423085, 36.378661 ] } },
{ "type": "Feature", "properties": { "ID": 82208712624, "正式名称": "城里町国民健康保険七会診療所", "機関区分": 2, "都道府県コード": 8, "市区町村コード": 310, "所在地": "茨城県東茨城郡城里町小勝", "緯度": 36.467222, "経度": 140.285278, "url": "https://www.iryou.teikyouseido.mhlw.go.jp/znk-web/juminkanja/S2430/initialize?prefCd=08&kikanCd=208712624&kikanKbn=2", "url2": null, "内容": "城里町国民健康保険七会診療所【2:診療所】【診療科目:内科_外科_整形外科_小児科_耳鼻いんこう科_皮膚科_泌尿器科_歯科_放射線科】茨城県東茨城郡城里町小勝" }, "geometry": { "type": "Point", "coordinates": [ 140.285278, 36.467222 ] } },
{ "type": "Feature", "properties": { "ID": 82208712826, "正式名称": "東京ノーストクリニック", "機関区分": 2, "都道府県コード": 8, "市区町村コード": 201, "所在地": "茨城県水戸市三の丸１－４－９大洋ビル２Ｆ", "緯度": 36.373469, "経度": 140.474618, "url": "https://www.iryou.teikyouseido.mhlw.go.jp/znk-web/juminkanja/S2430/initialize?prefCd=08&kikanCd=208712826&kikanKbn=2", "url2": null, "内容": "東京ノーストクリニック【2:診療所】【診療科目:形成外科_泌尿器科】茨城県水戸市三の丸１－４－９大洋ビル２Ｆ" }, "geometry": { "type": "Point", "coordinates": [ 140.474618, 36.373469 ] } },
{ "type": "Feature", "properties": { "ID": 82208712842, "正式名称": "わたり耳鼻咽喉科クリニック", "機関区分": 2, "都道府県コード": 8, "市区町村コード": 201, "所在地": "茨城県水戸市堀町９４０－１", "緯度": 36.403029, "経度": 140.429982, "url": "https://www.iryou.teikyouseido.mhlw.go.jp/znk-web/juminkanja/S2430/initialize?prefCd=08&kikanCd=208712842&kikanKbn=2", "url2": "https://www.watari-entclinic.jp/", "内容": "わたり耳鼻咽喉科クリニック【2:診療所】【診療科目:耳鼻いんこう科】茨城県水戸市堀町９４０－１" }, "geometry": { "type": "Point", "coordinates": [ 140.429982, 36.403029 ] } },
{ "type": "Feature", "properties": { "ID": 82208713067, "正式名称": "カオル皮膚科クリニック", "機関区分": 2, "都道府県コード": 8, "市区町村コード": 201, "所在地": "茨城県水戸市見川２－１０８－２６アーバンテラス一周館Ａ棟２０１－２", "緯度": 36.37388, "経度": 140.433117, "url": "https://www.iryou.teikyouseido.mhlw.go.jp/znk-web/juminkanja/S2430/initialize?prefCd=08&kikanCd=208713067&kikanKbn=2", "url2": "www.kaoru-cl.com", "内容": "カオル皮膚科クリニック【2:診療所】【診療科目:皮膚科】茨城県水戸市見川２－１０８－２６アーバンテラス一周館Ａ棟２０１－２" }, "geometry": { "type": "Point", "coordinates": [ 140.433117, 36.37388 ] } },
{ "type": "Feature", "properties": { "ID": 82208713517, "正式名称": "内原とりやま眼科", "機関区分": 2, "都道府県コード": 8, "市区町村コード": 201, "所在地": "茨城県水戸市内原２－１イオンモール水戸内原３階", "緯度": 36.37454, "経度": 140.359419, "url": "https://www.iryou.teikyouseido.mhlw.go.jp/znk-web/juminkanja/S2430/initialize?prefCd=08&kikanCd=208713517&kikanKbn=2", "url2": null, "内容": "内原とりやま眼科【2:診療所】【診療科目:眼科】茨城県水戸市内原２－１イオンモール水戸内原３階" }, "geometry": { "type": "Point", "coordinates": [ 140.359419, 36.37454 ] } },
{ "type": "Feature", "properties": { "ID": 82208713706, "正式名称": "柳澤クリニック", "機関区分": 2, "都道府県コード": 8, "市区町村コード": 201, "所在地": "茨城県水戸市渡里町３０１０－３", "緯度": 36.408969, "経度": 140.434038, "url": "https://www.iryou.teikyouseido.mhlw.go.jp/znk-web/juminkanja/S2430/initialize?prefCd=08&kikanCd=208713706&kikanKbn=2", "url2": "http://www.yanagisawaclinic2018-mito.jp", "内容": "柳澤クリニック【2:診療所】【診療科目:内科_胃腸内科_内視鏡内科_外科_肛門外科】茨城県水戸市渡里町３０１０－３" }, "geometry": { "type": "Point", "coordinates": [ 140.434038, 36.408969 ] } },
{ "type": "Feature", "properties": { "ID": 82208713878, "正式名称": "とびた耳鼻咽喉科", "機関区分": 2, "都道府県コード": 8, "市区町村コード": 201, "所在地": "茨城県水戸市千波町２５９９－１とびた耳鼻咽喉科", "緯度": 36.367099, "経度": 140.449682, "url": "https://www.iryou.teikyouseido.mhlw.go.jp/znk-web/juminkanja/S2430/initialize?prefCd=08&kikanCd=208713878&kikanKbn=2", "url2": "tbt-ent.com", "内容": "とびた耳鼻咽喉科【2:診療所】【診療科目:耳鼻いんこう科】茨城県水戸市千波町２５９９－１とびた耳鼻咽喉科" }, "geometry": { "type": "Point", "coordinates": [ 140.449682, 36.367099 ] } },
{ "type": "Feature", "properties": { "ID": 82208714279, "正式名称": "水戸とりやま眼科", "機関区分": 2, "都道府県コード": 8, "市区町村コード": 201, "所在地": "茨城県水戸市宮町１－１－１エクセル本館６階", "緯度": 36.371069, "経度": 140.47554, "url": "https://www.iryou.teikyouseido.mhlw.go.jp/znk-web/juminkanja/S2430/initialize?prefCd=08&kikanCd=208714279&kikanKbn=2", "url2": "https://www.toriyama-ganka.com/mito/", "内容": "水戸とりやま眼科【2:診療所】【診療科目:眼科】茨城県水戸市宮町１－１－１エクセル本館６階" }, "geometry": { "type": "Point", "coordinates": [ 140.47554, 36.371069 ] } },
{ "type": "Feature", "properties": { "ID": 82208714282, "正式名称": "なのはな耳鼻咽喉科", "機関区分": 2, "都道府県コード": 8, "市区町村コード": 201, "所在地": "茨城県水戸市東野町６９３－９", "緯度": 36.33006, "経度": 140.455801, "url": "https://www.iryou.teikyouseido.mhlw.go.jp/znk-web/juminkanja/S2430/initialize?prefCd=08&kikanCd=208714282&kikanKbn=2", "url2": "nanohana-jibika.com", "内容": "なのはな耳鼻咽喉科【2:診療所】【診療科目:耳鼻いんこう科】茨城県水戸市東野町６９３－９" }, "geometry": { "type": "Point", "coordinates": [ 140.455801, 36.33006 ] } },
{ "type": "Feature", "properties": { "ID": 82208714367, "正式名称": "グリンクリニック", "機関区分": 2, "都道府県コード": 8, "市区町村コード": 201, "所在地": "茨城県水戸市河和田町１１１０番地３", "緯度": 36.366001, "経度": 140.408009, "url": "https://www.iryou.teikyouseido.mhlw.go.jp/znk-web/juminkanja/S2430/initialize?prefCd=08&kikanCd=208714367&kikanKbn=2", "url2": null, "内容": "グリンクリニック【2:診療所】【診療科目:内科_精神科_歯科】茨城県水戸市河和田町１１１０番地３" }, "geometry": { "type": "Point", "coordinates": [ 140.408009, 36.366001 ] } },
{ "type": "Feature", "properties": { "ID": 82208714484, "正式名称": "緒方内科循環器クリニック", "機関区分": 2, "都道府県コード": 8, "市区町村コード": 302, "所在地": "茨城県東茨城郡茨城町長岡３０９１－２", "緯度": 36.311584, "経度": 140.43977, "url": "https://www.iryou.teikyouseido.mhlw.go.jp/znk-web/juminkanja/S2430/initialize?prefCd=08&kikanCd=208714484&kikanKbn=2", "url2": "http://ogata-circ.com", "内容": "緒方内科循環器クリニック【2:診療所】【診療科目:内科_循環器内科】茨城県東茨城郡茨城町長岡３０９１－２" }, "geometry": { "type": "Point", "coordinates": [ 140.43977, 36.311584 ] } },
{ "type": "Feature", "properties": { "ID": 82208714530, "正式名称": "菊池整形外科医院", "機関区分": 2, "都道府県コード": 8, "市区町村コード": 201, "所在地": "茨城県水戸市見川４丁目４５７－１", "緯度": 36.366617, "経度": 140.432559, "url": "https://www.iryou.teikyouseido.mhlw.go.jp/znk-web/juminkanja/S2430/initialize?prefCd=08&kikanCd=208714530&kikanKbn=2", "url2": "https://k-clinic-mito.com/", "内容": "菊池整形外科医院【2:診療所】【診療科目:内科_整形外科_精神科_心療内科_リハビリテーション科_放射線科】茨城県水戸市見川４丁目４５７－１" }, "geometry": { "type": "Point", "coordinates": [ 140.432559, 36.366617 ] } },
{ "type": "Feature", "properties": { "ID": 82208714745, "正式名称": "たかだ脳神経外科・内科クリニック", "機関区分": 2, "都道府県コード": 8, "市区町村コード": 216, "所在地": "茨城県笠間市赤坂９―１７", "緯度": 36.390377, "経度": 140.2501, "url": "https://www.iryou.teikyouseido.mhlw.go.jp/znk-web/juminkanja/S2430/initialize?prefCd=08&kikanCd=208714745&kikanKbn=2", "url2": "http://takada-neurosurgery.com", "内容": "たかだ脳神経外科・内科クリニック【2:診療所】【診療科目:内科_外科_脳神経外科】茨城県笠間市赤坂９―１７" }, "geometry": { "type": "Point", "coordinates": [ 140.2501, 36.390377 ] } },
{ "type": "Feature", "properties": { "ID": 82208714862, "正式名称": "メディカルケアクリニックかさま", "機関区分": 2, "都道府県コード": 8, "市区町村コード": 216, "所在地": "茨城県笠間市笠間", "緯度": 36.379452, "経度": 140.249014, "url": "https://www.iryou.teikyouseido.mhlw.go.jp/znk-web/juminkanja/S2430/initialize?prefCd=08&kikanCd=208714862&kikanKbn=2", "url2": "https://medical-kasama.com/", "内容": "メディカルケアクリニックかさま【2:診療所】【診療科目:内科_整形外科_リハビリテーション科_放射線科】茨城県笠間市笠間" }, "geometry": { "type": "Point", "coordinates": [ 140.249014, 36.379452 ] } },
{ "type": "Feature", "properties": { "ID": 82208714989, "正式名称": "はねもと眼科", "機関区分": 2, "都道府県コード": 8, "市区町村コード": 201, "所在地": "茨城県水戸市浜田１－４－６", "緯度": 36.363061, "経度": 140.496677, "url": "https://www.iryou.teikyouseido.mhlw.go.jp/znk-web/juminkanja/S2430/initialize?prefCd=08&kikanCd=208714989&kikanKbn=2", "url2": "https://hanemoto-eyeclinic.com/", "内容": "はねもと眼科【2:診療所】【診療科目:眼科】茨城県水戸市浜田１－４－６" }, "geometry": { "type": "Point", "coordinates": [ 140.496677, 36.363061 ] } },
{ "type": "Feature", "properties": { "ID": 82208714992, "正式名称": "医療法人社団有朋会　こころのクリニック水戸", "機関区分": 2, "都道府県コード": 8, "市区町村コード": 201, "所在地": "茨城県水戸市桜川２丁目５番１５", "緯度": 36.369113, "経度": 140.480719, "url": "https://www.iryou.teikyouseido.mhlw.go.jp/znk-web/juminkanja/S2430/initialize?prefCd=08&kikanCd=208714992&kikanKbn=2", "url2": "https://yuhokai-kokoro.com/", "内容": "医療法人社団有朋会　こころのクリニック水戸【2:診療所】【診療科目:精神科_心療内科】茨城県水戸市桜川２丁目５番１５" }, "geometry": { "type": "Point", "coordinates": [ 140.480719, 36.369113 ] } },
{ "type": "Feature", "properties": { "ID": 82208715016, "正式名称": "フロイデ水戸メディカルプラザ　フロイデクリニック水戸", "機関区分": 2, "都道府県コード": 8, "市区町村コード": 201, "所在地": "茨城県水戸市堀町９６７番地１", "緯度": 36.399722, "経度": 140.436667, "url": "https://www.iryou.teikyouseido.mhlw.go.jp/znk-web/juminkanja/S2430/initialize?prefCd=08&kikanCd=208715016&kikanKbn=2", "url2": "www.hakujinkai.com", "内容": "フロイデ水戸メディカルプラザ　フロイデクリニック水戸【2:診療所】【診療科目:内科_糖尿病・代謝内科_呼吸器内科_整形外科_皮膚科_泌尿器科_リハビリテーション科_総合診療科】茨城県水戸市堀町９６７番地１" }, "geometry": { "type": "Point", "coordinates": [ 140.436667, 36.399722 ] } },
{ "type": "Feature", "properties": { "ID": 82208715029, "正式名称": "エースＡＧＡクリニック水戸院", "機関区分": 2, "都道府県コード": 8, "市区町村コード": 201, "所在地": "茨城県水戸市城南２丁目８－３８　ハイライン　３０１", "緯度": 36.366882, "経度": 140.476749, "url": "https://www.iryou.teikyouseido.mhlw.go.jp/znk-web/juminkanja/S2430/initialize?prefCd=08&kikanCd=208715029&kikanKbn=2", "url2": null, "内容": "エースＡＧＡクリニック水戸院【2:診療所】【診療科目:美容皮膚科】茨城県水戸市城南２丁目８－３８　ハイライン　３０１" }, "geometry": { "type": "Point", "coordinates": [ 140.476749, 36.366882 ] } },
{ "type": "Feature", "properties": { "ID": 82208715247, "正式名称": "湘南美容クリニック水戸院", "機関区分": 2, "都道府県コード": 8, "市区町村コード": 201, "所在地": "茨城県水戸市宮町１－２－４　マイムビル３階", "緯度": 36.371483, "経度": 140.477057, "url": "https://www.iryou.teikyouseido.mhlw.go.jp/znk-web/juminkanja/S2430/initialize?prefCd=08&kikanCd=208715247&kikanKbn=2", "url2": "https://www.s-b-c.net/clinic/branch/mito/", "内容": "湘南美容クリニック水戸院【2:診療所】【診療科目:美容外科_美容皮膚科】茨城県水戸市宮町１－２－４　マイムビル３階" }, "geometry": { "type": "Point", "coordinates": [ 140.477057, 36.371483 ] } },
{ "type": "Feature", "properties": { "ID": 82208760058, "正式名称": "南守谷クリニック", "機関区分": 2, "都道府県コード": 8, "市区町村コード": 224, "所在地": "茨城県守谷市乙子４０ー１", "緯度": 35.926389, "経度": 140.004444, "url": "https://www.iryou.teikyouseido.mhlw.go.jp/znk-web/juminkanja/S2430/initialize?prefCd=08&kikanCd=208760058&kikanKbn=2", "url2": "https://minamimoriya-c.com/", "内容": "南守谷クリニック【2:診療所】【診療科目:内科_神経内科】茨城県守谷市乙子４０ー１" }, "geometry": { "type": "Point", "coordinates": [ 140.004444, 35.926389 ] } },
{ "type": "Feature", "properties": { "ID": 82208760250, "正式名称": "医療法人社団　常仁会　ひたち野ステーションクリニック", "機関区分": 2, "都道府県コード": 8, "市区町村コード": 219, "所在地": "茨城県牛久市ひたち野東", "緯度": 36.004167, "経度": 140.163056, "url": "https://www.iryou.teikyouseido.mhlw.go.jp/znk-web/juminkanja/S2430/initialize?prefCd=08&kikanCd=208760250&kikanKbn=2", "url2": "http://www.jojinkai.com/hitachino", "内容": "医療法人社団　常仁会　ひたち野ステーションクリニック【2:診療所】【診療科目:内科_消化器内科】茨城県牛久市ひたち野東" }, "geometry": { "type": "Point", "coordinates": [ 140.163056, 36.004167 ] } },
{ "type": "Feature", "properties": { "ID": 82208760452, "正式名称": "社会福祉法人朱白会特別養護老人ホームエミール医務室", "機関区分": 2, "都道府県コード": 8, "市区町村コード": 442, "所在地": "茨城県稲敷郡美浦村信太２８４２－１特別養護老人ホームエミール", "緯度": 35.98869, "経度": 140.31204, "url": "https://www.iryou.teikyouseido.mhlw.go.jp/znk-web/juminkanja/S2430/initialize?prefCd=08&kikanCd=208760452&kikanKbn=2", "url2": "https://emiru-miho.jp", "内容": "社会福祉法人朱白会特別養護老人ホームエミール医務室【2:診療所】【診療科目:内科_整形外科】茨城県稲敷郡美浦村信太２８４２－１特別養護老人ホームエミール" }, "geometry": { "type": "Point", "coordinates": [ 140.31204, 35.98869 ] } },
{ "type": "Feature", "properties": { "ID": 82208760478, "正式名称": "社会福祉法人　牛久博愛会　地域密着型特別養護老人ホーム　フロンティア牛久　診療所", "機関区分": 2, "都道府県コード": 8, "市区町村コード": 219, "所在地": "茨城県牛久市柏田町１６１６－１", "緯度": 35.97779, "経度": 140.16283, "url": "https://www.iryou.teikyouseido.mhlw.go.jp/znk-web/juminkanja/S2430/initialize?prefCd=08&kikanCd=208760478&kikanKbn=2", "url2": null, "内容": "社会福祉法人　牛久博愛会　地域密着型特別養護老人ホーム　フロンティア牛久　診療所【2:診療所】【診療科目:内科_内科】茨城県牛久市柏田町１６１６－１" }, "geometry": { "type": "Point", "coordinates": [ 140.16283, 35.97779 ] } },
{ "type": "Feature", "properties": { "ID": 82208760771, "正式名称": "ひたち野うしく腎クリニック", "機関区分": 2, "都道府県コード": 8, "市区町村コード": 219, "所在地": "茨城県牛久市ひたち野西４－１１－２", "緯度": 36.0076896, "経度": 140.1504159, "url": "https://www.iryou.teikyouseido.mhlw.go.jp/znk-web/juminkanja/S2430/initialize?prefCd=08&kikanCd=208760771&kikanKbn=2", "url2": "https://hitachinoushikujin-cl.com", "内容": "ひたち野うしく腎クリニック【2:診療所】【診療科目:腎臓内科_人工透析内科】茨城県牛久市ひたち野西４－１１－２" }, "geometry": { "type": "Point", "coordinates": [ 140.150415900000013, 36.0076896 ] } },
{ "type": "Feature", "properties": { "ID": 82208760784, "正式名称": "齊藤皮膚科アレルギー科クリニック", "機関区分": 2, "都道府県コード": 8, "市区町村コード": 219, "所在地": "茨城県牛久市南１−６−４０−２０２", "緯度": 35.973261, "経度": 140.141405, "url": "https://www.iryou.teikyouseido.mhlw.go.jp/znk-web/juminkanja/S2430/initialize?prefCd=08&kikanCd=208760784&kikanKbn=2", "url2": "https://www.saito-sa-clinic.com/", "内容": "齊藤皮膚科アレルギー科クリニック【2:診療所】【診療科目:小児皮膚科_皮膚科_アレルギー科】茨城県牛久市南１−６−４０−２０２" }, "geometry": { "type": "Point", "coordinates": [ 140.141405, 35.973261 ] } },
{ "type": "Feature", "properties": { "ID": 82208760902, "正式名称": "あみ東クリニック", "機関区分": 2, "都道府県コード": 8, "市区町村コード": 443, "所在地": "茨城県稲敷郡阿見町吉原２６７２－１０", "緯度": 35.98533, "経度": 140.23299, "url": "https://www.iryou.teikyouseido.mhlw.go.jp/znk-web/juminkanja/S2430/initialize?prefCd=08&kikanCd=208760902&kikanKbn=2", "url2": "http://shunkoukai-cl.or.jp", "内容": "あみ東クリニック【2:診療所】【診療科目:内科_呼吸器内科_循環器内科_甲状腺科_血管外科_心臓血管外科_整形外科】茨城県稲敷郡阿見町吉原２６７２－１０" }, "geometry": { "type": "Point", "coordinates": [ 140.23299, 35.98533 ] } },
{ "type": "Feature", "properties": { "ID": 82208760999, "正式名称": "もりや心療内科クリニック", "機関区分": 2, "都道府県コード": 8, "市区町村コード": 224, "所在地": "茨城県守谷市中央４－１２－１プライズ守谷１－Ａ", "緯度": 35.949569, "経度": 139.991818, "url": "https://www.iryou.teikyouseido.mhlw.go.jp/znk-web/juminkanja/S2430/initialize?prefCd=08&kikanCd=208760999&kikanKbn=2", "url2": "https://moriya-psychosomatics.jp", "内容": "もりや心療内科クリニック【2:診療所】【診療科目:精神科_心療内科】茨城県守谷市中央４－１２－１プライズ守谷１－Ａ" }, "geometry": { "type": "Point", "coordinates": [ 139.991818, 35.949569 ] } },
{ "type": "Feature", "properties": { "ID": 82208761026, "正式名称": "牛久神谷内科クリニック", "機関区分": 2, "都道府県コード": 8, "市区町村コード": 219, "所在地": "茨城県牛久市神谷６－４１－２７", "緯度": 35.9633662, "経度": 140.1553853, "url": "https://www.iryou.teikyouseido.mhlw.go.jp/znk-web/juminkanja/S2430/initialize?prefCd=08&kikanCd=208761026&kikanKbn=2", "url2": null, "内容": "牛久神谷内科クリニック【2:診療所】【診療科目:内科_呼吸器内科】茨城県牛久市神谷６－４１－２７" }, "geometry": { "type": "Point", "coordinates": [ 140.1553853, 35.9633662 ] } },
{ "type": "Feature", "properties": { "ID": 82208761055, "正式名称": "阿見ぎぼクリニック", "機関区分": 2, "都道府県コード": 8, "市区町村コード": 443, "所在地": "茨城県稲敷郡阿見町鈴木４−１７０", "緯度": 36.024785, "経度": 140.215754, "url": "https://www.iryou.teikyouseido.mhlw.go.jp/znk-web/juminkanja/S2430/initialize?prefCd=08&kikanCd=208761055&kikanKbn=2", "url2": "https//ami-gibo.com", "内容": "阿見ぎぼクリニック【2:診療所】【診療科目:内科_内分泌内科_糖尿病・代謝内科_ペインクリニック内科_小児科_婦人科_麻酔科】茨城県稲敷郡阿見町鈴木４−１７０" }, "geometry": { "type": "Point", "coordinates": [ 140.215754, 36.024785 ] } },
{ "type": "Feature", "properties": { "ID": 82208761101, "正式名称": "あみ泌尿器科クリニック", "機関区分": 2, "都道府県コード": 8, "市区町村コード": 443, "所在地": "茨城県稲敷郡阿見町本郷２－３－１", "緯度": 36.025628, "経度": 140.183969, "url": "https://www.iryou.teikyouseido.mhlw.go.jp/znk-web/juminkanja/S2430/initialize?prefCd=08&kikanCd=208761101&kikanKbn=2", "url2": "https://ami-urology.jp/", "内容": "あみ泌尿器科クリニック【2:診療所】【診療科目:内科_性感染症内科_泌尿器科_小児泌尿器科_小児内分泌専門外来_美容皮膚科_皮膚泌尿器科_泌尿器科】茨城県稲敷郡阿見町本郷２－３－１" }, "geometry": { "type": "Point", "coordinates": [ 140.183969, 36.025628 ] } },
{ "type": "Feature", "properties": { "ID": 82208770093, "正式名称": "土浦泌尿器科クリニック", "機関区分": 2, "都道府県コード": 8, "市区町村コード": 203, "所在地": "茨城県土浦市中央１－７－１４", "緯度": 36.08209, "経度": 140.198933, "url": "https://www.iryou.teikyouseido.mhlw.go.jp/znk-web/juminkanja/S2430/initialize?prefCd=08&kikanCd=208770093&kikanKbn=2", "url2": "https://tsuchiura-clinic.com/", "内容": "土浦泌尿器科クリニック【2:診療所】【診療科目:内科_性感染症内科_泌尿器科】茨城県土浦市中央１－７－１４" }, "geometry": { "type": "Point", "coordinates": [ 140.198933, 36.08209 ] } },
{ "type": "Feature", "properties": { "ID": 82208770413, "正式名称": "医療法人社団輝会　のぞみクリニック", "機関区分": 2, "都道府県コード": 8, "市区町村コード": 203, "所在地": "茨城県土浦市荒川沖東３ー１２－２　コーポラス高野Ｂ棟１０１", "緯度": 36.030434, "経度": 140.16661, "url": "https://www.iryou.teikyouseido.mhlw.go.jp/znk-web/juminkanja/S2430/initialize?prefCd=08&kikanCd=208770413&kikanKbn=2", "url2": null, "内容": "医療法人社団輝会　のぞみクリニック【2:診療所】【診療科目:内科_皮膚科_精神科】茨城県土浦市荒川沖東３ー１２－２　コーポラス高野Ｂ棟１０１" }, "geometry": { "type": "Point", "coordinates": [ 140.16661, 36.030434 ] } },
{ "type": "Feature", "properties": { "ID": 82208770790, "正式名称": "かすみファミリークリニック", "機関区分": 2, "都道府県コード": 8, "市区町村コード": 203, "所在地": "茨城県土浦市乙戸１１－１１", "緯度": 36.035236, "経度": 140.144986, "url": "https://www.iryou.teikyouseido.mhlw.go.jp/znk-web/juminkanja/S2430/initialize?prefCd=08&kikanCd=208770790&kikanKbn=2", "url2": "https://kasumi-family.jp", "内容": "かすみファミリークリニック【2:診療所】【診療科目:内科_循環器内科_小児科_婦人科_泌尿器科】茨城県土浦市乙戸１１－１１" }, "geometry": { "type": "Point", "coordinates": [ 140.144986, 36.035236 ] } },
{ "type": "Feature", "properties": { "ID": 82208771061, "正式名称": "土浦たかはし眼科", "機関区分": 2, "都道府県コード": 8, "市区町村コード": 203, "所在地": "茨城県土浦市川口２－３－１５", "緯度": 36.080943, "経度": 140.209203, "url": "https://www.iryou.teikyouseido.mhlw.go.jp/znk-web/juminkanja/S2430/initialize?prefCd=08&kikanCd=208771061&kikanKbn=2", "url2": "https://tsuchiura-ganka.com", "内容": "土浦たかはし眼科【2:診療所】【診療科目:眼科】茨城県土浦市川口２－３－１５" }, "geometry": { "type": "Point", "coordinates": [ 140.209203, 36.080943 ] } },
{ "type": "Feature", "properties": { "ID": 82208780780, "正式名称": "筑西腎クリニック", "機関区分": 2, "都道府県コード": 8, "市区町村コード": 227, "所在地": "茨城県筑西市二木成１９２５", "緯度": 36.296944, "経度": 139.983056, "url": "https://www.iryou.teikyouseido.mhlw.go.jp/znk-web/juminkanja/S2430/initialize?prefCd=08&kikanCd=208780780&kikanKbn=2", "url2": "http://prjct-a.com", "内容": "筑西腎クリニック【2:診療所】【診療科目:循環器内科_腎臓内科_人工透析内科】茨城県筑西市二木成１９２５" }, "geometry": { "type": "Point", "coordinates": [ 139.983056, 36.296944 ] } },
{ "type": "Feature", "properties": { "ID": 82208781992, "正式名称": "あけの元気館前クリニック", "機関区分": 2, "都道府県コード": 8, "市区町村コード": 227, "所在地": "茨城県筑西市松原１５６４－５", "緯度": 36.247222, "経度": 140.028889, "url": "https://www.iryou.teikyouseido.mhlw.go.jp/znk-web/juminkanja/S2430/initialize?prefCd=08&kikanCd=208781992&kikanKbn=2", "url2": null, "内容": "あけの元気館前クリニック【2:診療所】【診療科目:内科_外科_小児科】茨城県筑西市松原１５６４－５" }, "geometry": { "type": "Point", "coordinates": [ 140.028889, 36.247222 ] } },
{ "type": "Feature", "properties": { "ID": 82208782856, "正式名称": "おおもりクリニック", "機関区分": 2, "都道府県コード": 8, "市区町村コード": 227, "所在地": "茨城県筑西市玉戸１０８０－１", "緯度": 36.29484, "経度": 139.93947, "url": "https://www.iryou.teikyouseido.mhlw.go.jp/znk-web/juminkanja/S2430/initialize?prefCd=08&kikanCd=208782856&kikanKbn=2", "url2": null, "内容": "おおもりクリニック【2:診療所】【診療科目:内科_消化器内科】茨城県筑西市玉戸１０８０－１" }, "geometry": { "type": "Point", "coordinates": [ 139.93947, 36.29484 ] } },
{ "type": "Feature", "properties": { "ID": 82208783534, "正式名称": "医療法人武井眼科医院", "機関区分": 2, "都道府県コード": 8, "市区町村コード": 227, "所在地": "茨城県筑西市二木成１５０８", "緯度": 36.296667, "経度": 139.984722, "url": "https://www.iryou.teikyouseido.mhlw.go.jp/znk-web/juminkanja/S2430/initialize?prefCd=08&kikanCd=208783534&kikanKbn=2", "url2": "www.takei-eyeclinic.com", "内容": "医療法人武井眼科医院【2:診療所】【診療科目:眼科】茨城県筑西市二木成１５０８" }, "geometry": { "type": "Point", "coordinates": [ 139.984722, 36.296667 ] } },
{ "type": "Feature", "properties": { "ID": 82208784081, "正式名称": "筑西診療所", "機関区分": 2, "都道府県コード": 8, "市区町村コード": 227, "所在地": "茨城県筑西市玉戸１６５８", "緯度": 36.29484, "経度": 139.93947, "url": "https://www.iryou.teikyouseido.mhlw.go.jp/znk-web/juminkanja/S2430/initialize?prefCd=08&kikanCd=208784081&kikanKbn=2", "url2": "www.iwmo.or.jp", "内容": "筑西診療所【2:診療所】【診療科目:内科_外科_消化器・移植外科】茨城県筑西市玉戸１６５８" }, "geometry": { "type": "Point", "coordinates": [ 139.93947, 36.29484 ] } },
{ "type": "Feature", "properties": { "ID": 82208785772, "正式名称": "吉原医院", "機関区分": 2, "都道府県コード": 8, "市区町村コード": 231, "所在地": "茨城県桜川市明日香２－３１", "緯度": 36.36467, "経度": 140.10927, "url": "https://www.iryou.teikyouseido.mhlw.go.jp/znk-web/juminkanja/S2430/initialize?prefCd=08&kikanCd=208785772&kikanKbn=2", "url2": "https://yoshihara-iin.jp", "内容": "吉原医院【2:診療所】【診療科目:内科_放射線科】茨城県桜川市明日香２－３１" }, "geometry": { "type": "Point", "coordinates": [ 140.10927, 36.36467 ] } },
{ "type": "Feature", "properties": { "ID": 82208785929, "正式名称": "医仁会　渡邉クリニック", "機関区分": 2, "都道府県コード": 8, "市区町村コード": 210, "所在地": "茨城県下妻市大串字富士５９８－１", "緯度": 36.1996, "経度": 139.97485, "url": "https://www.iryou.teikyouseido.mhlw.go.jp/znk-web/juminkanja/S2430/initialize?prefCd=08&kikanCd=208785929&kikanKbn=2", "url2": "https://www.ijinkaiwatanabeclinic.jp", "内容": "医仁会　渡邉クリニック【2:診療所】【診療科目:内科_腎臓内科_外科】茨城県下妻市大串字富士５９８－１" }, "geometry": { "type": "Point", "coordinates": [ 139.97485, 36.1996 ] } },
{ "type": "Feature", "properties": { "ID": 82208786027, "正式名称": "結城眼科", "機関区分": 2, "都道府県コード": 8, "市区町村コード": 207, "所在地": "茨城県結城市結城市結城７１８８－２０", "緯度": 36.30317, "経度": 139.87454, "url": "https://www.iryou.teikyouseido.mhlw.go.jp/znk-web/juminkanja/S2430/initialize?prefCd=08&kikanCd=208786027&kikanKbn=2", "url2": "https://yuuki-eye.com", "内容": "結城眼科【2:診療所】【診療科目:眼科】茨城県結城市結城市結城７１８８－２０" }, "geometry": { "type": "Point", "coordinates": [ 139.87454, 36.30317 ] } },
{ "type": "Feature", "properties": { "ID": 82208787503, "正式名称": "けんせいクリニック", "機関区分": 2, "都道府県コード": 8, "市区町村コード": 231, "所在地": "茨城県桜川市岩瀬２０７－１", "緯度": 36.358333, "経度": 140.104722, "url": "https://www.iryou.teikyouseido.mhlw.go.jp/znk-web/juminkanja/S2430/initialize?prefCd=08&kikanCd=208787503&kikanKbn=2", "url2": null, "内容": "けんせいクリニック【2:診療所】【診療科目:内科_神経内科_小児科_皮膚科_精神科_リハビリテーション科】茨城県桜川市岩瀬２０７－１" }, "geometry": { "type": "Point", "coordinates": [ 140.104722, 36.358333 ] } },
{ "type": "Feature", "properties": { "ID": 82208787877, "正式名称": "かわごえクリニック", "機関区分": 2, "都道府県コード": 8, "市区町村コード": 227, "所在地": "茨城県筑西市蓮沼１１２８−３", "緯度": 36.324091, "経度": 140.019177, "url": "https://www.iryou.teikyouseido.mhlw.go.jp/znk-web/juminkanja/S2430/initialize?prefCd=08&kikanCd=208787877&kikanKbn=2", "url2": "https://kawagoe-cl.jp", "内容": "かわごえクリニック【2:診療所】【診療科目:内科_糖尿病内科_呼吸器内科_循環器内科_小児科】茨城県筑西市蓮沼１１２８−３" }, "geometry": { "type": "Point", "coordinates": [ 140.019177, 36.324091 ] } },
{ "type": "Feature", "properties": { "ID": 82208788584, "正式名称": "ホームドクターひろせ　内科　循環器内科", "機関区分": 2, "都道府県コード": 8, "市区町村コード": 207, "所在地": "茨城県結城市下り松４－１－１", "緯度": 36.287481, "経度": 139.877221, "url": "https://www.iryou.teikyouseido.mhlw.go.jp/znk-web/juminkanja/S2430/initialize?prefCd=08&kikanCd=208788584&kikanKbn=2", "url2": "https://hd-hirose.com", "内容": "ホームドクターひろせ　内科　循環器内科【2:診療所】【診療科目:内科_循環器内科】茨城県結城市下り松４－１－１" }, "geometry": { "type": "Point", "coordinates": [ 139.877221, 36.287481 ] } },
{ "type": "Feature", "properties": { "ID": 82208788946, "正式名称": "アップルクリニック", "機関区分": 2, "都道府県コード": 8, "市区町村コード": 207, "所在地": "茨城県結城市結城８５３７ユーミーマルサン３０２", "緯度": 36.30317, "経度": 139.87454, "url": "https://www.iryou.teikyouseido.mhlw.go.jp/znk-web/juminkanja/S2430/initialize?prefCd=08&kikanCd=208788946&kikanKbn=2", "url2": null, "内容": "アップルクリニック【2:診療所】【診療科目:内科_皮膚科_精神科】茨城県結城市結城８５３７ユーミーマルサン３０２" }, "geometry": { "type": "Point", "coordinates": [ 139.87454, 36.30317 ] } },
{ "type": "Feature", "properties": { "ID": 82208790233, "正式名称": "須澤内科糖尿病医院", "機関区分": 2, "都道府県コード": 8, "市区町村コード": 211, "所在地": "茨城県常総市新石下３８９４－２", "緯度": 36.109665, "経度": 139.98083, "url": "https://www.iryou.teikyouseido.mhlw.go.jp/znk-web/juminkanja/S2430/initialize?prefCd=08&kikanCd=208790233&kikanKbn=2", "url2": null, "内容": "須澤内科糖尿病医院【2:診療所】【診療科目:内科_糖尿病内科】茨城県常総市新石下３８９４－２" }, "geometry": { "type": "Point", "coordinates": [ 139.98083, 36.109665 ] } },
{ "type": "Feature", "properties": { "ID": 82208791184, "正式名称": "坂入医院", "機関区分": 2, "都道府県コード": 8, "市区町村コード": 210, "所在地": "茨城県下妻市高道祖５６８３－１", "緯度": 36.184444, "経度": 140.008611, "url": "https://www.iryou.teikyouseido.mhlw.go.jp/znk-web/juminkanja/S2430/initialize?prefCd=08&kikanCd=208791184&kikanKbn=2", "url2": "http://www.sakairi-clinic.or.jp/", "内容": "坂入医院【2:診療所】【診療科目:内科_循環器内科_消化器内科_腎臓内科_神経内科_精神科_心療内科】茨城県下妻市高道祖５６８３－１" }, "geometry": { "type": "Point", "coordinates": [ 140.008611, 36.184444 ] } },
{ "type": "Feature", "properties": { "ID": 82208791461, "正式名称": "つむぎ在宅クリニック", "機関区分": 2, "都道府県コード": 8, "市区町村コード": 210, "所在地": "茨城県下妻市下妻丙３９９－１", "緯度": 36.193473, "経度": 139.959657, "url": "https://www.iryou.teikyouseido.mhlw.go.jp/znk-web/juminkanja/S2430/initialize?prefCd=08&kikanCd=208791461&kikanKbn=2", "url2": "http://www.tsumugi-clinic.com/", "内容": "つむぎ在宅クリニック【2:診療所】【診療科目:内科_呼吸器内科_外科】茨城県下妻市下妻丙３９９－１" }, "geometry": { "type": "Point", "coordinates": [ 139.959657, 36.193473 ] } },
{ "type": "Feature", "properties": { "ID": 82208800442, "正式名称": "いとが眼科", "機関区分": 2, "都道府県コード": 8, "市区町村コード": 546, "所在地": "茨城県猿島郡境町境町１７８−１２", "緯度": 36.105278, "経度": 139.798056, "url": "https://www.iryou.teikyouseido.mhlw.go.jp/znk-web/juminkanja/S2430/initialize?prefCd=08&kikanCd=208800442&kikanKbn=2", "url2": "http://www.itoga-eye.jp/", "内容": "いとが眼科【2:診療所】【診療科目:眼科】茨城県猿島郡境町境町１７８−１２" }, "geometry": { "type": "Point", "coordinates": [ 139.798056, 36.105278 ] } },
{ "type": "Feature", "properties": { "ID": 82208801465, "正式名称": "医療法人社団あかおぎ整形外科クリニック", "機関区分": 2, "都道府県コード": 8, "市区町村コード": 546, "所在地": "茨城県猿島郡境町大字上小橋７９－７", "緯度": 36.114167, "経度": 139.805, "url": "https://www.iryou.teikyouseido.mhlw.go.jp/znk-web/juminkanja/S2430/initialize?prefCd=08&kikanCd=208801465&kikanKbn=2", "url2": "https://www.akaogi-orthop.com", "内容": "医療法人社団あかおぎ整形外科クリニック【2:診療所】【診療科目:整形外科】茨城県猿島郡境町大字上小橋７９－７" }, "geometry": { "type": "Point", "coordinates": [ 139.805, 36.114167 ] } },
{ "type": "Feature", "properties": { "ID": 82208802169, "正式名称": "医療法人社団尽徳会　県西在宅クリニック", "機関区分": 2, "都道府県コード": 8, "市区町村コード": 204, "所在地": "茨城県古河市関戸１６３５", "緯度": 36.188889, "経度": 139.755833, "url": "https://www.iryou.teikyouseido.mhlw.go.jp/znk-web/juminkanja/S2430/initialize?prefCd=08&kikanCd=208802169&kikanKbn=2", "url2": "http://jintoku.net/", "内容": "医療法人社団尽徳会　県西在宅クリニック【2:診療所】【診療科目:内科_内分泌内科_アレルギー疾患内科_皮膚科_精神科_心療内科_アレルギー科】茨城県古河市関戸１６３５" }, "geometry": { "type": "Point", "coordinates": [ 139.755833, 36.188889 ] } },
{ "type": "Feature", "properties": { "ID": 82208803469, "正式名称": "こが小児科クリニック", "機関区分": 2, "都道府県コード": 8, "市区町村コード": 204, "所在地": "茨城県古河市仁連１０５７－４", "緯度": 36.186967, "経度": 139.804813, "url": "https://www.iryou.teikyouseido.mhlw.go.jp/znk-web/juminkanja/S2430/initialize?prefCd=08&kikanCd=208803469&kikanKbn=2", "url2": "http://koga-pediatric-clinic.com/", "内容": "こが小児科クリニック【2:診療所】【診療科目:内科_小児科】茨城県古河市仁連１０５７－４" }, "geometry": { "type": "Point", "coordinates": [ 139.804813, 36.186967 ] } },
{ "type": "Feature", "properties": { "ID": 82208803775, "正式名称": "よしたけ内科・消化器外科クリニック", "機関区分": 2, "都道府県コード": 8, "市区町村コード": 204, "所在地": "茨城県古河市下辺見２０４３－１", "緯度": 36.187732, "経度": 139.725286, "url": "https://www.iryou.teikyouseido.mhlw.go.jp/znk-web/juminkanja/S2430/initialize?prefCd=08&kikanCd=208803775&kikanKbn=2", "url2": "https://yoshitake-syoukaki-clinic.com/", "内容": "よしたけ内科・消化器外科クリニック【2:診療所】【診療科目:内科_消化器内科_外科】茨城県古河市下辺見２０４３－１" }, "geometry": { "type": "Point", "coordinates": [ 139.725286, 36.187732 ] } },
{ "type": "Feature", "properties": { "ID": 82208803951, "正式名称": "島崎内科クリニック", "機関区分": 2, "都道府県コード": 8, "市区町村コード": 204, "所在地": "茨城県古河市関戸１５８７－８８", "緯度": 36.193619, "経度": 139.755222, "url": "https://www.iryou.teikyouseido.mhlw.go.jp/znk-web/juminkanja/S2430/initialize?prefCd=08&kikanCd=208803951&kikanKbn=2", "url2": "https://www.shimazaki-koga.com/", "内容": "島崎内科クリニック【2:診療所】【診療科目:内科_消化器内科_アレルギー科】茨城県古河市関戸１５８７－８８" }, "geometry": { "type": "Point", "coordinates": [ 139.755222, 36.193619 ] } },
{ "type": "Feature", "properties": { "ID": 82208810009, "正式名称": "せせらぎ在宅クリニック", "機関区分": 2, "都道府県コード": 8, "市区町村コード": 220, "所在地": "茨城県つくば市大角豆２０１２－７２", "緯度": 36.048056, "経度": 140.144722, "url": "https://www.iryou.teikyouseido.mhlw.go.jp/znk-web/juminkanja/S2430/initialize?prefCd=08&kikanCd=208810009&kikanKbn=2", "url2": "http://seseragicl.com", "内容": "せせらぎ在宅クリニック【2:診療所】【診療科目:内科_ペインクリニック外科_麻酔科】茨城県つくば市大角豆２０１２－７２" }, "geometry": { "type": "Point", "coordinates": [ 140.144722, 36.048056 ] } },
{ "type": "Feature", "properties": { "ID": 82208810025, "正式名称": "なないろスキンクリニック", "機関区分": 2, "都道府県コード": 8, "市区町村コード": 220, "所在地": "茨城県つくば市手代木１８９３－５", "緯度": 36.061334, "経度": 140.108994, "url": "https://www.iryou.teikyouseido.mhlw.go.jp/znk-web/juminkanja/S2430/initialize?prefCd=08&kikanCd=208810025&kikanKbn=2", "url2": null, "内容": "なないろスキンクリニック【2:診療所】【診療科目:美容皮膚科】茨城県つくば市手代木１８９３－５" }, "geometry": { "type": "Point", "coordinates": [ 140.108994, 36.061334 ] } },
{ "type": "Feature", "properties": { "ID": 82208810041, "正式名称": "しまだ　みみ・はな・のど　クリニック", "機関区分": 2, "都道府県コード": 8, "市区町村コード": 220, "所在地": "茨城県つくば市島名２８９９－２（万博公園西Ｆ２７街区４）", "緯度": 36.06093, "経度": 140.0459, "url": "https://www.iryou.teikyouseido.mhlw.go.jp/znk-web/juminkanja/S2430/initialize?prefCd=08&kikanCd=208810041&kikanKbn=2", "url2": "https://www.shimada-ent-clinic.com/", "内容": "しまだ　みみ・はな・のど　クリニック【2:診療所】【診療科目:耳鼻いんこう科】茨城県つくば市島名２８９９－２（万博公園西Ｆ２７街区４）" }, "geometry": { "type": "Point", "coordinates": [ 140.0459, 36.06093 ] } },
{ "type": "Feature", "properties": { "ID": 82208810070, "正式名称": "おおつか内科クリニック　消化器内科・腎臓内科", "機関区分": 2, "都道府県コード": 8, "市区町村コード": 220, "所在地": "茨城県つくば市梅園２－２０－９", "緯度": 36.0565118, "経度": 140.1395601, "url": "https://www.iryou.teikyouseido.mhlw.go.jp/znk-web/juminkanja/S2430/initialize?prefCd=08&kikanCd=208810070&kikanKbn=2", "url2": "https://otsukanaika.jp", "内容": "おおつか内科クリニック　消化器内科・腎臓内科【2:診療所】【診療科目:内科_消化器内科_腎臓内科】茨城県つくば市梅園２－２０－９" }, "geometry": { "type": "Point", "coordinates": [ 140.139560100000011, 36.0565118 ] } },
{ "type": "Feature", "properties": { "ID": 82208810083, "正式名称": "がじゅまるクリニックつくば", "機関区分": 2, "都道府県コード": 8, "市区町村コード": 220, "所在地": "茨城県つくば市みどりの中央６７－７", "緯度": 36.023555, "経度": 140.062407, "url": "https://www.iryou.teikyouseido.mhlw.go.jp/znk-web/juminkanja/S2430/initialize?prefCd=08&kikanCd=208810083&kikanKbn=2", "url2": "https://gajumaru-clinic-tsukuba.jp/", "内容": "がじゅまるクリニックつくば【2:診療所】【診療科目:内科_感染症内科_呼吸器内科_アレルギー科】茨城県つくば市みどりの中央６７－７" }, "geometry": { "type": "Point", "coordinates": [ 140.062407, 36.023555 ] } },
{ "type": "Feature", "properties": { "ID": 82208810399, "正式名称": "むらした内科クリニック", "機関区分": 2, "都道府県コード": 8, "市区町村コード": 220, "所在地": "茨城県つくば市みどりの東１２－７", "緯度": 36.013804, "経度": 140.066848, "url": "https://www.iryou.teikyouseido.mhlw.go.jp/znk-web/juminkanja/S2430/initialize?prefCd=08&kikanCd=208810399&kikanKbn=2", "url2": "http://murashita-clinic.jp/", "内容": "むらした内科クリニック【2:診療所】【診療科目:内科_消化器内科】茨城県つくば市みどりの東１２－７" }, "geometry": { "type": "Point", "coordinates": [ 140.066848, 36.013804 ] } },
{ "type": "Feature", "properties": { "ID": 82208810445, "正式名称": "つくば公園前ファミリークリニック", "機関区分": 2, "都道府県コード": 8, "市区町村コード": 220, "所在地": "茨城県つくば市水堀４８５－１", "緯度": 36.061389, "経度": 140.072778, "url": "https://www.iryou.teikyouseido.mhlw.go.jp/znk-web/juminkanja/S2430/initialize?prefCd=08&kikanCd=208810445&kikanKbn=2", "url2": "https://famireha.com/", "内容": "つくば公園前ファミリークリニック【2:診療所】【診療科目:整形外科_リハビリテーション科】茨城県つくば市水堀４８５－１" }, "geometry": { "type": "Point", "coordinates": [ 140.072778, 36.061389 ] } },
{ "type": "Feature", "properties": { "ID": 82208810474, "正式名称": "つくばウロケアクリニック", "機関区分": 2, "都道府県コード": 8, "市区町村コード": 220, "所在地": "茨城県つくば市春日３－１－１つくばクリニックセンタービル４Ｆ", "緯度": 36.091893, "経度": 140.099717, "url": "https://www.iryou.teikyouseido.mhlw.go.jp/znk-web/juminkanja/S2430/initialize?prefCd=08&kikanCd=208810474&kikanKbn=2", "url2": "https://tsukuba-urocare.com", "内容": "つくばウロケアクリニック【2:診療所】【診療科目:漢方内科_泌尿器科_女性泌尿器科】茨城県つくば市春日３－１－１つくばクリニックセンタービル４Ｆ" }, "geometry": { "type": "Point", "coordinates": [ 140.099717, 36.091893 ] } },
{ "type": "Feature", "properties": { "ID": 82208810487, "正式名称": "Ｂ－ｌｅａｆメディカル内科小児科クリニック", "機関区分": 2, "都道府県コード": 8, "市区町村コード": 220, "所在地": "茨城県つくば市小野崎４４６ー１", "緯度": 36.073874, "経度": 140.109713, "url": "https://www.iryou.teikyouseido.mhlw.go.jp/znk-web/juminkanja/S2430/initialize?prefCd=08&kikanCd=208810487&kikanKbn=2", "url2": "https://www.b-leaf-clinic.com/", "内容": "Ｂ－ｌｅａｆメディカル内科小児科クリニック【2:診療所】【診療科目:内科_小児科】茨城県つくば市小野崎４４６ー１" }, "geometry": { "type": "Point", "coordinates": [ 140.109713, 36.073874 ] } },
{ "type": "Feature", "properties": { "ID": 82208810546, "正式名称": "つくば心臓血管内科　メイクリニック", "機関区分": 2, "都道府県コード": 8, "市区町村コード": 220, "所在地": "茨城県つくば市下広岡１０５５－２８０", "緯度": 36.052492, "経度": 140.147513, "url": "https://www.iryou.teikyouseido.mhlw.go.jp/znk-web/juminkanja/S2430/initialize?prefCd=08&kikanCd=208810546&kikanKbn=2", "url2": "https://mei-clinic.jp/", "内容": "つくば心臓血管内科　メイクリニック【2:診療所】【診療科目:内科_循環器内科_皮膚科_リハビリテーション科】茨城県つくば市下広岡１０５５－２８０" }, "geometry": { "type": "Point", "coordinates": [ 140.147513, 36.052492 ] } },
{ "type": "Feature", "properties": { "ID": 82208810605, "正式名称": "つくば平山クリニック", "機関区分": 2, "都道府県コード": 8, "市区町村コード": 220, "所在地": "茨城県つくば市花室８３６－２", "緯度": 36.088247, "経度": 140.131113, "url": "https://www.iryou.teikyouseido.mhlw.go.jp/znk-web/juminkanja/S2430/initialize?prefCd=08&kikanCd=208810605&kikanKbn=2", "url2": "https://www.298kampo.com/", "内容": "つくば平山クリニック【2:診療所】【診療科目:内科_循環器内科_腎臓内科_漢方内科_アレルギー疾患内科】茨城県つくば市花室８３６－２" }, "geometry": { "type": "Point", "coordinates": [ 140.131113, 36.088247 ] } },
{ "type": "Feature", "properties": { "ID": 82208810663, "正式名称": "つくば消化器・内視鏡クリニック", "機関区分": 2, "都道府県コード": 8, "市区町村コード": 220, "所在地": "茨城県つくば市春日３－１－１つくばクリニックセンタービル３階", "緯度": 36.0918937, "経度": 140.099717, "url": "https://www.iryou.teikyouseido.mhlw.go.jp/znk-web/juminkanja/S2430/initialize?prefCd=08&kikanCd=208810663&kikanKbn=2", "url2": null, "内容": "つくば消化器・内視鏡クリニック【2:診療所】【診療科目:内科_消化器内科_胃腸内科】茨城県つくば市春日３－１－１つくばクリニックセンタービル３階" }, "geometry": { "type": "Point", "coordinates": [ 140.099717, 36.0918937 ] } },
{ "type": "Feature", "properties": { "ID": 82208810807, "正式名称": "つくばウェルネス整形外科", "機関区分": 2, "都道府県コード": 8, "市区町村コード": 220, "所在地": "茨城県つくば市大角豆字名兵２０１１番５４", "緯度": 36.051669, "経度": 140.138745, "url": "https://www.iryou.teikyouseido.mhlw.go.jp/znk-web/juminkanja/S2430/initialize?prefCd=08&kikanCd=208810807&kikanKbn=2", "url2": "https://tsukuba-wellness.com/", "内容": "つくばウェルネス整形外科【2:診療所】【診療科目:整形外科_リハビリテーション科】茨城県つくば市大角豆字名兵２０１１番５４" }, "geometry": { "type": "Point", "coordinates": [ 140.138745, 36.051669 ] } },
{ "type": "Feature", "properties": { "ID": 82208810953, "正式名称": "国際ハートスリープクリニックーつくば", "機関区分": 2, "都道府県コード": 8, "市区町村コード": 220, "所在地": "茨城県つくば市西平塚１０４－１", "緯度": 36.101387, "経度": 140.08772, "url": "https://www.iryou.teikyouseido.mhlw.go.jp/znk-web/juminkanja/S2430/initialize?prefCd=08&kikanCd=208810953&kikanKbn=2", "url2": null, "内容": "国際ハートスリープクリニックーつくば【2:診療所】【診療科目:循環器内科_心臓内科_心臓血管内科_心臓血管外科】茨城県つくば市西平塚１０４－１" }, "geometry": { "type": "Point", "coordinates": [ 140.08772, 36.101387 ] } },
{ "type": "Feature", "properties": { "ID": 82208810979, "正式名称": "ふかや内科リウマチクリニック", "機関区分": 2, "都道府県コード": 8, "市区町村コード": 220, "所在地": "茨城県つくば市谷田部８７２番地（陣場Ｇ１７街区１）ＨＧ陣場ビル２０１", "緯度": 36.036861, "経度": 140.062768, "url": "https://www.iryou.teikyouseido.mhlw.go.jp/znk-web/juminkanja/S2430/initialize?prefCd=08&kikanCd=208810979&kikanKbn=2", "url2": "https://fukaya-clinic.com/", "内容": "ふかや内科リウマチクリニック【2:診療所】【診療科目:内科_膠原病内科_アレルギー科_リウマチ科】茨城県つくば市谷田部８７２番地（陣場Ｇ１７街区１）ＨＧ陣場ビル２０１" }, "geometry": { "type": "Point", "coordinates": [ 140.062768, 36.036861 ] } },
{ "type": "Feature", "properties": { "ID": 82208810982, "正式名称": "つくばダイアローグハウス", "機関区分": 2, "都道府県コード": 8, "市区町村コード": 220, "所在地": "茨城県つくば市要２９０", "緯度": 36.111645, "経度": 140.087, "url": "https://www.iryou.teikyouseido.mhlw.go.jp/znk-web/juminkanja/S2430/initialize?prefCd=08&kikanCd=208810982&kikanKbn=2", "url2": null, "内容": "つくばダイアローグハウス【2:診療所】【診療科目:精神科_心療内科】茨城県つくば市要２９０" }, "geometry": { "type": "Point", "coordinates": [ 140.087, 36.111645 ] } },
{ "type": "Feature", "properties": { "ID": 82208811543, "正式名称": "飯村医院", "機関区分": 2, "都道府県コード": 8, "市区町村コード": 220, "所在地": "茨城県つくば市北条", "緯度": 36.177685, "経度": 140.093432, "url": "https://www.iryou.teikyouseido.mhlw.go.jp/znk-web/juminkanja/S2430/initialize?prefCd=08&kikanCd=208811543&kikanKbn=2", "url2": "https://iimura-cl.com", "内容": "飯村医院【2:診療所】【診療科目:内科_糖尿病内科_呼吸器内科_緩和ケア内科_小児科】茨城県つくば市北条" }, "geometry": { "type": "Point", "coordinates": [ 140.093432, 36.177685 ] } },
{ "type": "Feature", "properties": { "ID": 82208830672, "正式名称": "ともべ内科クリニック", "機関区分": 2, "都道府県コード": 8, "市区町村コード": 216, "所在地": "茨城県笠間市東平３丁目１－２１", "緯度": 36.3496601, "経度": 140.3160836, "url": "https://www.iryou.teikyouseido.mhlw.go.jp/znk-web/juminkanja/S2430/initialize?prefCd=08&kikanCd=208830672&kikanKbn=2", "url2": "www.tomobe-cl.jp", "内容": "ともべ内科クリニック【2:診療所】【診療科目:内科】茨城県笠間市東平３丁目１－２１" }, "geometry": { "type": "Point", "coordinates": [ 140.316083600000013, 36.3496601 ] } },
{ "type": "Feature", "properties": { "ID": 82222222222, "正式名称": "地域密着型特別養護老人ホーム鼎の郷", "機関区分": 2, "都道府県コード": 8, "市区町村コード": 447, "所在地": "茨城県稲敷郡河内町金江津７５０１－２", "緯度": 35.88528, "経度": 140.33522, "url": "https://www.iryou.teikyouseido.mhlw.go.jp/znk-web/juminkanja/S2430/initialize?prefCd=08&kikanCd=222222222&kikanKbn=2", "url2": null, "内容": "地域密着型特別養護老人ホーム鼎の郷【2:診療所】【診療科目:内科_精神科】茨城県稲敷郡河内町金江津７５０１－２" }, "geometry": { "type": "Point", "coordinates": [ 140.33522, 35.88528 ] } },
{ "type": "Feature", "properties": { "ID": 823010055, "正式名称": "朝倉診療所", "機関区分": 2, "都道府県コード": 8, "市区町村コード": 233, "所在地": "茨城県行方市麻生１１１０－１", "緯度": 36.01168, "経度": 140.49606, "url": "https://www.iryou.teikyouseido.mhlw.go.jp/znk-web/juminkanja/S2430/initialize?prefCd=08&kikanCd=3010055&kikanKbn=2", "url2": null, "内容": "朝倉診療所【2:診療所】【診療科目:内科_糖尿病内科_循環器内科_消化器内科_皮膚科】茨城県行方市麻生１１１０－１" }, "geometry": { "type": "Point", "coordinates": [ 140.49606, 36.01168 ] } }
]
}
