{
"type": "FeatureCollection",
"name": "geo_8_5",
"crs": { "type": "name", "properties": { "name": "urn:ogc:def:crs:OGC:1.3:CRS84" } },
"features": [
{ "type": "Feature", "properties": { "ID": 850001502, "正式名称": "ウエルシア薬局水戸吉沢店", "機関区分": 5, "都道府県コード": 8, "市区町村コード": 201, "所在地": "茨城県水戸市吉沢町３１８－１", "緯度": 36.328765, "経度": 140.458023, "url": "https://www.iryou.teikyouseido.mhlw.go.jp/znk-web/juminkanja/S2430/initialize?prefCd=08&kikanCd=0001502&kikanKbn=nan", "url2": null, "内容": "ウエルシア薬局水戸吉沢店0茨城県水戸市吉沢町３１８－１" }, "geometry": { "type": "Point", "coordinates": [ 140.458023, 36.328765 ] } },
{ "type": "Feature", "properties": { "ID": 850001503, "正式名称": "ウエルシア薬局水戸城東店", "機関区分": 5, "都道府県コード": 8, "市区町村コード": 201, "所在地": "茨城県水戸市城東１－９－１１", "緯度": 36.3714863, "経度": 140.4875544, "url": "https://www.iryou.teikyouseido.mhlw.go.jp/znk-web/juminkanja/S2430/initialize?prefCd=08&kikanCd=0001503&kikanKbn=nan", "url2": "https://store.welcia.co.jp/welcia/spot/detail?code=1430D", "内容": "ウエルシア薬局水戸城東店0茨城県水戸市城東１－９－１１" }, "geometry": { "type": "Point", "coordinates": [ 140.4875544, 36.3714863 ] } },
{ "type": "Feature", "properties": { "ID": 850001505, "正式名称": "アルテ薬局大串店", "機関区分": 5, "都道府県コード": 8, "市区町村コード": 201, "所在地": "茨城県水戸市大串町４７３－１", "緯度": 36.332517, "経度": 140.539408, "url": "https://www.iryou.teikyouseido.mhlw.go.jp/znk-web/juminkanja/S2430/initialize?prefCd=08&kikanCd=0001505&kikanKbn=nan", "url2": "https://peraichi.com/landing_pages/view/alte-pharmacy/", "内容": "アルテ薬局大串店0茨城県水戸市大串町４７３－１" }, "geometry": { "type": "Point", "coordinates": [ 140.539408, 36.332517 ] } },
{ "type": "Feature", "properties": { "ID": 850001511, "正式名称": "アクア薬局　東前店", "機関区分": 5, "都道府県コード": 8, "市区町村コード": 201, "所在地": "茨城県水戸市東前１丁目２０３番地", "緯度": 36.341264, "経度": 140.532624, "url": "https://www.iryou.teikyouseido.mhlw.go.jp/znk-web/juminkanja/S2430/initialize?prefCd=08&kikanCd=0001511&kikanKbn=nan", "url2": "https://www.aqua-mito.jp", "内容": "アクア薬局　東前店0茨城県水戸市東前１丁目２０３番地" }, "geometry": { "type": "Point", "coordinates": [ 140.532624, 36.341264 ] } },
{ "type": "Feature", "properties": { "ID": 850001513, "正式名称": "みすず薬局西原店", "機関区分": 5, "都道府県コード": 8, "市区町村コード": 201, "所在地": "茨城県水戸市西原１－６－５", "緯度": 36.387021, "経度": 140.4402, "url": "https://www.iryou.teikyouseido.mhlw.go.jp/znk-web/juminkanja/S2430/initialize?prefCd=08&kikanCd=0001513&kikanKbn=nan", "url2": "https://www.lifeaid-misuzu.co.jp/branch/%e8%a5%bf%e5%8e%9f%e5%ba%97/", "内容": "みすず薬局西原店0茨城県水戸市西原１－６－５" }, "geometry": { "type": "Point", "coordinates": [ 140.4402, 36.387021 ] } },
{ "type": "Feature", "properties": { "ID": 850001514, "正式名称": "チカクノ薬局", "機関区分": 5, "都道府県コード": 8, "市区町村コード": 201, "所在地": "茨城県水戸市城東１ー３ー８　イソラヴェラ１ーＢ", "緯度": 36.370269, "経度": 140.487561, "url": "https://www.iryou.teikyouseido.mhlw.go.jp/znk-web/juminkanja/S2430/initialize?prefCd=08&kikanCd=0001514&kikanKbn=nan", "url2": "https://oncopharmapro.com", "内容": "チカクノ薬局0茨城県水戸市城東１ー３ー８　イソラヴェラ１ーＢ" }, "geometry": { "type": "Point", "coordinates": [ 140.487561, 36.370269 ] } },
{ "type": "Feature", "properties": { "ID": 850001515, "正式名称": "ケイアイファーマシー御茶園店", "機関区分": 5, "都道府県コード": 8, "市区町村コード": 201, "所在地": "茨城県水戸市千波町２２３－４", "緯度": 36.36116, "経度": 140.461754, "url": "https://www.iryou.teikyouseido.mhlw.go.jp/znk-web/juminkanja/S2430/initialize?prefCd=08&kikanCd=0001515&kikanKbn=nan", "url2": "https://www.ki-pharmacy.com", "内容": "ケイアイファーマシー御茶園店0茨城県水戸市千波町２２３－４" }, "geometry": { "type": "Point", "coordinates": [ 140.461754, 36.36116 ] } },
{ "type": "Feature", "properties": { "ID": 850001516, "正式名称": "あおい薬局", "機関区分": 5, "都道府県コード": 8, "市区町村コード": 201, "所在地": "茨城県水戸市城南一丁目３－３２イディアビル３Ｆ", "緯度": 36.366896, "経度": 140.473543, "url": "https://www.iryou.teikyouseido.mhlw.go.jp/znk-web/juminkanja/S2430/initialize?prefCd=08&kikanCd=0001516&kikanKbn=nan", "url2": null, "内容": "あおい薬局0茨城県水戸市城南一丁目３－３２イディアビル３Ｆ" }, "geometry": { "type": "Point", "coordinates": [ 140.473543, 36.366896 ] } },
{ "type": "Feature", "properties": { "ID": 851000002618, "正式名称": "Ｙ・Ａ　薬　局", "機関区分": 5, "都道府県コード": 8, "市区町村コード": 232, "所在地": "茨城県神栖市矢田部７８０１－３０", "緯度": 35.780594, "経度": 140.772669, "url": "https://www.iryou.teikyouseido.mhlw.go.jp/znk-web/juminkanja/S2430/initialize?prefCd=08&kikanCd=1000002618&kikanKbn=nan", "url2": "https://www.ya-pharmacy.com", "内容": "Ｙ・Ａ　薬　局0茨城県神栖市矢田部７８０１－３０" }, "geometry": { "type": "Point", "coordinates": [ 140.772669, 35.780594 ] } },
{ "type": "Feature", "properties": { "ID": 851000002620, "正式名称": "中央薬局", "機関区分": 5, "都道府県コード": 8, "市区町村コード": 232, "所在地": "茨城県神栖市土合本町１－９０８２－５", "緯度": 35.786591, "経度": 140.781377, "url": "https://www.iryou.teikyouseido.mhlw.go.jp/znk-web/juminkanja/S2430/initialize?prefCd=08&kikanCd=1000002620&kikanKbn=nan", "url2": null, "内容": "中央薬局0茨城県神栖市土合本町１－９０８２－５" }, "geometry": { "type": "Point", "coordinates": [ 140.781377, 35.786591 ] } },
{ "type": "Feature", "properties": { "ID": 851000002627, "正式名称": "香取薬局", "機関区分": 5, "都道府県コード": 8, "市区町村コード": 564, "所在地": "茨城県北相馬郡利根町布川３０８１－１１", "緯度": 35.855718, "経度": 140.143797, "url": "https://www.iryou.teikyouseido.mhlw.go.jp/znk-web/juminkanja/S2430/initialize?prefCd=08&kikanCd=1000002627&kikanKbn=nan", "url2": null, "内容": "香取薬局0茨城県北相馬郡利根町布川３０８１－１１" }, "geometry": { "type": "Point", "coordinates": [ 140.143797, 35.855718 ] } },
{ "type": "Feature", "properties": { "ID": 851000002628, "正式名称": "利根町薬局", "機関区分": 5, "都道府県コード": 8, "市区町村コード": 564, "所在地": "茨城県北相馬郡利根町福木字北裏１５", "緯度": 35.861744, "経度": 140.16599, "url": "https://www.iryou.teikyouseido.mhlw.go.jp/znk-web/juminkanja/S2430/initialize?prefCd=08&kikanCd=1000002628&kikanKbn=nan", "url2": null, "内容": "利根町薬局0茨城県北相馬郡利根町福木字北裏１５" }, "geometry": { "type": "Point", "coordinates": [ 140.16599, 35.861744 ] } },
{ "type": "Feature", "properties": { "ID": 851000002632, "正式名称": "森の薬局", "機関区分": 5, "都道府県コード": 8, "市区町村コード": 217, "所在地": "茨城県取手市下高井２３３３－６", "緯度": 35.925756, "経度": 140.027449, "url": "https://www.iryou.teikyouseido.mhlw.go.jp/znk-web/juminkanja/S2430/initialize?prefCd=08&kikanCd=1000002632&kikanKbn=nan", "url2": null, "内容": "森の薬局0茨城県取手市下高井２３３３－６" }, "geometry": { "type": "Point", "coordinates": [ 140.027449, 35.925756 ] } },
{ "type": "Feature", "properties": { "ID": 851000002633, "正式名称": "ふれあい薬局", "機関区分": 5, "都道府県コード": 8, "市区町村コード": 217, "所在地": "茨城県取手市戸頭１－８－１９", "緯度": 35.919123, "経度": 140.012487, "url": "https://www.iryou.teikyouseido.mhlw.go.jp/znk-web/juminkanja/S2430/initialize?prefCd=08&kikanCd=1000002633&kikanKbn=nan", "url2": "https://www.e-bondh.jp/", "内容": "ふれあい薬局0茨城県取手市戸頭１－８－１９" }, "geometry": { "type": "Point", "coordinates": [ 140.012487, 35.919123 ] } },
{ "type": "Feature", "properties": { "ID": 851000002634, "正式名称": "ひまわり薬局", "機関区分": 5, "都道府県コード": 8, "市区町村コード": 217, "所在地": "茨城県取手市戸頭６－２２－３", "緯度": 35.927799, "経度": 140.011798, "url": "https://www.iryou.teikyouseido.mhlw.go.jp/znk-web/juminkanja/S2430/initialize?prefCd=08&kikanCd=1000002634&kikanKbn=nan", "url2": "http://www.ken-ei.co.jp", "内容": "ひまわり薬局0茨城県取手市戸頭６－２２－３" }, "geometry": { "type": "Point", "coordinates": [ 140.011798, 35.927799 ] } },
{ "type": "Feature", "properties": { "ID": 851000002636, "正式名称": "アスカ薬局", "機関区分": 5, "都道府県コード": 8, "市区町村コード": 217, "所在地": "茨城県取手市戸頭６－３１－９ビルドタカ１Ｆ", "緯度": 35.929186, "経度": 140.012139, "url": "https://www.iryou.teikyouseido.mhlw.go.jp/znk-web/juminkanja/S2430/initialize?prefCd=08&kikanCd=1000002636&kikanKbn=nan", "url2": "http://www.p-nakayama.com/shop/tenpo/asuka/index.htm", "内容": "アスカ薬局0茨城県取手市戸頭６－３１－９ビルドタカ１Ｆ" }, "geometry": { "type": "Point", "coordinates": [ 140.012139, 35.929186 ] } },
{ "type": "Feature", "properties": { "ID": 851000002643, "正式名称": "ダリヤ桜が丘薬局", "機関区分": 5, "都道府県コード": 8, "市区町村コード": 217, "所在地": "茨城県取手市桜が丘１－２－２", "緯度": 35.907629, "経度": 140.124839, "url": "https://www.iryou.teikyouseido.mhlw.go.jp/znk-web/juminkanja/S2430/initialize?prefCd=08&kikanCd=1000002643&kikanKbn=nan", "url2": "http://www.withs.co.jp/", "内容": "ダリヤ桜が丘薬局0茨城県取手市桜が丘１－２－２" }, "geometry": { "type": "Point", "coordinates": [ 140.124839, 35.907629 ] } },
{ "type": "Feature", "properties": { "ID": 851000002647, "正式名称": "共栄堂薬局", "機関区分": 5, "都道府県コード": 8, "市区町村コード": 208, "所在地": "茨城県龍ケ崎市小通幸谷町４４４－２", "緯度": 35.922222, "経度": 140.141667, "url": "https://www.iryou.teikyouseido.mhlw.go.jp/znk-web/juminkanja/S2430/initialize?prefCd=08&kikanCd=1000002647&kikanKbn=nan", "url2": null, "内容": "共栄堂薬局0茨城県龍ケ崎市小通幸谷町４４４－２" }, "geometry": { "type": "Point", "coordinates": [ 140.141667, 35.922222 ] } },
{ "type": "Feature", "properties": { "ID": 851000002650, "正式名称": "島田薬局", "機関区分": 5, "都道府県コード": 8, "市区町村コード": 208, "所在地": "茨城県龍ケ崎市佐貫町５５５－６", "緯度": 35.930861, "経度": 140.135284, "url": "https://www.iryou.teikyouseido.mhlw.go.jp/znk-web/juminkanja/S2430/initialize?prefCd=08&kikanCd=1000002650&kikanKbn=nan", "url2": null, "内容": "島田薬局0茨城県龍ケ崎市佐貫町５５５－６" }, "geometry": { "type": "Point", "coordinates": [ 140.135284, 35.930861 ] } },
{ "type": "Feature", "properties": { "ID": 851000002655, "正式名称": "すずらん薬局井野店", "機関区分": 5, "都道府県コード": 8, "市区町村コード": 217, "所在地": "茨城県取手市井野４４３６－３", "緯度": 35.903982, "経度": 140.077136, "url": "https://www.iryou.teikyouseido.mhlw.go.jp/znk-web/juminkanja/S2430/initialize?prefCd=08&kikanCd=1000002655&kikanKbn=nan", "url2": null, "内容": "すずらん薬局井野店0茨城県取手市井野４４３６－３" }, "geometry": { "type": "Point", "coordinates": [ 140.077136, 35.903982 ] } },
{ "type": "Feature", "properties": { "ID": 851000002656, "正式名称": "そうごう薬局　井野台店", "機関区分": 5, "都道府県コード": 8, "市区町村コード": 217, "所在地": "茨城県取手市井野台５－２－２９", "緯度": 35.910351, "経度": 140.069162, "url": "https://www.iryou.teikyouseido.mhlw.go.jp/znk-web/juminkanja/S2430/initialize?prefCd=08&kikanCd=1000002656&kikanKbn=nan", "url2": "http://www.sogo-medical.co.jp/sogopharmacy/", "内容": "そうごう薬局　井野台店0茨城県取手市井野台５－２－２９" }, "geometry": { "type": "Point", "coordinates": [ 140.069162, 35.910351 ] } },
{ "type": "Feature", "properties": { "ID": 851000002657, "正式名称": "アイン薬局佐貫店", "機関区分": 5, "都道府県コード": 8, "市区町村コード": 208, "所在地": "茨城県龍ケ崎市馴柴町１ー１５－５", "緯度": 35.92909, "経度": 140.147092, "url": "https://www.iryou.teikyouseido.mhlw.go.jp/znk-web/juminkanja/S2430/initialize?prefCd=08&kikanCd=1000002657&kikanKbn=nan", "url2": "http://www.ainj.co.jp/", "内容": "アイン薬局佐貫店0茨城県龍ケ崎市馴柴町１ー１５－５" }, "geometry": { "type": "Point", "coordinates": [ 140.147092, 35.92909 ] } },
{ "type": "Feature", "properties": { "ID": 851000002658, "正式名称": "アイン薬局藤代店", "機関区分": 5, "都道府県コード": 8, "市区町村コード": 217, "所在地": "茨城県取手市岡１４６２－５", "緯度": 35.921962, "経度": 140.055626, "url": "https://www.iryou.teikyouseido.mhlw.go.jp/znk-web/juminkanja/S2430/initialize?prefCd=08&kikanCd=1000002658&kikanKbn=nan", "url2": "http://www.ainj.co.jp/", "内容": "アイン薬局藤代店0茨城県取手市岡１４６２－５" }, "geometry": { "type": "Point", "coordinates": [ 140.055626, 35.921962 ] } },
{ "type": "Feature", "properties": { "ID": 851000002659, "正式名称": "アイン薬局　取手店", "機関区分": 5, "都道府県コード": 8, "市区町村コード": 217, "所在地": "茨城県取手市井野台５－１－２１", "緯度": 35.910238, "経度": 140.069434, "url": "https://www.iryou.teikyouseido.mhlw.go.jp/znk-web/juminkanja/S2430/initialize?prefCd=08&kikanCd=1000002659&kikanKbn=nan", "url2": "http://www.ainj.co.jp/", "内容": "アイン薬局　取手店0茨城県取手市井野台５－１－２１" }, "geometry": { "type": "Point", "coordinates": [ 140.069434, 35.910238 ] } },
{ "type": "Feature", "properties": { "ID": 851000002660, "正式名称": "健生堂薬局", "機関区分": 5, "都道府県コード": 8, "市区町村コード": 564, "所在地": "茨城県北相馬郡利根町羽根野９００－１３８", "緯度": 35.878186, "経度": 140.142869, "url": "https://www.iryou.teikyouseido.mhlw.go.jp/znk-web/juminkanja/S2430/initialize?prefCd=08&kikanCd=1000002660&kikanKbn=nan", "url2": null, "内容": "健生堂薬局0茨城県北相馬郡利根町羽根野９００－１３８" }, "geometry": { "type": "Point", "coordinates": [ 140.142869, 35.878186 ] } },
{ "type": "Feature", "properties": { "ID": 851000002661, "正式名称": "松野薬局　佐貫店", "機関区分": 5, "都道府県コード": 8, "市区町村コード": 208, "所在地": "茨城県龍ケ崎市佐貫１－４－４", "緯度": 35.928084, "経度": 140.139587, "url": "https://www.iryou.teikyouseido.mhlw.go.jp/znk-web/juminkanja/S2430/initialize?prefCd=08&kikanCd=1000002661&kikanKbn=nan", "url2": "matsunoyakkyoku.com/index.html", "内容": "松野薬局　佐貫店0茨城県龍ケ崎市佐貫１－４－４" }, "geometry": { "type": "Point", "coordinates": [ 140.139587, 35.928084 ] } },
{ "type": "Feature", "properties": { "ID": 851000002664, "正式名称": "神田山薬局井野団地", "機関区分": 5, "都道府県コード": 8, "市区町村コード": 217, "所在地": "茨城県取手市井野団地３－１９－１０６", "緯度": 35.897293, "経度": 140.074054, "url": "https://www.iryou.teikyouseido.mhlw.go.jp/znk-web/juminkanja/S2430/initialize?prefCd=08&kikanCd=1000002664&kikanKbn=nan", "url2": null, "内容": "神田山薬局井野団地0茨城県取手市井野団地３－１９－１０６" }, "geometry": { "type": "Point", "coordinates": [ 140.074054, 35.897293 ] } },
{ "type": "Feature", "properties": { "ID": 851000002665, "正式名称": "すず薬局　桜が丘店", "機関区分": 5, "都道府県コード": 8, "市区町村コード": 217, "所在地": "茨城県取手市桜が丘１ー１７ー２", "緯度": 35.909098, "経度": 140.123826, "url": "https://www.iryou.teikyouseido.mhlw.go.jp/znk-web/juminkanja/S2430/initialize?prefCd=08&kikanCd=1000002665&kikanKbn=nan", "url2": "https://pharmacy-suzu.com/pharmacy/107/", "内容": "すず薬局　桜が丘店0茨城県取手市桜が丘１ー１７ー２" }, "geometry": { "type": "Point", "coordinates": [ 140.123826, 35.909098 ] } },
{ "type": "Feature", "properties": { "ID": 851000002667, "正式名称": "さくら薬局　佐貫駅前店", "機関区分": 5, "都道府県コード": 8, "市区町村コード": 208, "所在地": "茨城県龍ケ崎市佐貫３－５－５", "緯度": 35.930549, "経度": 140.139449, "url": "https://www.iryou.teikyouseido.mhlw.go.jp/znk-web/juminkanja/S2430/initialize?prefCd=08&kikanCd=1000002667&kikanKbn=nan", "url2": "http://www.kraft-net.co.jp/sakura/", "内容": "さくら薬局　佐貫駅前店0茨城県龍ケ崎市佐貫３－５－５" }, "geometry": { "type": "Point", "coordinates": [ 140.139449, 35.930549 ] } },
{ "type": "Feature", "properties": { "ID": 851000002668, "正式名称": "さくら薬局　取手谷中店", "機関区分": 5, "都道府県コード": 8, "市区町村コード": 217, "所在地": "茨城県取手市谷中３４－１２", "緯度": 35.920246, "経度": 140.103907, "url": "https://www.iryou.teikyouseido.mhlw.go.jp/znk-web/juminkanja/S2430/initialize?prefCd=08&kikanCd=1000002668&kikanKbn=nan", "url2": "https://www.kraft-net.co.jp/sakura/store/3484/", "内容": "さくら薬局　取手谷中店0茨城県取手市谷中３４－１２" }, "geometry": { "type": "Point", "coordinates": [ 140.103907, 35.920246 ] } },
{ "type": "Feature", "properties": { "ID": 851000002669, "正式名称": "さくら薬局　取手東店", "機関区分": 5, "都道府県コード": 8, "市区町村コード": 217, "所在地": "茨城県取手市東４－３－１", "緯度": 35.888885, "経度": 140.072625, "url": "https://www.iryou.teikyouseido.mhlw.go.jp/znk-web/juminkanja/S2430/initialize?prefCd=08&kikanCd=1000002669&kikanKbn=nan", "url2": "http://www.kraft-net.co.jp/sakura/", "内容": "さくら薬局　取手東店0茨城県取手市東４－３－１" }, "geometry": { "type": "Point", "coordinates": [ 140.072625, 35.888885 ] } },
{ "type": "Feature", "properties": { "ID": 851000002671, "正式名称": "ミルキー薬局", "機関区分": 5, "都道府県コード": 8, "市区町村コード": 208, "所在地": "茨城県龍ケ崎市若柴町１２３０－１", "緯度": 35.930098, "経度": 140.147483, "url": "https://www.iryou.teikyouseido.mhlw.go.jp/znk-web/juminkanja/S2430/initialize?prefCd=08&kikanCd=1000002671&kikanKbn=nan", "url2": "https://starchouzaiyakkyoku.jimdofree.com/", "内容": "ミルキー薬局0茨城県龍ケ崎市若柴町１２３０－１" }, "geometry": { "type": "Point", "coordinates": [ 140.147483, 35.930098 ] } },
{ "type": "Feature", "properties": { "ID": 851000002672, "正式名称": "神田山調剤薬局・青柳", "機関区分": 5, "都道府県コード": 8, "市区町村コード": 217, "所在地": "茨城県取手市青柳字屋敷通７２", "緯度": 35.896431, "経度": 140.08051, "url": "https://www.iryou.teikyouseido.mhlw.go.jp/znk-web/juminkanja/S2430/initialize?prefCd=08&kikanCd=1000002672&kikanKbn=nan", "url2": null, "内容": "神田山調剤薬局・青柳0茨城県取手市青柳字屋敷通７２" }, "geometry": { "type": "Point", "coordinates": [ 140.08051, 35.896431 ] } },
{ "type": "Feature", "properties": { "ID": 851000002674, "正式名称": "日本調剤　取手薬局", "機関区分": 5, "都道府県コード": 8, "市区町村コード": 217, "所在地": "茨城県取手市井野台５－２－２８", "緯度": 35.910313, "経度": 140.069055, "url": "https://www.iryou.teikyouseido.mhlw.go.jp/znk-web/juminkanja/S2430/initialize?prefCd=08&kikanCd=1000002674&kikanKbn=nan", "url2": "http://www.nicho.co.jp/", "内容": "日本調剤　取手薬局0茨城県取手市井野台５－２－２８" }, "geometry": { "type": "Point", "coordinates": [ 140.069055, 35.910313 ] } },
{ "type": "Feature", "properties": { "ID": 851000002677, "正式名称": "ひだまり薬局", "機関区分": 5, "都道府県コード": 8, "市区町村コード": 217, "所在地": "茨城県取手市新町３－１２－５", "緯度": 35.899159, "経度": 140.056362, "url": "https://www.iryou.teikyouseido.mhlw.go.jp/znk-web/juminkanja/S2430/initialize?prefCd=08&kikanCd=1000002677&kikanKbn=nan", "url2": null, "内容": "ひだまり薬局0茨城県取手市新町３－１２－５" }, "geometry": { "type": "Point", "coordinates": [ 140.056362, 35.899159 ] } },
{ "type": "Feature", "properties": { "ID": 851000002679, "正式名称": "有限会社長生堂薬局", "機関区分": 5, "都道府県コード": 8, "市区町村コード": 208, "所在地": "茨城県龍ケ崎市下町４８９７", "緯度": 35.902933, "経度": 140.19123, "url": "https://www.iryou.teikyouseido.mhlw.go.jp/znk-web/juminkanja/S2430/initialize?prefCd=08&kikanCd=1000002679&kikanKbn=nan", "url2": null, "内容": "有限会社長生堂薬局0茨城県龍ケ崎市下町４８９７" }, "geometry": { "type": "Point", "coordinates": [ 140.19123, 35.902933 ] } },
{ "type": "Feature", "properties": { "ID": 851000002681, "正式名称": "有限会社　スター調剤薬局", "機関区分": 5, "都道府県コード": 8, "市区町村コード": 208, "所在地": "茨城県龍ケ崎市東町２９３７", "緯度": 35.906415, "経度": 140.190614, "url": "https://www.iryou.teikyouseido.mhlw.go.jp/znk-web/juminkanja/S2430/initialize?prefCd=08&kikanCd=1000002681&kikanKbn=nan", "url2": "https://starchouzaiyakkyoku.jimdofree.com/", "内容": "有限会社　スター調剤薬局0茨城県龍ケ崎市東町２９３７" }, "geometry": { "type": "Point", "coordinates": [ 140.190614, 35.906415 ] } },
{ "type": "Feature", "properties": { "ID": 851000002683, "正式名称": "メイプル薬局", "機関区分": 5, "都道府県コード": 8, "市区町村コード": 208, "所在地": "茨城県龍ケ崎市中根台１－９－３２", "緯度": 35.929156, "経度": 140.170294, "url": "https://www.iryou.teikyouseido.mhlw.go.jp/znk-web/juminkanja/S2430/initialize?prefCd=08&kikanCd=1000002683&kikanKbn=nan", "url2": "https://www.qol-net.co.jp/", "内容": "メイプル薬局0茨城県龍ケ崎市中根台１－９－３２" }, "geometry": { "type": "Point", "coordinates": [ 140.170294, 35.929156 ] } },
{ "type": "Feature", "properties": { "ID": 851000002684, "正式名称": "レインボー薬局", "機関区分": 5, "都道府県コード": 8, "市区町村コード": 208, "所在地": "茨城県龍ケ崎市愛戸町４７", "緯度": 35.913513, "経度": 140.189727, "url": "https://www.iryou.teikyouseido.mhlw.go.jp/znk-web/juminkanja/S2430/initialize?prefCd=08&kikanCd=1000002684&kikanKbn=nan", "url2": "https://starchouzaiyakkyoku.jimdofree.com/", "内容": "レインボー薬局0茨城県龍ケ崎市愛戸町４７" }, "geometry": { "type": "Point", "coordinates": [ 140.189727, 35.913513 ] } },
{ "type": "Feature", "properties": { "ID": 851000002686, "正式名称": "ドリーム調剤薬局", "機関区分": 5, "都道府県コード": 8, "市区町村コード": 208, "所在地": "茨城県龍ケ崎市馴柴町６３５‐２", "緯度": 35.915738, "経度": 140.174736, "url": "https://www.iryou.teikyouseido.mhlw.go.jp/znk-web/juminkanja/S2430/initialize?prefCd=08&kikanCd=1000002686&kikanKbn=nan", "url2": "https://starchouzaiyakkyoku.jimdofree.com/", "内容": "ドリーム調剤薬局0茨城県龍ケ崎市馴柴町６３５‐２" }, "geometry": { "type": "Point", "coordinates": [ 140.174736, 35.915738 ] } },
{ "type": "Feature", "properties": { "ID": 851000002687, "正式名称": "アイン薬局龍ヶ崎米町店", "機関区分": 5, "都道府県コード": 8, "市区町村コード": 208, "所在地": "茨城県龍ケ崎市六斗蒔８６５５", "緯度": 35.903199, "経度": 140.177301, "url": "https://www.iryou.teikyouseido.mhlw.go.jp/znk-web/juminkanja/S2430/initialize?prefCd=08&kikanCd=1000002687&kikanKbn=nan", "url2": "http://www.ainj.co.jp/", "内容": "アイン薬局龍ヶ崎米町店0茨城県龍ケ崎市六斗蒔８６５５" }, "geometry": { "type": "Point", "coordinates": [ 140.177301, 35.903199 ] } },
{ "type": "Feature", "properties": { "ID": 851000002688, "正式名称": "オリオン薬局", "機関区分": 5, "都道府県コード": 8, "市区町村コード": 208, "所在地": "茨城県龍ケ崎市川原代町２６４３－３", "緯度": 35.909491, "経度": 140.170538, "url": "https://www.iryou.teikyouseido.mhlw.go.jp/znk-web/juminkanja/S2430/initialize?prefCd=08&kikanCd=1000002688&kikanKbn=nan", "url2": "https://starchouzaiyakkyoku.jimdofree.com/", "内容": "オリオン薬局0茨城県龍ケ崎市川原代町２６４３－３" }, "geometry": { "type": "Point", "coordinates": [ 140.170538, 35.909491 ] } },
{ "type": "Feature", "properties": { "ID": 851000002689, "正式名称": "松野薬局　川原代店", "機関区分": 5, "都道府県コード": 8, "市区町村コード": 208, "所在地": "茨城県龍ケ崎市川原代町６１８６－１", "緯度": 35.912507, "経度": 140.170322, "url": "https://www.iryou.teikyouseido.mhlw.go.jp/znk-web/juminkanja/S2430/initialize?prefCd=08&kikanCd=1000002689&kikanKbn=nan", "url2": "http://matsunoyakkyoku.com/index.html", "内容": "松野薬局　川原代店0茨城県龍ケ崎市川原代町６１８６－１" }, "geometry": { "type": "Point", "coordinates": [ 140.170322, 35.912507 ] } },
{ "type": "Feature", "properties": { "ID": 851000002690, "正式名称": "ドリーム薬局中央店", "機関区分": 5, "都道府県コード": 8, "市区町村コード": 208, "所在地": "茨城県龍ケ崎市下町２８８５", "緯度": 35.905252, "経度": 140.191465, "url": "https://www.iryou.teikyouseido.mhlw.go.jp/znk-web/juminkanja/S2430/initialize?prefCd=08&kikanCd=1000002690&kikanKbn=nan", "url2": "https://starchouzaiyakkyoku.jimdofree.com/", "内容": "ドリーム薬局中央店0茨城県龍ケ崎市下町２８８５" }, "geometry": { "type": "Point", "coordinates": [ 140.191465, 35.905252 ] } },
{ "type": "Feature", "properties": { "ID": 851000002691, "正式名称": "松野薬局　上米店", "機関区分": 5, "都道府県コード": 8, "市区町村コード": 208, "所在地": "茨城県龍ケ崎市馴馬町６０１－１２", "緯度": 35.907941, "経度": 140.176527, "url": "https://www.iryou.teikyouseido.mhlw.go.jp/znk-web/juminkanja/S2430/initialize?prefCd=08&kikanCd=1000002691&kikanKbn=nan", "url2": "http://www.matsunoyakkyoku.com", "内容": "松野薬局　上米店0茨城県龍ケ崎市馴馬町６０１－１２" }, "geometry": { "type": "Point", "coordinates": [ 140.176527, 35.907941 ] } },
{ "type": "Feature", "properties": { "ID": 851000002692, "正式名称": "オアシス薬局", "機関区分": 5, "都道府県コード": 8, "市区町村コード": 229, "所在地": "茨城県稲敷市上根本３３９１－２", "緯度": 35.917521, "経度": 140.266095, "url": "https://www.iryou.teikyouseido.mhlw.go.jp/znk-web/juminkanja/S2430/initialize?prefCd=08&kikanCd=1000002692&kikanKbn=nan", "url2": "https://starchouzaiyakkyoku.jimdofree.com/", "内容": "オアシス薬局0茨城県稲敷市上根本３３９１－２" }, "geometry": { "type": "Point", "coordinates": [ 140.266095, 35.917521 ] } },
{ "type": "Feature", "properties": { "ID": 851000002693, "正式名称": "たつのこ薬局", "機関区分": 5, "都道府県コード": 8, "市区町村コード": 208, "所在地": "茨城県龍ケ崎市馴柴町６５０－３", "緯度": 35.914324, "経度": 140.175081, "url": "https://www.iryou.teikyouseido.mhlw.go.jp/znk-web/juminkanja/S2430/initialize?prefCd=08&kikanCd=1000002693&kikanKbn=nan", "url2": "http://www.inmyheart01.com", "内容": "たつのこ薬局0茨城県龍ケ崎市馴柴町６５０－３" }, "geometry": { "type": "Point", "coordinates": [ 140.175081, 35.914324 ] } },
{ "type": "Feature", "properties": { "ID": 851000002694, "正式名称": "カトレア調剤薬局", "機関区分": 5, "都道府県コード": 8, "市区町村コード": 208, "所在地": "茨城県龍ケ崎市松ケ丘２－２４－１４", "緯度": 35.929021, "経度": 140.205694, "url": "https://www.iryou.teikyouseido.mhlw.go.jp/znk-web/juminkanja/S2430/initialize?prefCd=08&kikanCd=1000002694&kikanKbn=nan", "url2": null, "内容": "カトレア調剤薬局0茨城県龍ケ崎市松ケ丘２－２４－１４" }, "geometry": { "type": "Point", "coordinates": [ 140.205694, 35.929021 ] } },
{ "type": "Feature", "properties": { "ID": 851000002695, "正式名称": "アリス薬局", "機関区分": 5, "都道府県コード": 8, "市区町村コード": 208, "所在地": "茨城県龍ケ崎市根町３２９６－７", "緯度": 35.909986, "経度": 140.189195, "url": "https://www.iryou.teikyouseido.mhlw.go.jp/znk-web/juminkanja/S2430/initialize?prefCd=08&kikanCd=1000002695&kikanKbn=nan", "url2": "https://starchouzaiyakkyoku.jimdofree.com/", "内容": "アリス薬局0茨城県龍ケ崎市根町３２９６－７" }, "geometry": { "type": "Point", "coordinates": [ 140.189195, 35.909986 ] } },
{ "type": "Feature", "properties": { "ID": 851000002696, "正式名称": "ももの木薬局", "機関区分": 5, "都道府県コード": 8, "市区町村コード": 208, "所在地": "茨城県龍ケ崎市栄町４７１５－３", "緯度": 35.901919, "経度": 140.185748, "url": "https://www.iryou.teikyouseido.mhlw.go.jp/znk-web/juminkanja/S2430/initialize?prefCd=08&kikanCd=1000002696&kikanKbn=nan", "url2": null, "内容": "ももの木薬局0茨城県龍ケ崎市栄町４７１５－３" }, "geometry": { "type": "Point", "coordinates": [ 140.185748, 35.901919 ] } },
{ "type": "Feature", "properties": { "ID": 851000002701, "正式名称": "スガワ薬局", "機関区分": 5, "都道府県コード": 8, "市区町村コード": 232, "所在地": "茨城県神栖市神栖１－１７－２５チェリーブルーム３－１０１", "緯度": 35.901017, "経度": 140.640572, "url": "https://www.iryou.teikyouseido.mhlw.go.jp/znk-web/juminkanja/S2430/initialize?prefCd=08&kikanCd=1000002701&kikanKbn=nan", "url2": "https://sugawa-pharmacy.jp/", "内容": "スガワ薬局0茨城県神栖市神栖１－１７－２５チェリーブルーム３－１０１" }, "geometry": { "type": "Point", "coordinates": [ 140.640572, 35.901017 ] } },
{ "type": "Feature", "properties": { "ID": 851000002703, "正式名称": "あい薬局", "機関区分": 5, "都道府県コード": 8, "市区町村コード": 232, "所在地": "茨城県神栖市大野原中央３－５－１", "緯度": 35.886111, "経度": 140.64, "url": "https://www.iryou.teikyouseido.mhlw.go.jp/znk-web/juminkanja/S2430/initialize?prefCd=08&kikanCd=1000002703&kikanKbn=nan", "url2": "https://www.kusuri-ai.com/", "内容": "あい薬局0茨城県神栖市大野原中央３－５－１" }, "geometry": { "type": "Point", "coordinates": [ 140.64, 35.886111 ] } },
{ "type": "Feature", "properties": { "ID": 851000002705, "正式名称": "カムラ薬局", "機関区分": 5, "都道府県コード": 8, "市区町村コード": 232, "所在地": "茨城県神栖市賀２１０８－２０５", "緯度": 35.899388, "経度": 140.622414, "url": "https://www.iryou.teikyouseido.mhlw.go.jp/znk-web/juminkanja/S2430/initialize?prefCd=08&kikanCd=1000002705&kikanKbn=nan", "url2": "https://www.firstmedicalkamura.com/", "内容": "カムラ薬局0茨城県神栖市賀２１０８－２０５" }, "geometry": { "type": "Point", "coordinates": [ 140.622414, 35.899388 ] } },
{ "type": "Feature", "properties": { "ID": 851000002708, "正式名称": "田辺薬局知手中央店", "機関区分": 5, "都道府県コード": 8, "市区町村コード": 232, "所在地": "茨城県神栖市砂山１０１４－３５", "緯度": 35.868611, "経度": 140.713889, "url": "https://www.iryou.teikyouseido.mhlw.go.jp/znk-web/juminkanja/S2430/initialize?prefCd=08&kikanCd=1000002708&kikanKbn=nan", "url2": "http://www.tnb.co.jp", "内容": "田辺薬局知手中央店0茨城県神栖市砂山１０１４－３５" }, "geometry": { "type": "Point", "coordinates": [ 140.713889, 35.868611 ] } },
{ "type": "Feature", "properties": { "ID": 851000002709, "正式名称": "（有）刀水堂薬局", "機関区分": 5, "都道府県コード": 8, "市区町村コード": 232, "所在地": "茨城県神栖市知手中央３ー２－３２", "緯度": 35.875556, "経度": 140.711389, "url": "https://www.iryou.teikyouseido.mhlw.go.jp/znk-web/juminkanja/S2430/initialize?prefCd=08&kikanCd=1000002709&kikanKbn=nan", "url2": null, "内容": "（有）刀水堂薬局0茨城県神栖市知手中央３ー２－３２" }, "geometry": { "type": "Point", "coordinates": [ 140.711389, 35.875556 ] } },
{ "type": "Feature", "properties": { "ID": 851000002710, "正式名称": "中央薬局知手店", "機関区分": 5, "都道府県コード": 8, "市区町村コード": 232, "所在地": "茨城県神栖市知手中央７－３４０５－２５３", "緯度": 35.869444, "経度": 140.710833, "url": "https://www.iryou.teikyouseido.mhlw.go.jp/znk-web/juminkanja/S2430/initialize?prefCd=08&kikanCd=1000002710&kikanKbn=nan", "url2": null, "内容": "中央薬局知手店0茨城県神栖市知手中央７－３４０５－２５３" }, "geometry": { "type": "Point", "coordinates": [ 140.710833, 35.869444 ] } },
{ "type": "Feature", "properties": { "ID": 851000002711, "正式名称": "アイン薬局　神栖店", "機関区分": 5, "都道府県コード": 8, "市区町村コード": 232, "所在地": "茨城県神栖市知手中央７－３４０５－２５４", "緯度": 35.869722, "経度": 140.711111, "url": "https://www.iryou.teikyouseido.mhlw.go.jp/znk-web/juminkanja/S2430/initialize?prefCd=08&kikanCd=1000002711&kikanKbn=nan", "url2": "http://www.ainj.co.jp/", "内容": "アイン薬局　神栖店0茨城県神栖市知手中央７－３４０５－２５４" }, "geometry": { "type": "Point", "coordinates": [ 140.711111, 35.869722 ] } },
{ "type": "Feature", "properties": { "ID": 851000002714, "正式名称": "さくら薬局　知手店", "機関区分": 5, "都道府県コード": 8, "市区町村コード": 232, "所在地": "茨城県神栖市知手中央１－１５－３６", "緯度": 35.876389, "経度": 140.708611, "url": "https://www.iryou.teikyouseido.mhlw.go.jp/znk-web/juminkanja/S2430/initialize?prefCd=08&kikanCd=1000002714&kikanKbn=nan", "url2": "http://www.kraft-net.co.jp/sakura/", "内容": "さくら薬局　知手店0茨城県神栖市知手中央１－１５－３６" }, "geometry": { "type": "Point", "coordinates": [ 140.708611, 35.876389 ] } },
{ "type": "Feature", "properties": { "ID": 851000002715, "正式名称": "ライフ薬局", "機関区分": 5, "都道府県コード": 8, "市区町村コード": 232, "所在地": "茨城県神栖市平泉１－１６９", "緯度": 35.912028, "経度": 140.639441, "url": "https://www.iryou.teikyouseido.mhlw.go.jp/znk-web/juminkanja/S2430/initialize?prefCd=08&kikanCd=1000002715&kikanKbn=nan", "url2": "https://www.life-pharmacy-jp", "内容": "ライフ薬局0茨城県神栖市平泉１－１６９" }, "geometry": { "type": "Point", "coordinates": [ 140.639441, 35.912028 ] } },
{ "type": "Feature", "properties": { "ID": 851000002717, "正式名称": "株式会社　松崎　松崎薬局知手店", "機関区分": 5, "都道府県コード": 8, "市区町村コード": 232, "所在地": "茨城県神栖市知手１００－１", "緯度": 35.870108, "経度": 140.670056, "url": "https://www.iryou.teikyouseido.mhlw.go.jp/znk-web/juminkanja/S2430/initialize?prefCd=08&kikanCd=1000002717&kikanKbn=nan", "url2": "http://www.e-classa.net/matsuzaki/", "内容": "株式会社　松崎　松崎薬局知手店0茨城県神栖市知手１００－１" }, "geometry": { "type": "Point", "coordinates": [ 140.670056, 35.870108 ] } },
{ "type": "Feature", "properties": { "ID": 851000002721, "正式名称": "アイセイ薬局　坂東店", "機関区分": 5, "都道府県コード": 8, "市区町村コード": 228, "所在地": "茨城県坂東市矢作天王前１６８０－２", "緯度": 35.998337, "経度": 139.9132, "url": "https://www.iryou.teikyouseido.mhlw.go.jp/znk-web/juminkanja/S2430/initialize?prefCd=08&kikanCd=1000002721&kikanKbn=nan", "url2": "http://www.aisei.co.jp", "内容": "アイセイ薬局　坂東店0茨城県坂東市矢作天王前１６８０－２" }, "geometry": { "type": "Point", "coordinates": [ 139.9132, 35.998337 ] } },
{ "type": "Feature", "properties": { "ID": 851000002724, "正式名称": "株式会社のぎさき薬局", "機関区分": 5, "都道府県コード": 8, "市区町村コード": 224, "所在地": "茨城県守谷市野木崎５２０－４", "緯度": 35.946415, "経度": 139.967199, "url": "https://www.iryou.teikyouseido.mhlw.go.jp/znk-web/juminkanja/S2430/initialize?prefCd=08&kikanCd=1000002724&kikanKbn=nan", "url2": null, "内容": "株式会社のぎさき薬局0茨城県守谷市野木崎５２０－４" }, "geometry": { "type": "Point", "coordinates": [ 139.967199, 35.946415 ] } },
{ "type": "Feature", "properties": { "ID": 851000002726, "正式名称": "谷井田薬局", "機関区分": 5, "都道府県コード": 8, "市区町村コード": 235, "所在地": "茨城県つくばみらい市谷井田１０７７－３", "緯度": 35.955278, "経度": 140.049444, "url": "https://www.iryou.teikyouseido.mhlw.go.jp/znk-web/juminkanja/S2430/initialize?prefCd=08&kikanCd=1000002726&kikanKbn=nan", "url2": null, "内容": "谷井田薬局0茨城県つくばみらい市谷井田１０７７－３" }, "geometry": { "type": "Point", "coordinates": [ 140.049444, 35.955278 ] } },
{ "type": "Feature", "properties": { "ID": 851000002728, "正式名称": "絹の台ふれあい薬局", "機関区分": 5, "都道府県コード": 8, "市区町村コード": 235, "所在地": "茨城県つくばみらい市絹の台２－４－１３", "緯度": 35.975556, "経度": 139.983611, "url": "https://www.iryou.teikyouseido.mhlw.go.jp/znk-web/juminkanja/S2430/initialize?prefCd=08&kikanCd=1000002728&kikanKbn=nan", "url2": "https://cosmo-pharmacy.com", "内容": "絹の台ふれあい薬局0茨城県つくばみらい市絹の台２－４－１３" }, "geometry": { "type": "Point", "coordinates": [ 139.983611, 35.975556 ] } },
{ "type": "Feature", "properties": { "ID": 851000002729, "正式名称": "このみ薬局", "機関区分": 5, "都道府県コード": 8, "市区町村コード": 235, "所在地": "茨城県つくばみらい市板橋２１０２－１", "緯度": 35.9775, "経度": 140.055278, "url": "https://www.iryou.teikyouseido.mhlw.go.jp/znk-web/juminkanja/S2430/initialize?prefCd=08&kikanCd=1000002729&kikanKbn=nan", "url2": "http://www.konomiyakkyoku.com/", "内容": "このみ薬局0茨城県つくばみらい市板橋２１０２－１" }, "geometry": { "type": "Point", "coordinates": [ 140.055278, 35.9775 ] } },
{ "type": "Feature", "properties": { "ID": 851000002731, "正式名称": "友愛薬局みらい平店", "機関区分": 5, "都道府県コード": 8, "市区町村コード": 235, "所在地": "茨城県つくばみらい市紫峰ヶ丘１－６－８", "緯度": 35.9976, "経度": 140.03716, "url": "https://www.iryou.teikyouseido.mhlw.go.jp/znk-web/juminkanja/S2430/initialize?prefCd=08&kikanCd=1000002731&kikanKbn=nan", "url2": "http://www.yuai-medical.com/tenpo/mirai/mirai.html", "内容": "友愛薬局みらい平店0茨城県つくばみらい市紫峰ヶ丘１－６－８" }, "geometry": { "type": "Point", "coordinates": [ 140.03716, 35.9976 ] } },
{ "type": "Feature", "properties": { "ID": 851000002733, "正式名称": "守谷調剤薬局", "機関区分": 5, "都道府県コード": 8, "市区町村コード": 224, "所在地": "茨城県守谷市松前台１－１６－１１", "緯度": 35.967094, "経度": 139.967881, "url": "https://www.iryou.teikyouseido.mhlw.go.jp/znk-web/juminkanja/S2430/initialize?prefCd=08&kikanCd=1000002733&kikanKbn=nan", "url2": "https://www.sky-pharmacy.jp/", "内容": "守谷調剤薬局0茨城県守谷市松前台１－１６－１１" }, "geometry": { "type": "Point", "coordinates": [ 139.967881, 35.967094 ] } },
{ "type": "Feature", "properties": { "ID": 851000002734, "正式名称": "守谷薬局", "機関区分": 5, "都道府県コード": 8, "市区町村コード": 224, "所在地": "茨城県守谷市本町６５９", "緯度": 35.944809, "経度": 139.998691, "url": "https://www.iryou.teikyouseido.mhlw.go.jp/znk-web/juminkanja/S2430/initialize?prefCd=08&kikanCd=1000002734&kikanKbn=nan", "url2": null, "内容": "守谷薬局0茨城県守谷市本町６５９" }, "geometry": { "type": "Point", "coordinates": [ 139.998691, 35.944809 ] } },
{ "type": "Feature", "properties": { "ID": 851000002735, "正式名称": "マスダ調剤薬局　守谷店", "機関区分": 5, "都道府県コード": 8, "市区町村コード": 224, "所在地": "茨城県守谷市松前台１－７－１", "緯度": 35.968534, "経度": 139.970422, "url": "https://www.iryou.teikyouseido.mhlw.go.jp/znk-web/juminkanja/S2430/initialize?prefCd=08&kikanCd=1000002735&kikanKbn=nan", "url2": null, "内容": "マスダ調剤薬局　守谷店0茨城県守谷市松前台１－７－１" }, "geometry": { "type": "Point", "coordinates": [ 139.970422, 35.968534 ] } },
{ "type": "Feature", "properties": { "ID": 851000002740, "正式名称": "サンリツ薬局　守谷店", "機関区分": 5, "都道府県コード": 8, "市区町村コード": 224, "所在地": "茨城県守谷市立沢２３９－７", "緯度": 35.95258, "経度": 139.97609, "url": "https://www.iryou.teikyouseido.mhlw.go.jp/znk-web/juminkanja/S2430/initialize?prefCd=08&kikanCd=1000002740&kikanKbn=nan", "url2": "https://www.e-bondh.jp/", "内容": "サンリツ薬局　守谷店0茨城県守谷市立沢２３９－７" }, "geometry": { "type": "Point", "coordinates": [ 139.97609, 35.95258 ] } },
{ "type": "Feature", "properties": { "ID": 851000002741, "正式名称": "ゆう薬局", "機関区分": 5, "都道府県コード": 8, "市区町村コード": 224, "所在地": "茨城県守谷市立沢１４２－１７", "緯度": 35.951598, "経度": 139.970057, "url": "https://www.iryou.teikyouseido.mhlw.go.jp/znk-web/juminkanja/S2430/initialize?prefCd=08&kikanCd=1000002741&kikanKbn=nan", "url2": "http://www.e-classa.net/you-yakkyoku/", "内容": "ゆう薬局0茨城県守谷市立沢１４２－１７" }, "geometry": { "type": "Point", "coordinates": [ 139.970057, 35.951598 ] } },
{ "type": "Feature", "properties": { "ID": 851000002742, "正式名称": "ケーアイ薬局", "機関区分": 5, "都道府県コード": 8, "市区町村コード": 224, "所在地": "茨城県守谷市けやき台６－１６－１３", "緯度": 35.934167, "経度": 139.993611, "url": "https://www.iryou.teikyouseido.mhlw.go.jp/znk-web/juminkanja/S2430/initialize?prefCd=08&kikanCd=1000002742&kikanKbn=nan", "url2": null, "内容": "ケーアイ薬局0茨城県守谷市けやき台６－１６－１３" }, "geometry": { "type": "Point", "coordinates": [ 139.993611, 35.934167 ] } },
{ "type": "Feature", "properties": { "ID": 851000002743, "正式名称": "ウエルシア薬局守谷ひがし野店", "機関区分": 5, "都道府県コード": 8, "市区町村コード": 224, "所在地": "茨城県守谷市ひがし野２－２－５", "緯度": 35.952311, "経度": 139.999438, "url": "https://www.iryou.teikyouseido.mhlw.go.jp/znk-web/juminkanja/S2430/initialize?prefCd=08&kikanCd=1000002743&kikanKbn=nan", "url2": "http://www.welcia-yakkyoku.co.jp/", "内容": "ウエルシア薬局守谷ひがし野店0茨城県守谷市ひがし野２－２－５" }, "geometry": { "type": "Point", "coordinates": [ 139.999438, 35.952311 ] } },
{ "type": "Feature", "properties": { "ID": 851000002745, "正式名称": "守谷中央薬局", "機関区分": 5, "都道府県コード": 8, "市区町村コード": 224, "所在地": "茨城県守谷市松並１６２９－３", "緯度": 35.956075, "経度": 139.99828, "url": "https://www.iryou.teikyouseido.mhlw.go.jp/znk-web/juminkanja/S2430/initialize?prefCd=08&kikanCd=1000002745&kikanKbn=nan", "url2": null, "内容": "守谷中央薬局0茨城県守谷市松並１６２９－３" }, "geometry": { "type": "Point", "coordinates": [ 139.99828, 35.956075 ] } },
{ "type": "Feature", "properties": { "ID": 851000002746, "正式名称": "薬師台調剤薬局", "機関区分": 5, "都道府県コード": 8, "市区町村コード": 224, "所在地": "茨城県守谷市薬師台１ー３ー６", "緯度": 35.966, "経度": 139.969299, "url": "https://www.iryou.teikyouseido.mhlw.go.jp/znk-web/juminkanja/S2430/initialize?prefCd=08&kikanCd=1000002746&kikanKbn=nan", "url2": "http://www.e-classa.net/yakushidai-pharmacy/", "内容": "薬師台調剤薬局0茨城県守谷市薬師台１ー３ー６" }, "geometry": { "type": "Point", "coordinates": [ 139.969299, 35.966 ] } },
{ "type": "Feature", "properties": { "ID": 851000002747, "正式名称": "さくら薬局　守谷けやき台店", "機関区分": 5, "都道府県コード": 8, "市区町村コード": 224, "所在地": "茨城県守谷市けやき台２－１１－６", "緯度": 35.932669, "経度": 139.99775, "url": "https://www.iryou.teikyouseido.mhlw.go.jp/znk-web/juminkanja/S2430/initialize?prefCd=08&kikanCd=1000002747&kikanKbn=nan", "url2": "http://www.kraft-net.co.jp/search/3898/", "内容": "さくら薬局　守谷けやき台店0茨城県守谷市けやき台２－１１－６" }, "geometry": { "type": "Point", "coordinates": [ 139.99775, 35.932669 ] } },
{ "type": "Feature", "properties": { "ID": 851000002748, "正式名称": "みずきの薬局", "機関区分": 5, "都道府県コード": 8, "市区町村コード": 224, "所在地": "茨城県守谷市みずき野５－５－２", "緯度": 35.937089, "経度": 140.010454, "url": "https://www.iryou.teikyouseido.mhlw.go.jp/znk-web/juminkanja/S2430/initialize?prefCd=08&kikanCd=1000002748&kikanKbn=nan", "url2": "https://www.chcp.jp/business/chcp-p/index.html", "内容": "みずきの薬局0茨城県守谷市みずき野５－５－２" }, "geometry": { "type": "Point", "coordinates": [ 140.010454, 35.937089 ] } },
{ "type": "Feature", "properties": { "ID": 851000002749, "正式名称": "南山堂薬局アクロスモール守谷店", "機関区分": 5, "都道府県コード": 8, "市区町村コード": 224, "所在地": "茨城県守谷市松ケ丘６－６－１", "緯度": 35.942879, "経度": 139.979837, "url": "https://www.iryou.teikyouseido.mhlw.go.jp/znk-web/juminkanja/S2430/initialize?prefCd=08&kikanCd=1000002749&kikanKbn=nan", "url2": "http://www.nanzando.co.jp/", "内容": "南山堂薬局アクロスモール守谷店0茨城県守谷市松ケ丘６－６－１" }, "geometry": { "type": "Point", "coordinates": [ 139.979837, 35.942879 ] } },
{ "type": "Feature", "properties": { "ID": 851000002750, "正式名称": "アイン薬局　守谷店", "機関区分": 5, "都道府県コード": 8, "市区町村コード": 224, "所在地": "茨城県守谷市立沢９８１－７", "緯度": 35.953454, "経度": 139.979174, "url": "https://www.iryou.teikyouseido.mhlw.go.jp/znk-web/juminkanja/S2430/initialize?prefCd=08&kikanCd=1000002750&kikanKbn=nan", "url2": "http://www.ainj.co.jp/", "内容": "アイン薬局　守谷店0茨城県守谷市立沢９８１－７" }, "geometry": { "type": "Point", "coordinates": [ 139.979174, 35.953454 ] } },
{ "type": "Feature", "properties": { "ID": 851000002751, "正式名称": "アイン薬局　守谷ひがし野店", "機関区分": 5, "都道府県コード": 8, "市区町村コード": 224, "所在地": "茨城県守谷市松並１５８０－２", "緯度": 35.954102, "経度": 139.996876, "url": "https://www.iryou.teikyouseido.mhlw.go.jp/znk-web/juminkanja/S2430/initialize?prefCd=08&kikanCd=1000002751&kikanKbn=nan", "url2": "http://www.ainj.co.jp", "内容": "アイン薬局　守谷ひがし野店0茨城県守谷市松並１５８０－２" }, "geometry": { "type": "Point", "coordinates": [ 139.996876, 35.954102 ] } },
{ "type": "Feature", "properties": { "ID": 851000002752, "正式名称": "ドラッグ＆ファーマシー　エンドー薬局アワーズもりや店", "機関区分": 5, "都道府県コード": 8, "市区町村コード": 224, "所在地": "茨城県守谷市中央２－１６－１　アワーズもりや", "緯度": 35.951536, "経度": 139.993184, "url": "https://www.iryou.teikyouseido.mhlw.go.jp/znk-web/juminkanja/S2430/initialize?prefCd=08&kikanCd=1000002752&kikanKbn=nan", "url2": "https://www.enndo-ph.com/", "内容": "ドラッグ＆ファーマシー　エンドー薬局アワーズもりや店0茨城県守谷市中央２－１６－１　アワーズもりや" }, "geometry": { "type": "Point", "coordinates": [ 139.993184, 35.951536 ] } },
{ "type": "Feature", "properties": { "ID": 851000002753, "正式名称": "スカイ薬局　新守谷店", "機関区分": 5, "都道府県コード": 8, "市区町村コード": 224, "所在地": "茨城県守谷市立沢２０５８－１０", "緯度": 35.959449, "経度": 139.985853, "url": "https://www.iryou.teikyouseido.mhlw.go.jp/znk-web/juminkanja/S2430/initialize?prefCd=08&kikanCd=1000002753&kikanKbn=nan", "url2": "https://sky-pharmacy.jp", "内容": "スカイ薬局　新守谷店0茨城県守谷市立沢２０５８－１０" }, "geometry": { "type": "Point", "coordinates": [ 139.985853, 35.959449 ] } },
{ "type": "Feature", "properties": { "ID": 851000002754, "正式名称": "さくら薬局　つくばみらい店", "機関区分": 5, "都道府県コード": 8, "市区町村コード": 235, "所在地": "茨城県つくばみらい市紫峰ヶ丘１－１７－４", "緯度": 35.995833, "経度": 140.043333, "url": "https://www.iryou.teikyouseido.mhlw.go.jp/znk-web/juminkanja/S2430/initialize?prefCd=08&kikanCd=1000002754&kikanKbn=nan", "url2": "http://www.kraft-net.co.jp/sakura/", "内容": "さくら薬局　つくばみらい店0茨城県つくばみらい市紫峰ヶ丘１－１７－４" }, "geometry": { "type": "Point", "coordinates": [ 140.043333, 35.995833 ] } },
{ "type": "Feature", "properties": { "ID": 851000002755, "正式名称": "ひかり薬局守谷ゆりがおか店", "機関区分": 5, "都道府県コード": 8, "市区町村コード": 224, "所在地": "茨城県守谷市百合ケ丘３－２７８９－２５", "緯度": 35.945853, "経度": 139.987619, "url": "https://www.iryou.teikyouseido.mhlw.go.jp/znk-web/juminkanja/S2430/initialize?prefCd=08&kikanCd=1000002755&kikanKbn=nan", "url2": "http://irph.jp/", "内容": "ひかり薬局守谷ゆりがおか店0茨城県守谷市百合ケ丘３－２７８９－２５" }, "geometry": { "type": "Point", "coordinates": [ 139.987619, 35.945853 ] } },
{ "type": "Feature", "properties": { "ID": 851000002756, "正式名称": "アルファーム薬局みずき野店", "機関区分": 5, "都道府県コード": 8, "市区町村コード": 224, "所在地": "茨城県守谷市みずき野７丁目１６－４", "緯度": 35.94107, "経度": 140.013816, "url": "https://www.iryou.teikyouseido.mhlw.go.jp/znk-web/juminkanja/S2430/initialize?prefCd=08&kikanCd=1000002756&kikanKbn=nan", "url2": "https://www.alpharm.co.jp/", "内容": "アルファーム薬局みずき野店0茨城県守谷市みずき野７丁目１６－４" }, "geometry": { "type": "Point", "coordinates": [ 140.013816, 35.94107 ] } },
{ "type": "Feature", "properties": { "ID": 851000002760, "正式名称": "すばる調剤薬局　守谷店", "機関区分": 5, "都道府県コード": 8, "市区町村コード": 224, "所在地": "茨城県守谷市中央１－２３－４", "緯度": 35.951391, "経度": 139.990586, "url": "https://www.iryou.teikyouseido.mhlw.go.jp/znk-web/juminkanja/S2430/initialize?prefCd=08&kikanCd=1000002760&kikanKbn=nan", "url2": "https://www.subaruchouzai.com/", "内容": "すばる調剤薬局　守谷店0茨城県守谷市中央１－２３－４" }, "geometry": { "type": "Point", "coordinates": [ 139.990586, 35.951391 ] } },
{ "type": "Feature", "properties": { "ID": 851000002761, "正式名称": "薬局　ブルーベリー", "機関区分": 5, "都道府県コード": 8, "市区町村コード": 220, "所在地": "茨城県つくば市高崎４２－４", "緯度": 35.997282, "経度": 140.128099, "url": "https://www.iryou.teikyouseido.mhlw.go.jp/znk-web/juminkanja/S2430/initialize?prefCd=08&kikanCd=1000002761&kikanKbn=nan", "url2": "https://www.rise-pharm.com/", "内容": "薬局　ブルーベリー0茨城県つくば市高崎４２－４" }, "geometry": { "type": "Point", "coordinates": [ 140.128099, 35.997282 ] } },
{ "type": "Feature", "properties": { "ID": 851000002763, "正式名称": "寺田薬局健康館", "機関区分": 5, "都道府県コード": 8, "市区町村コード": 220, "所在地": "茨城県つくば市高見原４－５－２", "緯度": 35.986944, "経度": 140.137778, "url": "https://www.iryou.teikyouseido.mhlw.go.jp/znk-web/juminkanja/S2430/initialize?prefCd=08&kikanCd=1000002763&kikanKbn=nan", "url2": null, "内容": "寺田薬局健康館0茨城県つくば市高見原４－５－２" }, "geometry": { "type": "Point", "coordinates": [ 140.137778, 35.986944 ] } },
{ "type": "Feature", "properties": { "ID": 851000002765, "正式名称": "自由ヶ丘薬局", "機関区分": 5, "都道府県コード": 8, "市区町村コード": 220, "所在地": "茨城県つくば市自由ヶ丘１６５－１３", "緯度": 35.959635, "経度": 140.103269, "url": "https://www.iryou.teikyouseido.mhlw.go.jp/znk-web/juminkanja/S2430/initialize?prefCd=08&kikanCd=1000002765&kikanKbn=nan", "url2": null, "内容": "自由ヶ丘薬局0茨城県つくば市自由ヶ丘１６５－１３" }, "geometry": { "type": "Point", "coordinates": [ 140.103269, 35.959635 ] } },
{ "type": "Feature", "properties": { "ID": 851000002768, "正式名称": "センター薬局伊奈店", "機関区分": 5, "都道府県コード": 8, "市区町村コード": 235, "所在地": "茨城県つくばみらい市板橋２７５５－２", "緯度": 35.982778, "経度": 140.059167, "url": "https://www.iryou.teikyouseido.mhlw.go.jp/znk-web/juminkanja/S2430/initialize?prefCd=08&kikanCd=1000002768&kikanKbn=nan", "url2": null, "内容": "センター薬局伊奈店0茨城県つくばみらい市板橋２７５５－２" }, "geometry": { "type": "Point", "coordinates": [ 140.059167, 35.982778 ] } },
{ "type": "Feature", "properties": { "ID": 851000002771, "正式名称": "薬方堂", "機関区分": 5, "都道府県コード": 8, "市区町村コード": 208, "所在地": "茨城県龍ケ崎市松葉５－１０－３", "緯度": 35.938542, "経度": 140.154717, "url": "https://www.iryou.teikyouseido.mhlw.go.jp/znk-web/juminkanja/S2430/initialize?prefCd=08&kikanCd=1000002771&kikanKbn=nan", "url2": null, "内容": "薬方堂0茨城県龍ケ崎市松葉５－１０－３" }, "geometry": { "type": "Point", "coordinates": [ 140.154717, 35.938542 ] } },
{ "type": "Feature", "properties": { "ID": 851000002772, "正式名称": "石川薬局", "機関区分": 5, "都道府県コード": 8, "市区町村コード": 219, "所在地": "茨城県牛久市田宮町１０８４", "緯度": 35.985706, "経度": 140.137175, "url": "https://www.iryou.teikyouseido.mhlw.go.jp/znk-web/juminkanja/S2430/initialize?prefCd=08&kikanCd=1000002772&kikanKbn=nan", "url2": null, "内容": "石川薬局0茨城県牛久市田宮町１０８４" }, "geometry": { "type": "Point", "coordinates": [ 140.137175, 35.985706 ] } },
{ "type": "Feature", "properties": { "ID": 851000002773, "正式名称": "漢方薬局　薬心堂", "機関区分": 5, "都道府県コード": 8, "市区町村コード": 219, "所在地": "茨城県牛久市中央１－１３－１", "緯度": 35.983751, "経度": 140.143851, "url": "https://www.iryou.teikyouseido.mhlw.go.jp/znk-web/juminkanja/S2430/initialize?prefCd=08&kikanCd=1000002773&kikanKbn=nan", "url2": null, "内容": "漢方薬局　薬心堂0茨城県牛久市中央１－１３－１" }, "geometry": { "type": "Point", "coordinates": [ 140.143851, 35.983751 ] } },
{ "type": "Feature", "properties": { "ID": 851000002775, "正式名称": "ミシエル薬局", "機関区分": 5, "都道府県コード": 8, "市区町村コード": 219, "所在地": "茨城県牛久市牛久町２８０エスカードビル１階", "緯度": 35.975321, "経度": 140.139998, "url": "https://www.iryou.teikyouseido.mhlw.go.jp/znk-web/juminkanja/S2430/initialize?prefCd=08&kikanCd=1000002775&kikanKbn=nan", "url2": null, "内容": "ミシエル薬局0茨城県牛久市牛久町２８０エスカードビル１階" }, "geometry": { "type": "Point", "coordinates": [ 140.139998, 35.975321 ] } },
{ "type": "Feature", "properties": { "ID": 851000002776, "正式名称": "アイン薬局上柏田店", "機関区分": 5, "都道府県コード": 8, "市区町村コード": 219, "所在地": "茨城県牛久市上柏田４－５５－１２", "緯度": 35.983003, "経度": 140.157887, "url": "https://www.iryou.teikyouseido.mhlw.go.jp/znk-web/juminkanja/S2430/initialize?prefCd=08&kikanCd=1000002776&kikanKbn=nan", "url2": "https://www.ainj.co.jp/", "内容": "アイン薬局上柏田店0茨城県牛久市上柏田４－５５－１２" }, "geometry": { "type": "Point", "coordinates": [ 140.157887, 35.983003 ] } },
{ "type": "Feature", "properties": { "ID": 851000002779, "正式名称": "根本薬局みどり野店", "機関区分": 5, "都道府県コード": 8, "市区町村コード": 219, "所在地": "茨城県牛久市南２－２４－１４", "緯度": 35.972054, "経度": 140.143524, "url": "https://www.iryou.teikyouseido.mhlw.go.jp/znk-web/juminkanja/S2430/initialize?prefCd=08&kikanCd=1000002779&kikanKbn=nan", "url2": null, "内容": "根本薬局みどり野店0茨城県牛久市南２－２４－１４" }, "geometry": { "type": "Point", "coordinates": [ 140.143524, 35.972054 ] } },
{ "type": "Feature", "properties": { "ID": 851000002781, "正式名称": "サカエ薬局", "機関区分": 5, "都道府県コード": 8, "市区町村コード": 208, "所在地": "茨城県龍ケ崎市松葉４ー９－１２", "緯度": 35.93974, "経度": 140.152833, "url": "https://www.iryou.teikyouseido.mhlw.go.jp/znk-web/juminkanja/S2430/initialize?prefCd=08&kikanCd=1000002781&kikanKbn=nan", "url2": "https://www.sakaepharmacy.com/", "内容": "サカエ薬局0茨城県龍ケ崎市松葉４ー９－１２" }, "geometry": { "type": "Point", "coordinates": [ 140.152833, 35.93974 ] } },
{ "type": "Feature", "properties": { "ID": 851000002783, "正式名称": "南山堂薬局牛久店", "機関区分": 5, "都道府県コード": 8, "市区町村コード": 219, "所在地": "茨城県牛久市牛久町１６６", "緯度": 35.968255, "経度": 140.136516, "url": "https://www.iryou.teikyouseido.mhlw.go.jp/znk-web/juminkanja/S2430/initialize?prefCd=08&kikanCd=1000002783&kikanKbn=nan", "url2": "http://www.nanzando-holdings.co.jp", "内容": "南山堂薬局牛久店0茨城県牛久市牛久町１６６" }, "geometry": { "type": "Point", "coordinates": [ 140.136516, 35.968255 ] } },
{ "type": "Feature", "properties": { "ID": 851000002784, "正式名称": "たんぽぽ薬局", "機関区分": 5, "都道府県コード": 8, "市区町村コード": 219, "所在地": "茨城県牛久市上柏田４－５４－１３", "緯度": 35.982356, "経度": 140.159493, "url": "https://www.iryou.teikyouseido.mhlw.go.jp/znk-web/juminkanja/S2430/initialize?prefCd=08&kikanCd=1000002784&kikanKbn=nan", "url2": null, "内容": "たんぽぽ薬局0茨城県牛久市上柏田４－５４－１３" }, "geometry": { "type": "Point", "coordinates": [ 140.159493, 35.982356 ] } },
{ "type": "Feature", "properties": { "ID": 851000002785, "正式名称": "アサヒ薬局うしく店", "機関区分": 5, "都道府県コード": 8, "市区町村コード": 219, "所在地": "茨城県牛久市中央１－２１－３", "緯度": 35.981436, "経度": 140.143345, "url": "https://www.iryou.teikyouseido.mhlw.go.jp/znk-web/juminkanja/S2430/initialize?prefCd=08&kikanCd=1000002785&kikanKbn=nan", "url2": "http://www.asahi-pharmacy.jp/ushiku.php", "内容": "アサヒ薬局うしく店0茨城県牛久市中央１－２１－３" }, "geometry": { "type": "Point", "coordinates": [ 140.143345, 35.981436 ] } },
{ "type": "Feature", "properties": { "ID": 851000002786, "正式名称": "あおぞら薬局", "機関区分": 5, "都道府県コード": 8, "市区町村コード": 219, "所在地": "茨城県牛久市栄町５－４５－５", "緯度": 35.979187, "経度": 140.151231, "url": "https://www.iryou.teikyouseido.mhlw.go.jp/znk-web/juminkanja/S2430/initialize?prefCd=08&kikanCd=1000002786&kikanKbn=nan", "url2": null, "内容": "あおぞら薬局0茨城県牛久市栄町５－４５－５" }, "geometry": { "type": "Point", "coordinates": [ 140.151231, 35.979187 ] } },
{ "type": "Feature", "properties": { "ID": 851000002787, "正式名称": "神田山調剤薬局龍ヶ崎", "機関区分": 5, "都道府県コード": 8, "市区町村コード": 208, "所在地": "茨城県龍ケ崎市長山７－９－９", "緯度": 35.947415, "経度": 140.164461, "url": "https://www.iryou.teikyouseido.mhlw.go.jp/znk-web/juminkanja/S2430/initialize?prefCd=08&kikanCd=1000002787&kikanKbn=nan", "url2": null, "内容": "神田山調剤薬局龍ヶ崎0茨城県龍ケ崎市長山７－９－９" }, "geometry": { "type": "Point", "coordinates": [ 140.164461, 35.947415 ] } },
{ "type": "Feature", "properties": { "ID": 851000002788, "正式名称": "クオール薬局牛久店", "機関区分": 5, "都道府県コード": 8, "市区町村コード": 219, "所在地": "茨城県牛久市さくら台１－１８－１", "緯度": 35.961411, "経度": 140.155893, "url": "https://www.iryou.teikyouseido.mhlw.go.jp/znk-web/juminkanja/S2430/initialize?prefCd=08&kikanCd=1000002788&kikanKbn=nan", "url2": "http://www.qol-net.co.jp/", "内容": "クオール薬局牛久店0茨城県牛久市さくら台１－１８－１" }, "geometry": { "type": "Point", "coordinates": [ 140.155893, 35.961411 ] } },
{ "type": "Feature", "properties": { "ID": 851000002789, "正式名称": "さくら台薬局", "機関区分": 5, "都道府県コード": 8, "市区町村コード": 219, "所在地": "茨城県牛久市さくら台１－１－１２", "緯度": 35.962595, "経度": 140.15256, "url": "https://www.iryou.teikyouseido.mhlw.go.jp/znk-web/juminkanja/S2430/initialize?prefCd=08&kikanCd=1000002789&kikanKbn=nan", "url2": null, "内容": "さくら台薬局0茨城県牛久市さくら台１－１－１２" }, "geometry": { "type": "Point", "coordinates": [ 140.15256, 35.962595 ] } },
{ "type": "Feature", "properties": { "ID": 851000002794, "正式名称": "まりも薬局", "機関区分": 5, "都道府県コード": 8, "市区町村コード": 219, "所在地": "茨城県牛久市中央５－１２－１８－１０２", "緯度": 35.977476, "経度": 140.14226, "url": "https://www.iryou.teikyouseido.mhlw.go.jp/znk-web/juminkanja/S2430/initialize?prefCd=08&kikanCd=1000002794&kikanKbn=nan", "url2": "http://irph.jp/", "内容": "まりも薬局0茨城県牛久市中央５－１２－１８－１０２" }, "geometry": { "type": "Point", "coordinates": [ 140.14226, 35.977476 ] } },
{ "type": "Feature", "properties": { "ID": 851000002796, "正式名称": "株式会社　ひまわり薬局", "機関区分": 5, "都道府県コード": 8, "市区町村コード": 219, "所在地": "茨城県牛久市岡見町９４０－２３", "緯度": 35.970427, "経度": 140.188787, "url": "https://www.iryou.teikyouseido.mhlw.go.jp/znk-web/juminkanja/S2430/initialize?prefCd=08&kikanCd=1000002796&kikanKbn=nan", "url2": null, "内容": "株式会社　ひまわり薬局0茨城県牛久市岡見町９４０－２３" }, "geometry": { "type": "Point", "coordinates": [ 140.188787, 35.970427 ] } },
{ "type": "Feature", "properties": { "ID": 851000002797, "正式名称": "エース　薬局", "機関区分": 5, "都道府県コード": 8, "市区町村コード": 208, "所在地": "茨城県龍ケ崎市貝原塚町３０３３‐９", "緯度": 35.943479, "経度": 140.189264, "url": "https://www.iryou.teikyouseido.mhlw.go.jp/znk-web/juminkanja/S2430/initialize?prefCd=08&kikanCd=1000002797&kikanKbn=nan", "url2": "https://starchouzaiyakkyoku.jimdofree.com/", "内容": "エース　薬局0茨城県龍ケ崎市貝原塚町３０３３‐９" }, "geometry": { "type": "Point", "coordinates": [ 140.189264, 35.943479 ] } },
{ "type": "Feature", "properties": { "ID": 851000002798, "正式名称": "スバル薬局", "機関区分": 5, "都道府県コード": 8, "市区町村コード": 208, "所在地": "茨城県龍ケ崎市藤ケ丘４－５－５", "緯度": 35.939839, "経度": 140.19584, "url": "https://www.iryou.teikyouseido.mhlw.go.jp/znk-web/juminkanja/S2430/initialize?prefCd=08&kikanCd=1000002798&kikanKbn=nan", "url2": "https://starchouzaiyakkyoku.jimdofree.com/", "内容": "スバル薬局0茨城県龍ケ崎市藤ケ丘４－５－５" }, "geometry": { "type": "Point", "coordinates": [ 140.19584, 35.939839 ] } },
{ "type": "Feature", "properties": { "ID": 851000002799, "正式名称": "南山堂薬局　龍ヶ崎店", "機関区分": 5, "都道府県コード": 8, "市区町村コード": 208, "所在地": "茨城県龍ケ崎市中里１－１－１３", "緯度": 35.933246, "経度": 140.203461, "url": "https://www.iryou.teikyouseido.mhlw.go.jp/znk-web/juminkanja/S2430/initialize?prefCd=08&kikanCd=1000002799&kikanKbn=nan", "url2": "http://www.nanzando.co.jp", "内容": "南山堂薬局　龍ヶ崎店0茨城県龍ケ崎市中里１－１－１３" }, "geometry": { "type": "Point", "coordinates": [ 140.203461, 35.933246 ] } },
{ "type": "Feature", "properties": { "ID": 851000002800, "正式名称": "カワチ薬局　竜ヶ崎店", "機関区分": 5, "都道府県コード": 8, "市区町村コード": 208, "所在地": "茨城県龍ケ崎市中里１－１－７", "緯度": 35.93269, "経度": 140.204461, "url": "https://www.iryou.teikyouseido.mhlw.go.jp/znk-web/juminkanja/S2430/initialize?prefCd=08&kikanCd=1000002800&kikanKbn=nan", "url2": "https://www.cawachi.co.jp", "内容": "カワチ薬局　竜ヶ崎店0茨城県龍ケ崎市中里１－１－７" }, "geometry": { "type": "Point", "coordinates": [ 140.204461, 35.93269 ] } },
{ "type": "Feature", "properties": { "ID": 851000002801, "正式名称": "アイン薬局　龍ヶ崎済生会病院店", "機関区分": 5, "都道府県コード": 8, "市区町村コード": 208, "所在地": "茨城県龍ケ崎市中里１丁目１番", "緯度": 35.93305, "経度": 140.202578, "url": "https://www.iryou.teikyouseido.mhlw.go.jp/znk-web/juminkanja/S2430/initialize?prefCd=08&kikanCd=1000002801&kikanKbn=nan", "url2": "http://www.ainj.co.jp/", "内容": "アイン薬局　龍ヶ崎済生会病院店0茨城県龍ケ崎市中里１丁目１番" }, "geometry": { "type": "Point", "coordinates": [ 140.202578, 35.93305 ] } },
{ "type": "Feature", "properties": { "ID": 851000002802, "正式名称": "薬局パンプキン", "機関区分": 5, "都道府県コード": 8, "市区町村コード": 229, "所在地": "茨城県稲敷市蒲ケ山７６－２１", "緯度": 35.96951, "経度": 140.276142, "url": "https://www.iryou.teikyouseido.mhlw.go.jp/znk-web/juminkanja/S2430/initialize?prefCd=08&kikanCd=1000002802&kikanKbn=nan", "url2": "http://rise1295.blog.fc2.com/", "内容": "薬局パンプキン0茨城県稲敷市蒲ケ山７６－２１" }, "geometry": { "type": "Point", "coordinates": [ 140.276142, 35.96951 ] } },
{ "type": "Feature", "properties": { "ID": 851000002805, "正式名称": "ひろせ薬局", "機関区分": 5, "都道府県コード": 8, "市区町村コード": 208, "所在地": "茨城県龍ケ崎市中里１丁目１－１０", "緯度": 35.932773, "経度": 140.203354, "url": "https://www.iryou.teikyouseido.mhlw.go.jp/znk-web/juminkanja/S2430/initialize?prefCd=08&kikanCd=1000002805&kikanKbn=nan", "url2": null, "内容": "ひろせ薬局0茨城県龍ケ崎市中里１丁目１－１０" }, "geometry": { "type": "Point", "coordinates": [ 140.203354, 35.932773 ] } },
{ "type": "Feature", "properties": { "ID": 851000002809, "正式名称": "薬局マツモトキヨシ　江戸崎店", "機関区分": 5, "都道府県コード": 8, "市区町村コード": 229, "所在地": "茨城県稲敷市江戸崎町甲２１３７－１", "緯度": 35.960033, "経度": 140.317426, "url": "https://www.iryou.teikyouseido.mhlw.go.jp/znk-web/juminkanja/S2430/initialize?prefCd=08&kikanCd=1000002809&kikanKbn=nan", "url2": "https://www.matsukiyococokara-online.com/store/", "内容": "薬局マツモトキヨシ　江戸崎店0茨城県稲敷市江戸崎町甲２１３７－１" }, "geometry": { "type": "Point", "coordinates": [ 140.317426, 35.960033 ] } },
{ "type": "Feature", "properties": { "ID": 851000002810, "正式名称": "すず薬局ぬまた店", "機関区分": 5, "都道府県コード": 8, "市区町村コード": 229, "所在地": "茨城県稲敷市沼田２６８７ー４", "緯度": 35.962672, "経度": 140.287342, "url": "https://www.iryou.teikyouseido.mhlw.go.jp/znk-web/juminkanja/S2430/initialize?prefCd=08&kikanCd=1000002810&kikanKbn=nan", "url2": "http://www15.ocn.ne.jp/~f-suzu/", "内容": "すず薬局ぬまた店0茨城県稲敷市沼田２６８７ー４" }, "geometry": { "type": "Point", "coordinates": [ 140.287342, 35.962672 ] } },
{ "type": "Feature", "properties": { "ID": 851000002811, "正式名称": "さくらい薬局桜川古渡店", "機関区分": 5, "都道府県コード": 8, "市区町村コード": 229, "所在地": "茨城県稲敷市古渡３６－１", "緯度": 35.972722, "経度": 140.354843, "url": "https://www.iryou.teikyouseido.mhlw.go.jp/znk-web/juminkanja/S2430/initialize?prefCd=08&kikanCd=1000002811&kikanKbn=nan", "url2": "http://www.sakurai-yakkyoku.com", "内容": "さくらい薬局桜川古渡店0茨城県稲敷市古渡３６－１" }, "geometry": { "type": "Point", "coordinates": [ 140.354843, 35.972722 ] } },
{ "type": "Feature", "properties": { "ID": 851000002812, "正式名称": "南山堂薬局　江戸崎店", "機関区分": 5, "都道府県コード": 8, "市区町村コード": 229, "所在地": "茨城県稲敷市佐倉３２５１－８", "緯度": 35.976033, "経度": 140.323235, "url": "https://www.iryou.teikyouseido.mhlw.go.jp/znk-web/juminkanja/S2430/initialize?prefCd=08&kikanCd=1000002812&kikanKbn=nan", "url2": "http://www.nanzando.co.jp/", "内容": "南山堂薬局　江戸崎店0茨城県稲敷市佐倉３２５１－８" }, "geometry": { "type": "Point", "coordinates": [ 140.323235, 35.976033 ] } },
{ "type": "Feature", "properties": { "ID": 851000002813, "正式名称": "鰯屋薬局", "機関区分": 5, "都道府県コード": 8, "市区町村コード": 229, "所在地": "茨城県稲敷市江戸崎甲２６７４", "緯度": 35.958612, "経度": 140.320162, "url": "https://www.iryou.teikyouseido.mhlw.go.jp/znk-web/juminkanja/S2430/initialize?prefCd=08&kikanCd=1000002813&kikanKbn=nan", "url2": null, "内容": "鰯屋薬局0茨城県稲敷市江戸崎甲２６７４" }, "geometry": { "type": "Point", "coordinates": [ 140.320162, 35.958612 ] } },
{ "type": "Feature", "properties": { "ID": 851000002818, "正式名称": "向日葵薬局", "機関区分": 5, "都道府県コード": 8, "市区町村コード": 233, "所在地": "茨城県行方市麻生１１０８－７", "緯度": 35.986667, "経度": 140.488333, "url": "https://www.iryou.teikyouseido.mhlw.go.jp/znk-web/juminkanja/S2430/initialize?prefCd=08&kikanCd=1000002818&kikanKbn=nan", "url2": null, "内容": "向日葵薬局0茨城県行方市麻生１１０８－７" }, "geometry": { "type": "Point", "coordinates": [ 140.488333, 35.986667 ] } },
{ "type": "Feature", "properties": { "ID": 851000002825, "正式名称": "アイン薬局　潮来店", "機関区分": 5, "都道府県コード": 8, "市区町村コード": 223, "所在地": "茨城県潮来市辻４１６－１", "緯度": 35.946667, "経度": 140.562222, "url": "https://www.iryou.teikyouseido.mhlw.go.jp/znk-web/juminkanja/S2430/initialize?prefCd=08&kikanCd=1000002825&kikanKbn=nan", "url2": "http://www.ainj.co.jp/", "内容": "アイン薬局　潮来店0茨城県潮来市辻４１６－１" }, "geometry": { "type": "Point", "coordinates": [ 140.562222, 35.946667 ] } },
{ "type": "Feature", "properties": { "ID": 851000002827, "正式名称": "株式会社　松崎　松崎薬局", "機関区分": 5, "都道府県コード": 8, "市区町村コード": 223, "所在地": "茨城県潮来市潮来２９５－１", "緯度": 35.938975, "経度": 140.544919, "url": "https://www.iryou.teikyouseido.mhlw.go.jp/znk-web/juminkanja/S2430/initialize?prefCd=08&kikanCd=1000002827&kikanKbn=nan", "url2": "https://www.matsup-itako.com/", "内容": "株式会社　松崎　松崎薬局0茨城県潮来市潮来２９５－１" }, "geometry": { "type": "Point", "coordinates": [ 140.544919, 35.938975 ] } },
{ "type": "Feature", "properties": { "ID": 851000002833, "正式名称": "みやわき健康薬局", "機関区分": 5, "都道府県コード": 8, "市区町村コード": 222, "所在地": "茨城県鹿嶋市宮中２０４８－２０", "緯度": 35.969722, "経度": 140.650833, "url": "https://www.iryou.teikyouseido.mhlw.go.jp/znk-web/juminkanja/S2430/initialize?prefCd=08&kikanCd=1000002833&kikanKbn=nan", "url2": null, "内容": "みやわき健康薬局0茨城県鹿嶋市宮中２０４８－２０" }, "geometry": { "type": "Point", "coordinates": [ 140.650833, 35.969722 ] } },
{ "type": "Feature", "properties": { "ID": 851000002835, "正式名称": "タグチ薬局", "機関区分": 5, "都道府県コード": 8, "市区町村コード": 222, "所在地": "茨城県鹿嶋市平井", "緯度": 35.966667, "経度": 140.668889, "url": "https://www.iryou.teikyouseido.mhlw.go.jp/znk-web/juminkanja/S2430/initialize?prefCd=08&kikanCd=1000002835&kikanKbn=nan", "url2": null, "内容": "タグチ薬局0茨城県鹿嶋市平井" }, "geometry": { "type": "Point", "coordinates": [ 140.668889, 35.966667 ] } },
{ "type": "Feature", "properties": { "ID": 851000002836, "正式名称": "ユニスマイル薬局　鹿嶋平井店", "機関区分": 5, "都道府県コード": 8, "市区町村コード": 222, "所在地": "茨城県鹿嶋市平井１３４５ー７", "緯度": 35.96, "経度": 140.665278, "url": "https://www.iryou.teikyouseido.mhlw.go.jp/znk-web/juminkanja/S2430/initialize?prefCd=08&kikanCd=1000002836&kikanKbn=nan", "url2": "https://unismile.co.jp", "内容": "ユニスマイル薬局　鹿嶋平井店0茨城県鹿嶋市平井１３４５ー７" }, "geometry": { "type": "Point", "coordinates": [ 140.665278, 35.96 ] } },
{ "type": "Feature", "properties": { "ID": 851000002837, "正式名称": "ユニスマイル薬局鹿嶋東山店", "機関区分": 5, "都道府県コード": 8, "市区町村コード": 222, "所在地": "茨城県鹿嶋市宮中１９９５－６８", "緯度": 35.963825, "経度": 140.637981, "url": "https://www.iryou.teikyouseido.mhlw.go.jp/znk-web/juminkanja/S2430/initialize?prefCd=08&kikanCd=1000002837&kikanKbn=nan", "url2": "https://unismile.co.jp", "内容": "ユニスマイル薬局鹿嶋東山店0茨城県鹿嶋市宮中１９９５－６８" }, "geometry": { "type": "Point", "coordinates": [ 140.637981, 35.963825 ] } },
{ "type": "Feature", "properties": { "ID": 851000002838, "正式名称": "大船津薬局", "機関区分": 5, "都道府県コード": 8, "市区町村コード": 222, "所在地": "茨城県鹿嶋市大船津３１８８－２", "緯度": 35.960131, "経度": 140.618101, "url": "https://www.iryou.teikyouseido.mhlw.go.jp/znk-web/juminkanja/S2430/initialize?prefCd=08&kikanCd=1000002838&kikanKbn=nan", "url2": "https://p-nakayama.com/ohunatsu.html", "内容": "大船津薬局0茨城県鹿嶋市大船津３１８８－２" }, "geometry": { "type": "Point", "coordinates": [ 140.618101, 35.960131 ] } },
{ "type": "Feature", "properties": { "ID": 851000002839, "正式名称": "みほの薬局", "機関区分": 5, "都道府県コード": 8, "市区町村コード": 222, "所在地": "茨城県鹿嶋市宮津台２３４６－５", "緯度": 35.976111, "経度": 140.648889, "url": "https://www.iryou.teikyouseido.mhlw.go.jp/znk-web/juminkanja/S2430/initialize?prefCd=08&kikanCd=1000002839&kikanKbn=nan", "url2": null, "内容": "みほの薬局0茨城県鹿嶋市宮津台２３４６－５" }, "geometry": { "type": "Point", "coordinates": [ 140.648889, 35.976111 ] } },
{ "type": "Feature", "properties": { "ID": 851000002841, "正式名称": "めだか薬局", "機関区分": 5, "都道府県コード": 8, "市区町村コード": 222, "所在地": "茨城県鹿嶋市宮中８－９－１９", "緯度": 35.959444, "経度": 140.629722, "url": "https://www.iryou.teikyouseido.mhlw.go.jp/znk-web/juminkanja/S2430/initialize?prefCd=08&kikanCd=1000002841&kikanKbn=nan", "url2": "https://medaka-pharmacy.jp/", "内容": "めだか薬局0茨城県鹿嶋市宮中８－９－１９" }, "geometry": { "type": "Point", "coordinates": [ 140.629722, 35.959444 ] } },
{ "type": "Feature", "properties": { "ID": 851000002842, "正式名称": "パルム薬局　宮中店", "機関区分": 5, "都道府県コード": 8, "市区町村コード": 222, "所在地": "茨城県鹿嶋市宮中三笠山５１８５－１", "緯度": 35.966086, "経度": 140.636599, "url": "https://www.iryou.teikyouseido.mhlw.go.jp/znk-web/juminkanja/S2430/initialize?prefCd=08&kikanCd=1000002842&kikanKbn=nan", "url2": null, "内容": "パルム薬局　宮中店0茨城県鹿嶋市宮中三笠山５１８５－１" }, "geometry": { "type": "Point", "coordinates": [ 140.636599, 35.966086 ] } },
{ "type": "Feature", "properties": { "ID": 851000002845, "正式名称": "さつき薬局本店", "機関区分": 5, "都道府県コード": 8, "市区町村コード": 222, "所在地": "茨城県鹿嶋市厨４－２－８", "緯度": 35.974956, "経度": 140.626777, "url": "https://www.iryou.teikyouseido.mhlw.go.jp/znk-web/juminkanja/S2430/initialize?prefCd=08&kikanCd=1000002845&kikanKbn=nan", "url2": "http://jp-group.co.jp", "内容": "さつき薬局本店0茨城県鹿嶋市厨４－２－８" }, "geometry": { "type": "Point", "coordinates": [ 140.626777, 35.974956 ] } },
{ "type": "Feature", "properties": { "ID": 851000002846, "正式名称": "さつき薬局２号店", "機関区分": 5, "都道府県コード": 8, "市区町村コード": 222, "所在地": "茨城県鹿嶋市厨５－５－１０", "緯度": 35.971944, "経度": 140.629167, "url": "https://www.iryou.teikyouseido.mhlw.go.jp/znk-web/juminkanja/S2430/initialize?prefCd=08&kikanCd=1000002846&kikanKbn=nan", "url2": "http://www.jp-group.co.jp/jp/shop/satsuki2ten.html#satsuki2", "内容": "さつき薬局２号店0茨城県鹿嶋市厨５－５－１０" }, "geometry": { "type": "Point", "coordinates": [ 140.629167, 35.971944 ] } },
{ "type": "Feature", "properties": { "ID": 851000002848, "正式名称": "薬局与市　鹿嶋宮中店", "機関区分": 5, "都道府県コード": 8, "市区町村コード": 222, "所在地": "茨城県鹿嶋市宮中２９７－１２", "緯度": 35.956111, "経度": 140.645556, "url": "https://www.iryou.teikyouseido.mhlw.go.jp/znk-web/juminkanja/S2430/initialize?prefCd=08&kikanCd=1000002848&kikanKbn=nan", "url2": "https://pharmacy-yoichi.com/", "内容": "薬局与市　鹿嶋宮中店0茨城県鹿嶋市宮中２９７－１２" }, "geometry": { "type": "Point", "coordinates": [ 140.645556, 35.956111 ] } },
{ "type": "Feature", "properties": { "ID": 851000002850, "正式名称": "さくら薬局　三笠山店", "機関区分": 5, "都道府県コード": 8, "市区町村コード": 222, "所在地": "茨城県鹿嶋市宮中２０６２－９", "緯度": 35.9675, "経度": 140.6475, "url": "https://www.iryou.teikyouseido.mhlw.go.jp/znk-web/juminkanja/S2430/initialize?prefCd=08&kikanCd=1000002850&kikanKbn=nan", "url2": "http://www.kraft-net.co.jp/", "内容": "さくら薬局　三笠山店0茨城県鹿嶋市宮中２０６２－９" }, "geometry": { "type": "Point", "coordinates": [ 140.6475, 35.9675 ] } },
{ "type": "Feature", "properties": { "ID": 851000002851, "正式名称": "ヤックスドラッグ鹿嶋薬局", "機関区分": 5, "都道府県コード": 8, "市区町村コード": 222, "所在地": "茨城県鹿嶋市厨３丁目１０番１号", "緯度": 35.973889, "経度": 140.635278, "url": "https://www.iryou.teikyouseido.mhlw.go.jp/znk-web/juminkanja/S2430/initialize?prefCd=08&kikanCd=1000002851&kikanKbn=nan", "url2": "http://yacs.jp", "内容": "ヤックスドラッグ鹿嶋薬局0茨城県鹿嶋市厨３丁目１０番１号" }, "geometry": { "type": "Point", "coordinates": [ 140.635278, 35.973889 ] } },
{ "type": "Feature", "properties": { "ID": 851000002853, "正式名称": "有限会社　もとはし薬局　ナカネ", "機関区分": 5, "都道府県コード": 8, "市区町村コード": 228, "所在地": "茨城県坂東市岩井　１１５９－４", "緯度": 36.056944, "経度": 139.892778, "url": "https://www.iryou.teikyouseido.mhlw.go.jp/znk-web/juminkanja/S2430/initialize?prefCd=08&kikanCd=1000002853&kikanKbn=nan", "url2": null, "内容": "有限会社　もとはし薬局　ナカネ0茨城県坂東市岩井　１１５９－４" }, "geometry": { "type": "Point", "coordinates": [ 139.892778, 36.056944 ] } },
{ "type": "Feature", "properties": { "ID": 851000002855, "正式名称": "いしつか薬局", "機関区分": 5, "都道府県コード": 8, "市区町村コード": 228, "所在地": "茨城県坂東市岩井３２９２－１８", "緯度": 36.049137, "経度": 139.884999, "url": "https://www.iryou.teikyouseido.mhlw.go.jp/znk-web/juminkanja/S2430/initialize?prefCd=08&kikanCd=1000002855&kikanKbn=nan", "url2": "http://irph.jp", "内容": "いしつか薬局0茨城県坂東市岩井３２９２－１８" }, "geometry": { "type": "Point", "coordinates": [ 139.884999, 36.049137 ] } },
{ "type": "Feature", "properties": { "ID": 851000002856, "正式名称": "神田山調剤薬局　坂東", "機関区分": 5, "都道府県コード": 8, "市区町村コード": 228, "所在地": "茨城県坂東市神田山", "緯度": 36.031111, "経度": 139.918333, "url": "https://www.iryou.teikyouseido.mhlw.go.jp/znk-web/juminkanja/S2430/initialize?prefCd=08&kikanCd=1000002856&kikanKbn=nan", "url2": null, "内容": "神田山調剤薬局　坂東0茨城県坂東市神田山" }, "geometry": { "type": "Point", "coordinates": [ 139.918333, 36.031111 ] } },
{ "type": "Feature", "properties": { "ID": 851000002857, "正式名称": "有限会社　もとはし薬局", "機関区分": 5, "都道府県コード": 8, "市区町村コード": 228, "所在地": "茨城県坂東市岩井４４６２", "緯度": 36.043333, "経度": 139.890833, "url": "https://www.iryou.teikyouseido.mhlw.go.jp/znk-web/juminkanja/S2430/initialize?prefCd=08&kikanCd=1000002857&kikanKbn=nan", "url2": null, "内容": "有限会社　もとはし薬局0茨城県坂東市岩井４４６２" }, "geometry": { "type": "Point", "coordinates": [ 139.890833, 36.043333 ] } },
{ "type": "Feature", "properties": { "ID": 851000002858, "正式名称": "マスダ調剤薬局", "機関区分": 5, "都道府県コード": 8, "市区町村コード": 228, "所在地": "茨城県坂東市辺田", "緯度": 36.044268, "経度": 139.896629, "url": "https://www.iryou.teikyouseido.mhlw.go.jp/znk-web/juminkanja/S2430/initialize?prefCd=08&kikanCd=1000002858&kikanKbn=nan", "url2": null, "内容": "マスダ調剤薬局0茨城県坂東市辺田" }, "geometry": { "type": "Point", "coordinates": [ 139.896629, 36.044268 ] } },
{ "type": "Feature", "properties": { "ID": 851000002859, "正式名称": "さくら薬局　坂東岩井店", "機関区分": 5, "都道府県コード": 8, "市区町村コード": 228, "所在地": "茨城県坂東市岩井４５９７番地１", "緯度": 36.044104, "経度": 139.887997, "url": "https://www.iryou.teikyouseido.mhlw.go.jp/znk-web/juminkanja/S2430/initialize?prefCd=08&kikanCd=1000002859&kikanKbn=nan", "url2": "https://www.kraft-net.co.jp/sakura/store/3378/", "内容": "さくら薬局　坂東岩井店0茨城県坂東市岩井４５９７番地１" }, "geometry": { "type": "Point", "coordinates": [ 139.887997, 36.044104 ] } },
{ "type": "Feature", "properties": { "ID": 851000002861, "正式名称": "カワチ薬局　坂東店", "機関区分": 5, "都道府県コード": 8, "市区町村コード": 228, "所在地": "茨城県坂東市辺田１１０４－１", "緯度": 36.036111, "経度": 139.893889, "url": "https://www.iryou.teikyouseido.mhlw.go.jp/znk-web/juminkanja/S2430/initialize?prefCd=08&kikanCd=1000002861&kikanKbn=nan", "url2": "http://www.cawachi.co.jp", "内容": "カワチ薬局　坂東店0茨城県坂東市辺田１１０４－１" }, "geometry": { "type": "Point", "coordinates": [ 139.893889, 36.036111 ] } },
{ "type": "Feature", "properties": { "ID": 851000002862, "正式名称": "アイン薬局坂東岩井店", "機関区分": 5, "都道府県コード": 8, "市区町村コード": 228, "所在地": "茨城県坂東市岩井３３２２－２", "緯度": 36.045833, "経度": 139.889722, "url": "https://www.iryou.teikyouseido.mhlw.go.jp/znk-web/juminkanja/S2430/initialize?prefCd=08&kikanCd=1000002862&kikanKbn=nan", "url2": "http://www.ainj.co.jp/asahi-ph/", "内容": "アイン薬局坂東岩井店0茨城県坂東市岩井３３２２－２" }, "geometry": { "type": "Point", "coordinates": [ 139.889722, 36.045833 ] } },
{ "type": "Feature", "properties": { "ID": 851000002863, "正式名称": "あけぼの薬局　水海道店", "機関区分": 5, "都道府県コード": 8, "市区町村コード": 211, "所在地": "茨城県常総市水海道諏訪町　３３０２－３", "緯度": 36.024093, "経度": 139.991641, "url": "https://www.iryou.teikyouseido.mhlw.go.jp/znk-web/juminkanja/S2430/initialize?prefCd=08&kikanCd=1000002863&kikanKbn=nan", "url2": "http://www.akebono1.com/mitsukaido.html", "内容": "あけぼの薬局　水海道店0茨城県常総市水海道諏訪町　３３０２－３" }, "geometry": { "type": "Point", "coordinates": [ 139.991641, 36.024093 ] } },
{ "type": "Feature", "properties": { "ID": 851000002864, "正式名称": "株式会社のぎさき薬局水海道店", "機関区分": 5, "都道府県コード": 8, "市区町村コード": 211, "所在地": "茨城県常総市水海道山田町１５４４－１", "緯度": 36.01624, "経度": 139.991717, "url": "https://www.iryou.teikyouseido.mhlw.go.jp/znk-web/juminkanja/S2430/initialize?prefCd=08&kikanCd=1000002864&kikanKbn=nan", "url2": null, "内容": "株式会社のぎさき薬局水海道店0茨城県常総市水海道山田町１５４４－１" }, "geometry": { "type": "Point", "coordinates": [ 139.991717, 36.01624 ] } },
{ "type": "Feature", "properties": { "ID": 851000002865, "正式名称": "ウエルシア薬局　つくばみどりの店", "機関区分": 5, "都道府県コード": 8, "市区町村コード": 220, "所在地": "茨城県つくば市みどりの１丁目３２－１", "緯度": 36.025278, "経度": 140.0575, "url": "https://www.iryou.teikyouseido.mhlw.go.jp/znk-web/juminkanja/S2430/initialize?prefCd=08&kikanCd=1000002865&kikanKbn=nan", "url2": "http://www.welcia-yakkyoku.co.jp/", "内容": "ウエルシア薬局　つくばみどりの店0茨城県つくば市みどりの１丁目３２－１" }, "geometry": { "type": "Point", "coordinates": [ 140.0575, 36.025278 ] } },
{ "type": "Feature", "properties": { "ID": 851000002867, "正式名称": "アイン薬局　水海道店", "機関区分": 5, "都道府県コード": 8, "市区町村コード": 211, "所在地": "茨城県常総市新井木町１２２－１０", "緯度": 36.021389, "経度": 140.001944, "url": "https://www.iryou.teikyouseido.mhlw.go.jp/znk-web/juminkanja/S2430/initialize?prefCd=08&kikanCd=1000002867&kikanKbn=nan", "url2": "http://ainj.co.jp/", "内容": "アイン薬局　水海道店0茨城県常総市新井木町１２２－１０" }, "geometry": { "type": "Point", "coordinates": [ 140.001944, 36.021389 ] } },
{ "type": "Feature", "properties": { "ID": 851000002868, "正式名称": "野尻薬局美妻橋店", "機関区分": 5, "都道府県コード": 8, "市区町村コード": 211, "所在地": "茨城県常総市中妻町２６１９－２", "緯度": 36.059797, "経度": 139.981189, "url": "https://www.iryou.teikyouseido.mhlw.go.jp/znk-web/juminkanja/S2430/initialize?prefCd=08&kikanCd=1000002868&kikanKbn=nan", "url2": "http://jent-farma.rdy.jp/index.html", "内容": "野尻薬局美妻橋店0茨城県常総市中妻町２６１９－２" }, "geometry": { "type": "Point", "coordinates": [ 139.981189, 36.059797 ] } },
{ "type": "Feature", "properties": { "ID": 851000002869, "正式名称": "黒鳥薬局", "機関区分": 5, "都道府県コード": 8, "市区町村コード": 211, "所在地": "茨城県常総市水海道淵頭町２９３１", "緯度": 36.015556, "経度": 139.998611, "url": "https://www.iryou.teikyouseido.mhlw.go.jp/znk-web/juminkanja/S2430/initialize?prefCd=08&kikanCd=1000002869&kikanKbn=nan", "url2": "http://www.joso-town.jp/14447201709170", "内容": "黒鳥薬局0茨城県常総市水海道淵頭町２９３１" }, "geometry": { "type": "Point", "coordinates": [ 139.998611, 36.015556 ] } },
{ "type": "Feature", "properties": { "ID": 851000002873, "正式名称": "遠藤薬局", "機関区分": 5, "都道府県コード": 8, "市区町村コード": 211, "所在地": "茨城県常総市水海道諏訪町２８０２－６", "緯度": 36.018056, "経度": 139.996389, "url": "https://www.iryou.teikyouseido.mhlw.go.jp/znk-web/juminkanja/S2430/initialize?prefCd=08&kikanCd=1000002873&kikanKbn=nan", "url2": null, "内容": "遠藤薬局0茨城県常総市水海道諏訪町２８０２－６" }, "geometry": { "type": "Point", "coordinates": [ 139.996389, 36.018056 ] } },
{ "type": "Feature", "properties": { "ID": 851000002874, "正式名称": "カシワヤ薬局", "機関区分": 5, "都道府県コード": 8, "市区町村コード": 211, "所在地": "茨城県常総市水海道宝町２７６２－８", "緯度": 36.021383, "経度": 139.988935, "url": "https://www.iryou.teikyouseido.mhlw.go.jp/znk-web/juminkanja/S2430/initialize?prefCd=08&kikanCd=1000002874&kikanKbn=nan", "url2": null, "内容": "カシワヤ薬局0茨城県常総市水海道宝町２７６２－８" }, "geometry": { "type": "Point", "coordinates": [ 139.988935, 36.021383 ] } },
{ "type": "Feature", "properties": { "ID": 851000002875, "正式名称": "さくら薬局　水海道森下店", "機関区分": 5, "都道府県コード": 8, "市区町村コード": 211, "所在地": "茨城県常総市水海道森下町４４２９", "緯度": 36.03, "経度": 139.993611, "url": "https://www.iryou.teikyouseido.mhlw.go.jp/znk-web/juminkanja/S2430/initialize?prefCd=08&kikanCd=1000002875&kikanKbn=nan", "url2": "https://www.kraft-net.co.jp/sakura/store/3454/", "内容": "さくら薬局　水海道森下店0茨城県常総市水海道森下町４４２９" }, "geometry": { "type": "Point", "coordinates": [ 139.993611, 36.03 ] } },
{ "type": "Feature", "properties": { "ID": 851000002877, "正式名称": "薬樹薬局　水海道", "機関区分": 5, "都道府県コード": 8, "市区町村コード": 211, "所在地": "茨城県常総市水海道宝町２８３５番地５", "緯度": 36.017222, "経度": 139.995, "url": "https://www.iryou.teikyouseido.mhlw.go.jp/znk-web/juminkanja/S2430/initialize?prefCd=08&kikanCd=1000002877&kikanKbn=nan", "url2": "http://www.yakuju.co.jp/", "内容": "薬樹薬局　水海道0茨城県常総市水海道宝町２８３５番地５" }, "geometry": { "type": "Point", "coordinates": [ 139.995, 36.017222 ] } },
{ "type": "Feature", "properties": { "ID": 851000002879, "正式名称": "有限会社大竹薬局", "機関区分": 5, "都道府県コード": 8, "市区町村コード": 220, "所在地": "茨城県つくば市谷田部２９６６", "緯度": 36.032506, "経度": 140.075342, "url": "https://www.iryou.teikyouseido.mhlw.go.jp/znk-web/juminkanja/S2430/initialize?prefCd=08&kikanCd=1000002879&kikanKbn=nan", "url2": "https://www.kusuri-ai.com/information/", "内容": "有限会社大竹薬局0茨城県つくば市谷田部２９６６" }, "geometry": { "type": "Point", "coordinates": [ 140.075342, 36.032506 ] } },
{ "type": "Feature", "properties": { "ID": 851000002881, "正式名称": "スズラン調剤薬局学園店", "機関区分": 5, "都道府県コード": 8, "市区町村コード": 220, "所在地": "茨城県つくば市梅園２－１６－３１", "緯度": 36.055833, "経度": 140.142222, "url": "https://www.iryou.teikyouseido.mhlw.go.jp/znk-web/juminkanja/S2430/initialize?prefCd=08&kikanCd=1000002881&kikanKbn=nan", "url2": null, "内容": "スズラン調剤薬局学園店0茨城県つくば市梅園２－１６－３１" }, "geometry": { "type": "Point", "coordinates": [ 140.142222, 36.055833 ] } },
{ "type": "Feature", "properties": { "ID": 851000002883, "正式名称": "学園薬局上横場店", "機関区分": 5, "都道府県コード": 8, "市区町村コード": 220, "所在地": "茨城県つくば市上横場", "緯度": 36.338333, "経度": 140.45, "url": "https://www.iryou.teikyouseido.mhlw.go.jp/znk-web/juminkanja/S2430/initialize?prefCd=08&kikanCd=1000002883&kikanKbn=nan", "url2": null, "内容": "学園薬局上横場店0茨城県つくば市上横場" }, "geometry": { "type": "Point", "coordinates": [ 140.45, 36.338333 ] } },
{ "type": "Feature", "properties": { "ID": 851000002884, "正式名称": "三島屋薬局", "機関区分": 5, "都道府県コード": 8, "市区町村コード": 220, "所在地": "茨城県つくば市館野３６４―１", "緯度": 36.042778, "経度": 140.117778, "url": "https://www.iryou.teikyouseido.mhlw.go.jp/znk-web/juminkanja/S2430/initialize?prefCd=08&kikanCd=1000002884&kikanKbn=nan", "url2": null, "内容": "三島屋薬局0茨城県つくば市館野３６４―１" }, "geometry": { "type": "Point", "coordinates": [ 140.117778, 36.042778 ] } },
{ "type": "Feature", "properties": { "ID": 851000002887, "正式名称": "ナップ薬局大角豆店", "機関区分": 5, "都道府県コード": 8, "市区町村コード": 220, "所在地": "茨城県つくば市大角豆９３０番地１０号", "緯度": 36.065944, "経度": 140.149678, "url": "https://www.iryou.teikyouseido.mhlw.go.jp/znk-web/juminkanja/S2430/initialize?prefCd=08&kikanCd=1000002887&kikanKbn=nan", "url2": null, "内容": "ナップ薬局大角豆店0茨城県つくば市大角豆９３０番地１０号" }, "geometry": { "type": "Point", "coordinates": [ 140.149678, 36.065944 ] } },
{ "type": "Feature", "properties": { "ID": 851000002888, "正式名称": "あいず薬局つくば東店", "機関区分": 5, "都道府県コード": 8, "市区町村コード": 220, "所在地": "茨城県つくば市東２－３１－６　巴ビルパートⅡ１０３", "緯度": 36.050522, "経度": 140.132985, "url": "https://www.iryou.teikyouseido.mhlw.go.jp/znk-web/juminkanja/S2430/initialize?prefCd=08&kikanCd=1000002888&kikanKbn=nan", "url2": null, "内容": "あいず薬局つくば東店0茨城県つくば市東２－３１－６　巴ビルパートⅡ１０３" }, "geometry": { "type": "Point", "coordinates": [ 140.132985, 36.050522 ] } },
{ "type": "Feature", "properties": { "ID": 851000002889, "正式名称": "はあと薬局", "機関区分": 5, "都道府県コード": 8, "市区町村コード": 220, "所在地": "茨城県つくば市手代木１９３７－２", "緯度": 36.061111, "経度": 140.103611, "url": "https://www.iryou.teikyouseido.mhlw.go.jp/znk-web/juminkanja/S2430/initialize?prefCd=08&kikanCd=1000002889&kikanKbn=nan", "url2": "https://haato0701.com/", "内容": "はあと薬局0茨城県つくば市手代木１９３７－２" }, "geometry": { "type": "Point", "coordinates": [ 140.103611, 36.061111 ] } },
{ "type": "Feature", "properties": { "ID": 851000002890, "正式名称": "高崎薬局", "機関区分": 5, "都道府県コード": 8, "市区町村コード": 220, "所在地": "茨城県つくば市高崎１３７１－６", "緯度": 36.00452, "経度": 140.116756, "url": "https://www.iryou.teikyouseido.mhlw.go.jp/znk-web/juminkanja/S2430/initialize?prefCd=08&kikanCd=1000002890&kikanKbn=nan", "url2": "https://kantou-iryou.co.jp/shop/", "内容": "高崎薬局0茨城県つくば市高崎１３７１－６" }, "geometry": { "type": "Point", "coordinates": [ 140.116756, 36.00452 ] } },
{ "type": "Feature", "properties": { "ID": 851000002891, "正式名称": "アイン薬局　つくば学園店", "機関区分": 5, "都道府県コード": 8, "市区町村コード": 220, "所在地": "茨城県つくば市上横場２５７３番地２５６", "緯度": 36.03927, "経度": 140.098278, "url": "https://www.iryou.teikyouseido.mhlw.go.jp/znk-web/juminkanja/S2430/initialize?prefCd=08&kikanCd=1000002891&kikanKbn=nan", "url2": "http://www.ainj.co.jp", "内容": "アイン薬局　つくば学園店0茨城県つくば市上横場２５７３番地２５６" }, "geometry": { "type": "Point", "coordinates": [ 140.098278, 36.03927 ] } },
{ "type": "Feature", "properties": { "ID": 851000002892, "正式名称": "アイン薬局つくば上横場店", "機関区分": 5, "都道府県コード": 8, "市区町村コード": 220, "所在地": "茨城県つくば市上横場２５７３－１２８", "緯度": 36.035278, "経度": 140.1, "url": "https://www.iryou.teikyouseido.mhlw.go.jp/znk-web/juminkanja/S2430/initialize?prefCd=08&kikanCd=1000002892&kikanKbn=nan", "url2": "http://www.ainj.co.jp", "内容": "アイン薬局つくば上横場店0茨城県つくば市上横場２５７３－１２８" }, "geometry": { "type": "Point", "coordinates": [ 140.1, 36.035278 ] } },
{ "type": "Feature", "properties": { "ID": 851000002893, "正式名称": "ひがし調剤薬局", "機関区分": 5, "都道府県コード": 8, "市区町村コード": 220, "所在地": "茨城県つくば市東２－２６－１５", "緯度": 36.052412, "経度": 140.132314, "url": "https://www.iryou.teikyouseido.mhlw.go.jp/znk-web/juminkanja/S2430/initialize?prefCd=08&kikanCd=1000002893&kikanKbn=nan", "url2": null, "内容": "ひがし調剤薬局0茨城県つくば市東２－２６－１５" }, "geometry": { "type": "Point", "coordinates": [ 140.132314, 36.052412 ] } },
{ "type": "Feature", "properties": { "ID": 851000002894, "正式名称": "ヒロ調剤薬局", "機関区分": 5, "都道府県コード": 8, "市区町村コード": 220, "所在地": "茨城県つくば市谷田部５８９３－４", "緯度": 36.035, "経度": 140.081944, "url": "https://www.iryou.teikyouseido.mhlw.go.jp/znk-web/juminkanja/S2430/initialize?prefCd=08&kikanCd=1000002894&kikanKbn=nan", "url2": null, "内容": "ヒロ調剤薬局0茨城県つくば市谷田部５８９３－４" }, "geometry": { "type": "Point", "coordinates": [ 140.081944, 36.035 ] } },
{ "type": "Feature", "properties": { "ID": 851000002895, "正式名称": "高野台パーク薬局", "機関区分": 5, "都道府県コード": 8, "市区町村コード": 220, "所在地": "茨城県つくば市高野台３丁目１３－１", "緯度": 36.022945, "経度": 140.123746, "url": "https://www.iryou.teikyouseido.mhlw.go.jp/znk-web/juminkanja/S2430/initialize?prefCd=08&kikanCd=1000002895&kikanKbn=nan", "url2": null, "内容": "高野台パーク薬局0茨城県つくば市高野台３丁目１３－１" }, "geometry": { "type": "Point", "coordinates": [ 140.123746, 36.022945 ] } },
{ "type": "Feature", "properties": { "ID": 851000002896, "正式名称": "薬局くすりの福太郎　筑波学園店", "機関区分": 5, "都道府県コード": 8, "市区町村コード": 220, "所在地": "茨城県つくば市上横場２４６７－３", "緯度": 36.036111, "経度": 140.100833, "url": "https://www.iryou.teikyouseido.mhlw.go.jp/znk-web/juminkanja/S2430/initialize?prefCd=08&kikanCd=1000002896&kikanKbn=nan", "url2": "http://www.kusurinofukutaro.co.jp/", "内容": "薬局くすりの福太郎　筑波学園店0茨城県つくば市上横場２４６７－３" }, "geometry": { "type": "Point", "coordinates": [ 140.100833, 36.036111 ] } },
{ "type": "Feature", "properties": { "ID": 851000002898, "正式名称": "パイン薬局", "機関区分": 5, "都道府県コード": 8, "市区町村コード": 220, "所在地": "茨城県つくば市松野木１０９－６", "緯度": 36.05912, "経度": 140.111799, "url": "https://www.iryou.teikyouseido.mhlw.go.jp/znk-web/juminkanja/S2430/initialize?prefCd=08&kikanCd=1000002898&kikanKbn=nan", "url2": null, "内容": "パイン薬局0茨城県つくば市松野木１０９－６" }, "geometry": { "type": "Point", "coordinates": [ 140.111799, 36.05912 ] } },
{ "type": "Feature", "properties": { "ID": 851000002900, "正式名称": "つくば二の宮薬局", "機関区分": 5, "都道府県コード": 8, "市区町村コード": 220, "所在地": "茨城県つくば市二の宮２－５－１", "緯度": 36.061944, "経度": 140.122222, "url": "https://www.iryou.teikyouseido.mhlw.go.jp/znk-web/juminkanja/S2430/initialize?prefCd=08&kikanCd=1000002900&kikanKbn=nan", "url2": null, "内容": "つくば二の宮薬局0茨城県つくば市二の宮２－５－１" }, "geometry": { "type": "Point", "coordinates": [ 140.122222, 36.061944 ] } },
{ "type": "Feature", "properties": { "ID": 851000002901, "正式名称": "カワチ薬局　谷田部店", "機関区分": 5, "都道府県コード": 8, "市区町村コード": 220, "所在地": "茨城県つくば市上横場２３８４－１", "緯度": 36.039282, "経度": 140.095497, "url": "https://www.iryou.teikyouseido.mhlw.go.jp/znk-web/juminkanja/S2430/initialize?prefCd=08&kikanCd=1000002901&kikanKbn=nan", "url2": "https://www.cawachi.co.jp", "内容": "カワチ薬局　谷田部店0茨城県つくば市上横場２３８４－１" }, "geometry": { "type": "Point", "coordinates": [ 140.095497, 36.039282 ] } },
{ "type": "Feature", "properties": { "ID": 851000002903, "正式名称": "ライズ調剤薬局", "機関区分": 5, "都道府県コード": 8, "市区町村コード": 203, "所在地": "茨城県土浦市荒川沖西２－１１－１１", "緯度": 36.026389, "経度": 140.165, "url": "https://www.iryou.teikyouseido.mhlw.go.jp/znk-web/juminkanja/S2430/initialize?prefCd=08&kikanCd=1000002903&kikanKbn=nan", "url2": "https://www.rise-pharm.com/", "内容": "ライズ調剤薬局0茨城県土浦市荒川沖西２－１１－１１" }, "geometry": { "type": "Point", "coordinates": [ 140.165, 36.026389 ] } },
{ "type": "Feature", "properties": { "ID": 851000002904, "正式名称": "さくらい薬局　南荒川沖店", "機関区分": 5, "都道府県コード": 8, "市区町村コード": 203, "所在地": "茨城県土浦市荒川沖字川向１０２－４", "緯度": 36.025528, "経度": 140.158021, "url": "https://www.iryou.teikyouseido.mhlw.go.jp/znk-web/juminkanja/S2430/initialize?prefCd=08&kikanCd=1000002904&kikanKbn=nan", "url2": "http://www.sakurai-yakkyoku.com/", "内容": "さくらい薬局　南荒川沖店0茨城県土浦市荒川沖字川向１０２－４" }, "geometry": { "type": "Point", "coordinates": [ 140.158021, 36.025528 ] } },
{ "type": "Feature", "properties": { "ID": 851000002905, "正式名称": "ポプリ薬局中村店", "機関区分": 5, "都道府県コード": 8, "市区町村コード": 203, "所在地": "茨城県土浦市中村南５－３０－２", "緯度": 36.04215, "経度": 140.157845, "url": "https://www.iryou.teikyouseido.mhlw.go.jp/znk-web/juminkanja/S2430/initialize?prefCd=08&kikanCd=1000002905&kikanKbn=nan", "url2": "https://popuri-pharma.co.jp/", "内容": "ポプリ薬局中村店0茨城県土浦市中村南５－３０－２" }, "geometry": { "type": "Point", "coordinates": [ 140.157845, 36.04215 ] } },
{ "type": "Feature", "properties": { "ID": 851000002907, "正式名称": "南山堂薬局　乙戸南店", "機関区分": 5, "都道府県コード": 8, "市区町村コード": 203, "所在地": "茨城県土浦市乙戸南３－１１０－５", "緯度": 36.030833, "経度": 140.1475, "url": "https://www.iryou.teikyouseido.mhlw.go.jp/znk-web/juminkanja/S2430/initialize?prefCd=08&kikanCd=1000002907&kikanKbn=nan", "url2": "http://www.nanzando.co.jp", "内容": "南山堂薬局　乙戸南店0茨城県土浦市乙戸南３－１１０－５" }, "geometry": { "type": "Point", "coordinates": [ 140.1475, 36.030833 ] } },
{ "type": "Feature", "properties": { "ID": 851000002909, "正式名称": "根本薬局　ひたち野店", "機関区分": 5, "都道府県コード": 8, "市区町村コード": 219, "所在地": "茨城県牛久市ひたち野東５－３－２", "緯度": 36.006304, "経度": 140.159966, "url": "https://www.iryou.teikyouseido.mhlw.go.jp/znk-web/juminkanja/S2430/initialize?prefCd=08&kikanCd=1000002909&kikanKbn=nan", "url2": null, "内容": "根本薬局　ひたち野店0茨城県牛久市ひたち野東５－３－２" }, "geometry": { "type": "Point", "coordinates": [ 140.159966, 36.006304 ] } },
{ "type": "Feature", "properties": { "ID": 851000002910, "正式名称": "つかもと調剤薬局　牛久店", "機関区分": 5, "都道府県コード": 8, "市区町村コード": 219, "所在地": "茨城県牛久市下根町７７３ー６", "緯度": 36.000034, "経度": 140.165621, "url": "https://www.iryou.teikyouseido.mhlw.go.jp/znk-web/juminkanja/S2430/initialize?prefCd=08&kikanCd=1000002910&kikanKbn=nan", "url2": "http://www.ainj.co.jp/", "内容": "つかもと調剤薬局　牛久店0茨城県牛久市下根町７７３ー６" }, "geometry": { "type": "Point", "coordinates": [ 140.165621, 36.000034 ] } },
{ "type": "Feature", "properties": { "ID": 851000002916, "正式名称": "むぎのほ薬局　ひたち野店", "機関区分": 5, "都道府県コード": 8, "市区町村コード": 219, "所在地": "茨城県牛久市ひたち野東４－７－１３", "緯度": 36.005489, "経度": 140.166364, "url": "https://www.iryou.teikyouseido.mhlw.go.jp/znk-web/juminkanja/S2430/initialize?prefCd=08&kikanCd=1000002916&kikanKbn=nan", "url2": "http://www.e-classa.net/muginoho-hitatino/", "内容": "むぎのほ薬局　ひたち野店0茨城県牛久市ひたち野東４－７－１３" }, "geometry": { "type": "Point", "coordinates": [ 140.166364, 36.005489 ] } },
{ "type": "Feature", "properties": { "ID": 851000002918, "正式名称": "桜並木薬局", "機関区分": 5, "都道府県コード": 8, "市区町村コード": 220, "所在地": "茨城県つくば市谷田部６１０７－２０", "緯度": 36.042097, "経度": 140.081579, "url": "https://www.iryou.teikyouseido.mhlw.go.jp/znk-web/juminkanja/S2430/initialize?prefCd=08&kikanCd=1000002918&kikanKbn=nan", "url2": null, "内容": "桜並木薬局0茨城県つくば市谷田部６１０７－２０" }, "geometry": { "type": "Point", "coordinates": [ 140.081579, 36.042097 ] } },
{ "type": "Feature", "properties": { "ID": 851000002924, "正式名称": "霞ヶ浦薬剤センター薬局", "機関区分": 5, "都道府県コード": 8, "市区町村コード": 443, "所在地": "茨城県稲敷郡阿見町中央３－２０－２", "緯度": 36.037287, "経度": 140.216483, "url": "https://www.iryou.teikyouseido.mhlw.go.jp/znk-web/juminkanja/S2430/initialize?prefCd=08&kikanCd=1000002924&kikanKbn=nan", "url2": "http://www.ksk-jigyoudan.or.jp", "内容": "霞ヶ浦薬剤センター薬局0茨城県稲敷郡阿見町中央３－２０－２" }, "geometry": { "type": "Point", "coordinates": [ 140.216483, 36.037287 ] } },
{ "type": "Feature", "properties": { "ID": 851000002925, "正式名称": "さくらい薬局　阿見店", "機関区分": 5, "都道府県コード": 8, "市区町村コード": 443, "所在地": "茨城県稲敷郡阿見町中郷２－１－７", "緯度": 36.040924, "経度": 140.216851, "url": "https://www.iryou.teikyouseido.mhlw.go.jp/znk-web/juminkanja/S2430/initialize?prefCd=08&kikanCd=1000002925&kikanKbn=nan", "url2": "http://www.sakurai-yakkyoku.com/", "内容": "さくらい薬局　阿見店0茨城県稲敷郡阿見町中郷２－１－７" }, "geometry": { "type": "Point", "coordinates": [ 140.216851, 36.040924 ] } },
{ "type": "Feature", "properties": { "ID": 851000002927, "正式名称": "さくらい薬局　荒川本郷店", "機関区分": 5, "都道府県コード": 8, "市区町村コード": 443, "所在地": "茨城県稲敷郡阿見町本郷１－２－１４", "緯度": 36.027432, "経度": 140.18008, "url": "https://www.iryou.teikyouseido.mhlw.go.jp/znk-web/juminkanja/S2430/initialize?prefCd=08&kikanCd=1000002927&kikanKbn=nan", "url2": "http:/www.sakurai-yakkyoku.com", "内容": "さくらい薬局　荒川本郷店0茨城県稲敷郡阿見町本郷１－２－１４" }, "geometry": { "type": "Point", "coordinates": [ 140.18008, 36.027432 ] } },
{ "type": "Feature", "properties": { "ID": 851000002930, "正式名称": "有限会社ダルマ薬局中央店", "機関区分": 5, "都道府県コード": 8, "市区町村コード": 443, "所在地": "茨城県稲敷郡阿見町中央４－８－３１", "緯度": 36.031488, "経度": 140.22155, "url": "https://www.iryou.teikyouseido.mhlw.go.jp/znk-web/juminkanja/S2430/initialize?prefCd=08&kikanCd=1000002930&kikanKbn=nan", "url2": "https://www.drugdaruma.com/", "内容": "有限会社ダルマ薬局中央店0茨城県稲敷郡阿見町中央４－８－３１" }, "geometry": { "type": "Point", "coordinates": [ 140.22155, 36.031488 ] } },
{ "type": "Feature", "properties": { "ID": 851000002931, "正式名称": "アスカ薬局阿見店", "機関区分": 5, "都道府県コード": 8, "市区町村コード": 443, "所在地": "茨城県稲敷郡阿見町阿見２７４２－２", "緯度": 36.041427, "経度": 140.205434, "url": "https://www.iryou.teikyouseido.mhlw.go.jp/znk-web/juminkanja/S2430/initialize?prefCd=08&kikanCd=1000002931&kikanKbn=nan", "url2": "http://www.p-nakayama.com/shop/index.htm", "内容": "アスカ薬局阿見店0茨城県稲敷郡阿見町阿見２７４２－２" }, "geometry": { "type": "Point", "coordinates": [ 140.205434, 36.041427 ] } },
{ "type": "Feature", "properties": { "ID": 851000002933, "正式名称": "ポプリ薬局医大前店", "機関区分": 5, "都道府県コード": 8, "市区町村コード": 443, "所在地": "茨城県稲敷郡阿見町中央３－１９－１６", "緯度": 36.036487, "経度": 140.218217, "url": "https://www.iryou.teikyouseido.mhlw.go.jp/znk-web/juminkanja/S2430/initialize?prefCd=08&kikanCd=1000002933&kikanKbn=nan", "url2": "https://popuri-pharma.co.jp/", "内容": "ポプリ薬局医大前店0茨城県稲敷郡阿見町中央３－１９－１６" }, "geometry": { "type": "Point", "coordinates": [ 140.218217, 36.036487 ] } },
{ "type": "Feature", "properties": { "ID": 851000002935, "正式名称": "スカイ薬局", "機関区分": 5, "都道府県コード": 8, "市区町村コード": 203, "所在地": "茨城県土浦市中高津１－１５－４９", "緯度": 36.06569, "経度": 140.188695, "url": "https://www.iryou.teikyouseido.mhlw.go.jp/znk-web/juminkanja/S2430/initialize?prefCd=08&kikanCd=1000002935&kikanKbn=nan", "url2": "https://sante-g.com", "内容": "スカイ薬局0茨城県土浦市中高津１－１５－４９" }, "geometry": { "type": "Point", "coordinates": [ 140.188695, 36.06569 ] } },
{ "type": "Feature", "properties": { "ID": 851000002936, "正式名称": "ぷらす調剤薬局", "機関区分": 5, "都道府県コード": 8, "市区町村コード": 203, "所在地": "茨城県土浦市大岩田１７６８－１", "緯度": 36.059241, "経度": 140.206644, "url": "https://www.iryou.teikyouseido.mhlw.go.jp/znk-web/juminkanja/S2430/initialize?prefCd=08&kikanCd=1000002936&kikanKbn=nan", "url2": "http://pluspharmacy.shop", "内容": "ぷらす調剤薬局0茨城県土浦市大岩田１７６８－１" }, "geometry": { "type": "Point", "coordinates": [ 140.206644, 36.059241 ] } },
{ "type": "Feature", "properties": { "ID": 851000002937, "正式名称": "南山堂薬局阿見町店", "機関区分": 5, "都道府県コード": 8, "市区町村コード": 443, "所在地": "茨城県稲敷郡阿見町中郷２丁目－３０－６", "緯度": 36.041494, "経度": 140.210027, "url": "https://www.iryou.teikyouseido.mhlw.go.jp/znk-web/juminkanja/S2430/initialize?prefCd=08&kikanCd=1000002937&kikanKbn=nan", "url2": "http://www.nanzando.co.jp/", "内容": "南山堂薬局阿見町店0茨城県稲敷郡阿見町中郷２丁目－３０－６" }, "geometry": { "type": "Point", "coordinates": [ 140.210027, 36.041494 ] } },
{ "type": "Feature", "properties": { "ID": 851000002938, "正式名称": "センター薬局荒川本郷店", "機関区分": 5, "都道府県コード": 8, "市区町村コード": 443, "所在地": "茨城県稲敷郡阿見町荒川本郷１３２９－１６０", "緯度": 36.023275, "経度": 140.168781, "url": "https://www.iryou.teikyouseido.mhlw.go.jp/znk-web/juminkanja/S2430/initialize?prefCd=08&kikanCd=1000002938&kikanKbn=nan", "url2": null, "内容": "センター薬局荒川本郷店0茨城県稲敷郡阿見町荒川本郷１３２９－１６０" }, "geometry": { "type": "Point", "coordinates": [ 140.168781, 36.023275 ] } },
{ "type": "Feature", "properties": { "ID": 851000002939, "正式名称": "さくらい薬局土浦永国店", "機関区分": 5, "都道府県コード": 8, "市区町村コード": 203, "所在地": "茨城県土浦市永国１０４４－１", "緯度": 36.064116, "経度": 140.18307, "url": "https://www.iryou.teikyouseido.mhlw.go.jp/znk-web/juminkanja/S2430/initialize?prefCd=08&kikanCd=1000002939&kikanKbn=nan", "url2": "http://www.sakurai-yakkyoku.com/", "内容": "さくらい薬局土浦永国店0茨城県土浦市永国１０４４－１" }, "geometry": { "type": "Point", "coordinates": [ 140.18307, 36.064116 ] } },
{ "type": "Feature", "properties": { "ID": 851000002940, "正式名称": "フヂヤ薬局", "機関区分": 5, "都道府県コード": 8, "市区町村コード": 203, "所在地": "茨城県土浦市右籾字宮塚２６２６－１７", "緯度": 36.045949, "経度": 140.189836, "url": "https://www.iryou.teikyouseido.mhlw.go.jp/znk-web/juminkanja/S2430/initialize?prefCd=08&kikanCd=1000002940&kikanKbn=nan", "url2": null, "内容": "フヂヤ薬局0茨城県土浦市右籾字宮塚２６２６－１７" }, "geometry": { "type": "Point", "coordinates": [ 140.189836, 36.045949 ] } },
{ "type": "Feature", "properties": { "ID": 851000002941, "正式名称": "烏山薬局", "機関区分": 5, "都道府県コード": 8, "市区町村コード": 203, "所在地": "茨城県土浦市烏山", "緯度": 36.049941, "経度": 140.202603, "url": "https://www.iryou.teikyouseido.mhlw.go.jp/znk-web/juminkanja/S2430/initialize?prefCd=08&kikanCd=1000002941&kikanKbn=nan", "url2": null, "内容": "烏山薬局0茨城県土浦市烏山" }, "geometry": { "type": "Point", "coordinates": [ 140.202603, 36.049941 ] } },
{ "type": "Feature", "properties": { "ID": 851000002942, "正式名称": "ウエルシア薬局土浦霞ヶ岡店", "機関区分": 5, "都道府県コード": 8, "市区町村コード": 203, "所在地": "茨城県土浦市霞ケ岡町２２－５", "緯度": 36.059787, "経度": 140.202857, "url": "https://www.iryou.teikyouseido.mhlw.go.jp/znk-web/juminkanja/S2430/initialize?prefCd=08&kikanCd=1000002942&kikanKbn=nan", "url2": "http://www.welcia-kanto.jp", "内容": "ウエルシア薬局土浦霞ヶ岡店0茨城県土浦市霞ケ岡町２２－５" }, "geometry": { "type": "Point", "coordinates": [ 140.202857, 36.059787 ] } },
{ "type": "Feature", "properties": { "ID": 851000002943, "正式名称": "土浦南調剤薬局", "機関区分": 5, "都道府県コード": 8, "市区町村コード": 203, "所在地": "茨城県土浦市中荒川沖町５－３", "緯度": 36.028611, "経度": 140.169722, "url": "https://www.iryou.teikyouseido.mhlw.go.jp/znk-web/juminkanja/S2430/initialize?prefCd=08&kikanCd=1000002943&kikanKbn=nan", "url2": null, "内容": "土浦南調剤薬局0茨城県土浦市中荒川沖町５－３" }, "geometry": { "type": "Point", "coordinates": [ 140.169722, 36.028611 ] } },
{ "type": "Feature", "properties": { "ID": 851000002944, "正式名称": "南山堂薬局　荒川沖店", "機関区分": 5, "都道府県コード": 8, "市区町村コード": 443, "所在地": "茨城県稲敷郡阿見町本郷１－２２－１", "緯度": 36.02464, "経度": 140.175614, "url": "https://www.iryou.teikyouseido.mhlw.go.jp/znk-web/juminkanja/S2430/initialize?prefCd=08&kikanCd=1000002944&kikanKbn=nan", "url2": "http://www.nanzando.co.jp", "内容": "南山堂薬局　荒川沖店0茨城県稲敷郡阿見町本郷１－２２－１" }, "geometry": { "type": "Point", "coordinates": [ 140.175614, 36.02464 ] } },
{ "type": "Feature", "properties": { "ID": 851000002945, "正式名称": "オリエント薬局　阿見店", "機関区分": 5, "都道府県コード": 8, "市区町村コード": 443, "所在地": "茨城県稲敷郡阿見町若栗２５７４－１", "緯度": 36.014975, "経度": 140.222713, "url": "https://www.iryou.teikyouseido.mhlw.go.jp/znk-web/juminkanja/S2430/initialize?prefCd=08&kikanCd=1000002945&kikanKbn=nan", "url2": null, "内容": "オリエント薬局　阿見店0茨城県稲敷郡阿見町若栗２５７４－１" }, "geometry": { "type": "Point", "coordinates": [ 140.222713, 36.014975 ] } },
{ "type": "Feature", "properties": { "ID": 851000002946, "正式名称": "土浦調剤薬局　阿見店", "機関区分": 5, "都道府県コード": 8, "市区町村コード": 443, "所在地": "茨城県稲敷郡阿見町岡崎１－２８－１０", "緯度": 36.03918, "経度": 140.22419, "url": "https://www.iryou.teikyouseido.mhlw.go.jp/znk-web/juminkanja/S2430/initialize?prefCd=08&kikanCd=1000002946&kikanKbn=nan", "url2": "http://www.tsuchiura-chouzai-yakkyoku.com", "内容": "土浦調剤薬局　阿見店0茨城県稲敷郡阿見町岡崎１－２８－１０" }, "geometry": { "type": "Point", "coordinates": [ 140.22419, 36.03918 ] } },
{ "type": "Feature", "properties": { "ID": 851000002948, "正式名称": "すず薬局若栗店", "機関区分": 5, "都道府県コード": 8, "市区町村コード": 443, "所在地": "茨城県稲敷郡阿見町若栗１３３９－７３", "緯度": 36.020493, "経度": 140.220318, "url": "https://www.iryou.teikyouseido.mhlw.go.jp/znk-web/juminkanja/S2430/initialize?prefCd=08&kikanCd=1000002948&kikanKbn=nan", "url2": "http://www.pharmacy-suzu.com/", "内容": "すず薬局若栗店0茨城県稲敷郡阿見町若栗１３３９－７３" }, "geometry": { "type": "Point", "coordinates": [ 140.220318, 36.020493 ] } },
{ "type": "Feature", "properties": { "ID": 851000002952, "正式名称": "ヤックスドラッグ阿見薬局", "機関区分": 5, "都道府県コード": 8, "市区町村コード": 443, "所在地": "茨城県稲敷郡阿見町中央１－１３－２２", "緯度": 36.025985, "経度": 140.214332, "url": "https://www.iryou.teikyouseido.mhlw.go.jp/znk-web/juminkanja/S2430/initialize?prefCd=08&kikanCd=1000002952&kikanKbn=nan", "url2": "https://yacs.jp/store/store-337/", "内容": "ヤックスドラッグ阿見薬局0茨城県稲敷郡阿見町中央１－１３－２２" }, "geometry": { "type": "Point", "coordinates": [ 140.214332, 36.025985 ] } },
{ "type": "Feature", "properties": { "ID": 851000002953, "正式名称": "アサヒ薬局　阿見店", "機関区分": 5, "都道府県コード": 8, "市区町村コード": 443, "所在地": "茨城県稲敷郡阿見町うずら野４－２７－８", "緯度": 36.027667, "経度": 140.180648, "url": "https://www.iryou.teikyouseido.mhlw.go.jp/znk-web/juminkanja/S2430/initialize?prefCd=08&kikanCd=1000002953&kikanKbn=nan", "url2": null, "内容": "アサヒ薬局　阿見店0茨城県稲敷郡阿見町うずら野４－２７－８" }, "geometry": { "type": "Point", "coordinates": [ 140.180648, 36.027667 ] } },
{ "type": "Feature", "properties": { "ID": 851000002954, "正式名称": "南山堂薬局　中村店", "機関区分": 5, "都道府県コード": 8, "市区町村コード": 203, "所在地": "茨城県土浦市中１０８５", "緯度": 36.045833, "経度": 140.1725, "url": "https://www.iryou.teikyouseido.mhlw.go.jp/znk-web/juminkanja/S2430/initialize?prefCd=08&kikanCd=1000002954&kikanKbn=nan", "url2": "http://www.nanzando.co.jp", "内容": "南山堂薬局　中村店0茨城県土浦市中１０８５" }, "geometry": { "type": "Point", "coordinates": [ 140.1725, 36.045833 ] } },
{ "type": "Feature", "properties": { "ID": 851000002955, "正式名称": "クオール薬局土浦店", "機関区分": 5, "都道府県コード": 8, "市区町村コード": 203, "所在地": "茨城県土浦市大岩田２４６９－３３", "緯度": 36.056111, "経度": 140.208889, "url": "https://www.iryou.teikyouseido.mhlw.go.jp/znk-web/juminkanja/S2430/initialize?prefCd=08&kikanCd=1000002955&kikanKbn=nan", "url2": null, "内容": "クオール薬局土浦店0茨城県土浦市大岩田２４６９－３３" }, "geometry": { "type": "Point", "coordinates": [ 140.208889, 36.056111 ] } },
{ "type": "Feature", "properties": { "ID": 851000002956, "正式名称": "漢方薬局厚仁堂", "機関区分": 5, "都道府県コード": 8, "市区町村コード": 203, "所在地": "茨城県土浦市中村南１－１－１２", "緯度": 36.041944, "経度": 140.170278, "url": "https://www.iryou.teikyouseido.mhlw.go.jp/znk-web/juminkanja/S2430/initialize?prefCd=08&kikanCd=1000002956&kikanKbn=nan", "url2": "http://www.kigusuri.com/shop/kojindo-kanpou", "内容": "漢方薬局厚仁堂0茨城県土浦市中村南１－１－１２" }, "geometry": { "type": "Point", "coordinates": [ 140.170278, 36.041944 ] } },
{ "type": "Feature", "properties": { "ID": 851000002957, "正式名称": "山口薬局桜ケ丘店", "機関区分": 5, "都道府県コード": 8, "市区町村コード": 203, "所在地": "茨城県土浦市桜ケ丘町２８－４６", "緯度": 36.061111, "経度": 140.193611, "url": "https://www.iryou.teikyouseido.mhlw.go.jp/znk-web/juminkanja/S2430/initialize?prefCd=08&kikanCd=1000002957&kikanKbn=nan", "url2": "https://kantou-iryou.co.jp/", "内容": "山口薬局桜ケ丘店0茨城県土浦市桜ケ丘町２８－４６" }, "geometry": { "type": "Point", "coordinates": [ 140.193611, 36.061111 ] } },
{ "type": "Feature", "properties": { "ID": 851000002959, "正式名称": "アルファーム美浦店薬局", "機関区分": 5, "都道府県コード": 8, "市区町村コード": 442, "所在地": "茨城県稲敷郡美浦村大谷１２１６ー１", "緯度": 36.003571, "経度": 140.315408, "url": "https://www.iryou.teikyouseido.mhlw.go.jp/znk-web/juminkanja/S2430/initialize?prefCd=08&kikanCd=1000002959&kikanKbn=nan", "url2": "https://www.alpharm.co.jp/store/miho/", "内容": "アルファーム美浦店薬局0茨城県稲敷郡美浦村大谷１２１６ー１" }, "geometry": { "type": "Point", "coordinates": [ 140.315408, 36.003571 ] } },
{ "type": "Feature", "properties": { "ID": 851000002960, "正式名称": "有限会社　高田薬局　ヨークベニマル店", "機関区分": 5, "都道府県コード": 8, "市区町村コード": 442, "所在地": "茨城県稲敷郡美浦村受領１５５２－１　ヨークベニマル美浦店内", "緯度": 36.006361, "経度": 140.302146, "url": "https://www.iryou.teikyouseido.mhlw.go.jp/znk-web/juminkanja/S2430/initialize?prefCd=08&kikanCd=1000002960&kikanKbn=nan", "url2": null, "内容": "有限会社　高田薬局　ヨークベニマル店0茨城県稲敷郡美浦村受領１５５２－１　ヨークベニマル美浦店内" }, "geometry": { "type": "Point", "coordinates": [ 140.302146, 36.006361 ] } },
{ "type": "Feature", "properties": { "ID": 851000002963, "正式名称": "山口薬局　かしま店", "機関区分": 5, "都道府県コード": 8, "市区町村コード": 222, "所在地": "茨城県鹿嶋市志崎１２２６‐３", "緯度": 36.061956, "経度": 140.568579, "url": "https://www.iryou.teikyouseido.mhlw.go.jp/znk-web/juminkanja/S2430/initialize?prefCd=08&kikanCd=1000002963&kikanKbn=nan", "url2": null, "内容": "山口薬局　かしま店0茨城県鹿嶋市志崎１２２６‐３" }, "geometry": { "type": "Point", "coordinates": [ 140.568579, 36.061956 ] } },
{ "type": "Feature", "properties": { "ID": 851000002967, "正式名称": "藤屋薬局", "機関区分": 5, "都道府県コード": 8, "市区町村コード": 546, "所在地": "茨城県猿島郡境町境町３６６", "緯度": 36.106111, "経度": 139.800833, "url": "https://www.iryou.teikyouseido.mhlw.go.jp/znk-web/juminkanja/S2430/initialize?prefCd=08&kikanCd=1000002967&kikanKbn=nan", "url2": null, "内容": "藤屋薬局0茨城県猿島郡境町境町３６６" }, "geometry": { "type": "Point", "coordinates": [ 139.800833, 36.106111 ] } },
{ "type": "Feature", "properties": { "ID": 851000002968, "正式名称": "春日薬局", "機関区分": 5, "都道府県コード": 8, "市区町村コード": 546, "所在地": "茨城県猿島郡境町１５５３", "緯度": 36.1025, "経度": 139.794167, "url": "https://www.iryou.teikyouseido.mhlw.go.jp/znk-web/juminkanja/S2430/initialize?prefCd=08&kikanCd=1000002968&kikanKbn=nan", "url2": null, "内容": "春日薬局0茨城県猿島郡境町１５５３" }, "geometry": { "type": "Point", "coordinates": [ 139.794167, 36.1025 ] } },
{ "type": "Feature", "properties": { "ID": 851000002969, "正式名称": "かりん薬局", "機関区分": 5, "都道府県コード": 8, "市区町村コード": 542, "所在地": "茨城県猿島郡五霞町元栗橋３２６７－６", "緯度": 36.090278, "経度": 139.738333, "url": "https://www.iryou.teikyouseido.mhlw.go.jp/znk-web/juminkanja/S2430/initialize?prefCd=08&kikanCd=1000002969&kikanKbn=nan", "url2": "http://www.e-classa.net/karin/", "内容": "かりん薬局0茨城県猿島郡五霞町元栗橋３２６７－６" }, "geometry": { "type": "Point", "coordinates": [ 139.738333, 36.090278 ] } },
{ "type": "Feature", "properties": { "ID": 851000002970, "正式名称": "とまと薬局", "機関区分": 5, "都道府県コード": 8, "市区町村コード": 546, "所在地": "茨城県猿島郡境町長井戸２８７ー３", "緯度": 36.121111, "経度": 139.803889, "url": "https://www.iryou.teikyouseido.mhlw.go.jp/znk-web/juminkanja/S2430/initialize?prefCd=08&kikanCd=1000002970&kikanKbn=nan", "url2": "http://sanwa-pharmacy.com/", "内容": "とまと薬局0茨城県猿島郡境町長井戸２８７ー３" }, "geometry": { "type": "Point", "coordinates": [ 139.803889, 36.121111 ] } },
{ "type": "Feature", "properties": { "ID": 851000002971, "正式名称": "ウエルシア薬局茨城境町店", "機関区分": 5, "都道府県コード": 8, "市区町村コード": 546, "所在地": "茨城県猿島郡境町３８－３", "緯度": 36.114722, "経度": 139.802222, "url": "https://www.iryou.teikyouseido.mhlw.go.jp/znk-web/juminkanja/S2430/initialize?prefCd=08&kikanCd=1000002971&kikanKbn=nan", "url2": "http://www.welcia-yakkyoku.co.jp/", "内容": "ウエルシア薬局茨城境町店0茨城県猿島郡境町３８－３" }, "geometry": { "type": "Point", "coordinates": [ 139.802222, 36.114722 ] } },
{ "type": "Feature", "properties": { "ID": 851000002973, "正式名称": "なのはな薬局", "機関区分": 5, "都道府県コード": 8, "市区町村コード": 546, "所在地": "茨城県猿島郡境町３７１－２", "緯度": 36.108872, "経度": 139.796847, "url": "https://www.iryou.teikyouseido.mhlw.go.jp/znk-web/juminkanja/S2430/initialize?prefCd=08&kikanCd=1000002973&kikanKbn=nan", "url2": "https://nanohana-woods.com/", "内容": "なのはな薬局0茨城県猿島郡境町３７１－２" }, "geometry": { "type": "Point", "coordinates": [ 139.796847, 36.108872 ] } },
{ "type": "Feature", "properties": { "ID": 851000002975, "正式名称": "もりと薬局", "機関区分": 5, "都道府県コード": 8, "市区町村コード": 546, "所在地": "茨城県猿島郡境町若林４０９番地の１００", "緯度": 36.076478, "経度": 139.834903, "url": "https://www.iryou.teikyouseido.mhlw.go.jp/znk-web/juminkanja/S2430/initialize?prefCd=08&kikanCd=1000002975&kikanKbn=nan", "url2": "https://www.e-classa.net/morito/", "内容": "もりと薬局0茨城県猿島郡境町若林４０９番地の１００" }, "geometry": { "type": "Point", "coordinates": [ 139.834903, 36.076478 ] } },
{ "type": "Feature", "properties": { "ID": 851000002976, "正式名称": "アイン薬局坂東沓掛店", "機関区分": 5, "都道府県コード": 8, "市区町村コード": 228, "所在地": "茨城県坂東市沓掛８４２", "緯度": 36.096389, "経度": 139.898889, "url": "https://www.iryou.teikyouseido.mhlw.go.jp/znk-web/juminkanja/S2430/initialize?prefCd=08&kikanCd=1000002976&kikanKbn=nan", "url2": "http://www.ainj.co.jp/asahi-ph/", "内容": "アイン薬局坂東沓掛店0茨城県坂東市沓掛８４２" }, "geometry": { "type": "Point", "coordinates": [ 139.898889, 36.096389 ] } },
{ "type": "Feature", "properties": { "ID": 851000002977, "正式名称": "つむぎ薬局", "機関区分": 5, "都道府県コード": 8, "市区町村コード": 228, "所在地": "茨城県坂東市沓掛西村２５２５－７", "緯度": 36.104444, "経度": 139.903056, "url": "https://www.iryou.teikyouseido.mhlw.go.jp/znk-web/juminkanja/S2430/initialize?prefCd=08&kikanCd=1000002977&kikanKbn=nan", "url2": "http://www.medicabi.net", "内容": "つむぎ薬局0茨城県坂東市沓掛西村２５２５－７" }, "geometry": { "type": "Point", "coordinates": [ 139.903056, 36.104444 ] } },
{ "type": "Feature", "properties": { "ID": 851000002978, "正式名称": "あけぼの薬局", "機関区分": 5, "都道府県コード": 8, "市区町村コード": 211, "所在地": "茨城県常総市古間木新田８１１－２", "緯度": 36.094733, "経度": 139.933722, "url": "https://www.iryou.teikyouseido.mhlw.go.jp/znk-web/juminkanja/S2430/initialize?prefCd=08&kikanCd=1000002978&kikanKbn=nan", "url2": "https://www.akebono1.com/stores/ishige", "内容": "あけぼの薬局0茨城県常総市古間木新田８１１－２" }, "geometry": { "type": "Point", "coordinates": [ 139.933722, 36.094733 ] } },
{ "type": "Feature", "properties": { "ID": 851000002979, "正式名称": "倉持調剤薬局　沓掛店", "機関区分": 5, "都道府県コード": 8, "市区町村コード": 228, "所在地": "茨城県坂東市沓掛３７２－４", "緯度": 36.090366, "経度": 139.89664, "url": "https://www.iryou.teikyouseido.mhlw.go.jp/znk-web/juminkanja/S2430/initialize?prefCd=08&kikanCd=1000002979&kikanKbn=nan", "url2": "kuramochi-ph.co.jp", "内容": "倉持調剤薬局　沓掛店0茨城県坂東市沓掛３７２－４" }, "geometry": { "type": "Point", "coordinates": [ 139.89664, 36.090366 ] } },
{ "type": "Feature", "properties": { "ID": 851000002981, "正式名称": "学園薬局", "機関区分": 5, "都道府県コード": 8, "市区町村コード": 220, "所在地": "茨城県つくば市高野１１５６－４", "緯度": 36.338333, "経度": 140.45, "url": "https://www.iryou.teikyouseido.mhlw.go.jp/znk-web/juminkanja/S2430/initialize?prefCd=08&kikanCd=1000002981&kikanKbn=nan", "url2": null, "内容": "学園薬局0茨城県つくば市高野１１５６－４" }, "geometry": { "type": "Point", "coordinates": [ 140.45, 36.338333 ] } },
{ "type": "Feature", "properties": { "ID": 851000002982, "正式名称": "おにがくぼ薬局", "機関区分": 5, "都道府県コード": 8, "市区町村コード": 220, "所在地": "茨城県つくば市鬼ヶ窪１１０８－２", "緯度": 36.080556, "経度": 140.050833, "url": "https://www.iryou.teikyouseido.mhlw.go.jp/znk-web/juminkanja/S2430/initialize?prefCd=08&kikanCd=1000002982&kikanKbn=nan", "url2": "https://cureplus.co.jp/", "内容": "おにがくぼ薬局0茨城県つくば市鬼ヶ窪１１０８－２" }, "geometry": { "type": "Point", "coordinates": [ 140.050833, 36.080556 ] } },
{ "type": "Feature", "properties": { "ID": 851000002986, "正式名称": "有限会社　山中薬局", "機関区分": 5, "都道府県コード": 8, "市区町村コード": 211, "所在地": "茨城県常総市新石下３７５－９", "緯度": 36.114444, "経度": 139.976389, "url": "https://www.iryou.teikyouseido.mhlw.go.jp/znk-web/juminkanja/S2430/initialize?prefCd=08&kikanCd=1000002986&kikanKbn=nan", "url2": null, "内容": "有限会社　山中薬局0茨城県常総市新石下３７５－９" }, "geometry": { "type": "Point", "coordinates": [ 139.976389, 36.114444 ] } },
{ "type": "Feature", "properties": { "ID": 851000002987, "正式名称": "せきい薬局", "機関区分": 5, "都道府県コード": 8, "市区町村コード": 211, "所在地": "茨城県常総市新石下１０１２－１０", "緯度": 36.106667, "経度": 139.975278, "url": "https://www.iryou.teikyouseido.mhlw.go.jp/znk-web/juminkanja/S2430/initialize?prefCd=08&kikanCd=1000002987&kikanKbn=nan", "url2": null, "内容": "せきい薬局0茨城県常総市新石下１０１２－１０" }, "geometry": { "type": "Point", "coordinates": [ 139.975278, 36.106667 ] } },
{ "type": "Feature", "properties": { "ID": 851000002990, "正式名称": "あけぼの薬局上石下店", "機関区分": 5, "都道府県コード": 8, "市区町村コード": 211, "所在地": "茨城県常総市本石下４８０４－２", "緯度": 36.123498, "経度": 139.97154, "url": "https://www.iryou.teikyouseido.mhlw.go.jp/znk-web/juminkanja/S2430/initialize?prefCd=08&kikanCd=1000002990&kikanKbn=nan", "url2": "http://www.akebono1.com/kamiishige.html", "内容": "あけぼの薬局上石下店0茨城県常総市本石下４８０４－２" }, "geometry": { "type": "Point", "coordinates": [ 139.97154, 36.123498 ] } },
{ "type": "Feature", "properties": { "ID": 851000002993, "正式名称": "かみごう薬局", "機関区分": 5, "都道府県コード": 8, "市区町村コード": 220, "所在地": "茨城県つくば市上郷２７８３－２", "緯度": 36.104722, "経度": 140.013056, "url": "https://www.iryou.teikyouseido.mhlw.go.jp/znk-web/juminkanja/S2430/initialize?prefCd=08&kikanCd=1000002993&kikanKbn=nan", "url2": null, "内容": "かみごう薬局0茨城県つくば市上郷２７８３－２" }, "geometry": { "type": "Point", "coordinates": [ 140.013056, 36.104722 ] } },
{ "type": "Feature", "properties": { "ID": 851000002996, "正式名称": "さくらい薬局　つくば桜店", "機関区分": 5, "都道府県コード": 8, "市区町村コード": 220, "所在地": "茨城県つくば市桜３ー２０ー３", "緯度": 36.115389, "経度": 140.113839, "url": "https://www.iryou.teikyouseido.mhlw.go.jp/znk-web/juminkanja/S2430/initialize?prefCd=08&kikanCd=1000002996&kikanKbn=nan", "url2": "http://www.sakurai-yakkyoku.com/", "内容": "さくらい薬局　つくば桜店0茨城県つくば市桜３ー２０ー３" }, "geometry": { "type": "Point", "coordinates": [ 140.113839, 36.115389 ] } },
{ "type": "Feature", "properties": { "ID": 851000002998, "正式名称": "有限会社　快生堂薬局", "機関区分": 5, "都道府県コード": 8, "市区町村コード": 220, "所在地": "茨城県つくば市東新井１３－３", "緯度": 36.078008, "経度": 140.110049, "url": "https://www.iryou.teikyouseido.mhlw.go.jp/znk-web/juminkanja/S2430/initialize?prefCd=08&kikanCd=1000002998&kikanKbn=nan", "url2": "https://www.kaiseidou-ec.com/", "内容": "有限会社　快生堂薬局0茨城県つくば市東新井１３－３" }, "geometry": { "type": "Point", "coordinates": [ 140.110049, 36.078008 ] } },
{ "type": "Feature", "properties": { "ID": 851000003000, "正式名称": "漢方閣", "機関区分": 5, "都道府県コード": 8, "市区町村コード": 220, "所在地": "茨城県つくば市竹園２－１４－１", "緯度": 36.073889, "経度": 140.123889, "url": "https://www.iryou.teikyouseido.mhlw.go.jp/znk-web/juminkanja/S2430/initialize?prefCd=08&kikanCd=1000003000&kikanKbn=nan", "url2": "http://www.jmsys.co.jp", "内容": "漢方閣0茨城県つくば市竹園２－１４－１" }, "geometry": { "type": "Point", "coordinates": [ 140.123889, 36.073889 ] } },
{ "type": "Feature", "properties": { "ID": 851000003003, "正式名称": "南山堂薬局つくば店", "機関区分": 5, "都道府県コード": 8, "市区町村コード": 220, "所在地": "茨城県つくば市天久保１－８－１筑波第３ビル１Ｆ", "緯度": 36.088611, "経度": 140.111111, "url": "https://www.iryou.teikyouseido.mhlw.go.jp/znk-web/juminkanja/S2430/initialize?prefCd=08&kikanCd=1000003003&kikanKbn=nan", "url2": "http://www.nanzando.co.jp", "内容": "南山堂薬局つくば店0茨城県つくば市天久保１－８－１筑波第３ビル１Ｆ" }, "geometry": { "type": "Point", "coordinates": [ 140.111111, 36.088611 ] } },
{ "type": "Feature", "properties": { "ID": 851000003004, "正式名称": "とよさと薬局", "機関区分": 5, "都道府県コード": 8, "市区町村コード": 220, "所在地": "茨城県つくば市東平塚西向８９４－３", "緯度": 36.097577, "経度": 140.091976, "url": "https://www.iryou.teikyouseido.mhlw.go.jp/znk-web/juminkanja/S2430/initialize?prefCd=08&kikanCd=1000003004&kikanKbn=nan", "url2": "http://toyosato3319.wixsite.com/mysite-1", "内容": "とよさと薬局0茨城県つくば市東平塚西向８９４－３" }, "geometry": { "type": "Point", "coordinates": [ 140.091976, 36.097577 ] } },
{ "type": "Feature", "properties": { "ID": 851000003007, "正式名称": "さくら薬局", "機関区分": 5, "都道府県コード": 8, "市区町村コード": 220, "所在地": "茨城県つくば市大角豆１７４１－２", "緯度": 36.064444, "経度": 140.141389, "url": "https://www.iryou.teikyouseido.mhlw.go.jp/znk-web/juminkanja/S2430/initialize?prefCd=08&kikanCd=1000003007&kikanKbn=nan", "url2": "tsukuba-sakura.com", "内容": "さくら薬局0茨城県つくば市大角豆１７４１－２" }, "geometry": { "type": "Point", "coordinates": [ 140.141389, 36.064444 ] } },
{ "type": "Feature", "properties": { "ID": 851000003008, "正式名称": "アイン薬局つくば栗原店", "機関区分": 5, "都道府県コード": 8, "市区町村コード": 220, "所在地": "茨城県つくば市栗原３５６５－４", "緯度": 36.12231, "経度": 140.106203, "url": "https://www.iryou.teikyouseido.mhlw.go.jp/znk-web/juminkanja/S2430/initialize?prefCd=08&kikanCd=1000003008&kikanKbn=nan", "url2": "https://www.ainj.co.jp/network/detail.html?pdid=1391", "内容": "アイン薬局つくば栗原店0茨城県つくば市栗原３５６５－４" }, "geometry": { "type": "Point", "coordinates": [ 140.106203, 36.12231 ] } },
{ "type": "Feature", "properties": { "ID": 851000003009, "正式名称": "花畑薬局", "機関区分": 5, "都道府県コード": 8, "市区町村コード": 220, "所在地": "茨城県つくば市花畑３丁目２８番地１１号", "緯度": 36.128333, "経度": 140.092778, "url": "https://www.iryou.teikyouseido.mhlw.go.jp/znk-web/juminkanja/S2430/initialize?prefCd=08&kikanCd=1000003009&kikanKbn=nan", "url2": null, "内容": "花畑薬局0茨城県つくば市花畑３丁目２８番地１１号" }, "geometry": { "type": "Point", "coordinates": [ 140.092778, 36.128333 ] } },
{ "type": "Feature", "properties": { "ID": 851000003010, "正式名称": "カワチ薬局　つくば大穂店", "機関区分": 5, "都道府県コード": 8, "市区町村コード": 220, "所在地": "茨城県つくば市筑穂２－３－２", "緯度": 36.128889, "経度": 140.082778, "url": "https://www.iryou.teikyouseido.mhlw.go.jp/znk-web/juminkanja/S2430/initialize?prefCd=08&kikanCd=1000003010&kikanKbn=nan", "url2": "https://www.cawachi.co.jp", "内容": "カワチ薬局　つくば大穂店0茨城県つくば市筑穂２－３－２" }, "geometry": { "type": "Point", "coordinates": [ 140.082778, 36.128889 ] } },
{ "type": "Feature", "properties": { "ID": 851000003014, "正式名称": "アイン薬局　つくば天久保店", "機関区分": 5, "都道府県コード": 8, "市区町村コード": 220, "所在地": "茨城県つくば市天久保１－１－６", "緯度": 36.0875, "経度": 140.109444, "url": "https://www.iryou.teikyouseido.mhlw.go.jp/znk-web/juminkanja/S2430/initialize?prefCd=08&kikanCd=1000003014&kikanKbn=nan", "url2": "http://www.ainj.co.jp/network/ainpharmaciez/ap0114.html", "内容": "アイン薬局　つくば天久保店0茨城県つくば市天久保１－１－６" }, "geometry": { "type": "Point", "coordinates": [ 140.109444, 36.0875 ] } },
{ "type": "Feature", "properties": { "ID": 851000003016, "正式名称": "大学前薬局", "機関区分": 5, "都道府県コード": 8, "市区町村コード": 220, "所在地": "茨城県つくば市春日３－１２－６", "緯度": 36.089167, "経度": 140.102222, "url": "https://www.iryou.teikyouseido.mhlw.go.jp/znk-web/juminkanja/S2430/initialize?prefCd=08&kikanCd=1000003016&kikanKbn=nan", "url2": "https://www.daigakumae.jp/about", "内容": "大学前薬局0茨城県つくば市春日３－１２－６" }, "geometry": { "type": "Point", "coordinates": [ 140.102222, 36.089167 ] } },
{ "type": "Feature", "properties": { "ID": 851000003017, "正式名称": "ふたば薬局", "機関区分": 5, "都道府県コード": 8, "市区町村コード": 220, "所在地": "茨城県つくば市竹園１－４－１", "緯度": 36.075833, "経度": 140.1175, "url": "https://www.iryou.teikyouseido.mhlw.go.jp/znk-web/juminkanja/S2430/initialize?prefCd=08&kikanCd=1000003017&kikanKbn=nan", "url2": "futabapharmacy.jp", "内容": "ふたば薬局0茨城県つくば市竹園１－４－１" }, "geometry": { "type": "Point", "coordinates": [ 140.1175, 36.075833 ] } },
{ "type": "Feature", "properties": { "ID": 851000003018, "正式名称": "南山堂薬局研究学園駅前店", "機関区分": 5, "都道府県コード": 8, "市区町村コード": 220, "所在地": "茨城県つくば市研究学園５丁目１２番地４研究学園駅前岡田ビル１Ｆ", "緯度": 36.08296, "経度": 140.082753, "url": "https://www.iryou.teikyouseido.mhlw.go.jp/znk-web/juminkanja/S2430/initialize?prefCd=08&kikanCd=1000003018&kikanKbn=nan", "url2": "http://www.nanzando.co.jp/", "内容": "南山堂薬局研究学園駅前店0茨城県つくば市研究学園５丁目１２番地４研究学園駅前岡田ビル１Ｆ" }, "geometry": { "type": "Point", "coordinates": [ 140.082753, 36.08296 ] } },
{ "type": "Feature", "properties": { "ID": 851000003019, "正式名称": "すばる薬局", "機関区分": 5, "都道府県コード": 8, "市区町村コード": 220, "所在地": "茨城県つくば市東新井２６－１３", "緯度": 36.074655, "経度": 140.112704, "url": "https://www.iryou.teikyouseido.mhlw.go.jp/znk-web/juminkanja/S2430/initialize?prefCd=08&kikanCd=1000003019&kikanKbn=nan", "url2": null, "内容": "すばる薬局0茨城県つくば市東新井２６－１３" }, "geometry": { "type": "Point", "coordinates": [ 140.112704, 36.074655 ] } },
{ "type": "Feature", "properties": { "ID": 851000003021, "正式名称": "つくばね薬局", "機関区分": 5, "都道府県コード": 8, "市区町村コード": 220, "所在地": "茨城県つくば市島名４７２－６", "緯度": 36.074961, "経度": 140.057181, "url": "https://www.iryou.teikyouseido.mhlw.go.jp/znk-web/juminkanja/S2430/initialize?prefCd=08&kikanCd=1000003021&kikanKbn=nan", "url2": null, "内容": "つくばね薬局0茨城県つくば市島名４７２－６" }, "geometry": { "type": "Point", "coordinates": [ 140.057181, 36.074961 ] } },
{ "type": "Feature", "properties": { "ID": 851000003022, "正式名称": "クオール薬局　イーアスつくば店", "機関区分": 5, "都道府県コード": 8, "市区町村コード": 220, "所在地": "茨城県つくば市研究学園５－１９", "緯度": 36.083611, "経度": 140.088333, "url": "https://www.iryou.teikyouseido.mhlw.go.jp/znk-web/juminkanja/S2430/initialize?prefCd=08&kikanCd=1000003022&kikanKbn=nan", "url2": "http://www.qol-net.co.jp/pharmacy/map/detail.php?id=168", "内容": "クオール薬局　イーアスつくば店0茨城県つくば市研究学園５－１９" }, "geometry": { "type": "Point", "coordinates": [ 140.088333, 36.083611 ] } },
{ "type": "Feature", "properties": { "ID": 851000003023, "正式名称": "沼野薬局", "機関区分": 5, "都道府県コード": 8, "市区町村コード": 203, "所在地": "茨城県土浦市藤沢９６４－８", "緯度": 36.130833, "経度": 140.160556, "url": "https://www.iryou.teikyouseido.mhlw.go.jp/znk-web/juminkanja/S2430/initialize?prefCd=08&kikanCd=1000003023&kikanKbn=nan", "url2": null, "内容": "沼野薬局0茨城県土浦市藤沢９６４－８" }, "geometry": { "type": "Point", "coordinates": [ 140.160556, 36.130833 ] } },
{ "type": "Feature", "properties": { "ID": 851000003024, "正式名称": "アイン薬局つくば竹園店", "機関区分": 5, "都道府県コード": 8, "市区町村コード": 220, "所在地": "茨城県つくば市竹園３－１８－２", "緯度": 36.080229, "経度": 140.124168, "url": "https://www.iryou.teikyouseido.mhlw.go.jp/znk-web/juminkanja/S2430/initialize?prefCd=08&kikanCd=1000003024&kikanKbn=nan", "url2": "http://www.ainj.co.jp/", "内容": "アイン薬局つくば竹園店0茨城県つくば市竹園３－１８－２" }, "geometry": { "type": "Point", "coordinates": [ 140.124168, 36.080229 ] } },
{ "type": "Feature", "properties": { "ID": 851000003028, "正式名称": "ハニュウ薬局研究学園店", "機関区分": 5, "都道府県コード": 8, "市区町村コード": 220, "所在地": "茨城県つくば市研究学園４－４－１１", "緯度": 36.085765, "経度": 140.076926, "url": "https://www.iryou.teikyouseido.mhlw.go.jp/znk-web/juminkanja/S2430/initialize?prefCd=08&kikanCd=1000003028&kikanKbn=nan", "url2": "http://mydrug.co.jp", "内容": "ハニュウ薬局研究学園店0茨城県つくば市研究学園４－４－１１" }, "geometry": { "type": "Point", "coordinates": [ 140.076926, 36.085765 ] } },
{ "type": "Feature", "properties": { "ID": 851000003029, "正式名称": "かりま薬局", "機関区分": 5, "都道府県コード": 8, "市区町村コード": 220, "所在地": "茨城県つくば市苅間１６２０－８", "緯度": 36.080278, "経度": 140.098056, "url": "https://www.iryou.teikyouseido.mhlw.go.jp/znk-web/juminkanja/S2430/initialize?prefCd=08&kikanCd=1000003029&kikanKbn=nan", "url2": "https://cureplus.co.jp/shop/karima/", "内容": "かりま薬局0茨城県つくば市苅間１６２０－８" }, "geometry": { "type": "Point", "coordinates": [ 140.098056, 36.080278 ] } },
{ "type": "Feature", "properties": { "ID": 851000003031, "正式名称": "かすが薬局", "機関区分": 5, "都道府県コード": 8, "市区町村コード": 220, "所在地": "茨城県つくば市春日２丁目３５番地２", "緯度": 36.086667, "経度": 140.104167, "url": "https://www.iryou.teikyouseido.mhlw.go.jp/znk-web/juminkanja/S2430/initialize?prefCd=08&kikanCd=1000003031&kikanKbn=nan", "url2": "https://familiar-ph.com/", "内容": "かすが薬局0茨城県つくば市春日２丁目３５番地２" }, "geometry": { "type": "Point", "coordinates": [ 140.104167, 36.086667 ] } },
{ "type": "Feature", "properties": { "ID": 851000003032, "正式名称": "かつらぎ薬局", "機関区分": 5, "都道府県コード": 8, "市区町村コード": 220, "所在地": "茨城県つくば市研究学園５－５－１５", "緯度": 36.08, "経度": 140.083611, "url": "https://www.iryou.teikyouseido.mhlw.go.jp/znk-web/juminkanja/S2430/initialize?prefCd=08&kikanCd=1000003032&kikanKbn=nan", "url2": "http://www.abcdrug.co.jp/", "内容": "かつらぎ薬局0茨城県つくば市研究学園５－５－１５" }, "geometry": { "type": "Point", "coordinates": [ 140.083611, 36.08 ] } },
{ "type": "Feature", "properties": { "ID": 851000003036, "正式名称": "カワチ薬局　つくば桜店", "機関区分": 5, "都道府県コード": 8, "市区町村コード": 220, "所在地": "茨城県つくば市桜１－１４－２", "緯度": 36.111433, "経度": 140.111735, "url": "https://www.iryou.teikyouseido.mhlw.go.jp/znk-web/juminkanja/S2430/initialize?prefCd=08&kikanCd=1000003036&kikanKbn=nan", "url2": "https://www.cawachi.co.jp", "内容": "カワチ薬局　つくば桜店0茨城県つくば市桜１－１４－２" }, "geometry": { "type": "Point", "coordinates": [ 140.111735, 36.111433 ] } },
{ "type": "Feature", "properties": { "ID": 851000003037, "正式名称": "南山堂竹園薬局", "機関区分": 5, "都道府県コード": 8, "市区町村コード": 220, "所在地": "茨城県つくば市竹園２－８－１９", "緯度": 36.078561, "経度": 140.120102, "url": "https://www.iryou.teikyouseido.mhlw.go.jp/znk-web/juminkanja/S2430/initialize?prefCd=08&kikanCd=1000003037&kikanKbn=nan", "url2": "https://www.nanzando.co.jp/takezono.html", "内容": "南山堂竹園薬局0茨城県つくば市竹園２－８－１９" }, "geometry": { "type": "Point", "coordinates": [ 140.120102, 36.078561 ] } },
{ "type": "Feature", "properties": { "ID": 851000003042, "正式名称": "島田薬局", "機関区分": 5, "都道府県コード": 8, "市区町村コード": 203, "所在地": "茨城県土浦市小松１－５－２", "緯度": 36.068056, "経度": 140.206944, "url": "https://www.iryou.teikyouseido.mhlw.go.jp/znk-web/juminkanja/S2430/initialize?prefCd=08&kikanCd=1000003042&kikanKbn=nan", "url2": "https://shimada-ph.jimdofree.com/", "内容": "島田薬局0茨城県土浦市小松１－５－２" }, "geometry": { "type": "Point", "coordinates": [ 140.206944, 36.068056 ] } },
{ "type": "Feature", "properties": { "ID": 851000003046, "正式名称": "株式会社奥井薬局", "機関区分": 5, "都道府県コード": 8, "市区町村コード": 203, "所在地": "茨城県土浦市中央１－８－１６", "緯度": 36.0775, "経度": 140.201944, "url": "https://www.iryou.teikyouseido.mhlw.go.jp/znk-web/juminkanja/S2430/initialize?prefCd=08&kikanCd=1000003046&kikanKbn=nan", "url2": null, "内容": "株式会社奥井薬局0茨城県土浦市中央１－８－１６" }, "geometry": { "type": "Point", "coordinates": [ 140.201944, 36.0775 ] } },
{ "type": "Feature", "properties": { "ID": 851000003048, "正式名称": "南山堂薬局土浦店", "機関区分": 5, "都道府県コード": 8, "市区町村コード": 203, "所在地": "茨城県土浦市川口１－５－１９", "緯度": 36.078611, "経度": 140.209444, "url": "https://www.iryou.teikyouseido.mhlw.go.jp/znk-web/juminkanja/S2430/initialize?prefCd=08&kikanCd=1000003048&kikanKbn=nan", "url2": "http://www.nanzando.co.jp/shop/tsuchiura.html", "内容": "南山堂薬局土浦店0茨城県土浦市川口１－５－１９" }, "geometry": { "type": "Point", "coordinates": [ 140.209444, 36.078611 ] } },
{ "type": "Feature", "properties": { "ID": 851000003050, "正式名称": "プルシェ奥井薬局", "機関区分": 5, "都道府県コード": 8, "市区町村コード": 203, "所在地": "茨城県土浦市田中２－１０　フードオフストッカー土浦田中店内", "緯度": 36.084167, "経度": 140.190278, "url": "https://www.iryou.teikyouseido.mhlw.go.jp/znk-web/juminkanja/S2430/initialize?prefCd=08&kikanCd=1000003050&kikanKbn=nan", "url2": null, "内容": "プルシェ奥井薬局0茨城県土浦市田中２－１０　フードオフストッカー土浦田中店内" }, "geometry": { "type": "Point", "coordinates": [ 140.190278, 36.084167 ] } },
{ "type": "Feature", "properties": { "ID": 851000003051, "正式名称": "花梨薬局神立店", "機関区分": 5, "都道府県コード": 8, "市区町村コード": 203, "所在地": "茨城県土浦市神立中央５－２５－１４", "緯度": 36.117222, "経度": 140.228889, "url": "https://www.iryou.teikyouseido.mhlw.go.jp/znk-web/juminkanja/S2430/initialize?prefCd=08&kikanCd=1000003051&kikanKbn=nan", "url2": "https://ship-ph.co.jp", "内容": "花梨薬局神立店0茨城県土浦市神立中央５－２５－１４" }, "geometry": { "type": "Point", "coordinates": [ 140.228889, 36.117222 ] } },
{ "type": "Feature", "properties": { "ID": 851000003052, "正式名称": "テラカド薬局", "機関区分": 5, "都道府県コード": 8, "市区町村コード": 203, "所在地": "茨城県土浦市下高津２－６－２７", "緯度": 36.074413, "経度": 140.190468, "url": "https://www.iryou.teikyouseido.mhlw.go.jp/znk-web/juminkanja/S2430/initialize?prefCd=08&kikanCd=1000003052&kikanKbn=nan", "url2": null, "内容": "テラカド薬局0茨城県土浦市下高津２－６－２７" }, "geometry": { "type": "Point", "coordinates": [ 140.190468, 36.074413 ] } },
{ "type": "Feature", "properties": { "ID": 851000003053, "正式名称": "ヤックスドラッグ千代田薬局", "機関区分": 5, "都道府県コード": 8, "市区町村コード": 230, "所在地": "茨城県かすみがうら市稲吉２－１７－３", "緯度": 36.123789, "経度": 140.246638, "url": "https://www.iryou.teikyouseido.mhlw.go.jp/znk-web/juminkanja/S2430/initialize?prefCd=08&kikanCd=1000003053&kikanKbn=nan", "url2": "http://www.yacs.jp/home/guide/search/ib-chiyoda.html", "内容": "ヤックスドラッグ千代田薬局0茨城県かすみがうら市稲吉２－１７－３" }, "geometry": { "type": "Point", "coordinates": [ 140.246638, 36.123789 ] } },
{ "type": "Feature", "properties": { "ID": 851000003055, "正式名称": "アスカ薬局土浦店", "機関区分": 5, "都道府県コード": 8, "市区町村コード": 203, "所在地": "茨城県土浦市生田町２ー１１", "緯度": 36.079444, "経度": 140.192778, "url": "https://www.iryou.teikyouseido.mhlw.go.jp/znk-web/juminkanja/S2430/initialize?prefCd=08&kikanCd=1000003055&kikanKbn=nan", "url2": "http://www.p-nakayama.com/shop/index.htm", "内容": "アスカ薬局土浦店0茨城県土浦市生田町２ー１１" }, "geometry": { "type": "Point", "coordinates": [ 140.192778, 36.079444 ] } },
{ "type": "Feature", "properties": { "ID": 851000003056, "正式名称": "すみれ調剤薬局", "機関区分": 5, "都道府県コード": 8, "市区町村コード": 203, "所在地": "茨城県土浦市神立中央５－４－１６", "緯度": 36.116944, "経度": 140.233333, "url": "https://www.iryou.teikyouseido.mhlw.go.jp/znk-web/juminkanja/S2430/initialize?prefCd=08&kikanCd=1000003056&kikanKbn=nan", "url2": "https://www.alpharm.co.jp/", "内容": "すみれ調剤薬局0茨城県土浦市神立中央５－４－１６" }, "geometry": { "type": "Point", "coordinates": [ 140.233333, 36.116944 ] } },
{ "type": "Feature", "properties": { "ID": 851000003057, "正式名称": "カワチ薬局　土浦南店", "機関区分": 5, "都道府県コード": 8, "市区町村コード": 203, "所在地": "茨城県土浦市中高津３－１－３", "緯度": 36.067537, "経度": 140.183423, "url": "https://www.iryou.teikyouseido.mhlw.go.jp/znk-web/juminkanja/S2430/initialize?prefCd=08&kikanCd=1000003057&kikanKbn=nan", "url2": "https://www.cawachi.co.jp", "内容": "カワチ薬局　土浦南店0茨城県土浦市中高津３－１－３" }, "geometry": { "type": "Point", "coordinates": [ 140.183423, 36.067537 ] } },
{ "type": "Feature", "properties": { "ID": 851000003058, "正式名称": "土浦調剤薬局", "機関区分": 5, "都道府県コード": 8, "市区町村コード": 203, "所在地": "茨城県土浦市下高津一丁目２１－５０", "緯度": 36.068889, "経度": 140.196667, "url": "https://www.iryou.teikyouseido.mhlw.go.jp/znk-web/juminkanja/S2430/initialize?prefCd=08&kikanCd=1000003058&kikanKbn=nan", "url2": "https://ciel-pharmacy.com", "内容": "土浦調剤薬局0茨城県土浦市下高津一丁目２１－５０" }, "geometry": { "type": "Point", "coordinates": [ 140.196667, 36.068889 ] } },
{ "type": "Feature", "properties": { "ID": 851000003059, "正式名称": "桃園薬局", "機関区分": 5, "都道府県コード": 8, "市区町村コード": 203, "所在地": "茨城県土浦市下坂田２０１２－６", "緯度": 36.114674, "経度": 140.178346, "url": "https://www.iryou.teikyouseido.mhlw.go.jp/znk-web/juminkanja/S2430/initialize?prefCd=08&kikanCd=1000003059&kikanKbn=nan", "url2": "https://sante-g.com", "内容": "桃園薬局0茨城県土浦市下坂田２０１２－６" }, "geometry": { "type": "Point", "coordinates": [ 140.178346, 36.114674 ] } },
{ "type": "Feature", "properties": { "ID": 851000003066, "正式名称": "スミレ薬局", "機関区分": 5, "都道府県コード": 8, "市区町村コード": 203, "所在地": "茨城県土浦市桜町", "緯度": 36.075833, "経度": 140.201944, "url": "https://www.iryou.teikyouseido.mhlw.go.jp/znk-web/juminkanja/S2430/initialize?prefCd=08&kikanCd=1000003066&kikanKbn=nan", "url2": "http://ituwayakuhin.com/", "内容": "スミレ薬局0茨城県土浦市桜町" }, "geometry": { "type": "Point", "coordinates": [ 140.201944, 36.075833 ] } },
{ "type": "Feature", "properties": { "ID": 851000003067, "正式名称": "駅前薬局ウララ３", "機関区分": 5, "都道府県コード": 8, "市区町村コード": 203, "所在地": "茨城県土浦市大和町９番３号", "緯度": 36.076111, "経度": 140.206389, "url": "https://www.iryou.teikyouseido.mhlw.go.jp/znk-web/juminkanja/S2430/initialize?prefCd=08&kikanCd=1000003067&kikanKbn=nan", "url2": null, "内容": "駅前薬局ウララ３0茨城県土浦市大和町９番３号" }, "geometry": { "type": "Point", "coordinates": [ 140.206389, 36.076111 ] } },
{ "type": "Feature", "properties": { "ID": 851000003068, "正式名称": "博濟薬局", "機関区分": 5, "都道府県コード": 8, "市区町村コード": 203, "所在地": "茨城県土浦市桜町４－１５－５", "緯度": 36.074397, "経度": 140.198656, "url": "https://www.iryou.teikyouseido.mhlw.go.jp/znk-web/juminkanja/S2430/initialize?prefCd=08&kikanCd=1000003068&kikanKbn=nan", "url2": null, "内容": "博濟薬局0茨城県土浦市桜町４－１５－５" }, "geometry": { "type": "Point", "coordinates": [ 140.198656, 36.074397 ] } },
{ "type": "Feature", "properties": { "ID": 851000003071, "正式名称": "センター薬局", "機関区分": 5, "都道府県コード": 8, "市区町村コード": 203, "所在地": "茨城県土浦市城北町７－２３", "緯度": 36.0825, "経度": 140.206667, "url": "https://www.iryou.teikyouseido.mhlw.go.jp/znk-web/juminkanja/S2430/initialize?prefCd=08&kikanCd=1000003071&kikanKbn=nan", "url2": null, "内容": "センター薬局0茨城県土浦市城北町７－２３" }, "geometry": { "type": "Point", "coordinates": [ 140.206667, 36.0825 ] } },
{ "type": "Feature", "properties": { "ID": 851000003073, "正式名称": "さくらい薬局土浦文京店", "機関区分": 5, "都道府県コード": 8, "市区町村コード": 203, "所在地": "茨城県土浦市文京町１０－２２", "緯度": 36.0825, "経度": 140.1975, "url": "https://www.iryou.teikyouseido.mhlw.go.jp/znk-web/juminkanja/S2430/initialize?prefCd=08&kikanCd=1000003073&kikanKbn=nan", "url2": "www.sakurai-yakkyoku.com", "内容": "さくらい薬局土浦文京店0茨城県土浦市文京町１０－２２" }, "geometry": { "type": "Point", "coordinates": [ 140.1975, 36.0825 ] } },
{ "type": "Feature", "properties": { "ID": 851000003074, "正式名称": "とちの木薬局きだまり店", "機関区分": 5, "都道府県コード": 8, "市区町村コード": 203, "所在地": "茨城県土浦市木田余１６４１－１", "緯度": 36.097203, "経度": 140.217067, "url": "https://www.iryou.teikyouseido.mhlw.go.jp/znk-web/juminkanja/S2430/initialize?prefCd=08&kikanCd=1000003074&kikanKbn=nan", "url2": "https://www.yakusen.co.jp/", "内容": "とちの木薬局きだまり店0茨城県土浦市木田余１６４１－１" }, "geometry": { "type": "Point", "coordinates": [ 140.217067, 36.097203 ] } },
{ "type": "Feature", "properties": { "ID": 851000003075, "正式名称": "みすず薬局　メープル店", "機関区分": 5, "都道府県コード": 8, "市区町村コード": 230, "所在地": "茨城県かすみがうら市下稲吉２６３３－１７３", "緯度": 36.122778, "経度": 140.2325, "url": "https://www.iryou.teikyouseido.mhlw.go.jp/znk-web/juminkanja/S2430/initialize?prefCd=08&kikanCd=1000003075&kikanKbn=nan", "url2": "https://www.lifeaid-misuzu.co.jp/", "内容": "みすず薬局　メープル店0茨城県かすみがうら市下稲吉２６３３－１７３" }, "geometry": { "type": "Point", "coordinates": [ 140.2325, 36.122778 ] } },
{ "type": "Feature", "properties": { "ID": 851000003077, "正式名称": "みつば薬局", "機関区分": 5, "都道府県コード": 8, "市区町村コード": 230, "所在地": "茨城県かすみがうら市稲吉東５－２２－１３", "緯度": 36.126944, "経度": 140.253333, "url": "https://www.iryou.teikyouseido.mhlw.go.jp/znk-web/juminkanja/S2430/initialize?prefCd=08&kikanCd=1000003077&kikanKbn=nan", "url2": "http://ship-ph.co.jp/", "内容": "みつば薬局0茨城県かすみがうら市稲吉東５－２２－１３" }, "geometry": { "type": "Point", "coordinates": [ 140.253333, 36.126944 ] } },
{ "type": "Feature", "properties": { "ID": 851000003079, "正式名称": "めぐみ調剤薬局", "機関区分": 5, "都道府県コード": 8, "市区町村コード": 203, "所在地": "茨城県土浦市城北町９－４", "緯度": 36.086638, "経度": 140.20255, "url": "https://www.iryou.teikyouseido.mhlw.go.jp/znk-web/juminkanja/S2430/initialize?prefCd=08&kikanCd=1000003079&kikanKbn=nan", "url2": "https://www.megumi-eid.com/", "内容": "めぐみ調剤薬局0茨城県土浦市城北町９－４" }, "geometry": { "type": "Point", "coordinates": [ 140.20255, 36.086638 ] } },
{ "type": "Feature", "properties": { "ID": 851000003080, "正式名称": "神立中央薬局", "機関区分": 5, "都道府県コード": 8, "市区町村コード": 203, "所在地": "茨城県土浦市神立中央３－１４－１９", "緯度": 36.116944, "経度": 140.240556, "url": "https://www.iryou.teikyouseido.mhlw.go.jp/znk-web/juminkanja/S2430/initialize?prefCd=08&kikanCd=1000003080&kikanKbn=nan", "url2": null, "内容": "神立中央薬局0茨城県土浦市神立中央３－１４－１９" }, "geometry": { "type": "Point", "coordinates": [ 140.240556, 36.116944 ] } },
{ "type": "Feature", "properties": { "ID": 851000003082, "正式名称": "カワチ薬局　真鍋店", "機関区分": 5, "都道府県コード": 8, "市区町村コード": 203, "所在地": "茨城県土浦市真鍋新町２０－２０", "緯度": 36.08737, "経度": 140.207754, "url": "https://www.iryou.teikyouseido.mhlw.go.jp/znk-web/juminkanja/S2430/initialize?prefCd=08&kikanCd=1000003082&kikanKbn=nan", "url2": "https://www.cawachi.co.jp", "内容": "カワチ薬局　真鍋店0茨城県土浦市真鍋新町２０－２０" }, "geometry": { "type": "Point", "coordinates": [ 140.207754, 36.08737 ] } },
{ "type": "Feature", "properties": { "ID": 851000003083, "正式名称": "イオン薬局土浦店", "機関区分": 5, "都道府県コード": 8, "市区町村コード": 203, "所在地": "茨城県土浦市上高津３６７", "緯度": 36.076667, "経度": 140.183889, "url": "https://www.iryou.teikyouseido.mhlw.go.jp/znk-web/juminkanja/S2430/initialize?prefCd=08&kikanCd=1000003083&kikanKbn=nan", "url2": "https://www.aeonretail.jp/syohousen/index.html", "内容": "イオン薬局土浦店0茨城県土浦市上高津３６７" }, "geometry": { "type": "Point", "coordinates": [ 140.183889, 36.076667 ] } },
{ "type": "Feature", "properties": { "ID": 851000003087, "正式名称": "ポプリ薬局桜町店", "機関区分": 5, "都道府県コード": 8, "市区町村コード": 203, "所在地": "茨城県土浦市桜町３－５－３", "緯度": 36.07897, "経度": 140.200375, "url": "https://www.iryou.teikyouseido.mhlw.go.jp/znk-web/juminkanja/S2430/initialize?prefCd=08&kikanCd=1000003087&kikanKbn=nan", "url2": "https://popuri-pharma.co.jp/", "内容": "ポプリ薬局桜町店0茨城県土浦市桜町３－５－３" }, "geometry": { "type": "Point", "coordinates": [ 140.200375, 36.07897 ] } },
{ "type": "Feature", "properties": { "ID": 851000003089, "正式名称": "コスモファーマ薬局　千代田店", "機関区分": 5, "都道府県コード": 8, "市区町村コード": 230, "所在地": "茨城県かすみがうら市新治１８２７－３３", "緯度": 36.129167, "経度": 140.243056, "url": "https://www.iryou.teikyouseido.mhlw.go.jp/znk-web/juminkanja/S2430/initialize?prefCd=08&kikanCd=1000003089&kikanKbn=nan", "url2": "http://www.cosmmo-ph.co.jp/", "内容": "コスモファーマ薬局　千代田店0茨城県かすみがうら市新治１８２７－３３" }, "geometry": { "type": "Point", "coordinates": [ 140.243056, 36.129167 ] } },
{ "type": "Feature", "properties": { "ID": 851000003097, "正式名称": "松本薬局", "機関区分": 5, "都道府県コード": 8, "市区町村コード": 233, "所在地": "茨城県行方市玉造甲３４６", "緯度": 36.102778, "経度": 140.417778, "url": "https://www.iryou.teikyouseido.mhlw.go.jp/znk-web/juminkanja/S2430/initialize?prefCd=08&kikanCd=1000003097&kikanKbn=nan", "url2": null, "内容": "松本薬局0茨城県行方市玉造甲３４６" }, "geometry": { "type": "Point", "coordinates": [ 140.417778, 36.102778 ] } },
{ "type": "Feature", "properties": { "ID": 851000003098, "正式名称": "たまつくり調剤薬局", "機関区分": 5, "都道府県コード": 8, "市区町村コード": 233, "所在地": "茨城県行方市玉造甲５０９－１", "緯度": 36.098333, "経度": 140.420556, "url": "https://www.iryou.teikyouseido.mhlw.go.jp/znk-web/juminkanja/S2430/initialize?prefCd=08&kikanCd=1000003098&kikanKbn=nan", "url2": null, "内容": "たまつくり調剤薬局0茨城県行方市玉造甲５０９－１" }, "geometry": { "type": "Point", "coordinates": [ 140.420556, 36.098333 ] } },
{ "type": "Feature", "properties": { "ID": 851000003099, "正式名称": "有限会社　フダ調剤薬局", "機関区分": 5, "都道府県コード": 8, "市区町村コード": 234, "所在地": "茨城県鉾田市札６１６－２", "緯度": 36.079444, "経度": 140.548056, "url": "https://www.iryou.teikyouseido.mhlw.go.jp/znk-web/juminkanja/S2430/initialize?prefCd=08&kikanCd=1000003099&kikanKbn=nan", "url2": null, "内容": "有限会社　フダ調剤薬局0茨城県鉾田市札６１６－２" }, "geometry": { "type": "Point", "coordinates": [ 140.548056, 36.079444 ] } },
{ "type": "Feature", "properties": { "ID": 851000003100, "正式名称": "きたうら薬局", "機関区分": 5, "都道府県コード": 8, "市区町村コード": 233, "所在地": "茨城県行方市山田", "緯度": 36.083333, "経度": 140.536389, "url": "https://www.iryou.teikyouseido.mhlw.go.jp/znk-web/juminkanja/S2430/initialize?prefCd=08&kikanCd=1000003100&kikanKbn=nan", "url2": null, "内容": "きたうら薬局0茨城県行方市山田" }, "geometry": { "type": "Point", "coordinates": [ 140.536389, 36.083333 ] } },
{ "type": "Feature", "properties": { "ID": 851000003103, "正式名称": "イソハタ薬局中央町店", "機関区分": 5, "都道府県コード": 8, "市区町村コード": 204, "所在地": "茨城県古河市中央町１－２－３４", "緯度": 36.195218, "経度": 139.705524, "url": "https://www.iryou.teikyouseido.mhlw.go.jp/znk-web/juminkanja/S2430/initialize?prefCd=08&kikanCd=1000003103&kikanKbn=nan", "url2": null, "内容": "イソハタ薬局中央町店0茨城県古河市中央町１－２－３４" }, "geometry": { "type": "Point", "coordinates": [ 139.705524, 36.195218 ] } },
{ "type": "Feature", "properties": { "ID": 851000003104, "正式名称": "健光堂薬局", "機関区分": 5, "都道府県コード": 8, "市区町村コード": 204, "所在地": "茨城県古河市東１－１１－３１", "緯度": 36.191944, "経度": 139.715, "url": "https://www.iryou.teikyouseido.mhlw.go.jp/znk-web/juminkanja/S2430/initialize?prefCd=08&kikanCd=1000003104&kikanKbn=nan", "url2": null, "内容": "健光堂薬局0茨城県古河市東１－１１－３１" }, "geometry": { "type": "Point", "coordinates": [ 139.715, 36.191944 ] } },
{ "type": "Feature", "properties": { "ID": 851000003105, "正式名称": "有限会社　倉持薬局", "機関区分": 5, "都道府県コード": 8, "市区町村コード": 204, "所在地": "茨城県古河市本町２－７－２３", "緯度": 36.189722, "経度": 139.708333, "url": "https://www.iryou.teikyouseido.mhlw.go.jp/znk-web/juminkanja/S2430/initialize?prefCd=08&kikanCd=1000003105&kikanKbn=nan", "url2": "http://kuramochi-yakkyoku.jp", "内容": "有限会社　倉持薬局0茨城県古河市本町２－７－２３" }, "geometry": { "type": "Point", "coordinates": [ 139.708333, 36.189722 ] } },
{ "type": "Feature", "properties": { "ID": 851000003109, "正式名称": "つくば調剤薬局", "機関区分": 5, "都道府県コード": 8, "市区町村コード": 204, "所在地": "茨城県古河市中央町", "緯度": 36.189444, "経度": 139.7075, "url": "https://www.iryou.teikyouseido.mhlw.go.jp/znk-web/juminkanja/S2430/initialize?prefCd=08&kikanCd=1000003109&kikanKbn=nan", "url2": "http://www.asahi-pharmacy.jp/tsukuba.php", "内容": "つくば調剤薬局0茨城県古河市中央町" }, "geometry": { "type": "Point", "coordinates": [ 139.7075, 36.189444 ] } },
{ "type": "Feature", "properties": { "ID": 851000003112, "正式名称": "アイン薬局　古河駅西店", "機関区分": 5, "都道府県コード": 8, "市区町村コード": 204, "所在地": "茨城県古河市本町１－１０－６", "緯度": 36.194722, "経度": 139.709722, "url": "https://www.iryou.teikyouseido.mhlw.go.jp/znk-web/juminkanja/S2430/initialize?prefCd=08&kikanCd=1000003112&kikanKbn=nan", "url2": "http:/www.ainj.co.jp/asahi-ph/", "内容": "アイン薬局　古河駅西店0茨城県古河市本町１－１０－６" }, "geometry": { "type": "Point", "coordinates": [ 139.709722, 36.194722 ] } },
{ "type": "Feature", "properties": { "ID": 851000003113, "正式名称": "アイン薬局古河駅前店", "機関区分": 5, "都道府県コード": 8, "市区町村コード": 204, "所在地": "茨城県古河市本町２－４－３６", "緯度": 36.190556, "経度": 139.709722, "url": "https://www.iryou.teikyouseido.mhlw.go.jp/znk-web/juminkanja/S2430/initialize?prefCd=08&kikanCd=1000003113&kikanKbn=nan", "url2": "https://www.ainj.co.jp/", "内容": "アイン薬局古河駅前店0茨城県古河市本町２－４－３６" }, "geometry": { "type": "Point", "coordinates": [ 139.709722, 36.190556 ] } },
{ "type": "Feature", "properties": { "ID": 851000003114, "正式名称": "まきば薬局", "機関区分": 5, "都道府県コード": 8, "市区町村コード": 204, "所在地": "茨城県古河市錦町１－５４", "緯度": 36.194396, "経度": 139.698681, "url": "https://www.iryou.teikyouseido.mhlw.go.jp/znk-web/juminkanja/S2430/initialize?prefCd=08&kikanCd=1000003114&kikanKbn=nan", "url2": null, "内容": "まきば薬局0茨城県古河市錦町１－５４" }, "geometry": { "type": "Point", "coordinates": [ 139.698681, 36.194396 ] } },
{ "type": "Feature", "properties": { "ID": 851000003116, "正式名称": "カシマ調剤薬局", "機関区分": 5, "都道府県コード": 8, "市区町村コード": 204, "所在地": "茨城県古河市長谷町１－９", "緯度": 36.185, "経度": 139.706944, "url": "https://www.iryou.teikyouseido.mhlw.go.jp/znk-web/juminkanja/S2430/initialize?prefCd=08&kikanCd=1000003116&kikanKbn=nan", "url2": "http://www.asahi-phamacy.jp/kashima.pha", "内容": "カシマ調剤薬局0茨城県古河市長谷町１－９" }, "geometry": { "type": "Point", "coordinates": [ 139.706944, 36.185 ] } },
{ "type": "Feature", "properties": { "ID": 851000003117, "正式名称": "イソハタ薬局本町店", "機関区分": 5, "都道府県コード": 8, "市区町村コード": 204, "所在地": "茨城県古河市本町３－１－３１", "緯度": 36.190319, "経度": 139.704579, "url": "https://www.iryou.teikyouseido.mhlw.go.jp/znk-web/juminkanja/S2430/initialize?prefCd=08&kikanCd=1000003117&kikanKbn=nan", "url2": null, "内容": "イソハタ薬局本町店0茨城県古河市本町３－１－３１" }, "geometry": { "type": "Point", "coordinates": [ 139.704579, 36.190319 ] } },
{ "type": "Feature", "properties": { "ID": 851000003121, "正式名称": "アポスセンター薬局", "機関区分": 5, "都道府県コード": 8, "市区町村コード": 204, "所在地": "茨城県古河市東２ー１６ー２６", "緯度": 36.195278, "経度": 139.713333, "url": "https://www.iryou.teikyouseido.mhlw.go.jp/znk-web/juminkanja/S2430/initialize?prefCd=08&kikanCd=1000003121&kikanKbn=nan", "url2": "www.ahsgroup.jp", "内容": "アポスセンター薬局0茨城県古河市東２ー１６ー２６" }, "geometry": { "type": "Point", "coordinates": [ 139.713333, 36.195278 ] } },
{ "type": "Feature", "properties": { "ID": 851000003122, "正式名称": "スミレ薬局", "機関区分": 5, "都道府県コード": 8, "市区町村コード": 204, "所在地": "茨城県古河市横山町２－４－１０", "緯度": 36.196111, "経度": 139.708333, "url": "https://www.iryou.teikyouseido.mhlw.go.jp/znk-web/juminkanja/S2430/initialize?prefCd=08&kikanCd=1000003122&kikanKbn=nan", "url2": "https://sumire-koga.com/", "内容": "スミレ薬局0茨城県古河市横山町２－４－１０" }, "geometry": { "type": "Point", "coordinates": [ 139.708333, 36.196111 ] } },
{ "type": "Feature", "properties": { "ID": 851000003123, "正式名称": "ももの木薬局", "機関区分": 5, "都道府県コード": 8, "市区町村コード": 204, "所在地": "茨城県古河市坂間７１－１", "緯度": 36.160833, "経度": 139.711389, "url": "https://www.iryou.teikyouseido.mhlw.go.jp/znk-web/juminkanja/S2430/initialize?prefCd=08&kikanCd=1000003123&kikanKbn=nan", "url2": null, "内容": "ももの木薬局0茨城県古河市坂間７１－１" }, "geometry": { "type": "Point", "coordinates": [ 139.711389, 36.160833 ] } },
{ "type": "Feature", "properties": { "ID": 851000003125, "正式名称": "アイン薬局　古河本町店", "機関区分": 5, "都道府県コード": 8, "市区町村コード": 204, "所在地": "茨城県古河市本町４－１１－８", "緯度": 36.185, "経度": 139.714167, "url": "https://www.iryou.teikyouseido.mhlw.go.jp/znk-web/juminkanja/S2430/initialize?prefCd=08&kikanCd=1000003125&kikanKbn=nan", "url2": "http://www.ainj.co.jp/asahi-ph/", "内容": "アイン薬局　古河本町店0茨城県古河市本町４－１１－８" }, "geometry": { "type": "Point", "coordinates": [ 139.714167, 36.185 ] } },
{ "type": "Feature", "properties": { "ID": 851000003126, "正式名称": "フジサワ薬局　大堤店", "機関区分": 5, "都道府県コード": 8, "市区町村コード": 204, "所在地": "茨城県古河市大堤３１８番地", "緯度": 36.186509, "経度": 139.721595, "url": "https://www.iryou.teikyouseido.mhlw.go.jp/znk-web/juminkanja/S2430/initialize?prefCd=08&kikanCd=1000003126&kikanKbn=nan", "url2": null, "内容": "フジサワ薬局　大堤店0茨城県古河市大堤３１８番地" }, "geometry": { "type": "Point", "coordinates": [ 139.721595, 36.186509 ] } },
{ "type": "Feature", "properties": { "ID": 851000003127, "正式名称": "さくら薬局　猿島店", "機関区分": 5, "都道府県コード": 8, "市区町村コード": 204, "所在地": "茨城県古河市大堤字鹿養３０７の一部", "緯度": 36.183611, "経度": 139.725278, "url": "https://www.iryou.teikyouseido.mhlw.go.jp/znk-web/juminkanja/S2430/initialize?prefCd=08&kikanCd=1000003127&kikanKbn=nan", "url2": "https://www.kraft-net.co.jp/sakura/store/3214/", "内容": "さくら薬局　猿島店0茨城県古河市大堤字鹿養３０７の一部" }, "geometry": { "type": "Point", "coordinates": [ 139.725278, 36.183611 ] } },
{ "type": "Feature", "properties": { "ID": 851000003128, "正式名称": "協和調剤薬局　日赤前支局", "機関区分": 5, "都道府県コード": 8, "市区町村コード": 204, "所在地": "茨城県古河市大堤２９０－２", "緯度": 36.187695, "経度": 139.721792, "url": "https://www.iryou.teikyouseido.mhlw.go.jp/znk-web/juminkanja/S2430/initialize?prefCd=08&kikanCd=1000003128&kikanKbn=nan", "url2": "http://www.kyowa-hs.com", "内容": "協和調剤薬局　日赤前支局0茨城県古河市大堤２９０－２" }, "geometry": { "type": "Point", "coordinates": [ 139.721792, 36.187695 ] } },
{ "type": "Feature", "properties": { "ID": 851000003131, "正式名称": "ローズ薬局", "機関区分": 5, "都道府県コード": 8, "市区町村コード": 204, "所在地": "茨城県古河市大堤１１９－１", "緯度": 36.186278, "経度": 139.716504, "url": "https://www.iryou.teikyouseido.mhlw.go.jp/znk-web/juminkanja/S2430/initialize?prefCd=08&kikanCd=1000003131&kikanKbn=nan", "url2": "https://sante-g.com", "内容": "ローズ薬局0茨城県古河市大堤１１９－１" }, "geometry": { "type": "Point", "coordinates": [ 139.716504, 36.186278 ] } },
{ "type": "Feature", "properties": { "ID": 851000003133, "正式名称": "いるか薬局　古河店", "機関区分": 5, "都道府県コード": 8, "市区町村コード": 204, "所在地": "茨城県古河市横山町１－７－２５", "緯度": 36.193611, "経度": 139.706389, "url": "https://www.iryou.teikyouseido.mhlw.go.jp/znk-web/juminkanja/S2430/initialize?prefCd=08&kikanCd=1000003133&kikanKbn=nan", "url2": "http://iruka-pharmacy.net/", "内容": "いるか薬局　古河店0茨城県古河市横山町１－７－２５" }, "geometry": { "type": "Point", "coordinates": [ 139.706389, 36.193611 ] } },
{ "type": "Feature", "properties": { "ID": 851000003135, "正式名称": "ウエルシア薬局　ＶＡＬ古河店", "機関区分": 5, "都道府県コード": 8, "市区町村コード": 204, "所在地": "茨城県古河市本町１－１－１５ＶＡＬ　古河駅ビル内", "緯度": 36.191667, "経度": 139.712222, "url": "https://www.iryou.teikyouseido.mhlw.go.jp/znk-web/juminkanja/S2430/initialize?prefCd=08&kikanCd=1000003135&kikanKbn=nan", "url2": "http://www.welcia-yakkyoku.co.jp/", "内容": "ウエルシア薬局　ＶＡＬ古河店0茨城県古河市本町１－１－１５ＶＡＬ　古河駅ビル内" }, "geometry": { "type": "Point", "coordinates": [ 139.712222, 36.191667 ] } },
{ "type": "Feature", "properties": { "ID": 851000003139, "正式名称": "丘里薬局", "機関区分": 5, "都道府県コード": 8, "市区町村コード": 204, "所在地": "茨城県古河市関戸１２００－９", "緯度": 36.194224, "経度": 139.761536, "url": "https://www.iryou.teikyouseido.mhlw.go.jp/znk-web/juminkanja/S2430/initialize?prefCd=08&kikanCd=1000003139&kikanKbn=nan", "url2": "https://okasatokusuri.webnode.jp/", "内容": "丘里薬局0茨城県古河市関戸１２００－９" }, "geometry": { "type": "Point", "coordinates": [ 139.761536, 36.194224 ] } },
{ "type": "Feature", "properties": { "ID": 851000003141, "正式名称": "オレンジ薬局諸川店", "機関区分": 5, "都道府県コード": 8, "市区町村コード": 204, "所在地": "茨城県古河市諸川４３１－３", "緯度": 36.2027, "経度": 139.819114, "url": "https://www.iryou.teikyouseido.mhlw.go.jp/znk-web/juminkanja/S2430/initialize?prefCd=08&kikanCd=1000003141&kikanKbn=nan", "url2": "https://www.orangeyakkyoku.com/", "内容": "オレンジ薬局諸川店0茨城県古河市諸川４３１－３" }, "geometry": { "type": "Point", "coordinates": [ 139.819114, 36.2027 ] } },
{ "type": "Feature", "properties": { "ID": 851000003143, "正式名称": "コスモ調剤薬局", "機関区分": 5, "都道府県コード": 8, "市区町村コード": 204, "所在地": "茨城県古河市諸川", "緯度": 36.201485, "経度": 139.808727, "url": "https://www.iryou.teikyouseido.mhlw.go.jp/znk-web/juminkanja/S2430/initialize?prefCd=08&kikanCd=1000003143&kikanKbn=nan", "url2": "http://www5e.biglobe.ne.jp/~COSMODax/kaisya.html", "内容": "コスモ調剤薬局0茨城県古河市諸川" }, "geometry": { "type": "Point", "coordinates": [ 139.808727, 36.201485 ] } },
{ "type": "Feature", "properties": { "ID": 851000003144, "正式名称": "アイン薬局古河駒羽根店", "機関区分": 5, "都道府県コード": 8, "市区町村コード": 204, "所在地": "茨城県古河市駒羽根１１３－２", "緯度": 36.174929, "経度": 139.758363, "url": "https://www.iryou.teikyouseido.mhlw.go.jp/znk-web/juminkanja/S2430/initialize?prefCd=08&kikanCd=1000003144&kikanKbn=nan", "url2": "http://www.ainj.co.jp/", "内容": "アイン薬局古河駒羽根店0茨城県古河市駒羽根１１３－２" }, "geometry": { "type": "Point", "coordinates": [ 139.758363, 36.174929 ] } },
{ "type": "Feature", "properties": { "ID": 851000003145, "正式名称": "アイン薬局総和店", "機関区分": 5, "都道府県コード": 8, "市区町村コード": 204, "所在地": "茨城県古河市駒羽根８３０－２", "緯度": 36.160278, "経度": 139.763056, "url": "https://www.iryou.teikyouseido.mhlw.go.jp/znk-web/juminkanja/S2430/initialize?prefCd=08&kikanCd=1000003145&kikanKbn=nan", "url2": "http://www.asahi-ph-co.jp", "内容": "アイン薬局総和店0茨城県古河市駒羽根８３０－２" }, "geometry": { "type": "Point", "coordinates": [ 139.763056, 36.160278 ] } },
{ "type": "Feature", "properties": { "ID": 851000003147, "正式名称": "ウエルシア茨城総和薬局", "機関区分": 5, "都道府県コード": 8, "市区町村コード": 204, "所在地": "茨城県古河市下大野２００８", "緯度": 36.167045, "経度": 139.768023, "url": "https://www.iryou.teikyouseido.mhlw.go.jp/znk-web/juminkanja/S2430/initialize?prefCd=08&kikanCd=1000003147&kikanKbn=nan", "url2": "https://store.welcia.co.jp/welcia/spot/detail?code=29D", "内容": "ウエルシア茨城総和薬局0茨城県古河市下大野２００８" }, "geometry": { "type": "Point", "coordinates": [ 139.768023, 36.167045 ] } },
{ "type": "Feature", "properties": { "ID": 851000003148, "正式名称": "調剤薬局カシマ　久能店", "機関区分": 5, "都道府県コード": 8, "市区町村コード": 204, "所在地": "茨城県古河市久能１０１８ー５", "緯度": 36.162117, "経度": 139.770383, "url": "https://www.iryou.teikyouseido.mhlw.go.jp/znk-web/juminkanja/S2430/initialize?prefCd=08&kikanCd=1000003148&kikanKbn=nan", "url2": "http://www.asahi-pharmacy.jp/hisanou.php", "内容": "調剤薬局カシマ　久能店0茨城県古河市久能１０１８ー５" }, "geometry": { "type": "Point", "coordinates": [ 139.770383, 36.162117 ] } },
{ "type": "Feature", "properties": { "ID": 851000003149, "正式名称": "かえで薬局", "機関区分": 5, "都道府県コード": 8, "市区町村コード": 204, "所在地": "茨城県古河市駒羽根３２５－１", "緯度": 36.162011, "経度": 139.760096, "url": "https://www.iryou.teikyouseido.mhlw.go.jp/znk-web/juminkanja/S2430/initialize?prefCd=08&kikanCd=1000003149&kikanKbn=nan", "url2": "http://www.medicalife.co.jp", "内容": "かえで薬局0茨城県古河市駒羽根３２５－１" }, "geometry": { "type": "Point", "coordinates": [ 139.760096, 36.162011 ] } },
{ "type": "Feature", "properties": { "ID": 851000003152, "正式名称": "ホワイト薬局", "機関区分": 5, "都道府県コード": 8, "市区町村コード": 204, "所在地": "茨城県古河市西牛谷８８１－６４", "緯度": 36.195833, "経度": 139.741111, "url": "https://www.iryou.teikyouseido.mhlw.go.jp/znk-web/juminkanja/S2430/initialize?prefCd=08&kikanCd=1000003152&kikanKbn=nan", "url2": null, "内容": "ホワイト薬局0茨城県古河市西牛谷８８１－６４" }, "geometry": { "type": "Point", "coordinates": [ 139.741111, 36.195833 ] } },
{ "type": "Feature", "properties": { "ID": 851000003153, "正式名称": "しんせつ薬局", "機関区分": 5, "都道府県コード": 8, "市区町村コード": 204, "所在地": "茨城県古河市諸川１１８６－５", "緯度": 36.195, "経度": 139.815556, "url": "https://www.iryou.teikyouseido.mhlw.go.jp/znk-web/juminkanja/S2430/initialize?prefCd=08&kikanCd=1000003153&kikanKbn=nan", "url2": null, "内容": "しんせつ薬局0茨城県古河市諸川１１８６－５" }, "geometry": { "type": "Point", "coordinates": [ 139.815556, 36.195 ] } },
{ "type": "Feature", "properties": { "ID": 851000003156, "正式名称": "日本調剤　古河薬局", "機関区分": 5, "都道府県コード": 8, "市区町村コード": 204, "所在地": "茨城県古河市大堤２９１", "緯度": 36.184444, "経度": 139.725, "url": "https://www.iryou.teikyouseido.mhlw.go.jp/znk-web/juminkanja/S2430/initialize?prefCd=08&kikanCd=1000003156&kikanKbn=nan", "url2": "https://www.nicho.co.jp/tenpo/koga/", "内容": "日本調剤　古河薬局0茨城県古河市大堤２９１" }, "geometry": { "type": "Point", "coordinates": [ 139.725, 36.184444 ] } },
{ "type": "Feature", "properties": { "ID": 851000003157, "正式名称": "アイン薬局諸川店", "機関区分": 5, "都道府県コード": 8, "市区町村コード": 204, "所在地": "茨城県古河市大和田", "緯度": 36.198889, "経度": 139.793611, "url": "https://www.iryou.teikyouseido.mhlw.go.jp/znk-web/juminkanja/S2430/initialize?prefCd=08&kikanCd=1000003157&kikanKbn=nan", "url2": "http://www.ainj.co.jp/", "内容": "アイン薬局諸川店0茨城県古河市大和田" }, "geometry": { "type": "Point", "coordinates": [ 139.793611, 36.198889 ] } },
{ "type": "Feature", "properties": { "ID": 851000003160, "正式名称": "さくら薬局　古河下大野店", "機関区分": 5, "都道府県コード": 8, "市区町村コード": 204, "所在地": "茨城県古河市下大野２９２５－３", "緯度": 36.183611, "経度": 139.753889, "url": "https://www.iryou.teikyouseido.mhlw.go.jp/znk-web/juminkanja/S2430/initialize?prefCd=08&kikanCd=1000003160&kikanKbn=nan", "url2": "https://www.kraft-net.co.jp/sakura/store/3613/", "内容": "さくら薬局　古河下大野店0茨城県古河市下大野２９２５－３" }, "geometry": { "type": "Point", "coordinates": [ 139.753889, 36.183611 ] } },
{ "type": "Feature", "properties": { "ID": 851000003162, "正式名称": "あけぼの薬局千代川店", "機関区分": 5, "都道府県コード": 8, "市区町村コード": 210, "所在地": "茨城県下妻市別府２９５－８", "緯度": 36.146944, "経度": 139.945556, "url": "https://www.iryou.teikyouseido.mhlw.go.jp/znk-web/juminkanja/S2430/initialize?prefCd=08&kikanCd=1000003162&kikanKbn=nan", "url2": "http://www.akebono1.com/chiyokawa.html", "内容": "あけぼの薬局千代川店0茨城県下妻市別府２９５－８" }, "geometry": { "type": "Point", "coordinates": [ 139.945556, 36.146944 ] } },
{ "type": "Feature", "properties": { "ID": 851000003164, "正式名称": "パルム薬局　下妻店", "機関区分": 5, "都道府県コード": 8, "市区町村コード": 210, "所在地": "茨城県下妻市長塚４２３－１７", "緯度": 36.183056, "経度": 139.945278, "url": "https://www.iryou.teikyouseido.mhlw.go.jp/znk-web/juminkanja/S2430/initialize?prefCd=08&kikanCd=1000003164&kikanKbn=nan", "url2": null, "内容": "パルム薬局　下妻店0茨城県下妻市長塚４２３－１７" }, "geometry": { "type": "Point", "coordinates": [ 139.945278, 36.183056 ] } },
{ "type": "Feature", "properties": { "ID": 851000003166, "正式名称": "やちよ調剤薬局", "機関区分": 5, "都道府県コード": 8, "市区町村コード": 521, "所在地": "茨城県結城郡八千代町菅谷字高野前１０６５－５", "緯度": 36.182778, "経度": 139.8925, "url": "https://www.iryou.teikyouseido.mhlw.go.jp/znk-web/juminkanja/S2430/initialize?prefCd=08&kikanCd=1000003166&kikanKbn=nan", "url2": null, "内容": "やちよ調剤薬局0茨城県結城郡八千代町菅谷字高野前１０６５－５" }, "geometry": { "type": "Point", "coordinates": [ 139.8925, 36.182778 ] } },
{ "type": "Feature", "properties": { "ID": 851000003168, "正式名称": "ハロー薬局", "機関区分": 5, "都道府県コード": 8, "市区町村コード": 210, "所在地": "茨城県下妻市本城町２－１０３－１", "緯度": 36.184234, "経度": 139.964505, "url": "https://www.iryou.teikyouseido.mhlw.go.jp/znk-web/juminkanja/S2430/initialize?prefCd=08&kikanCd=1000003168&kikanKbn=nan", "url2": "https://www.hello-yakkyoku.com/hello", "内容": "ハロー薬局0茨城県下妻市本城町２－１０３－１" }, "geometry": { "type": "Point", "coordinates": [ 139.964505, 36.184234 ] } },
{ "type": "Feature", "properties": { "ID": 851000003169, "正式名称": "イオン薬局　下妻店", "機関区分": 5, "都道府県コード": 8, "市区町村コード": 210, "所在地": "茨城県下妻市堀篭９７２－１", "緯度": 36.186111, "経度": 139.993889, "url": "https://www.iryou.teikyouseido.mhlw.go.jp/znk-web/juminkanja/S2430/initialize?prefCd=08&kikanCd=1000003169&kikanKbn=nan", "url2": null, "内容": "イオン薬局　下妻店0茨城県下妻市堀篭９７２－１" }, "geometry": { "type": "Point", "coordinates": [ 139.993889, 36.186111 ] } },
{ "type": "Feature", "properties": { "ID": 851000003170, "正式名称": "いちょう薬局", "機関区分": 5, "都道府県コード": 8, "市区町村コード": 210, "所在地": "茨城県下妻市小島９０５－４", "緯度": 36.169563, "経度": 139.967774, "url": "https://www.iryou.teikyouseido.mhlw.go.jp/znk-web/juminkanja/S2430/initialize?prefCd=08&kikanCd=1000003170&kikanKbn=nan", "url2": "https://sante-g.com", "内容": "いちょう薬局0茨城県下妻市小島９０５－４" }, "geometry": { "type": "Point", "coordinates": [ 139.967774, 36.169563 ] } },
{ "type": "Feature", "properties": { "ID": 851000003171, "正式名称": "（株）外山長兵衛商店　　かしわや薬局", "機関区分": 5, "都道府県コード": 8, "市区町村コード": 210, "所在地": "茨城県下妻市下妻丁１０１", "緯度": 36.180173, "経度": 139.958045, "url": "https://www.iryou.teikyouseido.mhlw.go.jp/znk-web/juminkanja/S2430/initialize?prefCd=08&kikanCd=1000003171&kikanKbn=nan", "url2": null, "内容": "（株）外山長兵衛商店　　かしわや薬局0茨城県下妻市下妻丁１０１" }, "geometry": { "type": "Point", "coordinates": [ 139.958045, 36.180173 ] } },
{ "type": "Feature", "properties": { "ID": 851000003172, "正式名称": "つかだ薬局", "機関区分": 5, "都道府県コード": 8, "市区町村コード": 210, "所在地": "茨城県下妻市下妻丁１４６－５", "緯度": 36.183672, "経度": 139.95842, "url": "https://www.iryou.teikyouseido.mhlw.go.jp/znk-web/juminkanja/S2430/initialize?prefCd=08&kikanCd=1000003172&kikanKbn=nan", "url2": null, "内容": "つかだ薬局0茨城県下妻市下妻丁１４６－５" }, "geometry": { "type": "Point", "coordinates": [ 139.95842, 36.183672 ] } },
{ "type": "Feature", "properties": { "ID": 851000003174, "正式名称": "たみや薬局　下妻店", "機関区分": 5, "都道府県コード": 8, "市区町村コード": 210, "所在地": "茨城県下妻市下妻戊３９６ー１", "緯度": 36.185833, "経度": 139.974167, "url": "https://www.iryou.teikyouseido.mhlw.go.jp/znk-web/juminkanja/S2430/initialize?prefCd=08&kikanCd=1000003174&kikanKbn=nan", "url2": null, "内容": "たみや薬局　下妻店0茨城県下妻市下妻戊３９６ー１" }, "geometry": { "type": "Point", "coordinates": [ 139.974167, 36.185833 ] } },
{ "type": "Feature", "properties": { "ID": 851000003176, "正式名称": "あけぼの薬局　湖畔店", "機関区分": 5, "都道府県コード": 8, "市区町村コード": 210, "所在地": "茨城県下妻市下木戸　５３４－４", "緯度": 36.189722, "経度": 139.954167, "url": "https://www.iryou.teikyouseido.mhlw.go.jp/znk-web/juminkanja/S2430/initialize?prefCd=08&kikanCd=1000003176&kikanKbn=nan", "url2": "http://www.akebono1.com/", "内容": "あけぼの薬局　湖畔店0茨城県下妻市下木戸　５３４－４" }, "geometry": { "type": "Point", "coordinates": [ 139.954167, 36.189722 ] } },
{ "type": "Feature", "properties": { "ID": 851000003177, "正式名称": "アイン薬局　下妻店", "機関区分": 5, "都道府県コード": 8, "市区町村コード": 210, "所在地": "茨城県下妻市下妻乙３９９－１", "緯度": 36.175278, "経度": 139.964167, "url": "https://www.iryou.teikyouseido.mhlw.go.jp/znk-web/juminkanja/S2430/initialize?prefCd=08&kikanCd=1000003177&kikanKbn=nan", "url2": "https://www.ainj.co.jp/", "内容": "アイン薬局　下妻店0茨城県下妻市下妻乙３９９－１" }, "geometry": { "type": "Point", "coordinates": [ 139.964167, 36.175278 ] } },
{ "type": "Feature", "properties": { "ID": 851000003179, "正式名称": "ハニュウ薬局下妻店", "機関区分": 5, "都道府県コード": 8, "市区町村コード": 210, "所在地": "茨城県下妻市大串４５２‐２", "緯度": 36.191374, "経度": 139.972235, "url": "https://www.iryou.teikyouseido.mhlw.go.jp/znk-web/juminkanja/S2430/initialize?prefCd=08&kikanCd=1000003179&kikanKbn=nan", "url2": "http://www.mydrug.co.jp", "内容": "ハニュウ薬局下妻店0茨城県下妻市大串４５２‐２" }, "geometry": { "type": "Point", "coordinates": [ 139.972235, 36.191374 ] } },
{ "type": "Feature", "properties": { "ID": 851000003180, "正式名称": "日本調剤　下妻薬局", "機関区分": 5, "都道府県コード": 8, "市区町村コード": 210, "所在地": "茨城県下妻市長塚２８－２", "緯度": 36.181491, "経度": 139.953019, "url": "https://www.iryou.teikyouseido.mhlw.go.jp/znk-web/juminkanja/S2430/initialize?prefCd=08&kikanCd=1000003180&kikanKbn=nan", "url2": "http://www.nicho.co.jp/", "内容": "日本調剤　下妻薬局0茨城県下妻市長塚２８－２" }, "geometry": { "type": "Point", "coordinates": [ 139.953019, 36.181491 ] } },
{ "type": "Feature", "properties": { "ID": 851000003181, "正式名称": "よしぬま薬局", "機関区分": 5, "都道府県コード": 8, "市区町村コード": 220, "所在地": "茨城県つくば市吉沼２３８７－１", "緯度": 36.14398, "経度": 140.012019, "url": "https://www.iryou.teikyouseido.mhlw.go.jp/znk-web/juminkanja/S2430/initialize?prefCd=08&kikanCd=1000003181&kikanKbn=nan", "url2": "www.abcdrug.co.jp", "内容": "よしぬま薬局0茨城県つくば市吉沼２３８７－１" }, "geometry": { "type": "Point", "coordinates": [ 140.012019, 36.14398 ] } },
{ "type": "Feature", "properties": { "ID": 851000003187, "正式名称": "アサヒ調剤薬局北条店", "機関区分": 5, "都道府県コード": 8, "市区町村コード": 220, "所在地": "茨城県つくば市北条８９番地", "緯度": 36.174444, "経度": 140.096389, "url": "https://www.iryou.teikyouseido.mhlw.go.jp/znk-web/juminkanja/S2430/initialize?prefCd=08&kikanCd=1000003187&kikanKbn=nan", "url2": "http://www.asahi-pharmacy.jp/houjou.php", "内容": "アサヒ調剤薬局北条店0茨城県つくば市北条８９番地" }, "geometry": { "type": "Point", "coordinates": [ 140.096389, 36.174444 ] } },
{ "type": "Feature", "properties": { "ID": 851000003189, "正式名称": "アイン薬局　つくば北条店", "機関区分": 5, "都道府県コード": 8, "市区町村コード": 220, "所在地": "茨城県つくば市北条５１１７", "緯度": 36.173611, "経度": 140.089167, "url": "https://www.iryou.teikyouseido.mhlw.go.jp/znk-web/juminkanja/S2430/initialize?prefCd=08&kikanCd=1000003189&kikanKbn=nan", "url2": "http://www.ainj.co.jp/", "内容": "アイン薬局　つくば北条店0茨城県つくば市北条５１１７" }, "geometry": { "type": "Point", "coordinates": [ 140.089167, 36.173611 ] } },
{ "type": "Feature", "properties": { "ID": 851000003190, "正式名称": "アイン薬局　つくば篠崎店", "機関区分": 5, "都道府県コード": 8, "市区町村コード": 220, "所在地": "茨城県つくば市篠崎５０３－２", "緯度": 36.134722, "経度": 140.060278, "url": "https://www.iryou.teikyouseido.mhlw.go.jp/znk-web/juminkanja/S2430/initialize?prefCd=08&kikanCd=1000003190&kikanKbn=nan", "url2": "http://www.ainj.co.jp", "内容": "アイン薬局　つくば篠崎店0茨城県つくば市篠崎５０３－２" }, "geometry": { "type": "Point", "coordinates": [ 140.060278, 36.134722 ] } },
{ "type": "Feature", "properties": { "ID": 851000003192, "正式名称": "さくら薬局　つくば店", "機関区分": 5, "都道府県コード": 8, "市区町村コード": 220, "所在地": "茨城県つくば市佐１００６－３", "緯度": 36.155, "経度": 140.084167, "url": "https://www.iryou.teikyouseido.mhlw.go.jp/znk-web/juminkanja/S2430/initialize?prefCd=08&kikanCd=1000003192&kikanKbn=nan", "url2": "http://www.kraft-net.co.jp/sakura/store/3485/", "内容": "さくら薬局　つくば店0茨城県つくば市佐１００６－３" }, "geometry": { "type": "Point", "coordinates": [ 140.084167, 36.155 ] } },
{ "type": "Feature", "properties": { "ID": 851000003196, "正式名称": "高千穂薬局国府店", "機関区分": 5, "都道府県コード": 8, "市区町村コード": 205, "所在地": "茨城県石岡市国府１－６－２３", "緯度": 36.185556, "経度": 140.280833, "url": "https://www.iryou.teikyouseido.mhlw.go.jp/znk-web/juminkanja/S2430/initialize?prefCd=08&kikanCd=1000003196&kikanKbn=nan", "url2": null, "内容": "高千穂薬局国府店0茨城県石岡市国府１－６－２３" }, "geometry": { "type": "Point", "coordinates": [ 140.280833, 36.185556 ] } },
{ "type": "Feature", "properties": { "ID": 851000003197, "正式名称": "るふと薬局", "機関区分": 5, "都道府県コード": 8, "市区町村コード": 205, "所在地": "茨城県石岡市府中２－３－２", "緯度": 36.192595, "経度": 140.271983, "url": "https://www.iryou.teikyouseido.mhlw.go.jp/znk-web/juminkanja/S2430/initialize?prefCd=08&kikanCd=1000003197&kikanKbn=nan", "url2": "http://www.p-mdx.jp", "内容": "るふと薬局0茨城県石岡市府中２－３－２" }, "geometry": { "type": "Point", "coordinates": [ 140.271983, 36.192595 ] } },
{ "type": "Feature", "properties": { "ID": 851000003198, "正式名称": "ライズ調剤薬局石岡店", "機関区分": 5, "都道府県コード": 8, "市区町村コード": 205, "所在地": "茨城県石岡市府中１－６－１０", "緯度": 36.188611, "経度": 140.279444, "url": "https://www.iryou.teikyouseido.mhlw.go.jp/znk-web/juminkanja/S2430/initialize?prefCd=08&kikanCd=1000003198&kikanKbn=nan", "url2": "https://www.rise-pharm.com/", "内容": "ライズ調剤薬局石岡店0茨城県石岡市府中１－６－１０" }, "geometry": { "type": "Point", "coordinates": [ 140.279444, 36.188611 ] } },
{ "type": "Feature", "properties": { "ID": 851000003200, "正式名称": "渡辺薬局", "機関区分": 5, "都道府県コード": 8, "市区町村コード": 205, "所在地": "茨城県石岡市府中３－１－１０", "緯度": 36.19351, "経度": 140.276536, "url": "https://www.iryou.teikyouseido.mhlw.go.jp/znk-web/juminkanja/S2430/initialize?prefCd=08&kikanCd=1000003200&kikanKbn=nan", "url2": null, "内容": "渡辺薬局0茨城県石岡市府中３－１－１０" }, "geometry": { "type": "Point", "coordinates": [ 140.276536, 36.19351 ] } },
{ "type": "Feature", "properties": { "ID": 851000003201, "正式名称": "おがわ薬局", "機関区分": 5, "都道府県コード": 8, "市区町村コード": 236, "所在地": "茨城県小美玉市田木谷１７３", "緯度": 36.161389, "経度": 140.360833, "url": "https://www.iryou.teikyouseido.mhlw.go.jp/znk-web/juminkanja/S2430/initialize?prefCd=08&kikanCd=1000003201&kikanKbn=nan", "url2": null, "内容": "おがわ薬局0茨城県小美玉市田木谷１７３" }, "geometry": { "type": "Point", "coordinates": [ 140.360833, 36.161389 ] } },
{ "type": "Feature", "properties": { "ID": 851000003204, "正式名称": "玉里調剤薬局", "機関区分": 5, "都道府県コード": 8, "市区町村コード": 236, "所在地": "茨城県小美玉市栗又四ケ１７６８ー３３", "緯度": 36.17744, "経度": 140.32972, "url": "https://www.iryou.teikyouseido.mhlw.go.jp/znk-web/juminkanja/S2430/initialize?prefCd=08&kikanCd=1000003204&kikanKbn=nan", "url2": null, "内容": "玉里調剤薬局0茨城県小美玉市栗又四ケ１７６８ー３３" }, "geometry": { "type": "Point", "coordinates": [ 140.32972, 36.17744 ] } },
{ "type": "Feature", "properties": { "ID": 851000003205, "正式名称": "プラム薬局", "機関区分": 5, "都道府県コード": 8, "市区町村コード": 236, "所在地": "茨城県小美玉市栗又四ケ字木ノ内１７４７－１６", "緯度": 36.17807, "経度": 140.330365, "url": "https://www.iryou.teikyouseido.mhlw.go.jp/znk-web/juminkanja/S2430/initialize?prefCd=08&kikanCd=1000003205&kikanKbn=nan", "url2": null, "内容": "プラム薬局0茨城県小美玉市栗又四ケ字木ノ内１７４７－１６" }, "geometry": { "type": "Point", "coordinates": [ 140.330365, 36.17807 ] } },
{ "type": "Feature", "properties": { "ID": 851000003208, "正式名称": "マジマ薬局", "機関区分": 5, "都道府県コード": 8, "市区町村コード": 205, "所在地": "茨城県石岡市東石岡４－６－４０", "緯度": 36.187111, "経度": 140.296562, "url": "https://www.iryou.teikyouseido.mhlw.go.jp/znk-web/juminkanja/S2430/initialize?prefCd=08&kikanCd=1000003208&kikanKbn=nan", "url2": null, "内容": "マジマ薬局0茨城県石岡市東石岡４－６－４０" }, "geometry": { "type": "Point", "coordinates": [ 140.296562, 36.187111 ] } },
{ "type": "Feature", "properties": { "ID": 851000003209, "正式名称": "高千穂薬局", "機関区分": 5, "都道府県コード": 8, "市区町村コード": 205, "所在地": "茨城県石岡市東石岡４－１１－２７", "緯度": 36.186276, "経度": 140.299101, "url": "https://www.iryou.teikyouseido.mhlw.go.jp/znk-web/juminkanja/S2430/initialize?prefCd=08&kikanCd=1000003209&kikanKbn=nan", "url2": "http://www.takachiho-ph.com", "内容": "高千穂薬局0茨城県石岡市東石岡４－１１－２７" }, "geometry": { "type": "Point", "coordinates": [ 140.299101, 36.186276 ] } },
{ "type": "Feature", "properties": { "ID": 851000003210, "正式名称": "南山堂薬局旭台店", "機関区分": 5, "都道府県コード": 8, "市区町村コード": 205, "所在地": "茨城県石岡市旭台１－６－２３", "緯度": 36.1875, "経度": 140.301667, "url": "https://www.iryou.teikyouseido.mhlw.go.jp/znk-web/juminkanja/S2430/initialize?prefCd=08&kikanCd=1000003210&kikanKbn=nan", "url2": "http://www.nanzando.co.jp/", "内容": "南山堂薬局旭台店0茨城県石岡市旭台１－６－２３" }, "geometry": { "type": "Point", "coordinates": [ 140.301667, 36.1875 ] } },
{ "type": "Feature", "properties": { "ID": 851000003211, "正式名称": "ヒバリ薬局", "機関区分": 5, "都道府県コード": 8, "市区町村コード": 205, "所在地": "茨城県石岡市東大橋２８３２－１１", "緯度": 36.189361, "経度": 140.309302, "url": "https://www.iryou.teikyouseido.mhlw.go.jp/znk-web/juminkanja/S2430/initialize?prefCd=08&kikanCd=1000003211&kikanKbn=nan", "url2": null, "内容": "ヒバリ薬局0茨城県石岡市東大橋２８３２－１１" }, "geometry": { "type": "Point", "coordinates": [ 140.309302, 36.189361 ] } },
{ "type": "Feature", "properties": { "ID": 851000003213, "正式名称": "みなみ薬局", "機関区分": 5, "都道府県コード": 8, "市区町村コード": 205, "所在地": "茨城県石岡市南台３－３４－８", "緯度": 36.174444, "経度": 140.308611, "url": "https://www.iryou.teikyouseido.mhlw.go.jp/znk-web/juminkanja/S2430/initialize?prefCd=08&kikanCd=1000003213&kikanKbn=nan", "url2": null, "内容": "みなみ薬局0茨城県石岡市南台３－３４－８" }, "geometry": { "type": "Point", "coordinates": [ 140.308611, 36.174444 ] } },
{ "type": "Feature", "properties": { "ID": 851000003214, "正式名称": "アスカ薬局石岡店", "機関区分": 5, "都道府県コード": 8, "市区町村コード": 205, "所在地": "茨城県石岡市石岡１－１３－３", "緯度": 36.185, "経度": 140.286944, "url": "https://www.iryou.teikyouseido.mhlw.go.jp/znk-web/juminkanja/S2430/initialize?prefCd=08&kikanCd=1000003214&kikanKbn=nan", "url2": "http://www.p-nakayama.com/chozai/isioka.htm", "内容": "アスカ薬局石岡店0茨城県石岡市石岡１－１３－３" }, "geometry": { "type": "Point", "coordinates": [ 140.286944, 36.185 ] } },
{ "type": "Feature", "properties": { "ID": 851000003215, "正式名称": "なの花薬局石岡店", "機関区分": 5, "都道府県コード": 8, "市区町村コード": 205, "所在地": "茨城県石岡市東石岡４－１－３９", "緯度": 36.18757, "経度": 140.291726, "url": "https://www.iryou.teikyouseido.mhlw.go.jp/znk-web/juminkanja/S2430/initialize?prefCd=08&kikanCd=1000003215&kikanKbn=nan", "url2": "http://www.nanohana-ph.jp", "内容": "なの花薬局石岡店0茨城県石岡市東石岡４－１－３９" }, "geometry": { "type": "Point", "coordinates": [ 140.291726, 36.18757 ] } },
{ "type": "Feature", "properties": { "ID": 851000003218, "正式名称": "カワチ薬局　石岡北店", "機関区分": 5, "都道府県コード": 8, "市区町村コード": 205, "所在地": "茨城県石岡市東大橋１９７７－１", "緯度": 36.197129, "経度": 140.305151, "url": "https://www.iryou.teikyouseido.mhlw.go.jp/znk-web/juminkanja/S2430/initialize?prefCd=08&kikanCd=1000003218&kikanKbn=nan", "url2": "http://www.cawachi.co.jp", "内容": "カワチ薬局　石岡北店0茨城県石岡市東大橋１９７７－１" }, "geometry": { "type": "Point", "coordinates": [ 140.305151, 36.197129 ] } },
{ "type": "Feature", "properties": { "ID": 851000003219, "正式名称": "土子薬局", "機関区分": 5, "都道府県コード": 8, "市区町村コード": 234, "所在地": "茨城県鉾田市鉾田　１５３１－２", "緯度": 36.154606, "経度": 140.512451, "url": "https://www.iryou.teikyouseido.mhlw.go.jp/znk-web/juminkanja/S2430/initialize?prefCd=08&kikanCd=1000003219&kikanKbn=nan", "url2": null, "内容": "土子薬局0茨城県鉾田市鉾田　１５３１－２" }, "geometry": { "type": "Point", "coordinates": [ 140.512451, 36.154606 ] } },
{ "type": "Feature", "properties": { "ID": 851000003223, "正式名称": "ほこた薬局", "機関区分": 5, "都道府県コード": 8, "市区町村コード": 234, "所在地": "茨城県鉾田市安房１６５０‐４", "緯度": 36.163056, "経度": 140.529722, "url": "https://www.iryou.teikyouseido.mhlw.go.jp/znk-web/juminkanja/S2430/initialize?prefCd=08&kikanCd=1000003223&kikanKbn=nan", "url2": null, "内容": "ほこた薬局0茨城県鉾田市安房１６５０‐４" }, "geometry": { "type": "Point", "coordinates": [ 140.529722, 36.163056 ] } },
{ "type": "Feature", "properties": { "ID": 851000003225, "正式名称": "さわやか薬局", "機関区分": 5, "都道府県コード": 8, "市区町村コード": 234, "所在地": "茨城県鉾田市鉾田２４７５", "緯度": 36.149444, "経度": 140.5125, "url": "https://www.iryou.teikyouseido.mhlw.go.jp/znk-web/juminkanja/S2430/initialize?prefCd=08&kikanCd=1000003225&kikanKbn=nan", "url2": "www.ph-sawayaka.jp", "内容": "さわやか薬局0茨城県鉾田市鉾田２４７５" }, "geometry": { "type": "Point", "coordinates": [ 140.5125, 36.149444 ] } },
{ "type": "Feature", "properties": { "ID": 851000003226, "正式名称": "くるみ薬局", "機関区分": 5, "都道府県コード": 8, "市区町村コード": 204, "所在地": "茨城県古河市三杉町２－２８－１", "緯度": 36.203889, "経度": 139.722778, "url": "https://www.iryou.teikyouseido.mhlw.go.jp/znk-web/juminkanja/S2430/initialize?prefCd=08&kikanCd=1000003226&kikanKbn=nan", "url2": "http://www.ainj.co.jp", "内容": "くるみ薬局0茨城県古河市三杉町２－２８－１" }, "geometry": { "type": "Point", "coordinates": [ 139.722778, 36.203889 ] } },
{ "type": "Feature", "properties": { "ID": 851000003227, "正式名称": "卯木薬局", "機関区分": 5, "都道府県コード": 8, "市区町村コード": 204, "所在地": "茨城県古河市諸川２５５４", "緯度": 36.203025, "経度": 139.817188, "url": "https://www.iryou.teikyouseido.mhlw.go.jp/znk-web/juminkanja/S2430/initialize?prefCd=08&kikanCd=1000003227&kikanKbn=nan", "url2": "htts://ukiyaku.net/", "内容": "卯木薬局0茨城県古河市諸川２５５４" }, "geometry": { "type": "Point", "coordinates": [ 139.817188, 36.203025 ] } },
{ "type": "Feature", "properties": { "ID": 851000003228, "正式名称": "フジサワ薬局　古河店", "機関区分": 5, "都道府県コード": 8, "市区町村コード": 204, "所在地": "茨城県古河市緑町４４－４", "緯度": 36.206083, "経度": 139.72275, "url": "https://www.iryou.teikyouseido.mhlw.go.jp/znk-web/juminkanja/S2430/initialize?prefCd=08&kikanCd=1000003228&kikanKbn=nan", "url2": null, "内容": "フジサワ薬局　古河店0茨城県古河市緑町４４－４" }, "geometry": { "type": "Point", "coordinates": [ 139.72275, 36.206083 ] } },
{ "type": "Feature", "properties": { "ID": 851000003229, "正式名称": "協和調剤薬局　友愛前支局", "機関区分": 5, "都道府県コード": 8, "市区町村コード": 204, "所在地": "茨城県古河市東牛谷５２０－５", "緯度": 36.206916, "経度": 139.745718, "url": "https://www.iryou.teikyouseido.mhlw.go.jp/znk-web/juminkanja/S2430/initialize?prefCd=08&kikanCd=1000003229&kikanKbn=nan", "url2": "http://www.kyowa-hs.com", "内容": "協和調剤薬局　友愛前支局0茨城県古河市東牛谷５２０－５" }, "geometry": { "type": "Point", "coordinates": [ 139.745718, 36.206916 ] } },
{ "type": "Feature", "properties": { "ID": 851000003230, "正式名称": "木ノ下薬局", "機関区分": 5, "都道府県コード": 8, "市区町村コード": 204, "所在地": "茨城県古河市東牛谷６３０－１", "緯度": 36.204444, "経度": 139.746667, "url": "https://www.iryou.teikyouseido.mhlw.go.jp/znk-web/juminkanja/S2430/initialize?prefCd=08&kikanCd=1000003230&kikanKbn=nan", "url2": "http://www.kinoshita-pharmacy.co.jp/", "内容": "木ノ下薬局0茨城県古河市東牛谷６３０－１" }, "geometry": { "type": "Point", "coordinates": [ 139.746667, 36.204444 ] } },
{ "type": "Feature", "properties": { "ID": 851000003231, "正式名称": "ウエルシア薬局　古河諸川店", "機関区分": 5, "都道府県コード": 8, "市区町村コード": 204, "所在地": "茨城県古河市諸川１１６６", "緯度": 36.201145, "経度": 139.814529, "url": "https://www.iryou.teikyouseido.mhlw.go.jp/znk-web/juminkanja/S2430/initialize?prefCd=08&kikanCd=1000003231&kikanKbn=nan", "url2": "http://www.welcia-yakkyoku.co.jp/", "内容": "ウエルシア薬局　古河諸川店0茨城県古河市諸川１１６６" }, "geometry": { "type": "Point", "coordinates": [ 139.814529, 36.201145 ] } },
{ "type": "Feature", "properties": { "ID": 851000003232, "正式名称": "さくら薬局　古河店", "機関区分": 5, "都道府県コード": 8, "市区町村コード": 204, "所在地": "茨城県古河市東牛谷５２０－４", "緯度": 36.203611, "経度": 139.749167, "url": "https://www.iryou.teikyouseido.mhlw.go.jp/znk-web/juminkanja/S2430/initialize?prefCd=08&kikanCd=1000003232&kikanKbn=nan", "url2": "https://www.kraft-net.co.jp/sakura/store/3169/", "内容": "さくら薬局　古河店0茨城県古河市東牛谷５２０－４" }, "geometry": { "type": "Point", "coordinates": [ 139.749167, 36.203611 ] } },
{ "type": "Feature", "properties": { "ID": 851000003235, "正式名称": "島谷薬局", "機関区分": 5, "都道府県コード": 8, "市区町村コード": 227, "所在地": "茨城県筑西市関本上中２１４", "緯度": 36.250278, "経度": 139.917778, "url": "https://www.iryou.teikyouseido.mhlw.go.jp/znk-web/juminkanja/S2430/initialize?prefCd=08&kikanCd=1000003235&kikanKbn=nan", "url2": null, "内容": "島谷薬局0茨城県筑西市関本上中２１４" }, "geometry": { "type": "Point", "coordinates": [ 139.917778, 36.250278 ] } },
{ "type": "Feature", "properties": { "ID": 851000003238, "正式名称": "やまぐち薬局　関城店", "機関区分": 5, "都道府県コード": 8, "市区町村コード": 227, "所在地": "茨城県筑西市舟生１０５９", "緯度": 36.245833, "経度": 139.938333, "url": "https://www.iryou.teikyouseido.mhlw.go.jp/znk-web/juminkanja/S2430/initialize?prefCd=08&kikanCd=1000003238&kikanKbn=nan", "url2": "http://www.genki-ageruyo.com/", "内容": "やまぐち薬局　関城店0茨城県筑西市舟生１０５９" }, "geometry": { "type": "Point", "coordinates": [ 139.938333, 36.245833 ] } },
{ "type": "Feature", "properties": { "ID": 851000003240, "正式名称": "中央薬局　　結城店", "機関区分": 5, "都道府県コード": 8, "市区町村コード": 207, "所在地": "茨城県結城市上山川５０４９－１３", "緯度": 36.269722, "経度": 139.861111, "url": "https://www.iryou.teikyouseido.mhlw.go.jp/znk-web/juminkanja/S2430/initialize?prefCd=08&kikanCd=1000003240&kikanKbn=nan", "url2": "http://www.power-p.co.jp", "内容": "中央薬局　　結城店0茨城県結城市上山川５０４９－１３" }, "geometry": { "type": "Point", "coordinates": [ 139.861111, 36.269722 ] } },
{ "type": "Feature", "properties": { "ID": 851000003242, "正式名称": "たけの調剤薬局", "機関区分": 5, "都道府県コード": 8, "市区町村コード": 521, "所在地": "茨城県結城郡八千代町高崎１０７６－２", "緯度": 36.217963, "経度": 139.914421, "url": "https://www.iryou.teikyouseido.mhlw.go.jp/znk-web/juminkanja/S2430/initialize?prefCd=08&kikanCd=1000003242&kikanKbn=nan", "url2": "http://www.takenop.sakura.ne.jp/homepage/", "内容": "たけの調剤薬局0茨城県結城郡八千代町高崎１０７６－２" }, "geometry": { "type": "Point", "coordinates": [ 139.914421, 36.217963 ] } },
{ "type": "Feature", "properties": { "ID": 851000003243, "正式名称": "ユーキ薬局", "機関区分": 5, "都道府県コード": 8, "市区町村コード": 210, "所在地": "茨城県下妻市江２０５４", "緯度": 36.223611, "経度": 139.9375, "url": "https://www.iryou.teikyouseido.mhlw.go.jp/znk-web/juminkanja/S2430/initialize?prefCd=08&kikanCd=1000003243&kikanKbn=nan", "url2": "http://.yu-kiyakkyoku.jp/", "内容": "ユーキ薬局0茨城県下妻市江２０５４" }, "geometry": { "type": "Point", "coordinates": [ 139.9375, 36.223611 ] } },
{ "type": "Feature", "properties": { "ID": 851000003244, "正式名称": "アルファーム薬局関本店", "機関区分": 5, "都道府県コード": 8, "市区町村コード": 227, "所在地": "茨城県筑西市関本下１９４０－３", "緯度": 36.248056, "経度": 139.930278, "url": "https://www.iryou.teikyouseido.mhlw.go.jp/znk-web/juminkanja/S2430/initialize?prefCd=08&kikanCd=1000003244&kikanKbn=nan", "url2": "https://www.alpharm.co.jp/", "内容": "アルファーム薬局関本店0茨城県筑西市関本下１９４０－３" }, "geometry": { "type": "Point", "coordinates": [ 139.930278, 36.248056 ] } },
{ "type": "Feature", "properties": { "ID": 851000003248, "正式名称": "ハニュウ薬局北つくば店", "機関区分": 5, "都道府県コード": 8, "市区町村コード": 227, "所在地": "茨城県筑西市海老ヶ島９３１－３", "緯度": 36.248034, "経度": 140.039815, "url": "https://www.iryou.teikyouseido.mhlw.go.jp/znk-web/juminkanja/S2430/initialize?prefCd=08&kikanCd=1000003248&kikanKbn=nan", "url2": "http://www.mydrug.co.jp", "内容": "ハニュウ薬局北つくば店0茨城県筑西市海老ヶ島９３１－３" }, "geometry": { "type": "Point", "coordinates": [ 140.039815, 36.248034 ] } },
{ "type": "Feature", "properties": { "ID": 851000003250, "正式名称": "つかもと調剤薬局　明野南店", "機関区分": 5, "都道府県コード": 8, "市区町村コード": 227, "所在地": "茨城県筑西市中上野７１２－４", "緯度": 36.215278, "経度": 140.030278, "url": "https://www.iryou.teikyouseido.mhlw.go.jp/znk-web/juminkanja/S2430/initialize?prefCd=08&kikanCd=1000003250&kikanKbn=nan", "url2": "https://www.ainj.co.jp/", "内容": "つかもと調剤薬局　明野南店0茨城県筑西市中上野７１２－４" }, "geometry": { "type": "Point", "coordinates": [ 140.030278, 36.215278 ] } },
{ "type": "Feature", "properties": { "ID": 851000003251, "正式名称": "たけの薬局下妻店", "機関区分": 5, "都道府県コード": 8, "市区町村コード": 210, "所在地": "茨城県下妻市数須８３７", "緯度": 36.217025, "経度": 139.991023, "url": "https://www.iryou.teikyouseido.mhlw.go.jp/znk-web/juminkanja/S2430/initialize?prefCd=08&kikanCd=1000003251&kikanKbn=nan", "url2": "http://takenop.sakura.ne.jp/homepage/", "内容": "たけの薬局下妻店0茨城県下妻市数須８３７" }, "geometry": { "type": "Point", "coordinates": [ 139.991023, 36.217025 ] } },
{ "type": "Feature", "properties": { "ID": 851000003252, "正式名称": "あけの薬局", "機関区分": 5, "都道府県コード": 8, "市区町村コード": 227, "所在地": "茨城県筑西市新井新田４２－３２", "緯度": 36.243611, "経度": 140.030556, "url": "https://www.iryou.teikyouseido.mhlw.go.jp/znk-web/juminkanja/S2430/initialize?prefCd=08&kikanCd=1000003252&kikanKbn=nan", "url2": null, "内容": "あけの薬局0茨城県筑西市新井新田４２－３２" }, "geometry": { "type": "Point", "coordinates": [ 140.030556, 36.243611 ] } },
{ "type": "Feature", "properties": { "ID": 851000003253, "正式名称": "あおやま薬局", "機関区分": 5, "都道府県コード": 8, "市区町村コード": 220, "所在地": "茨城県つくば市沼田２８３－４", "緯度": 36.204444, "経度": 140.0825, "url": "https://www.iryou.teikyouseido.mhlw.go.jp/znk-web/juminkanja/S2430/initialize?prefCd=08&kikanCd=1000003253&kikanKbn=nan", "url2": null, "内容": "あおやま薬局0茨城県つくば市沼田２８３－４" }, "geometry": { "type": "Point", "coordinates": [ 140.0825, 36.204444 ] } },
{ "type": "Feature", "properties": { "ID": 851000003254, "正式名称": "旭調剤薬局筑波店", "機関区分": 5, "都道府県コード": 8, "市区町村コード": 220, "所在地": "茨城県つくば市国松６３", "緯度": 36.204722, "経度": 140.08, "url": "https://www.iryou.teikyouseido.mhlw.go.jp/znk-web/juminkanja/S2430/initialize?prefCd=08&kikanCd=1000003254&kikanKbn=nan", "url2": null, "内容": "旭調剤薬局筑波店0茨城県つくば市国松６３" }, "geometry": { "type": "Point", "coordinates": [ 140.08, 36.204722 ] } },
{ "type": "Feature", "properties": { "ID": 851000003255, "正式名称": "みどりの調剤薬局", "機関区分": 5, "都道府県コード": 8, "市区町村コード": 220, "所在地": "茨城県つくば市沼田１２５６－１", "緯度": 36.2025, "経度": 140.086667, "url": "https://www.iryou.teikyouseido.mhlw.go.jp/znk-web/juminkanja/S2430/initialize?prefCd=08&kikanCd=1000003255&kikanKbn=nan", "url2": null, "内容": "みどりの調剤薬局0茨城県つくば市沼田１２５６－１" }, "geometry": { "type": "Point", "coordinates": [ 140.086667, 36.2025 ] } },
{ "type": "Feature", "properties": { "ID": 851000003256, "正式名称": "あおば薬局", "機関区分": 5, "都道府県コード": 8, "市区町村コード": 205, "所在地": "茨城県石岡市柿岡１５４７－５", "緯度": 36.247558, "経度": 140.178868, "url": "https://www.iryou.teikyouseido.mhlw.go.jp/znk-web/juminkanja/S2430/initialize?prefCd=08&kikanCd=1000003256&kikanKbn=nan", "url2": "http://www.jp-group.co.jp/", "内容": "あおば薬局0茨城県石岡市柿岡１５４７－５" }, "geometry": { "type": "Point", "coordinates": [ 140.178868, 36.247558 ] } },
{ "type": "Feature", "properties": { "ID": 851000003258, "正式名称": "浅野薬局", "機関区分": 5, "都道府県コード": 8, "市区町村コード": 205, "所在地": "茨城県石岡市柿岡", "緯度": 36.238889, "経度": 140.194722, "url": "https://www.iryou.teikyouseido.mhlw.go.jp/znk-web/juminkanja/S2430/initialize?prefCd=08&kikanCd=1000003258&kikanKbn=nan", "url2": null, "内容": "浅野薬局0茨城県石岡市柿岡" }, "geometry": { "type": "Point", "coordinates": [ 140.194722, 36.238889 ] } },
{ "type": "Feature", "properties": { "ID": 851000003259, "正式名称": "かのこ薬局", "機関区分": 5, "都道府県コード": 8, "市区町村コード": 205, "所在地": "茨城県石岡市鹿の子２－９－２", "緯度": 36.204292, "経度": 140.25842, "url": "https://www.iryou.teikyouseido.mhlw.go.jp/znk-web/juminkanja/S2430/initialize?prefCd=08&kikanCd=1000003259&kikanKbn=nan", "url2": "http://www.abcdrug.co.jp", "内容": "かのこ薬局0茨城県石岡市鹿の子２－９－２" }, "geometry": { "type": "Point", "coordinates": [ 140.25842, 36.204292 ] } },
{ "type": "Feature", "properties": { "ID": 851000003261, "正式名称": "南山堂薬局石岡店", "機関区分": 5, "都道府県コード": 8, "市区町村コード": 205, "所在地": "茨城県石岡市東府中１－１４", "緯度": 36.2, "経度": 140.295, "url": "https://www.iryou.teikyouseido.mhlw.go.jp/znk-web/juminkanja/S2430/initialize?prefCd=08&kikanCd=1000003261&kikanKbn=nan", "url2": "http://www.nanzando.co.jp/", "内容": "南山堂薬局石岡店0茨城県石岡市東府中１－１４" }, "geometry": { "type": "Point", "coordinates": [ 140.295, 36.2 ] } },
{ "type": "Feature", "properties": { "ID": 851000003263, "正式名称": "パワー調剤薬局石岡店", "機関区分": 5, "都道府県コード": 8, "市区町村コード": 205, "所在地": "茨城県石岡市杉並２－２－１８", "緯度": 36.20424, "経度": 140.286658, "url": "https://www.iryou.teikyouseido.mhlw.go.jp/znk-web/juminkanja/S2430/initialize?prefCd=08&kikanCd=1000003263&kikanKbn=nan", "url2": "https://drugkubota.co.jp/shop/ishioka", "内容": "パワー調剤薬局石岡店0茨城県石岡市杉並２－２－１８" }, "geometry": { "type": "Point", "coordinates": [ 140.286658, 36.20424 ] } },
{ "type": "Feature", "properties": { "ID": 851000003264, "正式名称": "南山堂薬局石岡本店", "機関区分": 5, "都道府県コード": 8, "市区町村コード": 205, "所在地": "茨城県石岡市東府中１３４５８－９２", "緯度": 36.199167, "経度": 140.296667, "url": "https://www.iryou.teikyouseido.mhlw.go.jp/znk-web/juminkanja/S2430/initialize?prefCd=08&kikanCd=1000003264&kikanKbn=nan", "url2": "http://www.nazandou.co.jp/", "内容": "南山堂薬局石岡本店0茨城県石岡市東府中１３４５８－９２" }, "geometry": { "type": "Point", "coordinates": [ 140.296667, 36.199167 ] } },
{ "type": "Feature", "properties": { "ID": 851000003265, "正式名称": "ほし薬局石岡店", "機関区分": 5, "都道府県コード": 8, "市区町村コード": 205, "所在地": "茨城県石岡市東府中１３４５８－９４", "緯度": 36.198889, "経度": 140.296667, "url": "https://www.iryou.teikyouseido.mhlw.go.jp/znk-web/juminkanja/S2430/initialize?prefCd=08&kikanCd=1000003265&kikanKbn=nan", "url2": "https://drugkubota.co.jp/shop/hoshi", "内容": "ほし薬局石岡店0茨城県石岡市東府中１３４５８－９４" }, "geometry": { "type": "Point", "coordinates": [ 140.296667, 36.198889 ] } },
{ "type": "Feature", "properties": { "ID": 851000003266, "正式名称": "みつばち薬局　石岡店", "機関区分": 5, "都道府県コード": 8, "市区町村コード": 205, "所在地": "茨城県石岡市東府中１－３", "緯度": 36.198611, "経度": 140.296389, "url": "https://www.iryou.teikyouseido.mhlw.go.jp/znk-web/juminkanja/S2430/initialize?prefCd=08&kikanCd=1000003266&kikanKbn=nan", "url2": "https://muse-mitsubachi.com/", "内容": "みつばち薬局　石岡店0茨城県石岡市東府中１－３" }, "geometry": { "type": "Point", "coordinates": [ 140.296389, 36.198611 ] } },
{ "type": "Feature", "properties": { "ID": 851000003267, "正式名称": "コスモファーマ薬局　石岡店", "機関区分": 5, "都道府県コード": 8, "市区町村コード": 205, "所在地": "茨城県石岡市行里川１３４４０ー２２", "緯度": 36.206772, "経度": 140.289543, "url": "https://www.iryou.teikyouseido.mhlw.go.jp/znk-web/juminkanja/S2430/initialize?prefCd=08&kikanCd=1000003267&kikanKbn=nan", "url2": "https://www.cosmo-ph.co.jp/", "内容": "コスモファーマ薬局　石岡店0茨城県石岡市行里川１３４４０ー２２" }, "geometry": { "type": "Point", "coordinates": [ 140.289543, 36.206772 ] } },
{ "type": "Feature", "properties": { "ID": 851000003269, "正式名称": "はとり東薬局", "機関区分": 5, "都道府県コード": 8, "市区町村コード": 236, "所在地": "茨城県小美玉市羽鳥２７１９－９２", "緯度": 36.248978, "経度": 140.287609, "url": "https://www.iryou.teikyouseido.mhlw.go.jp/znk-web/juminkanja/S2430/initialize?prefCd=08&kikanCd=1000003269&kikanKbn=nan", "url2": "https://www.aisei.co.jp/", "内容": "はとり東薬局0茨城県小美玉市羽鳥２７１９－９２" }, "geometry": { "type": "Point", "coordinates": [ 140.287609, 36.248978 ] } },
{ "type": "Feature", "properties": { "ID": 851000003270, "正式名称": "希望ヶ丘薬局", "機関区分": 5, "都道府県コード": 8, "市区町村コード": 236, "所在地": "茨城県小美玉市中台８２９－２１", "緯度": 36.222935, "経度": 140.305734, "url": "https://www.iryou.teikyouseido.mhlw.go.jp/znk-web/juminkanja/S2430/initialize?prefCd=08&kikanCd=1000003270&kikanKbn=nan", "url2": "http://www5.hp-ez.com/hp/kibougaoka", "内容": "希望ヶ丘薬局0茨城県小美玉市中台８２９－２１" }, "geometry": { "type": "Point", "coordinates": [ 140.305734, 36.222935 ] } },
{ "type": "Feature", "properties": { "ID": 851000003278, "正式名称": "有限会社　つくば薬局", "機関区分": 5, "都道府県コード": 8, "市区町村コード": 227, "所在地": "茨城県筑西市下川島８２６－３９", "緯度": 36.293889, "経度": 139.931944, "url": "https://www.iryou.teikyouseido.mhlw.go.jp/znk-web/juminkanja/S2430/initialize?prefCd=08&kikanCd=1000003278&kikanKbn=nan", "url2": "http://tsukuba-pharmacy.net", "内容": "有限会社　つくば薬局0茨城県筑西市下川島８２６－３９" }, "geometry": { "type": "Point", "coordinates": [ 139.931944, 36.293889 ] } },
{ "type": "Feature", "properties": { "ID": 851000003279, "正式名称": "ハニュウ薬局玉戸店", "機関区分": 5, "都道府県コード": 8, "市区町村コード": 227, "所在地": "茨城県筑西市玉戸１０８０－４", "緯度": 36.296425, "経度": 139.939453, "url": "https://www.iryou.teikyouseido.mhlw.go.jp/znk-web/juminkanja/S2430/initialize?prefCd=08&kikanCd=1000003279&kikanKbn=nan", "url2": "http://www.mydrug.co.jp", "内容": "ハニュウ薬局玉戸店0茨城県筑西市玉戸１０８０－４" }, "geometry": { "type": "Point", "coordinates": [ 139.939453, 36.296425 ] } },
{ "type": "Feature", "properties": { "ID": 851000003281, "正式名称": "すこやか薬局", "機関区分": 5, "都道府県コード": 8, "市区町村コード": 207, "所在地": "茨城県結城市結城７９６５－２８", "緯度": 36.286335, "経度": 139.860168, "url": "https://www.iryou.teikyouseido.mhlw.go.jp/znk-web/juminkanja/S2430/initialize?prefCd=08&kikanCd=1000003281&kikanKbn=nan", "url2": null, "内容": "すこやか薬局0茨城県結城市結城７９６５－２８" }, "geometry": { "type": "Point", "coordinates": [ 139.860168, 36.286335 ] } },
{ "type": "Feature", "properties": { "ID": 851000003283, "正式名称": "ハニュウ薬局結城駅南店", "機関区分": 5, "都道府県コード": 8, "市区町村コード": 207, "所在地": "茨城県結城市中央町１－５－２０", "緯度": 36.292989, "経度": 139.872017, "url": "https://www.iryou.teikyouseido.mhlw.go.jp/znk-web/juminkanja/S2430/initialize?prefCd=08&kikanCd=1000003283&kikanKbn=nan", "url2": "http://www.mydrug.biz/", "内容": "ハニュウ薬局結城駅南店0茨城県結城市中央町１－５－２０" }, "geometry": { "type": "Point", "coordinates": [ 139.872017, 36.292989 ] } },
{ "type": "Feature", "properties": { "ID": 851000003284, "正式名称": "ハニュウ薬局結城東店", "機関区分": 5, "都道府県コード": 8, "市区町村コード": 207, "所在地": "茨城県結城市結城６２０２", "緯度": 36.289348, "経度": 139.882364, "url": "https://www.iryou.teikyouseido.mhlw.go.jp/znk-web/juminkanja/S2430/initialize?prefCd=08&kikanCd=1000003284&kikanKbn=nan", "url2": null, "内容": "ハニュウ薬局結城東店0茨城県結城市結城６２０２" }, "geometry": { "type": "Point", "coordinates": [ 139.882364, 36.289348 ] } },
{ "type": "Feature", "properties": { "ID": 851000003285, "正式名称": "絹の里薬局", "機関区分": 5, "都道府県コード": 8, "市区町村コード": 207, "所在地": "茨城県結城市結城１３５６－６", "緯度": 36.301389, "経度": 139.878611, "url": "https://www.iryou.teikyouseido.mhlw.go.jp/znk-web/juminkanja/S2430/initialize?prefCd=08&kikanCd=1000003285&kikanKbn=nan", "url2": null, "内容": "絹の里薬局0茨城県結城市結城１３５６－６" }, "geometry": { "type": "Point", "coordinates": [ 139.878611, 36.301389 ] } },
{ "type": "Feature", "properties": { "ID": 851000003287, "正式名称": "すみれ薬局", "機関区分": 5, "都道府県コード": 8, "市区町村コード": 207, "所在地": "茨城県結城市中央町２－９－１５", "緯度": 36.288292, "経度": 139.872044, "url": "https://www.iryou.teikyouseido.mhlw.go.jp/znk-web/juminkanja/S2430/initialize?prefCd=08&kikanCd=1000003287&kikanKbn=nan", "url2": "https://sante-g.com", "内容": "すみれ薬局0茨城県結城市中央町２－９－１５" }, "geometry": { "type": "Point", "coordinates": [ 139.872044, 36.288292 ] } },
{ "type": "Feature", "properties": { "ID": 851000003288, "正式名称": "ハニュウ薬局小田林店", "機関区分": 5, "都道府県コード": 8, "市区町村コード": 207, "所在地": "茨城県結城市小田林２５２０－２１３", "緯度": 36.297499, "経度": 139.854637, "url": "https://www.iryou.teikyouseido.mhlw.go.jp/znk-web/juminkanja/S2430/initialize?prefCd=08&kikanCd=1000003288&kikanKbn=nan", "url2": "http://www.mydrug.co.jp/", "内容": "ハニュウ薬局小田林店0茨城県結城市小田林２５２０－２１３" }, "geometry": { "type": "Point", "coordinates": [ 139.854637, 36.297499 ] } },
{ "type": "Feature", "properties": { "ID": 851000003289, "正式名称": "花・花薬局結城店", "機関区分": 5, "都道府県コード": 8, "市区町村コード": 207, "所在地": "茨城県結城市結城８７７６－９", "緯度": 36.283694, "経度": 139.867657, "url": "https://www.iryou.teikyouseido.mhlw.go.jp/znk-web/juminkanja/S2430/initialize?prefCd=08&kikanCd=1000003289&kikanKbn=nan", "url2": "http://www.e-ff.jp/tenpo/ajisai.html", "内容": "花・花薬局結城店0茨城県結城市結城８７７６－９" }, "geometry": { "type": "Point", "coordinates": [ 139.867657, 36.283694 ] } },
{ "type": "Feature", "properties": { "ID": 851000003290, "正式名称": "協和調剤薬局　結城支局", "機関区分": 5, "都道府県コード": 8, "市区町村コード": 207, "所在地": "茨城県結城市結城９６２８－４", "緯度": 36.286389, "経度": 139.858333, "url": "https://www.iryou.teikyouseido.mhlw.go.jp/znk-web/juminkanja/S2430/initialize?prefCd=08&kikanCd=1000003290&kikanKbn=nan", "url2": "http://www.kyowa-hs.com", "内容": "協和調剤薬局　結城支局0茨城県結城市結城９６２８－４" }, "geometry": { "type": "Point", "coordinates": [ 139.858333, 36.286389 ] } },
{ "type": "Feature", "properties": { "ID": 851000003291, "正式名称": "ひまわり調剤薬局", "機関区分": 5, "都道府県コード": 8, "市区町村コード": 207, "所在地": "茨城県結城市結城１０７４２－１５", "緯度": 36.305219, "経度": 139.851683, "url": "https://www.iryou.teikyouseido.mhlw.go.jp/znk-web/juminkanja/S2430/initialize?prefCd=08&kikanCd=1000003291&kikanKbn=nan", "url2": "https://sante-g.com", "内容": "ひまわり調剤薬局0茨城県結城市結城１０７４２－１５" }, "geometry": { "type": "Point", "coordinates": [ 139.851683, 36.305219 ] } },
{ "type": "Feature", "properties": { "ID": 851000003292, "正式名称": "さくら薬局　結城店", "機関区分": 5, "都道府県コード": 8, "市区町村コード": 207, "所在地": "茨城県結城市結城２９８７－１", "緯度": 36.29853, "経度": 139.889529, "url": "https://www.iryou.teikyouseido.mhlw.go.jp/znk-web/juminkanja/S2430/initialize?prefCd=08&kikanCd=1000003292&kikanKbn=nan", "url2": "https://www.kraft-net.co.jp/sakura/store/3332/", "内容": "さくら薬局　結城店0茨城県結城市結城２９８７－１" }, "geometry": { "type": "Point", "coordinates": [ 139.889529, 36.29853 ] } },
{ "type": "Feature", "properties": { "ID": 851000003293, "正式名称": "マロニエ調剤薬局", "機関区分": 5, "都道府県コード": 8, "市区町村コード": 207, "所在地": "茨城県結城市新福寺６－６－４", "緯度": 36.283611, "経度": 139.867778, "url": "https://www.iryou.teikyouseido.mhlw.go.jp/znk-web/juminkanja/S2430/initialize?prefCd=08&kikanCd=1000003293&kikanKbn=nan", "url2": "http://star-corporation.com", "内容": "マロニエ調剤薬局0茨城県結城市新福寺６－６－４" }, "geometry": { "type": "Point", "coordinates": [ 139.867778, 36.283611 ] } },
{ "type": "Feature", "properties": { "ID": 851000003295, "正式名称": "株式会社　宮田薬局　かわしま店", "機関区分": 5, "都道府県コード": 8, "市区町村コード": 227, "所在地": "茨城県筑西市伊佐山２４８－４０", "緯度": 36.299917, "経度": 139.915677, "url": "https://www.iryou.teikyouseido.mhlw.go.jp/znk-web/juminkanja/S2430/initialize?prefCd=08&kikanCd=1000003295&kikanKbn=nan", "url2": null, "内容": "株式会社　宮田薬局　かわしま店0茨城県筑西市伊佐山２４８－４０" }, "geometry": { "type": "Point", "coordinates": [ 139.915677, 36.299917 ] } },
{ "type": "Feature", "properties": { "ID": 851000003296, "正式名称": "くわのみ薬局", "機関区分": 5, "都道府県コード": 8, "市区町村コード": 207, "所在地": "茨城県結城市結城１１７９４－２", "緯度": 36.310183, "経度": 139.870329, "url": "https://www.iryou.teikyouseido.mhlw.go.jp/znk-web/juminkanja/S2430/initialize?prefCd=08&kikanCd=1000003296&kikanKbn=nan", "url2": "https://sante-g.com", "内容": "くわのみ薬局0茨城県結城市結城１１７９４－２" }, "geometry": { "type": "Point", "coordinates": [ 139.870329, 36.310183 ] } },
{ "type": "Feature", "properties": { "ID": 851000003297, "正式名称": "ハニュウ薬局川島店", "機関区分": 5, "都道府県コード": 8, "市区町村コード": 227, "所在地": "茨城県筑西市下川島７５９－１", "緯度": 36.292635, "経度": 139.912723, "url": "https://www.iryou.teikyouseido.mhlw.go.jp/znk-web/juminkanja/S2430/initialize?prefCd=08&kikanCd=1000003297&kikanKbn=nan", "url2": "http://www.mydrug.co.jp", "内容": "ハニュウ薬局川島店0茨城県筑西市下川島７５９－１" }, "geometry": { "type": "Point", "coordinates": [ 139.912723, 36.292635 ] } },
{ "type": "Feature", "properties": { "ID": 851000003298, "正式名称": "有限会社かなくぼ薬局", "機関区分": 5, "都道府県コード": 8, "市区町村コード": 207, "所在地": "茨城県結城市大字鹿窪１３０５－９７", "緯度": 36.269167, "経度": 139.881944, "url": "https://www.iryou.teikyouseido.mhlw.go.jp/znk-web/juminkanja/S2430/initialize?prefCd=08&kikanCd=1000003298&kikanKbn=nan", "url2": null, "内容": "有限会社かなくぼ薬局0茨城県結城市大字鹿窪１３０５－９７" }, "geometry": { "type": "Point", "coordinates": [ 139.881944, 36.269167 ] } },
{ "type": "Feature", "properties": { "ID": 851000003299, "正式名称": "有限会社　大武薬局", "機関区分": 5, "都道府県コード": 8, "市区町村コード": 227, "所在地": "茨城県筑西市丙２１４", "緯度": 36.303056, "経度": 139.982222, "url": "https://www.iryou.teikyouseido.mhlw.go.jp/znk-web/juminkanja/S2430/initialize?prefCd=08&kikanCd=1000003299&kikanKbn=nan", "url2": null, "内容": "有限会社　大武薬局0茨城県筑西市丙２１４" }, "geometry": { "type": "Point", "coordinates": [ 139.982222, 36.303056 ] } },
{ "type": "Feature", "properties": { "ID": 851000003301, "正式名称": "株式会社田宮薬局", "機関区分": 5, "都道府県コード": 8, "市区町村コード": 227, "所在地": "茨城県筑西市甲８５２", "緯度": 36.307778, "経度": 139.981667, "url": "https://www.iryou.teikyouseido.mhlw.go.jp/znk-web/juminkanja/S2430/initialize?prefCd=08&kikanCd=1000003301&kikanKbn=nan", "url2": null, "内容": "株式会社田宮薬局0茨城県筑西市甲８５２" }, "geometry": { "type": "Point", "coordinates": [ 139.981667, 36.307778 ] } },
{ "type": "Feature", "properties": { "ID": 851000003303, "正式名称": "協和調剤薬局　本局", "機関区分": 5, "都道府県コード": 8, "市区町村コード": 227, "所在地": "茨城県筑西市門井１６７４－７", "緯度": 36.327949, "経度": 140.016901, "url": "https://www.iryou.teikyouseido.mhlw.go.jp/znk-web/juminkanja/S2430/initialize?prefCd=08&kikanCd=1000003303&kikanKbn=nan", "url2": "http://www.kyowa-hs.com", "内容": "協和調剤薬局　本局0茨城県筑西市門井１６７４－７" }, "geometry": { "type": "Point", "coordinates": [ 140.016901, 36.327949 ] } },
{ "type": "Feature", "properties": { "ID": 851000003304, "正式名称": "高砂　薬局", "機関区分": 5, "都道府県コード": 8, "市区町村コード": 227, "所在地": "茨城県筑西市門井１９７４－６", "緯度": 36.328889, "経度": 140.037222, "url": "https://www.iryou.teikyouseido.mhlw.go.jp/znk-web/juminkanja/S2430/initialize?prefCd=08&kikanCd=1000003304&kikanKbn=nan", "url2": null, "内容": "高砂　薬局0茨城県筑西市門井１９７４－６" }, "geometry": { "type": "Point", "coordinates": [ 140.037222, 36.328889 ] } },
{ "type": "Feature", "properties": { "ID": 851000003305, "正式名称": "協和調剤薬局　玉戸支局", "機関区分": 5, "都道府県コード": 8, "市区町村コード": 227, "所在地": "茨城県筑西市幸町３－１５－１０", "緯度": 36.281866, "経度": 139.948268, "url": "https://www.iryou.teikyouseido.mhlw.go.jp/znk-web/juminkanja/S2430/initialize?prefCd=08&kikanCd=1000003305&kikanKbn=nan", "url2": "http://www.kyowa-hs.com", "内容": "協和調剤薬局　玉戸支局0茨城県筑西市幸町３－１５－１０" }, "geometry": { "type": "Point", "coordinates": [ 139.948268, 36.281866 ] } },
{ "type": "Feature", "properties": { "ID": 851000003306, "正式名称": "カザワ調剤薬局", "機関区分": 5, "都道府県コード": 8, "市区町村コード": 227, "所在地": "茨城県筑西市丙５８－３", "緯度": 36.305, "経度": 139.984722, "url": "https://www.iryou.teikyouseido.mhlw.go.jp/znk-web/juminkanja/S2430/initialize?prefCd=08&kikanCd=1000003306&kikanKbn=nan", "url2": null, "内容": "カザワ調剤薬局0茨城県筑西市丙５８－３" }, "geometry": { "type": "Point", "coordinates": [ 139.984722, 36.305 ] } },
{ "type": "Feature", "properties": { "ID": 851000003308, "正式名称": "やまぐち薬局　野殿店", "機関区分": 5, "都道府県コード": 8, "市区町村コード": 227, "所在地": "茨城県　筑西市　野殿　１４５７", "緯度": 36.271944, "経度": 139.973333, "url": "https://www.iryou.teikyouseido.mhlw.go.jp/znk-web/juminkanja/S2430/initialize?prefCd=08&kikanCd=1000003308&kikanKbn=nan", "url2": "http://www.genki-ageruyo.com/", "内容": "やまぐち薬局　野殿店0茨城県　筑西市　野殿　１４５７" }, "geometry": { "type": "Point", "coordinates": [ 139.973333, 36.271944 ] } },
{ "type": "Feature", "properties": { "ID": 851000003310, "正式名称": "アルファーム薬局　協和店", "機関区分": 5, "都道府県コード": 8, "市区町村コード": 227, "所在地": "茨城県筑西市門井１６７９－２８", "緯度": 36.326111, "経度": 140.02, "url": "https://www.iryou.teikyouseido.mhlw.go.jp/znk-web/juminkanja/S2430/initialize?prefCd=08&kikanCd=1000003310&kikanKbn=nan", "url2": "https://www.alpharm.co.jp/", "内容": "アルファーム薬局　協和店0茨城県筑西市門井１６７９－２８" }, "geometry": { "type": "Point", "coordinates": [ 140.02, 36.326111 ] } },
{ "type": "Feature", "properties": { "ID": 851000003313, "正式名称": "クローバー薬局　協和", "機関区分": 5, "都道府県コード": 8, "市区町村コード": 227, "所在地": "茨城県筑西市横塚９３８", "緯度": 36.316667, "経度": 140.008611, "url": "https://www.iryou.teikyouseido.mhlw.go.jp/znk-web/juminkanja/S2430/initialize?prefCd=08&kikanCd=1000003313&kikanKbn=nan", "url2": null, "内容": "クローバー薬局　協和0茨城県筑西市横塚９３８" }, "geometry": { "type": "Point", "coordinates": [ 140.008611, 36.316667 ] } },
{ "type": "Feature", "properties": { "ID": 851000003316, "正式名称": "ウエルシア薬局下館南店", "機関区分": 5, "都道府県コード": 8, "市区町村コード": 227, "所在地": "茨城県筑西市乙９１６", "緯度": 36.297778, "経度": 139.980278, "url": "https://www.iryou.teikyouseido.mhlw.go.jp/znk-web/juminkanja/S2430/initialize?prefCd=08&kikanCd=1000003316&kikanKbn=nan", "url2": "http://www.welcia-yakkyoku.co.jp/", "内容": "ウエルシア薬局下館南店0茨城県筑西市乙９１６" }, "geometry": { "type": "Point", "coordinates": [ 139.980278, 36.297778 ] } },
{ "type": "Feature", "properties": { "ID": 851000003317, "正式名称": "協和調剤薬局　ようさん支局", "機関区分": 5, "都道府県コード": 8, "市区町村コード": 227, "所在地": "茨城県筑西市下中山１１９２－２", "緯度": 36.303486, "経度": 139.989698, "url": "https://www.iryou.teikyouseido.mhlw.go.jp/znk-web/juminkanja/S2430/initialize?prefCd=08&kikanCd=1000003317&kikanKbn=nan", "url2": "http://www.kyowa-hs.com", "内容": "協和調剤薬局　ようさん支局0茨城県筑西市下中山１１９２－２" }, "geometry": { "type": "Point", "coordinates": [ 139.989698, 36.303486 ] } },
{ "type": "Feature", "properties": { "ID": 851000003318, "正式名称": "さくら薬局　筑西八丁台店", "機関区分": 5, "都道府県コード": 8, "市区町村コード": 227, "所在地": "茨城県筑西市八丁台６２番地", "緯度": 36.323575, "経度": 139.974381, "url": "https://www.iryou.teikyouseido.mhlw.go.jp/znk-web/juminkanja/S2430/initialize?prefCd=08&kikanCd=1000003318&kikanKbn=nan", "url2": "https://www.kraft-net.co.jp/sakura/store/4355/", "内容": "さくら薬局　筑西八丁台店0茨城県筑西市八丁台６２番地" }, "geometry": { "type": "Point", "coordinates": [ 139.974381, 36.323575 ] } },
{ "type": "Feature", "properties": { "ID": 851000003319, "正式名称": "協和調剤薬局　二木成支局", "機関区分": 5, "都道府県コード": 8, "市区町村コード": 227, "所在地": "茨城県筑西市下岡崎３－６－１", "緯度": 36.298927, "経度": 139.981614, "url": "https://www.iryou.teikyouseido.mhlw.go.jp/znk-web/juminkanja/S2430/initialize?prefCd=08&kikanCd=1000003319&kikanKbn=nan", "url2": "http://www.kyowa-hs.com", "内容": "協和調剤薬局　二木成支局0茨城県筑西市下岡崎３－６－１" }, "geometry": { "type": "Point", "coordinates": [ 139.981614, 36.298927 ] } },
{ "type": "Feature", "properties": { "ID": 851000003320, "正式名称": "アルファーム薬局筑西店", "機関区分": 5, "都道府県コード": 8, "市区町村コード": 227, "所在地": "茨城県筑西市門井１６７６－２３", "緯度": 36.325278, "経度": 140.020833, "url": "https://www.iryou.teikyouseido.mhlw.go.jp/znk-web/juminkanja/S2430/initialize?prefCd=08&kikanCd=1000003320&kikanKbn=nan", "url2": "https://www.alpharm.co.jp/", "内容": "アルファーム薬局筑西店0茨城県筑西市門井１６７６－２３" }, "geometry": { "type": "Point", "coordinates": [ 140.020833, 36.325278 ] } },
{ "type": "Feature", "properties": { "ID": 851000003322, "正式名称": "マロニエ薬局", "機関区分": 5, "都道府県コード": 8, "市区町村コード": 227, "所在地": "茨城県筑西市岡芹２１６０－８", "緯度": 36.312778, "経度": 139.973889, "url": "https://www.iryou.teikyouseido.mhlw.go.jp/znk-web/juminkanja/S2430/initialize?prefCd=08&kikanCd=1000003322&kikanKbn=nan", "url2": "http://star-corporation.com", "内容": "マロニエ薬局0茨城県筑西市岡芹２１６０－８" }, "geometry": { "type": "Point", "coordinates": [ 139.973889, 36.312778 ] } },
{ "type": "Feature", "properties": { "ID": 851000003323, "正式名称": "大町薬局", "機関区分": 5, "都道府県コード": 8, "市区町村コード": 227, "所在地": "茨城県筑西市甲９６－１", "緯度": 36.305556, "経度": 139.98, "url": "https://www.iryou.teikyouseido.mhlw.go.jp/znk-web/juminkanja/S2430/initialize?prefCd=08&kikanCd=1000003323&kikanKbn=nan", "url2": null, "内容": "大町薬局0茨城県筑西市甲９６－１" }, "geometry": { "type": "Point", "coordinates": [ 139.98, 36.305556 ] } },
{ "type": "Feature", "properties": { "ID": 851000003325, "正式名称": "有限会社　大木薬局", "機関区分": 5, "都道府県コード": 8, "市区町村コード": 231, "所在地": "茨城県桜川市真壁町田１４３－４", "緯度": 36.268056, "経度": 140.098889, "url": "https://www.iryou.teikyouseido.mhlw.go.jp/znk-web/juminkanja/S2430/initialize?prefCd=08&kikanCd=1000003325&kikanKbn=nan", "url2": null, "内容": "有限会社　大木薬局0茨城県桜川市真壁町田１４３－４" }, "geometry": { "type": "Point", "coordinates": [ 140.098889, 36.268056 ] } },
{ "type": "Feature", "properties": { "ID": 851000003327, "正式名称": "パワー調剤薬局　真壁店", "機関区分": 5, "都道府県コード": 8, "市区町村コード": 231, "所在地": "茨城県桜川市真壁町飯塚１００６－１", "緯度": 36.277372, "経度": 140.092236, "url": "https://www.iryou.teikyouseido.mhlw.go.jp/znk-web/juminkanja/S2430/initialize?prefCd=08&kikanCd=1000003327&kikanKbn=nan", "url2": "http://www.drugkubota.co.jp/", "内容": "パワー調剤薬局　真壁店0茨城県桜川市真壁町飯塚１００６－１" }, "geometry": { "type": "Point", "coordinates": [ 140.092236, 36.277372 ] } },
{ "type": "Feature", "properties": { "ID": 851000003328, "正式名称": "有限会社　深谷薬局", "機関区分": 5, "都道府県コード": 8, "市区町村コード": 231, "所在地": "茨城県桜川市本木", "緯度": 36.324564, "経度": 140.093633, "url": "https://www.iryou.teikyouseido.mhlw.go.jp/znk-web/juminkanja/S2430/initialize?prefCd=08&kikanCd=1000003328&kikanKbn=nan", "url2": null, "内容": "有限会社　深谷薬局0茨城県桜川市本木" }, "geometry": { "type": "Point", "coordinates": [ 140.093633, 36.324564 ] } },
{ "type": "Feature", "properties": { "ID": 851000003331, "正式名称": "出川薬局", "機関区分": 5, "都道府県コード": 8, "市区町村コード": 231, "所在地": "茨城県桜川市真壁町真壁３４７", "緯度": 36.274722, "経度": 140.104444, "url": "https://www.iryou.teikyouseido.mhlw.go.jp/znk-web/juminkanja/S2430/initialize?prefCd=08&kikanCd=1000003331&kikanKbn=nan", "url2": null, "内容": "出川薬局0茨城県桜川市真壁町真壁３４７" }, "geometry": { "type": "Point", "coordinates": [ 140.104444, 36.274722 ] } },
{ "type": "Feature", "properties": { "ID": 851000003333, "正式名称": "さらさ調剤薬局", "機関区分": 5, "都道府県コード": 8, "市区町村コード": 231, "所在地": "茨城県桜川市真壁町真壁４２６―２", "緯度": 36.279517, "経度": 140.101693, "url": "https://www.iryou.teikyouseido.mhlw.go.jp/znk-web/juminkanja/S2430/initialize?prefCd=08&kikanCd=1000003333&kikanKbn=nan", "url2": null, "内容": "さらさ調剤薬局0茨城県桜川市真壁町真壁４２６―２" }, "geometry": { "type": "Point", "coordinates": [ 140.101693, 36.279517 ] } },
{ "type": "Feature", "properties": { "ID": 851000003335, "正式名称": "きたがわ快晴堂薬局", "機関区分": 5, "都道府県コード": 8, "市区町村コード": 205, "所在地": "茨城県石岡市太田１７０７－２", "緯度": 36.300236, "経度": 140.192664, "url": "https://www.iryou.teikyouseido.mhlw.go.jp/znk-web/juminkanja/S2430/initialize?prefCd=08&kikanCd=1000003335&kikanKbn=nan", "url2": null, "内容": "きたがわ快晴堂薬局0茨城県石岡市太田１７０７－２" }, "geometry": { "type": "Point", "coordinates": [ 140.192664, 36.300236 ] } },
{ "type": "Feature", "properties": { "ID": 851000003336, "正式名称": "アイセイ薬局　岩間店", "機関区分": 5, "都道府県コード": 8, "市区町村コード": 216, "所在地": "茨城県笠間市下郷４４４６－１８６", "緯度": 36.293889, "経度": 140.281111, "url": "https://www.iryou.teikyouseido.mhlw.go.jp/znk-web/juminkanja/S2430/initialize?prefCd=08&kikanCd=1000003336&kikanKbn=nan", "url2": "http://www.aisei.co.jp", "内容": "アイセイ薬局　岩間店0茨城県笠間市下郷４４４６－１８６" }, "geometry": { "type": "Point", "coordinates": [ 140.281111, 36.293889 ] } },
{ "type": "Feature", "properties": { "ID": 851000003337, "正式名称": "ひまわり調剤薬局泉店", "機関区分": 5, "都道府県コード": 8, "市区町村コード": 216, "所在地": "茨城県笠間市泉２０８１－１", "緯度": 36.289119, "経度": 140.274863, "url": "https://www.iryou.teikyouseido.mhlw.go.jp/znk-web/juminkanja/S2430/initialize?prefCd=08&kikanCd=1000003337&kikanKbn=nan", "url2": "http://medical-box.jp", "内容": "ひまわり調剤薬局泉店0茨城県笠間市泉２０８１－１" }, "geometry": { "type": "Point", "coordinates": [ 140.274863, 36.289119 ] } },
{ "type": "Feature", "properties": { "ID": 851000003339, "正式名称": "みどり薬局", "機関区分": 5, "都道府県コード": 8, "市区町村コード": 216, "所在地": "茨城県笠間市旭町４７２－２", "緯度": 36.326168, "経度": 140.326349, "url": "https://www.iryou.teikyouseido.mhlw.go.jp/znk-web/juminkanja/S2430/initialize?prefCd=08&kikanCd=1000003339&kikanKbn=nan", "url2": "http://www.green-group.jp/midori/", "内容": "みどり薬局0茨城県笠間市旭町４７２－２" }, "geometry": { "type": "Point", "coordinates": [ 140.326349, 36.326168 ] } },
{ "type": "Feature", "properties": { "ID": 851000003340, "正式名称": "（有）菅谷薬局", "機関区分": 5, "都道府県コード": 8, "市区町村コード": 216, "所在地": "茨城県笠間市下郷５０１２", "緯度": 36.298064, "経度": 140.286499, "url": "https://www.iryou.teikyouseido.mhlw.go.jp/znk-web/juminkanja/S2430/initialize?prefCd=08&kikanCd=1000003340&kikanKbn=nan", "url2": null, "内容": "（有）菅谷薬局0茨城県笠間市下郷５０１２" }, "geometry": { "type": "Point", "coordinates": [ 140.286499, 36.298064 ] } },
{ "type": "Feature", "properties": { "ID": 851000003342, "正式名称": "みつばち薬局", "機関区分": 5, "都道府県コード": 8, "市区町村コード": 216, "所在地": "茨城県笠間市旭町１０７－４", "緯度": 36.322949, "経度": 140.319752, "url": "https://www.iryou.teikyouseido.mhlw.go.jp/znk-web/juminkanja/S2430/initialize?prefCd=08&kikanCd=1000003342&kikanKbn=nan", "url2": "https://www.muse-mitsubachi.com", "内容": "みつばち薬局0茨城県笠間市旭町１０７－４" }, "geometry": { "type": "Point", "coordinates": [ 140.319752, 36.322949 ] } },
{ "type": "Feature", "properties": { "ID": 851000003343, "正式名称": "アイン薬局　友部旭町店", "機関区分": 5, "都道府県コード": 8, "市区町村コード": 216, "所在地": "茨城県笠間市旭町６５３－８", "緯度": 36.330278, "経度": 140.311111, "url": "https://www.iryou.teikyouseido.mhlw.go.jp/znk-web/juminkanja/S2430/initialize?prefCd=08&kikanCd=1000003343&kikanKbn=nan", "url2": "http://www.ainj.co.jp/", "内容": "アイン薬局　友部旭町店0茨城県笠間市旭町６５３－８" }, "geometry": { "type": "Point", "coordinates": [ 140.311111, 36.330278 ] } },
{ "type": "Feature", "properties": { "ID": 851000003347, "正式名称": "シバヌマ薬局", "機関区分": 5, "都道府県コード": 8, "市区町村コード": 201, "所在地": "茨城県水戸市東野町２６２－２３", "緯度": 36.322696, "経度": 140.455497, "url": "https://www.iryou.teikyouseido.mhlw.go.jp/znk-web/juminkanja/S2430/initialize?prefCd=08&kikanCd=1000003347&kikanKbn=nan", "url2": null, "内容": "シバヌマ薬局0茨城県水戸市東野町２６２－２３" }, "geometry": { "type": "Point", "coordinates": [ 140.455497, 36.322696 ] } },
{ "type": "Feature", "properties": { "ID": 851000003348, "正式名称": "ケンコー薬局", "機関区分": 5, "都道府県コード": 8, "市区町村コード": 201, "所在地": "茨城県水戸市笠原町９５０－３７", "緯度": 36.331944, "経度": 140.446389, "url": "https://www.iryou.teikyouseido.mhlw.go.jp/znk-web/juminkanja/S2430/initialize?prefCd=08&kikanCd=1000003348&kikanKbn=nan", "url2": null, "内容": "ケンコー薬局0茨城県水戸市笠原町９５０－３７" }, "geometry": { "type": "Point", "coordinates": [ 140.446389, 36.331944 ] } },
{ "type": "Feature", "properties": { "ID": 851000003349, "正式名称": "みすず薬局　石崎店", "機関区分": 5, "都道府県コード": 8, "市区町村コード": 302, "所在地": "茨城県東茨城郡茨城町上石崎４６９８－７５", "緯度": 36.313416, "経度": 140.477042, "url": "https://www.iryou.teikyouseido.mhlw.go.jp/znk-web/juminkanja/S2430/initialize?prefCd=08&kikanCd=1000003349&kikanKbn=nan", "url2": "http://www.lifeaid-misuzu.co.jp", "内容": "みすず薬局　石崎店0茨城県東茨城郡茨城町上石崎４６９８－７５" }, "geometry": { "type": "Point", "coordinates": [ 140.477042, 36.313416 ] } },
{ "type": "Feature", "properties": { "ID": 851000003350, "正式名称": "アルファーム薬局　桜ケ丘店", "機関区分": 5, "都道府県コード": 8, "市区町村コード": 302, "所在地": "茨城県東茨城郡茨城町奥谷１０９０－３", "緯度": 36.282778, "経度": 140.419722, "url": "https://www.iryou.teikyouseido.mhlw.go.jp/znk-web/juminkanja/S2430/initialize?prefCd=08&kikanCd=1000003350&kikanKbn=nan", "url2": "https://www.alpharm.co.jp/", "内容": "アルファーム薬局　桜ケ丘店0茨城県東茨城郡茨城町奥谷１０９０－３" }, "geometry": { "type": "Point", "coordinates": [ 140.419722, 36.282778 ] } },
{ "type": "Feature", "properties": { "ID": 851000003351, "正式名称": "カワチ薬局　吉沢町店", "機関区分": 5, "都道府県コード": 8, "市区町村コード": 201, "所在地": "茨城県水戸市吉沢町２６３", "緯度": 36.331129, "経度": 140.459797, "url": "https://www.iryou.teikyouseido.mhlw.go.jp/znk-web/juminkanja/S2430/initialize?prefCd=08&kikanCd=1000003351&kikanKbn=nan", "url2": "https://www.cawachi.co.jp/", "内容": "カワチ薬局　吉沢町店0茨城県水戸市吉沢町２６３" }, "geometry": { "type": "Point", "coordinates": [ 140.459797, 36.331129 ] } },
{ "type": "Feature", "properties": { "ID": 851000003352, "正式名称": "アイビー薬局", "機関区分": 5, "都道府県コード": 8, "市区町村コード": 302, "所在地": "茨城県東茨城郡茨城町小堤１１４３－３", "緯度": 36.283611, "経度": 140.429444, "url": "https://www.iryou.teikyouseido.mhlw.go.jp/znk-web/juminkanja/S2430/initialize?prefCd=08&kikanCd=1000003352&kikanKbn=nan", "url2": null, "内容": "アイビー薬局0茨城県東茨城郡茨城町小堤１１４３－３" }, "geometry": { "type": "Point", "coordinates": [ 140.429444, 36.283611 ] } },
{ "type": "Feature", "properties": { "ID": 851000003353, "正式名称": "サンリツ薬局　水戸桜の郷店", "機関区分": 5, "都道府県コード": 8, "市区町村コード": 302, "所在地": "茨城県東茨城郡茨城町桜の郷２３１－１０", "緯度": 36.321111, "経度": 140.411389, "url": "https://www.iryou.teikyouseido.mhlw.go.jp/znk-web/juminkanja/S2430/initialize?prefCd=08&kikanCd=1000003353&kikanKbn=nan", "url2": "http://www.withs.co.jp/", "内容": "サンリツ薬局　水戸桜の郷店0茨城県東茨城郡茨城町桜の郷２３１－１０" }, "geometry": { "type": "Point", "coordinates": [ 140.411389, 36.321111 ] } },
{ "type": "Feature", "properties": { "ID": 851000003354, "正式名称": "フロンティア薬局桜の郷店", "機関区分": 5, "都道府県コード": 8, "市区町村コード": 302, "所在地": "茨城県東茨城郡茨城町桜の郷２３１－１１", "緯度": 36.321389, "経度": 140.411389, "url": "https://www.iryou.teikyouseido.mhlw.go.jp/znk-web/juminkanja/S2430/initialize?prefCd=08&kikanCd=1000003354&kikanKbn=nan", "url2": "http://www.frontier-ph.com/", "内容": "フロンティア薬局桜の郷店0茨城県東茨城郡茨城町桜の郷２３１－１１" }, "geometry": { "type": "Point", "coordinates": [ 140.411389, 36.321389 ] } },
{ "type": "Feature", "properties": { "ID": 851000003355, "正式名称": "水戸ロイヤル薬局", "機関区分": 5, "都道府県コード": 8, "市区町村コード": 302, "所在地": "茨城県東茨城郡茨城町桜の郷２３１－１２", "緯度": 36.321389, "経度": 140.411389, "url": "https://www.iryou.teikyouseido.mhlw.go.jp/znk-web/juminkanja/S2430/initialize?prefCd=08&kikanCd=1000003355&kikanKbn=nan", "url2": null, "内容": "水戸ロイヤル薬局0茨城県東茨城郡茨城町桜の郷２３１－１２" }, "geometry": { "type": "Point", "coordinates": [ 140.411389, 36.321389 ] } },
{ "type": "Feature", "properties": { "ID": 851000003357, "正式名称": "アクア薬局けやき台店", "機関区分": 5, "都道府県コード": 8, "市区町村コード": 201, "所在地": "茨城県水戸市けやき台３－３６　ＨＩビル　１Ｆ", "緯度": 36.333333, "経度": 140.490556, "url": "https://www.iryou.teikyouseido.mhlw.go.jp/znk-web/juminkanja/S2430/initialize?prefCd=08&kikanCd=1000003357&kikanKbn=nan", "url2": "https://aqua-mito.byoinnavi.jp/", "内容": "アクア薬局けやき台店0茨城県水戸市けやき台３－３６　ＨＩビル　１Ｆ" }, "geometry": { "type": "Point", "coordinates": [ 140.490556, 36.333333 ] } },
{ "type": "Feature", "properties": { "ID": 851000003358, "正式名称": "水戸南薬局", "機関区分": 5, "都道府県コード": 8, "市区町村コード": 201, "所在地": "茨城県水戸市けやき台３－２７－３", "緯度": 36.330278, "経度": 140.488333, "url": "https://www.iryou.teikyouseido.mhlw.go.jp/znk-web/juminkanja/S2430/initialize?prefCd=08&kikanCd=1000003358&kikanKbn=nan", "url2": null, "内容": "水戸南薬局0茨城県水戸市けやき台３－２７－３" }, "geometry": { "type": "Point", "coordinates": [ 140.488333, 36.330278 ] } },
{ "type": "Feature", "properties": { "ID": 851000003359, "正式名称": "ウエルシア薬局水戸けやき台店", "機関区分": 5, "都道府県コード": 8, "市区町村コード": 201, "所在地": "茨城県水戸市けやき台２ー１８－２", "緯度": 36.337256, "経度": 140.491286, "url": "https://www.iryou.teikyouseido.mhlw.go.jp/znk-web/juminkanja/S2430/initialize?prefCd=08&kikanCd=1000003359&kikanKbn=nan", "url2": "http://www.welcia-yakkyoku.co.jp/", "内容": "ウエルシア薬局水戸けやき台店0茨城県水戸市けやき台２ー１８－２" }, "geometry": { "type": "Point", "coordinates": [ 140.491286, 36.337256 ] } },
{ "type": "Feature", "properties": { "ID": 851000003362, "正式名称": "ファーマライズ薬局　水戸店", "機関区分": 5, "都道府県コード": 8, "市区町村コード": 201, "所在地": "茨城県水戸市吉沢町２２３－１", "緯度": 36.328889, "経度": 140.463333, "url": "https://www.iryou.teikyouseido.mhlw.go.jp/znk-web/juminkanja/S2430/initialize?prefCd=08&kikanCd=1000003362&kikanKbn=nan", "url2": "https://www.pharmarise.com/company/store/store.php?store_id=197", "内容": "ファーマライズ薬局　水戸店0茨城県水戸市吉沢町２２３－１" }, "geometry": { "type": "Point", "coordinates": [ 140.463333, 36.328889 ] } },
{ "type": "Feature", "properties": { "ID": 851000003363, "正式名称": "アイセイ薬局　平須店", "機関区分": 5, "都道府県コード": 8, "市区町村コード": 201, "所在地": "茨城県水戸市平須町１８２８－１０４９", "緯度": 36.329582, "経度": 140.439991, "url": "https://www.iryou.teikyouseido.mhlw.go.jp/znk-web/juminkanja/S2430/initialize?prefCd=08&kikanCd=1000003363&kikanKbn=nan", "url2": "http://www.aisei.co.jp", "内容": "アイセイ薬局　平須店0茨城県水戸市平須町１８２８－１０４９" }, "geometry": { "type": "Point", "coordinates": [ 140.439991, 36.329582 ] } },
{ "type": "Feature", "properties": { "ID": 851000003365, "正式名称": "フェイス薬局", "機関区分": 5, "都道府県コード": 8, "市区町村コード": 201, "所在地": "茨城県水戸市吉沢町３５４－９４", "緯度": 36.323868, "経度": 140.45705, "url": "https://www.iryou.teikyouseido.mhlw.go.jp/znk-web/juminkanja/S2430/initialize?prefCd=08&kikanCd=1000003365&kikanKbn=nan", "url2": "https://sante-g.com", "内容": "フェイス薬局0茨城県水戸市吉沢町３５４－９４" }, "geometry": { "type": "Point", "coordinates": [ 140.45705, 36.323868 ] } },
{ "type": "Feature", "properties": { "ID": 851000003368, "正式名称": "中山薬局", "機関区分": 5, "都道府県コード": 8, "市区町村コード": 309, "所在地": "茨城県東茨城郡大洗町磯浜町１０３１", "緯度": 36.312494, "経度": 140.568077, "url": "https://www.iryou.teikyouseido.mhlw.go.jp/znk-web/juminkanja/S2430/initialize?prefCd=08&kikanCd=1000003368&kikanKbn=nan", "url2": null, "内容": "中山薬局0茨城県東茨城郡大洗町磯浜町１０３１" }, "geometry": { "type": "Point", "coordinates": [ 140.568077, 36.312494 ] } },
{ "type": "Feature", "properties": { "ID": 851000003370, "正式名称": "あさひ薬局", "機関区分": 5, "都道府県コード": 8, "市区町村コード": 309, "所在地": "茨城県東茨城郡大洗町大貫町９４８－２", "緯度": 36.302222, "経度": 140.558056, "url": "https://www.iryou.teikyouseido.mhlw.go.jp/znk-web/juminkanja/S2430/initialize?prefCd=08&kikanCd=1000003370&kikanKbn=nan", "url2": "https://www.alpharm.co.jp/", "内容": "あさひ薬局0茨城県東茨城郡大洗町大貫町９４８－２" }, "geometry": { "type": "Point", "coordinates": [ 140.558056, 36.302222 ] } },
{ "type": "Feature", "properties": { "ID": 851000003371, "正式名称": "スルガヤ薬局", "機関区分": 5, "都道府県コード": 8, "市区町村コード": 309, "所在地": "茨城県東茨城郡大洗町磯浜町７２７", "緯度": 36.312222, "経度": 140.5775, "url": "https://www.iryou.teikyouseido.mhlw.go.jp/znk-web/juminkanja/S2430/initialize?prefCd=08&kikanCd=1000003371&kikanKbn=nan", "url2": null, "内容": "スルガヤ薬局0茨城県東茨城郡大洗町磯浜町７２７" }, "geometry": { "type": "Point", "coordinates": [ 140.5775, 36.312222 ] } },
{ "type": "Feature", "properties": { "ID": 851000003372, "正式名称": "あんず薬局大洗店", "機関区分": 5, "都道府県コード": 8, "市区町村コード": 309, "所在地": "茨城県東茨城郡大洗町桜道２６７ＳＴビル１階Ｂ", "緯度": 36.313333, "経度": 140.567222, "url": "https://www.iryou.teikyouseido.mhlw.go.jp/znk-web/juminkanja/S2430/initialize?prefCd=08&kikanCd=1000003372&kikanKbn=nan", "url2": "http://bellclan.co.jp/", "内容": "あんず薬局大洗店0茨城県東茨城郡大洗町桜道２６７ＳＴビル１階Ｂ" }, "geometry": { "type": "Point", "coordinates": [ 140.567222, 36.313333 ] } },
{ "type": "Feature", "properties": { "ID": 851000003373, "正式名称": "ねもと薬局しろくま店", "機関区分": 5, "都道府県コード": 8, "市区町村コード": 309, "所在地": "茨城県東茨城郡大洗町磯浜町６８８１－５４０", "緯度": 36.308333, "経度": 140.572778, "url": "https://www.iryou.teikyouseido.mhlw.go.jp/znk-web/juminkanja/S2430/initialize?prefCd=08&kikanCd=1000003373&kikanKbn=nan", "url2": "http://www.nemoto-drug.com", "内容": "ねもと薬局しろくま店0茨城県東茨城郡大洗町磯浜町６８８１－５４０" }, "geometry": { "type": "Point", "coordinates": [ 140.572778, 36.308333 ] } },
{ "type": "Feature", "properties": { "ID": 851000003374, "正式名称": "野上屋薬局", "機関区分": 5, "都道府県コード": 8, "市区町村コード": 309, "所在地": "茨城県東茨城郡大洗町大貫町８", "緯度": 36.31185, "経度": 140.567197, "url": "https://www.iryou.teikyouseido.mhlw.go.jp/znk-web/juminkanja/S2430/initialize?prefCd=08&kikanCd=1000003374&kikanKbn=nan", "url2": null, "内容": "野上屋薬局0茨城県東茨城郡大洗町大貫町８" }, "geometry": { "type": "Point", "coordinates": [ 140.567197, 36.31185 ] } },
{ "type": "Feature", "properties": { "ID": 851000003376, "正式名称": "協和調剤薬局　上の原支局", "機関区分": 5, "都道府県コード": 8, "市区町村コード": 231, "所在地": "茨城県桜川市上野原地新田１８１－３", "緯度": 36.350896, "経度": 140.050279, "url": "https://www.iryou.teikyouseido.mhlw.go.jp/znk-web/juminkanja/S2430/initialize?prefCd=08&kikanCd=1000003376&kikanKbn=nan", "url2": "http://www.kyowa-hs.com", "内容": "協和調剤薬局　上の原支局0茨城県桜川市上野原地新田１８１－３" }, "geometry": { "type": "Point", "coordinates": [ 140.050279, 36.350896 ] } },
{ "type": "Feature", "properties": { "ID": 851000003385, "正式名称": "かさま薬局", "機関区分": 5, "都道府県コード": 8, "市区町村コード": 216, "所在地": "茨城県笠間市笠間１１９６－３", "緯度": 36.385318, "経度": 140.255269, "url": "https://www.iryou.teikyouseido.mhlw.go.jp/znk-web/juminkanja/S2430/initialize?prefCd=08&kikanCd=1000003385&kikanKbn=nan", "url2": null, "内容": "かさま薬局0茨城県笠間市笠間１１９６－３" }, "geometry": { "type": "Point", "coordinates": [ 140.255269, 36.385318 ] } },
{ "type": "Feature", "properties": { "ID": 851000003387, "正式名称": "アイリス薬局", "機関区分": 5, "都道府県コード": 8, "市区町村コード": 216, "所在地": "茨城県笠間市石井２０３１番地２", "緯度": 36.386023, "経度": 140.247831, "url": "https://www.iryou.teikyouseido.mhlw.go.jp/znk-web/juminkanja/S2430/initialize?prefCd=08&kikanCd=1000003387&kikanKbn=nan", "url2": "http://airis-d.jp", "内容": "アイリス薬局0茨城県笠間市石井２０３１番地２" }, "geometry": { "type": "Point", "coordinates": [ 140.247831, 36.386023 ] } },
{ "type": "Feature", "properties": { "ID": 851000003389, "正式名称": "みすず薬局　笠間大町店", "機関区分": 5, "都道府県コード": 8, "市区町村コード": 216, "所在地": "茨城県笠間市笠間１１５８－４", "緯度": 36.387969, "経度": 140.256868, "url": "https://www.iryou.teikyouseido.mhlw.go.jp/znk-web/juminkanja/S2430/initialize?prefCd=08&kikanCd=1000003389&kikanKbn=nan", "url2": "http://www.lifeaid-misuzu.co.jp", "内容": "みすず薬局　笠間大町店0茨城県笠間市笠間１１５８－４" }, "geometry": { "type": "Point", "coordinates": [ 140.256868, 36.387969 ] } },
{ "type": "Feature", "properties": { "ID": 851000003392, "正式名称": "アクア薬局　内原店", "機関区分": 5, "都道府県コード": 8, "市区町村コード": 201, "所在地": "茨城県水戸市内原１丁目１４７", "緯度": 36.372808, "経度": 140.352286, "url": "https://www.iryou.teikyouseido.mhlw.go.jp/znk-web/juminkanja/S2430/initialize?prefCd=08&kikanCd=1000003392&kikanKbn=nan", "url2": "https://aqua-mito.byoinnavi.jp/", "内容": "アクア薬局　内原店0茨城県水戸市内原１丁目１４７" }, "geometry": { "type": "Point", "coordinates": [ 140.352286, 36.372808 ] } },
{ "type": "Feature", "properties": { "ID": 851000003393, "正式名称": "タキタ薬局", "機関区分": 5, "都道府県コード": 8, "市区町村コード": 201, "所在地": "茨城県水戸市中原町７８７", "緯度": 36.378889, "経度": 140.359722, "url": "https://www.iryou.teikyouseido.mhlw.go.jp/znk-web/juminkanja/S2430/initialize?prefCd=08&kikanCd=1000003393&kikanKbn=nan", "url2": null, "内容": "タキタ薬局0茨城県水戸市中原町７８７" }, "geometry": { "type": "Point", "coordinates": [ 140.359722, 36.378889 ] } },
{ "type": "Feature", "properties": { "ID": 851000003394, "正式名称": "鶴屋薬局", "機関区分": 5, "都道府県コード": 8, "市区町村コード": 201, "所在地": "茨城県水戸市鯉淵町２９６５", "緯度": 36.3425, "経度": 140.374722, "url": "https://www.iryou.teikyouseido.mhlw.go.jp/znk-web/juminkanja/S2430/initialize?prefCd=08&kikanCd=1000003394&kikanKbn=nan", "url2": null, "内容": "鶴屋薬局0茨城県水戸市鯉淵町２９６５" }, "geometry": { "type": "Point", "coordinates": [ 140.374722, 36.3425 ] } },
{ "type": "Feature", "properties": { "ID": 851000003395, "正式名称": "有限会社　根本薬局", "機関区分": 5, "都道府県コード": 8, "市区町村コード": 216, "所在地": "茨城県笠間市八雲１－２－４", "緯度": 36.348503, "経度": 140.307341, "url": "https://www.iryou.teikyouseido.mhlw.go.jp/znk-web/juminkanja/S2430/initialize?prefCd=08&kikanCd=1000003395&kikanKbn=nan", "url2": null, "内容": "有限会社　根本薬局0茨城県笠間市八雲１－２－４" }, "geometry": { "type": "Point", "coordinates": [ 140.307341, 36.348503 ] } },
{ "type": "Feature", "properties": { "ID": 851000003396, "正式名称": "アイン薬局友部店", "機関区分": 5, "都道府県コード": 8, "市区町村コード": 216, "所在地": "茨城県笠間市鯉淵６５２６－２３６", "緯度": 36.346111, "経度": 140.323889, "url": "https://www.iryou.teikyouseido.mhlw.go.jp/znk-web/juminkanja/S2430/initialize?prefCd=08&kikanCd=1000003396&kikanKbn=nan", "url2": "https://www.ainj.co.jp/", "内容": "アイン薬局友部店0茨城県笠間市鯉淵６５２６－２３６" }, "geometry": { "type": "Point", "coordinates": [ 140.323889, 36.346111 ] } },
{ "type": "Feature", "properties": { "ID": 851000003398, "正式名称": "アルファーム薬局友部店", "機関区分": 5, "都道府県コード": 8, "市区町村コード": 216, "所在地": "茨城県笠間市八雲２－１０５８－２０８", "緯度": 36.343712, "経度": 140.301127, "url": "https://www.iryou.teikyouseido.mhlw.go.jp/znk-web/juminkanja/S2430/initialize?prefCd=08&kikanCd=1000003398&kikanKbn=nan", "url2": null, "内容": "アルファーム薬局友部店0茨城県笠間市八雲２－１０５８－２０８" }, "geometry": { "type": "Point", "coordinates": [ 140.301127, 36.343712 ] } },
{ "type": "Feature", "properties": { "ID": 851000003399, "正式名称": "ナップ薬局　鯉淵店", "機関区分": 5, "都道府県コード": 8, "市区町村コード": 216, "所在地": "茨城県笠間市鯉淵６２６６ー１", "緯度": 36.348148, "経度": 140.325968, "url": "https://www.iryou.teikyouseido.mhlw.go.jp/znk-web/juminkanja/S2430/initialize?prefCd=08&kikanCd=1000003399&kikanKbn=nan", "url2": null, "内容": "ナップ薬局　鯉淵店0茨城県笠間市鯉淵６２６６ー１" }, "geometry": { "type": "Point", "coordinates": [ 140.325968, 36.348148 ] } },
{ "type": "Feature", "properties": { "ID": 851000003403, "正式名称": "アイセイ薬局　こいぶち店", "機関区分": 5, "都道府県コード": 8, "市区町村コード": 216, "所在地": "茨城県笠間市鯉淵６２６８－１０３", "緯度": 36.340833, "経度": 140.331667, "url": "https://www.iryou.teikyouseido.mhlw.go.jp/znk-web/juminkanja/S2430/initialize?prefCd=08&kikanCd=1000003403&kikanKbn=nan", "url2": "https://www.aisei.co.jp/", "内容": "アイセイ薬局　こいぶち店0茨城県笠間市鯉淵６２６８－１０３" }, "geometry": { "type": "Point", "coordinates": [ 140.331667, 36.340833 ] } },
{ "type": "Feature", "properties": { "ID": 851000003404, "正式名称": "ひまわり薬局", "機関区分": 5, "都道府県コード": 8, "市区町村コード": 216, "所在地": "茨城県笠間市大田町２０８－１４４", "緯度": 36.347778, "経度": 140.283611, "url": "https://www.iryou.teikyouseido.mhlw.go.jp/znk-web/juminkanja/S2430/initialize?prefCd=08&kikanCd=1000003404&kikanKbn=nan", "url2": null, "内容": "ひまわり薬局0茨城県笠間市大田町２０８－１４４" }, "geometry": { "type": "Point", "coordinates": [ 140.283611, 36.347778 ] } },
{ "type": "Feature", "properties": { "ID": 851000003405, "正式名称": "ＳＦＣ薬局　友部店", "機関区分": 5, "都道府県コード": 8, "市区町村コード": 216, "所在地": "茨城県笠間市平町１６３５－２２", "緯度": 36.335278, "経度": 140.314167, "url": "https://www.iryou.teikyouseido.mhlw.go.jp/znk-web/juminkanja/S2430/initialize?prefCd=08&kikanCd=1000003405&kikanKbn=nan", "url2": "https://www.qol-net.co.jp/", "内容": "ＳＦＣ薬局　友部店0茨城県笠間市平町１６３５－２２" }, "geometry": { "type": "Point", "coordinates": [ 140.314167, 36.335278 ] } },
{ "type": "Feature", "properties": { "ID": 851000003406, "正式名称": "アイン薬局こいぶち店", "機関区分": 5, "都道府県コード": 8, "市区町村コード": 216, "所在地": "茨城県笠間市鯉淵６５２６－９０", "緯度": 36.346389, "経度": 140.323333, "url": "https://www.iryou.teikyouseido.mhlw.go.jp/znk-web/juminkanja/S2430/initialize?prefCd=08&kikanCd=1000003406&kikanKbn=nan", "url2": "http://www.ainj.co.jp/", "内容": "アイン薬局こいぶち店0茨城県笠間市鯉淵６５２６－９０" }, "geometry": { "type": "Point", "coordinates": [ 140.323333, 36.346389 ] } },
{ "type": "Feature", "properties": { "ID": 851000003408, "正式名称": "イオン薬局水戸内原店", "機関区分": 5, "都道府県コード": 8, "市区町村コード": 201, "所在地": "茨城県水戸市内原２－１", "緯度": 36.371111, "経度": 140.3625, "url": "https://www.iryou.teikyouseido.mhlw.go.jp/znk-web/juminkanja/S2430/initialize?prefCd=08&kikanCd=1000003408&kikanKbn=nan", "url2": "https://www.aeonretail.jp/syohousen/index.html", "内容": "イオン薬局水戸内原店0茨城県水戸市内原２－１" }, "geometry": { "type": "Point", "coordinates": [ 140.3625, 36.371111 ] } },
{ "type": "Feature", "properties": { "ID": 851000003409, "正式名称": "にこにこ薬局", "機関区分": 5, "都道府県コード": 8, "市区町村コード": 201, "所在地": "茨城県水戸市小林町１１８６－１１３", "緯度": 36.35, "経度": 140.336111, "url": "https://www.iryou.teikyouseido.mhlw.go.jp/znk-web/juminkanja/S2430/initialize?prefCd=08&kikanCd=1000003409&kikanKbn=nan", "url2": null, "内容": "にこにこ薬局0茨城県水戸市小林町１１８６－１１３" }, "geometry": { "type": "Point", "coordinates": [ 140.336111, 36.35 ] } },
{ "type": "Feature", "properties": { "ID": 851000003410, "正式名称": "フローラ薬局　友部店", "機関区分": 5, "都道府県コード": 8, "市区町村コード": 216, "所在地": "茨城県笠間市鯉淵６６７９－１２", "緯度": 36.345278, "経度": 140.3325, "url": "https://www.iryou.teikyouseido.mhlw.go.jp/znk-web/juminkanja/S2430/initialize?prefCd=08&kikanCd=1000003410&kikanKbn=nan", "url2": "https://flora-pharmacy.jp/", "内容": "フローラ薬局　友部店0茨城県笠間市鯉淵６６７９－１２" }, "geometry": { "type": "Point", "coordinates": [ 140.3325, 36.345278 ] } },
{ "type": "Feature", "properties": { "ID": 851000003411, "正式名称": "ファーマライズ薬局　友部店", "機関区分": 5, "都道府県コード": 8, "市区町村コード": 216, "所在地": "茨城県笠間市五平字中新地前　６７－１１", "緯度": 36.347222, "経度": 140.336667, "url": "https://www.iryou.teikyouseido.mhlw.go.jp/znk-web/juminkanja/S2430/initialize?prefCd=08&kikanCd=1000003411&kikanKbn=nan", "url2": "https://www.pharmarise.com/company/store/store.php?store_id=202", "内容": "ファーマライズ薬局　友部店0茨城県笠間市五平字中新地前　６７－１１" }, "geometry": { "type": "Point", "coordinates": [ 140.336667, 36.347222 ] } },
{ "type": "Feature", "properties": { "ID": 851000003412, "正式名称": "カワチ薬局　友部店", "機関区分": 5, "都道府県コード": 8, "市区町村コード": 216, "所在地": "茨城県笠間市東平３－１－１５", "緯度": 36.345278, "経度": 140.318889, "url": "https://www.iryou.teikyouseido.mhlw.go.jp/znk-web/juminkanja/S2430/initialize?prefCd=08&kikanCd=1000003412&kikanKbn=nan", "url2": "http://www.cawachi.co.jp", "内容": "カワチ薬局　友部店0茨城県笠間市東平３－１－１５" }, "geometry": { "type": "Point", "coordinates": [ 140.318889, 36.345278 ] } },
{ "type": "Feature", "properties": { "ID": 851000003415, "正式名称": "内原クローバー薬局", "機関区分": 5, "都道府県コード": 8, "市区町村コード": 201, "所在地": "茨城県水戸市内原町９０４－１", "緯度": 36.364722, "経度": 140.356944, "url": "https://www.iryou.teikyouseido.mhlw.go.jp/znk-web/juminkanja/S2430/initialize?prefCd=08&kikanCd=1000003415&kikanKbn=nan", "url2": "http://www.cc-core.jp/", "内容": "内原クローバー薬局0茨城県水戸市内原町９０４－１" }, "geometry": { "type": "Point", "coordinates": [ 140.356944, 36.364722 ] } },
{ "type": "Feature", "properties": { "ID": 851000003419, "正式名称": "ひかり薬局", "機関区分": 5, "都道府県コード": 8, "市区町村コード": 201, "所在地": "茨城県水戸市東原３－２－４", "緯度": 36.387205, "経度": 140.448039, "url": "https://www.iryou.teikyouseido.mhlw.go.jp/znk-web/juminkanja/S2430/initialize?prefCd=08&kikanCd=1000003419&kikanKbn=nan", "url2": "https://hikari-medical.co.jp/", "内容": "ひかり薬局0茨城県水戸市東原３－２－４" }, "geometry": { "type": "Point", "coordinates": [ 140.448039, 36.387205 ] } },
{ "type": "Feature", "properties": { "ID": 851000003420, "正式名称": "津田みなみ薬局", "機関区分": 5, "都道府県コード": 8, "市区町村コード": 221, "所在地": "茨城県ひたちなか市津田宮下３７２２番２", "緯度": 36.393119, "経度": 140.489022, "url": "https://www.iryou.teikyouseido.mhlw.go.jp/znk-web/juminkanja/S2430/initialize?prefCd=08&kikanCd=1000003420&kikanKbn=nan", "url2": null, "内容": "津田みなみ薬局0茨城県ひたちなか市津田宮下３７２２番２" }, "geometry": { "type": "Point", "coordinates": [ 140.489022, 36.393119 ] } },
{ "type": "Feature", "properties": { "ID": 851000003421, "正式名称": "岩間東華堂薬局", "機関区分": 5, "都道府県コード": 8, "市区町村コード": 201, "所在地": "茨城県水戸市泉町２－３－６　（有）岩間東華堂", "緯度": 36.379092, "経度": 140.463453, "url": "https://www.iryou.teikyouseido.mhlw.go.jp/znk-web/juminkanja/S2430/initialize?prefCd=08&kikanCd=1000003421&kikanKbn=nan", "url2": "https://hokutokou.wepage.com/yakkyoku", "内容": "岩間東華堂薬局0茨城県水戸市泉町２－３－６　（有）岩間東華堂" }, "geometry": { "type": "Point", "coordinates": [ 140.463453, 36.379092 ] } },
{ "type": "Feature", "properties": { "ID": 851000003425, "正式名称": "有限会社　五藤薬局", "機関区分": 5, "都道府県コード": 8, "市区町村コード": 201, "所在地": "茨城県水戸市本町３－２０－５", "緯度": 36.367572, "経度": 140.497289, "url": "https://www.iryou.teikyouseido.mhlw.go.jp/znk-web/juminkanja/S2430/initialize?prefCd=08&kikanCd=1000003425&kikanKbn=nan", "url2": "https://kampou-gotou.com", "内容": "有限会社　五藤薬局0茨城県水戸市本町３－２０－５" }, "geometry": { "type": "Point", "coordinates": [ 140.497289, 36.367572 ] } },
{ "type": "Feature", "properties": { "ID": 851000003426, "正式名称": "戸崎薬局", "機関区分": 5, "都道府県コード": 8, "市区町村コード": 201, "所在地": "茨城県水戸市赤塚１－２００５－４９", "緯度": 36.383611, "経度": 140.421944, "url": "https://www.iryou.teikyouseido.mhlw.go.jp/znk-web/juminkanja/S2430/initialize?prefCd=08&kikanCd=1000003426&kikanKbn=nan", "url2": null, "内容": "戸崎薬局0茨城県水戸市赤塚１－２００５－４９" }, "geometry": { "type": "Point", "coordinates": [ 140.421944, 36.383611 ] } },
{ "type": "Feature", "properties": { "ID": 851000003428, "正式名称": "滝川薬局", "機関区分": 5, "都道府県コード": 8, "市区町村コード": 201, "所在地": "茨城県水戸市住吉町３－１１", "緯度": 36.336389, "経度": 140.481944, "url": "https://www.iryou.teikyouseido.mhlw.go.jp/znk-web/juminkanja/S2430/initialize?prefCd=08&kikanCd=1000003428&kikanKbn=nan", "url2": "https://www.takigawayakkyoku.com/", "内容": "滝川薬局0茨城県水戸市住吉町３－１１" }, "geometry": { "type": "Point", "coordinates": [ 140.481944, 36.336389 ] } },
{ "type": "Feature", "properties": { "ID": 851000003429, "正式名称": "みどり薬局", "機関区分": 5, "都道府県コード": 8, "市区町村コード": 201, "所在地": "茨城県水戸市千波町３０１－７", "緯度": 36.360278, "経度": 140.462778, "url": "https://www.iryou.teikyouseido.mhlw.go.jp/znk-web/juminkanja/S2430/initialize?prefCd=08&kikanCd=1000003429&kikanKbn=nan", "url2": null, "内容": "みどり薬局0茨城県水戸市千波町３０１－７" }, "geometry": { "type": "Point", "coordinates": [ 140.462778, 36.360278 ] } },
{ "type": "Feature", "properties": { "ID": 851000003432, "正式名称": "慈愛堂薬局", "機関区分": 5, "都道府県コード": 8, "市区町村コード": 201, "所在地": "茨城県水戸市南町３－１－２１", "緯度": 36.372778, "経度": 140.47, "url": "https://www.iryou.teikyouseido.mhlw.go.jp/znk-web/juminkanja/S2430/initialize?prefCd=08&kikanCd=1000003432&kikanKbn=nan", "url2": null, "内容": "慈愛堂薬局0茨城県水戸市南町３－１－２１" }, "geometry": { "type": "Point", "coordinates": [ 140.47, 36.372778 ] } },
{ "type": "Feature", "properties": { "ID": 851000003433, "正式名称": "水戸隆盛堂薬局", "機関区分": 5, "都道府県コード": 8, "市区町村コード": 201, "所在地": "茨城県水戸市三の丸１－４－１８", "緯度": 36.370833, "経度": 140.477222, "url": "https://www.iryou.teikyouseido.mhlw.go.jp/znk-web/juminkanja/S2430/initialize?prefCd=08&kikanCd=1000003433&kikanKbn=nan", "url2": "http://ryuseido.net/tenpoannai01.html", "内容": "水戸隆盛堂薬局0茨城県水戸市三の丸１－４－１８" }, "geometry": { "type": "Point", "coordinates": [ 140.477222, 36.370833 ] } },
{ "type": "Feature", "properties": { "ID": 851000003435, "正式名称": "さくら薬局　水戸東台店", "機関区分": 5, "都道府県コード": 8, "市区町村コード": 201, "所在地": "茨城県水戸市東台１－１０－１３", "緯度": 36.364444, "経度": 140.497222, "url": "https://www.iryou.teikyouseido.mhlw.go.jp/znk-web/juminkanja/S2430/initialize?prefCd=08&kikanCd=1000003435&kikanKbn=nan", "url2": "https://www.kraft-net.co.jp/sakura/store/4123/", "内容": "さくら薬局　水戸東台店0茨城県水戸市東台１－１０－１３" }, "geometry": { "type": "Point", "coordinates": [ 140.497222, 36.364444 ] } },
{ "type": "Feature", "properties": { "ID": 851000003436, "正式名称": "みすず薬局　梅香店", "機関区分": 5, "都道府県コード": 8, "市区町村コード": 201, "所在地": "茨城県水戸市梅香１－２－６", "緯度": 36.370278, "経度": 140.473889, "url": "https://www.iryou.teikyouseido.mhlw.go.jp/znk-web/juminkanja/S2430/initialize?prefCd=08&kikanCd=1000003436&kikanKbn=nan", "url2": "http://www.lifeaid-misuzu.co.jp", "内容": "みすず薬局　梅香店0茨城県水戸市梅香１－２－６" }, "geometry": { "type": "Point", "coordinates": [ 140.473889, 36.370278 ] } },
{ "type": "Feature", "properties": { "ID": 851000003437, "正式名称": "久野薬局", "機関区分": 5, "都道府県コード": 8, "市区町村コード": 201, "所在地": "茨城県水戸市上水戸３－３－３０", "緯度": 36.3893, "経度": 140.447614, "url": "https://www.iryou.teikyouseido.mhlw.go.jp/znk-web/juminkanja/S2430/initialize?prefCd=08&kikanCd=1000003437&kikanKbn=nan", "url2": null, "内容": "久野薬局0茨城県水戸市上水戸３－３－３０" }, "geometry": { "type": "Point", "coordinates": [ 140.447614, 36.3893 ] } },
{ "type": "Feature", "properties": { "ID": 851000003438, "正式名称": "たんぽぽ調剤薬局", "機関区分": 5, "都道府県コード": 8, "市区町村コード": 201, "所在地": "茨城県水戸市青柳町３８１６－２", "緯度": 36.395, "経度": 140.481389, "url": "https://www.iryou.teikyouseido.mhlw.go.jp/znk-web/juminkanja/S2430/initialize?prefCd=08&kikanCd=1000003438&kikanKbn=nan", "url2": null, "内容": "たんぽぽ調剤薬局0茨城県水戸市青柳町３８１６－２" }, "geometry": { "type": "Point", "coordinates": [ 140.481389, 36.395 ] } },
{ "type": "Feature", "properties": { "ID": 851000003440, "正式名称": "クオール薬局水戸石川店", "機関区分": 5, "都道府県コード": 8, "市区町村コード": 201, "所在地": "茨城県水戸市石川４ー４０４５－１", "緯度": 36.391499, "経度": 140.425339, "url": "https://www.iryou.teikyouseido.mhlw.go.jp/znk-web/juminkanja/S2430/initialize?prefCd=08&kikanCd=1000003440&kikanKbn=nan", "url2": "https://www.qol-net.co.jp/pharmacy/map/detail.php?id=600", "内容": "クオール薬局水戸石川店0茨城県水戸市石川４ー４０４５－１" }, "geometry": { "type": "Point", "coordinates": [ 140.425339, 36.391499 ] } },
{ "type": "Feature", "properties": { "ID": 851000003442, "正式名称": "みがわファミリー薬局", "機関区分": 5, "都道府県コード": 8, "市区町村コード": 201, "所在地": "茨城県水戸市見川町２１３１－１１６５", "緯度": 36.357778, "経度": 140.428611, "url": "https://www.iryou.teikyouseido.mhlw.go.jp/znk-web/juminkanja/S2430/initialize?prefCd=08&kikanCd=1000003442&kikanKbn=nan", "url2": null, "内容": "みがわファミリー薬局0茨城県水戸市見川町２１３１－１１６５" }, "geometry": { "type": "Point", "coordinates": [ 140.428611, 36.357778 ] } },
{ "type": "Feature", "properties": { "ID": 851000003443, "正式名称": "照沼薬局", "機関区分": 5, "都道府県コード": 8, "市区町村コード": 201, "所在地": "茨城県水戸市泉町１－２－２１", "緯度": 36.379097, "経度": 140.465905, "url": "https://www.iryou.teikyouseido.mhlw.go.jp/znk-web/juminkanja/S2430/initialize?prefCd=08&kikanCd=1000003443&kikanKbn=nan", "url2": null, "内容": "照沼薬局0茨城県水戸市泉町１－２－２１" }, "geometry": { "type": "Point", "coordinates": [ 140.465905, 36.379097 ] } },
{ "type": "Feature", "properties": { "ID": 851000003445, "正式名称": "株式会社ミカ　カワダ薬局", "機関区分": 5, "都道府県コード": 8, "市区町村コード": 201, "所在地": "茨城県水戸市河和田町３３３０－１０", "緯度": 36.364167, "経度": 140.406111, "url": "https://www.iryou.teikyouseido.mhlw.go.jp/znk-web/juminkanja/S2430/initialize?prefCd=08&kikanCd=1000003445&kikanKbn=nan", "url2": "https://mika-k.co.jp/kawada/", "内容": "株式会社ミカ　カワダ薬局0茨城県水戸市河和田町３３３０－１０" }, "geometry": { "type": "Point", "coordinates": [ 140.406111, 36.364167 ] } },
{ "type": "Feature", "properties": { "ID": 851000003446, "正式名称": "ＳＦＣ薬局　城東中央店", "機関区分": 5, "都道府県コード": 8, "市区町村コード": 201, "所在地": "茨城県水戸市城東１丁目３１の３", "緯度": 36.371018, "経度": 140.487747, "url": "https://www.iryou.teikyouseido.mhlw.go.jp/znk-web/juminkanja/S2430/initialize?prefCd=08&kikanCd=1000003446&kikanKbn=nan", "url2": "http://www.qol-net.co.jp", "内容": "ＳＦＣ薬局　城東中央店0茨城県水戸市城東１丁目３１の３" }, "geometry": { "type": "Point", "coordinates": [ 140.487747, 36.371018 ] } },
{ "type": "Feature", "properties": { "ID": 851000003448, "正式名称": "しもいち薬局", "機関区分": 5, "都道府県コード": 8, "市区町村コード": 201, "所在地": "茨城県水戸市本町３丁目２－２６", "緯度": 36.365896, "経度": 140.49347, "url": "https://www.iryou.teikyouseido.mhlw.go.jp/znk-web/juminkanja/S2430/initialize?prefCd=08&kikanCd=1000003448&kikanKbn=nan", "url2": null, "内容": "しもいち薬局0茨城県水戸市本町３丁目２－２６" }, "geometry": { "type": "Point", "coordinates": [ 140.49347, 36.365896 ] } },
{ "type": "Feature", "properties": { "ID": 851000003449, "正式名称": "玄武堂薬局", "機関区分": 5, "都道府県コード": 8, "市区町村コード": 201, "所在地": "茨城県水戸市柳町１－３－５", "緯度": 36.361944, "経度": 140.489722, "url": "https://www.iryou.teikyouseido.mhlw.go.jp/znk-web/juminkanja/S2430/initialize?prefCd=08&kikanCd=1000003449&kikanKbn=nan", "url2": null, "内容": "玄武堂薬局0茨城県水戸市柳町１－３－５" }, "geometry": { "type": "Point", "coordinates": [ 140.489722, 36.361944 ] } },
{ "type": "Feature", "properties": { "ID": 851000003450, "正式名称": "フローラ薬局", "機関区分": 5, "都道府県コード": 8, "市区町村コード": 201, "所在地": "茨城県水戸市開江町７４３ー５", "緯度": 36.394167, "経度": 140.404167, "url": "https://www.iryou.teikyouseido.mhlw.go.jp/znk-web/juminkanja/S2430/initialize?prefCd=08&kikanCd=1000003450&kikanKbn=nan", "url2": "http://www.flora-pharmacy.jp/", "内容": "フローラ薬局0茨城県水戸市開江町７４３ー５" }, "geometry": { "type": "Point", "coordinates": [ 140.404167, 36.394167 ] } },
{ "type": "Feature", "properties": { "ID": 851000003451, "正式名称": "フローラ薬局　河和田店", "機関区分": 5, "都道府県コード": 8, "市区町村コード": 201, "所在地": "茨城県水戸市河和田町５００３－４", "緯度": 36.368056, "経度": 140.414167, "url": "https://www.iryou.teikyouseido.mhlw.go.jp/znk-web/juminkanja/S2430/initialize?prefCd=08&kikanCd=1000003451&kikanKbn=nan", "url2": "http://flora-pharmacy.jp/", "内容": "フローラ薬局　河和田店0茨城県水戸市河和田町５００３－４" }, "geometry": { "type": "Point", "coordinates": [ 140.414167, 36.368056 ] } },
{ "type": "Feature", "properties": { "ID": 851000003452, "正式名称": "さくら薬局　水戸千波店", "機関区分": 5, "都道府県コード": 8, "市区町村コード": 201, "所在地": "茨城県水戸市千波町１３８６－７", "緯度": 36.353611, "経度": 140.4725, "url": "https://www.iryou.teikyouseido.mhlw.go.jp/znk-web/juminkanja/S2430/initialize?prefCd=08&kikanCd=1000003452&kikanKbn=nan", "url2": "https://www.kraft-net.co.jp/sakura/store/4122/", "内容": "さくら薬局　水戸千波店0茨城県水戸市千波町１３８６－７" }, "geometry": { "type": "Point", "coordinates": [ 140.4725, 36.353611 ] } },
{ "type": "Feature", "properties": { "ID": 851000003454, "正式名称": "ＳＦＣ薬局　かみみと店", "機関区分": 5, "都道府県コード": 8, "市区町村コード": 201, "所在地": "茨城県水戸市上水戸１－９－５", "緯度": 36.386389, "経度": 140.454444, "url": "https://www.iryou.teikyouseido.mhlw.go.jp/znk-web/juminkanja/S2430/initialize?prefCd=08&kikanCd=1000003454&kikanKbn=nan", "url2": "http://www.qol-net-co.jp", "内容": "ＳＦＣ薬局　かみみと店0茨城県水戸市上水戸１－９－５" }, "geometry": { "type": "Point", "coordinates": [ 140.454444, 36.386389 ] } },
{ "type": "Feature", "properties": { "ID": 851000003455, "正式名称": "調剤薬局あすなろ", "機関区分": 5, "都道府県コード": 8, "市区町村コード": 201, "所在地": "茨城県水戸市城南３－１５－５", "緯度": 36.361111, "経度": 140.485833, "url": "https://www.iryou.teikyouseido.mhlw.go.jp/znk-web/juminkanja/S2430/initialize?prefCd=08&kikanCd=1000003455&kikanKbn=nan", "url2": "asunaro-pharmacy.storeinfo.jp", "内容": "調剤薬局あすなろ0茨城県水戸市城南３－１５－５" }, "geometry": { "type": "Point", "coordinates": [ 140.485833, 36.361111 ] } },
{ "type": "Feature", "properties": { "ID": 851000003457, "正式名称": "ペガサス薬局", "機関区分": 5, "都道府県コード": 8, "市区町村コード": 201, "所在地": "茨城県水戸市城東１－３－８", "緯度": 36.370269, "経度": 140.487535, "url": "https://www.iryou.teikyouseido.mhlw.go.jp/znk-web/juminkanja/S2430/initialize?prefCd=08&kikanCd=1000003457&kikanKbn=nan", "url2": "https://www.qol-net.co.jp/pharmacy/", "内容": "ペガサス薬局0茨城県水戸市城東１－３－８" }, "geometry": { "type": "Point", "coordinates": [ 140.487535, 36.370269 ] } },
{ "type": "Feature", "properties": { "ID": 851000003458, "正式名称": "ホーム薬局", "機関区分": 5, "都道府県コード": 8, "市区町村コード": 201, "所在地": "茨城県水戸市米沢町９８－１０", "緯度": 36.336265, "経度": 140.459231, "url": "https://www.iryou.teikyouseido.mhlw.go.jp/znk-web/juminkanja/S2430/initialize?prefCd=08&kikanCd=1000003458&kikanKbn=nan", "url2": "https://sante-g.com", "内容": "ホーム薬局0茨城県水戸市米沢町９８－１０" }, "geometry": { "type": "Point", "coordinates": [ 140.459231, 36.336265 ] } },
{ "type": "Feature", "properties": { "ID": 851000003459, "正式名称": "さかど薬局", "機関区分": 5, "都道府県コード": 8, "市区町村コード": 201, "所在地": "茨城県水戸市酒門町下千束１５０１－４", "緯度": 36.340641, "経度": 140.49139, "url": "https://www.iryou.teikyouseido.mhlw.go.jp/znk-web/juminkanja/S2430/initialize?prefCd=08&kikanCd=1000003459&kikanKbn=nan", "url2": "https://sante-g.com", "内容": "さかど薬局0茨城県水戸市酒門町下千束１５０１－４" }, "geometry": { "type": "Point", "coordinates": [ 140.49139, 36.340641 ] } },
{ "type": "Feature", "properties": { "ID": 851000003462, "正式名称": "コスモ調剤薬局　下市店", "機関区分": 5, "都道府県コード": 8, "市区町村コード": 201, "所在地": "茨城県水戸市本町３－２０－８本町壱番館ビル１０２号", "緯度": 36.364167, "経度": 140.500833, "url": "https://www.iryou.teikyouseido.mhlw.go.jp/znk-web/juminkanja/S2430/initialize?prefCd=08&kikanCd=1000003462&kikanKbn=nan", "url2": null, "内容": "コスモ調剤薬局　下市店0茨城県水戸市本町３－２０－８本町壱番館ビル１０２号" }, "geometry": { "type": "Point", "coordinates": [ 140.500833, 36.364167 ] } },
{ "type": "Feature", "properties": { "ID": 851000003463, "正式名称": "みすず薬局　白梅店", "機関区分": 5, "都道府県コード": 8, "市区町村コード": 201, "所在地": "茨城県水戸市白梅３－８－４", "緯度": 36.36399, "経度": 140.482967, "url": "https://www.iryou.teikyouseido.mhlw.go.jp/znk-web/juminkanja/S2430/initialize?prefCd=08&kikanCd=1000003463&kikanKbn=nan", "url2": "http://www.lifeaid-misuzu.co.jp", "内容": "みすず薬局　白梅店0茨城県水戸市白梅３－８－４" }, "geometry": { "type": "Point", "coordinates": [ 140.482967, 36.36399 ] } },
{ "type": "Feature", "properties": { "ID": 851000003468, "正式名称": "赤塚中央薬局", "機関区分": 5, "都道府県コード": 8, "市区町村コード": 201, "所在地": "茨城県水戸市河和田１－１６４０－１", "緯度": 36.370833, "経度": 140.415, "url": "https://www.iryou.teikyouseido.mhlw.go.jp/znk-web/juminkanja/S2430/initialize?prefCd=08&kikanCd=1000003468&kikanKbn=nan", "url2": null, "内容": "赤塚中央薬局0茨城県水戸市河和田１－１６４０－１" }, "geometry": { "type": "Point", "coordinates": [ 140.415, 36.370833 ] } },
{ "type": "Feature", "properties": { "ID": 851000003472, "正式名称": "アクア薬局", "機関区分": 5, "都道府県コード": 8, "市区町村コード": 201, "所在地": "茨城県水戸市袴塚３－１－１６", "緯度": 36.397746, "経度": 140.445223, "url": "https://www.iryou.teikyouseido.mhlw.go.jp/znk-web/juminkanja/S2430/initialize?prefCd=08&kikanCd=1000003472&kikanKbn=nan", "url2": "https://aqua-mito.byoinnavi.jp/", "内容": "アクア薬局0茨城県水戸市袴塚３－１－１６" }, "geometry": { "type": "Point", "coordinates": [ 140.445223, 36.397746 ] } },
{ "type": "Feature", "properties": { "ID": 851000003474, "正式名称": "ケンコー薬局　堀町店", "機関区分": 5, "都道府県コード": 8, "市区町村コード": 201, "所在地": "茨城県水戸市堀町９１６－６", "緯度": 36.40371, "経度": 140.42814, "url": "https://www.iryou.teikyouseido.mhlw.go.jp/znk-web/juminkanja/S2430/initialize?prefCd=08&kikanCd=1000003474&kikanKbn=nan", "url2": null, "内容": "ケンコー薬局　堀町店0茨城県水戸市堀町９１６－６" }, "geometry": { "type": "Point", "coordinates": [ 140.42814, 36.40371 ] } },
{ "type": "Feature", "properties": { "ID": 851000003475, "正式名称": "一真堂薬局", "機関区分": 5, "都道府県コード": 8, "市区町村コード": 201, "所在地": "茨城県水戸市千波町１２９１－８", "緯度": 36.356111, "経度": 140.468056, "url": "https://www.iryou.teikyouseido.mhlw.go.jp/znk-web/juminkanja/S2430/initialize?prefCd=08&kikanCd=1000003475&kikanKbn=nan", "url2": "http://oom123111.stars.ne.jp", "内容": "一真堂薬局0茨城県水戸市千波町１２９１－８" }, "geometry": { "type": "Point", "coordinates": [ 140.468056, 36.356111 ] } },
{ "type": "Feature", "properties": { "ID": 851000003476, "正式名称": "ファースト薬局　元吉田店", "機関区分": 5, "都道府県コード": 8, "市区町村コード": 201, "所在地": "茨城県水戸市元吉田町２５７６‐５", "緯度": 36.351832, "経度": 140.484001, "url": "https://www.iryou.teikyouseido.mhlw.go.jp/znk-web/juminkanja/S2430/initialize?prefCd=08&kikanCd=1000003476&kikanKbn=nan", "url2": "https://sante-g.com", "内容": "ファースト薬局　元吉田店0茨城県水戸市元吉田町２５７６‐５" }, "geometry": { "type": "Point", "coordinates": [ 140.484001, 36.351832 ] } },
{ "type": "Feature", "properties": { "ID": 851000003477, "正式名称": "アイン薬局　水戸赤塚店", "機関区分": 5, "都道府県コード": 8, "市区町村コード": 201, "所在地": "茨城県水戸市赤塚１－１", "緯度": 36.382133, "経度": 140.413408, "url": "https://www.iryou.teikyouseido.mhlw.go.jp/znk-web/juminkanja/S2430/initialize?prefCd=08&kikanCd=1000003477&kikanKbn=nan", "url2": "http://www.ainj.co.jp/", "内容": "アイン薬局　水戸赤塚店0茨城県水戸市赤塚１－１" }, "geometry": { "type": "Point", "coordinates": [ 140.413408, 36.382133 ] } },
{ "type": "Feature", "properties": { "ID": 851000003479, "正式名称": "クローバー薬局青柳", "機関区分": 5, "都道府県コード": 8, "市区町村コード": 201, "所在地": "茨城県水戸市青柳町４０６５－６", "緯度": 36.390556, "経度": 140.483611, "url": "https://www.iryou.teikyouseido.mhlw.go.jp/znk-web/juminkanja/S2430/initialize?prefCd=08&kikanCd=1000003479&kikanKbn=nan", "url2": null, "内容": "クローバー薬局青柳0茨城県水戸市青柳町４０６５－６" }, "geometry": { "type": "Point", "coordinates": [ 140.483611, 36.390556 ] } },
{ "type": "Feature", "properties": { "ID": 851000003480, "正式名称": "ラルフ薬局", "機関区分": 5, "都道府県コード": 8, "市区町村コード": 201, "所在地": "茨城県水戸市河和田町２８９４－６２", "緯度": 36.367778, "経度": 140.420556, "url": "https://www.iryou.teikyouseido.mhlw.go.jp/znk-web/juminkanja/S2430/initialize?prefCd=08&kikanCd=1000003480&kikanKbn=nan", "url2": null, "内容": "ラルフ薬局0茨城県水戸市河和田町２８９４－６２" }, "geometry": { "type": "Point", "coordinates": [ 140.420556, 36.367778 ] } },
{ "type": "Feature", "properties": { "ID": 851000003483, "正式名称": "アイン薬局　千波店", "機関区分": 5, "都道府県コード": 8, "市区町村コード": 201, "所在地": "茨城県水戸市千波町１２３４－４５", "緯度": 36.358056, "経度": 140.472778, "url": "https://www.iryou.teikyouseido.mhlw.go.jp/znk-web/juminkanja/S2430/initialize?prefCd=08&kikanCd=1000003483&kikanKbn=nan", "url2": "http://www.ainj.co.jp/", "内容": "アイン薬局　千波店0茨城県水戸市千波町１２３４－４５" }, "geometry": { "type": "Point", "coordinates": [ 140.472778, 36.358056 ] } },
{ "type": "Feature", "properties": { "ID": 851000003484, "正式名称": "クローバー薬局　千波", "機関区分": 5, "都道府県コード": 8, "市区町村コード": 201, "所在地": "茨城県水戸市千波町２７６８番地の１", "緯度": 36.359167, "経度": 140.454167, "url": "https://www.iryou.teikyouseido.mhlw.go.jp/znk-web/juminkanja/S2430/initialize?prefCd=08&kikanCd=1000003484&kikanKbn=nan", "url2": "https://lasiq.co.jp/", "内容": "クローバー薬局　千波0茨城県水戸市千波町２７６８番地の１" }, "geometry": { "type": "Point", "coordinates": [ 140.454167, 36.359167 ] } },
{ "type": "Feature", "properties": { "ID": 851000003485, "正式名称": "有限会社あづま薬局", "機関区分": 5, "都道府県コード": 8, "市区町村コード": 201, "所在地": "茨城県水戸市大工町３―１１―３０", "緯度": 36.378889, "経度": 140.453611, "url": "https://www.iryou.teikyouseido.mhlw.go.jp/znk-web/juminkanja/S2430/initialize?prefCd=08&kikanCd=1000003485&kikanKbn=nan", "url2": null, "内容": "有限会社あづま薬局0茨城県水戸市大工町３―１１―３０" }, "geometry": { "type": "Point", "coordinates": [ 140.453611, 36.378889 ] } },
{ "type": "Feature", "properties": { "ID": 851000003486, "正式名称": "たんぽぽ調剤薬局赤塚店", "機関区分": 5, "都道府県コード": 8, "市区町村コード": 201, "所在地": "茨城県水戸市河和田２－１８９８－４０", "緯度": 36.376944, "経度": 140.411389, "url": "https://www.iryou.teikyouseido.mhlw.go.jp/znk-web/juminkanja/S2430/initialize?prefCd=08&kikanCd=1000003486&kikanKbn=nan", "url2": "https://tp-pharm.com", "内容": "たんぽぽ調剤薬局赤塚店0茨城県水戸市河和田２－１８９８－４０" }, "geometry": { "type": "Point", "coordinates": [ 140.411389, 36.376944 ] } },
{ "type": "Feature", "properties": { "ID": 851000003487, "正式名称": "めうがや成井薬局", "機関区分": 5, "都道府県コード": 8, "市区町村コード": 201, "所在地": "茨城県水戸市大工町２－１－２２", "緯度": 36.3775, "経度": 140.460833, "url": "https://www.iryou.teikyouseido.mhlw.go.jp/znk-web/juminkanja/S2430/initialize?prefCd=08&kikanCd=1000003487&kikanKbn=nan", "url2": null, "内容": "めうがや成井薬局0茨城県水戸市大工町２－１－２２" }, "geometry": { "type": "Point", "coordinates": [ 140.460833, 36.3775 ] } },
{ "type": "Feature", "properties": { "ID": 851000003488, "正式名称": "コスモファーマ薬局　千波店", "機関区分": 5, "都道府県コード": 8, "市区町村コード": 201, "所在地": "茨城県水戸市千波町１４４０－１２", "緯度": 36.3525, "経度": 140.467778, "url": "https://www.iryou.teikyouseido.mhlw.go.jp/znk-web/juminkanja/S2430/initialize?prefCd=08&kikanCd=1000003488&kikanKbn=nan", "url2": "http://www.cosmo-ph.co.jp/", "内容": "コスモファーマ薬局　千波店0茨城県水戸市千波町１４４０－１２" }, "geometry": { "type": "Point", "coordinates": [ 140.467778, 36.3525 ] } },
{ "type": "Feature", "properties": { "ID": 851000003489, "正式名称": "ＳＦＣ薬局　堀町店", "機関区分": 5, "都道府県コード": 8, "市区町村コード": 201, "所在地": "茨城県水戸市堀町１１６１－１５", "緯度": 36.399589, "経度": 140.42969, "url": "https://www.iryou.teikyouseido.mhlw.go.jp/znk-web/juminkanja/S2430/initialize?prefCd=08&kikanCd=1000003489&kikanKbn=nan", "url2": "https://www.qol-net.co.jp", "内容": "ＳＦＣ薬局　堀町店0茨城県水戸市堀町１１６１－１５" }, "geometry": { "type": "Point", "coordinates": [ 140.42969, 36.399589 ] } },
{ "type": "Feature", "properties": { "ID": 851000003490, "正式名称": "ウエルシア薬局　水戸見和店", "機関区分": 5, "都道府県コード": 8, "市区町村コード": 201, "所在地": "茨城県水戸市見和１丁目３０９ー２", "緯度": 36.373889, "経度": 140.441111, "url": "https://www.iryou.teikyouseido.mhlw.go.jp/znk-web/juminkanja/S2430/initialize?prefCd=08&kikanCd=1000003490&kikanKbn=nan", "url2": "http://www.welcia-yakkyoku.co.jp/", "内容": "ウエルシア薬局　水戸見和店0茨城県水戸市見和１丁目３０９ー２" }, "geometry": { "type": "Point", "coordinates": [ 140.441111, 36.373889 ] } },
{ "type": "Feature", "properties": { "ID": 851000003491, "正式名称": "アオキ薬局", "機関区分": 5, "都道府県コード": 8, "市区町村コード": 201, "所在地": "茨城県水戸市五軒町３－１－２", "緯度": 36.377778, "経度": 140.464722, "url": "https://www.iryou.teikyouseido.mhlw.go.jp/znk-web/juminkanja/S2430/initialize?prefCd=08&kikanCd=1000003491&kikanKbn=nan", "url2": null, "内容": "アオキ薬局0茨城県水戸市五軒町３－１－２" }, "geometry": { "type": "Point", "coordinates": [ 140.464722, 36.377778 ] } },
{ "type": "Feature", "properties": { "ID": 851000003492, "正式名称": "茨城調剤薬局　見川店", "機関区分": 5, "都道府県コード": 8, "市区町村コード": 201, "所在地": "茨城県水戸市見川町２１３１－１８１５", "緯度": 36.353889, "経度": 140.429722, "url": "https://www.iryou.teikyouseido.mhlw.go.jp/znk-web/juminkanja/S2430/initialize?prefCd=08&kikanCd=1000003492&kikanKbn=nan", "url2": null, "内容": "茨城調剤薬局　見川店0茨城県水戸市見川町２１３１－１８１５" }, "geometry": { "type": "Point", "coordinates": [ 140.429722, 36.353889 ] } },
{ "type": "Feature", "properties": { "ID": 851000003493, "正式名称": "たんぽぽ調剤薬局　水戸店", "機関区分": 5, "都道府県コード": 8, "市区町村コード": 201, "所在地": "茨城県水戸市青柳町４２１－１", "緯度": 36.389667, "経度": 140.476553, "url": "https://www.iryou.teikyouseido.mhlw.go.jp/znk-web/juminkanja/S2430/initialize?prefCd=08&kikanCd=1000003493&kikanKbn=nan", "url2": "tp-pharm.com", "内容": "たんぽぽ調剤薬局　水戸店0茨城県水戸市青柳町４２１－１" }, "geometry": { "type": "Point", "coordinates": [ 140.476553, 36.389667 ] } },
{ "type": "Feature", "properties": { "ID": 851000003494, "正式名称": "みすず薬局　柵町店", "機関区分": 5, "都道府県コード": 8, "市区町村コード": 201, "所在地": "茨城県水戸市柵町１－３－１５", "緯度": 36.365, "経度": 140.485833, "url": "https://www.iryou.teikyouseido.mhlw.go.jp/znk-web/juminkanja/S2430/initialize?prefCd=08&kikanCd=1000003494&kikanKbn=nan", "url2": "http://www.lifeaid-misuzu.co.jp", "内容": "みすず薬局　柵町店0茨城県水戸市柵町１－３－１５" }, "geometry": { "type": "Point", "coordinates": [ 140.485833, 36.365 ] } },
{ "type": "Feature", "properties": { "ID": 851000003495, "正式名称": "ほがらか薬局", "機関区分": 5, "都道府県コード": 8, "市区町村コード": 201, "所在地": "茨城県水戸市見川町字丹下一ノ牧２１３１－２０３７", "緯度": 36.355905, "経度": 140.433618, "url": "https://www.iryou.teikyouseido.mhlw.go.jp/znk-web/juminkanja/S2430/initialize?prefCd=08&kikanCd=1000003495&kikanKbn=nan", "url2": null, "内容": "ほがらか薬局0茨城県水戸市見川町字丹下一ノ牧２１３１－２０３７" }, "geometry": { "type": "Point", "coordinates": [ 140.433618, 36.355905 ] } },
{ "type": "Feature", "properties": { "ID": 851000003498, "正式名称": "ローズマリー薬局", "機関区分": 5, "都道府県コード": 8, "市区町村コード": 201, "所在地": "茨城県水戸市見川町２３８９－６", "緯度": 36.348529, "経度": 140.436616, "url": "https://www.iryou.teikyouseido.mhlw.go.jp/znk-web/juminkanja/S2430/initialize?prefCd=08&kikanCd=1000003498&kikanKbn=nan", "url2": "http://www.mc-kanto.co.jp/", "内容": "ローズマリー薬局0茨城県水戸市見川町２３８９－６" }, "geometry": { "type": "Point", "coordinates": [ 140.436616, 36.348529 ] } },
{ "type": "Feature", "properties": { "ID": 851000003499, "正式名称": "クオール薬局　水戸けやき台店", "機関区分": 5, "都道府県コード": 8, "市区町村コード": 201, "所在地": "茨城県水戸市酒門町１５７７－８", "緯度": 36.336389, "経度": 140.491111, "url": "https://www.iryou.teikyouseido.mhlw.go.jp/znk-web/juminkanja/S2430/initialize?prefCd=08&kikanCd=1000003499&kikanKbn=nan", "url2": "http://www.qol-net.co.jp", "内容": "クオール薬局　水戸けやき台店0茨城県水戸市酒門町１５７７－８" }, "geometry": { "type": "Point", "coordinates": [ 140.491111, 36.336389 ] } },
{ "type": "Feature", "properties": { "ID": 851000003500, "正式名称": "ファーマライズ薬局　五軒町店", "機関区分": 5, "都道府県コード": 8, "市区町村コード": 201, "所在地": "茨城県水戸市五軒町２－３－４３", "緯度": 36.378889, "経度": 140.467222, "url": "https://www.iryou.teikyouseido.mhlw.go.jp/znk-web/juminkanja/S2430/initialize?prefCd=08&kikanCd=1000003500&kikanKbn=nan", "url2": "https://www.pharmarise.com/company/store/store.php?store_id=200", "内容": "ファーマライズ薬局　五軒町店0茨城県水戸市五軒町２－３－４３" }, "geometry": { "type": "Point", "coordinates": [ 140.467222, 36.378889 ] } },
{ "type": "Feature", "properties": { "ID": 851000003501, "正式名称": "アイ水戸薬局", "機関区分": 5, "都道府県コード": 8, "市区町村コード": 201, "所在地": "茨城県水戸市見和１－３６９－２６", "緯度": 36.374167, "経度": 140.444722, "url": "https://www.iryou.teikyouseido.mhlw.go.jp/znk-web/juminkanja/S2430/initialize?prefCd=08&kikanCd=1000003501&kikanKbn=nan", "url2": "https://stylas.main.jp/medianz/", "内容": "アイ水戸薬局0茨城県水戸市見和１－３６９－２６" }, "geometry": { "type": "Point", "coordinates": [ 140.444722, 36.374167 ] } },
{ "type": "Feature", "properties": { "ID": 851000003502, "正式名称": "バンビ薬局　水戸店", "機関区分": 5, "都道府県コード": 8, "市区町村コード": 201, "所在地": "茨城県水戸市宮町１ー３ー３８中村ビル５階", "緯度": 36.371756, "経度": 140.475245, "url": "https://www.iryou.teikyouseido.mhlw.go.jp/znk-web/juminkanja/S2430/initialize?prefCd=08&kikanCd=1000003502&kikanKbn=nan", "url2": "https://www.bambi-pharmacy.com/", "内容": "バンビ薬局　水戸店0茨城県水戸市宮町１ー３ー３８中村ビル５階" }, "geometry": { "type": "Point", "coordinates": [ 140.475245, 36.371756 ] } },
{ "type": "Feature", "properties": { "ID": 851000003504, "正式名称": "さくら薬局　赤塚店", "機関区分": 5, "都道府県コード": 8, "市区町村コード": 201, "所在地": "茨城県水戸市赤塚１－１８７０－２８", "緯度": 36.382288, "経度": 140.412728, "url": "https://www.iryou.teikyouseido.mhlw.go.jp/znk-web/juminkanja/S2430/initialize?prefCd=08&kikanCd=1000003504&kikanKbn=nan", "url2": "https://www.kraft-net.co.jp/img/index_mv_img01_pc.png", "内容": "さくら薬局　赤塚店0茨城県水戸市赤塚１－１８７０－２８" }, "geometry": { "type": "Point", "coordinates": [ 140.412728, 36.382288 ] } },
{ "type": "Feature", "properties": { "ID": 851000003505, "正式名称": "日本調剤　水戸中央薬局", "機関区分": 5, "都道府県コード": 8, "市区町村コード": 201, "所在地": "茨城県水戸市梅香１－２－５", "緯度": 36.370278, "経度": 140.473889, "url": "https://www.iryou.teikyouseido.mhlw.go.jp/znk-web/juminkanja/S2430/initialize?prefCd=08&kikanCd=1000003505&kikanKbn=nan", "url2": "http://www.nicho.co.jp/tenpo/mitotyuo/", "内容": "日本調剤　水戸中央薬局0茨城県水戸市梅香１－２－５" }, "geometry": { "type": "Point", "coordinates": [ 140.473889, 36.370278 ] } },
{ "type": "Feature", "properties": { "ID": 851000003506, "正式名称": "さくら薬局　酒門店", "機関区分": 5, "都道府県コード": 8, "市区町村コード": 201, "所在地": "茨城県水戸市酒門町字浜井場３０２－１", "緯度": 36.353067, "経度": 140.493392, "url": "https://www.iryou.teikyouseido.mhlw.go.jp/znk-web/juminkanja/S2430/initialize?prefCd=08&kikanCd=1000003506&kikanKbn=nan", "url2": "https://www.kraft-net.co.jp/sakura/store/3335/", "内容": "さくら薬局　酒門店0茨城県水戸市酒門町字浜井場３０２－１" }, "geometry": { "type": "Point", "coordinates": [ 140.493392, 36.353067 ] } },
{ "type": "Feature", "properties": { "ID": 851000003509, "正式名称": "アイセイ薬局　水戸青柳店", "機関区分": 5, "都道府県コード": 8, "市区町村コード": 201, "所在地": "茨城県水戸市青柳町４０５２", "緯度": 36.39, "経度": 140.482222, "url": "https://www.iryou.teikyouseido.mhlw.go.jp/znk-web/juminkanja/S2430/initialize?prefCd=08&kikanCd=1000003509&kikanKbn=nan", "url2": "http://www.aisei.co.jp", "内容": "アイセイ薬局　水戸青柳店0茨城県水戸市青柳町４０５２" }, "geometry": { "type": "Point", "coordinates": [ 140.482222, 36.39 ] } },
{ "type": "Feature", "properties": { "ID": 851000003510, "正式名称": "日本調剤　水戸薬局", "機関区分": 5, "都道府県コード": 8, "市区町村コード": 201, "所在地": "茨城県水戸市開江町１１６－１１", "緯度": 36.394444, "経度": 140.398333, "url": "https://www.iryou.teikyouseido.mhlw.go.jp/znk-web/juminkanja/S2430/initialize?prefCd=08&kikanCd=1000003510&kikanKbn=nan", "url2": "https://www.nicho.co.jp", "内容": "日本調剤　水戸薬局0茨城県水戸市開江町１１６－１１" }, "geometry": { "type": "Point", "coordinates": [ 140.398333, 36.394444 ] } },
{ "type": "Feature", "properties": { "ID": 851000003511, "正式名称": "さくら薬局　酒門北店", "機関区分": 5, "都道府県コード": 8, "市区町村コード": 201, "所在地": "茨城県水戸市酒門町４８８４－２", "緯度": 36.357222, "経度": 140.498056, "url": "https://www.iryou.teikyouseido.mhlw.go.jp/znk-web/juminkanja/S2430/initialize?prefCd=08&kikanCd=1000003511&kikanKbn=nan", "url2": "https://www.kraft-net.co.jp/sakura/store/4124/", "内容": "さくら薬局　酒門北店0茨城県水戸市酒門町４８８４－２" }, "geometry": { "type": "Point", "coordinates": [ 140.498056, 36.357222 ] } },
{ "type": "Feature", "properties": { "ID": 851000003512, "正式名称": "アイン薬局水戸双葉台店", "機関区分": 5, "都道府県コード": 8, "市区町村コード": 201, "所在地": "茨城県水戸市開江町２２４－４", "緯度": 36.394722, "経度": 140.398889, "url": "https://www.iryou.teikyouseido.mhlw.go.jp/znk-web/juminkanja/S2430/initialize?prefCd=08&kikanCd=1000003512&kikanKbn=nan", "url2": "http://www.ainj.co.jp", "内容": "アイン薬局水戸双葉台店0茨城県水戸市開江町２２４－４" }, "geometry": { "type": "Point", "coordinates": [ 140.398889, 36.394722 ] } },
{ "type": "Feature", "properties": { "ID": 851000003513, "正式名称": "かえで薬局　県庁前店", "機関区分": 5, "都道府県コード": 8, "市区町村コード": 201, "所在地": "茨城県水戸市笠原町１５６５番１", "緯度": 36.335833, "経度": 140.449167, "url": "https://www.iryou.teikyouseido.mhlw.go.jp/znk-web/juminkanja/S2430/initialize?prefCd=08&kikanCd=1000003513&kikanKbn=nan", "url2": "https://miho-dream.jp/", "内容": "かえで薬局　県庁前店0茨城県水戸市笠原町１５６５番１" }, "geometry": { "type": "Point", "coordinates": [ 140.449167, 36.335833 ] } },
{ "type": "Feature", "properties": { "ID": 851000003514, "正式名称": "永和薬局", "機関区分": 5, "都道府県コード": 8, "市区町村コード": 201, "所在地": "茨城県水戸市見和１－３２１－１３", "緯度": 36.373889, "経度": 140.444722, "url": "https://www.iryou.teikyouseido.mhlw.go.jp/znk-web/juminkanja/S2430/initialize?prefCd=08&kikanCd=1000003514&kikanKbn=nan", "url2": null, "内容": "永和薬局0茨城県水戸市見和１－３２１－１３" }, "geometry": { "type": "Point", "coordinates": [ 140.444722, 36.373889 ] } },
{ "type": "Feature", "properties": { "ID": 851000003517, "正式名称": "アイセイ薬局　緑岡店", "機関区分": 5, "都道府県コード": 8, "市区町村コード": 201, "所在地": "茨城県水戸市千波町２２６９－２", "緯度": 36.354728, "経度": 140.442315, "url": "https://www.iryou.teikyouseido.mhlw.go.jp/znk-web/juminkanja/S2430/initialize?prefCd=08&kikanCd=1000003517&kikanKbn=nan", "url2": "http://www.aisei.co.jp", "内容": "アイセイ薬局　緑岡店0茨城県水戸市千波町２２６９－２" }, "geometry": { "type": "Point", "coordinates": [ 140.442315, 36.354728 ] } },
{ "type": "Feature", "properties": { "ID": 851000003518, "正式名称": "アイセイ薬局　けやき台店", "機関区分": 5, "都道府県コード": 8, "市区町村コード": 201, "所在地": "茨城県水戸市酒門町３１４２－８", "緯度": 36.339639, "経度": 140.488845, "url": "https://www.iryou.teikyouseido.mhlw.go.jp/znk-web/juminkanja/S2430/initialize?prefCd=08&kikanCd=1000003518&kikanKbn=nan", "url2": "http://www.aisei.co.jp", "内容": "アイセイ薬局　けやき台店0茨城県水戸市酒門町３１４２－８" }, "geometry": { "type": "Point", "coordinates": [ 140.488845, 36.339639 ] } },
{ "type": "Feature", "properties": { "ID": 851000003519, "正式名称": "布施薬局", "機関区分": 5, "都道府県コード": 8, "市区町村コード": 201, "所在地": "茨城県水戸市本町１－４－２０", "緯度": 36.361667, "経度": 140.491389, "url": "https://www.iryou.teikyouseido.mhlw.go.jp/znk-web/juminkanja/S2430/initialize?prefCd=08&kikanCd=1000003519&kikanKbn=nan", "url2": null, "内容": "布施薬局0茨城県水戸市本町１－４－２０" }, "geometry": { "type": "Point", "coordinates": [ 140.491389, 36.361667 ] } },
{ "type": "Feature", "properties": { "ID": 851000003520, "正式名称": "そうごう薬局　柳町店", "機関区分": 5, "都道府県コード": 8, "市区町村コード": 201, "所在地": "茨城県水戸市柳町１－１５－７", "緯度": 36.362222, "経度": 140.491944, "url": "https://www.iryou.teikyouseido.mhlw.go.jp/znk-web/juminkanja/S2430/initialize?prefCd=08&kikanCd=1000003520&kikanKbn=nan", "url2": "http://www.sogo-medical.co.jp/shop/view/344", "内容": "そうごう薬局　柳町店0茨城県水戸市柳町１－１５－７" }, "geometry": { "type": "Point", "coordinates": [ 140.491944, 36.362222 ] } },
{ "type": "Feature", "properties": { "ID": 851000003521, "正式名称": "岩間薬局", "機関区分": 5, "都道府県コード": 8, "市区町村コード": 201, "所在地": "茨城県水戸市城南２－４－３４", "緯度": 36.361667, "経度": 140.479722, "url": "https://www.iryou.teikyouseido.mhlw.go.jp/znk-web/juminkanja/S2430/initialize?prefCd=08&kikanCd=1000003521&kikanKbn=nan", "url2": null, "内容": "岩間薬局0茨城県水戸市城南２－４－３４" }, "geometry": { "type": "Point", "coordinates": [ 140.479722, 36.361667 ] } },
{ "type": "Feature", "properties": { "ID": 851000003524, "正式名称": "みすず薬局　緑町店", "機関区分": 5, "都道府県コード": 8, "市区町村コード": 201, "所在地": "茨城県水戸市大工町３丁目１０－１４", "緯度": 36.382184, "経度": 140.448921, "url": "https://www.iryou.teikyouseido.mhlw.go.jp/znk-web/juminkanja/S2430/initialize?prefCd=08&kikanCd=1000003524&kikanKbn=nan", "url2": "http://www.lifeaid-misuzu.co.jp", "内容": "みすず薬局　緑町店0茨城県水戸市大工町３丁目１０－１４" }, "geometry": { "type": "Point", "coordinates": [ 140.448921, 36.382184 ] } },
{ "type": "Feature", "properties": { "ID": 851000003525, "正式名称": "アイセイ薬局　本町店", "機関区分": 5, "都道府県コード": 8, "市区町村コード": 201, "所在地": "茨城県水戸市本町２－５－２８", "緯度": 36.360833, "経度": 140.494167, "url": "https://www.iryou.teikyouseido.mhlw.go.jp/znk-web/juminkanja/S2430/initialize?prefCd=08&kikanCd=1000003525&kikanKbn=nan", "url2": "http://www.aisei.co.jp", "内容": "アイセイ薬局　本町店0茨城県水戸市本町２－５－２８" }, "geometry": { "type": "Point", "coordinates": [ 140.494167, 36.360833 ] } },
{ "type": "Feature", "properties": { "ID": 851000003529, "正式名称": "たんぽぽ調剤薬局泉町店", "機関区分": 5, "都道府県コード": 8, "市区町村コード": 201, "所在地": "茨城県水戸市泉町３－７－３０－１０２号　ラ・フォンテーヌ", "緯度": 36.376111, "経度": 140.463889, "url": "https://www.iryou.teikyouseido.mhlw.go.jp/znk-web/juminkanja/S2430/initialize?prefCd=08&kikanCd=1000003529&kikanKbn=nan", "url2": null, "内容": "たんぽぽ調剤薬局泉町店0茨城県水戸市泉町３－７－３０－１０２号　ラ・フォンテーヌ" }, "geometry": { "type": "Point", "coordinates": [ 140.463889, 36.376111 ] } },
{ "type": "Feature", "properties": { "ID": 851000003531, "正式名称": "（有）松岡薬局", "機関区分": 5, "都道府県コード": 8, "市区町村コード": 221, "所在地": "茨城県ひたちなか市東本町１３－１６", "緯度": 36.344354, "経度": 140.595491, "url": "https://www.iryou.teikyouseido.mhlw.go.jp/znk-web/juminkanja/S2430/initialize?prefCd=08&kikanCd=1000003531&kikanKbn=nan", "url2": null, "内容": "（有）松岡薬局0茨城県ひたちなか市東本町１３－１６" }, "geometry": { "type": "Point", "coordinates": [ 140.595491, 36.344354 ] } },
{ "type": "Feature", "properties": { "ID": 851000003532, "正式名称": "ＳＦＣ薬局かもめ店", "機関区分": 5, "都道府県コード": 8, "市区町村コード": 221, "所在地": "茨城県ひたちなか市釈迦町５－３", "緯度": 36.34328, "経度": 140.587987, "url": "https://www.iryou.teikyouseido.mhlw.go.jp/znk-web/juminkanja/S2430/initialize?prefCd=08&kikanCd=1000003532&kikanKbn=nan", "url2": "https://www.qol-net.co.jp/", "内容": "ＳＦＣ薬局かもめ店0茨城県ひたちなか市釈迦町５－３" }, "geometry": { "type": "Point", "coordinates": [ 140.587987, 36.34328 ] } },
{ "type": "Feature", "properties": { "ID": 851000003534, "正式名称": "クオール薬局勝田店", "機関区分": 5, "都道府県コード": 8, "市区町村コード": 221, "所在地": "茨城県ひたちなか市中根５１２４－３", "緯度": 36.384377, "経度": 140.545874, "url": "https://www.iryou.teikyouseido.mhlw.go.jp/znk-web/juminkanja/S2430/initialize?prefCd=08&kikanCd=1000003534&kikanKbn=nan", "url2": "http://www.qol-net.co.jp/pharmacy/", "内容": "クオール薬局勝田店0茨城県ひたちなか市中根５１２４－３" }, "geometry": { "type": "Point", "coordinates": [ 140.545874, 36.384377 ] } },
{ "type": "Feature", "properties": { "ID": 851000003535, "正式名称": "みすず薬局　幸町店", "機関区分": 5, "都道府県コード": 8, "市区町村コード": 221, "所在地": "茨城県ひたちなか市幸町１４－１", "緯度": 36.348395, "経度": 140.585514, "url": "https://www.iryou.teikyouseido.mhlw.go.jp/znk-web/juminkanja/S2430/initialize?prefCd=08&kikanCd=1000003535&kikanKbn=nan", "url2": "https://www.lifeaid-misuzu.co.jp", "内容": "みすず薬局　幸町店0茨城県ひたちなか市幸町１４－１" }, "geometry": { "type": "Point", "coordinates": [ 140.585514, 36.348395 ] } },
{ "type": "Feature", "properties": { "ID": 851000003539, "正式名称": "有限会社大成堂薬局中根店", "機関区分": 5, "都道府県コード": 8, "市区町村コード": 221, "所在地": "茨城県ひたちなか市中根５１３８－３", "緯度": 36.385577, "経度": 140.545159, "url": "https://www.iryou.teikyouseido.mhlw.go.jp/znk-web/juminkanja/S2430/initialize?prefCd=08&kikanCd=1000003539&kikanKbn=nan", "url2": "taiseidoyakkyoku.com", "内容": "有限会社大成堂薬局中根店0茨城県ひたちなか市中根５１３８－３" }, "geometry": { "type": "Point", "coordinates": [ 140.545159, 36.385577 ] } },
{ "type": "Feature", "properties": { "ID": 851000003540, "正式名称": "クオール薬局おおだいら店", "機関区分": 5, "都道府県コード": 8, "市区町村コード": 221, "所在地": "茨城県ひたちなか市大平４－３－１３", "緯度": 36.381474, "経度": 140.533271, "url": "https://www.iryou.teikyouseido.mhlw.go.jp/znk-web/juminkanja/S2430/initialize?prefCd=08&kikanCd=1000003540&kikanKbn=nan", "url2": "http://www.qol-net.co.jp/", "内容": "クオール薬局おおだいら店0茨城県ひたちなか市大平４－３－１３" }, "geometry": { "type": "Point", "coordinates": [ 140.533271, 36.381474 ] } },
{ "type": "Feature", "properties": { "ID": 851000003541, "正式名称": "クオール薬局　東石川店", "機関区分": 5, "都道府県コード": 8, "市区町村コード": 221, "所在地": "茨城県ひたちなか市東石川３－３－４", "緯度": 36.392727, "経度": 140.531674, "url": "https://www.iryou.teikyouseido.mhlw.go.jp/znk-web/juminkanja/S2430/initialize?prefCd=08&kikanCd=1000003541&kikanKbn=nan", "url2": "http://www.qol-net.co.jp/pharmacy/map/detail.php?id=607", "内容": "クオール薬局　東石川店0茨城県ひたちなか市東石川３－３－４" }, "geometry": { "type": "Point", "coordinates": [ 140.531674, 36.392727 ] } },
{ "type": "Feature", "properties": { "ID": 851000003543, "正式名称": "春日薬局", "機関区分": 5, "都道府県コード": 8, "市区町村コード": 221, "所在地": "茨城県ひたちなか市春日町１２－４", "緯度": 36.387275, "経度": 140.526855, "url": "https://www.iryou.teikyouseido.mhlw.go.jp/znk-web/juminkanja/S2430/initialize?prefCd=08&kikanCd=1000003543&kikanKbn=nan", "url2": "http://www.p-nakayama.com/shop/tenpo/kasuga/index.htm", "内容": "春日薬局0茨城県ひたちなか市春日町１２－４" }, "geometry": { "type": "Point", "coordinates": [ 140.526855, 36.387275 ] } },
{ "type": "Feature", "properties": { "ID": 851000003544, "正式名称": "さくら薬局　那珂湊店", "機関区分": 5, "都道府県コード": 8, "市区町村コード": 221, "所在地": "茨城県ひたちなか市八幡町９－１", "緯度": 36.34875, "経度": 140.592438, "url": "https://www.iryou.teikyouseido.mhlw.go.jp/znk-web/juminkanja/S2430/initialize?prefCd=08&kikanCd=1000003544&kikanKbn=nan", "url2": "http://www.kraft-net.co.jp/sakura/", "内容": "さくら薬局　那珂湊店0茨城県ひたちなか市八幡町９－１" }, "geometry": { "type": "Point", "coordinates": [ 140.592438, 36.34875 ] } },
{ "type": "Feature", "properties": { "ID": 851000003547, "正式名称": "アイセイ薬局　中根店", "機関区分": 5, "都道府県コード": 8, "市区町村コード": 221, "所在地": "茨城県ひたちなか市中根４７８７－１", "緯度": 36.391258, "経度": 140.554601, "url": "https://www.iryou.teikyouseido.mhlw.go.jp/znk-web/juminkanja/S2430/initialize?prefCd=08&kikanCd=1000003547&kikanKbn=nan", "url2": "http://www.aisei.co.jp/", "内容": "アイセイ薬局　中根店0茨城県ひたちなか市中根４７８７－１" }, "geometry": { "type": "Point", "coordinates": [ 140.554601, 36.391258 ] } },
{ "type": "Feature", "properties": { "ID": 851000003549, "正式名称": "いずみ薬局", "機関区分": 5, "都道府県コード": 8, "市区町村コード": 221, "所在地": "茨城県ひたちなか市道メキ１５１２", "緯度": 36.351947, "経度": 140.59997, "url": "https://www.iryou.teikyouseido.mhlw.go.jp/znk-web/juminkanja/S2430/initialize?prefCd=08&kikanCd=1000003549&kikanKbn=nan", "url2": "https://www.izumi-ph.com", "内容": "いずみ薬局0茨城県ひたちなか市道メキ１５１２" }, "geometry": { "type": "Point", "coordinates": [ 140.59997, 36.351947 ] } },
{ "type": "Feature", "properties": { "ID": 851000003550, "正式名称": "むつの薬局", "機関区分": 5, "都道府県コード": 8, "市区町村コード": 221, "所在地": "茨城県ひたちなか市東石川３３７９－２０５", "緯度": 36.40218, "経度": 140.541277, "url": "https://www.iryou.teikyouseido.mhlw.go.jp/znk-web/juminkanja/S2430/initialize?prefCd=08&kikanCd=1000003550&kikanKbn=nan", "url2": null, "内容": "むつの薬局0茨城県ひたちなか市東石川３３７９－２０５" }, "geometry": { "type": "Point", "coordinates": [ 140.541277, 36.40218 ] } },
{ "type": "Feature", "properties": { "ID": 851000003552, "正式名称": "クオール薬局　中根店", "機関区分": 5, "都道府県コード": 8, "市区町村コード": 221, "所在地": "茨城県ひたちなか市中根３６４６－１", "緯度": 36.393974, "経度": 140.556534, "url": "https://www.iryou.teikyouseido.mhlw.go.jp/znk-web/juminkanja/S2430/initialize?prefCd=08&kikanCd=1000003552&kikanKbn=nan", "url2": "http://www.qol-net.co.jp/", "内容": "クオール薬局　中根店0茨城県ひたちなか市中根３６４６－１" }, "geometry": { "type": "Point", "coordinates": [ 140.556534, 36.393974 ] } },
{ "type": "Feature", "properties": { "ID": 851000003554, "正式名称": "アイン薬局　馬渡店", "機関区分": 5, "都道府県コード": 8, "市区町村コード": 221, "所在地": "茨城県ひたちなか市馬渡３８４０－７", "緯度": 36.396743, "経度": 140.561378, "url": "https://www.iryou.teikyouseido.mhlw.go.jp/znk-web/juminkanja/S2430/initialize?prefCd=08&kikanCd=1000003554&kikanKbn=nan", "url2": "http://www.ainj.co.jp/", "内容": "アイン薬局　馬渡店0茨城県ひたちなか市馬渡３８４０－７" }, "geometry": { "type": "Point", "coordinates": [ 140.561378, 36.396743 ] } },
{ "type": "Feature", "properties": { "ID": 851000003555, "正式名称": "クオール薬局勝田本町店", "機関区分": 5, "都道府県コード": 8, "市区町村コード": 221, "所在地": "茨城県ひたちなか市勝田本町４－１６", "緯度": 36.393556, "経度": 140.521117, "url": "https://www.iryou.teikyouseido.mhlw.go.jp/znk-web/juminkanja/S2430/initialize?prefCd=08&kikanCd=1000003555&kikanKbn=nan", "url2": "https://store.qol-net.co.jp/detail/609/", "内容": "クオール薬局勝田本町店0茨城県ひたちなか市勝田本町４－１６" }, "geometry": { "type": "Point", "coordinates": [ 140.521117, 36.393556 ] } },
{ "type": "Feature", "properties": { "ID": 851000003556, "正式名称": "おりーぶ薬局", "機関区分": 5, "都道府県コード": 8, "市区町村コード": 221, "所在地": "茨城県ひたちなか市堀口６１６－１", "緯度": 36.392162, "経度": 140.515889, "url": "https://www.iryou.teikyouseido.mhlw.go.jp/znk-web/juminkanja/S2430/initialize?prefCd=08&kikanCd=1000003556&kikanKbn=nan", "url2": "https://olivepharmacy.net/", "内容": "おりーぶ薬局0茨城県ひたちなか市堀口６１６－１" }, "geometry": { "type": "Point", "coordinates": [ 140.515889, 36.392162 ] } },
{ "type": "Feature", "properties": { "ID": 851000003557, "正式名称": "快誠堂薬局", "機関区分": 5, "都道府県コード": 8, "市区町村コード": 221, "所在地": "茨城県ひたちなか市湊中央１－１１－２２", "緯度": 36.342526, "経度": 140.590077, "url": "https://www.iryou.teikyouseido.mhlw.go.jp/znk-web/juminkanja/S2430/initialize?prefCd=08&kikanCd=1000003557&kikanKbn=nan", "url2": null, "内容": "快誠堂薬局0茨城県ひたちなか市湊中央１－１１－２２" }, "geometry": { "type": "Point", "coordinates": [ 140.590077, 36.342526 ] } },
{ "type": "Feature", "properties": { "ID": 851000003558, "正式名称": "東前薬局", "機関区分": 5, "都道府県コード": 8, "市区町村コード": 201, "所在地": "茨城県水戸市東前２丁目３０", "緯度": 36.338467, "経度": 140.530837, "url": "https://www.iryou.teikyouseido.mhlw.go.jp/znk-web/juminkanja/S2430/initialize?prefCd=08&kikanCd=1000003558&kikanKbn=nan", "url2": "https://pharmacy-suzu.com/", "内容": "東前薬局0茨城県水戸市東前２丁目３０" }, "geometry": { "type": "Point", "coordinates": [ 140.530837, 36.338467 ] } },
{ "type": "Feature", "properties": { "ID": 851000003559, "正式名称": "クオール薬局水戸百合が丘店", "機関区分": 5, "都道府県コード": 8, "市区町村コード": 201, "所在地": "茨城県水戸市百合が丘町８－５", "緯度": 36.339444, "経度": 140.508056, "url": "https://www.iryou.teikyouseido.mhlw.go.jp/znk-web/juminkanja/S2430/initialize?prefCd=08&kikanCd=1000003559&kikanKbn=nan", "url2": "https://www.qol-net.co.jp/", "内容": "クオール薬局水戸百合が丘店0茨城県水戸市百合が丘町８－５" }, "geometry": { "type": "Point", "coordinates": [ 140.508056, 36.339444 ] } },
{ "type": "Feature", "properties": { "ID": 851000003561, "正式名称": "みすず薬局もみのき店", "機関区分": 5, "都道府県コード": 8, "市区町村コード": 201, "所在地": "茨城県水戸市渋井町字天神脇２４１－５", "緯度": 36.360613, "経度": 140.509544, "url": "https://www.iryou.teikyouseido.mhlw.go.jp/znk-web/juminkanja/S2430/initialize?prefCd=08&kikanCd=1000003561&kikanKbn=nan", "url2": "https://www.lifeaid-misuzu.co.jp/", "内容": "みすず薬局もみのき店0茨城県水戸市渋井町字天神脇２４１－５" }, "geometry": { "type": "Point", "coordinates": [ 140.509544, 36.360613 ] } },
{ "type": "Feature", "properties": { "ID": 851000003562, "正式名称": "そうごう薬局　水戸店", "機関区分": 5, "都道府県コード": 8, "市区町村コード": 201, "所在地": "茨城県水戸市六反田町１１３６－１", "緯度": 36.344444, "経度": 140.511111, "url": "https://www.iryou.teikyouseido.mhlw.go.jp/znk-web/juminkanja/S2430/initialize?prefCd=08&kikanCd=1000003562&kikanKbn=nan", "url2": "http://www.sogo-medical.co.jp/", "内容": "そうごう薬局　水戸店0茨城県水戸市六反田町１１３６－１" }, "geometry": { "type": "Point", "coordinates": [ 140.511111, 36.344444 ] } },
{ "type": "Feature", "properties": { "ID": 851000003563, "正式名称": "友愛薬局　ひたちなか店", "機関区分": 5, "都道府県コード": 8, "市区町村コード": 221, "所在地": "茨城県ひたちなか市石川町１４－１", "緯度": 36.392438, "経度": 140.52815, "url": "https://www.iryou.teikyouseido.mhlw.go.jp/znk-web/juminkanja/S2430/initialize?prefCd=08&kikanCd=1000003563&kikanKbn=nan", "url2": "http://www.yuai-medical.com/", "内容": "友愛薬局　ひたちなか店0茨城県ひたちなか市石川町１４－１" }, "geometry": { "type": "Point", "coordinates": [ 140.52815, 36.392438 ] } },
{ "type": "Feature", "properties": { "ID": 851000003564, "正式名称": "バンビ薬局　ひたちなか店", "機関区分": 5, "都道府県コード": 8, "市区町村コード": 221, "所在地": "茨城県ひたちなか市勝田中央４ー２大谷ビル１階", "緯度": 36.394448, "経度": 140.52589, "url": "https://www.iryou.teikyouseido.mhlw.go.jp/znk-web/juminkanja/S2430/initialize?prefCd=08&kikanCd=1000003564&kikanKbn=nan", "url2": "http://www.bambi-pharmacy.com/", "内容": "バンビ薬局　ひたちなか店0茨城県ひたちなか市勝田中央４ー２大谷ビル１階" }, "geometry": { "type": "Point", "coordinates": [ 140.52589, 36.394448 ] } },
{ "type": "Feature", "properties": { "ID": 851000003565, "正式名称": "アイン薬局かつた店", "機関区分": 5, "都道府県コード": 8, "市区町村コード": 221, "所在地": "茨城県ひたちなか市石川町１丁目１番　ＭＥＧＡドン・キホーテ１階", "緯度": 36.392738, "経度": 140.528012, "url": "https://www.iryou.teikyouseido.mhlw.go.jp/znk-web/juminkanja/S2430/initialize?prefCd=08&kikanCd=1000003565&kikanKbn=nan", "url2": "http://www.ainj.co.jp/", "内容": "アイン薬局かつた店0茨城県ひたちなか市石川町１丁目１番　ＭＥＧＡドン・キホーテ１階" }, "geometry": { "type": "Point", "coordinates": [ 140.528012, 36.392738 ] } },
{ "type": "Feature", "properties": { "ID": 851000003566, "正式名称": "さくら薬局　ひたちなか店", "機関区分": 5, "都道府県コード": 8, "市区町村コード": 221, "所在地": "茨城県ひたちなか市石川町２８－１０", "緯度": 36.39283, "経度": 140.530505, "url": "https://www.iryou.teikyouseido.mhlw.go.jp/znk-web/juminkanja/S2430/initialize?prefCd=08&kikanCd=1000003566&kikanKbn=nan", "url2": "http://www.kraft-net.co.jp/sakura/", "内容": "さくら薬局　ひたちなか店0茨城県ひたちなか市石川町２８－１０" }, "geometry": { "type": "Point", "coordinates": [ 140.530505, 36.39283 ] } },
{ "type": "Feature", "properties": { "ID": 851000003568, "正式名称": "ひたちなか薬局勝田店", "機関区分": 5, "都道府県コード": 8, "市区町村コード": 221, "所在地": "茨城県ひたちなか市石川町１４−６", "緯度": 36.392281, "経度": 140.528268, "url": "https://www.iryou.teikyouseido.mhlw.go.jp/znk-web/juminkanja/S2430/initialize?prefCd=08&kikanCd=1000003568&kikanKbn=nan", "url2": null, "内容": "ひたちなか薬局勝田店0茨城県ひたちなか市石川町１４−６" }, "geometry": { "type": "Point", "coordinates": [ 140.528268, 36.392281 ] } },
{ "type": "Feature", "properties": { "ID": 851000003569, "正式名称": "クオリア薬局", "機関区分": 5, "都道府県コード": 8, "市区町村コード": 221, "所在地": "茨城県ひたちなか市相金町１－１－１０３", "緯度": 36.348456, "経度": 140.584858, "url": "https://www.iryou.teikyouseido.mhlw.go.jp/znk-web/juminkanja/S2430/initialize?prefCd=08&kikanCd=1000003569&kikanKbn=nan", "url2": "https://www.ichiyama-ph.com/", "内容": "クオリア薬局0茨城県ひたちなか市相金町１－１－１０３" }, "geometry": { "type": "Point", "coordinates": [ 140.584858, 36.348456 ] } },
{ "type": "Feature", "properties": { "ID": 851000003570, "正式名称": "アクア薬局かつた店", "機関区分": 5, "都道府県コード": 8, "市区町村コード": 221, "所在地": "茨城県ひたちなか市市毛４０４－３５　市毛石川ビル１Ｆ", "緯度": 36.395388, "経度": 140.510571, "url": "https://www.iryou.teikyouseido.mhlw.go.jp/znk-web/juminkanja/S2430/initialize?prefCd=08&kikanCd=1000003570&kikanKbn=nan", "url2": null, "内容": "アクア薬局かつた店0茨城県ひたちなか市市毛４０４－３５　市毛石川ビル１Ｆ" }, "geometry": { "type": "Point", "coordinates": [ 140.510571, 36.395388 ] } },
{ "type": "Feature", "properties": { "ID": 851000003571, "正式名称": "ウチダ薬局", "機関区分": 5, "都道府県コード": 8, "市区町村コード": 221, "所在地": "茨城県ひたちなか市馬渡２５６７－２３", "緯度": 36.397526, "経度": 140.56165, "url": "https://www.iryou.teikyouseido.mhlw.go.jp/znk-web/juminkanja/S2430/initialize?prefCd=08&kikanCd=1000003571&kikanKbn=nan", "url2": "http://uchida-p.jimdo.com", "内容": "ウチダ薬局0茨城県ひたちなか市馬渡２５６７－２３" }, "geometry": { "type": "Point", "coordinates": [ 140.56165, 36.397526 ] } },
{ "type": "Feature", "properties": { "ID": 851000003572, "正式名称": "しゃかまち薬局", "機関区分": 5, "都道府県コード": 8, "市区町村コード": 221, "所在地": "茨城県ひたちなか市釈迦町１５－１１", "緯度": 36.34525, "経度": 140.583651, "url": "https://www.iryou.teikyouseido.mhlw.go.jp/znk-web/juminkanja/S2430/initialize?prefCd=08&kikanCd=1000003572&kikanKbn=nan", "url2": null, "内容": "しゃかまち薬局0茨城県ひたちなか市釈迦町１５－１１" }, "geometry": { "type": "Point", "coordinates": [ 140.583651, 36.34525 ] } },
{ "type": "Feature", "properties": { "ID": 851000003574, "正式名称": "アクア薬局馬渡店", "機関区分": 5, "都道府県コード": 8, "市区町村コード": 221, "所在地": "茨城県ひたちなか市馬渡３２９５－２", "緯度": 36.400379, "経度": 140.573618, "url": "https://www.iryou.teikyouseido.mhlw.go.jp/znk-web/juminkanja/S2430/initialize?prefCd=08&kikanCd=1000003574&kikanKbn=nan", "url2": "http://aqua-mito.byoinnavi.jp/page1", "内容": "アクア薬局馬渡店0茨城県ひたちなか市馬渡３２９５－２" }, "geometry": { "type": "Point", "coordinates": [ 140.573618, 36.400379 ] } },
{ "type": "Feature", "properties": { "ID": 851000003576, "正式名称": "みすず薬局　豊喰店", "機関区分": 5, "都道府県コード": 8, "市区町村コード": 226, "所在地": "茨城県那珂市豊喰１１５６－１１", "緯度": 36.430253, "経度": 140.464195, "url": "https://www.iryou.teikyouseido.mhlw.go.jp/znk-web/juminkanja/S2430/initialize?prefCd=08&kikanCd=1000003576&kikanKbn=nan", "url2": "http://www.lifeaid-misuzu.co.jp", "内容": "みすず薬局　豊喰店0茨城県那珂市豊喰１１５６－１１" }, "geometry": { "type": "Point", "coordinates": [ 140.464195, 36.430253 ] } },
{ "type": "Feature", "properties": { "ID": 851000003578, "正式名称": "さわや薬局", "機関区分": 5, "都道府県コード": 8, "市区町村コード": 221, "所在地": "茨城県ひたちなか市津田３２４４－２", "緯度": 36.404744, "経度": 140.494201, "url": "https://www.iryou.teikyouseido.mhlw.go.jp/znk-web/juminkanja/S2430/initialize?prefCd=08&kikanCd=1000003578&kikanKbn=nan", "url2": null, "内容": "さわや薬局0茨城県ひたちなか市津田３２４４－２" }, "geometry": { "type": "Point", "coordinates": [ 140.494201, 36.404744 ] } },
{ "type": "Feature", "properties": { "ID": 851000003579, "正式名称": "アイン薬局ひたちなか店", "機関区分": 5, "都道府県コード": 8, "市区町村コード": 221, "所在地": "茨城県ひたちなか市津田２８２４－１", "緯度": 36.405202, "経度": 140.494983, "url": "https://www.iryou.teikyouseido.mhlw.go.jp/znk-web/juminkanja/S2430/initialize?prefCd=08&kikanCd=1000003579&kikanKbn=nan", "url2": "https://www.ainj.co.jp/", "内容": "アイン薬局ひたちなか店0茨城県ひたちなか市津田２８２４－１" }, "geometry": { "type": "Point", "coordinates": [ 140.494983, 36.405202 ] } },
{ "type": "Feature", "properties": { "ID": 851000003580, "正式名称": "平塚薬局", "機関区分": 5, "都道府県コード": 8, "市区町村コード": 226, "所在地": "茨城県那珂市菅谷４３８９－３", "緯度": 36.451016, "経度": 140.493632, "url": "https://www.iryou.teikyouseido.mhlw.go.jp/znk-web/juminkanja/S2430/initialize?prefCd=08&kikanCd=1000003580&kikanKbn=nan", "url2": null, "内容": "平塚薬局0茨城県那珂市菅谷４３８９－３" }, "geometry": { "type": "Point", "coordinates": [ 140.493632, 36.451016 ] } },
{ "type": "Feature", "properties": { "ID": 851000003581, "正式名称": "そよかぜ薬局", "機関区分": 5, "都道府県コード": 8, "市区町村コード": 226, "所在地": "茨城県那珂市菅谷３３０７芳野屋テナントＢ", "緯度": 36.441614, "経度": 140.494898, "url": "https://www.iryou.teikyouseido.mhlw.go.jp/znk-web/juminkanja/S2430/initialize?prefCd=08&kikanCd=1000003581&kikanKbn=nan", "url2": "https://sites.google.com/view/soyokazepharmacy/%E3%83%9B%E3%83%BC%E3%83%A0", "内容": "そよかぜ薬局0茨城県那珂市菅谷３３０７芳野屋テナントＢ" }, "geometry": { "type": "Point", "coordinates": [ 140.494898, 36.441614 ] } },
{ "type": "Feature", "properties": { "ID": 851000003584, "正式名称": "スルガヤ薬局", "機関区分": 5, "都道府県コード": 8, "市区町村コード": 226, "所在地": "茨城県那珂市菅谷４４６８－１５", "緯度": 36.458473, "経度": 140.490391, "url": "https://www.iryou.teikyouseido.mhlw.go.jp/znk-web/juminkanja/S2430/initialize?prefCd=08&kikanCd=1000003584&kikanKbn=nan", "url2": "https://www.facebook.com/surugayapharmacy/", "内容": "スルガヤ薬局0茨城県那珂市菅谷４４６８－１５" }, "geometry": { "type": "Point", "coordinates": [ 140.490391, 36.458473 ] } },
{ "type": "Feature", "properties": { "ID": 851000003585, "正式名称": "ひばり薬局", "機関区分": 5, "都道府県コード": 8, "市区町村コード": 226, "所在地": "茨城県那珂市飯田１７２６－５", "緯度": 36.452671, "経度": 140.464069, "url": "https://www.iryou.teikyouseido.mhlw.go.jp/znk-web/juminkanja/S2430/initialize?prefCd=08&kikanCd=1000003585&kikanKbn=nan", "url2": "http://www.jp-group.co.jp", "内容": "ひばり薬局0茨城県那珂市飯田１７２６－５" }, "geometry": { "type": "Point", "coordinates": [ 140.464069, 36.452671 ] } },
{ "type": "Feature", "properties": { "ID": 851000003586, "正式名称": "みすず薬局かしのき店", "機関区分": 5, "都道府県コード": 8, "市区町村コード": 226, "所在地": "茨城県那珂市中台７５０－６", "緯度": 36.410378, "経度": 140.484892, "url": "https://www.iryou.teikyouseido.mhlw.go.jp/znk-web/juminkanja/S2430/initialize?prefCd=08&kikanCd=1000003586&kikanKbn=nan", "url2": "https://www.lifeaid-misuzu.co.jp/branch/kashinoki/", "内容": "みすず薬局かしのき店0茨城県那珂市中台７５０－６" }, "geometry": { "type": "Point", "coordinates": [ 140.484892, 36.410378 ] } },
{ "type": "Feature", "properties": { "ID": 851000003587, "正式名称": "みすず薬局　中台店", "機関区分": 5, "都道府県コード": 8, "市区町村コード": 226, "所在地": "茨城県那珂市中台７０７－２０", "緯度": 36.411112, "経度": 140.484921, "url": "https://www.iryou.teikyouseido.mhlw.go.jp/znk-web/juminkanja/S2430/initialize?prefCd=08&kikanCd=1000003587&kikanKbn=nan", "url2": "http://www.lifeaid-misuzu.co.jp", "内容": "みすず薬局　中台店0茨城県那珂市中台７０７－２０" }, "geometry": { "type": "Point", "coordinates": [ 140.484921, 36.411112 ] } },
{ "type": "Feature", "properties": { "ID": 851000003589, "正式名称": "みずき薬局", "機関区分": 5, "都道府県コード": 8, "市区町村コード": 226, "所在地": "茨城県那珂市飯田２８２２－６", "緯度": 36.459594, "経度": 140.449347, "url": "https://www.iryou.teikyouseido.mhlw.go.jp/znk-web/juminkanja/S2430/initialize?prefCd=08&kikanCd=1000003589&kikanKbn=nan", "url2": null, "内容": "みずき薬局0茨城県那珂市飯田２８２２－６" }, "geometry": { "type": "Point", "coordinates": [ 140.449347, 36.459594 ] } },
{ "type": "Feature", "properties": { "ID": 851000003590, "正式名称": "石井薬局　渡里店", "機関区分": 5, "都道府県コード": 8, "市区町村コード": 201, "所在地": "茨城県水戸市堀町８９４－６", "緯度": 36.401111, "経度": 140.43, "url": "https://www.iryou.teikyouseido.mhlw.go.jp/znk-web/juminkanja/S2430/initialize?prefCd=08&kikanCd=1000003590&kikanKbn=nan", "url2": null, "内容": "石井薬局　渡里店0茨城県水戸市堀町８９４－６" }, "geometry": { "type": "Point", "coordinates": [ 140.43, 36.401111 ] } },
{ "type": "Feature", "properties": { "ID": 851000003591, "正式名称": "さつき薬局渡里店", "機関区分": 5, "都道府県コード": 8, "市区町村コード": 201, "所在地": "茨城県水戸市渡里町２６９１ー３－２", "緯度": 36.4, "経度": 140.437222, "url": "https://www.iryou.teikyouseido.mhlw.go.jp/znk-web/juminkanja/S2430/initialize?prefCd=08&kikanCd=1000003591&kikanKbn=nan", "url2": "http://jp-g.net/", "内容": "さつき薬局渡里店0茨城県水戸市渡里町２６９１ー３－２" }, "geometry": { "type": "Point", "coordinates": [ 140.437222, 36.4 ] } },
{ "type": "Feature", "properties": { "ID": 851000003592, "正式名称": "クオール薬局　那珂店", "機関区分": 5, "都道府県コード": 8, "市区町村コード": 226, "所在地": "茨城県那珂市後台字下新地７３０－１", "緯度": 36.421394, "経度": 140.494617, "url": "https://www.iryou.teikyouseido.mhlw.go.jp/znk-web/juminkanja/S2430/initialize?prefCd=08&kikanCd=1000003592&kikanKbn=nan", "url2": "http://store.qol-net.co.jp/detail/614/", "内容": "クオール薬局　那珂店0茨城県那珂市後台字下新地７３０－１" }, "geometry": { "type": "Point", "coordinates": [ 140.494617, 36.421394 ] } },
{ "type": "Feature", "properties": { "ID": 851000003593, "正式名称": "アイセイ薬局　那珂町店", "機関区分": 5, "都道府県コード": 8, "市区町村コード": 226, "所在地": "茨城県那珂市後台１８２７－８", "緯度": 36.428327, "経度": 140.475035, "url": "https://www.iryou.teikyouseido.mhlw.go.jp/znk-web/juminkanja/S2430/initialize?prefCd=08&kikanCd=1000003593&kikanKbn=nan", "url2": "http://www.aisei.co.jp", "内容": "アイセイ薬局　那珂町店0茨城県那珂市後台１８２７－８" }, "geometry": { "type": "Point", "coordinates": [ 140.475035, 36.428327 ] } },
{ "type": "Feature", "properties": { "ID": 851000003594, "正式名称": "アイセイ薬局　菅谷店", "機関区分": 5, "都道府県コード": 8, "市区町村コード": 226, "所在地": "茨城県那珂市菅谷２９９１－５", "緯度": 36.449638, "経度": 140.496818, "url": "https://www.iryou.teikyouseido.mhlw.go.jp/znk-web/juminkanja/S2430/initialize?prefCd=08&kikanCd=1000003594&kikanKbn=nan", "url2": "http://www.aisei.co.jp", "内容": "アイセイ薬局　菅谷店0茨城県那珂市菅谷２９９１－５" }, "geometry": { "type": "Point", "coordinates": [ 140.496818, 36.449638 ] } },
{ "type": "Feature", "properties": { "ID": 851000003598, "正式名称": "よしの薬局", "機関区分": 5, "都道府県コード": 8, "市区町村コード": 226, "所在地": "茨城県那珂市西木倉１６６－１", "緯度": 36.421012, "経度": 140.463457, "url": "https://www.iryou.teikyouseido.mhlw.go.jp/znk-web/juminkanja/S2430/initialize?prefCd=08&kikanCd=1000003598&kikanKbn=nan", "url2": "http://www.nemoto-drug.com", "内容": "よしの薬局0茨城県那珂市西木倉１６６－１" }, "geometry": { "type": "Point", "coordinates": [ 140.463457, 36.421012 ] } },
{ "type": "Feature", "properties": { "ID": 851000003599, "正式名称": "株式会社外野薬局", "機関区分": 5, "都道府県コード": 8, "市区町村コード": 221, "所在地": "茨城県ひたちなか市外野１－３５－１１", "緯度": 36.406996, "経度": 140.538373, "url": "https://www.iryou.teikyouseido.mhlw.go.jp/znk-web/juminkanja/S2430/initialize?prefCd=08&kikanCd=1000003599&kikanKbn=nan", "url2": null, "内容": "株式会社外野薬局0茨城県ひたちなか市外野１－３５－１１" }, "geometry": { "type": "Point", "coordinates": [ 140.538373, 36.406996 ] } },
{ "type": "Feature", "properties": { "ID": 851000003600, "正式名称": "アイザワ薬局高場店", "機関区分": 5, "都道府県コード": 8, "市区町村コード": 221, "所在地": "茨城県ひたちなか市東石川３１６１－１０", "緯度": 36.417349, "経度": 140.537437, "url": "https://www.iryou.teikyouseido.mhlw.go.jp/znk-web/juminkanja/S2430/initialize?prefCd=08&kikanCd=1000003600&kikanKbn=nan", "url2": null, "内容": "アイザワ薬局高場店0茨城県ひたちなか市東石川３１６１－１０" }, "geometry": { "type": "Point", "coordinates": [ 140.537437, 36.417349 ] } },
{ "type": "Feature", "properties": { "ID": 851000003602, "正式名称": "ひたちなか薬局", "機関区分": 5, "都道府県コード": 8, "市区町村コード": 341, "所在地": "茨城県那珂郡東海村照沼３０－４", "緯度": 36.436519, "経度": 140.594685, "url": "https://www.iryou.teikyouseido.mhlw.go.jp/znk-web/juminkanja/S2430/initialize?prefCd=08&kikanCd=1000003602&kikanKbn=nan", "url2": null, "内容": "ひたちなか薬局0茨城県那珂郡東海村照沼３０－４" }, "geometry": { "type": "Point", "coordinates": [ 140.594685, 36.436519 ] } },
{ "type": "Feature", "properties": { "ID": 851000003604, "正式名称": "あんず薬局佐和店", "機関区分": 5, "都道府県コード": 8, "市区町村コード": 221, "所在地": "茨城県ひたちなか市稲田２２１ー６", "緯度": 36.434794, "経度": 140.539355, "url": "https://www.iryou.teikyouseido.mhlw.go.jp/znk-web/juminkanja/S2430/initialize?prefCd=08&kikanCd=1000003604&kikanKbn=nan", "url2": "http://bellclan.jp/", "内容": "あんず薬局佐和店0茨城県ひたちなか市稲田２２１ー６" }, "geometry": { "type": "Point", "coordinates": [ 140.539355, 36.434794 ] } },
{ "type": "Feature", "properties": { "ID": 851000003606, "正式名称": "おおしま薬局", "機関区分": 5, "都道府県コード": 8, "市区町村コード": 221, "所在地": "茨城県ひたちなか市西大島２－１２－４４", "緯度": 36.406799, "経度": 140.526299, "url": "https://www.iryou.teikyouseido.mhlw.go.jp/znk-web/juminkanja/S2430/initialize?prefCd=08&kikanCd=1000003606&kikanKbn=nan", "url2": null, "内容": "おおしま薬局0茨城県ひたちなか市西大島２－１２－４４" }, "geometry": { "type": "Point", "coordinates": [ 140.526299, 36.406799 ] } },
{ "type": "Feature", "properties": { "ID": 851000003607, "正式名称": "アイン薬局　舟石川店", "機関区分": 5, "都道府県コード": 8, "市区町村コード": 341, "所在地": "茨城県那珂郡東海村舟石川６８９－９", "緯度": 36.461059, "経度": 140.555742, "url": "https://www.iryou.teikyouseido.mhlw.go.jp/znk-web/juminkanja/S2430/initialize?prefCd=08&kikanCd=1000003607&kikanKbn=nan", "url2": "http://www.ainj.co.jp/", "内容": "アイン薬局　舟石川店0茨城県那珂郡東海村舟石川６８９－９" }, "geometry": { "type": "Point", "coordinates": [ 140.555742, 36.461059 ] } },
{ "type": "Feature", "properties": { "ID": 851000003608, "正式名称": "ファースト薬局　高場店", "機関区分": 5, "都道府県コード": 8, "市区町村コード": 221, "所在地": "茨城県ひたちなか市高場字障子ハタ１１８０－７", "緯度": 36.420082, "経度": 140.539877, "url": "https://www.iryou.teikyouseido.mhlw.go.jp/znk-web/juminkanja/S2430/initialize?prefCd=08&kikanCd=1000003608&kikanKbn=nan", "url2": "https://sante-g.com", "内容": "ファースト薬局　高場店0茨城県ひたちなか市高場字障子ハタ１１８０－７" }, "geometry": { "type": "Point", "coordinates": [ 140.539877, 36.420082 ] } },
{ "type": "Feature", "properties": { "ID": 851000003609, "正式名称": "あんず薬局", "機関区分": 5, "都道府県コード": 8, "市区町村コード": 221, "所在地": "茨城県ひたちなか市津田東２－７－１５", "緯度": 36.409414, "経度": 140.505092, "url": "https://www.iryou.teikyouseido.mhlw.go.jp/znk-web/juminkanja/S2430/initialize?prefCd=08&kikanCd=1000003609&kikanKbn=nan", "url2": "http://bellclan.co.jp/", "内容": "あんず薬局0茨城県ひたちなか市津田東２－７－１５" }, "geometry": { "type": "Point", "coordinates": [ 140.505092, 36.409414 ] } },
{ "type": "Feature", "properties": { "ID": 851000003610, "正式名称": "さつき薬局東海店", "機関区分": 5, "都道府県コード": 8, "市区町村コード": 341, "所在地": "茨城県那珂郡東海村村松２０８３－７", "緯度": 36.457578, "経度": 140.575263, "url": "https://www.iryou.teikyouseido.mhlw.go.jp/znk-web/juminkanja/S2430/initialize?prefCd=08&kikanCd=1000003610&kikanKbn=nan", "url2": "https://jp-group.co.jp/store/106/", "内容": "さつき薬局東海店0茨城県那珂郡東海村村松２０８３－７" }, "geometry": { "type": "Point", "coordinates": [ 140.575263, 36.457578 ] } },
{ "type": "Feature", "properties": { "ID": 851000003611, "正式名称": "ねもと薬局病院前店", "機関区分": 5, "都道府県コード": 8, "市区町村コード": 341, "所在地": "茨城県那珂郡東海村村松２０８３－６", "緯度": 36.457703, "経度": 140.575081, "url": "https://www.iryou.teikyouseido.mhlw.go.jp/znk-web/juminkanja/S2430/initialize?prefCd=08&kikanCd=1000003611&kikanKbn=nan", "url2": "http://www.nemoto-drug.com/", "内容": "ねもと薬局病院前店0茨城県那珂郡東海村村松２０８３－６" }, "geometry": { "type": "Point", "coordinates": [ 140.575081, 36.457703 ] } },
{ "type": "Feature", "properties": { "ID": 851000003613, "正式名称": "大成堂薬局さわ店", "機関区分": 5, "都道府県コード": 8, "市区町村コード": 221, "所在地": "茨城県ひたちなか市高場５－４－２３", "緯度": 36.432525, "経度": 140.534408, "url": "https://www.iryou.teikyouseido.mhlw.go.jp/znk-web/juminkanja/S2430/initialize?prefCd=08&kikanCd=1000003613&kikanKbn=nan", "url2": "taiseidoyakkyoku.com", "内容": "大成堂薬局さわ店0茨城県ひたちなか市高場５－４－２３" }, "geometry": { "type": "Point", "coordinates": [ 140.534408, 36.432525 ] } },
{ "type": "Feature", "properties": { "ID": 851000003614, "正式名称": "さわ薬局", "機関区分": 5, "都道府県コード": 8, "市区町村コード": 221, "所在地": "茨城県ひたちなか市高場１９１－４", "緯度": 36.434056, "経度": 140.534055, "url": "https://www.iryou.teikyouseido.mhlw.go.jp/znk-web/juminkanja/S2430/initialize?prefCd=08&kikanCd=1000003614&kikanKbn=nan", "url2": null, "内容": "さわ薬局0茨城県ひたちなか市高場１９１－４" }, "geometry": { "type": "Point", "coordinates": [ 140.534055, 36.434056 ] } },
{ "type": "Feature", "properties": { "ID": 851000003615, "正式名称": "イオン薬局東海店", "機関区分": 5, "都道府県コード": 8, "市区町村コード": 341, "所在地": "茨城県那珂郡東海村舟石川駅東四丁目１番１号", "緯度": 36.463893, "経度": 140.566427, "url": "https://www.iryou.teikyouseido.mhlw.go.jp/znk-web/juminkanja/S2430/initialize?prefCd=08&kikanCd=1000003615&kikanKbn=nan", "url2": null, "内容": "イオン薬局東海店0茨城県那珂郡東海村舟石川駅東四丁目１番１号" }, "geometry": { "type": "Point", "coordinates": [ 140.566427, 36.463893 ] } },
{ "type": "Feature", "properties": { "ID": 851000003617, "正式名称": "すず薬局那珂店", "機関区分": 5, "都道府県コード": 8, "市区町村コード": 226, "所在地": "茨城県那珂市竹ノ内３丁目２－１", "緯度": 36.449363, "経度": 140.504349, "url": "https://www.iryou.teikyouseido.mhlw.go.jp/znk-web/juminkanja/S2430/initialize?prefCd=08&kikanCd=1000003617&kikanKbn=nan", "url2": "https://pharmacy-suzu.com/", "内容": "すず薬局那珂店0茨城県那珂市竹ノ内３丁目２－１" }, "geometry": { "type": "Point", "coordinates": [ 140.504349, 36.449363 ] } },
{ "type": "Feature", "properties": { "ID": 851000003619, "正式名称": "アサヒ薬局　東海店", "機関区分": 5, "都道府県コード": 8, "市区町村コード": 341, "所在地": "茨城県那珂郡東海村舟石川駅西２－８－５", "緯度": 36.46761, "経度": 140.567016, "url": "https://www.iryou.teikyouseido.mhlw.go.jp/znk-web/juminkanja/S2430/initialize?prefCd=08&kikanCd=1000003619&kikanKbn=nan", "url2": null, "内容": "アサヒ薬局　東海店0茨城県那珂郡東海村舟石川駅西２－８－５" }, "geometry": { "type": "Point", "coordinates": [ 140.567016, 36.46761 ] } },
{ "type": "Feature", "properties": { "ID": 851000003620, "正式名称": "みすず薬局　田彦店", "機関区分": 5, "都道府県コード": 8, "市区町村コード": 221, "所在地": "茨城県ひたちなか市東石川３４４４－４", "緯度": 36.411246, "経度": 140.522999, "url": "https://www.iryou.teikyouseido.mhlw.go.jp/znk-web/juminkanja/S2430/initialize?prefCd=08&kikanCd=1000003620&kikanKbn=nan", "url2": "http://www.lifeaid-misuzu.co.jp", "内容": "みすず薬局　田彦店0茨城県ひたちなか市東石川３４４４－４" }, "geometry": { "type": "Point", "coordinates": [ 140.522999, 36.411246 ] } },
{ "type": "Feature", "properties": { "ID": 851000003621, "正式名称": "ポラリス薬局", "機関区分": 5, "都道府県コード": 8, "市区町村コード": 221, "所在地": "茨城県ひたちなか市東石川２７１３－３", "緯度": 36.411824, "経度": 140.534499, "url": "https://www.iryou.teikyouseido.mhlw.go.jp/znk-web/juminkanja/S2430/initialize?prefCd=08&kikanCd=1000003621&kikanKbn=nan", "url2": null, "内容": "ポラリス薬局0茨城県ひたちなか市東石川２７１３－３" }, "geometry": { "type": "Point", "coordinates": [ 140.534499, 36.411824 ] } },
{ "type": "Feature", "properties": { "ID": 851000003623, "正式名称": "あうら薬局", "機関区分": 5, "都道府県コード": 8, "市区町村コード": 221, "所在地": "茨城県ひたちなか市稲田３８－４", "緯度": 36.433986, "経度": 140.529469, "url": "https://www.iryou.teikyouseido.mhlw.go.jp/znk-web/juminkanja/S2430/initialize?prefCd=08&kikanCd=1000003623&kikanKbn=nan", "url2": null, "内容": "あうら薬局0茨城県ひたちなか市稲田３８－４" }, "geometry": { "type": "Point", "coordinates": [ 140.529469, 36.433986 ] } },
{ "type": "Feature", "properties": { "ID": 851000003624, "正式名称": "カワチ薬局　ひたちなか店", "機関区分": 5, "都道府県コード": 8, "市区町村コード": 221, "所在地": "茨城県ひたちなか市東石川字沼１５６７－１", "緯度": 36.398963, "経度": 140.532801, "url": "https://www.iryou.teikyouseido.mhlw.go.jp/znk-web/juminkanja/S2430/initialize?prefCd=08&kikanCd=1000003624&kikanKbn=nan", "url2": "https://www.cawachi.co.jp/", "内容": "カワチ薬局　ひたちなか店0茨城県ひたちなか市東石川字沼１５６７－１" }, "geometry": { "type": "Point", "coordinates": [ 140.532801, 36.398963 ] } },
{ "type": "Feature", "properties": { "ID": 851000003625, "正式名称": "勝田クローバー薬局", "機関区分": 5, "都道府県コード": 8, "市区町村コード": 221, "所在地": "茨城県ひたちなか市東大島４－８－１", "緯度": 36.40336, "経度": 140.531954, "url": "https://www.iryou.teikyouseido.mhlw.go.jp/znk-web/juminkanja/S2430/initialize?prefCd=08&kikanCd=1000003625&kikanKbn=nan", "url2": null, "内容": "勝田クローバー薬局0茨城県ひたちなか市東大島４－８－１" }, "geometry": { "type": "Point", "coordinates": [ 140.531954, 36.40336 ] } },
{ "type": "Feature", "properties": { "ID": 851000003627, "正式名称": "黒沢薬局", "機関区分": 5, "都道府県コード": 8, "市区町村コード": 310, "所在地": "茨城県東茨城郡城里町石塚１５０４", "緯度": 36.482226, "経度": 140.376117, "url": "https://www.iryou.teikyouseido.mhlw.go.jp/znk-web/juminkanja/S2430/initialize?prefCd=08&kikanCd=1000003627&kikanKbn=nan", "url2": null, "内容": "黒沢薬局0茨城県東茨城郡城里町石塚１５０４" }, "geometry": { "type": "Point", "coordinates": [ 140.376117, 36.482226 ] } },
{ "type": "Feature", "properties": { "ID": 851000003629, "正式名称": "じょうほく薬局", "機関区分": 5, "都道府県コード": 8, "市区町村コード": 310, "所在地": "茨城県東茨城郡城里町石塚５０３－５", "緯度": 36.477505, "経度": 140.375534, "url": "https://www.iryou.teikyouseido.mhlw.go.jp/znk-web/juminkanja/S2430/initialize?prefCd=08&kikanCd=1000003629&kikanKbn=nan", "url2": null, "内容": "じょうほく薬局0茨城県東茨城郡城里町石塚５０３－５" }, "geometry": { "type": "Point", "coordinates": [ 140.375534, 36.477505 ] } },
{ "type": "Feature", "properties": { "ID": 851000003630, "正式名称": "アイン薬局　常北店", "機関区分": 5, "都道府県コード": 8, "市区町村コード": 310, "所在地": "茨城県東茨城郡城里町石塚１３４１", "緯度": 36.484278, "経度": 140.374786, "url": "https://www.iryou.teikyouseido.mhlw.go.jp/znk-web/juminkanja/S2430/initialize?prefCd=08&kikanCd=1000003630&kikanKbn=nan", "url2": "http://www.ainj.co.jp", "内容": "アイン薬局　常北店0茨城県東茨城郡城里町石塚１３４１" }, "geometry": { "type": "Point", "coordinates": [ 140.374786, 36.484278 ] } },
{ "type": "Feature", "properties": { "ID": 851000003635, "正式名称": "こうのす薬局", "機関区分": 5, "都道府県コード": 8, "市区町村コード": 226, "所在地": "茨城県那珂市鴻巣１４１５－１", "緯度": 36.473209, "経度": 140.465588, "url": "https://www.iryou.teikyouseido.mhlw.go.jp/znk-web/juminkanja/S2430/initialize?prefCd=08&kikanCd=1000003635&kikanKbn=nan", "url2": "http://www .kusurinomadoguchi.com/ibaraki/s48580", "内容": "こうのす薬局0茨城県那珂市鴻巣１４１５－１" }, "geometry": { "type": "Point", "coordinates": [ 140.465588, 36.473209 ] } },
{ "type": "Feature", "properties": { "ID": 851000003636, "正式名称": "コスモファーマ薬局　那珂店", "機関区分": 5, "都道府県コード": 8, "市区町村コード": 226, "所在地": "茨城県那珂市古徳５３７－５", "緯度": 36.495298, "経度": 140.436453, "url": "https://www.iryou.teikyouseido.mhlw.go.jp/znk-web/juminkanja/S2430/initialize?prefCd=08&kikanCd=1000003636&kikanKbn=nan", "url2": "http://www.cosmo-ph.co.jp/", "内容": "コスモファーマ薬局　那珂店0茨城県那珂市古徳５３７－５" }, "geometry": { "type": "Point", "coordinates": [ 140.436453, 36.495298 ] } },
{ "type": "Feature", "properties": { "ID": 851000003638, "正式名称": "とうかい薬局", "機関区分": 5, "都道府県コード": 8, "市区町村コード": 341, "所在地": "茨城県那珂郡東海村石神内宿１７２２－１", "緯度": 36.480533, "経度": 140.572689, "url": "https://www.iryou.teikyouseido.mhlw.go.jp/znk-web/juminkanja/S2430/initialize?prefCd=08&kikanCd=1000003638&kikanKbn=nan", "url2": null, "内容": "とうかい薬局0茨城県那珂郡東海村石神内宿１７２２－１" }, "geometry": { "type": "Point", "coordinates": [ 140.572689, 36.480533 ] } },
{ "type": "Feature", "properties": { "ID": 851000003639, "正式名称": "イースト薬局", "機関区分": 5, "都道府県コード": 8, "市区町村コード": 341, "所在地": "茨城県那珂郡東海村舟石川９５", "緯度": 36.472024, "経度": 140.557243, "url": "https://www.iryou.teikyouseido.mhlw.go.jp/znk-web/juminkanja/S2430/initialize?prefCd=08&kikanCd=1000003639&kikanKbn=nan", "url2": "https://sante-g.com", "内容": "イースト薬局0茨城県那珂郡東海村舟石川９５" }, "geometry": { "type": "Point", "coordinates": [ 140.557243, 36.472024 ] } },
{ "type": "Feature", "properties": { "ID": 851000003640, "正式名称": "ねもと薬局", "機関区分": 5, "都道府県コード": 8, "市区町村コード": 341, "所在地": "茨城県那珂郡東海村舟石川５８７－２", "緯度": 36.472078, "経度": 140.556429, "url": "https://www.iryou.teikyouseido.mhlw.go.jp/znk-web/juminkanja/S2430/initialize?prefCd=08&kikanCd=1000003640&kikanKbn=nan", "url2": "http://www.nemoto-drug.com.", "内容": "ねもと薬局0茨城県那珂郡東海村舟石川５８７－２" }, "geometry": { "type": "Point", "coordinates": [ 140.556429, 36.472078 ] } },
{ "type": "Feature", "properties": { "ID": 851000003641, "正式名称": "わかば薬局東海", "機関区分": 5, "都道府県コード": 8, "市区町村コード": 341, "所在地": "茨城県那珂郡東海村東海３－２－１１－１０５", "緯度": 36.471373, "経度": 140.563799, "url": "https://www.iryou.teikyouseido.mhlw.go.jp/znk-web/juminkanja/S2430/initialize?prefCd=08&kikanCd=1000003641&kikanKbn=nan", "url2": null, "内容": "わかば薬局東海0茨城県那珂郡東海村東海３－２－１１－１０５" }, "geometry": { "type": "Point", "coordinates": [ 140.563799, 36.471373 ] } },
{ "type": "Feature", "properties": { "ID": 851000003645, "正式名称": "カナイ薬局", "機関区分": 5, "都道府県コード": 8, "市区町村コード": 212, "所在地": "茨城県常陸太田市金井町３６９６", "緯度": 36.535603, "経度": 140.531542, "url": "https://www.iryou.teikyouseido.mhlw.go.jp/znk-web/juminkanja/S2430/initialize?prefCd=08&kikanCd=1000003645&kikanKbn=nan", "url2": null, "内容": "カナイ薬局0茨城県常陸太田市金井町３６９６" }, "geometry": { "type": "Point", "coordinates": [ 140.531542, 36.535603 ] } },
{ "type": "Feature", "properties": { "ID": 851000003646, "正式名称": "株式会社　サン薬局", "機関区分": 5, "都道府県コード": 8, "市区町村コード": 212, "所在地": "茨城県常陸太田市木崎二町９４０", "緯度": 36.531879, "経度": 140.525555, "url": "https://www.iryou.teikyouseido.mhlw.go.jp/znk-web/juminkanja/S2430/initialize?prefCd=08&kikanCd=1000003646&kikanKbn=nan", "url2": "https://pharmacy-sun.com/", "内容": "株式会社　サン薬局0茨城県常陸太田市木崎二町９４０" }, "geometry": { "type": "Point", "coordinates": [ 140.525555, 36.531879 ] } },
{ "type": "Feature", "properties": { "ID": 851000003647, "正式名称": "すみれ薬局", "機関区分": 5, "都道府県コード": 8, "市区町村コード": 212, "所在地": "茨城県常陸太田市金井町３６７７", "緯度": 36.537582, "経度": 140.529757, "url": "https://www.iryou.teikyouseido.mhlw.go.jp/znk-web/juminkanja/S2430/initialize?prefCd=08&kikanCd=1000003647&kikanKbn=nan", "url2": null, "内容": "すみれ薬局0茨城県常陸太田市金井町３６７７" }, "geometry": { "type": "Point", "coordinates": [ 140.529757, 36.537582 ] } },
{ "type": "Feature", "properties": { "ID": 851000003648, "正式名称": "うさぎ薬局", "機関区分": 5, "都道府県コード": 8, "市区町村コード": 212, "所在地": "茨城県常陸太田市木崎二町　２００５－３", "緯度": 36.535219, "経度": 140.525142, "url": "https://www.iryou.teikyouseido.mhlw.go.jp/znk-web/juminkanja/S2430/initialize?prefCd=08&kikanCd=1000003648&kikanKbn=nan", "url2": "http//usagi-phrmacy.jp/", "内容": "うさぎ薬局0茨城県常陸太田市木崎二町　２００５－３" }, "geometry": { "type": "Point", "coordinates": [ 140.525142, 36.535219 ] } },
{ "type": "Feature", "properties": { "ID": 851000003649, "正式名称": "アイセイ薬局　谷河原店", "機関区分": 5, "都道府県コード": 8, "市区町村コード": 212, "所在地": "茨城県常陸太田市谷河原町１１８０ー４", "緯度": 36.514912, "経度": 140.524841, "url": "https://www.iryou.teikyouseido.mhlw.go.jp/znk-web/juminkanja/S2430/initialize?prefCd=08&kikanCd=1000003649&kikanKbn=nan", "url2": "http://www.aisei.co.jp", "内容": "アイセイ薬局　谷河原店0茨城県常陸太田市谷河原町１１８０ー４" }, "geometry": { "type": "Point", "coordinates": [ 140.524841, 36.514912 ] } },
{ "type": "Feature", "properties": { "ID": 851000003650, "正式名称": "のぞみ薬局", "機関区分": 5, "都道府県コード": 8, "市区町村コード": 212, "所在地": "茨城県常陸太田市金井町３５６８－６", "緯度": 36.537556, "経度": 140.527579, "url": "https://www.iryou.teikyouseido.mhlw.go.jp/znk-web/juminkanja/S2430/initialize?prefCd=08&kikanCd=1000003650&kikanKbn=nan", "url2": null, "内容": "のぞみ薬局0茨城県常陸太田市金井町３５６８－６" }, "geometry": { "type": "Point", "coordinates": [ 140.527579, 36.537556 ] } },
{ "type": "Feature", "properties": { "ID": 851000003651, "正式名称": "ひらつか薬局西町店", "機関区分": 5, "都道府県コード": 8, "市区町村コード": 212, "所在地": "茨城県常陸太田市西三町２１３１－５", "緯度": 36.53816, "経度": 140.52308, "url": "https://www.iryou.teikyouseido.mhlw.go.jp/znk-web/juminkanja/S2430/initialize?prefCd=08&kikanCd=1000003651&kikanKbn=nan", "url2": null, "内容": "ひらつか薬局西町店0茨城県常陸太田市西三町２１３１－５" }, "geometry": { "type": "Point", "coordinates": [ 140.52308, 36.53816 ] } },
{ "type": "Feature", "properties": { "ID": 851000003654, "正式名称": "クオール薬局日立南店", "機関区分": 5, "都道府県コード": 8, "市区町村コード": 202, "所在地": "茨城県日立市久慈町７－１９－１３", "緯度": 36.510176, "経度": 140.609146, "url": "https://www.iryou.teikyouseido.mhlw.go.jp/znk-web/juminkanja/S2430/initialize?prefCd=08&kikanCd=1000003654&kikanKbn=nan", "url2": "http://www.qol-net.co.jp", "内容": "クオール薬局日立南店0茨城県日立市久慈町７－１９－１３" }, "geometry": { "type": "Point", "coordinates": [ 140.609146, 36.510176 ] } },
{ "type": "Feature", "properties": { "ID": 851000003655, "正式名称": "みなみ薬局", "機関区分": 5, "都道府県コード": 8, "市区町村コード": 202, "所在地": "茨城県日立市久慈町４丁目１６番９号", "緯度": 36.494585, "経度": 140.610363, "url": "https://www.iryou.teikyouseido.mhlw.go.jp/znk-web/juminkanja/S2430/initialize?prefCd=08&kikanCd=1000003655&kikanKbn=nan", "url2": null, "内容": "みなみ薬局0茨城県日立市久慈町４丁目１６番９号" }, "geometry": { "type": "Point", "coordinates": [ 140.610363, 36.494585 ] } },
{ "type": "Feature", "properties": { "ID": 851000003656, "正式名称": "あおぞら薬局　大和田店", "機関区分": 5, "都道府県コード": 8, "市区町村コード": 202, "所在地": "茨城県日立市大和田町１－１－３０", "緯度": 36.511661, "経度": 140.589752, "url": "https://www.iryou.teikyouseido.mhlw.go.jp/znk-web/juminkanja/S2430/initialize?prefCd=08&kikanCd=1000003656&kikanKbn=nan", "url2": "https://store.qol-net.co.jp/detail/1030/", "内容": "あおぞら薬局　大和田店0茨城県日立市大和田町１－１－３０" }, "geometry": { "type": "Point", "coordinates": [ 140.589752, 36.511661 ] } },
{ "type": "Feature", "properties": { "ID": 851000003657, "正式名称": "日本調剤　日立南薬局", "機関区分": 5, "都道府県コード": 8, "市区町村コード": 202, "所在地": "茨城県日立市茂宮町４３５－３", "緯度": 36.503046, "経度": 140.593501, "url": "https://www.iryou.teikyouseido.mhlw.go.jp/znk-web/juminkanja/S2430/initialize?prefCd=08&kikanCd=1000003657&kikanKbn=nan", "url2": "https://www.nicho.co.jp/tenpo/hitatiminami/", "内容": "日本調剤　日立南薬局0茨城県日立市茂宮町４３５－３" }, "geometry": { "type": "Point", "coordinates": [ 140.593501, 36.503046 ] } },
{ "type": "Feature", "properties": { "ID": 851000003658, "正式名称": "アイセイ薬局　日立南店", "機関区分": 5, "都道府県コード": 8, "市区町村コード": 202, "所在地": "茨城県日立市茂宮町８２３ー２", "緯度": 36.502004, "経度": 140.594527, "url": "https://www.iryou.teikyouseido.mhlw.go.jp/znk-web/juminkanja/S2430/initialize?prefCd=08&kikanCd=1000003658&kikanKbn=nan", "url2": "http://www.aisei.co.jp/", "内容": "アイセイ薬局　日立南店0茨城県日立市茂宮町８２３ー２" }, "geometry": { "type": "Point", "coordinates": [ 140.594527, 36.502004 ] } },
{ "type": "Feature", "properties": { "ID": 851000003659, "正式名称": "アイン薬局　佐竹南台店", "機関区分": 5, "都道府県コード": 8, "市区町村コード": 212, "所在地": "茨城県常陸太田市天神林町８７０－２４３", "緯度": 36.523474, "経度": 140.508341, "url": "https://www.iryou.teikyouseido.mhlw.go.jp/znk-web/juminkanja/S2430/initialize?prefCd=08&kikanCd=1000003659&kikanKbn=nan", "url2": "http://www.ainj.co.jp", "内容": "アイン薬局　佐竹南台店0茨城県常陸太田市天神林町８７０－２４３" }, "geometry": { "type": "Point", "coordinates": [ 140.508341, 36.523474 ] } },
{ "type": "Feature", "properties": { "ID": 851000003660, "正式名称": "有限会社大畠薬局", "機関区分": 5, "都道府県コード": 8, "市区町村コード": 212, "所在地": "茨城県常陸太田市山下町１７１８", "緯度": 36.532044, "経度": 140.52878, "url": "https://www.iryou.teikyouseido.mhlw.go.jp/znk-web/juminkanja/S2430/initialize?prefCd=08&kikanCd=1000003660&kikanKbn=nan", "url2": null, "内容": "有限会社大畠薬局0茨城県常陸太田市山下町１７１８" }, "geometry": { "type": "Point", "coordinates": [ 140.52878, 36.532044 ] } },
{ "type": "Feature", "properties": { "ID": 851000003662, "正式名称": "大みか中央薬局", "機関区分": 5, "都道府県コード": 8, "市区町村コード": 202, "所在地": "茨城県日立市大みか町２－２８－５　なぎさ会館内", "緯度": 36.512252, "経度": 140.62425, "url": "https://www.iryou.teikyouseido.mhlw.go.jp/znk-web/juminkanja/S2430/initialize?prefCd=08&kikanCd=1000003662&kikanKbn=nan", "url2": null, "内容": "大みか中央薬局0茨城県日立市大みか町２－２８－５　なぎさ会館内" }, "geometry": { "type": "Point", "coordinates": [ 140.62425, 36.512252 ] } },
{ "type": "Feature", "properties": { "ID": 851000003665, "正式名称": "西山薬局", "機関区分": 5, "都道府県コード": 8, "市区町村コード": 202, "所在地": "茨城県日立市水木町２－３９－２９", "緯度": 36.515512, "経度": 140.624092, "url": "https://www.iryou.teikyouseido.mhlw.go.jp/znk-web/juminkanja/S2430/initialize?prefCd=08&kikanCd=1000003665&kikanKbn=nan", "url2": null, "内容": "西山薬局0茨城県日立市水木町２－３９－２９" }, "geometry": { "type": "Point", "coordinates": [ 140.624092, 36.515512 ] } },
{ "type": "Feature", "properties": { "ID": 851000003666, "正式名称": "メリー薬局", "機関区分": 5, "都道府県コード": 8, "市区町村コード": 202, "所在地": "茨城県日立市大沼町３－４－１０", "緯度": 36.534714, "経度": 140.615627, "url": "https://www.iryou.teikyouseido.mhlw.go.jp/znk-web/juminkanja/S2430/initialize?prefCd=08&kikanCd=1000003666&kikanKbn=nan", "url2": null, "内容": "メリー薬局0茨城県日立市大沼町３－４－１０" }, "geometry": { "type": "Point", "coordinates": [ 140.615627, 36.534714 ] } },
{ "type": "Feature", "properties": { "ID": 851000003669, "正式名称": "アルファーム薬局　大みか店", "機関区分": 5, "都道府県コード": 8, "市区町村コード": 202, "所在地": "茨城県日立市大みか町２－２２－２９", "緯度": 36.514523, "経度": 140.621581, "url": "https://www.iryou.teikyouseido.mhlw.go.jp/znk-web/juminkanja/S2430/initialize?prefCd=08&kikanCd=1000003669&kikanKbn=nan", "url2": "https://www.alpharm.co.jp/", "内容": "アルファーム薬局　大みか店0茨城県日立市大みか町２－２２－２９" }, "geometry": { "type": "Point", "coordinates": [ 140.621581, 36.514523 ] } },
{ "type": "Feature", "properties": { "ID": 851000003674, "正式名称": "あすなろ薬局", "機関区分": 5, "都道府県コード": 8, "市区町村コード": 225, "所在地": "茨城県常陸大宮市宇留野３１１５－１", "緯度": 36.543034, "経度": 140.41828, "url": "https://www.iryou.teikyouseido.mhlw.go.jp/znk-web/juminkanja/S2430/initialize?prefCd=08&kikanCd=1000003674&kikanKbn=nan", "url2": null, "内容": "あすなろ薬局0茨城県常陸大宮市宇留野３１１５－１" }, "geometry": { "type": "Point", "coordinates": [ 140.41828, 36.543034 ] } },
{ "type": "Feature", "properties": { "ID": 851000003676, "正式名称": "有限会社　久米薬局", "機関区分": 5, "都道府県コード": 8, "市区町村コード": 212, "所在地": "茨城県常陸太田市久米町１７３－１", "緯度": 36.540972, "経度": 140.476013, "url": "https://www.iryou.teikyouseido.mhlw.go.jp/znk-web/juminkanja/S2430/initialize?prefCd=08&kikanCd=1000003676&kikanKbn=nan", "url2": "https://kumeyakkyoku.com", "内容": "有限会社　久米薬局0茨城県常陸太田市久米町１７３－１" }, "geometry": { "type": "Point", "coordinates": [ 140.476013, 36.540972 ] } },
{ "type": "Feature", "properties": { "ID": 851000003677, "正式名称": "アイン薬局　田子内店", "機関区分": 5, "都道府県コード": 8, "市区町村コード": 225, "所在地": "茨城県常陸大宮市田子内町３０３４－４", "緯度": 36.561129, "経度": 140.401909, "url": "https://www.iryou.teikyouseido.mhlw.go.jp/znk-web/juminkanja/S2430/initialize?prefCd=08&kikanCd=1000003677&kikanKbn=nan", "url2": "http://www.ainj.co.jp/", "内容": "アイン薬局　田子内店0茨城県常陸大宮市田子内町３０３４－４" }, "geometry": { "type": "Point", "coordinates": [ 140.401909, 36.561129 ] } },
{ "type": "Feature", "properties": { "ID": 851000003678, "正式名称": "なかとみ薬局", "機関区分": 5, "都道府県コード": 8, "市区町村コード": 225, "所在地": "茨城県常陸大宮市中富町１００４－１", "緯度": 36.546438, "経度": 140.408748, "url": "https://www.iryou.teikyouseido.mhlw.go.jp/znk-web/juminkanja/S2430/initialize?prefCd=08&kikanCd=1000003678&kikanKbn=nan", "url2": "https://jm-corp.co.jp", "内容": "なかとみ薬局0茨城県常陸大宮市中富町１００４－１" }, "geometry": { "type": "Point", "coordinates": [ 140.408748, 36.546438 ] } },
{ "type": "Feature", "properties": { "ID": 851000003679, "正式名称": "アイセイ薬局　常陸大宮店", "機関区分": 5, "都道府県コード": 8, "市区町村コード": 225, "所在地": "茨城県常陸大宮市田子内町３０３１－３", "緯度": 36.561915, "経度": 140.400647, "url": "https://www.iryou.teikyouseido.mhlw.go.jp/znk-web/juminkanja/S2430/initialize?prefCd=08&kikanCd=1000003679&kikanKbn=nan", "url2": "http://www.aisei.co.jp", "内容": "アイセイ薬局　常陸大宮店0茨城県常陸大宮市田子内町３０３１－３" }, "geometry": { "type": "Point", "coordinates": [ 140.400647, 36.561915 ] } },
{ "type": "Feature", "properties": { "ID": 851000003680, "正式名称": "つるばみ薬局", "機関区分": 5, "都道府県コード": 8, "市区町村コード": 225, "所在地": "茨城県常陸大宮市中富町３１０４－１３", "緯度": 36.543508, "経度": 140.408553, "url": "https://www.iryou.teikyouseido.mhlw.go.jp/znk-web/juminkanja/S2430/initialize?prefCd=08&kikanCd=1000003680&kikanKbn=nan", "url2": "http://p-tsurubami.com", "内容": "つるばみ薬局0茨城県常陸大宮市中富町３１０４－１３" }, "geometry": { "type": "Point", "coordinates": [ 140.408553, 36.543508 ] } },
{ "type": "Feature", "properties": { "ID": 851000003682, "正式名称": "平塚薬局", "機関区分": 5, "都道府県コード": 8, "市区町村コード": 212, "所在地": "茨城県常陸太田市栄町３００５－３", "緯度": 36.546182, "経度": 140.529692, "url": "https://www.iryou.teikyouseido.mhlw.go.jp/znk-web/juminkanja/S2430/initialize?prefCd=08&kikanCd=1000003682&kikanKbn=nan", "url2": "https://www.instagram.com/drug_hiratsuka/", "内容": "平塚薬局0茨城県常陸太田市栄町３００５－３" }, "geometry": { "type": "Point", "coordinates": [ 140.529692, 36.546182 ] } },
{ "type": "Feature", "properties": { "ID": 851000003683, "正式名称": "（有）日座薬局", "機関区分": 5, "都道府県コード": 8, "市区町村コード": 212, "所在地": "茨城県常陸太田市栄町２４７４", "緯度": 36.547153, "経度": 140.523029, "url": "https://www.iryou.teikyouseido.mhlw.go.jp/znk-web/juminkanja/S2430/initialize?prefCd=08&kikanCd=1000003683&kikanKbn=nan", "url2": "https://www.kanpo-hiza.com/", "内容": "（有）日座薬局0茨城県常陸太田市栄町２４７４" }, "geometry": { "type": "Point", "coordinates": [ 140.523029, 36.547153 ] } },
{ "type": "Feature", "properties": { "ID": 851000003684, "正式名称": "ひらつか薬局中城店", "機関区分": 5, "都道府県コード": 8, "市区町村コード": 212, "所在地": "茨城県常陸太田市中城町１３８・１４０合併－１２", "緯度": 36.54497, "経度": 140.522384, "url": "https://www.iryou.teikyouseido.mhlw.go.jp/znk-web/juminkanja/S2430/initialize?prefCd=08&kikanCd=1000003684&kikanKbn=nan", "url2": null, "内容": "ひらつか薬局中城店0茨城県常陸太田市中城町１３８・１４０合併－１２" }, "geometry": { "type": "Point", "coordinates": [ 140.522384, 36.54497 ] } },
{ "type": "Feature", "properties": { "ID": 851000003686, "正式名称": "和田薬局", "機関区分": 5, "都道府県コード": 8, "市区町村コード": 212, "所在地": "茨城県常陸太田市西二町２２０６", "緯度": 36.539384, "経度": 140.522918, "url": "https://www.iryou.teikyouseido.mhlw.go.jp/znk-web/juminkanja/S2430/initialize?prefCd=08&kikanCd=1000003686&kikanKbn=nan", "url2": null, "内容": "和田薬局0茨城県常陸太田市西二町２２０６" }, "geometry": { "type": "Point", "coordinates": [ 140.522918, 36.539384 ] } },
{ "type": "Feature", "properties": { "ID": 851000003688, "正式名称": "グリーン薬局", "機関区分": 5, "都道府県コード": 8, "市区町村コード": 202, "所在地": "茨城県日立市鮎川町１－２－２１", "緯度": 36.561101, "経度": 140.637085, "url": "https://www.iryou.teikyouseido.mhlw.go.jp/znk-web/juminkanja/S2430/initialize?prefCd=08&kikanCd=1000003688&kikanKbn=nan", "url2": "https://sante-g.com", "内容": "グリーン薬局0茨城県日立市鮎川町１－２－２１" }, "geometry": { "type": "Point", "coordinates": [ 140.637085, 36.561101 ] } },
{ "type": "Feature", "properties": { "ID": 851000003689, "正式名称": "フロンティア薬局日立店", "機関区分": 5, "都道府県コード": 8, "市区町村コード": 202, "所在地": "茨城県日立市助川町２－１４－５", "緯度": 36.591338, "経度": 140.644551, "url": "https://www.iryou.teikyouseido.mhlw.go.jp/znk-web/juminkanja/S2430/initialize?prefCd=08&kikanCd=1000003689&kikanKbn=nan", "url2": "http://www.frontier-ph.com/", "内容": "フロンティア薬局日立店0茨城県日立市助川町２－１４－５" }, "geometry": { "type": "Point", "coordinates": [ 140.644551, 36.591338 ] } },
{ "type": "Feature", "properties": { "ID": 851000003690, "正式名称": "有限会社セキネ薬局", "機関区分": 5, "都道府県コード": 8, "市区町村コード": 202, "所在地": "茨城県日立市千石町２ー１ー９", "緯度": 36.554358, "経度": 140.629475, "url": "https://www.iryou.teikyouseido.mhlw.go.jp/znk-web/juminkanja/S2430/initialize?prefCd=08&kikanCd=1000003690&kikanKbn=nan", "url2": "https://www.ekiten.jp/shop_1377331/", "内容": "有限会社セキネ薬局0茨城県日立市千石町２ー１ー９" }, "geometry": { "type": "Point", "coordinates": [ 140.629475, 36.554358 ] } },
{ "type": "Feature", "properties": { "ID": 851000003692, "正式名称": "有限会社　長山薬局", "機関区分": 5, "都道府県コード": 8, "市区町村コード": 202, "所在地": "茨城県日立市多賀町１－２－２", "緯度": 36.552719, "経度": 140.632331, "url": "https://www.iryou.teikyouseido.mhlw.go.jp/znk-web/juminkanja/S2430/initialize?prefCd=08&kikanCd=1000003692&kikanKbn=nan", "url2": null, "内容": "有限会社　長山薬局0茨城県日立市多賀町１－２－２" }, "geometry": { "type": "Point", "coordinates": [ 140.632331, 36.552719 ] } },
{ "type": "Feature", "properties": { "ID": 851000003693, "正式名称": "スズヤ薬局", "機関区分": 5, "都道府県コード": 8, "市区町村コード": 202, "所在地": "茨城県日立市弁天町１－１４－７", "緯度": 36.593159, "経度": 140.654704, "url": "https://www.iryou.teikyouseido.mhlw.go.jp/znk-web/juminkanja/S2430/initialize?prefCd=08&kikanCd=1000003693&kikanKbn=nan", "url2": null, "内容": "スズヤ薬局0茨城県日立市弁天町１－１４－７" }, "geometry": { "type": "Point", "coordinates": [ 140.654704, 36.593159 ] } },
{ "type": "Feature", "properties": { "ID": 851000003694, "正式名称": "永井薬局", "機関区分": 5, "都道府県コード": 8, "市区町村コード": 202, "所在地": "茨城県日立市東金沢町５－４－３０", "緯度": 36.538685, "経度": 140.625465, "url": "https://www.iryou.teikyouseido.mhlw.go.jp/znk-web/juminkanja/S2430/initialize?prefCd=08&kikanCd=1000003694&kikanKbn=nan", "url2": null, "内容": "永井薬局0茨城県日立市東金沢町５－４－３０" }, "geometry": { "type": "Point", "coordinates": [ 140.625465, 36.538685 ] } },
{ "type": "Feature", "properties": { "ID": 851000003698, "正式名称": "亀甲堂薬局", "機関区分": 5, "都道府県コード": 8, "市区町村コード": 202, "所在地": "茨城県日立市神峰町４－２－１", "緯度": 36.602062, "経度": 140.659146, "url": "https://www.iryou.teikyouseido.mhlw.go.jp/znk-web/juminkanja/S2430/initialize?prefCd=08&kikanCd=1000003698&kikanKbn=nan", "url2": "https://kikkoudo.jp", "内容": "亀甲堂薬局0茨城県日立市神峰町４－２－１" }, "geometry": { "type": "Point", "coordinates": [ 140.659146, 36.602062 ] } },
{ "type": "Feature", "properties": { "ID": 851000003700, "正式名称": "助川調剤", "機関区分": 5, "都道府県コード": 8, "市区町村コード": 202, "所在地": "茨城県日立市助川町１－８－１０", "緯度": 36.598308, "経度": 140.651626, "url": "https://www.iryou.teikyouseido.mhlw.go.jp/znk-web/juminkanja/S2430/initialize?prefCd=08&kikanCd=1000003700&kikanKbn=nan", "url2": null, "内容": "助川調剤0茨城県日立市助川町１－８－１０" }, "geometry": { "type": "Point", "coordinates": [ 140.651626, 36.598308 ] } },
{ "type": "Feature", "properties": { "ID": 851000003702, "正式名称": "ふかや薬局", "機関区分": 5, "都道府県コード": 8, "市区町村コード": 202, "所在地": "茨城県日立市東金沢町５－３－１７", "緯度": 36.539334, "経度": 140.626048, "url": "https://www.iryou.teikyouseido.mhlw.go.jp/znk-web/juminkanja/S2430/initialize?prefCd=08&kikanCd=1000003702&kikanKbn=nan", "url2": null, "内容": "ふかや薬局0茨城県日立市東金沢町５－３－１７" }, "geometry": { "type": "Point", "coordinates": [ 140.626048, 36.539334 ] } },
{ "type": "Feature", "properties": { "ID": 851000003706, "正式名称": "鳩ケ丘調剤薬局", "機関区分": 5, "都道府県コード": 8, "市区町村コード": 202, "所在地": "茨城県日立市助川町５－１－１１", "緯度": 36.59212, "経度": 140.643859, "url": "https://www.iryou.teikyouseido.mhlw.go.jp/znk-web/juminkanja/S2430/initialize?prefCd=08&kikanCd=1000003706&kikanKbn=nan", "url2": null, "内容": "鳩ケ丘調剤薬局0茨城県日立市助川町５－１－１１" }, "geometry": { "type": "Point", "coordinates": [ 140.643859, 36.59212 ] } },
{ "type": "Feature", "properties": { "ID": 851000003707, "正式名称": "川又薬局", "機関区分": 5, "都道府県コード": 8, "市区町村コード": 202, "所在地": "茨城県日立市神峰町３－５－７", "緯度": 36.602989, "経度": 140.654096, "url": "https://www.iryou.teikyouseido.mhlw.go.jp/znk-web/juminkanja/S2430/initialize?prefCd=08&kikanCd=1000003707&kikanKbn=nan", "url2": null, "内容": "川又薬局0茨城県日立市神峰町３－５－７" }, "geometry": { "type": "Point", "coordinates": [ 140.654096, 36.602989 ] } },
{ "type": "Feature", "properties": { "ID": 851000003708, "正式名称": "常陸薬局　多賀店", "機関区分": 5, "都道府県コード": 8, "市区町村コード": 202, "所在地": "茨城県日立市千石町２ー７ー７　ウイングビル内１０１号", "緯度": 36.554601, "経度": 140.626973, "url": "https://www.iryou.teikyouseido.mhlw.go.jp/znk-web/juminkanja/S2430/initialize?prefCd=08&kikanCd=1000003708&kikanKbn=nan", "url2": "https://www.e-classa.net/hitachiyakkyoku", "内容": "常陸薬局　多賀店0茨城県日立市千石町２ー７ー７　ウイングビル内１０１号" }, "geometry": { "type": "Point", "coordinates": [ 140.626973, 36.554601 ] } },
{ "type": "Feature", "properties": { "ID": 851000003711, "正式名称": "千石調剤薬局", "機関区分": 5, "都道府県コード": 8, "市区町村コード": 202, "所在地": "茨城県日立市千石町３－１１－２１鹿島マンション１０４", "緯度": 36.553865, "経度": 140.625074, "url": "https://www.iryou.teikyouseido.mhlw.go.jp/znk-web/juminkanja/S2430/initialize?prefCd=08&kikanCd=1000003711&kikanKbn=nan", "url2": null, "内容": "千石調剤薬局0茨城県日立市千石町３－１１－２１鹿島マンション１０４" }, "geometry": { "type": "Point", "coordinates": [ 140.625074, 36.553865 ] } },
{ "type": "Feature", "properties": { "ID": 851000003712, "正式名称": "大曽根薬局", "機関区分": 5, "都道府県コード": 8, "市区町村コード": 202, "所在地": "茨城県日立市鮎川町６－４－２３", "緯度": 36.56947, "経度": 140.635265, "url": "https://www.iryou.teikyouseido.mhlw.go.jp/znk-web/juminkanja/S2430/initialize?prefCd=08&kikanCd=1000003712&kikanKbn=nan", "url2": null, "内容": "大曽根薬局0茨城県日立市鮎川町６－４－２３" }, "geometry": { "type": "Point", "coordinates": [ 140.635265, 36.56947 ] } },
{ "type": "Feature", "properties": { "ID": 851000003713, "正式名称": "東金沢薬局", "機関区分": 5, "都道府県コード": 8, "市区町村コード": 202, "所在地": "茨城県日立市東金沢町５ー６ー１６", "緯度": 36.538311, "経度": 140.625325, "url": "https://www.iryou.teikyouseido.mhlw.go.jp/znk-web/juminkanja/S2430/initialize?prefCd=08&kikanCd=1000003713&kikanKbn=nan", "url2": null, "内容": "東金沢薬局0茨城県日立市東金沢町５ー６ー１６" }, "geometry": { "type": "Point", "coordinates": [ 140.625325, 36.538311 ] } },
{ "type": "Feature", "properties": { "ID": 851000003715, "正式名称": "あい薬局　成沢店", "機関区分": 5, "都道府県コード": 8, "市区町村コード": 202, "所在地": "茨城県日立市中成沢町２－２１－１", "緯度": 36.57823, "経度": 140.63731, "url": "https://www.iryou.teikyouseido.mhlw.go.jp/znk-web/juminkanja/S2430/initialize?prefCd=08&kikanCd=1000003715&kikanKbn=nan", "url2": "https://www.chcp.jp/", "内容": "あい薬局　成沢店0茨城県日立市中成沢町２－２１－１" }, "geometry": { "type": "Point", "coordinates": [ 140.63731, 36.57823 ] } },
{ "type": "Feature", "properties": { "ID": 851000003716, "正式名称": "カワチ薬局　鮎川店", "機関区分": 5, "都道府県コード": 8, "市区町村コード": 202, "所在地": "茨城県日立市鮎川町４－７－２１", "緯度": 36.568934, "経度": 140.641807, "url": "https://www.iryou.teikyouseido.mhlw.go.jp/znk-web/juminkanja/S2430/initialize?prefCd=08&kikanCd=1000003716&kikanKbn=nan", "url2": "https://www.cawachi.co.jp/", "内容": "カワチ薬局　鮎川店0茨城県日立市鮎川町４－７－２１" }, "geometry": { "type": "Point", "coordinates": [ 140.641807, 36.568934 ] } },
{ "type": "Feature", "properties": { "ID": 851000003720, "正式名称": "桜川薬局", "機関区分": 5, "都道府県コード": 8, "市区町村コード": 202, "所在地": "茨城県日立市桜川町２－２５－１７", "緯度": 36.559119, "経度": 140.628235, "url": "https://www.iryou.teikyouseido.mhlw.go.jp/znk-web/juminkanja/S2430/initialize?prefCd=08&kikanCd=1000003720&kikanKbn=nan", "url2": null, "内容": "桜川薬局0茨城県日立市桜川町２－２５－１７" }, "geometry": { "type": "Point", "coordinates": [ 140.628235, 36.559119 ] } },
{ "type": "Feature", "properties": { "ID": 851000003722, "正式名称": "サンドラッグ日立会瀬薬局", "機関区分": 5, "都道府県コード": 8, "市区町村コード": 202, "所在地": "茨城県日立市会瀬町４－１４－１", "緯度": 36.583301, "経度": 140.642709, "url": "https://www.iryou.teikyouseido.mhlw.go.jp/znk-web/juminkanja/S2430/initialize?prefCd=08&kikanCd=1000003722&kikanKbn=nan", "url2": "https://sundrug-online.com/blogs/search-store/4901", "内容": "サンドラッグ日立会瀬薬局0茨城県日立市会瀬町４－１４－１" }, "geometry": { "type": "Point", "coordinates": [ 140.642709, 36.583301 ] } },
{ "type": "Feature", "properties": { "ID": 851000003723, "正式名称": "あかね　薬局", "機関区分": 5, "都道府県コード": 8, "市区町村コード": 202, "所在地": "茨城県日立市桜川町１－１－１３", "緯度": 36.557179, "経度": 140.62833, "url": "https://www.iryou.teikyouseido.mhlw.go.jp/znk-web/juminkanja/S2430/initialize?prefCd=08&kikanCd=1000003723&kikanKbn=nan", "url2": null, "内容": "あかね　薬局0茨城県日立市桜川町１－１－１３" }, "geometry": { "type": "Point", "coordinates": [ 140.62833, 36.557179 ] } },
{ "type": "Feature", "properties": { "ID": 851000003724, "正式名称": "さくら薬局　日立店", "機関区分": 5, "都道府県コード": 8, "市区町村コード": 202, "所在地": "茨城県日立市城南町２ー１ー６", "緯度": 36.588894, "経度": 140.645769, "url": "https://www.iryou.teikyouseido.mhlw.go.jp/znk-web/juminkanja/S2430/initialize?prefCd=08&kikanCd=1000003724&kikanKbn=nan", "url2": "http://www.kraft-net.co.jp/sakura/", "内容": "さくら薬局　日立店0茨城県日立市城南町２ー１ー６" }, "geometry": { "type": "Point", "coordinates": [ 140.645769, 36.588894 ] } },
{ "type": "Feature", "properties": { "ID": 851000003726, "正式名称": "さくら薬局　日立駅前店", "機関区分": 5, "都道府県コード": 8, "市区町村コード": 202, "所在地": "茨城県日立市幸町１－７－７ニュークリニックス日立１０１号", "緯度": 36.592752, "経度": 140.657816, "url": "https://www.iryou.teikyouseido.mhlw.go.jp/znk-web/juminkanja/S2430/initialize?prefCd=08&kikanCd=1000003726&kikanKbn=nan", "url2": "https://www.kraft-net.co.jp/sakura/store/3206/", "内容": "さくら薬局　日立駅前店0茨城県日立市幸町１－７－７ニュークリニックス日立１０１号" }, "geometry": { "type": "Point", "coordinates": [ 140.657816, 36.592752 ] } },
{ "type": "Feature", "properties": { "ID": 851000003727, "正式名称": "さくら薬局　日立若葉町店", "機関区分": 5, "都道府県コード": 8, "市区町村コード": 202, "所在地": "茨城県日立市若葉町３－１－３", "緯度": 36.597778, "経度": 140.664444, "url": "https://www.iryou.teikyouseido.mhlw.go.jp/znk-web/juminkanja/S2430/initialize?prefCd=08&kikanCd=1000003727&kikanKbn=nan", "url2": "http://www.kraft-ne.co.jp/sakura/store/3398/", "内容": "さくら薬局　日立若葉町店0茨城県日立市若葉町３－１－３" }, "geometry": { "type": "Point", "coordinates": [ 140.664444, 36.597778 ] } },
{ "type": "Feature", "properties": { "ID": 851000003728, "正式名称": "さくら薬局　日立会瀬店", "機関区分": 5, "都道府県コード": 8, "市区町村コード": 202, "所在地": "茨城県日立市会瀬町３－２６－１１", "緯度": 36.582322, "経度": 140.641389, "url": "https://www.iryou.teikyouseido.mhlw.go.jp/znk-web/juminkanja/S2430/initialize?prefCd=08&kikanCd=1000003728&kikanKbn=nan", "url2": "https://www.kraft-net.co.jp/sakura/store/3297/", "内容": "さくら薬局　日立会瀬店0茨城県日立市会瀬町３－２６－１１" }, "geometry": { "type": "Point", "coordinates": [ 140.641389, 36.582322 ] } },
{ "type": "Feature", "properties": { "ID": 851000003729, "正式名称": "さくら薬局　日立本宮店", "機関区分": 5, "都道府県コード": 8, "市区町村コード": 202, "所在地": "茨城県日立市本宮町２－７－２", "緯度": 36.601567, "経度": 140.66207, "url": "https://www.iryou.teikyouseido.mhlw.go.jp/znk-web/juminkanja/S2430/initialize?prefCd=08&kikanCd=1000003729&kikanKbn=nan", "url2": "https://www.kraft-net.co.jp/sakura/store/4198/", "内容": "さくら薬局　日立本宮店0茨城県日立市本宮町２－７－２" }, "geometry": { "type": "Point", "coordinates": [ 140.66207, 36.601567 ] } },
{ "type": "Feature", "properties": { "ID": 851000003730, "正式名称": "よつば薬局", "機関区分": 5, "都道府県コード": 8, "市区町村コード": 202, "所在地": "茨城県日立市金沢町３－１７－２", "緯度": 36.541172, "経度": 140.618703, "url": "https://www.iryou.teikyouseido.mhlw.go.jp/znk-web/juminkanja/S2430/initialize?prefCd=08&kikanCd=1000003730&kikanKbn=nan", "url2": "http://four-leaves-pharmacy.com/", "内容": "よつば薬局0茨城県日立市金沢町３－１７－２" }, "geometry": { "type": "Point", "coordinates": [ 140.618703, 36.541172 ] } },
{ "type": "Feature", "properties": { "ID": 851000003731, "正式名称": "日立クローバー薬局", "機関区分": 5, "都道府県コード": 8, "市区町村コード": 202, "所在地": "茨城県日立市桜川町３－１０－６", "緯度": 36.564122, "経度": 140.631886, "url": "https://www.iryou.teikyouseido.mhlw.go.jp/znk-web/juminkanja/S2430/initialize?prefCd=08&kikanCd=1000003731&kikanKbn=nan", "url2": null, "内容": "日立クローバー薬局0茨城県日立市桜川町３－１０－６" }, "geometry": { "type": "Point", "coordinates": [ 140.631886, 36.564122 ] } },
{ "type": "Feature", "properties": { "ID": 851000003732, "正式名称": "株式会社くすりのマルト調剤薬局　鮎川店", "機関区分": 5, "都道府県コード": 8, "市区町村コード": 202, "所在地": "茨城県日立市鮎川町３－１－１", "緯度": 36.564318, "経度": 140.640295, "url": "https://www.iryou.teikyouseido.mhlw.go.jp/znk-web/juminkanja/S2430/initialize?prefCd=08&kikanCd=1000003732&kikanKbn=nan", "url2": "http://www.drug-maruto.co.jp/", "内容": "株式会社くすりのマルト調剤薬局　鮎川店0茨城県日立市鮎川町３－１－１" }, "geometry": { "type": "Point", "coordinates": [ 140.640295, 36.564318 ] } },
{ "type": "Feature", "properties": { "ID": 851000003733, "正式名称": "あおぞら薬局　金沢店", "機関区分": 5, "都道府県コード": 8, "市区町村コード": 202, "所在地": "茨城県日立市金沢町４－２４－１５", "緯度": 36.538919, "経度": 140.619939, "url": "https://www.iryou.teikyouseido.mhlw.go.jp/znk-web/juminkanja/S2430/initialize?prefCd=08&kikanCd=1000003733&kikanKbn=nan", "url2": "https://www.qol-net.co.jp/", "内容": "あおぞら薬局　金沢店0茨城県日立市金沢町４－２４－１５" }, "geometry": { "type": "Point", "coordinates": [ 140.619939, 36.538919 ] } },
{ "type": "Feature", "properties": { "ID": 851000003734, "正式名称": "おせ薬局", "機関区分": 5, "都道府県コード": 8, "市区町村コード": 225, "所在地": "茨城県常陸大宮市上小瀬１４２５", "緯度": 36.602767, "経度": 140.326018, "url": "https://www.iryou.teikyouseido.mhlw.go.jp/znk-web/juminkanja/S2430/initialize?prefCd=08&kikanCd=1000003734&kikanKbn=nan", "url2": null, "内容": "おせ薬局0茨城県常陸大宮市上小瀬１４２５" }, "geometry": { "type": "Point", "coordinates": [ 140.326018, 36.602767 ] } },
{ "type": "Feature", "properties": { "ID": 851000003735, "正式名称": "クローバー薬局　美和", "機関区分": 5, "都道府県コード": 8, "市区町村コード": 225, "所在地": "茨城県常陸大宮市高部５２８１－５", "緯度": 36.663161, "経度": 140.30002, "url": "https://www.iryou.teikyouseido.mhlw.go.jp/znk-web/juminkanja/S2430/initialize?prefCd=08&kikanCd=1000003735&kikanKbn=nan", "url2": null, "内容": "クローバー薬局　美和0茨城県常陸大宮市高部５２８１－５" }, "geometry": { "type": "Point", "coordinates": [ 140.30002, 36.663161 ] } },
{ "type": "Feature", "properties": { "ID": 851000003736, "正式名称": "オリエント薬局山方店", "機関区分": 5, "都道府県コード": 8, "市区町村コード": 225, "所在地": "茨城県常陸大宮市山方９４５－１", "緯度": 36.624208, "経度": 140.401865, "url": "https://www.iryou.teikyouseido.mhlw.go.jp/znk-web/juminkanja/S2430/initialize?prefCd=08&kikanCd=1000003736&kikanKbn=nan", "url2": "http://www.ainj.co.jp/", "内容": "オリエント薬局山方店0茨城県常陸大宮市山方９４５－１" }, "geometry": { "type": "Point", "coordinates": [ 140.401865, 36.624208 ] } },
{ "type": "Feature", "properties": { "ID": 851000003743, "正式名称": "齋藤薬局", "機関区分": 5, "都道府県コード": 8, "市区町村コード": 202, "所在地": "茨城県日立市川尻町１－２１－９", "緯度": 36.654003, "経度": 140.699193, "url": "https://www.iryou.teikyouseido.mhlw.go.jp/znk-web/juminkanja/S2430/initialize?prefCd=08&kikanCd=1000003743&kikanKbn=nan", "url2": null, "内容": "齋藤薬局0茨城県日立市川尻町１－２１－９" }, "geometry": { "type": "Point", "coordinates": [ 140.699193, 36.654003 ] } },
{ "type": "Feature", "properties": { "ID": 851000003744, "正式名称": "クオール薬局日立田尻店", "機関区分": 5, "都道府県コード": 8, "市区町村コード": 202, "所在地": "茨城県日立市田尻町４丁目４９番１６号", "緯度": 36.622543, "経度": 140.677468, "url": "https://www.iryou.teikyouseido.mhlw.go.jp/znk-web/juminkanja/S2430/initialize?prefCd=08&kikanCd=1000003744&kikanKbn=nan", "url2": "https://www.qol-net.co.jp/", "内容": "クオール薬局日立田尻店0茨城県日立市田尻町４丁目４９番１６号" }, "geometry": { "type": "Point", "coordinates": [ 140.677468, 36.622543 ] } },
{ "type": "Feature", "properties": { "ID": 851000003745, "正式名称": "十王薬局", "機関区分": 5, "都道府県コード": 8, "市区町村コード": 202, "所在地": "茨城県日立市十王町友部東１－２－１", "緯度": 36.672152, "経度": 140.68702, "url": "https://www.iryou.teikyouseido.mhlw.go.jp/znk-web/juminkanja/S2430/initialize?prefCd=08&kikanCd=1000003745&kikanKbn=nan", "url2": null, "内容": "十王薬局0茨城県日立市十王町友部東１－２－１" }, "geometry": { "type": "Point", "coordinates": [ 140.68702, 36.672152 ] } },
{ "type": "Feature", "properties": { "ID": 851000003746, "正式名称": "カワチ薬局　田尻店", "機関区分": 5, "都道府県コード": 8, "市区町村コード": 202, "所在地": "茨城県日立市田尻町４－３６－６", "緯度": 36.624212, "経度": 140.680044, "url": "https://www.iryou.teikyouseido.mhlw.go.jp/znk-web/juminkanja/S2430/initialize?prefCd=08&kikanCd=1000003746&kikanKbn=nan", "url2": "https://www.cawachi.co.jp/", "内容": "カワチ薬局　田尻店0茨城県日立市田尻町４－３６－６" }, "geometry": { "type": "Point", "coordinates": [ 140.680044, 36.624212 ] } },
{ "type": "Feature", "properties": { "ID": 851000003748, "正式名称": "あい薬局　川尻店", "機関区分": 5, "都道府県コード": 8, "市区町村コード": 202, "所在地": "茨城県日立市川尻町５－２９－７", "緯度": 36.661404, "経度": 140.69131, "url": "https://www.iryou.teikyouseido.mhlw.go.jp/znk-web/juminkanja/S2430/initialize?prefCd=08&kikanCd=1000003748&kikanKbn=nan", "url2": "https://www.chcp.jp", "内容": "あい薬局　川尻店0茨城県日立市川尻町５－２９－７" }, "geometry": { "type": "Point", "coordinates": [ 140.69131, 36.661404 ] } },
{ "type": "Feature", "properties": { "ID": 851000003749, "正式名称": "アイン薬局日立田尻店", "機関区分": 5, "都道府県コード": 8, "市区町村コード": 202, "所在地": "茨城県日立市田尻町３丁目２３－５", "緯度": 36.627391, "経度": 140.672811, "url": "https://www.iryou.teikyouseido.mhlw.go.jp/znk-web/juminkanja/S2430/initialize?prefCd=08&kikanCd=1000003749&kikanKbn=nan", "url2": "http://www.ainj.co.jp", "内容": "アイン薬局日立田尻店0茨城県日立市田尻町３丁目２３－５" }, "geometry": { "type": "Point", "coordinates": [ 140.672811, 36.627391 ] } },
{ "type": "Feature", "properties": { "ID": 851000003750, "正式名称": "アイセイ薬局　東滑川店", "機関区分": 5, "都道府県コード": 8, "市区町村コード": 202, "所在地": "茨城県日立市東滑川町１－３８－１６", "緯度": 36.606756, "経度": 140.669345, "url": "https://www.iryou.teikyouseido.mhlw.go.jp/znk-web/juminkanja/S2430/initialize?prefCd=08&kikanCd=1000003750&kikanKbn=nan", "url2": "http://www.aisei.co.jp", "内容": "アイセイ薬局　東滑川店0茨城県日立市東滑川町１－３８－１６" }, "geometry": { "type": "Point", "coordinates": [ 140.669345, 36.606756 ] } },
{ "type": "Feature", "properties": { "ID": 851000003751, "正式名称": "アイセイ薬局　日立北店", "機関区分": 5, "都道府県コード": 8, "市区町村コード": 202, "所在地": "茨城県日立市十王町友部東２－５－２５", "緯度": 36.669902, "経度": 140.686977, "url": "https://www.iryou.teikyouseido.mhlw.go.jp/znk-web/juminkanja/S2430/initialize?prefCd=08&kikanCd=1000003751&kikanKbn=nan", "url2": "http://www.aisei.co.jp/", "内容": "アイセイ薬局　日立北店0茨城県日立市十王町友部東２－５－２５" }, "geometry": { "type": "Point", "coordinates": [ 140.686977, 36.669902 ] } },
{ "type": "Feature", "properties": { "ID": 851000003753, "正式名称": "アイセイ薬局　日高店", "機関区分": 5, "都道府県コード": 8, "市区町村コード": 202, "所在地": "茨城県日立市日高町３－８－４", "緯度": 36.638249, "経度": 140.685959, "url": "https://www.iryou.teikyouseido.mhlw.go.jp/znk-web/juminkanja/S2430/initialize?prefCd=08&kikanCd=1000003753&kikanKbn=nan", "url2": "http://www.aisei.co.jp/", "内容": "アイセイ薬局　日高店0茨城県日立市日高町３－８－４" }, "geometry": { "type": "Point", "coordinates": [ 140.685959, 36.638249 ] } },
{ "type": "Feature", "properties": { "ID": 851000003754, "正式名称": "コスモファーマ薬局　川尻店", "機関区分": 5, "都道府県コード": 8, "市区町村コード": 202, "所在地": "茨城県日立市川尻町３－１９－１２", "緯度": 36.655556, "経度": 140.71, "url": "https://www.iryou.teikyouseido.mhlw.go.jp/znk-web/juminkanja/S2430/initialize?prefCd=08&kikanCd=1000003754&kikanKbn=nan", "url2": "http://www.cosmo-ph.co.jp/", "内容": "コスモファーマ薬局　川尻店0茨城県日立市川尻町３－１９－１２" }, "geometry": { "type": "Point", "coordinates": [ 140.71, 36.655556 ] } },
{ "type": "Feature", "properties": { "ID": 851000003756, "正式名称": "いぶき台薬局", "機関区分": 5, "都道府県コード": 8, "市区町村コード": 202, "所在地": "茨城県日立市十王町伊師３８８６－７", "緯度": 36.6945, "経度": 140.709462, "url": "https://www.iryou.teikyouseido.mhlw.go.jp/znk-web/juminkanja/S2430/initialize?prefCd=08&kikanCd=1000003756&kikanKbn=nan", "url2": null, "内容": "いぶき台薬局0茨城県日立市十王町伊師３８８６－７" }, "geometry": { "type": "Point", "coordinates": [ 140.709462, 36.6945 ] } },
{ "type": "Feature", "properties": { "ID": 851000003760, "正式名称": "あい薬局　荒崎店", "機関区分": 5, "都道府県コード": 8, "市区町村コード": 214, "所在地": "茨城県高萩市高戸３８２－２", "緯度": 36.726216, "経度": 140.717684, "url": "https://www.iryou.teikyouseido.mhlw.go.jp/znk-web/juminkanja/S2430/initialize?prefCd=08&kikanCd=1000003760&kikanKbn=nan", "url2": null, "内容": "あい薬局　荒崎店0茨城県高萩市高戸３８２－２" }, "geometry": { "type": "Point", "coordinates": [ 140.717684, 36.726216 ] } },
{ "type": "Feature", "properties": { "ID": 851000003761, "正式名称": "吉田　薬局", "機関区分": 5, "都道府県コード": 8, "市区町村コード": 214, "所在地": "茨城県高萩市本町１－１７", "緯度": 36.713881, "経度": 140.712468, "url": "https://www.iryou.teikyouseido.mhlw.go.jp/znk-web/juminkanja/S2430/initialize?prefCd=08&kikanCd=1000003761&kikanKbn=nan", "url2": null, "内容": "吉田　薬局0茨城県高萩市本町１－１７" }, "geometry": { "type": "Point", "coordinates": [ 140.712468, 36.713881 ] } },
{ "type": "Feature", "properties": { "ID": 851000003763, "正式名称": "キューブ薬局", "機関区分": 5, "都道府県コード": 8, "市区町村コード": 214, "所在地": "茨城県高萩市大和町３－１２", "緯度": 36.711975, "経度": 140.7137, "url": "https://www.iryou.teikyouseido.mhlw.go.jp/znk-web/juminkanja/S2430/initialize?prefCd=08&kikanCd=1000003763&kikanKbn=nan", "url2": null, "内容": "キューブ薬局0茨城県高萩市大和町３－１２" }, "geometry": { "type": "Point", "coordinates": [ 140.7137, 36.711975 ] } },
{ "type": "Feature", "properties": { "ID": 851000003764, "正式名称": "大高　薬局", "機関区分": 5, "都道府県コード": 8, "市区町村コード": 214, "所在地": "茨城県高萩市大和町２－９８－２", "緯度": 36.713937, "経度": 140.714182, "url": "https://www.iryou.teikyouseido.mhlw.go.jp/znk-web/juminkanja/S2430/initialize?prefCd=08&kikanCd=1000003764&kikanKbn=nan", "url2": null, "内容": "大高　薬局0茨城県高萩市大和町２－９８－２" }, "geometry": { "type": "Point", "coordinates": [ 140.714182, 36.713937 ] } },
{ "type": "Feature", "properties": { "ID": 851000003765, "正式名称": "ひまわり薬局", "機関区分": 5, "都道府県コード": 8, "市区町村コード": 214, "所在地": "茨城県高萩市上手綱４９３－１", "緯度": 36.730104, "経度": 140.695202, "url": "https://www.iryou.teikyouseido.mhlw.go.jp/znk-web/juminkanja/S2430/initialize?prefCd=08&kikanCd=1000003765&kikanKbn=nan", "url2": null, "内容": "ひまわり薬局0茨城県高萩市上手綱４９３－１" }, "geometry": { "type": "Point", "coordinates": [ 140.695202, 36.730104 ] } },
{ "type": "Feature", "properties": { "ID": 851000003766, "正式名称": "白木屋薬局", "機関区分": 5, "都道府県コード": 8, "市区町村コード": 214, "所在地": "茨城県高萩市本町２－８８－４", "緯度": 36.715758, "経度": 140.709948, "url": "https://www.iryou.teikyouseido.mhlw.go.jp/znk-web/juminkanja/S2430/initialize?prefCd=08&kikanCd=1000003766&kikanKbn=nan", "url2": null, "内容": "白木屋薬局0茨城県高萩市本町２－８８－４" }, "geometry": { "type": "Point", "coordinates": [ 140.709948, 36.715758 ] } },
{ "type": "Feature", "properties": { "ID": 851000003767, "正式名称": "ひかり薬局", "機関区分": 5, "都道府県コード": 8, "市区町村コード": 214, "所在地": "茨城県高萩市東本町３－３２－３", "緯度": 36.716737, "経度": 140.719778, "url": "https://www.iryou.teikyouseido.mhlw.go.jp/znk-web/juminkanja/S2430/initialize?prefCd=08&kikanCd=1000003767&kikanKbn=nan", "url2": null, "内容": "ひかり薬局0茨城県高萩市東本町３－３２－３" }, "geometry": { "type": "Point", "coordinates": [ 140.719778, 36.716737 ] } },
{ "type": "Feature", "properties": { "ID": 851000003768, "正式名称": "小豆畑薬局", "機関区分": 5, "都道府県コード": 8, "市区町村コード": 214, "所在地": "茨城県高萩市大和町４－１４", "緯度": 36.711767, "経度": 140.715403, "url": "https://www.iryou.teikyouseido.mhlw.go.jp/znk-web/juminkanja/S2430/initialize?prefCd=08&kikanCd=1000003768&kikanKbn=nan", "url2": null, "内容": "小豆畑薬局0茨城県高萩市大和町４－１４" }, "geometry": { "type": "Point", "coordinates": [ 140.715403, 36.711767 ] } },
{ "type": "Feature", "properties": { "ID": 851000003769, "正式名称": "さくら薬局　高萩店", "機関区分": 5, "都道府県コード": 8, "市区町村コード": 214, "所在地": "茨城県高萩市大字上手綱字上ヶ穂町１００６－１６", "緯度": 36.732916, "経度": 140.685553, "url": "https://www.iryou.teikyouseido.mhlw.go.jp/znk-web/juminkanja/S2430/initialize?prefCd=08&kikanCd=1000003769&kikanKbn=nan", "url2": "https://www.kraft-net.co.jp/sakura/store/3399/", "内容": "さくら薬局　高萩店0茨城県高萩市大字上手綱字上ヶ穂町１００６－１６" }, "geometry": { "type": "Point", "coordinates": [ 140.685553, 36.732916 ] } },
{ "type": "Feature", "properties": { "ID": 851000003770, "正式名称": "ひたちともべ薬局", "機関区分": 5, "都道府県コード": 8, "市区町村コード": 202, "所在地": "茨城県日立市十王町友部１６００ー１", "緯度": 36.67596, "経度": 140.683122, "url": "https://www.iryou.teikyouseido.mhlw.go.jp/znk-web/juminkanja/S2430/initialize?prefCd=08&kikanCd=1000003770&kikanKbn=nan", "url2": null, "内容": "ひたちともべ薬局0茨城県日立市十王町友部１６００ー１" }, "geometry": { "type": "Point", "coordinates": [ 140.683122, 36.67596 ] } },
{ "type": "Feature", "properties": { "ID": 851000003772, "正式名称": "アイセイ薬局　高萩店", "機関区分": 5, "都道府県コード": 8, "市区町村コード": 214, "所在地": "茨城県高萩市大和町２丁目４番", "緯度": 36.71341, "経度": 140.714436, "url": "https://www.iryou.teikyouseido.mhlw.go.jp/znk-web/juminkanja/S2430/initialize?prefCd=08&kikanCd=1000003772&kikanKbn=nan", "url2": "http://www.aisei.co.jp/", "内容": "アイセイ薬局　高萩店0茨城県高萩市大和町２丁目４番" }, "geometry": { "type": "Point", "coordinates": [ 140.714436, 36.71341 ] } },
{ "type": "Feature", "properties": { "ID": 851000003773, "正式名称": "アイセイ薬局　安良川店", "機関区分": 5, "都道府県コード": 8, "市区町村コード": 214, "所在地": "茨城県高萩市安良川１５６－１", "緯度": 36.707994, "経度": 140.710584, "url": "https://www.iryou.teikyouseido.mhlw.go.jp/znk-web/juminkanja/S2430/initialize?prefCd=08&kikanCd=1000003773&kikanKbn=nan", "url2": "http://www.aisei.co.jp/", "内容": "アイセイ薬局　安良川店0茨城県高萩市安良川１５６－１" }, "geometry": { "type": "Point", "coordinates": [ 140.710584, 36.707994 ] } },
{ "type": "Feature", "properties": { "ID": 851000003775, "正式名称": "フジタ薬局", "機関区分": 5, "都道府県コード": 8, "市区町村コード": 364, "所在地": "茨城県久慈郡大子町大子７１２", "緯度": 36.771151, "経度": 140.352143, "url": "https://www.iryou.teikyouseido.mhlw.go.jp/znk-web/juminkanja/S2430/initialize?prefCd=08&kikanCd=1000003775&kikanKbn=nan", "url2": null, "内容": "フジタ薬局0茨城県久慈郡大子町大子７１２" }, "geometry": { "type": "Point", "coordinates": [ 140.352143, 36.771151 ] } },
{ "type": "Feature", "properties": { "ID": 851000003778, "正式名称": "アイン薬局だいご店", "機関区分": 5, "都道府県コード": 8, "市区町村コード": 364, "所在地": "茨城県久慈郡大子町大子８２２－１", "緯度": 36.769887, "経度": 140.354973, "url": "https://www.iryou.teikyouseido.mhlw.go.jp/znk-web/juminkanja/S2430/initialize?prefCd=08&kikanCd=1000003778&kikanKbn=nan", "url2": "https://www.ainj.co.jp/", "内容": "アイン薬局だいご店0茨城県久慈郡大子町大子８２２－１" }, "geometry": { "type": "Point", "coordinates": [ 140.354973, 36.769887 ] } },
{ "type": "Feature", "properties": { "ID": 851000003779, "正式名称": "アイセイ薬局　大子店", "機関区分": 5, "都道府県コード": 8, "市区町村コード": 364, "所在地": "茨城県久慈郡大子町大子瀬戸田８２０－１", "緯度": 36.769947, "経度": 140.355122, "url": "https://www.iryou.teikyouseido.mhlw.go.jp/znk-web/juminkanja/S2430/initialize?prefCd=08&kikanCd=1000003779&kikanKbn=nan", "url2": "http://www.aisei.co.jp", "内容": "アイセイ薬局　大子店0茨城県久慈郡大子町大子瀬戸田８２０－１" }, "geometry": { "type": "Point", "coordinates": [ 140.355122, 36.769947 ] } },
{ "type": "Feature", "properties": { "ID": 851000003780, "正式名称": "西野自然堂薬局", "機関区分": 5, "都道府県コード": 8, "市区町村コード": 215, "所在地": "茨城県北茨城市磯原町木皿１１０８－１", "緯度": 36.792037, "経度": 140.716915, "url": "https://www.iryou.teikyouseido.mhlw.go.jp/znk-web/juminkanja/S2430/initialize?prefCd=08&kikanCd=1000003780&kikanKbn=nan", "url2": null, "内容": "西野自然堂薬局0茨城県北茨城市磯原町木皿１１０８－１" }, "geometry": { "type": "Point", "coordinates": [ 140.716915, 36.792037 ] } },
{ "type": "Feature", "properties": { "ID": 851000003781, "正式名称": "アイン薬局　北茨城中郷店", "機関区分": 5, "都道府県コード": 8, "市区町村コード": 215, "所在地": "茨城県北茨城市中郷町上桜井２５３５", "緯度": 36.777436, "経度": 140.727496, "url": "https://www.iryou.teikyouseido.mhlw.go.jp/znk-web/juminkanja/S2430/initialize?prefCd=08&kikanCd=1000003781&kikanKbn=nan", "url2": "http://www.ainj.co.jp/", "内容": "アイン薬局　北茨城中郷店0茨城県北茨城市中郷町上桜井２５３５" }, "geometry": { "type": "Point", "coordinates": [ 140.727496, 36.777436 ] } },
{ "type": "Feature", "properties": { "ID": 851000003782, "正式名称": "キリン堂薬局", "機関区分": 5, "都道府県コード": 8, "市区町村コード": 215, "所在地": "茨城県北茨城市磯原町磯原４－１１２－１", "緯度": 36.795079, "経度": 140.740529, "url": "https://www.iryou.teikyouseido.mhlw.go.jp/znk-web/juminkanja/S2430/initialize?prefCd=08&kikanCd=1000003782&kikanKbn=nan", "url2": "https://jp-group.co.jp/store/110/", "内容": "キリン堂薬局0茨城県北茨城市磯原町磯原４－１１２－１" }, "geometry": { "type": "Point", "coordinates": [ 140.740529, 36.795079 ] } },
{ "type": "Feature", "properties": { "ID": 851000003785, "正式名称": "西野自然堂薬局　中郷店", "機関区分": 5, "都道府県コード": 8, "市区町村コード": 215, "所在地": "茨城県北茨城市中郷町上桜井１５４９－１", "緯度": 36.774385, "経度": 140.733542, "url": "https://www.iryou.teikyouseido.mhlw.go.jp/znk-web/juminkanja/S2430/initialize?prefCd=08&kikanCd=1000003785&kikanKbn=nan", "url2": null, "内容": "西野自然堂薬局　中郷店0茨城県北茨城市中郷町上桜井１５４９－１" }, "geometry": { "type": "Point", "coordinates": [ 140.733542, 36.774385 ] } },
{ "type": "Feature", "properties": { "ID": 851000003787, "正式名称": "パール薬局", "機関区分": 5, "都道府県コード": 8, "市区町村コード": 215, "所在地": "茨城県北茨城市磯原町磯原１－２６５－２", "緯度": 36.791523, "経度": 140.745335, "url": "https://www.iryou.teikyouseido.mhlw.go.jp/znk-web/juminkanja/S2430/initialize?prefCd=08&kikanCd=1000003787&kikanKbn=nan", "url2": null, "内容": "パール薬局0茨城県北茨城市磯原町磯原１－２６５－２" }, "geometry": { "type": "Point", "coordinates": [ 140.745335, 36.791523 ] } },
{ "type": "Feature", "properties": { "ID": 851000003788, "正式名称": "アイン薬局　北茨城磯原店", "機関区分": 5, "都道府県コード": 8, "市区町村コード": 215, "所在地": "茨城県北茨城市磯原町磯原２－２９１", "緯度": 36.790251, "経度": 140.740303, "url": "https://www.iryou.teikyouseido.mhlw.go.jp/znk-web/juminkanja/S2430/initialize?prefCd=08&kikanCd=1000003788&kikanKbn=nan", "url2": "http://www.ainj.co.jp", "内容": "アイン薬局　北茨城磯原店0茨城県北茨城市磯原町磯原２－２９１" }, "geometry": { "type": "Point", "coordinates": [ 140.740303, 36.790251 ] } },
{ "type": "Feature", "properties": { "ID": 851000003789, "正式名称": "調剤薬局　ツルハドラッグ　北茨城店", "機関区分": 5, "都道府県コード": 8, "市区町村コード": 215, "所在地": "茨城県北茨城市中郷町上桜井字細谷２８３０番地", "緯度": 36.775794, "経度": 140.732072, "url": "https://www.iryou.teikyouseido.mhlw.go.jp/znk-web/juminkanja/S2430/initialize?prefCd=08&kikanCd=1000003789&kikanKbn=nan", "url2": "http://www.tsuruha.co.jp/", "内容": "調剤薬局　ツルハドラッグ　北茨城店0茨城県北茨城市中郷町上桜井字細谷２８３０番地" }, "geometry": { "type": "Point", "coordinates": [ 140.732072, 36.775794 ] } },
{ "type": "Feature", "properties": { "ID": 851000003790, "正式名称": "株式会社くすりのマルト調剤薬局磯原店", "機関区分": 5, "都道府県コード": 8, "市区町村コード": 215, "所在地": "茨城県北茨城市磯原町磯原２－１８０", "緯度": 36.791192, "経度": 140.741853, "url": "https://www.iryou.teikyouseido.mhlw.go.jp/znk-web/juminkanja/S2430/initialize?prefCd=08&kikanCd=1000003790&kikanKbn=nan", "url2": "https://drug-maruto.jp/", "内容": "株式会社くすりのマルト調剤薬局磯原店0茨城県北茨城市磯原町磯原２－１８０" }, "geometry": { "type": "Point", "coordinates": [ 140.741853, 36.791192 ] } },
{ "type": "Feature", "properties": { "ID": 851000003793, "正式名称": "やぶき薬局　大津店", "機関区分": 5, "都道府県コード": 8, "市区町村コード": 215, "所在地": "茨城県北茨城市大津町北町１－３－１０", "緯度": 36.848091, "経度": 140.77958, "url": "https://www.iryou.teikyouseido.mhlw.go.jp/znk-web/juminkanja/S2430/initialize?prefCd=08&kikanCd=1000003793&kikanKbn=nan", "url2": null, "内容": "やぶき薬局　大津店0茨城県北茨城市大津町北町１－３－１０" }, "geometry": { "type": "Point", "coordinates": [ 140.77958, 36.848091 ] } },
{ "type": "Feature", "properties": { "ID": 851000003798, "正式名称": "アイン薬局　常陸大宮店", "機関区分": 5, "都道府県コード": 8, "市区町村コード": 225, "所在地": "茨城県常陸大宮市宇留野３０９０－５", "緯度": 36.543954, "経度": 140.419976, "url": "https://www.iryou.teikyouseido.mhlw.go.jp/znk-web/juminkanja/S2430/initialize?prefCd=08&kikanCd=1000003798&kikanKbn=nan", "url2": "http://www.ainj.co.jp/", "内容": "アイン薬局　常陸大宮店0茨城県常陸大宮市宇留野３０９０－５" }, "geometry": { "type": "Point", "coordinates": [ 140.419976, 36.543954 ] } },
{ "type": "Feature", "properties": { "ID": 851000003800, "正式名称": "さくらい薬局　つくば春日店", "機関区分": 5, "都道府県コード": 8, "市区町村コード": 220, "所在地": "茨城県つくば市春日３－１２－１", "緯度": 36.093891, "経度": 140.097933, "url": "https://www.iryou.teikyouseido.mhlw.go.jp/znk-web/juminkanja/S2430/initialize?prefCd=08&kikanCd=1000003800&kikanKbn=nan", "url2": "http://www.sakurai-yakkyoku.com/", "内容": "さくらい薬局　つくば春日店0茨城県つくば市春日３－１２－１" }, "geometry": { "type": "Point", "coordinates": [ 140.097933, 36.093891 ] } },
{ "type": "Feature", "properties": { "ID": 851000003801, "正式名称": "イオン薬局つくばウエストコート店", "機関区分": 5, "都道府県コード": 8, "市区町村コード": 220, "所在地": "茨城県つくば市稲岡６６－１　イオンモールつくば１Ｆ", "緯度": 36.030833, "経度": 140.135, "url": "https://www.iryou.teikyouseido.mhlw.go.jp/znk-web/juminkanja/S2430/initialize?prefCd=08&kikanCd=1000003801&kikanKbn=nan", "url2": null, "内容": "イオン薬局つくばウエストコート店0茨城県つくば市稲岡６６－１　イオンモールつくば１Ｆ" }, "geometry": { "type": "Point", "coordinates": [ 140.135, 36.030833 ] } },
{ "type": "Feature", "properties": { "ID": 851000003802, "正式名称": "イオン薬局つくば店", "機関区分": 5, "都道府県コード": 8, "市区町村コード": 220, "所在地": "茨城県つくば市稲岡６６－１　イオンつくば店１Ｆ", "緯度": 36.032222, "経度": 140.1375, "url": "https://www.iryou.teikyouseido.mhlw.go.jp/znk-web/juminkanja/S2430/initialize?prefCd=08&kikanCd=1000003802&kikanKbn=nan", "url2": null, "内容": "イオン薬局つくば店0茨城県つくば市稲岡６６－１　イオンつくば店１Ｆ" }, "geometry": { "type": "Point", "coordinates": [ 140.1375, 36.032222 ] } },
{ "type": "Feature", "properties": { "ID": 851000003803, "正式名称": "ウエルシア薬局　ひたちなか佐和店", "機関区分": 5, "都道府県コード": 8, "市区町村コード": 221, "所在地": "茨城県ひたちなか市高場　１－２２－６", "緯度": 36.428238, "経度": 140.536656, "url": "https://www.iryou.teikyouseido.mhlw.go.jp/znk-web/juminkanja/S2430/initialize?prefCd=08&kikanCd=1000003803&kikanKbn=nan", "url2": "http://www.welcia-yakkyoku.co.jp/", "内容": "ウエルシア薬局　ひたちなか佐和店0茨城県ひたちなか市高場　１－２２－６" }, "geometry": { "type": "Point", "coordinates": [ 140.536656, 36.428238 ] } },
{ "type": "Feature", "properties": { "ID": 851000003804, "正式名称": "ウエルシア薬局ひたちなか田彦店", "機関区分": 5, "都道府県コード": 8, "市区町村コード": 221, "所在地": "茨城県ひたちなか市田彦１００３－５", "緯度": 36.422009, "経度": 140.515634, "url": "https://www.iryou.teikyouseido.mhlw.go.jp/znk-web/juminkanja/S2430/initialize?prefCd=08&kikanCd=1000003804&kikanKbn=nan", "url2": "http://www.welcia-yakkyoku.co.jp", "内容": "ウエルシア薬局ひたちなか田彦店0茨城県ひたちなか市田彦１００３－５" }, "geometry": { "type": "Point", "coordinates": [ 140.515634, 36.422009 ] } },
{ "type": "Feature", "properties": { "ID": 851000003805, "正式名称": "ウエルシア薬局　ひたちなか松戸町店", "機関区分": 5, "都道府県コード": 8, "市区町村コード": 221, "所在地": "茨城県ひたちなか市松戸町３－１－３０", "緯度": 36.388254, "経度": 140.545185, "url": "https://www.iryou.teikyouseido.mhlw.go.jp/znk-web/juminkanja/S2430/initialize?prefCd=08&kikanCd=1000003805&kikanKbn=nan", "url2": "http://www.welcia-yakkyoku.co.jp", "内容": "ウエルシア薬局　ひたちなか松戸町店0茨城県ひたちなか市松戸町３－１－３０" }, "geometry": { "type": "Point", "coordinates": [ 140.545185, 36.388254 ] } },
{ "type": "Feature", "properties": { "ID": 851000003806, "正式名称": "ウエルシア薬局ひたちなか馬渡向野店", "機関区分": 5, "都道府県コード": 8, "市区町村コード": 221, "所在地": "茨城県ひたちなか市馬渡向野２９１１－１８", "緯度": 36.407187, "経度": 140.565647, "url": "https://www.iryou.teikyouseido.mhlw.go.jp/znk-web/juminkanja/S2430/initialize?prefCd=08&kikanCd=1000003806&kikanKbn=nan", "url2": "http://www.welcia-yakkyoku.co.jp/", "内容": "ウエルシア薬局ひたちなか馬渡向野店0茨城県ひたちなか市馬渡向野２９１１－１８" }, "geometry": { "type": "Point", "coordinates": [ 140.565647, 36.407187 ] } },
{ "type": "Feature", "properties": { "ID": 851000003807, "正式名称": "ウエルシア薬局　東海舟石川店", "機関区分": 5, "都道府県コード": 8, "市区町村コード": 341, "所在地": "茨城県那珂郡東海村舟石川駅西２－９－１２", "緯度": 36.468412, "経度": 140.566186, "url": "https://www.iryou.teikyouseido.mhlw.go.jp/znk-web/juminkanja/S2430/initialize?prefCd=08&kikanCd=1000003807&kikanKbn=nan", "url2": "http://www.welcia-kanto.jp", "内容": "ウエルシア薬局　東海舟石川店0茨城県那珂郡東海村舟石川駅西２－９－１２" }, "geometry": { "type": "Point", "coordinates": [ 140.566186, 36.468412 ] } },
{ "type": "Feature", "properties": { "ID": 851000003808, "正式名称": "ウエルシア薬局　筑西協和店", "機関区分": 5, "都道府県コード": 8, "市区町村コード": 227, "所在地": "茨城県筑西市新治１９９６－２６", "緯度": 36.326944, "経度": 140.043611, "url": "https://www.iryou.teikyouseido.mhlw.go.jp/znk-web/juminkanja/S2430/initialize?prefCd=08&kikanCd=1000003808&kikanKbn=nan", "url2": "http://www.welcia-yakkyoku.co.jp", "内容": "ウエルシア薬局　筑西協和店0茨城県筑西市新治１９９６－２６" }, "geometry": { "type": "Point", "coordinates": [ 140.043611, 36.326944 ] } },
{ "type": "Feature", "properties": { "ID": 851000003809, "正式名称": "ウエルシア薬局下館二木成店", "機関区分": 5, "都道府県コード": 8, "市区町村コード": 227, "所在地": "茨城県筑西市二木成９４３", "緯度": 36.294167, "経度": 139.981111, "url": "https://www.iryou.teikyouseido.mhlw.go.jp/znk-web/juminkanja/S2430/initialize?prefCd=08&kikanCd=1000003809&kikanKbn=nan", "url2": "http://www.welcia-yakkyoku.co.jp", "内容": "ウエルシア薬局下館二木成店0茨城県筑西市二木成９４３" }, "geometry": { "type": "Point", "coordinates": [ 139.981111, 36.294167 ] } },
{ "type": "Feature", "properties": { "ID": 851000003810, "正式名称": "ウエルシア薬局　真壁飯塚店", "機関区分": 5, "都道府県コード": 8, "市区町村コード": 231, "所在地": "茨城県桜川市真壁町飯塚９９８", "緯度": 36.2725, "経度": 140.096667, "url": "https://www.iryou.teikyouseido.mhlw.go.jp/znk-web/juminkanja/S2430/initialize?prefCd=08&kikanCd=1000003810&kikanKbn=nan", "url2": "http://www.welcia-yakkyoku.co.jp", "内容": "ウエルシア薬局　真壁飯塚店0茨城県桜川市真壁町飯塚９９８" }, "geometry": { "type": "Point", "coordinates": [ 140.096667, 36.2725 ] } },
{ "type": "Feature", "properties": { "ID": 851000003811, "正式名称": "ウエルシア薬局　岩瀬富士見台店", "機関区分": 5, "都道府県コード": 8, "市区町村コード": 231, "所在地": "茨城県桜川市富士見台１ー２０", "緯度": 36.361111, "経度": 140.116667, "url": "https://www.iryou.teikyouseido.mhlw.go.jp/znk-web/juminkanja/S2430/initialize?prefCd=08&kikanCd=1000003811&kikanKbn=nan", "url2": "http://www.welcia-yakkyoku.co.jp/", "内容": "ウエルシア薬局　岩瀬富士見台店0茨城県桜川市富士見台１ー２０" }, "geometry": { "type": "Point", "coordinates": [ 140.116667, 36.361111 ] } },
{ "type": "Feature", "properties": { "ID": 851000003812, "正式名称": "ウエルシア薬局　日立本宮店", "機関区分": 5, "都道府県コード": 8, "市区町村コード": 202, "所在地": "茨城県日立市本宮町４－１２－１", "緯度": 36.60361, "経度": 140.664781, "url": "https://www.iryou.teikyouseido.mhlw.go.jp/znk-web/juminkanja/S2430/initialize?prefCd=08&kikanCd=1000003812&kikanKbn=nan", "url2": "https://www.welcia-yakkyoku.co.jp/", "内容": "ウエルシア薬局　日立本宮店0茨城県日立市本宮町４－１２－１" }, "geometry": { "type": "Point", "coordinates": [ 140.664781, 36.60361 ] } },
{ "type": "Feature", "properties": { "ID": 851000003813, "正式名称": "ウエルシア薬局　北茨城磯原店", "機関区分": 5, "都道府県コード": 8, "市区町村コード": 215, "所在地": "茨城県北茨城市磯原町磯原３－２０", "緯度": 36.791871, "経度": 140.739366, "url": "https://www.iryou.teikyouseido.mhlw.go.jp/znk-web/juminkanja/S2430/initialize?prefCd=08&kikanCd=1000003813&kikanKbn=nan", "url2": "http://www.welcia-yakkyoku.co.jp/", "内容": "ウエルシア薬局　北茨城磯原店0茨城県北茨城市磯原町磯原３－２０" }, "geometry": { "type": "Point", "coordinates": [ 140.739366, 36.791871 ] } },
{ "type": "Feature", "properties": { "ID": 851000003814, "正式名称": "ウエルシア薬局　高萩安良川店", "機関区分": 5, "都道府県コード": 8, "市区町村コード": 214, "所在地": "茨城県高萩市安良川２１４－１", "緯度": 36.708298, "経度": 140.708655, "url": "https://www.iryou.teikyouseido.mhlw.go.jp/znk-web/juminkanja/S2430/initialize?prefCd=08&kikanCd=1000003814&kikanKbn=nan", "url2": "http://www.welcia-yakkyoku.co.jp/", "内容": "ウエルシア薬局　高萩安良川店0茨城県高萩市安良川２１４－１" }, "geometry": { "type": "Point", "coordinates": [ 140.708655, 36.708298 ] } },
{ "type": "Feature", "properties": { "ID": 851000003815, "正式名称": "ウエルシア薬局　北茨城中郷店", "機関区分": 5, "都道府県コード": 8, "市区町村コード": 215, "所在地": "茨城県北茨城市中郷町上桜井１５８６", "緯度": 36.777867, "経度": 140.733712, "url": "https://www.iryou.teikyouseido.mhlw.go.jp/znk-web/juminkanja/S2430/initialize?prefCd=08&kikanCd=1000003815&kikanKbn=nan", "url2": "http://www.welcia-yakkyoku.co.jp", "内容": "ウエルシア薬局　北茨城中郷店0茨城県北茨城市中郷町上桜井１５８６" }, "geometry": { "type": "Point", "coordinates": [ 140.733712, 36.777867 ] } },
{ "type": "Feature", "properties": { "ID": 851000003816, "正式名称": "ウエルシア薬局　常総石下店", "機関区分": 5, "都道府県コード": 8, "市区町村コード": 211, "所在地": "茨城県常総市新石下３９３０－１", "緯度": 36.110577, "経度": 139.977753, "url": "https://www.iryou.teikyouseido.mhlw.go.jp/znk-web/juminkanja/S2430/initialize?prefCd=08&kikanCd=1000003816&kikanKbn=nan", "url2": "http://www.welcia-yakkyoku.co.jp/", "内容": "ウエルシア薬局　常総石下店0茨城県常総市新石下３９３０－１" }, "geometry": { "type": "Point", "coordinates": [ 139.977753, 36.110577 ] } },
{ "type": "Feature", "properties": { "ID": 851000003817, "正式名称": "ウエルシア薬局常総向石下店", "機関区分": 5, "都道府県コード": 8, "市区町村コード": 211, "所在地": "茨城県常総市向石下８５７－２", "緯度": 36.112678, "経度": 139.951055, "url": "https://www.iryou.teikyouseido.mhlw.go.jp/znk-web/juminkanja/S2430/initialize?prefCd=08&kikanCd=1000003817&kikanKbn=nan", "url2": "http://www.welcia-yakkyoku.co.jp/", "内容": "ウエルシア薬局常総向石下店0茨城県常総市向石下８５７－２" }, "geometry": { "type": "Point", "coordinates": [ 139.951055, 36.112678 ] } },
{ "type": "Feature", "properties": { "ID": 851000003818, "正式名称": "ウエルシア薬局　下妻新千代川店", "機関区分": 5, "都道府県コード": 8, "市区町村コード": 210, "所在地": "茨城県下妻市田下５９３", "緯度": 36.163611, "経度": 139.970556, "url": "https://www.iryou.teikyouseido.mhlw.go.jp/znk-web/juminkanja/S2430/initialize?prefCd=08&kikanCd=1000003818&kikanKbn=nan", "url2": "http://www.welcia-yakkyoku.co.jp", "内容": "ウエルシア薬局　下妻新千代川店0茨城県下妻市田下５９３" }, "geometry": { "type": "Point", "coordinates": [ 139.970556, 36.163611 ] } },
{ "type": "Feature", "properties": { "ID": 851000003819, "正式名称": "ウエルシア薬局　阿見荒川沖店", "機関区分": 5, "都道府県コード": 8, "市区町村コード": 443, "所在地": "茨城県稲敷郡阿見町うずら野１丁目１９番地２", "緯度": 36.031506, "経度": 140.173116, "url": "https://www.iryou.teikyouseido.mhlw.go.jp/znk-web/juminkanja/S2430/initialize?prefCd=08&kikanCd=1000003819&kikanKbn=nan", "url2": "http://www.welcia-kanto.jp", "内容": "ウエルシア薬局　阿見荒川沖店0茨城県稲敷郡阿見町うずら野１丁目１９番地２" }, "geometry": { "type": "Point", "coordinates": [ 140.173116, 36.031506 ] } },
{ "type": "Feature", "properties": { "ID": 851000003823, "正式名称": "ウエルシア薬局　土浦さん・あぴお店", "機関区分": 5, "都道府県コード": 8, "市区町村コード": 203, "所在地": "茨城県土浦市大畑", "緯度": 36.115278, "経度": 140.177778, "url": "https://www.iryou.teikyouseido.mhlw.go.jp/znk-web/juminkanja/S2430/initialize?prefCd=08&kikanCd=1000003823&kikanKbn=nan", "url2": "http://www.welcia-kanto.jp", "内容": "ウエルシア薬局　土浦さん・あぴお店0茨城県土浦市大畑" }, "geometry": { "type": "Point", "coordinates": [ 140.177778, 36.115278 ] } },
{ "type": "Feature", "properties": { "ID": 851000003827, "正式名称": "ウエルシア薬局　阿見岡崎店", "機関区分": 5, "都道府県コード": 8, "市区町村コード": 443, "所在地": "茨城県稲敷郡阿見町岡崎３－８－１", "緯度": 36.040416, "経度": 140.219442, "url": "https://www.iryou.teikyouseido.mhlw.go.jp/znk-web/juminkanja/S2430/initialize?prefCd=08&kikanCd=1000003827&kikanKbn=nan", "url2": "https://www.welcia-yakkyoku.co.jp/", "内容": "ウエルシア薬局　阿見岡崎店0茨城県稲敷郡阿見町岡崎３－８－１" }, "geometry": { "type": "Point", "coordinates": [ 140.219442, 36.040416 ] } },
{ "type": "Feature", "properties": { "ID": 851000003829, "正式名称": "ウエルシア薬局　土浦新田中店", "機関区分": 5, "都道府県コード": 8, "市区町村コード": 203, "所在地": "茨城県土浦市田中２丁目１０番３５号", "緯度": 36.083889, "経度": 140.191111, "url": "https://www.iryou.teikyouseido.mhlw.go.jp/znk-web/juminkanja/S2430/initialize?prefCd=08&kikanCd=1000003829&kikanKbn=nan", "url2": "http://www.welcia-yakkyoku.co.jp/", "内容": "ウエルシア薬局　土浦新田中店0茨城県土浦市田中２丁目１０番３５号" }, "geometry": { "type": "Point", "coordinates": [ 140.191111, 36.083889 ] } },
{ "type": "Feature", "properties": { "ID": 851000003830, "正式名称": "ウエルシア薬局　土浦高津店", "機関区分": 5, "都道府県コード": 8, "市区町村コード": 203, "所在地": "茨城県土浦市下高津３－７－４６", "緯度": 36.073611, "経度": 140.188889, "url": "https://www.iryou.teikyouseido.mhlw.go.jp/znk-web/juminkanja/S2430/initialize?prefCd=08&kikanCd=1000003830&kikanKbn=nan", "url2": "http://www.welcia-kanto.jp", "内容": "ウエルシア薬局　土浦高津店0茨城県土浦市下高津３－７－４６" }, "geometry": { "type": "Point", "coordinates": [ 140.188889, 36.073611 ] } },
{ "type": "Feature", "properties": { "ID": 851000003831, "正式名称": "ウエルシア薬局　かすみがうら大和田店", "機関区分": 5, "都道府県コード": 8, "市区町村コード": 230, "所在地": "茨城県かすみがうら市大和田５９２－４５", "緯度": 36.094645, "経度": 140.33369, "url": "https://www.iryou.teikyouseido.mhlw.go.jp/znk-web/juminkanja/S2430/initialize?prefCd=08&kikanCd=1000003831&kikanKbn=nan", "url2": "https://www.welcia-yakkyoku.co.jp", "内容": "ウエルシア薬局　かすみがうら大和田店0茨城県かすみがうら市大和田５９２－４５" }, "geometry": { "type": "Point", "coordinates": [ 140.33369, 36.094645 ] } },
{ "type": "Feature", "properties": { "ID": 851000003832, "正式名称": "ウエルシア薬局　笠間南店", "機関区分": 5, "都道府県コード": 8, "市区町村コード": 216, "所在地": "茨城県笠間市石井２１０４", "緯度": 36.383846, "経度": 140.244448, "url": "https://www.iryou.teikyouseido.mhlw.go.jp/znk-web/juminkanja/S2430/initialize?prefCd=08&kikanCd=1000003832&kikanKbn=nan", "url2": "http://www.welcia-yakkyoku.co.jp/", "内容": "ウエルシア薬局　笠間南店0茨城県笠間市石井２１０４" }, "geometry": { "type": "Point", "coordinates": [ 140.244448, 36.383846 ] } },
{ "type": "Feature", "properties": { "ID": 851000003833, "正式名称": "ウエルシア薬局　小美玉美野里店", "機関区分": 5, "都道府県コード": 8, "市区町村コード": 236, "所在地": "茨城県小美玉市羽鳥２９０８－３", "緯度": 36.245, "経度": 140.305, "url": "https://www.iryou.teikyouseido.mhlw.go.jp/znk-web/juminkanja/S2430/initialize?prefCd=08&kikanCd=1000003833&kikanKbn=nan", "url2": "http://www.welcia-yakkyoku.co.jp", "内容": "ウエルシア薬局　小美玉美野里店0茨城県小美玉市羽鳥２９０８－３" }, "geometry": { "type": "Point", "coordinates": [ 140.305, 36.245 ] } },
{ "type": "Feature", "properties": { "ID": 851000003834, "正式名称": "ウエルシア薬局　友部旭町店", "機関区分": 5, "都道府県コード": 8, "市区町村コード": 216, "所在地": "茨城県笠間市旭町４８８－１", "緯度": 36.321111, "経度": 140.33, "url": "https://www.iryou.teikyouseido.mhlw.go.jp/znk-web/juminkanja/S2430/initialize?prefCd=08&kikanCd=1000003834&kikanKbn=nan", "url2": "http://www.welcia-yakkyoku.co.jp", "内容": "ウエルシア薬局　友部旭町店0茨城県笠間市旭町４８８－１" }, "geometry": { "type": "Point", "coordinates": [ 140.33, 36.321111 ] } },
{ "type": "Feature", "properties": { "ID": 851000003835, "正式名称": "ウエルシア薬局　笠間東店", "機関区分": 5, "都道府県コード": 8, "市区町村コード": 216, "所在地": "茨城県笠間市笠間９９－７", "緯度": 36.371111, "経度": 140.250833, "url": "https://www.iryou.teikyouseido.mhlw.go.jp/znk-web/juminkanja/S2430/initialize?prefCd=08&kikanCd=1000003835&kikanKbn=nan", "url2": "http://www.welcia-yakkyoku.co.jp", "内容": "ウエルシア薬局　笠間東店0茨城県笠間市笠間９９－７" }, "geometry": { "type": "Point", "coordinates": [ 140.250833, 36.371111 ] } },
{ "type": "Feature", "properties": { "ID": 851000003836, "正式名称": "ウエルシア薬局　新友部店", "機関区分": 5, "都道府県コード": 8, "市区町村コード": 216, "所在地": "茨城県笠間市東平３－１－７", "緯度": 36.349433, "経度": 140.313276, "url": "https://www.iryou.teikyouseido.mhlw.go.jp/znk-web/juminkanja/S2430/initialize?prefCd=08&kikanCd=1000003836&kikanKbn=nan", "url2": "http://www.welcia-yakkyoku.co.jp", "内容": "ウエルシア薬局　新友部店0茨城県笠間市東平３－１－７" }, "geometry": { "type": "Point", "coordinates": [ 140.313276, 36.349433 ] } },
{ "type": "Feature", "properties": { "ID": 851000003838, "正式名称": "ウエルシア薬局　水戸千波店", "機関区分": 5, "都道府県コード": 8, "市区町村コード": 201, "所在地": "茨城県水戸市千波町北葉山１７６３－１", "緯度": 36.350278, "経度": 140.455556, "url": "https://www.iryou.teikyouseido.mhlw.go.jp/znk-web/juminkanja/S2430/initialize?prefCd=08&kikanCd=1000003838&kikanKbn=nan", "url2": "http://www.welcia-yakkyoku.co.jp", "内容": "ウエルシア薬局　水戸千波店0茨城県水戸市千波町北葉山１７６３－１" }, "geometry": { "type": "Point", "coordinates": [ 140.455556, 36.350278 ] } },
{ "type": "Feature", "properties": { "ID": 851000003839, "正式名称": "ウエルシア薬局　水戸御茶園通り店", "機関区分": 5, "都道府県コード": 8, "市区町村コード": 201, "所在地": "茨城県水戸市千波町２７７番地６", "緯度": 36.360278, "経度": 140.464444, "url": "https://www.iryou.teikyouseido.mhlw.go.jp/znk-web/juminkanja/S2430/initialize?prefCd=08&kikanCd=1000003839&kikanKbn=nan", "url2": "http://www.welcia-yakkyoku.co.jp/", "内容": "ウエルシア薬局　水戸御茶園通り店0茨城県水戸市千波町２７７番地６" }, "geometry": { "type": "Point", "coordinates": [ 140.464444, 36.360278 ] } },
{ "type": "Feature", "properties": { "ID": 851000003840, "正式名称": "ウエルシア薬局　水戸百合が丘店", "機関区分": 5, "都道府県コード": 8, "市区町村コード": 201, "所在地": "茨城県水戸市百合が丘町８番３", "緯度": 36.342606, "経度": 140.503983, "url": "https://www.iryou.teikyouseido.mhlw.go.jp/znk-web/juminkanja/S2430/initialize?prefCd=08&kikanCd=1000003840&kikanKbn=nan", "url2": "http://www.welcia-kanto.jp", "内容": "ウエルシア薬局　水戸百合が丘店0茨城県水戸市百合が丘町８番３" }, "geometry": { "type": "Point", "coordinates": [ 140.503983, 36.342606 ] } },
{ "type": "Feature", "properties": { "ID": 851000003841, "正式名称": "ウエルシア薬局水戸新原店", "機関区分": 5, "都道府県コード": 8, "市区町村コード": 201, "所在地": "茨城県水戸市新原１－１７－４", "緯度": 36.391318, "経度": 140.435822, "url": "https://www.iryou.teikyouseido.mhlw.go.jp/znk-web/juminkanja/S2430/initialize?prefCd=08&kikanCd=1000003841&kikanKbn=nan", "url2": "http://www.weicia-yakkyoku.co.jp", "内容": "ウエルシア薬局水戸新原店0茨城県水戸市新原１－１７－４" }, "geometry": { "type": "Point", "coordinates": [ 140.435822, 36.391318 ] } },
{ "type": "Feature", "properties": { "ID": 851000003842, "正式名称": "ウエルシア薬局　古河鴻巣店", "機関区分": 5, "都道府県コード": 8, "市区町村コード": 204, "所在地": "茨城県古河市鴻巣９５６－１", "緯度": 36.172778, "経度": 139.709444, "url": "https://www.iryou.teikyouseido.mhlw.go.jp/znk-web/juminkanja/S2430/initialize?prefCd=08&kikanCd=1000003842&kikanKbn=nan", "url2": "http://www.welcia-yakkyoku.co.jp", "内容": "ウエルシア薬局　古河鴻巣店0茨城県古河市鴻巣９５６－１" }, "geometry": { "type": "Point", "coordinates": [ 139.709444, 36.172778 ] } },
{ "type": "Feature", "properties": { "ID": 851000003845, "正式名称": "ウエルシア薬局　那珂瓜連店", "機関区分": 5, "都道府県コード": 8, "市区町村コード": 226, "所在地": "茨城県那珂市瓜連７４８－３", "緯度": 36.494773, "経度": 140.447604, "url": "https://www.iryou.teikyouseido.mhlw.go.jp/znk-web/juminkanja/S2430/initialize?prefCd=08&kikanCd=1000003845&kikanKbn=nan", "url2": "http://www.welcia-yakkyoku.co.jp/", "内容": "ウエルシア薬局　那珂瓜連店0茨城県那珂市瓜連７４８－３" }, "geometry": { "type": "Point", "coordinates": [ 140.447604, 36.494773 ] } },
{ "type": "Feature", "properties": { "ID": 851000003846, "正式名称": "ウエルシア薬局　那珂竹ノ内店", "機関区分": 5, "都道府県コード": 8, "市区町村コード": 226, "所在地": "茨城県那珂市竹ノ内３ー７ー３", "緯度": 36.4476, "経度": 140.501997, "url": "https://www.iryou.teikyouseido.mhlw.go.jp/znk-web/juminkanja/S2430/initialize?prefCd=08&kikanCd=1000003846&kikanKbn=nan", "url2": "http://www.welcia-yakkyoku.co.jp", "内容": "ウエルシア薬局　那珂竹ノ内店0茨城県那珂市竹ノ内３ー７ー３" }, "geometry": { "type": "Point", "coordinates": [ 140.501997, 36.4476 ] } },
{ "type": "Feature", "properties": { "ID": 851000003847, "正式名称": "ウエルシア薬局　神栖中央店", "機関区分": 5, "都道府県コード": 8, "市区町村コード": 232, "所在地": "茨城県神栖市神栖１－５ー６", "緯度": 35.894444, "経度": 140.648056, "url": "https://www.iryou.teikyouseido.mhlw.go.jp/znk-web/juminkanja/S2430/initialize?prefCd=08&kikanCd=1000003847&kikanKbn=nan", "url2": "https://store.welcia.co.jp/welcia/spot/detail?code=6211D", "内容": "ウエルシア薬局　神栖中央店0茨城県神栖市神栖１－５ー６" }, "geometry": { "type": "Point", "coordinates": [ 140.648056, 35.894444 ] } },
{ "type": "Feature", "properties": { "ID": 851000003848, "正式名称": "ウエルシア薬局　鹿嶋プラザ店", "機関区分": 5, "都道府県コード": 8, "市区町村コード": 222, "所在地": "茨城県鹿嶋市宮中字東山２８９－１", "緯度": 35.955556, "経度": 140.645, "url": "https://www.iryou.teikyouseido.mhlw.go.jp/znk-web/juminkanja/S2430/initialize?prefCd=08&kikanCd=1000003848&kikanKbn=nan", "url2": "http://www.welcia-yakkyoku.co.jp", "内容": "ウエルシア薬局　鹿嶋プラザ店0茨城県鹿嶋市宮中字東山２８９－１" }, "geometry": { "type": "Point", "coordinates": [ 140.645, 35.955556 ] } },
{ "type": "Feature", "properties": { "ID": 851000003849, "正式名称": "ウエルシア薬局　神栖平泉店", "機関区分": 5, "都道府県コード": 8, "市区町村コード": 232, "所在地": "茨城県神栖市平泉", "緯度": 35.908889, "経度": 140.645833, "url": "https://www.iryou.teikyouseido.mhlw.go.jp/znk-web/juminkanja/S2430/initialize?prefCd=08&kikanCd=1000003849&kikanKbn=nan", "url2": "http://www.welcia-yakkyoku.co.jp", "内容": "ウエルシア薬局　神栖平泉店0茨城県神栖市平泉" }, "geometry": { "type": "Point", "coordinates": [ 140.645833, 35.908889 ] } },
{ "type": "Feature", "properties": { "ID": 851000003850, "正式名称": "ウエルシア薬局　神栖堀割店", "機関区分": 5, "都道府県コード": 8, "市区町村コード": 232, "所在地": "茨城県神栖市堀割３丁目４‐３", "緯度": 35.921944, "経度": 140.643333, "url": "https://www.iryou.teikyouseido.mhlw.go.jp/znk-web/juminkanja/S2430/initialize?prefCd=08&kikanCd=1000003850&kikanKbn=nan", "url2": "http://www.welcia-yakkyoku.co.jp", "内容": "ウエルシア薬局　神栖堀割店0茨城県神栖市堀割３丁目４‐３" }, "geometry": { "type": "Point", "coordinates": [ 140.643333, 35.921944 ] } },
{ "type": "Feature", "properties": { "ID": 851000003851, "正式名称": "ウエルシア薬局　神栖矢田部店", "機関区分": 5, "都道府県コード": 8, "市区町村コード": 232, "所在地": "茨城県神栖市矢田部７８０３－５１", "緯度": 35.780823, "経度": 140.773369, "url": "https://www.iryou.teikyouseido.mhlw.go.jp/znk-web/juminkanja/S2430/initialize?prefCd=08&kikanCd=1000003851&kikanKbn=nan", "url2": "http://www.welcia-kanto.jp", "内容": "ウエルシア薬局　神栖矢田部店0茨城県神栖市矢田部７８０３－５１" }, "geometry": { "type": "Point", "coordinates": [ 140.773369, 35.780823 ] } },
{ "type": "Feature", "properties": { "ID": 851000003852, "正式名称": "ウエルシア薬局　神栖若松店", "機関区分": 5, "都道府県コード": 8, "市区町村コード": 232, "所在地": "茨城県神栖市若松中央２丁目１０番", "緯度": 35.835711, "経度": 140.73533, "url": "https://www.iryou.teikyouseido.mhlw.go.jp/znk-web/juminkanja/S2430/initialize?prefCd=08&kikanCd=1000003852&kikanKbn=nan", "url2": "http://as.chizumaru.com/welcia/detailMap?account=welcia&accmd=0&adr=08232&bid=6262&pgret=2", "内容": "ウエルシア薬局　神栖若松店0茨城県神栖市若松中央２丁目１０番" }, "geometry": { "type": "Point", "coordinates": [ 140.73533, 35.835711 ] } },
{ "type": "Feature", "properties": { "ID": 851000003853, "正式名称": "ウエルシア薬局　つくば春日店", "機関区分": 5, "都道府県コード": 8, "市区町村コード": 220, "所在地": "茨城県つくば市春日３－１１－７", "緯度": 36.088611, "経度": 140.102222, "url": "https://www.iryou.teikyouseido.mhlw.go.jp/znk-web/juminkanja/S2430/initialize?prefCd=08&kikanCd=1000003853&kikanKbn=nan", "url2": "http://www.welcia-kanto.jp", "内容": "ウエルシア薬局　つくば春日店0茨城県つくば市春日３－１１－７" }, "geometry": { "type": "Point", "coordinates": [ 140.102222, 36.088611 ] } },
{ "type": "Feature", "properties": { "ID": 851000003854, "正式名称": "ウエルシア薬局　つくば大曽根店", "機関区分": 5, "都道府県コード": 8, "市区町村コード": 220, "所在地": "茨城県つくば市大曽根３６５３－１", "緯度": 36.135833, "経度": 140.084722, "url": "https://www.iryou.teikyouseido.mhlw.go.jp/znk-web/juminkanja/S2430/initialize?prefCd=08&kikanCd=1000003854&kikanKbn=nan", "url2": "http://www.welcia-kanto.jp", "内容": "ウエルシア薬局　つくば大曽根店0茨城県つくば市大曽根３６５３－１" }, "geometry": { "type": "Point", "coordinates": [ 140.084722, 36.135833 ] } },
{ "type": "Feature", "properties": { "ID": 851000003855, "正式名称": "ウエルシア薬局　学園中央店", "機関区分": 5, "都道府県コード": 8, "市区町村コード": 220, "所在地": "茨城県つくば市東新井２５－２", "緯度": 36.072778, "経度": 140.118611, "url": "https://www.iryou.teikyouseido.mhlw.go.jp/znk-web/juminkanja/S2430/initialize?prefCd=08&kikanCd=1000003855&kikanKbn=nan", "url2": "https://stores.welcia.co.jp/6244C", "内容": "ウエルシア薬局　学園中央店0茨城県つくば市東新井２５－２" }, "geometry": { "type": "Point", "coordinates": [ 140.118611, 36.072778 ] } },
{ "type": "Feature", "properties": { "ID": 851000003856, "正式名称": "ウエルシア薬局　つくば学園二の宮店", "機関区分": 5, "都道府県コード": 8, "市区町村コード": 220, "所在地": "茨城県つくば市二の宮３－１５－１０", "緯度": 36.061389, "経度": 140.119167, "url": "https://www.iryou.teikyouseido.mhlw.go.jp/znk-web/juminkanja/S2430/initialize?prefCd=08&kikanCd=1000003856&kikanKbn=nan", "url2": "http://www.welcia-kanto.jp", "内容": "ウエルシア薬局　つくば学園二の宮店0茨城県つくば市二の宮３－１５－１０" }, "geometry": { "type": "Point", "coordinates": [ 140.119167, 36.061389 ] } },
{ "type": "Feature", "properties": { "ID": 851000003857, "正式名称": "ウエルシア薬局　つくば学園並木店", "機関区分": 5, "都道府県コード": 8, "市区町村コード": 220, "所在地": "茨城県つくば市並木３－１５－１", "緯度": 36.065639, "経度": 140.14972, "url": "https://www.iryou.teikyouseido.mhlw.go.jp/znk-web/juminkanja/S2430/initialize?prefCd=08&kikanCd=1000003857&kikanKbn=nan", "url2": "http://www.welcia-kanto.jp", "内容": "ウエルシア薬局　つくば学園並木店0茨城県つくば市並木３－１５－１" }, "geometry": { "type": "Point", "coordinates": [ 140.14972, 36.065639 ] } },
{ "type": "Feature", "properties": { "ID": 851000003858, "正式名称": "ウエルシア薬局　つくば吉沼店", "機関区分": 5, "都道府県コード": 8, "市区町村コード": 220, "所在地": "茨城県つくば市吉沼１２０９－４", "緯度": 36.145, "経度": 140.018333, "url": "https://www.iryou.teikyouseido.mhlw.go.jp/znk-web/juminkanja/S2430/initialize?prefCd=08&kikanCd=1000003858&kikanKbn=nan", "url2": "http://www.welcia-kanto.jp", "内容": "ウエルシア薬局　つくば吉沼店0茨城県つくば市吉沼１２０９－４" }, "geometry": { "type": "Point", "coordinates": [ 140.018333, 36.145 ] } },
{ "type": "Feature", "properties": { "ID": 851000003859, "正式名称": "ウエルシア薬局　つくば研究学園店", "機関区分": 5, "都道府県コード": 8, "市区町村コード": 220, "所在地": "茨城県つくば市研究学園７－２０－５", "緯度": 36.080833, "経度": 140.1, "url": "https://www.iryou.teikyouseido.mhlw.go.jp/znk-web/juminkanja/S2430/initialize?prefCd=08&kikanCd=1000003859&kikanKbn=nan", "url2": "http://www.welcia-kanto.jp", "内容": "ウエルシア薬局　つくば研究学園店0茨城県つくば市研究学園７－２０－５" }, "geometry": { "type": "Point", "coordinates": [ 140.1, 36.080833 ] } },
{ "type": "Feature", "properties": { "ID": 851000003861, "正式名称": "ウエルシア薬局　つくば大穂店", "機関区分": 5, "都道府県コード": 8, "市区町村コード": 220, "所在地": "茨城県つくば市筑穂１－１２－５", "緯度": 36.135762, "経度": 140.084371, "url": "https://www.iryou.teikyouseido.mhlw.go.jp/znk-web/juminkanja/S2430/initialize?prefCd=08&kikanCd=1000003861&kikanKbn=nan", "url2": "http://www.welcia-yakkyoku.co.jp/", "内容": "ウエルシア薬局　つくば大穂店0茨城県つくば市筑穂１－１２－５" }, "geometry": { "type": "Point", "coordinates": [ 140.084371, 36.135762 ] } },
{ "type": "Feature", "properties": { "ID": 851000003862, "正式名称": "ウエルシア薬局　つくば東店", "機関区分": 5, "都道府県コード": 8, "市区町村コード": 220, "所在地": "茨城県つくば市東２丁目９番地１", "緯度": 36.05183, "経度": 140.136506, "url": "https://www.iryou.teikyouseido.mhlw.go.jp/znk-web/juminkanja/S2430/initialize?prefCd=08&kikanCd=1000003862&kikanKbn=nan", "url2": "http://www.welcia-kanto.jp", "内容": "ウエルシア薬局　つくば東店0茨城県つくば市東２丁目９番地１" }, "geometry": { "type": "Point", "coordinates": [ 140.136506, 36.05183 ] } },
{ "type": "Feature", "properties": { "ID": 851000003863, "正式名称": "ウエルシア薬局　つくば豊里店", "機関区分": 5, "都道府県コード": 8, "市区町村コード": 220, "所在地": "茨城県つくば市豊里の杜２－１－１", "緯度": 36.097222, "経度": 140.049722, "url": "https://www.iryou.teikyouseido.mhlw.go.jp/znk-web/juminkanja/S2430/initialize?prefCd=08&kikanCd=1000003863&kikanKbn=nan", "url2": "https://www.welcia-yakkyoku.co.jp/index.html", "内容": "ウエルシア薬局　つくば豊里店0茨城県つくば市豊里の杜２－１－１" }, "geometry": { "type": "Point", "coordinates": [ 140.049722, 36.097222 ] } },
{ "type": "Feature", "properties": { "ID": 851000003864, "正式名称": "ウエルシア薬局　つくば北条店", "機関区分": 5, "都道府県コード": 8, "市区町村コード": 220, "所在地": "茨城県つくば市北条亀井５２０９－５", "緯度": 36.176669, "経度": 140.093242, "url": "https://www.iryou.teikyouseido.mhlw.go.jp/znk-web/juminkanja/S2430/initialize?prefCd=08&kikanCd=1000003864&kikanKbn=nan", "url2": "http://www.welcia-yakkyoku.co.jp/", "内容": "ウエルシア薬局　つくば北条店0茨城県つくば市北条亀井５２０９－５" }, "geometry": { "type": "Point", "coordinates": [ 140.093242, 36.176669 ] } },
{ "type": "Feature", "properties": { "ID": 851000003865, "正式名称": "ウエルシア薬局　つくば万博記念公園店", "機関区分": 5, "都道府県コード": 8, "市区町村コード": 220, "所在地": "茨城県つくば市島名福田坪土地区画整理地Ｂ４８街区", "緯度": 36.057778, "経度": 140.0625, "url": "https://www.iryou.teikyouseido.mhlw.go.jp/znk-web/juminkanja/S2430/initialize?prefCd=08&kikanCd=1000003865&kikanKbn=nan", "url2": "https://www.welcia-yakkyoku.co.jp/", "内容": "ウエルシア薬局　つくば万博記念公園店0茨城県つくば市島名福田坪土地区画整理地Ｂ４８街区" }, "geometry": { "type": "Point", "coordinates": [ 140.0625, 36.057778 ] } },
{ "type": "Feature", "properties": { "ID": 851000003866, "正式名称": "ウエルシア薬局　つくばみらい伊奈店", "機関区分": 5, "都道府県コード": 8, "市区町村コード": 235, "所在地": "茨城県つくばみらい市谷井田字北耕地１３３２", "緯度": 35.955641, "経度": 140.048652, "url": "https://www.iryou.teikyouseido.mhlw.go.jp/znk-web/juminkanja/S2430/initialize?prefCd=08&kikanCd=1000003866&kikanKbn=nan", "url2": "http://www.welcia-yakkyoku.co.jp", "内容": "ウエルシア薬局　つくばみらい伊奈店0茨城県つくばみらい市谷井田字北耕地１３３２" }, "geometry": { "type": "Point", "coordinates": [ 140.048652, 35.955641 ] } },
{ "type": "Feature", "properties": { "ID": 851000003867, "正式名称": "ウエルシア薬局　みらい平駅前店", "機関区分": 5, "都道府県コード": 8, "市区町村コード": 235, "所在地": "茨城県つくばみらい市陽光台１丁目１４番地１", "緯度": 35.992222, "経度": 140.043333, "url": "https://www.iryou.teikyouseido.mhlw.go.jp/znk-web/juminkanja/S2430/initialize?prefCd=08&kikanCd=1000003867&kikanKbn=nan", "url2": "https://www.welcia-yakkyoku.co.jp/", "内容": "ウエルシア薬局　みらい平駅前店0茨城県つくばみらい市陽光台１丁目１４番地１" }, "geometry": { "type": "Point", "coordinates": [ 140.043333, 35.992222 ] } },
{ "type": "Feature", "properties": { "ID": 851000003873, "正式名称": "ウエルシア薬局　牛久神谷店", "機関区分": 5, "都道府県コード": 8, "市区町村コード": 219, "所在地": "茨城県牛久市神谷５－１－１", "緯度": 35.964471, "経度": 140.155511, "url": "https://www.iryou.teikyouseido.mhlw.go.jp/znk-web/juminkanja/S2430/initialize?prefCd=08&kikanCd=1000003873&kikanKbn=nan", "url2": "http://www.welcia-yakkyoku.jp", "内容": "ウエルシア薬局　牛久神谷店0茨城県牛久市神谷５－１－１" }, "geometry": { "type": "Point", "coordinates": [ 140.155511, 35.964471 ] } },
{ "type": "Feature", "properties": { "ID": 851000003874, "正式名称": "ウエルシア薬局　牛久猪子店", "機関区分": 5, "都道府県コード": 8, "市区町村コード": 219, "所在地": "茨城県牛久市猪子町９９５－１８", "緯度": 35.98939, "経度": 140.142036, "url": "https://www.iryou.teikyouseido.mhlw.go.jp/znk-web/juminkanja/S2430/initialize?prefCd=08&kikanCd=1000003874&kikanKbn=nan", "url2": "http://www.welcia-yakkyoku.co.jp", "内容": "ウエルシア薬局　牛久猪子店0茨城県牛久市猪子町９９５－１８" }, "geometry": { "type": "Point", "coordinates": [ 140.142036, 35.98939 ] } },
{ "type": "Feature", "properties": { "ID": 851000003875, "正式名称": "ウエルシア薬局　取手新戸頭店", "機関区分": 5, "都道府県コード": 8, "市区町村コード": 217, "所在地": "茨城県取手市戸頭９－２１－２３", "緯度": 35.929444, "経度": 140.009728, "url": "https://www.iryou.teikyouseido.mhlw.go.jp/znk-web/juminkanja/S2430/initialize?prefCd=08&kikanCd=1000003875&kikanKbn=nan", "url2": "http://www.welcia-yakkyoku.co.jp", "内容": "ウエルシア薬局　取手新戸頭店0茨城県取手市戸頭９－２１－２３" }, "geometry": { "type": "Point", "coordinates": [ 140.009728, 35.929444 ] } },
{ "type": "Feature", "properties": { "ID": 851000003876, "正式名称": "ウエルシア薬局　龍ヶ崎長山店", "機関区分": 5, "都道府県コード": 8, "市区町村コード": 208, "所在地": "茨城県龍ケ崎市長山３－２－１", "緯度": 35.943695, "経度": 140.155725, "url": "https://www.iryou.teikyouseido.mhlw.go.jp/znk-web/juminkanja/S2430/initialize?prefCd=08&kikanCd=1000003876&kikanKbn=nan", "url2": "http://www.welcia-yakkyoku.co.jp", "内容": "ウエルシア薬局　龍ヶ崎長山店0茨城県龍ケ崎市長山３－２－１" }, "geometry": { "type": "Point", "coordinates": [ 140.155725, 35.943695 ] } },
{ "type": "Feature", "properties": { "ID": 851000003877, "正式名称": "ひよこ調剤薬局", "機関区分": 5, "都道府県コード": 8, "市区町村コード": 235, "所在地": "茨城県つくばみらい市紫峰ヶ丘１－７－４", "緯度": 35.998444, "経度": 140.037941, "url": "https://www.iryou.teikyouseido.mhlw.go.jp/znk-web/juminkanja/S2430/initialize?prefCd=08&kikanCd=1000003877&kikanKbn=nan", "url2": "http://medical-box.jp", "内容": "ひよこ調剤薬局0茨城県つくばみらい市紫峰ヶ丘１－７－４" }, "geometry": { "type": "Point", "coordinates": [ 140.037941, 35.998444 ] } },
{ "type": "Feature", "properties": { "ID": 851000003878, "正式名称": "ウエルシア薬局　阿見荒川本郷店", "機関区分": 5, "都道府県コード": 8, "市区町村コード": 443, "所在地": "茨城県稲敷郡阿見町本郷３－３－１", "緯度": 36.024514, "経度": 140.174486, "url": "https://www.iryou.teikyouseido.mhlw.go.jp/znk-web/juminkanja/S2430/initialize?prefCd=08&kikanCd=1000003878&kikanKbn=nan", "url2": "http://www.welcia-yakkyoku.co.jp", "内容": "ウエルシア薬局　阿見荒川本郷店0茨城県稲敷郡阿見町本郷３－３－１" }, "geometry": { "type": "Point", "coordinates": [ 140.174486, 36.024514 ] } },
{ "type": "Feature", "properties": { "ID": 851000003879, "正式名称": "ヤックスドラッグ荒川沖薬局", "機関区分": 5, "都道府県コード": 8, "市区町村コード": 203, "所在地": "茨城県土浦市荒川沖東２－１８－３", "緯度": 36.023889, "経度": 140.1725, "url": "https://www.iryou.teikyouseido.mhlw.go.jp/znk-web/juminkanja/S2430/initialize?prefCd=08&kikanCd=1000003879&kikanKbn=nan", "url2": "http://yacs.jp", "内容": "ヤックスドラッグ荒川沖薬局0茨城県土浦市荒川沖東２－１８－３" }, "geometry": { "type": "Point", "coordinates": [ 140.1725, 36.023889 ] } },
{ "type": "Feature", "properties": { "ID": 851000003880, "正式名称": "ウエルシア薬局　行方麻生店", "機関区分": 5, "都道府県コード": 8, "市区町村コード": 233, "所在地": "茨城県行方市麻生３２８９－４６", "緯度": 36.015556, "経度": 140.503889, "url": "https://www.iryou.teikyouseido.mhlw.go.jp/znk-web/juminkanja/S2430/initialize?prefCd=08&kikanCd=1000003880&kikanKbn=nan", "url2": "http://www.welcia-kanto.jp", "内容": "ウエルシア薬局　行方麻生店0茨城県行方市麻生３２８９－４６" }, "geometry": { "type": "Point", "coordinates": [ 140.503889, 36.015556 ] } },
{ "type": "Feature", "properties": { "ID": 851000003881, "正式名称": "ウエルシア薬局水戸堀町店", "機関区分": 5, "都道府県コード": 8, "市区町村コード": 201, "所在地": "茨城県水戸市堀町８７８－３", "緯度": 36.401111, "経度": 140.427778, "url": "https://www.iryou.teikyouseido.mhlw.go.jp/znk-web/juminkanja/S2430/initialize?prefCd=08&kikanCd=1000003881&kikanKbn=nan", "url2": "http://www.welcia-yakkyoku.co.jp", "内容": "ウエルシア薬局水戸堀町店0茨城県水戸市堀町８７８－３" }, "geometry": { "type": "Point", "coordinates": [ 140.427778, 36.401111 ] } },
{ "type": "Feature", "properties": { "ID": 851000003882, "正式名称": "ウエルシア薬局　大洗磯浜店", "機関区分": 5, "都道府県コード": 8, "市区町村コード": 309, "所在地": "茨城県東茨城郡大洗町磯浜町３４６５番地の１", "緯度": 36.318656, "経度": 140.570078, "url": "https://www.iryou.teikyouseido.mhlw.go.jp/znk-web/juminkanja/S2430/initialize?prefCd=08&kikanCd=1000003882&kikanKbn=nan", "url2": "http://www.welcia-yakkyoku.co.jp/", "内容": "ウエルシア薬局　大洗磯浜店0茨城県東茨城郡大洗町磯浜町３４６５番地の１" }, "geometry": { "type": "Point", "coordinates": [ 140.570078, 36.318656 ] } },
{ "type": "Feature", "properties": { "ID": 851000003886, "正式名称": "ウエルシア薬局　鉾田中根店", "機関区分": 5, "都道府県コード": 8, "市区町村コード": 234, "所在地": "茨城県鉾田市鉾田１２５９－３", "緯度": 36.156944, "経度": 140.5225, "url": "https://www.iryou.teikyouseido.mhlw.go.jp/znk-web/juminkanja/S2430/initialize?prefCd=08&kikanCd=1000003886&kikanKbn=nan", "url2": "http://www.welcia-yakkyoku.co.jp/", "内容": "ウエルシア薬局　鉾田中根店0茨城県鉾田市鉾田１２５９－３" }, "geometry": { "type": "Point", "coordinates": [ 140.5225, 36.156944 ] } },
{ "type": "Feature", "properties": { "ID": 851000003887, "正式名称": "ウエルシア薬局　鹿嶋緑ヶ丘店", "機関区分": 5, "都道府県コード": 8, "市区町村コード": 222, "所在地": "茨城県鹿嶋市緑ヶ丘４－６－７", "緯度": 35.9725, "経度": 140.626389, "url": "https://www.iryou.teikyouseido.mhlw.go.jp/znk-web/juminkanja/S2430/initialize?prefCd=08&kikanCd=1000003887&kikanKbn=nan", "url2": "http://www.welcia-yakkyoku.co.jp", "内容": "ウエルシア薬局　鹿嶋緑ヶ丘店0茨城県鹿嶋市緑ヶ丘４－６－７" }, "geometry": { "type": "Point", "coordinates": [ 140.626389, 35.9725 ] } },
{ "type": "Feature", "properties": { "ID": 851000003888, "正式名称": "ウエルシア薬局取手新町店", "機関区分": 5, "都道府県コード": 8, "市区町村コード": 217, "所在地": "茨城県取手市新町３－９－４１", "緯度": 35.89847, "経度": 140.058163, "url": "https://www.iryou.teikyouseido.mhlw.go.jp/znk-web/juminkanja/S2430/initialize?prefCd=08&kikanCd=1000003888&kikanKbn=nan", "url2": "http://www.welcia-yakkyoku.co.jp", "内容": "ウエルシア薬局取手新町店0茨城県取手市新町３－９－４１" }, "geometry": { "type": "Point", "coordinates": [ 140.058163, 35.89847 ] } },
{ "type": "Feature", "properties": { "ID": 851000003889, "正式名称": "ひたち野薬局", "機関区分": 5, "都道府県コード": 8, "市区町村コード": 219, "所在地": "茨城県牛久市東猯穴町１２７５－５", "緯度": 36.016674, "経度": 140.150757, "url": "https://www.iryou.teikyouseido.mhlw.go.jp/znk-web/juminkanja/S2430/initialize?prefCd=08&kikanCd=1000003889&kikanKbn=nan", "url2": "https://sites.google.com/view/funakura-pharmacy/", "内容": "ひたち野薬局0茨城県牛久市東猯穴町１２７５－５" }, "geometry": { "type": "Point", "coordinates": [ 140.150757, 36.016674 ] } },
{ "type": "Feature", "properties": { "ID": 851000003890, "正式名称": "ひたち野薬局東店", "機関区分": 5, "都道府県コード": 8, "市区町村コード": 219, "所在地": "茨城県牛久市ひたち野東１－１４－２", "緯度": 36.010421, "経度": 140.161216, "url": "https://www.iryou.teikyouseido.mhlw.go.jp/znk-web/juminkanja/S2430/initialize?prefCd=08&kikanCd=1000003890&kikanKbn=nan", "url2": "https://sites.google.com/view/funakura-pharmacy/", "内容": "ひたち野薬局東店0茨城県牛久市ひたち野東１－１４－２" }, "geometry": { "type": "Point", "coordinates": [ 140.161216, 36.010421 ] } },
{ "type": "Feature", "properties": { "ID": 851000003891, "正式名称": "たなか薬局", "機関区分": 5, "都道府県コード": 8, "市区町村コード": 203, "所在地": "茨城県土浦市田中３－１７６２－２", "緯度": 36.083096, "経度": 140.185842, "url": "https://www.iryou.teikyouseido.mhlw.go.jp/znk-web/juminkanja/S2430/initialize?prefCd=08&kikanCd=1000003891&kikanKbn=nan", "url2": "https://cureplus.co.jp", "内容": "たなか薬局0茨城県土浦市田中３－１７６２－２" }, "geometry": { "type": "Point", "coordinates": [ 140.185842, 36.083096 ] } },
{ "type": "Feature", "properties": { "ID": 851000003893, "正式名称": "ウエルシア薬局　石岡東光台店", "機関区分": 5, "都道府県コード": 8, "市区町村コード": 205, "所在地": "茨城県石岡市東光台４－１１－２２", "緯度": 36.183128, "経度": 140.306116, "url": "https://www.iryou.teikyouseido.mhlw.go.jp/znk-web/juminkanja/S2430/initialize?prefCd=08&kikanCd=1000003893&kikanKbn=nan", "url2": "http://www.welcia-yakkyoku.co.jp/", "内容": "ウエルシア薬局　石岡東光台店0茨城県石岡市東光台４－１１－２２" }, "geometry": { "type": "Point", "coordinates": [ 140.306116, 36.183128 ] } },
{ "type": "Feature", "properties": { "ID": 851000003895, "正式名称": "げんき調剤薬局さくら店", "機関区分": 5, "都道府県コード": 8, "市区町村コード": 203, "所在地": "茨城県土浦市桜町３－３１１６－１６", "緯度": 36.080423, "経度": 140.200047, "url": "https://www.iryou.teikyouseido.mhlw.go.jp/znk-web/juminkanja/S2430/initialize?prefCd=08&kikanCd=1000003895&kikanKbn=nan", "url2": "http://medical-box.jp", "内容": "げんき調剤薬局さくら店0茨城県土浦市桜町３－３１１６－１６" }, "geometry": { "type": "Point", "coordinates": [ 140.200047, 36.080423 ] } },
{ "type": "Feature", "properties": { "ID": 851000003896, "正式名称": "ヤックスドラッグつくばみらい平薬局", "機関区分": 5, "都道府県コード": 8, "市区町村コード": 235, "所在地": "茨城県つくばみらい市紫峰ヶ丘５－１－１", "緯度": 35.999866, "経度": 140.041679, "url": "https://www.iryou.teikyouseido.mhlw.go.jp/znk-web/juminkanja/S2430/initialize?prefCd=08&kikanCd=1000003896&kikanKbn=nan", "url2": "http://yacs.jp", "内容": "ヤックスドラッグつくばみらい平薬局0茨城県つくばみらい市紫峰ヶ丘５－１－１" }, "geometry": { "type": "Point", "coordinates": [ 140.041679, 35.999866 ] } },
{ "type": "Feature", "properties": { "ID": 851000003897, "正式名称": "カワチ薬局　結城南店", "機関区分": 5, "都道府県コード": 8, "市区町村コード": 207, "所在地": "茨城県結城市下り松６－９－２０", "緯度": 36.282778, "経度": 139.883611, "url": "https://www.iryou.teikyouseido.mhlw.go.jp/znk-web/juminkanja/S2430/initialize?prefCd=08&kikanCd=1000003897&kikanKbn=nan", "url2": "http://www.cawachi.co.jp", "内容": "カワチ薬局　結城南店0茨城県結城市下り松６－９－２０" }, "geometry": { "type": "Point", "coordinates": [ 139.883611, 36.282778 ] } },
{ "type": "Feature", "properties": { "ID": 851000003898, "正式名称": "ウエルシア薬局　坂東岩井本町店", "機関区分": 5, "都道府県コード": 8, "市区町村コード": 228, "所在地": "茨城県坂東市岩井２７４６", "緯度": 36.051949, "経度": 139.88701, "url": "https://www.iryou.teikyouseido.mhlw.go.jp/znk-web/juminkanja/S2430/initialize?prefCd=08&kikanCd=1000003898&kikanKbn=nan", "url2": "http://www.welcia-yakkyoku.co.jp", "内容": "ウエルシア薬局　坂東岩井本町店0茨城県坂東市岩井２７４６" }, "geometry": { "type": "Point", "coordinates": [ 139.88701, 36.051949 ] } },
{ "type": "Feature", "properties": { "ID": 851000003899, "正式名称": "さくら薬局　美浦店", "機関区分": 5, "都道府県コード": 8, "市区町村コード": 442, "所在地": "茨城県稲敷郡美浦村大谷１６３８－１", "緯度": 36.001199, "経度": 140.324075, "url": "https://www.iryou.teikyouseido.mhlw.go.jp/znk-web/juminkanja/S2430/initialize?prefCd=08&kikanCd=1000003899&kikanKbn=nan", "url2": "http://www.kraft-net.co.jp/", "内容": "さくら薬局　美浦店0茨城県稲敷郡美浦村大谷１６３８－１" }, "geometry": { "type": "Point", "coordinates": [ 140.324075, 36.001199 ] } },
{ "type": "Feature", "properties": { "ID": 851000003901, "正式名称": "あかり薬局", "機関区分": 5, "都道府県コード": 8, "市区町村コード": 201, "所在地": "茨城県水戸市見川２－１０８－２６アーバンテラス一周館Ａ２０１－４", "緯度": 36.373705, "経度": 140.433014, "url": "https://www.iryou.teikyouseido.mhlw.go.jp/znk-web/juminkanja/S2430/initialize?prefCd=08&kikanCd=1000003901&kikanKbn=nan", "url2": null, "内容": "あかり薬局0茨城県水戸市見川２－１０８－２６アーバンテラス一周館Ａ２０１－４" }, "geometry": { "type": "Point", "coordinates": [ 140.433014, 36.373705 ] } },
{ "type": "Feature", "properties": { "ID": 851000003902, "正式名称": "茨城中央調剤薬局", "機関区分": 5, "都道府県コード": 8, "市区町村コード": 201, "所在地": "茨城県水戸市平須町１－４１６", "緯度": 36.317765, "経度": 140.439344, "url": "https://www.iryou.teikyouseido.mhlw.go.jp/znk-web/juminkanja/S2430/initialize?prefCd=08&kikanCd=1000003902&kikanKbn=nan", "url2": null, "内容": "茨城中央調剤薬局0茨城県水戸市平須町１－４１６" }, "geometry": { "type": "Point", "coordinates": [ 140.439344, 36.317765 ] } },
{ "type": "Feature", "properties": { "ID": 851000003903, "正式名称": "佐野薬局", "機関区分": 5, "都道府県コード": 8, "市区町村コード": 216, "所在地": "茨城県笠間市笠間１３２８－１", "緯度": 36.385002, "経度": 140.252281, "url": "https://www.iryou.teikyouseido.mhlw.go.jp/znk-web/juminkanja/S2430/initialize?prefCd=08&kikanCd=1000003903&kikanKbn=nan", "url2": "https://sano-yakkyoku.com/", "内容": "佐野薬局0茨城県笠間市笠間１３２８－１" }, "geometry": { "type": "Point", "coordinates": [ 140.252281, 36.385002 ] } },
{ "type": "Feature", "properties": { "ID": 851000003904, "正式名称": "南山堂薬局　知手店", "機関区分": 5, "都道府県コード": 8, "市区町村コード": 232, "所在地": "茨城県神栖市知手中央３－３－２", "緯度": 35.876111, "経度": 140.7125, "url": "https://www.iryou.teikyouseido.mhlw.go.jp/znk-web/juminkanja/S2430/initialize?prefCd=08&kikanCd=1000003904&kikanKbn=nan", "url2": null, "内容": "南山堂薬局　知手店0茨城県神栖市知手中央３－３－２" }, "geometry": { "type": "Point", "coordinates": [ 140.7125, 35.876111 ] } },
{ "type": "Feature", "properties": { "ID": 851000003905, "正式名称": "南山堂薬局土浦北店", "機関区分": 5, "都道府県コード": 8, "市区町村コード": 203, "所在地": "茨城県土浦市常名字赤池東山３９６８－８", "緯度": 36.107399, "経度": 140.206824, "url": "https://www.iryou.teikyouseido.mhlw.go.jp/znk-web/juminkanja/S2430/initialize?prefCd=08&kikanCd=1000003905&kikanKbn=nan", "url2": "http://www.nanzando.co.jp/", "内容": "南山堂薬局土浦北店0茨城県土浦市常名字赤池東山３９６８－８" }, "geometry": { "type": "Point", "coordinates": [ 140.206824, 36.107399 ] } },
{ "type": "Feature", "properties": { "ID": 851000003906, "正式名称": "ポプリ薬局中央店", "機関区分": 5, "都道府県コード": 8, "市区町村コード": 203, "所在地": "茨城県土浦市中央２－１４－５", "緯度": 36.085953, "経度": 140.199742, "url": "https://www.iryou.teikyouseido.mhlw.go.jp/znk-web/juminkanja/S2430/initialize?prefCd=08&kikanCd=1000003906&kikanKbn=nan", "url2": "https://popuri-pharma.co.jp/", "内容": "ポプリ薬局中央店0茨城県土浦市中央２－１４－５" }, "geometry": { "type": "Point", "coordinates": [ 140.199742, 36.085953 ] } },
{ "type": "Feature", "properties": { "ID": 851000003907, "正式名称": "調剤薬局ツルハドラッグ常陸太田店", "機関区分": 5, "都道府県コード": 8, "市区町村コード": 212, "所在地": "茨城県常陸太田市木崎二町１７２７－１", "緯度": 36.532834, "経度": 140.528586, "url": "https://www.iryou.teikyouseido.mhlw.go.jp/znk-web/juminkanja/S2430/initialize?prefCd=08&kikanCd=1000003907&kikanKbn=nan", "url2": "http://www.tsuruha.co.jp", "内容": "調剤薬局ツルハドラッグ常陸太田店0茨城県常陸太田市木崎二町１７２７－１" }, "geometry": { "type": "Point", "coordinates": [ 140.528586, 36.532834 ] } },
{ "type": "Feature", "properties": { "ID": 851000003908, "正式名称": "花梨薬局岩間店", "機関区分": 5, "都道府県コード": 8, "市区町村コード": 216, "所在地": "茨城県笠間市福島４６５－３", "緯度": 36.270278, "経度": 140.291111, "url": "https://www.iryou.teikyouseido.mhlw.go.jp/znk-web/juminkanja/S2430/initialize?prefCd=08&kikanCd=1000003908&kikanKbn=nan", "url2": "https://ship-ph.co.jp", "内容": "花梨薬局岩間店0茨城県笠間市福島４６５－３" }, "geometry": { "type": "Point", "coordinates": [ 140.291111, 36.270278 ] } },
{ "type": "Feature", "properties": { "ID": 851000003910, "正式名称": "ウエルシア薬局　阿見若栗店", "機関区分": 5, "都道府県コード": 8, "市区町村コード": 443, "所在地": "茨城県稲敷郡阿見町若栗１３３９－６", "緯度": 36.021474, "経度": 140.220326, "url": "https://www.iryou.teikyouseido.mhlw.go.jp/znk-web/juminkanja/S2430/initialize?prefCd=08&kikanCd=1000003910&kikanKbn=nan", "url2": "https://store.welcia.co.jp/welcia/spot/detail?code=6300D", "内容": "ウエルシア薬局　阿見若栗店0茨城県稲敷郡阿見町若栗１３３９－６" }, "geometry": { "type": "Point", "coordinates": [ 140.220326, 36.021474 ] } },
{ "type": "Feature", "properties": { "ID": 851000003911, "正式名称": "石津薬局汲上店", "機関区分": 5, "都道府県コード": 8, "市区町村コード": 234, "所在地": "茨城県鉾田市汲上", "緯度": 36.118128, "経度": 140.579665, "url": "https://www.iryou.teikyouseido.mhlw.go.jp/znk-web/juminkanja/S2430/initialize?prefCd=08&kikanCd=1000003911&kikanKbn=nan", "url2": "http://www.ishizu.net/", "内容": "石津薬局汲上店0茨城県鉾田市汲上" }, "geometry": { "type": "Point", "coordinates": [ 140.579665, 36.118128 ] } },
{ "type": "Feature", "properties": { "ID": 851000003913, "正式名称": "フルール薬局", "機関区分": 5, "都道府県コード": 8, "市区町村コード": 201, "所在地": "茨城県水戸市袴塚３－３－３０", "緯度": 36.394167, "経度": 140.445556, "url": "https://www.iryou.teikyouseido.mhlw.go.jp/znk-web/juminkanja/S2430/initialize?prefCd=08&kikanCd=1000003913&kikanKbn=nan", "url2": null, "内容": "フルール薬局0茨城県水戸市袴塚３－３－３０" }, "geometry": { "type": "Point", "coordinates": [ 140.445556, 36.394167 ] } },
{ "type": "Feature", "properties": { "ID": 851000003914, "正式名称": "つくし薬局水戸住吉店", "機関区分": 5, "都道府県コード": 8, "市区町村コード": 201, "所在地": "茨城県水戸市住吉町３０１ー２", "緯度": 36.328611, "経度": 140.469722, "url": "https://www.iryou.teikyouseido.mhlw.go.jp/znk-web/juminkanja/S2430/initialize?prefCd=08&kikanCd=1000003914&kikanKbn=nan", "url2": null, "内容": "つくし薬局水戸住吉店0茨城県水戸市住吉町３０１ー２" }, "geometry": { "type": "Point", "coordinates": [ 140.469722, 36.328611 ] } },
{ "type": "Feature", "properties": { "ID": 851000003916, "正式名称": "共創未来　水戸薬局", "機関区分": 5, "都道府県コード": 8, "市区町村コード": 201, "所在地": "茨城県水戸市中丸町６１０－７", "緯度": 36.391831, "経度": 140.401533, "url": "https://www.iryou.teikyouseido.mhlw.go.jp/znk-web/juminkanja/S2430/initialize?prefCd=08&kikanCd=1000003916&kikanKbn=nan", "url2": "https://phmirai.co.jp/", "内容": "共創未来　水戸薬局0茨城県水戸市中丸町６１０－７" }, "geometry": { "type": "Point", "coordinates": [ 140.401533, 36.391831 ] } },
{ "type": "Feature", "properties": { "ID": 851000003917, "正式名称": "共創未来しんはら薬局", "機関区分": 5, "都道府県コード": 8, "市区町村コード": 201, "所在地": "茨城県水戸市新原２－１－２１", "緯度": 36.388889, "経度": 140.441389, "url": "https://www.iryou.teikyouseido.mhlw.go.jp/znk-web/juminkanja/S2430/initialize?prefCd=08&kikanCd=1000003917&kikanKbn=nan", "url2": "http://phmirai.co.jp/", "内容": "共創未来しんはら薬局0茨城県水戸市新原２－１－２１" }, "geometry": { "type": "Point", "coordinates": [ 140.441389, 36.388889 ] } },
{ "type": "Feature", "properties": { "ID": 851000003922, "正式名称": "友部こいぶち薬局", "機関区分": 5, "都道府県コード": 8, "市区町村コード": 216, "所在地": "茨城県笠間市鯉淵十ノ割６５２６－８２", "緯度": 36.349813, "経度": 140.320553, "url": "https://www.iryou.teikyouseido.mhlw.go.jp/znk-web/juminkanja/S2430/initialize?prefCd=08&kikanCd=1000003922&kikanKbn=nan", "url2": "https://www.phstr.co.jp/page1", "内容": "友部こいぶち薬局0茨城県笠間市鯉淵十ノ割６５２６－８２" }, "geometry": { "type": "Point", "coordinates": [ 140.320553, 36.349813 ] } },
{ "type": "Feature", "properties": { "ID": 851000003924, "正式名称": "みどり薬局", "機関区分": 5, "都道府県コード": 8, "市区町村コード": 221, "所在地": "茨城県ひたちなか市大成町３１ー３０", "緯度": 36.387709, "経度": 140.536218, "url": "https://www.iryou.teikyouseido.mhlw.go.jp/znk-web/juminkanja/S2430/initialize?prefCd=08&kikanCd=1000003924&kikanKbn=nan", "url2": "http://www.phmirai.co.jp", "内容": "みどり薬局0茨城県ひたちなか市大成町３１ー３０" }, "geometry": { "type": "Point", "coordinates": [ 140.536218, 36.387709 ] } },
{ "type": "Feature", "properties": { "ID": 851000003925, "正式名称": "すまいる薬局日立店", "機関区分": 5, "都道府県コード": 8, "市区町村コード": 202, "所在地": "茨城県日立市鮎川町２－７－３", "緯度": 36.566779, "経度": 140.636528, "url": "https://www.iryou.teikyouseido.mhlw.go.jp/znk-web/juminkanja/S2430/initialize?prefCd=08&kikanCd=1000003925&kikanKbn=nan", "url2": null, "内容": "すまいる薬局日立店0茨城県日立市鮎川町２－７－３" }, "geometry": { "type": "Point", "coordinates": [ 140.636528, 36.566779 ] } },
{ "type": "Feature", "properties": { "ID": 851000003926, "正式名称": "ヤックスドラッグ鉾田薬局", "機関区分": 5, "都道府県コード": 8, "市区町村コード": 234, "所在地": "茨城県鉾田市汲上１１６０－１", "緯度": 36.118028, "経度": 140.586696, "url": "https://www.iryou.teikyouseido.mhlw.go.jp/znk-web/juminkanja/S2430/initialize?prefCd=08&kikanCd=1000003926&kikanKbn=nan", "url2": "http://yacs.jp", "内容": "ヤックスドラッグ鉾田薬局0茨城県鉾田市汲上１１６０－１" }, "geometry": { "type": "Point", "coordinates": [ 140.586696, 36.118028 ] } },
{ "type": "Feature", "properties": { "ID": 851000003927, "正式名称": "ウエルシア薬局　行方玉造店", "機関区分": 5, "都道府県コード": 8, "市区町村コード": 233, "所在地": "茨城県行方市玉造甲６５９－２", "緯度": 36.096389, "経度": 140.419167, "url": "https://www.iryou.teikyouseido.mhlw.go.jp/znk-web/juminkanja/S2430/initialize?prefCd=08&kikanCd=1000003927&kikanKbn=nan", "url2": "https://www.welcia-yakkyoku.co.jp/", "内容": "ウエルシア薬局　行方玉造店0茨城県行方市玉造甲６５９－２" }, "geometry": { "type": "Point", "coordinates": [ 140.419167, 36.096389 ] } },
{ "type": "Feature", "properties": { "ID": 851000003928, "正式名称": "ウエルシア薬局神栖知手中央店", "機関区分": 5, "都道府県コード": 8, "市区町村コード": 232, "所在地": "茨城県神栖市知手中央６－６－１９", "緯度": 35.873858, "経度": 140.704193, "url": "https://www.iryou.teikyouseido.mhlw.go.jp/znk-web/juminkanja/S2430/initialize?prefCd=08&kikanCd=1000003928&kikanKbn=nan", "url2": "http://www.welcia-yakkyoku.co.jp", "内容": "ウエルシア薬局神栖知手中央店0茨城県神栖市知手中央６－６－１９" }, "geometry": { "type": "Point", "coordinates": [ 140.704193, 35.873858 ] } },
{ "type": "Feature", "properties": { "ID": 851000003929, "正式名称": "共創未来藤代薬局", "機関区分": 5, "都道府県コード": 8, "市区町村コード": 217, "所在地": "茨城県取手市毛有３７１－３", "緯度": 35.916227, "経度": 140.086777, "url": "https://www.iryou.teikyouseido.mhlw.go.jp/znk-web/juminkanja/S2430/initialize?prefCd=08&kikanCd=1000003929&kikanKbn=nan", "url2": "http://www.phmirai.co.jp", "内容": "共創未来藤代薬局0茨城県取手市毛有３７１－３" }, "geometry": { "type": "Point", "coordinates": [ 140.086777, 35.916227 ] } },
{ "type": "Feature", "properties": { "ID": 851000003931, "正式名称": "共創未来ゆめみ野薬局", "機関区分": 5, "都道府県コード": 8, "市区町村コード": 217, "所在地": "茨城県取手市ゆめみ野１－５－４", "緯度": 35.9217499, "経度": 140.0354863, "url": "https://www.iryou.teikyouseido.mhlw.go.jp/znk-web/juminkanja/S2430/initialize?prefCd=08&kikanCd=1000003931&kikanKbn=nan", "url2": "http://www.phmirai.co.jp", "内容": "共創未来ゆめみ野薬局0茨城県取手市ゆめみ野１－５－４" }, "geometry": { "type": "Point", "coordinates": [ 140.0354863, 35.9217499 ] } },
{ "type": "Feature", "properties": { "ID": 851000003932, "正式名称": "むぎのほ薬局竜ケ崎南店", "機関区分": 5, "都道府県コード": 8, "市区町村コード": 208, "所在地": "茨城県龍ケ崎市北方町２０６７－３", "緯度": 35.883062, "経度": 140.156731, "url": "https://www.iryou.teikyouseido.mhlw.go.jp/znk-web/juminkanja/S2430/initialize?prefCd=08&kikanCd=1000003932&kikanKbn=nan", "url2": "http://www.e-classa.net/muginoho/", "内容": "むぎのほ薬局竜ケ崎南店0茨城県龍ケ崎市北方町２０６７－３" }, "geometry": { "type": "Point", "coordinates": [ 140.156731, 35.883062 ] } },
{ "type": "Feature", "properties": { "ID": 851000003934, "正式名称": "調剤薬局グリーンゲイブルスひたち野本店", "機関区分": 5, "都道府県コード": 8, "市区町村コード": 219, "所在地": "茨城県牛久市ひたち野西４－１５－１２", "緯度": 36.006923, "経度": 140.152438, "url": "https://www.iryou.teikyouseido.mhlw.go.jp/znk-web/juminkanja/S2430/initialize?prefCd=08&kikanCd=1000003934&kikanKbn=nan", "url2": null, "内容": "調剤薬局グリーンゲイブルスひたち野本店0茨城県牛久市ひたち野西４－１５－１２" }, "geometry": { "type": "Point", "coordinates": [ 140.152438, 36.006923 ] } },
{ "type": "Feature", "properties": { "ID": 851000003938, "正式名称": "花梨薬局石岡店", "機関区分": 5, "都道府県コード": 8, "市区町村コード": 205, "所在地": "茨城県石岡市石岡２１５８－１", "緯度": 36.193333, "経度": 140.284722, "url": "https://www.iryou.teikyouseido.mhlw.go.jp/znk-web/juminkanja/S2430/initialize?prefCd=08&kikanCd=1000003938&kikanKbn=nan", "url2": "http://ship-ph.co.jp", "内容": "花梨薬局石岡店0茨城県石岡市石岡２１５８－１" }, "geometry": { "type": "Point", "coordinates": [ 140.284722, 36.193333 ] } },
{ "type": "Feature", "properties": { "ID": 851000003940, "正式名称": "カワチ薬局　つくば研究学園店", "機関区分": 5, "都道府県コード": 8, "市区町村コード": 220, "所在地": "茨城県つくば市研究学園３－１－３", "緯度": 36.085545, "経度": 140.073198, "url": "https://www.iryou.teikyouseido.mhlw.go.jp/znk-web/juminkanja/S2430/initialize?prefCd=08&kikanCd=1000003940&kikanKbn=nan", "url2": "https://www.cawachi.co.jp", "内容": "カワチ薬局　つくば研究学園店0茨城県つくば市研究学園３－１－３" }, "geometry": { "type": "Point", "coordinates": [ 140.073198, 36.085545 ] } },
{ "type": "Feature", "properties": { "ID": 851000003941, "正式名称": "ドライブスルー南山堂薬局つくば本店", "機関区分": 5, "都道府県コード": 8, "市区町村コード": 220, "所在地": "茨城県つくば市春日３－１－１", "緯度": 36.088056, "経度": 140.103333, "url": "https://www.iryou.teikyouseido.mhlw.go.jp/znk-web/juminkanja/S2430/initialize?prefCd=08&kikanCd=1000003941&kikanKbn=nan", "url2": "http://www.nanzando.co.jp", "内容": "ドライブスルー南山堂薬局つくば本店0茨城県つくば市春日３－１－１" }, "geometry": { "type": "Point", "coordinates": [ 140.103333, 36.088056 ] } },
{ "type": "Feature", "properties": { "ID": 851000003942, "正式名称": "ろはす薬局えんぜる店", "機関区分": 5, "都道府県コード": 8, "市区町村コード": 227, "所在地": "茨城県筑西市西方１６８５－１０", "緯度": 36.282778, "経度": 139.960278, "url": "https://www.iryou.teikyouseido.mhlw.go.jp/znk-web/juminkanja/S2430/initialize?prefCd=08&kikanCd=1000003942&kikanKbn=nan", "url2": "https://kobayashipharma.com/company/", "内容": "ろはす薬局えんぜる店0茨城県筑西市西方１６８５－１０" }, "geometry": { "type": "Point", "coordinates": [ 139.960278, 36.282778 ] } },
{ "type": "Feature", "properties": { "ID": 851000003943, "正式名称": "共創未来　岩井薬局", "機関区分": 5, "都道府県コード": 8, "市区町村コード": 228, "所在地": "茨城県坂東市辺田３０７－７", "緯度": 36.032261, "経度": 139.903615, "url": "https://www.iryou.teikyouseido.mhlw.go.jp/znk-web/juminkanja/S2430/initialize?prefCd=08&kikanCd=1000003943&kikanKbn=nan", "url2": "http://www.phmirai.co.jp/shops/detail.php?id=153", "内容": "共創未来　岩井薬局0茨城県坂東市辺田３０７－７" }, "geometry": { "type": "Point", "coordinates": [ 139.903615, 36.032261 ] } },
{ "type": "Feature", "properties": { "ID": 851000003944, "正式名称": "ふたば薬局", "機関区分": 5, "都道府県コード": 8, "市区町村コード": 202, "所在地": "茨城県日立市平和町１－６－１", "緯度": 36.593281, "経度": 140.660047, "url": "https://www.iryou.teikyouseido.mhlw.go.jp/znk-web/juminkanja/S2430/initialize?prefCd=08&kikanCd=1000003944&kikanKbn=nan", "url2": null, "内容": "ふたば薬局0茨城県日立市平和町１－６－１" }, "geometry": { "type": "Point", "coordinates": [ 140.660047, 36.593281 ] } },
{ "type": "Feature", "properties": { "ID": 851000003946, "正式名称": "ウエルシア薬局　結城富士見店", "機関区分": 5, "都道府県コード": 8, "市区町村コード": 207, "所在地": "茨城県結城市結城１０６０９－１", "緯度": 36.303367, "経度": 139.864537, "url": "https://www.iryou.teikyouseido.mhlw.go.jp/znk-web/juminkanja/S2430/initialize?prefCd=08&kikanCd=1000003946&kikanKbn=nan", "url2": "http://www.welcia-yakkyoku.co.jp/", "内容": "ウエルシア薬局　結城富士見店0茨城県結城市結城１０６０９－１" }, "geometry": { "type": "Point", "coordinates": [ 139.864537, 36.303367 ] } },
{ "type": "Feature", "properties": { "ID": 851000003947, "正式名称": "ウエルシア薬局岩瀬御領店", "機関区分": 5, "都道府県コード": 8, "市区町村コード": 231, "所在地": "茨城県桜川市御領１－２３", "緯度": 36.365781, "経度": 140.104908, "url": "https://www.iryou.teikyouseido.mhlw.go.jp/znk-web/juminkanja/S2430/initialize?prefCd=08&kikanCd=1000003947&kikanKbn=nan", "url2": "https://store.welcia.co.jp/welcia/spot/detail?code=6221D", "内容": "ウエルシア薬局岩瀬御領店0茨城県桜川市御領１－２３" }, "geometry": { "type": "Point", "coordinates": [ 140.104908, 36.365781 ] } },
{ "type": "Feature", "properties": { "ID": 851000003948, "正式名称": "宮田　薬局", "機関区分": 5, "都道府県コード": 8, "市区町村コード": 227, "所在地": "茨城県筑西市女方２１５－１", "緯度": 36.288352, "経度": 139.913971, "url": "https://www.iryou.teikyouseido.mhlw.go.jp/znk-web/juminkanja/S2430/initialize?prefCd=08&kikanCd=1000003948&kikanKbn=nan", "url2": null, "内容": "宮田　薬局0茨城県筑西市女方２１５－１" }, "geometry": { "type": "Point", "coordinates": [ 139.913971, 36.288352 ] } },
{ "type": "Feature", "properties": { "ID": 851000003949, "正式名称": "友愛薬局　下館店", "機関区分": 5, "都道府県コード": 8, "市区町村コード": 227, "所在地": "茨城県筑西市八丁台４３２，４３３，４３４", "緯度": 36.323333, "経度": 139.978333, "url": "https://www.iryou.teikyouseido.mhlw.go.jp/znk-web/juminkanja/S2430/initialize?prefCd=08&kikanCd=1000003949&kikanKbn=nan", "url2": "http://www.yuai-medical.com", "内容": "友愛薬局　下館店0茨城県筑西市八丁台４３２，４３３，４３４" }, "geometry": { "type": "Point", "coordinates": [ 139.978333, 36.323333 ] } },
{ "type": "Feature", "properties": { "ID": 851000003951, "正式名称": "共創未来　つくば薬局", "機関区分": 5, "都道府県コード": 8, "市区町村コード": 220, "所在地": "茨城県つくば市西平塚３１７－１", "緯度": 36.098611, "経度": 140.091111, "url": "https://www.iryou.teikyouseido.mhlw.go.jp/znk-web/juminkanja/S2430/initialize?prefCd=08&kikanCd=1000003951&kikanKbn=nan", "url2": "http://www.phmirai.co.jp", "内容": "共創未来　つくば薬局0茨城県つくば市西平塚３１７－１" }, "geometry": { "type": "Point", "coordinates": [ 140.091111, 36.098611 ] } },
{ "type": "Feature", "properties": { "ID": 851000003952, "正式名称": "あおぞら薬局　友愛前店", "機関区分": 5, "都道府県コード": 8, "市区町村コード": 204, "所在地": "茨城県古河市東牛谷６２７－３", "緯度": 36.208271, "経度": 139.743668, "url": "https://www.iryou.teikyouseido.mhlw.go.jp/znk-web/juminkanja/S2430/initialize?prefCd=08&kikanCd=1000003952&kikanKbn=nan", "url2": null, "内容": "あおぞら薬局　友愛前店0茨城県古河市東牛谷６２７－３" }, "geometry": { "type": "Point", "coordinates": [ 139.743668, 36.208271 ] } },
{ "type": "Feature", "properties": { "ID": 851000003953, "正式名称": "共創未来　古河緑町薬局", "機関区分": 5, "都道府県コード": 8, "市区町村コード": 204, "所在地": "茨城県古河市緑町２３７６－１１", "緯度": 36.198056, "経度": 139.729167, "url": "https://www.iryou.teikyouseido.mhlw.go.jp/znk-web/juminkanja/S2430/initialize?prefCd=08&kikanCd=1000003953&kikanKbn=nan", "url2": "http://www.phmirai.co.jp", "内容": "共創未来　古河緑町薬局0茨城県古河市緑町２３７６－１１" }, "geometry": { "type": "Point", "coordinates": [ 139.729167, 36.198056 ] } },
{ "type": "Feature", "properties": { "ID": 851000003954, "正式名称": "共創未来　古河東本町薬局", "機関区分": 5, "都道府県コード": 8, "市区町村コード": 204, "所在地": "茨城県古河市東本町４－１－１１", "緯度": 36.193206, "経度": 139.723721, "url": "https://www.iryou.teikyouseido.mhlw.go.jp/znk-web/juminkanja/S2430/initialize?prefCd=08&kikanCd=1000003954&kikanKbn=nan", "url2": "http://www.phmirai.co.jp/", "内容": "共創未来　古河東本町薬局0茨城県古河市東本町４－１－１１" }, "geometry": { "type": "Point", "coordinates": [ 139.723721, 36.193206 ] } },
{ "type": "Feature", "properties": { "ID": 851000003955, "正式名称": "共創未来　古河南薬局", "機関区分": 5, "都道府県コード": 8, "市区町村コード": 204, "所在地": "茨城県古河市大堤３８１", "緯度": 36.184167, "経度": 139.726944, "url": "https://www.iryou.teikyouseido.mhlw.go.jp/znk-web/juminkanja/S2430/initialize?prefCd=08&kikanCd=1000003955&kikanKbn=nan", "url2": "http://www.phmirai.co.jp/", "内容": "共創未来　古河南薬局0茨城県古河市大堤３８１" }, "geometry": { "type": "Point", "coordinates": [ 139.726944, 36.184167 ] } },
{ "type": "Feature", "properties": { "ID": 851000003956, "正式名称": "ハロー薬局", "機関区分": 5, "都道府県コード": 8, "市区町村コード": 204, "所在地": "茨城県古河市大手町１１－２２", "緯度": 36.195833, "経度": 139.705278, "url": "https://www.iryou.teikyouseido.mhlw.go.jp/znk-web/juminkanja/S2430/initialize?prefCd=08&kikanCd=1000003956&kikanKbn=nan", "url2": "http://www.hello-ph.jp/index.html", "内容": "ハロー薬局0茨城県古河市大手町１１－２２" }, "geometry": { "type": "Point", "coordinates": [ 139.705278, 36.195833 ] } },
{ "type": "Feature", "properties": { "ID": 851000003957, "正式名称": "オハナ薬局古河店", "機関区分": 5, "都道府県コード": 8, "市区町村コード": 204, "所在地": "茨城県古河市中央町２丁目３－１５", "緯度": 36.19, "経度": 139.706944, "url": "https://www.iryou.teikyouseido.mhlw.go.jp/znk-web/juminkanja/S2430/initialize?prefCd=08&kikanCd=1000003957&kikanKbn=nan", "url2": "http://www.winpharma.jp", "内容": "オハナ薬局古河店0茨城県古河市中央町２丁目３－１５" }, "geometry": { "type": "Point", "coordinates": [ 139.706944, 36.19 ] } },
{ "type": "Feature", "properties": { "ID": 851000003959, "正式名称": "マリオン薬局みどりの店", "機関区分": 5, "都道府県コード": 8, "市区町村コード": 220, "所在地": "茨城県つくば市みどりの２－３１－１３", "緯度": 36.035529, "経度": 140.056057, "url": "https://www.iryou.teikyouseido.mhlw.go.jp/znk-web/juminkanja/S2430/initialize?prefCd=08&kikanCd=1000003959&kikanKbn=nan", "url2": "http://www.chibamedical.net/", "内容": "マリオン薬局みどりの店0茨城県つくば市みどりの２－３１－１３" }, "geometry": { "type": "Point", "coordinates": [ 140.056057, 36.035529 ] } },
{ "type": "Feature", "properties": { "ID": 851000003960, "正式名称": "共創未来総和薬局", "機関区分": 5, "都道府県コード": 8, "市区町村コード": 204, "所在地": "茨城県古河市稲宮１０１１－３", "緯度": 36.1825, "経度": 139.784444, "url": "https://www.iryou.teikyouseido.mhlw.go.jp/znk-web/juminkanja/S2430/initialize?prefCd=08&kikanCd=1000003960&kikanKbn=nan", "url2": "http://www.phmirai.co.jp/", "内容": "共創未来総和薬局0茨城県古河市稲宮１０１１－３" }, "geometry": { "type": "Point", "coordinates": [ 139.784444, 36.1825 ] } },
{ "type": "Feature", "properties": { "ID": 851000003961, "正式名称": "ハニー薬局", "機関区分": 5, "都道府県コード": 8, "市区町村コード": 230, "所在地": "茨城県かすみがうら市深谷２８１７－４", "緯度": 36.088611, "経度": 140.306944, "url": "https://www.iryou.teikyouseido.mhlw.go.jp/znk-web/juminkanja/S2430/initialize?prefCd=08&kikanCd=1000003961&kikanKbn=nan", "url2": "http://isao-k.com/honey/", "内容": "ハニー薬局0茨城県かすみがうら市深谷２８１７－４" }, "geometry": { "type": "Point", "coordinates": [ 140.306944, 36.088611 ] } },
{ "type": "Feature", "properties": { "ID": 851000003962, "正式名称": "コストコホールセールつくば倉庫店薬局", "機関区分": 5, "都道府県コード": 8, "市区町村コード": 220, "所在地": "茨城県つくば市学園の森２－１９", "緯度": 36.096093, "経度": 140.079944, "url": "https://www.iryou.teikyouseido.mhlw.go.jp/znk-web/juminkanja/S2430/initialize?prefCd=08&kikanCd=1000003962&kikanKbn=nan", "url2": "http://www.costco.co.jp/p/", "内容": "コストコホールセールつくば倉庫店薬局0茨城県つくば市学園の森２－１９" }, "geometry": { "type": "Point", "coordinates": [ 140.079944, 36.096093 ] } },
{ "type": "Feature", "properties": { "ID": 851000003964, "正式名称": "薬局セレクト", "機関区分": 5, "都道府県コード": 8, "市区町村コード": 220, "所在地": "茨城県つくば市筑穂２－９－４　ＵＮＩＴＥ　ＳＯＥＭＯ１０３", "緯度": 36.128611, "経度": 140.083611, "url": "https://www.iryou.teikyouseido.mhlw.go.jp/znk-web/juminkanja/S2430/initialize?prefCd=08&kikanCd=1000003964&kikanKbn=nan", "url2": "http://select884.com/", "内容": "薬局セレクト0茨城県つくば市筑穂２－９－４　ＵＮＩＴＥ　ＳＯＥＭＯ１０３" }, "geometry": { "type": "Point", "coordinates": [ 140.083611, 36.128611 ] } },
{ "type": "Feature", "properties": { "ID": 851000003965, "正式名称": "みどり薬局　大穂店", "機関区分": 5, "都道府県コード": 8, "市区町村コード": 220, "所在地": "茨城県つくば市筑穂２－４－７", "緯度": 36.129444, "経度": 140.0825, "url": "https://www.iryou.teikyouseido.mhlw.go.jp/znk-web/juminkanja/S2430/initialize?prefCd=08&kikanCd=1000003965&kikanKbn=nan", "url2": "http://www.select884.com/", "内容": "みどり薬局　大穂店0茨城県つくば市筑穂２－４－７" }, "geometry": { "type": "Point", "coordinates": [ 140.0825, 36.129444 ] } },
{ "type": "Feature", "properties": { "ID": 851000003966, "正式名称": "みすず薬局　笠間店", "機関区分": 5, "都道府県コード": 8, "市区町村コード": 216, "所在地": "茨城県笠間市下市毛字稲荷林２６３", "緯度": 36.373948, "経度": 140.248011, "url": "https://www.iryou.teikyouseido.mhlw.go.jp/znk-web/juminkanja/S2430/initialize?prefCd=08&kikanCd=1000003966&kikanKbn=nan", "url2": "http://www.lifeaid-misuzu.co.jp", "内容": "みすず薬局　笠間店0茨城県笠間市下市毛字稲荷林２６３" }, "geometry": { "type": "Point", "coordinates": [ 140.248011, 36.373948 ] } },
{ "type": "Feature", "properties": { "ID": 851000003967, "正式名称": "共創未来　下妻薬局", "機関区分": 5, "都道府県コード": 8, "市区町村コード": 210, "所在地": "茨城県下妻市長塚５０－１", "緯度": 36.182252, "経度": 139.953233, "url": "https://www.iryou.teikyouseido.mhlw.go.jp/znk-web/juminkanja/S2430/initialize?prefCd=08&kikanCd=1000003967&kikanKbn=nan", "url2": "http://www.phmirai.co.jp", "内容": "共創未来　下妻薬局0茨城県下妻市長塚５０－１" }, "geometry": { "type": "Point", "coordinates": [ 139.953233, 36.182252 ] } },
{ "type": "Feature", "properties": { "ID": 851000003968, "正式名称": "ウエルシア薬局　つくば谷田部店", "機関区分": 5, "都道府県コード": 8, "市区町村コード": 220, "所在地": "茨城県つくば市台町２丁目３－１０", "緯度": 36.035278, "経度": 140.086944, "url": "https://www.iryou.teikyouseido.mhlw.go.jp/znk-web/juminkanja/S2430/initialize?prefCd=08&kikanCd=1000003968&kikanKbn=nan", "url2": "http://www.welcia-yakkyoku.co.jp/", "内容": "ウエルシア薬局　つくば谷田部店0茨城県つくば市台町２丁目３－１０" }, "geometry": { "type": "Point", "coordinates": [ 140.086944, 36.035278 ] } },
{ "type": "Feature", "properties": { "ID": 851000003969, "正式名称": "アイン薬局　七福店", "機関区分": 5, "都道府県コード": 8, "市区町村コード": 226, "所在地": "茨城県那珂市竹ノ内２－１４－８", "緯度": 36.447229, "経度": 140.499914, "url": "https://www.iryou.teikyouseido.mhlw.go.jp/znk-web/juminkanja/S2430/initialize?prefCd=08&kikanCd=1000003969&kikanKbn=nan", "url2": "http://www.ainj.co.jp/", "内容": "アイン薬局　七福店0茨城県那珂市竹ノ内２－１４－８" }, "geometry": { "type": "Point", "coordinates": [ 140.499914, 36.447229 ] } },
{ "type": "Feature", "properties": { "ID": 851000003971, "正式名称": "アイン薬局　那珂店", "機関区分": 5, "都道府県コード": 8, "市区町村コード": 226, "所在地": "茨城県那珂市菅谷６６３－３２", "緯度": 36.45781, "経度": 140.497508, "url": "https://www.iryou.teikyouseido.mhlw.go.jp/znk-web/juminkanja/S2430/initialize?prefCd=08&kikanCd=1000003971&kikanKbn=nan", "url2": "http://www.ainj.co.jp", "内容": "アイン薬局　那珂店0茨城県那珂市菅谷６６３－３２" }, "geometry": { "type": "Point", "coordinates": [ 140.497508, 36.45781 ] } },
{ "type": "Feature", "properties": { "ID": 851000003972, "正式名称": "コストコホールセールひたちなか倉庫店薬局", "機関区分": 5, "都道府県コード": 8, "市区町村コード": 221, "所在地": "茨城県ひたちなか市新光町４１－２", "緯度": 36.399981, "経度": 140.586535, "url": "https://www.iryou.teikyouseido.mhlw.go.jp/znk-web/juminkanja/S2430/initialize?prefCd=08&kikanCd=1000003972&kikanKbn=nan", "url2": "http://www.costco.co.jp/p/", "内容": "コストコホールセールひたちなか倉庫店薬局0茨城県ひたちなか市新光町４１－２" }, "geometry": { "type": "Point", "coordinates": [ 140.586535, 36.399981 ] } },
{ "type": "Feature", "properties": { "ID": 851000003973, "正式名称": "センター薬局本店", "機関区分": 5, "都道府県コード": 8, "市区町村コード": 203, "所在地": "茨城県土浦市沖宿町字八幡前２６９５－７", "緯度": 36.066667, "経度": 140.256667, "url": "https://www.iryou.teikyouseido.mhlw.go.jp/znk-web/juminkanja/S2430/initialize?prefCd=08&kikanCd=1000003973&kikanKbn=nan", "url2": "http://www.central-medical.jp/company/company_home.html", "内容": "センター薬局本店0茨城県土浦市沖宿町字八幡前２６９５－７" }, "geometry": { "type": "Point", "coordinates": [ 140.256667, 36.066667 ] } },
{ "type": "Feature", "properties": { "ID": 851000003974, "正式名称": "水戸うちはら薬局", "機関区分": 5, "都道府県コード": 8, "市区町村コード": 201, "所在地": "茨城県水戸市内原２丁目１番地イオンモール水戸内原番地イオンモール水戸内原", "緯度": 36.370833, "経度": 140.361944, "url": "https://www.iryou.teikyouseido.mhlw.go.jp/znk-web/juminkanja/S2430/initialize?prefCd=08&kikanCd=1000003974&kikanKbn=nan", "url2": "https://www.kusurinomadoguchi.com/ibaraki/s109275?utm_source=google&amp;utm_medium=mybusiness&amp;utm_campaign=contribution&amp;utm_term=shop_109275", "内容": "水戸うちはら薬局0茨城県水戸市内原２丁目１番地イオンモール水戸内原番地イオンモール水戸内原" }, "geometry": { "type": "Point", "coordinates": [ 140.361944, 36.370833 ] } },
{ "type": "Feature", "properties": { "ID": 851000003976, "正式名称": "三和堂薬局　大みか店", "機関区分": 5, "都道府県コード": 8, "市区町村コード": 202, "所在地": "茨城県日立市大みか町４－４－７", "緯度": 36.511551, "経度": 140.62587, "url": "https://www.iryou.teikyouseido.mhlw.go.jp/znk-web/juminkanja/S2430/initialize?prefCd=08&kikanCd=1000003976&kikanKbn=nan", "url2": "https://www.alpharm.co.jp/", "内容": "三和堂薬局　大みか店0茨城県日立市大みか町４－４－７" }, "geometry": { "type": "Point", "coordinates": [ 140.62587, 36.511551 ] } },
{ "type": "Feature", "properties": { "ID": 851000003978, "正式名称": "みつわ薬局", "機関区分": 5, "都道府県コード": 8, "市区町村コード": 201, "所在地": "茨城県水戸市河和田町４７７８－５", "緯度": 36.370556, "経度": 140.401111, "url": "https://www.iryou.teikyouseido.mhlw.go.jp/znk-web/juminkanja/S2430/initialize?prefCd=08&kikanCd=1000003978&kikanKbn=nan", "url2": null, "内容": "みつわ薬局0茨城県水戸市河和田町４７７８－５" }, "geometry": { "type": "Point", "coordinates": [ 140.401111, 36.370556 ] } },
{ "type": "Feature", "properties": { "ID": 851000003979, "正式名称": "さくら薬局　行方麻生店", "機関区分": 5, "都道府県コード": 8, "市区町村コード": 233, "所在地": "茨城県行方市麻生１１６４－４", "緯度": 35.986389, "経度": 140.490833, "url": "https://www.iryou.teikyouseido.mhlw.go.jp/znk-web/juminkanja/S2430/initialize?prefCd=08&kikanCd=1000003979&kikanKbn=nan", "url2": "https://www.kraft-net.co.jp/sakura/store/3698/", "内容": "さくら薬局　行方麻生店0茨城県行方市麻生１１６４－４" }, "geometry": { "type": "Point", "coordinates": [ 140.490833, 35.986389 ] } },
{ "type": "Feature", "properties": { "ID": 851000003980, "正式名称": "日本調剤　つくば西大通り薬局", "機関区分": 5, "都道府県コード": 8, "市区町村コード": 220, "所在地": "茨城県つくば市要１０６９－５", "緯度": 36.103611, "経度": 140.082778, "url": "https://www.iryou.teikyouseido.mhlw.go.jp/znk-web/juminkanja/S2430/initialize?prefCd=08&kikanCd=1000003980&kikanKbn=nan", "url2": "http://www.nicho.co.jp/", "内容": "日本調剤　つくば西大通り薬局0茨城県つくば市要１０６９－５" }, "geometry": { "type": "Point", "coordinates": [ 140.082778, 36.103611 ] } },
{ "type": "Feature", "properties": { "ID": 851000003981, "正式名称": "日本調剤　つくば西大通り東薬局", "機関区分": 5, "都道府県コード": 8, "市区町村コード": 220, "所在地": "茨城県つくば市要６－２", "緯度": 36.108188, "経度": 140.081412, "url": "https://www.iryou.teikyouseido.mhlw.go.jp/znk-web/juminkanja/S2430/initialize?prefCd=08&kikanCd=1000003981&kikanKbn=nan", "url2": "http://www.nicho.co.jp/", "内容": "日本調剤　つくば西大通り東薬局0茨城県つくば市要６－２" }, "geometry": { "type": "Point", "coordinates": [ 140.081412, 36.108188 ] } },
{ "type": "Feature", "properties": { "ID": 851000003982, "正式名称": "はまなす薬局　大野店", "機関区分": 5, "都道府県コード": 8, "市区町村コード": 222, "所在地": "茨城県鹿嶋市和８２５－１", "緯度": 36.03972, "経度": 140.612142, "url": "https://www.iryou.teikyouseido.mhlw.go.jp/znk-web/juminkanja/S2430/initialize?prefCd=08&kikanCd=1000003982&kikanKbn=nan", "url2": null, "内容": "はまなす薬局　大野店0茨城県鹿嶋市和８２５－１" }, "geometry": { "type": "Point", "coordinates": [ 140.612142, 36.03972 ] } },
{ "type": "Feature", "properties": { "ID": 851000003983, "正式名称": "アーバン薬局", "機関区分": 5, "都道府県コード": 8, "市区町村コード": 219, "所在地": "茨城県牛久市女化町２２３－６", "緯度": 35.946387, "経度": 140.170969, "url": "https://www.iryou.teikyouseido.mhlw.go.jp/znk-web/juminkanja/S2430/initialize?prefCd=08&kikanCd=1000003983&kikanKbn=nan", "url2": "http://www.ship-ph.co.jp", "内容": "アーバン薬局0茨城県牛久市女化町２２３－６" }, "geometry": { "type": "Point", "coordinates": [ 140.170969, 35.946387 ] } },
{ "type": "Feature", "properties": { "ID": 851000003984, "正式名称": "アクア薬局　住吉店", "機関区分": 5, "都道府県コード": 8, "市区町村コード": 201, "所在地": "茨城県水戸市住吉町４４－４３", "緯度": 36.335833, "経度": 140.48, "url": "https://www.iryou.teikyouseido.mhlw.go.jp/znk-web/juminkanja/S2430/initialize?prefCd=08&kikanCd=1000003984&kikanKbn=nan", "url2": null, "内容": "アクア薬局　住吉店0茨城県水戸市住吉町４４－４３" }, "geometry": { "type": "Point", "coordinates": [ 140.48, 36.335833 ] } },
{ "type": "Feature", "properties": { "ID": 851000003985, "正式名称": "なのはな薬局", "機関区分": 5, "都道府県コード": 8, "市区町村コード": 234, "所在地": "茨城県鉾田市樅山５７６－１４３", "緯度": 36.200896, "経度": 140.549805, "url": "https://www.iryou.teikyouseido.mhlw.go.jp/znk-web/juminkanja/S2430/initialize?prefCd=08&kikanCd=1000003985&kikanKbn=nan", "url2": "https://nanohanapharmacy.com/", "内容": "なのはな薬局0茨城県鉾田市樅山５７６－１４３" }, "geometry": { "type": "Point", "coordinates": [ 140.549805, 36.200896 ] } },
{ "type": "Feature", "properties": { "ID": 851000003987, "正式名称": "倉持薬局　取手店", "機関区分": 5, "都道府県コード": 8, "市区町村コード": 217, "所在地": "茨城県取手市新町６－１－２５", "緯度": 35.900352, "経度": 140.054788, "url": "https://www.iryou.teikyouseido.mhlw.go.jp/znk-web/juminkanja/S2430/initialize?prefCd=08&kikanCd=1000003987&kikanKbn=nan", "url2": "http://www.cawachi.co.jp", "内容": "倉持薬局　取手店0茨城県取手市新町６－１－２５" }, "geometry": { "type": "Point", "coordinates": [ 140.054788, 35.900352 ] } },
{ "type": "Feature", "properties": { "ID": 851000003989, "正式名称": "さくら薬局　しもつま店", "機関区分": 5, "都道府県コード": 8, "市区町村コード": 210, "所在地": "茨城県下妻市大串１２０－１５", "緯度": 36.192222, "経度": 139.9825, "url": "https://www.iryou.teikyouseido.mhlw.go.jp/znk-web/juminkanja/S2430/initialize?prefCd=08&kikanCd=1000003989&kikanKbn=nan", "url2": "http://www.kraft-net.co.jp/search/3709/", "内容": "さくら薬局　しもつま店0茨城県下妻市大串１２０－１５" }, "geometry": { "type": "Point", "coordinates": [ 139.9825, 36.192222 ] } },
{ "type": "Feature", "properties": { "ID": 851000003990, "正式名称": "しらゆり薬局", "機関区分": 5, "都道府県コード": 8, "市区町村コード": 204, "所在地": "茨城県古河市緑町２３７１－２６", "緯度": 36.197778, "経度": 139.729167, "url": "https://www.iryou.teikyouseido.mhlw.go.jp/znk-web/juminkanja/S2430/initialize?prefCd=08&kikanCd=1000003990&kikanKbn=nan", "url2": null, "内容": "しらゆり薬局0茨城県古河市緑町２３７１－２６" }, "geometry": { "type": "Point", "coordinates": [ 139.729167, 36.197778 ] } },
{ "type": "Feature", "properties": { "ID": 851000003991, "正式名称": "ライズ調剤薬局土浦北店", "機関区分": 5, "都道府県コード": 8, "市区町村コード": 203, "所在地": "茨城県土浦市並木５－４０７６－３", "緯度": 36.111111, "経度": 140.195833, "url": "https://www.iryou.teikyouseido.mhlw.go.jp/znk-web/juminkanja/S2430/initialize?prefCd=08&kikanCd=1000003991&kikanKbn=nan", "url2": "https://www.rise-pharm.com/", "内容": "ライズ調剤薬局土浦北店0茨城県土浦市並木５－４０７６－３" }, "geometry": { "type": "Point", "coordinates": [ 140.195833, 36.111111 ] } },
{ "type": "Feature", "properties": { "ID": 851000003992, "正式名称": "あにも薬局", "機関区分": 5, "都道府県コード": 8, "市区町村コード": 227, "所在地": "茨城県筑西市関本上１４１２－６", "緯度": 36.253611, "経度": 139.918889, "url": "https://www.iryou.teikyouseido.mhlw.go.jp/znk-web/juminkanja/S2430/initialize?prefCd=08&kikanCd=1000003992&kikanKbn=nan", "url2": null, "内容": "あにも薬局0茨城県筑西市関本上１４１２－６" }, "geometry": { "type": "Point", "coordinates": [ 139.918889, 36.253611 ] } },
{ "type": "Feature", "properties": { "ID": 851000003993, "正式名称": "さくら薬局　土浦駅西口店", "機関区分": 5, "都道府県コード": 8, "市区町村コード": 203, "所在地": "茨城県土浦市大和町９‐２　ウララ２ビル　２Ｆ", "緯度": 36.074722, "経度": 140.206667, "url": "https://www.iryou.teikyouseido.mhlw.go.jp/znk-web/juminkanja/S2430/initialize?prefCd=08&kikanCd=1000003993&kikanKbn=nan", "url2": "http://www.kraft-net.co.jp/sakura/store/3662/", "内容": "さくら薬局　土浦駅西口店0茨城県土浦市大和町９‐２　ウララ２ビル　２Ｆ" }, "geometry": { "type": "Point", "coordinates": [ 140.206667, 36.074722 ] } },
{ "type": "Feature", "properties": { "ID": 851000003994, "正式名称": "つかもと調剤薬局　下根店", "機関区分": 5, "都道府県コード": 8, "市区町村コード": 219, "所在地": "茨城県牛久市ひたち野東　３－２－２", "緯度": 36.003455, "経度": 140.172242, "url": "https://www.iryou.teikyouseido.mhlw.go.jp/znk-web/juminkanja/S2430/initialize?prefCd=08&kikanCd=1000003994&kikanKbn=nan", "url2": "https://www.ainj.co.jp/", "内容": "つかもと調剤薬局　下根店0茨城県牛久市ひたち野東　３－２－２" }, "geometry": { "type": "Point", "coordinates": [ 140.172242, 36.003455 ] } },
{ "type": "Feature", "properties": { "ID": 851000003995, "正式名称": "ポプリ薬局朝日店", "機関区分": 5, "都道府県コード": 8, "市区町村コード": 203, "所在地": "茨城県土浦市桜町３－６－１４", "緯度": 36.079578, "経度": 140.201063, "url": "https://www.iryou.teikyouseido.mhlw.go.jp/znk-web/juminkanja/S2430/initialize?prefCd=08&kikanCd=1000003995&kikanKbn=nan", "url2": "https://popuri-pharma.co.jp/", "内容": "ポプリ薬局朝日店0茨城県土浦市桜町３－６－１４" }, "geometry": { "type": "Point", "coordinates": [ 140.201063, 36.079578 ] } },
{ "type": "Feature", "properties": { "ID": 851000003997, "正式名称": "山口薬局　中央店", "機関区分": 5, "都道府県コード": 8, "市区町村コード": 203, "所在地": "茨城県土浦市中央１－１２－２４", "緯度": 36.079722, "経度": 140.203333, "url": "https://www.iryou.teikyouseido.mhlw.go.jp/znk-web/juminkanja/S2430/initialize?prefCd=08&kikanCd=1000003997&kikanKbn=nan", "url2": "http://www.kantou-iryou.co.jp", "内容": "山口薬局　中央店0茨城県土浦市中央１－１２－２４" }, "geometry": { "type": "Point", "coordinates": [ 140.203333, 36.079722 ] } },
{ "type": "Feature", "properties": { "ID": 851000003998, "正式名称": "かさま中央薬局", "機関区分": 5, "都道府県コード": 8, "市区町村コード": 216, "所在地": "茨城県笠間市旭町字旭崎６５３－１", "緯度": 36.333704, "経度": 140.307908, "url": "https://www.iryou.teikyouseido.mhlw.go.jp/znk-web/juminkanja/S2430/initialize?prefCd=08&kikanCd=1000003998&kikanKbn=nan", "url2": null, "内容": "かさま中央薬局0茨城県笠間市旭町字旭崎６５３－１" }, "geometry": { "type": "Point", "coordinates": [ 140.307908, 36.333704 ] } },
{ "type": "Feature", "properties": { "ID": 851000003999, "正式名称": "調剤薬局　アネシス", "機関区分": 5, "都道府県コード": 8, "市区町村コード": 236, "所在地": "茨城県小美玉市田木谷９３５－１０６", "緯度": 36.17662, "経度": 140.333209, "url": "https://www.iryou.teikyouseido.mhlw.go.jp/znk-web/juminkanja/S2430/initialize?prefCd=08&kikanCd=1000003999&kikanKbn=nan", "url2": null, "内容": "調剤薬局　アネシス0茨城県小美玉市田木谷９３５－１０６" }, "geometry": { "type": "Point", "coordinates": [ 140.333209, 36.17662 ] } },
{ "type": "Feature", "properties": { "ID": 851000004000, "正式名称": "ハロー薬局", "機関区分": 5, "都道府県コード": 8, "市区町村コード": 217, "所在地": "茨城県取手市白山１－２－２１", "緯度": 35.89944, "経度": 140.062717, "url": "https://www.iryou.teikyouseido.mhlw.go.jp/znk-web/juminkanja/S2430/initialize?prefCd=08&kikanCd=1000004000&kikanKbn=nan", "url2": "http://www.haro-kanpo.com./", "内容": "ハロー薬局0茨城県取手市白山１－２－２１" }, "geometry": { "type": "Point", "coordinates": [ 140.062717, 35.89944 ] } },
{ "type": "Feature", "properties": { "ID": 851000004001, "正式名称": "里仁堂薬局　泉町店", "機関区分": 5, "都道府県コード": 8, "市区町村コード": 364, "所在地": "茨城県久慈郡大子町大子８２０番地８", "緯度": 36.769581, "経度": 140.3552, "url": "https://www.iryou.teikyouseido.mhlw.go.jp/znk-web/juminkanja/S2430/initialize?prefCd=08&kikanCd=1000004001&kikanKbn=nan", "url2": "http://mediclin.website/", "内容": "里仁堂薬局　泉町店0茨城県久慈郡大子町大子８２０番地８" }, "geometry": { "type": "Point", "coordinates": [ 140.3552, 36.769581 ] } },
{ "type": "Feature", "properties": { "ID": 851000004002, "正式名称": "アイセイ薬局　水戸南町店", "機関区分": 5, "都道府県コード": 8, "市区町村コード": 201, "所在地": "茨城県水戸市南町２－３－３１", "緯度": 36.372222, "経度": 140.473056, "url": "https://www.iryou.teikyouseido.mhlw.go.jp/znk-web/juminkanja/S2430/initialize?prefCd=08&kikanCd=1000004002&kikanKbn=nan", "url2": "http://www.aisei.co.jp", "内容": "アイセイ薬局　水戸南町店0茨城県水戸市南町２－３－３１" }, "geometry": { "type": "Point", "coordinates": [ 140.473056, 36.372222 ] } },
{ "type": "Feature", "properties": { "ID": 851000004003, "正式名称": "ビッグママあこ薬局", "機関区分": 5, "都道府県コード": 8, "市区町村コード": 364, "所在地": "茨城県久慈郡大子町池田２６７６－１６", "緯度": 36.774265, "経度": 140.357195, "url": "https://www.iryou.teikyouseido.mhlw.go.jp/znk-web/juminkanja/S2430/initialize?prefCd=08&kikanCd=1000004003&kikanKbn=nan", "url2": "https://bigmama-ako.com/", "内容": "ビッグママあこ薬局0茨城県久慈郡大子町池田２６７６－１６" }, "geometry": { "type": "Point", "coordinates": [ 140.357195, 36.774265 ] } },
{ "type": "Feature", "properties": { "ID": 851000004004, "正式名称": "共創未来　ことく薬局", "機関区分": 5, "都道府県コード": 8, "市区町村コード": 226, "所在地": "茨城県那珂市古徳字中道３９７－１２", "緯度": 36.495788, "経度": 140.444635, "url": "https://www.iryou.teikyouseido.mhlw.go.jp/znk-web/juminkanja/S2430/initialize?prefCd=08&kikanCd=1000004004&kikanKbn=nan", "url2": "https://phmirai.co.jp/store/299/", "内容": "共創未来　ことく薬局0茨城県那珂市古徳字中道３９７－１２" }, "geometry": { "type": "Point", "coordinates": [ 140.444635, 36.495788 ] } },
{ "type": "Feature", "properties": { "ID": 851000004005, "正式名称": "カワチ薬局　ひたち野牛久店", "機関区分": 5, "都道府県コード": 8, "市区町村コード": 219, "所在地": "茨城県牛久市ひたち野東５－２１－２", "緯度": 36.003622, "経度": 140.161875, "url": "https://www.iryou.teikyouseido.mhlw.go.jp/znk-web/juminkanja/S2430/initialize?prefCd=08&kikanCd=1000004005&kikanKbn=nan", "url2": "https://www.cawachi.co.jp", "内容": "カワチ薬局　ひたち野牛久店0茨城県牛久市ひたち野東５－２１－２" }, "geometry": { "type": "Point", "coordinates": [ 140.161875, 36.003622 ] } },
{ "type": "Feature", "properties": { "ID": 851000004006, "正式名称": "木ノ下薬局　牛谷店", "機関区分": 5, "都道府県コード": 8, "市区町村コード": 204, "所在地": "茨城県古河市東牛谷８１５－３", "緯度": 36.203056, "経度": 139.7475, "url": "https://www.iryou.teikyouseido.mhlw.go.jp/znk-web/juminkanja/S2430/initialize?prefCd=08&kikanCd=1000004006&kikanKbn=nan", "url2": null, "内容": "木ノ下薬局　牛谷店0茨城県古河市東牛谷８１５－３" }, "geometry": { "type": "Point", "coordinates": [ 139.7475, 36.203056 ] } },
{ "type": "Feature", "properties": { "ID": 851000004007, "正式名称": "守谷ふれあい薬局", "機関区分": 5, "都道府県コード": 8, "市区町村コード": 224, "所在地": "茨城県守谷市松前台１－１５－１２", "緯度": 35.967437, "経度": 139.968175, "url": "https://www.iryou.teikyouseido.mhlw.go.jp/znk-web/juminkanja/S2430/initialize?prefCd=08&kikanCd=1000004007&kikanKbn=nan", "url2": "https://cosmo-pharmacy.com", "内容": "守谷ふれあい薬局0茨城県守谷市松前台１－１５－１２" }, "geometry": { "type": "Point", "coordinates": [ 139.968175, 35.967437 ] } },
{ "type": "Feature", "properties": { "ID": 851000004009, "正式名称": "ウエルシア薬局　鹿嶋大野店", "機関区分": 5, "都道府県コード": 8, "市区町村コード": 222, "所在地": "茨城県鹿嶋市和７８９－２", "緯度": 36.046944, "経度": 140.610556, "url": "https://www.iryou.teikyouseido.mhlw.go.jp/znk-web/juminkanja/S2430/initialize?prefCd=08&kikanCd=1000004009&kikanKbn=nan", "url2": "www.welcia-yakkyoku.co.jp", "内容": "ウエルシア薬局　鹿嶋大野店0茨城県鹿嶋市和７８９－２" }, "geometry": { "type": "Point", "coordinates": [ 140.610556, 36.046944 ] } },
{ "type": "Feature", "properties": { "ID": 851000004010, "正式名称": "ウエルシア薬局　土浦真鍋店", "機関区分": 5, "都道府県コード": 8, "市区町村コード": 203, "所在地": "茨城県土浦市真鍋３－５－２５", "緯度": 36.091994, "経度": 140.203037, "url": "https://www.iryou.teikyouseido.mhlw.go.jp/znk-web/juminkanja/S2430/initialize?prefCd=08&kikanCd=1000004010&kikanKbn=nan", "url2": "http://www.welcia-yakkyoku.co.jp", "内容": "ウエルシア薬局　土浦真鍋店0茨城県土浦市真鍋３－５－２５" }, "geometry": { "type": "Point", "coordinates": [ 140.203037, 36.091994 ] } },
{ "type": "Feature", "properties": { "ID": 851000004011, "正式名称": "ウエルシア薬局　つくば研究学園北店", "機関区分": 5, "都道府県コード": 8, "市区町村コード": 220, "所在地": "茨城県つくば市学園の森２丁目３３番地", "緯度": 36.096389, "経度": 140.079444, "url": "https://www.iryou.teikyouseido.mhlw.go.jp/znk-web/juminkanja/S2430/initialize?prefCd=08&kikanCd=1000004011&kikanKbn=nan", "url2": "http://www.welcia-kanto.jp", "内容": "ウエルシア薬局　つくば研究学園北店0茨城県つくば市学園の森２丁目３３番地" }, "geometry": { "type": "Point", "coordinates": [ 140.079444, 36.096389 ] } },
{ "type": "Feature", "properties": { "ID": 851000004012, "正式名称": "ウエルシア薬局　鹿嶋宮津台店", "機関区分": 5, "都道府県コード": 8, "市区町村コード": 222, "所在地": "茨城県鹿嶋市大字宮津台１５１－５２", "緯度": 35.970833, "経度": 140.65, "url": "https://www.iryou.teikyouseido.mhlw.go.jp/znk-web/juminkanja/S2430/initialize?prefCd=08&kikanCd=1000004012&kikanKbn=nan", "url2": "http://www.welcia-kanto.jp", "内容": "ウエルシア薬局　鹿嶋宮津台店0茨城県鹿嶋市大字宮津台１５１－５２" }, "geometry": { "type": "Point", "coordinates": [ 140.65, 35.970833 ] } },
{ "type": "Feature", "properties": { "ID": 851000004013, "正式名称": "南山堂薬局取手駅前店", "機関区分": 5, "都道府県コード": 8, "市区町村コード": 217, "所在地": "茨城県取手市中央町２－２５", "緯度": 35.897721, "経度": 140.063591, "url": "https://www.iryou.teikyouseido.mhlw.go.jp/znk-web/juminkanja/S2430/initialize?prefCd=08&kikanCd=1000004013&kikanKbn=nan", "url2": "www.nanzando.co.jp/", "内容": "南山堂薬局取手駅前店0茨城県取手市中央町２－２５" }, "geometry": { "type": "Point", "coordinates": [ 140.063591, 35.897721 ] } },
{ "type": "Feature", "properties": { "ID": 851000004015, "正式名称": "山口薬局ウララ店", "機関区分": 5, "都道府県コード": 8, "市区町村コード": 203, "所在地": "茨城県土浦市大和町９－２　ウララ２　１Ｆ", "緯度": 36.074722, "経度": 140.206667, "url": "https://www.iryou.teikyouseido.mhlw.go.jp/znk-web/juminkanja/S2430/initialize?prefCd=08&kikanCd=1000004015&kikanKbn=nan", "url2": "http://www.kantou-iryou.co.jp/shop/index.html", "内容": "山口薬局ウララ店0茨城県土浦市大和町９－２　ウララ２　１Ｆ" }, "geometry": { "type": "Point", "coordinates": [ 140.206667, 36.074722 ] } },
{ "type": "Feature", "properties": { "ID": 851000004016, "正式名称": "学園中央薬局　石下店", "機関区分": 5, "都道府県コード": 8, "市区町村コード": 211, "所在地": "茨城県常総市向石下８９９－６１", "緯度": 36.109722, "経度": 139.952222, "url": "https://www.iryou.teikyouseido.mhlw.go.jp/znk-web/juminkanja/S2430/initialize?prefCd=08&kikanCd=1000004016&kikanKbn=nan", "url2": "https://www.e-bondh.jp/", "内容": "学園中央薬局　石下店0茨城県常総市向石下８９９－６１" }, "geometry": { "type": "Point", "coordinates": [ 139.952222, 36.109722 ] } },
{ "type": "Feature", "properties": { "ID": 851000004017, "正式名称": "バンビ薬局　梅香店", "機関区分": 5, "都道府県コード": 8, "市区町村コード": 201, "所在地": "茨城県水戸市梅香１ー２ー５０水戸ビル１階", "緯度": 36.37443, "経度": 140.47001, "url": "https://www.iryou.teikyouseido.mhlw.go.jp/znk-web/juminkanja/S2430/initialize?prefCd=08&kikanCd=1000004017&kikanKbn=nan", "url2": "https://www.bambi-pharmacy.com/", "内容": "バンビ薬局　梅香店0茨城県水戸市梅香１ー２ー５０水戸ビル１階" }, "geometry": { "type": "Point", "coordinates": [ 140.47001, 36.37443 ] } },
{ "type": "Feature", "properties": { "ID": 851000004019, "正式名称": "ながほりの薬局", "機関区分": 5, "都道府県コード": 8, "市区町村コード": 221, "所在地": "茨城県ひたちなか市長堀町３－８－１９", "緯度": 36.391185, "経度": 140.543145, "url": "https://www.iryou.teikyouseido.mhlw.go.jp/znk-web/juminkanja/S2430/initialize?prefCd=08&kikanCd=1000004019&kikanKbn=nan", "url2": null, "内容": "ながほりの薬局0茨城県ひたちなか市長堀町３－８－１９" }, "geometry": { "type": "Point", "coordinates": [ 140.543145, 36.391185 ] } },
{ "type": "Feature", "properties": { "ID": 851000004020, "正式名称": "みらい薬局", "機関区分": 5, "都道府県コード": 8, "市区町村コード": 224, "所在地": "茨城県守谷市立沢９８１－５", "緯度": 35.953554, "経度": 139.979334, "url": "https://www.iryou.teikyouseido.mhlw.go.jp/znk-web/juminkanja/S2430/initialize?prefCd=08&kikanCd=1000004020&kikanKbn=nan", "url2": null, "内容": "みらい薬局0茨城県守谷市立沢９８１－５" }, "geometry": { "type": "Point", "coordinates": [ 139.979334, 35.953554 ] } },
{ "type": "Feature", "properties": { "ID": 851000004021, "正式名称": "南山堂薬局中高津店", "機関区分": 5, "都道府県コード": 8, "市区町村コード": 203, "所在地": "茨城県土浦市中高津３－１１－１５", "緯度": 36.067659, "経度": 140.179686, "url": "https://www.iryou.teikyouseido.mhlw.go.jp/znk-web/juminkanja/S2430/initialize?prefCd=08&kikanCd=1000004021&kikanKbn=nan", "url2": "http://www.nanzando-holdings.co.jp/", "内容": "南山堂薬局中高津店0茨城県土浦市中高津３－１１－１５" }, "geometry": { "type": "Point", "coordinates": [ 140.179686, 36.067659 ] } },
{ "type": "Feature", "properties": { "ID": 851000004022, "正式名称": "アイン薬局　なめがた店", "機関区分": 5, "都道府県コード": 8, "市区町村コード": 233, "所在地": "茨城県行方市小幡１１０１ー４１", "緯度": 36.066389, "経度": 140.463889, "url": "https://www.iryou.teikyouseido.mhlw.go.jp/znk-web/juminkanja/S2430/initialize?prefCd=08&kikanCd=1000004022&kikanKbn=nan", "url2": "http://www.ainj.co.jp", "内容": "アイン薬局　なめがた店0茨城県行方市小幡１１０１ー４１" }, "geometry": { "type": "Point", "coordinates": [ 140.463889, 36.066389 ] } },
{ "type": "Feature", "properties": { "ID": 851000004023, "正式名称": "日本調剤　なめがた薬局", "機関区分": 5, "都道府県コード": 8, "市区町村コード": 233, "所在地": "茨城県行方市小幡１１０１－４０", "緯度": 36.066111, "経度": 140.463889, "url": "https://www.iryou.teikyouseido.mhlw.go.jp/znk-web/juminkanja/S2430/initialize?prefCd=08&kikanCd=1000004023&kikanKbn=nan", "url2": "http://www.nicho.co.jp/", "内容": "日本調剤　なめがた薬局0茨城県行方市小幡１１０１－４０" }, "geometry": { "type": "Point", "coordinates": [ 140.463889, 36.066111 ] } },
{ "type": "Feature", "properties": { "ID": 851000004024, "正式名称": "カワチ薬局　赤塚店", "機関区分": 5, "都道府県コード": 8, "市区町村コード": 201, "所在地": "茨城県水戸市河和田１－１６６３－１", "緯度": 36.377945, "経度": 140.414936, "url": "https://www.iryou.teikyouseido.mhlw.go.jp/znk-web/juminkanja/S2430/initialize?prefCd=08&kikanCd=1000004024&kikanKbn=nan", "url2": "https://www.cawachi.co.jp/", "内容": "カワチ薬局　赤塚店0茨城県水戸市河和田１－１６６３－１" }, "geometry": { "type": "Point", "coordinates": [ 140.414936, 36.377945 ] } },
{ "type": "Feature", "properties": { "ID": 851000004025, "正式名称": "ヤックスドラッグ潮来薬局", "機関区分": 5, "都道府県コード": 8, "市区町村コード": 223, "所在地": "茨城県潮来市潮来１１５２", "緯度": 35.944696, "経度": 140.548903, "url": "https://www.iryou.teikyouseido.mhlw.go.jp/znk-web/juminkanja/S2430/initialize?prefCd=08&kikanCd=1000004025&kikanKbn=nan", "url2": "http://yacs.jp", "内容": "ヤックスドラッグ潮来薬局0茨城県潮来市潮来１１５２" }, "geometry": { "type": "Point", "coordinates": [ 140.548903, 35.944696 ] } },
{ "type": "Feature", "properties": { "ID": 851000004026, "正式名称": "アイセイ薬局　北茨城店", "機関区分": 5, "都道府県コード": 8, "市区町村コード": 215, "所在地": "茨城県北茨城市関南町関本下１０５０－５", "緯度": 36.842408, "経度": 140.770616, "url": "https://www.iryou.teikyouseido.mhlw.go.jp/znk-web/juminkanja/S2430/initialize?prefCd=08&kikanCd=1000004026&kikanKbn=nan", "url2": "http://www.aisei.co.jp", "内容": "アイセイ薬局　北茨城店0茨城県北茨城市関南町関本下１０５０－５" }, "geometry": { "type": "Point", "coordinates": [ 140.770616, 36.842408 ] } },
{ "type": "Feature", "properties": { "ID": 851000004027, "正式名称": "ウエルシア薬局　結城新福寺店", "機関区分": 5, "都道府県コード": 8, "市区町村コード": 207, "所在地": "茨城県結城市新福寺２－２１－６", "緯度": 36.288333, "経度": 139.873333, "url": "https://www.iryou.teikyouseido.mhlw.go.jp/znk-web/juminkanja/S2430/initialize?prefCd=08&kikanCd=1000004027&kikanKbn=nan", "url2": "http://www.welcia-yakkyoku.co.jp", "内容": "ウエルシア薬局　結城新福寺店0茨城県結城市新福寺２－２１－６" }, "geometry": { "type": "Point", "coordinates": [ 139.873333, 36.288333 ] } },
{ "type": "Feature", "properties": { "ID": 851000004029, "正式名称": "大宮いずみ薬局", "機関区分": 5, "都道府県コード": 8, "市区町村コード": 225, "所在地": "茨城県常陸大宮市泉５４３－１７", "緯度": 36.531193, "経度": 140.427475, "url": "https://www.iryou.teikyouseido.mhlw.go.jp/znk-web/juminkanja/S2430/initialize?prefCd=08&kikanCd=1000004029&kikanKbn=nan", "url2": null, "内容": "大宮いずみ薬局0茨城県常陸大宮市泉５４３－１７" }, "geometry": { "type": "Point", "coordinates": [ 140.427475, 36.531193 ] } },
{ "type": "Feature", "properties": { "ID": 851000004030, "正式名称": "みらい平薬局", "機関区分": 5, "都道府県コード": 8, "市区町村コード": 235, "所在地": "茨城県つくばみらい市紫峰ヶ丘１－１６－５", "緯度": 35.99905, "経度": 140.039161, "url": "https://www.iryou.teikyouseido.mhlw.go.jp/znk-web/juminkanja/S2430/initialize?prefCd=08&kikanCd=1000004030&kikanKbn=nan", "url2": "https://www.qol-net.co.jp/pharmacy/map/detail.php?id=693", "内容": "みらい平薬局0茨城県つくばみらい市紫峰ヶ丘１－１６－５" }, "geometry": { "type": "Point", "coordinates": [ 140.039161, 35.99905 ] } },
{ "type": "Feature", "properties": { "ID": 851000004031, "正式名称": "ウエルシア薬局　守谷松並店", "機関区分": 5, "都道府県コード": 8, "市区町村コード": 224, "所在地": "茨城県守谷市ひがし野４－１－９", "緯度": 35.955507, "経度": 139.991958, "url": "https://www.iryou.teikyouseido.mhlw.go.jp/znk-web/juminkanja/S2430/initialize?prefCd=08&kikanCd=1000004031&kikanKbn=nan", "url2": "http://welcia-yakkyoku.co.jp", "内容": "ウエルシア薬局　守谷松並店0茨城県守谷市ひがし野４－１－９" }, "geometry": { "type": "Point", "coordinates": [ 139.991958, 35.955507 ] } },
{ "type": "Feature", "properties": { "ID": 851000004032, "正式名称": "あけぼの薬局　学園の森店", "機関区分": 5, "都道府県コード": 8, "市区町村コード": 220, "所在地": "茨城県つくば市学園の森２－３９－３", "緯度": 36.100876, "経度": 140.078712, "url": "https://www.iryou.teikyouseido.mhlw.go.jp/znk-web/juminkanja/S2430/initialize?prefCd=08&kikanCd=1000004032&kikanKbn=nan", "url2": "https://www.akebono1.com/", "内容": "あけぼの薬局　学園の森店0茨城県つくば市学園の森２－３９－３" }, "geometry": { "type": "Point", "coordinates": [ 140.078712, 36.100876 ] } },
{ "type": "Feature", "properties": { "ID": 851000004034, "正式名称": "北茨城薬局　関南店", "機関区分": 5, "都道府県コード": 8, "市区町村コード": 215, "所在地": "茨城県北茨城市関南町関本下１０５０－７", "緯度": 36.842442, "経度": 140.770184, "url": "https://www.iryou.teikyouseido.mhlw.go.jp/znk-web/juminkanja/S2430/initialize?prefCd=08&kikanCd=1000004034&kikanKbn=nan", "url2": null, "内容": "北茨城薬局　関南店0茨城県北茨城市関南町関本下１０５０－７" }, "geometry": { "type": "Point", "coordinates": [ 140.770184, 36.842442 ] } },
{ "type": "Feature", "properties": { "ID": 851000004035, "正式名称": "すまいる薬局ひたちなか店", "機関区分": 5, "都道府県コード": 8, "市区町村コード": 221, "所在地": "茨城県ひたちなか市馬渡２９９７－１５", "緯度": 36.407928, "経度": 140.57761, "url": "https://www.iryou.teikyouseido.mhlw.go.jp/znk-web/juminkanja/S2430/initialize?prefCd=08&kikanCd=1000004035&kikanKbn=nan", "url2": null, "内容": "すまいる薬局ひたちなか店0茨城県ひたちなか市馬渡２９９７－１５" }, "geometry": { "type": "Point", "coordinates": [ 140.57761, 36.407928 ] } },
{ "type": "Feature", "properties": { "ID": 851000004036, "正式名称": "広野薬局　北茨城店", "機関区分": 5, "都道府県コード": 8, "市区町村コード": 215, "所在地": "茨城県北茨城市磯原町豊田１－３８－２", "緯度": 36.793256, "経度": 140.736796, "url": "https://www.iryou.teikyouseido.mhlw.go.jp/znk-web/juminkanja/S2430/initialize?prefCd=08&kikanCd=1000004036&kikanKbn=nan", "url2": "https://hirono-pharmacy.jp/about/shop/", "内容": "広野薬局　北茨城店0茨城県北茨城市磯原町豊田１－３８－２" }, "geometry": { "type": "Point", "coordinates": [ 140.736796, 36.793256 ] } },
{ "type": "Feature", "properties": { "ID": 851000004037, "正式名称": "カワチ薬局　千代田店", "機関区分": 5, "都道府県コード": 8, "市区町村コード": 230, "所在地": "茨城県かすみがうら市下稲吉２６３３－７", "緯度": 36.121111, "経度": 140.233611, "url": "https://www.iryou.teikyouseido.mhlw.go.jp/znk-web/juminkanja/S2430/initialize?prefCd=08&kikanCd=1000004037&kikanKbn=nan", "url2": "http://www.cawachi.co.jp", "内容": "カワチ薬局　千代田店0茨城県かすみがうら市下稲吉２６３３－７" }, "geometry": { "type": "Point", "coordinates": [ 140.233611, 36.121111 ] } },
{ "type": "Feature", "properties": { "ID": 851000004040, "正式名称": "共創未来　城里薬局", "機関区分": 5, "都道府県コード": 8, "市区町村コード": 310, "所在地": "茨城県東茨城郡城里町上圷８８８－１", "緯度": 36.491389, "経度": 140.376667, "url": "https://www.iryou.teikyouseido.mhlw.go.jp/znk-web/juminkanja/S2430/initialize?prefCd=08&kikanCd=1000004040&kikanKbn=nan", "url2": "http://www.phmirai.co.jp/", "内容": "共創未来　城里薬局0茨城県東茨城郡城里町上圷８８８－１" }, "geometry": { "type": "Point", "coordinates": [ 140.376667, 36.491389 ] } },
{ "type": "Feature", "properties": { "ID": 851000004041, "正式名称": "あんず薬局馬渡店", "機関区分": 5, "都道府県コード": 8, "市区町村コード": 221, "所在地": "茨城県ひたちなか市馬渡字向野字２８３５－４", "緯度": 36.404588, "経度": 140.565166, "url": "https://www.iryou.teikyouseido.mhlw.go.jp/znk-web/juminkanja/S2430/initialize?prefCd=08&kikanCd=1000004041&kikanKbn=nan", "url2": "http://bellclan.co.jp", "内容": "あんず薬局馬渡店0茨城県ひたちなか市馬渡字向野字２８３５－４" }, "geometry": { "type": "Point", "coordinates": [ 140.565166, 36.404588 ] } },
{ "type": "Feature", "properties": { "ID": 851000004042, "正式名称": "コスモファーマ薬局茎崎店", "機関区分": 5, "都道府県コード": 8, "市区町村コード": 220, "所在地": "茨城県つくば市天宝喜７３０－１", "緯度": 35.983333, "経度": 140.126111, "url": "https://www.iryou.teikyouseido.mhlw.go.jp/znk-web/juminkanja/S2430/initialize?prefCd=08&kikanCd=1000004042&kikanKbn=nan", "url2": "http://www.cosmo-ph.co.jp/", "内容": "コスモファーマ薬局茎崎店0茨城県つくば市天宝喜７３０－１" }, "geometry": { "type": "Point", "coordinates": [ 140.126111, 35.983333 ] } },
{ "type": "Feature", "properties": { "ID": 851000004043, "正式名称": "さくら薬局　境西南店", "機関区分": 5, "都道府県コード": 8, "市区町村コード": 546, "所在地": "茨城県猿島郡境町長井戸１６４６－５２", "緯度": 36.12009, "経度": 139.79627, "url": "https://www.iryou.teikyouseido.mhlw.go.jp/znk-web/juminkanja/S2430/initialize?prefCd=08&kikanCd=1000004043&kikanKbn=nan", "url2": "https://www.kraft-net.co.jp/sakura/store/3779/", "内容": "さくら薬局　境西南店0茨城県猿島郡境町長井戸１６４６－５２" }, "geometry": { "type": "Point", "coordinates": [ 139.79627, 36.12009 ] } },
{ "type": "Feature", "properties": { "ID": 851000004044, "正式名称": "ウエルシア薬局　古河総和店", "機関区分": 5, "都道府県コード": 8, "市区町村コード": 204, "所在地": "茨城県古河市下辺見２７１５", "緯度": 36.171111, "経度": 139.735556, "url": "https://www.iryou.teikyouseido.mhlw.go.jp/znk-web/juminkanja/S2430/initialize?prefCd=08&kikanCd=1000004044&kikanKbn=nan", "url2": "http://www.welcia-yakkyoku.co.jp/", "内容": "ウエルシア薬局　古河総和店0茨城県古河市下辺見２７１５" }, "geometry": { "type": "Point", "coordinates": [ 139.735556, 36.171111 ] } },
{ "type": "Feature", "properties": { "ID": 851000004045, "正式名称": "落合薬局", "機関区分": 5, "都道府県コード": 8, "市区町村コード": 204, "所在地": "茨城県古河市釈迦１０７８－４", "緯度": 36.145, "経度": 139.758333, "url": "https://www.iryou.teikyouseido.mhlw.go.jp/znk-web/juminkanja/S2430/initialize?prefCd=08&kikanCd=1000004045&kikanKbn=nan", "url2": null, "内容": "落合薬局0茨城県古河市釈迦１０７８－４" }, "geometry": { "type": "Point", "coordinates": [ 139.758333, 36.145 ] } },
{ "type": "Feature", "properties": { "ID": 851000004046, "正式名称": "株式会社くすりのマルト調剤薬局　金沢店", "機関区分": 5, "都道府県コード": 8, "市区町村コード": 202, "所在地": "茨城県日立市金沢町３－３４３", "緯度": 36.54105, "経度": 140.620003, "url": "https://www.iryou.teikyouseido.mhlw.go.jp/znk-web/juminkanja/S2430/initialize?prefCd=08&kikanCd=1000004046&kikanKbn=nan", "url2": null, "内容": "株式会社くすりのマルト調剤薬局　金沢店0茨城県日立市金沢町３－３４３" }, "geometry": { "type": "Point", "coordinates": [ 140.620003, 36.54105 ] } },
{ "type": "Feature", "properties": { "ID": 851000004047, "正式名称": "くりの木薬局", "機関区分": 5, "都道府県コード": 8, "市区町村コード": 208, "所在地": "茨城県龍ケ崎市若柴町２５００－２８", "緯度": 35.932462, "経度": 140.167706, "url": "https://www.iryou.teikyouseido.mhlw.go.jp/znk-web/juminkanja/S2430/initialize?prefCd=08&kikanCd=1000004047&kikanKbn=nan", "url2": "https://www.kurinoki-yk.com/", "内容": "くりの木薬局0茨城県龍ケ崎市若柴町２５００－２８" }, "geometry": { "type": "Point", "coordinates": [ 140.167706, 35.932462 ] } },
{ "type": "Feature", "properties": { "ID": 851000004048, "正式名称": "薬局セレクト双葉台店", "機関区分": 5, "都道府県コード": 8, "市区町村コード": 201, "所在地": "茨城県水戸市開江町２８９－２", "緯度": 36.395278, "経度": 140.4, "url": "https://www.iryou.teikyouseido.mhlw.go.jp/znk-web/juminkanja/S2430/initialize?prefCd=08&kikanCd=1000004048&kikanKbn=nan", "url2": "https://www.ainj.co.jp/", "内容": "薬局セレクト双葉台店0茨城県水戸市開江町２８９－２" }, "geometry": { "type": "Point", "coordinates": [ 140.4, 36.395278 ] } },
{ "type": "Feature", "properties": { "ID": 851000004049, "正式名称": "クリエイト薬局古河下辺見店", "機関区分": 5, "都道府県コード": 8, "市区町村コード": 204, "所在地": "茨城県古河市下辺見２２２６－２", "緯度": 36.194243, "経度": 139.73343, "url": "https://www.iryou.teikyouseido.mhlw.go.jp/znk-web/juminkanja/S2430/initialize?prefCd=08&kikanCd=1000004049&kikanKbn=nan", "url2": "http://www.create-sd.co.jp/", "内容": "クリエイト薬局古河下辺見店0茨城県古河市下辺見２２２６－２" }, "geometry": { "type": "Point", "coordinates": [ 139.73343, 36.194243 ] } },
{ "type": "Feature", "properties": { "ID": 851000004050, "正式名称": "オリーブ薬局", "機関区分": 5, "都道府県コード": 8, "市区町村コード": 204, "所在地": "茨城県古河市尾崎３８２０－８", "緯度": 36.186944, "経度": 139.843611, "url": "https://www.iryou.teikyouseido.mhlw.go.jp/znk-web/juminkanja/S2430/initialize?prefCd=08&kikanCd=1000004050&kikanKbn=nan", "url2": null, "内容": "オリーブ薬局0茨城県古河市尾崎３８２０－８" }, "geometry": { "type": "Point", "coordinates": [ 139.843611, 36.186944 ] } },
{ "type": "Feature", "properties": { "ID": 851000004052, "正式名称": "協和調剤薬局　西南前支局", "機関区分": 5, "都道府県コード": 8, "市区町村コード": 546, "所在地": "茨城県猿島郡境町境町２１８９－１５", "緯度": 36.119964, "経度": 139.79665, "url": "https://www.iryou.teikyouseido.mhlw.go.jp/znk-web/juminkanja/S2430/initialize?prefCd=08&kikanCd=1000004052&kikanKbn=nan", "url2": "http://www.kyowa-hs.com", "内容": "協和調剤薬局　西南前支局0茨城県猿島郡境町境町２１８９－１５" }, "geometry": { "type": "Point", "coordinates": [ 139.79665, 36.119964 ] } },
{ "type": "Feature", "properties": { "ID": 851000004065, "正式名称": "ハニュウ薬局松の木店", "機関区分": 5, "都道府県コード": 8, "市区町村コード": 220, "所在地": "茨城県つくば市松野木１８７ー７", "緯度": 36.058483, "経度": 140.116946, "url": "https://www.iryou.teikyouseido.mhlw.go.jp/znk-web/juminkanja/S2430/initialize?prefCd=08&kikanCd=1000004065&kikanKbn=nan", "url2": "http://www.mydrug.co.jp", "内容": "ハニュウ薬局松の木店0茨城県つくば市松野木１８７ー７" }, "geometry": { "type": "Point", "coordinates": [ 140.116946, 36.058483 ] } },
{ "type": "Feature", "properties": { "ID": 851000004066, "正式名称": "調剤薬局　ツルハドラッグ　茨城桜の郷店", "機関区分": 5, "都道府県コード": 8, "市区町村コード": 302, "所在地": "茨城県東茨城郡茨城町桜の郷３２９４－６", "緯度": 36.326538, "経度": 140.414176, "url": "https://www.iryou.teikyouseido.mhlw.go.jp/znk-web/juminkanja/S2430/initialize?prefCd=08&kikanCd=1000004066&kikanKbn=nan", "url2": "http://www.tsuruha.co.jp", "内容": "調剤薬局　ツルハドラッグ　茨城桜の郷店0茨城県東茨城郡茨城町桜の郷３２９４－６" }, "geometry": { "type": "Point", "coordinates": [ 140.414176, 36.326538 ] } },
{ "type": "Feature", "properties": { "ID": 851000004067, "正式名称": "コロ薬局水戸店", "機関区分": 5, "都道府県コード": 8, "市区町村コード": 201, "所在地": "茨城県水戸市大工町１－２－３", "緯度": 36.380203, "経度": 140.458573, "url": "https://www.iryou.teikyouseido.mhlw.go.jp/znk-web/juminkanja/S2430/initialize?prefCd=08&kikanCd=1000004067&kikanKbn=nan", "url2": "https://kmt-ph.co.jp", "内容": "コロ薬局水戸店0茨城県水戸市大工町１－２－３" }, "geometry": { "type": "Point", "coordinates": [ 140.458573, 36.380203 ] } },
{ "type": "Feature", "properties": { "ID": 851000004068, "正式名称": "協和調剤薬局　つくば支局", "機関区分": 5, "都道府県コード": 8, "市区町村コード": 220, "所在地": "茨城県つくば市苅間１９２７－３", "緯度": 36.082851, "経度": 140.103867, "url": "https://www.iryou.teikyouseido.mhlw.go.jp/znk-web/juminkanja/S2430/initialize?prefCd=08&kikanCd=1000004068&kikanKbn=nan", "url2": "http://www.kyowa-hs.com", "内容": "協和調剤薬局　つくば支局0茨城県つくば市苅間１９２７－３" }, "geometry": { "type": "Point", "coordinates": [ 140.103867, 36.082851 ] } },
{ "type": "Feature", "properties": { "ID": 851000004069, "正式名称": "あけぼの薬局　内守谷店", "機関区分": 5, "都道府県コード": 8, "市区町村コード": 211, "所在地": "茨城県常総市内守谷町３７１９－５", "緯度": 35.989691, "経度": 139.94771, "url": "https://www.iryou.teikyouseido.mhlw.go.jp/znk-web/juminkanja/S2430/initialize?prefCd=08&kikanCd=1000004069&kikanKbn=nan", "url2": "http://www.akebono1.com", "内容": "あけぼの薬局　内守谷店0茨城県常総市内守谷町３７１９－５" }, "geometry": { "type": "Point", "coordinates": [ 139.94771, 35.989691 ] } },
{ "type": "Feature", "properties": { "ID": 851000004070, "正式名称": "あい薬局　大沼店", "機関区分": 5, "都道府県コード": 8, "市区町村コード": 202, "所在地": "茨城県日立市東大沼町３－１５－１９", "緯度": 36.529283, "経度": 140.623138, "url": "https://www.iryou.teikyouseido.mhlw.go.jp/znk-web/juminkanja/S2430/initialize?prefCd=08&kikanCd=1000004070&kikanKbn=nan", "url2": null, "内容": "あい薬局　大沼店0茨城県日立市東大沼町３－１５－１９" }, "geometry": { "type": "Point", "coordinates": [ 140.623138, 36.529283 ] } },
{ "type": "Feature", "properties": { "ID": 851000004071, "正式名称": "調剤薬局　ツルハドラッグ　土浦小松店", "機関区分": 5, "都道府県コード": 8, "市区町村コード": 203, "所在地": "茨城県土浦市小松１丁目４ー２７", "緯度": 36.072602, "経度": 140.203607, "url": "https://www.iryou.teikyouseido.mhlw.go.jp/znk-web/juminkanja/S2430/initialize?prefCd=08&kikanCd=1000004071&kikanKbn=nan", "url2": "https://shop.tsuruha-g.com/0645c", "内容": "調剤薬局　ツルハドラッグ　土浦小松店0茨城県土浦市小松１丁目４ー２７" }, "geometry": { "type": "Point", "coordinates": [ 140.203607, 36.072602 ] } },
{ "type": "Feature", "properties": { "ID": 851000004073, "正式名称": "セルレア薬局", "機関区分": 5, "都道府県コード": 8, "市区町村コード": 442, "所在地": "茨城県稲敷郡美浦村大谷１２２１", "緯度": 36.003448, "経度": 140.315804, "url": "https://www.iryou.teikyouseido.mhlw.go.jp/znk-web/juminkanja/S2430/initialize?prefCd=08&kikanCd=1000004073&kikanKbn=nan", "url2": null, "内容": "セルレア薬局0茨城県稲敷郡美浦村大谷１２２１" }, "geometry": { "type": "Point", "coordinates": [ 140.315804, 36.003448 ] } },
{ "type": "Feature", "properties": { "ID": 851000004074, "正式名称": "さくら薬局　水戸河和田店", "機関区分": 5, "都道府県コード": 8, "市区町村コード": 201, "所在地": "茨城県水戸市河和田町長谷原４４０５－１０６", "緯度": 36.359789, "経度": 140.397566, "url": "https://www.iryou.teikyouseido.mhlw.go.jp/znk-web/juminkanja/S2430/initialize?prefCd=08&kikanCd=1000004074&kikanKbn=nan", "url2": "https://www.kraft-net.co.jp/sakura/store/3699/", "内容": "さくら薬局　水戸河和田店0茨城県水戸市河和田町長谷原４４０５－１０６" }, "geometry": { "type": "Point", "coordinates": [ 140.397566, 36.359789 ] } },
{ "type": "Feature", "properties": { "ID": 851000004075, "正式名称": "うちはら薬局", "機関区分": 5, "都道府県コード": 8, "市区町村コード": 201, "所在地": "茨城県水戸市内原１丁目９２８－４", "緯度": 36.366944, "経度": 140.355833, "url": "https://www.iryou.teikyouseido.mhlw.go.jp/znk-web/juminkanja/S2430/initialize?prefCd=08&kikanCd=1000004075&kikanKbn=nan", "url2": null, "内容": "うちはら薬局0茨城県水戸市内原１丁目９２８－４" }, "geometry": { "type": "Point", "coordinates": [ 140.355833, 36.366944 ] } },
{ "type": "Feature", "properties": { "ID": 851000004076, "正式名称": "うるの薬局", "機関区分": 5, "都道府県コード": 8, "市区町村コード": 225, "所在地": "茨城県常陸大宮市下町３９８６－５", "緯度": 36.549023, "経度": 140.416989, "url": "https://www.iryou.teikyouseido.mhlw.go.jp/znk-web/juminkanja/S2430/initialize?prefCd=08&kikanCd=1000004076&kikanKbn=nan", "url2": "https://www.aisei.co.jp", "内容": "うるの薬局0茨城県常陸大宮市下町３９８６－５" }, "geometry": { "type": "Point", "coordinates": [ 140.416989, 36.549023 ] } },
{ "type": "Feature", "properties": { "ID": 851000004077, "正式名称": "南山堂薬局南平台店", "機関区分": 5, "都道府県コード": 8, "市区町村コード": 443, "所在地": "茨城県稲敷郡阿見町南平台１－３２－１", "緯度": 36.021799, "経度": 140.252099, "url": "https://www.iryou.teikyouseido.mhlw.go.jp/znk-web/juminkanja/S2430/initialize?prefCd=08&kikanCd=1000004077&kikanKbn=nan", "url2": "http://www.nanzando.co.jp/", "内容": "南山堂薬局南平台店0茨城県稲敷郡阿見町南平台１－３２－１" }, "geometry": { "type": "Point", "coordinates": [ 140.252099, 36.021799 ] } },
{ "type": "Feature", "properties": { "ID": 851000004078, "正式名称": "ウエルシア薬局　石岡杉並店", "機関区分": 5, "都道府県コード": 8, "市区町村コード": 205, "所在地": "茨城県石岡市石岡２２８０ー２", "緯度": 36.198611, "経度": 140.288889, "url": "https://www.iryou.teikyouseido.mhlw.go.jp/znk-web/juminkanja/S2430/initialize?prefCd=08&kikanCd=1000004078&kikanKbn=nan", "url2": "http://www.welcia-yakkyoku.co.jp/stores/stores/detail/6226.html", "内容": "ウエルシア薬局　石岡杉並店0茨城県石岡市石岡２２８０ー２" }, "geometry": { "type": "Point", "coordinates": [ 140.288889, 36.198611 ] } },
{ "type": "Feature", "properties": { "ID": 851000004079, "正式名称": "ウエルシア薬局　小美玉玉里店", "機関区分": 5, "都道府県コード": 8, "市区町村コード": 236, "所在地": "茨城県小美玉市田木谷２１２－１", "緯度": 36.171196, "経度": 140.349807, "url": "https://www.iryou.teikyouseido.mhlw.go.jp/znk-web/juminkanja/S2430/initialize?prefCd=08&kikanCd=1000004079&kikanKbn=nan", "url2": "https://store.welcia.co.jp/welcia/spot/detail?code=6331D", "内容": "ウエルシア薬局　小美玉玉里店0茨城県小美玉市田木谷２１２－１" }, "geometry": { "type": "Point", "coordinates": [ 140.349807, 36.171196 ] } },
{ "type": "Feature", "properties": { "ID": 851000004081, "正式名称": "ＩＰＩＣ薬局", "機関区分": 5, "都道府県コード": 8, "市区町村コード": 201, "所在地": "茨城県水戸市笠原町９７８－２", "緯度": 36.338333, "経度": 140.451111, "url": "https://www.iryou.teikyouseido.mhlw.go.jp/znk-web/juminkanja/S2430/initialize?prefCd=08&kikanCd=1000004081&kikanKbn=nan", "url2": null, "内容": "ＩＰＩＣ薬局0茨城県水戸市笠原町９７８－２" }, "geometry": { "type": "Point", "coordinates": [ 140.451111, 36.338333 ] } },
{ "type": "Feature", "properties": { "ID": 851000004082, "正式名称": "アップル薬局　水戸店", "機関区分": 5, "都道府県コード": 8, "市区町村コード": 201, "所在地": "茨城県水戸市大足町９８０－５", "緯度": 36.384717, "経度": 140.369484, "url": "https://www.iryou.teikyouseido.mhlw.go.jp/znk-web/juminkanja/S2430/initialize?prefCd=08&kikanCd=1000004082&kikanKbn=nan", "url2": "http://www.applecarenet.jp/", "内容": "アップル薬局　水戸店0茨城県水戸市大足町９８０－５" }, "geometry": { "type": "Point", "coordinates": [ 140.369484, 36.384717 ] } },
{ "type": "Feature", "properties": { "ID": 851000004085, "正式名称": "いちご薬局みどりの店", "機関区分": 5, "都道府県コード": 8, "市区町村コード": 220, "所在地": "茨城県つくば市みどりの１－３１－９みどりのメディカルモール１Ｆ", "緯度": 36.026111, "経度": 140.058333, "url": "https://www.iryou.teikyouseido.mhlw.go.jp/znk-web/juminkanja/S2430/initialize?prefCd=08&kikanCd=1000004085&kikanKbn=nan", "url2": "http://medico-ph.net/profile.html", "内容": "いちご薬局みどりの店0茨城県つくば市みどりの１－３１－９みどりのメディカルモール１Ｆ" }, "geometry": { "type": "Point", "coordinates": [ 140.058333, 36.026111 ] } },
{ "type": "Feature", "properties": { "ID": 851000004086, "正式名称": "ひかり薬局取手店", "機関区分": 5, "都道府県コード": 8, "市区町村コード": 217, "所在地": "茨城県取手市東２－６－４０", "緯度": 35.889023, "経度": 140.068865, "url": "https://www.iryou.teikyouseido.mhlw.go.jp/znk-web/juminkanja/S2430/initialize?prefCd=08&kikanCd=1000004086&kikanKbn=nan", "url2": "http://irph.jp/", "内容": "ひかり薬局取手店0茨城県取手市東２－６－４０" }, "geometry": { "type": "Point", "coordinates": [ 140.068865, 35.889023 ] } },
{ "type": "Feature", "properties": { "ID": 851000004087, "正式名称": "アルファーム薬局　大宮店", "機関区分": 5, "都道府県コード": 8, "市区町村コード": 225, "所在地": "茨城県常陸大宮市上町３１０", "緯度": 36.549514, "経度": 140.414132, "url": "https://www.iryou.teikyouseido.mhlw.go.jp/znk-web/juminkanja/S2430/initialize?prefCd=08&kikanCd=1000004087&kikanKbn=nan", "url2": "https://www.alpharm.co.jp/", "内容": "アルファーム薬局　大宮店0茨城県常陸大宮市上町３１０" }, "geometry": { "type": "Point", "coordinates": [ 140.414132, 36.549514 ] } },
{ "type": "Feature", "properties": { "ID": 851000004091, "正式名称": "カワチ薬局　守谷店", "機関区分": 5, "都道府県コード": 8, "市区町村コード": 224, "所在地": "茨城県守谷市美園２－１６－２", "緯度": 35.924848, "経度": 140.001961, "url": "https://www.iryou.teikyouseido.mhlw.go.jp/znk-web/juminkanja/S2430/initialize?prefCd=08&kikanCd=1000004091&kikanKbn=nan", "url2": "https://www.cawachi.co.jp", "内容": "カワチ薬局　守谷店0茨城県守谷市美園２－１６－２" }, "geometry": { "type": "Point", "coordinates": [ 140.001961, 35.924848 ] } },
{ "type": "Feature", "properties": { "ID": 851000004092, "正式名称": "天心堂薬局", "機関区分": 5, "都道府県コード": 8, "市区町村コード": 201, "所在地": "茨城県水戸市中丸町２０５２－４１", "緯度": 36.381667, "経度": 140.413611, "url": "https://www.iryou.teikyouseido.mhlw.go.jp/znk-web/juminkanja/S2430/initialize?prefCd=08&kikanCd=1000004092&kikanKbn=nan", "url2": "https://www.alpharm.co.jp/", "内容": "天心堂薬局0茨城県水戸市中丸町２０５２－４１" }, "geometry": { "type": "Point", "coordinates": [ 140.413611, 36.381667 ] } },
{ "type": "Feature", "properties": { "ID": 851000004094, "正式名称": "株式会社あさがお薬局", "機関区分": 5, "都道府県コード": 8, "市区町村コード": 227, "所在地": "茨城県筑西市丙１５１－１", "緯度": 36.303611, "経度": 139.983611, "url": "https://www.iryou.teikyouseido.mhlw.go.jp/znk-web/juminkanja/S2430/initialize?prefCd=08&kikanCd=1000004094&kikanKbn=nan", "url2": null, "内容": "株式会社あさがお薬局0茨城県筑西市丙１５１－１" }, "geometry": { "type": "Point", "coordinates": [ 139.983611, 36.303611 ] } },
{ "type": "Feature", "properties": { "ID": 851000004097, "正式名称": "境ゆう薬局", "機関区分": 5, "都道府県コード": 8, "市区町村コード": 546, "所在地": "茨城県猿島郡境町境町１７８ー１５", "緯度": 36.110278, "経度": 139.805278, "url": "https://www.iryou.teikyouseido.mhlw.go.jp/znk-web/juminkanja/S2430/initialize?prefCd=08&kikanCd=1000004097&kikanKbn=nan", "url2": null, "内容": "境ゆう薬局0茨城県猿島郡境町境町１７８ー１５" }, "geometry": { "type": "Point", "coordinates": [ 139.805278, 36.110278 ] } },
{ "type": "Feature", "properties": { "ID": 851000004098, "正式名称": "アイランド薬局　境町店", "機関区分": 5, "都道府県コード": 8, "市区町村コード": 546, "所在地": "茨城県猿島郡境町長井戸１６４６－５３", "緯度": 36.119889, "経度": 139.795745, "url": "https://www.iryou.teikyouseido.mhlw.go.jp/znk-web/juminkanja/S2430/initialize?prefCd=08&kikanCd=1000004098&kikanKbn=nan", "url2": "http://www.apocreat.co.jp/", "内容": "アイランド薬局　境町店0茨城県猿島郡境町長井戸１６４６－５３" }, "geometry": { "type": "Point", "coordinates": [ 139.795745, 36.119889 ] } },
{ "type": "Feature", "properties": { "ID": 851000004101, "正式名称": "みつばち薬局　つくば店", "機関区分": 5, "都道府県コード": 8, "市区町村コード": 220, "所在地": "茨城県つくば市島名２６１０－３", "緯度": 36.057222, "経度": 140.058611, "url": "https://www.iryou.teikyouseido.mhlw.go.jp/znk-web/juminkanja/S2430/initialize?prefCd=08&kikanCd=1000004101&kikanKbn=nan", "url2": "https://www.muse-mitsubachi.com/", "内容": "みつばち薬局　つくば店0茨城県つくば市島名２６１０－３" }, "geometry": { "type": "Point", "coordinates": [ 140.058611, 36.057222 ] } },
{ "type": "Feature", "properties": { "ID": 851000004102, "正式名称": "アップル薬局　霞ヶ浦店", "機関区分": 5, "都道府県コード": 8, "市区町村コード": 203, "所在地": "茨城県土浦市下高津１－２１－５３", "緯度": 36.068056, "経度": 140.196944, "url": "https://www.iryou.teikyouseido.mhlw.go.jp/znk-web/juminkanja/S2430/initialize?prefCd=08&kikanCd=1000004102&kikanKbn=nan", "url2": "http://www.applecarenet.jp/", "内容": "アップル薬局　霞ヶ浦店0茨城県土浦市下高津１－２１－５３" }, "geometry": { "type": "Point", "coordinates": [ 140.196944, 36.068056 ] } },
{ "type": "Feature", "properties": { "ID": 851000004103, "正式名称": "げんき調剤薬局並木店", "機関区分": 5, "都道府県コード": 8, "市区町村コード": 220, "所在地": "茨城県つくば市大角豆１３７２－４", "緯度": 36.067098, "経度": 140.142414, "url": "https://www.iryou.teikyouseido.mhlw.go.jp/znk-web/juminkanja/S2430/initialize?prefCd=08&kikanCd=1000004103&kikanKbn=nan", "url2": "http://medical-box.jp", "内容": "げんき調剤薬局並木店0茨城県つくば市大角豆１３７２－４" }, "geometry": { "type": "Point", "coordinates": [ 140.142414, 36.067098 ] } },
{ "type": "Feature", "properties": { "ID": 851000004104, "正式名称": "なの花薬局那珂店", "機関区分": 5, "都道府県コード": 8, "市区町村コード": 226, "所在地": "茨城県那珂市鴻巣３２４１－７", "緯度": 36.458614, "経度": 140.485445, "url": "https://www.iryou.teikyouseido.mhlw.go.jp/znk-web/juminkanja/S2430/initialize?prefCd=08&kikanCd=1000004104&kikanKbn=nan", "url2": null, "内容": "なの花薬局那珂店0茨城県那珂市鴻巣３２４１－７" }, "geometry": { "type": "Point", "coordinates": [ 140.485445, 36.458614 ] } },
{ "type": "Feature", "properties": { "ID": 851000004107, "正式名称": "なの花薬局　水戸赤塚店", "機関区分": 5, "都道府県コード": 8, "市区町村コード": 201, "所在地": "茨城県水戸市赤塚１－１８７０－４", "緯度": 36.382473, "経度": 140.412776, "url": "https://www.iryou.teikyouseido.mhlw.go.jp/znk-web/juminkanja/S2430/initialize?prefCd=08&kikanCd=1000004107&kikanKbn=nan", "url2": "http://www.pharmaholdings.jp/image_search/koyama_akatsuka.html", "内容": "なの花薬局　水戸赤塚店0茨城県水戸市赤塚１－１８７０－４" }, "geometry": { "type": "Point", "coordinates": [ 140.412776, 36.382473 ] } },
{ "type": "Feature", "properties": { "ID": 851000004108, "正式名称": "なの花薬局石岡八郷店", "機関区分": 5, "都道府県コード": 8, "市区町村コード": 205, "所在地": "茨城県石岡市東成井２７１９－３", "緯度": 36.253889, "経度": 140.284722, "url": "https://www.iryou.teikyouseido.mhlw.go.jp/znk-web/juminkanja/S2430/initialize?prefCd=08&kikanCd=1000004108&kikanKbn=nan", "url2": "https://www.nanohana-ph.jp/", "内容": "なの花薬局石岡八郷店0茨城県石岡市東成井２７１９－３" }, "geometry": { "type": "Point", "coordinates": [ 140.284722, 36.253889 ] } },
{ "type": "Feature", "properties": { "ID": 851000004109, "正式名称": "なの花薬局つくば並木店", "機関区分": 5, "都道府県コード": 8, "市区町村コード": 220, "所在地": "茨城県つくば市並木４－１－３", "緯度": 36.06305, "経度": 140.142712, "url": "https://www.iryou.teikyouseido.mhlw.go.jp/znk-web/juminkanja/S2430/initialize?prefCd=08&kikanCd=1000004109&kikanKbn=nan", "url2": "https://www.nanohana-ph.jp/", "内容": "なの花薬局つくば並木店0茨城県つくば市並木４－１－３" }, "geometry": { "type": "Point", "coordinates": [ 140.142712, 36.06305 ] } },
{ "type": "Feature", "properties": { "ID": 851000004110, "正式名称": "さつき薬局千波店", "機関区分": 5, "都道府県コード": 8, "市区町村コード": 201, "所在地": "茨城県水戸市千波町１２８８－７", "緯度": 36.356389, "経度": 140.468611, "url": "https://www.iryou.teikyouseido.mhlw.go.jp/znk-web/juminkanja/S2430/initialize?prefCd=08&kikanCd=1000004110&kikanKbn=nan", "url2": "http://jp-g.net/", "内容": "さつき薬局千波店0茨城県水戸市千波町１２８８－７" }, "geometry": { "type": "Point", "coordinates": [ 140.468611, 36.356389 ] } },
{ "type": "Feature", "properties": { "ID": 851000004112, "正式名称": "そうごう薬局　笠間店", "機関区分": 5, "都道府県コード": 8, "市区町村コード": 216, "所在地": "茨城県笠間市福原４７－２", "緯度": 36.343333, "経度": 140.188056, "url": "https://www.iryou.teikyouseido.mhlw.go.jp/znk-web/juminkanja/S2430/initialize?prefCd=08&kikanCd=1000004112&kikanKbn=nan", "url2": "http://www.sogo-medical.co.jp/", "内容": "そうごう薬局　笠間店0茨城県笠間市福原４７－２" }, "geometry": { "type": "Point", "coordinates": [ 140.188056, 36.343333 ] } },
{ "type": "Feature", "properties": { "ID": 851000004113, "正式名称": "すまいる薬局つくば店", "機関区分": 5, "都道府県コード": 8, "市区町村コード": 220, "所在地": "茨城県つくば市東２－５－１４本田テナント１０１", "緯度": 36.054539, "経度": 140.136201, "url": "https://www.iryou.teikyouseido.mhlw.go.jp/znk-web/juminkanja/S2430/initialize?prefCd=08&kikanCd=1000004113&kikanKbn=nan", "url2": null, "内容": "すまいる薬局つくば店0茨城県つくば市東２－５－１４本田テナント１０１" }, "geometry": { "type": "Point", "coordinates": [ 140.136201, 36.054539 ] } },
{ "type": "Feature", "properties": { "ID": 851000004114, "正式名称": "アイ薬局", "機関区分": 5, "都道府県コード": 8, "市区町村コード": 221, "所在地": "茨城県ひたちなか市中根４８０７－２", "緯度": 36.391939, "経度": 140.553808, "url": "https://www.iryou.teikyouseido.mhlw.go.jp/znk-web/juminkanja/S2430/initialize?prefCd=08&kikanCd=1000004114&kikanKbn=nan", "url2": "https://dpc-net.ne.jp/storeinfo/ibaraki/ibaraki-ai/", "内容": "アイ薬局0茨城県ひたちなか市中根４８０７－２" }, "geometry": { "type": "Point", "coordinates": [ 140.553808, 36.391939 ] } },
{ "type": "Feature", "properties": { "ID": 851000004115, "正式名称": "あやめ薬局　鹿嶋店", "機関区分": 5, "都道府県コード": 8, "市区町村コード": 222, "所在地": "茨城県鹿嶋市厨５－５－１１", "緯度": 35.971667, "経度": 140.629444, "url": "https://www.iryou.teikyouseido.mhlw.go.jp/znk-web/juminkanja/S2430/initialize?prefCd=08&kikanCd=1000004115&kikanKbn=nan", "url2": "http://assistgroup.co.jp/", "内容": "あやめ薬局　鹿嶋店0茨城県鹿嶋市厨５－５－１１" }, "geometry": { "type": "Point", "coordinates": [ 140.629444, 35.971667 ] } },
{ "type": "Feature", "properties": { "ID": 851000004117, "正式名称": "南山堂薬局おおつ野店", "機関区分": 5, "都道府県コード": 8, "市区町村コード": 203, "所在地": "茨城県土浦市おおつ野５丁目１４番１号", "緯度": 36.079444, "経度": 140.260278, "url": "https://www.iryou.teikyouseido.mhlw.go.jp/znk-web/juminkanja/S2430/initialize?prefCd=08&kikanCd=1000004117&kikanKbn=nan", "url2": "http://nanzando.co.jp", "内容": "南山堂薬局おおつ野店0茨城県土浦市おおつ野５丁目１４番１号" }, "geometry": { "type": "Point", "coordinates": [ 140.260278, 36.079444 ] } },
{ "type": "Feature", "properties": { "ID": 851000004118, "正式名称": "協和調剤薬局　おおつ野支局", "機関区分": 5, "都道府県コード": 8, "市区町村コード": 203, "所在地": "茨城県土浦市おおつ野８－１－１１", "緯度": 36.08818, "経度": 140.25536, "url": "https://www.iryou.teikyouseido.mhlw.go.jp/znk-web/juminkanja/S2430/initialize?prefCd=08&kikanCd=1000004118&kikanKbn=nan", "url2": "http://www.kyowa-hs.com", "内容": "協和調剤薬局　おおつ野支局0茨城県土浦市おおつ野８－１－１１" }, "geometry": { "type": "Point", "coordinates": [ 140.25536, 36.08818 ] } },
{ "type": "Feature", "properties": { "ID": 851000004119, "正式名称": "日本調剤　土浦薬局", "機関区分": 5, "都道府県コード": 8, "市区町村コード": 203, "所在地": "茨城県土浦市おおつ野５－１－１６", "緯度": 36.080833, "経度": 140.26, "url": "https://www.iryou.teikyouseido.mhlw.go.jp/znk-web/juminkanja/S2430/initialize?prefCd=08&kikanCd=1000004119&kikanKbn=nan", "url2": "http://www.nicho.co.jp/", "内容": "日本調剤　土浦薬局0茨城県土浦市おおつ野５－１－１６" }, "geometry": { "type": "Point", "coordinates": [ 140.26, 36.080833 ] } },
{ "type": "Feature", "properties": { "ID": 851000004121, "正式名称": "山口薬局　おおつ野店", "機関区分": 5, "都道府県コード": 8, "市区町村コード": 203, "所在地": "茨城県土浦市おおつ野５－１４－４", "緯度": 36.078611, "経度": 140.26, "url": "https://www.iryou.teikyouseido.mhlw.go.jp/znk-web/juminkanja/S2430/initialize?prefCd=08&kikanCd=1000004121&kikanKbn=nan", "url2": "https://kantou-iryou.co.jp", "内容": "山口薬局　おおつ野店0茨城県土浦市おおつ野５－１４－４" }, "geometry": { "type": "Point", "coordinates": [ 140.26, 36.078611 ] } },
{ "type": "Feature", "properties": { "ID": 851000004122, "正式名称": "今川薬局　土浦店", "機関区分": 5, "都道府県コード": 8, "市区町村コード": 203, "所在地": "茨城県土浦市おおつ野５－１－２５", "緯度": 36.079722, "経度": 140.260278, "url": "https://www.iryou.teikyouseido.mhlw.go.jp/znk-web/juminkanja/S2430/initialize?prefCd=08&kikanCd=1000004122&kikanKbn=nan", "url2": "http://www.imagawa-ph.jp/", "内容": "今川薬局　土浦店0茨城県土浦市おおつ野５－１－２５" }, "geometry": { "type": "Point", "coordinates": [ 140.260278, 36.079722 ] } },
{ "type": "Feature", "properties": { "ID": 851000004123, "正式名称": "すず薬局　守谷店", "機関区分": 5, "都道府県コード": 8, "市区町村コード": 224, "所在地": "茨城県守谷市本町３３０４", "緯度": 35.939131, "経度": 139.998888, "url": "https://www.iryou.teikyouseido.mhlw.go.jp/znk-web/juminkanja/S2430/initialize?prefCd=08&kikanCd=1000004123&kikanKbn=nan", "url2": "http://pharmacy-suzu.com/", "内容": "すず薬局　守谷店0茨城県守谷市本町３３０４" }, "geometry": { "type": "Point", "coordinates": [ 139.998888, 35.939131 ] } },
{ "type": "Feature", "properties": { "ID": 851000004125, "正式名称": "アイン薬局　土浦店", "機関区分": 5, "都道府県コード": 8, "市区町村コード": 203, "所在地": "茨城県土浦市沖宿町八幡前２７６２－３", "緯度": 36.078333, "経度": 140.261667, "url": "https://www.iryou.teikyouseido.mhlw.go.jp/znk-web/juminkanja/S2430/initialize?prefCd=08&kikanCd=1000004125&kikanKbn=nan", "url2": "http://www.ainj.co.jp/", "内容": "アイン薬局　土浦店0茨城県土浦市沖宿町八幡前２７６２－３" }, "geometry": { "type": "Point", "coordinates": [ 140.261667, 36.078333 ] } },
{ "type": "Feature", "properties": { "ID": 851000004126, "正式名称": "さくら薬局　行方玉造店", "機関区分": 5, "都道府県コード": 8, "市区町村コード": 233, "所在地": "茨城県行方市若海７９３－７", "緯度": 36.120278, "経度": 140.435833, "url": "https://www.iryou.teikyouseido.mhlw.go.jp/znk-web/juminkanja/S2430/initialize?prefCd=08&kikanCd=1000004126&kikanKbn=nan", "url2": "https://www.kraft-net.co.jp/sakura/store/3911/", "内容": "さくら薬局　行方玉造店0茨城県行方市若海７９３－７" }, "geometry": { "type": "Point", "coordinates": [ 140.435833, 36.120278 ] } },
{ "type": "Feature", "properties": { "ID": 851000004128, "正式名称": "アクア薬局　下高津店", "機関区分": 5, "都道府県コード": 8, "市区町村コード": 203, "所在地": "茨城県土浦市下高津１－１９－３５", "緯度": 36.074058, "経度": 140.194254, "url": "https://www.iryou.teikyouseido.mhlw.go.jp/znk-web/juminkanja/S2430/initialize?prefCd=08&kikanCd=1000004128&kikanKbn=nan", "url2": "https://aqua-mito.byoinnavi.jp/", "内容": "アクア薬局　下高津店0茨城県土浦市下高津１－１９－３５" }, "geometry": { "type": "Point", "coordinates": [ 140.194254, 36.074058 ] } },
{ "type": "Feature", "properties": { "ID": 851000004129, "正式名称": "ヤマグチ薬局チェリオ店", "機関区分": 5, "都道府県コード": 8, "市区町村コード": 222, "所在地": "茨城県鹿嶋市宮中２９０－１", "緯度": 35.956667, "経度": 140.647222, "url": "https://www.iryou.teikyouseido.mhlw.go.jp/znk-web/juminkanja/S2430/initialize?prefCd=08&kikanCd=1000004129&kikanKbn=nan", "url2": "http://www.yamaguchi-pha.jp/", "内容": "ヤマグチ薬局チェリオ店0茨城県鹿嶋市宮中２９０－１" }, "geometry": { "type": "Point", "coordinates": [ 140.647222, 35.956667 ] } },
{ "type": "Feature", "properties": { "ID": 851000004130, "正式名称": "協和調剤薬局　学園支局", "機関区分": 5, "都道府県コード": 8, "市区町村コード": 220, "所在地": "茨城県つくば市学園の森２－４０－２", "緯度": 36.100539, "経度": 140.080038, "url": "https://www.iryou.teikyouseido.mhlw.go.jp/znk-web/juminkanja/S2430/initialize?prefCd=08&kikanCd=1000004130&kikanKbn=nan", "url2": "http://www.kyowa-hs.com", "内容": "協和調剤薬局　学園支局0茨城県つくば市学園の森２－４０－２" }, "geometry": { "type": "Point", "coordinates": [ 140.080038, 36.100539 ] } },
{ "type": "Feature", "properties": { "ID": 851000004131, "正式名称": "ひかり薬局つくば学園の森店", "機関区分": 5, "都道府県コード": 8, "市区町村コード": 220, "所在地": "茨城県つくば市学園の森２－２１－４", "緯度": 36.095, "経度": 140.083333, "url": "https://www.iryou.teikyouseido.mhlw.go.jp/znk-web/juminkanja/S2430/initialize?prefCd=08&kikanCd=1000004131&kikanKbn=nan", "url2": "https://irph.jp/", "内容": "ひかり薬局つくば学園の森店0茨城県つくば市学園の森２－２１－４" }, "geometry": { "type": "Point", "coordinates": [ 140.083333, 36.095 ] } },
{ "type": "Feature", "properties": { "ID": 851000004132, "正式名称": "つばさ薬局", "機関区分": 5, "都道府県コード": 8, "市区町村コード": 202, "所在地": "茨城県日立市鮎川町２－８－７", "緯度": 36.565856, "経度": 140.636352, "url": "https://www.iryou.teikyouseido.mhlw.go.jp/znk-web/juminkanja/S2430/initialize?prefCd=08&kikanCd=1000004132&kikanKbn=nan", "url2": null, "内容": "つばさ薬局0茨城県日立市鮎川町２－８－７" }, "geometry": { "type": "Point", "coordinates": [ 140.636352, 36.565856 ] } },
{ "type": "Feature", "properties": { "ID": 851000004133, "正式名称": "れんげ薬局　高萩店", "機関区分": 5, "都道府県コード": 8, "市区町村コード": 214, "所在地": "茨城県高萩市東本町３ー６６", "緯度": 36.716827, "経度": 140.718151, "url": "https://www.iryou.teikyouseido.mhlw.go.jp/znk-web/juminkanja/S2430/initialize?prefCd=08&kikanCd=1000004133&kikanKbn=nan", "url2": null, "内容": "れんげ薬局　高萩店0茨城県高萩市東本町３ー６６" }, "geometry": { "type": "Point", "coordinates": [ 140.718151, 36.716827 ] } },
{ "type": "Feature", "properties": { "ID": 851000004134, "正式名称": "ハニュウ薬局上ノ室店", "機関区分": 5, "都道府県コード": 8, "市区町村コード": 220, "所在地": "茨城県つくば市上ノ室８６７－１", "緯度": 36.078082, "経度": 140.140561, "url": "https://www.iryou.teikyouseido.mhlw.go.jp/znk-web/juminkanja/S2430/initialize?prefCd=08&kikanCd=1000004134&kikanKbn=nan", "url2": "http://mydrug.co.jp", "内容": "ハニュウ薬局上ノ室店0茨城県つくば市上ノ室８６７－１" }, "geometry": { "type": "Point", "coordinates": [ 140.140561, 36.078082 ] } },
{ "type": "Feature", "properties": { "ID": 851000004135, "正式名称": "ちさと薬局", "機関区分": 5, "都道府県コード": 8, "市区町村コード": 221, "所在地": "茨城県ひたちなか市東大島４－１６－３３", "緯度": 36.405344, "経度": 140.532775, "url": "https://www.iryou.teikyouseido.mhlw.go.jp/znk-web/juminkanja/S2430/initialize?prefCd=08&kikanCd=1000004135&kikanKbn=nan", "url2": "https://www.kusurinomadoguchi.com/ibaraki/s803251", "内容": "ちさと薬局0茨城県ひたちなか市東大島４－１６－３３" }, "geometry": { "type": "Point", "coordinates": [ 140.532775, 36.405344 ] } },
{ "type": "Feature", "properties": { "ID": 851000004137, "正式名称": "こまち薬局　平須店", "機関区分": 5, "都道府県コード": 8, "市区町村コード": 201, "所在地": "茨城県水戸市平須町２－１５４", "緯度": 36.318525, "経度": 140.432445, "url": "https://www.iryou.teikyouseido.mhlw.go.jp/znk-web/juminkanja/S2430/initialize?prefCd=08&kikanCd=1000004137&kikanKbn=nan", "url2": null, "内容": "こまち薬局　平須店0茨城県水戸市平須町２－１５４" }, "geometry": { "type": "Point", "coordinates": [ 140.432445, 36.318525 ] } },
{ "type": "Feature", "properties": { "ID": 851000004138, "正式名称": "すず薬局　境町店", "機関区分": 5, "都道府県コード": 8, "市区町村コード": 546, "所在地": "茨城県猿島郡境町上小橋７９－８", "緯度": 36.117367, "経度": 139.801418, "url": "https://www.iryou.teikyouseido.mhlw.go.jp/znk-web/juminkanja/S2430/initialize?prefCd=08&kikanCd=1000004138&kikanKbn=nan", "url2": "pharmacy-suzu.com", "内容": "すず薬局　境町店0茨城県猿島郡境町上小橋７９－８" }, "geometry": { "type": "Point", "coordinates": [ 139.801418, 36.117367 ] } },
{ "type": "Feature", "properties": { "ID": 851000004141, "正式名称": "ウエルシア薬局　日立金沢店", "機関区分": 5, "都道府県コード": 8, "市区町村コード": 202, "所在地": "茨城県日立市金沢町１－１４－６", "緯度": 36.539507, "経度": 140.62363, "url": "https://www.iryou.teikyouseido.mhlw.go.jp/znk-web/juminkanja/S2430/initialize?prefCd=08&kikanCd=1000004141&kikanKbn=nan", "url2": "http://www.welcia-yakkyoku.co.jp/", "内容": "ウエルシア薬局　日立金沢店0茨城県日立市金沢町１－１４－６" }, "geometry": { "type": "Point", "coordinates": [ 140.62363, 36.539507 ] } },
{ "type": "Feature", "properties": { "ID": 851000004142, "正式名称": "おおつ野薬局", "機関区分": 5, "都道府県コード": 8, "市区町村コード": 203, "所在地": "茨城県土浦市おおつ野２丁目１－５", "緯度": 36.087079, "経度": 140.256392, "url": "https://www.iryou.teikyouseido.mhlw.go.jp/znk-web/juminkanja/S2430/initialize?prefCd=08&kikanCd=1000004142&kikanKbn=nan", "url2": null, "内容": "おおつ野薬局0茨城県土浦市おおつ野２丁目１－５" }, "geometry": { "type": "Point", "coordinates": [ 140.256392, 36.087079 ] } },
{ "type": "Feature", "properties": { "ID": 851000004143, "正式名称": "あおやま薬局　田水山店", "機関区分": 5, "都道府県コード": 8, "市区町村コード": 220, "所在地": "茨城県つくば市田水山９７４－２", "緯度": 36.178611, "経度": 140.065278, "url": "https://www.iryou.teikyouseido.mhlw.go.jp/znk-web/juminkanja/S2430/initialize?prefCd=08&kikanCd=1000004143&kikanKbn=nan", "url2": null, "内容": "あおやま薬局　田水山店0茨城県つくば市田水山９７４－２" }, "geometry": { "type": "Point", "coordinates": [ 140.065278, 36.178611 ] } },
{ "type": "Feature", "properties": { "ID": 851000004144, "正式名称": "アイセイ薬局イオンタウン守谷店", "機関区分": 5, "都道府県コード": 8, "市区町村コード": 224, "所在地": "茨城県守谷市百合ケ丘３－２４９", "緯度": 35.944837, "経度": 139.990619, "url": "https://www.iryou.teikyouseido.mhlw.go.jp/znk-web/juminkanja/S2430/initialize?prefCd=08&kikanCd=1000004144&kikanKbn=nan", "url2": "http://www.aisei.co.jp/", "内容": "アイセイ薬局イオンタウン守谷店0茨城県守谷市百合ケ丘３－２４９" }, "geometry": { "type": "Point", "coordinates": [ 139.990619, 35.944837 ] } },
{ "type": "Feature", "properties": { "ID": 851000004145, "正式名称": "アトム薬局", "機関区分": 5, "都道府県コード": 8, "市区町村コード": 219, "所在地": "茨城県牛久市南５－４４－２６", "緯度": 35.965013, "経度": 140.150901, "url": "https://www.iryou.teikyouseido.mhlw.go.jp/znk-web/juminkanja/S2430/initialize?prefCd=08&kikanCd=1000004145&kikanKbn=nan", "url2": null, "内容": "アトム薬局0茨城県牛久市南５－４４－２６" }, "geometry": { "type": "Point", "coordinates": [ 140.150901, 35.965013 ] } },
{ "type": "Feature", "properties": { "ID": 851000004146, "正式名称": "ウエルシア薬局　龍ケ崎佐貫店", "機関区分": 5, "都道府県コード": 8, "市区町村コード": 208, "所在地": "茨城県龍ケ崎市佐貫町１－１", "緯度": 35.928572, "経度": 140.145302, "url": "https://www.iryou.teikyouseido.mhlw.go.jp/znk-web/juminkanja/S2430/initialize?prefCd=08&kikanCd=1000004146&kikanKbn=nan", "url2": "https://www.welcia-yakkyoku.co.jp/", "内容": "ウエルシア薬局　龍ケ崎佐貫店0茨城県龍ケ崎市佐貫町１－１" }, "geometry": { "type": "Point", "coordinates": [ 140.145302, 35.928572 ] } },
{ "type": "Feature", "properties": { "ID": 851000004147, "正式名称": "共創未来取手薬局", "機関区分": 5, "都道府県コード": 8, "市区町村コード": 217, "所在地": "茨城県取手市稲字向原８３３", "緯度": 35.904612, "経度": 140.044103, "url": "https://www.iryou.teikyouseido.mhlw.go.jp/znk-web/juminkanja/S2430/initialize?prefCd=08&kikanCd=1000004147&kikanKbn=nan", "url2": "http://www.phmirai.co.jp/", "内容": "共創未来取手薬局0茨城県取手市稲字向原８３３" }, "geometry": { "type": "Point", "coordinates": [ 140.044103, 35.904612 ] } },
{ "type": "Feature", "properties": { "ID": 851000004148, "正式名称": "株式会社くすりのマルト調剤薬局　笹野店", "機関区分": 5, "都道府県コード": 8, "市区町村コード": 221, "所在地": "茨城県ひたちなか市笹野町２－１２－１７", "緯度": 36.397255, "経度": 140.545876, "url": "https://www.iryou.teikyouseido.mhlw.go.jp/znk-web/juminkanja/S2430/initialize?prefCd=08&kikanCd=1000004148&kikanKbn=nan", "url2": "http://www.drug-maruto.co.jp/", "内容": "株式会社くすりのマルト調剤薬局　笹野店0茨城県ひたちなか市笹野町２－１２－１７" }, "geometry": { "type": "Point", "coordinates": [ 140.545876, 36.397255 ] } },
{ "type": "Feature", "properties": { "ID": 851000004149, "正式名称": "恵心堂薬局", "機関区分": 5, "都道府県コード": 8, "市区町村コード": 221, "所在地": "茨城県ひたちなか市東大島１－１８－５", "緯度": 36.400977, "経度": 140.528865, "url": "https://www.iryou.teikyouseido.mhlw.go.jp/znk-web/juminkanja/S2430/initialize?prefCd=08&kikanCd=1000004149&kikanKbn=nan", "url2": "http://www.kuuis101.com", "内容": "恵心堂薬局0茨城県ひたちなか市東大島１－１８－５" }, "geometry": { "type": "Point", "coordinates": [ 140.528865, 36.400977 ] } },
{ "type": "Feature", "properties": { "ID": 851000004150, "正式名称": "アイセイ薬局　下館店", "機関区分": 5, "都道府県コード": 8, "市区町村コード": 227, "所在地": "茨城県筑西市甲１４７", "緯度": 36.30781, "経度": 139.9762, "url": "https://www.iryou.teikyouseido.mhlw.go.jp/znk-web/juminkanja/S2430/initialize?prefCd=08&kikanCd=1000004150&kikanKbn=nan", "url2": "http://www.aisei.co.jp", "内容": "アイセイ薬局　下館店0茨城県筑西市甲１４７" }, "geometry": { "type": "Point", "coordinates": [ 139.9762, 36.30781 ] } },
{ "type": "Feature", "properties": { "ID": 851000004151, "正式名称": "アイセイ薬局　真壁店", "機関区分": 5, "都道府県コード": 8, "市区町村コード": 231, "所在地": "茨城県桜川市真壁町亀熊１２３－４", "緯度": 36.281667, "経度": 140.093333, "url": "https://www.iryou.teikyouseido.mhlw.go.jp/znk-web/juminkanja/S2430/initialize?prefCd=08&kikanCd=1000004151&kikanKbn=nan", "url2": "http://www.aisei.co.jp/user/about_us/store/list/tabid/188/pdid/230817/Default.aspx", "内容": "アイセイ薬局　真壁店0茨城県桜川市真壁町亀熊１２３－４" }, "geometry": { "type": "Point", "coordinates": [ 140.093333, 36.281667 ] } },
{ "type": "Feature", "properties": { "ID": 851000004152, "正式名称": "ウエルシア薬局　常陸太田中城店", "機関区分": 5, "都道府県コード": 8, "市区町村コード": 212, "所在地": "茨城県常陸太田市中城町２９９２－１", "緯度": 36.544155, "経度": 140.530006, "url": "https://www.iryou.teikyouseido.mhlw.go.jp/znk-web/juminkanja/S2430/initialize?prefCd=08&kikanCd=1000004152&kikanKbn=nan", "url2": "https://store.welcia.co.jp/welcia/spot/detail?code=6322D", "内容": "ウエルシア薬局　常陸太田中城店0茨城県常陸太田市中城町２９９２－１" }, "geometry": { "type": "Point", "coordinates": [ 140.530006, 36.544155 ] } },
{ "type": "Feature", "properties": { "ID": 851000004153, "正式名称": "ウエルシア薬局　神栖波崎店", "機関区分": 5, "都道府県コード": 8, "市区町村コード": 232, "所在地": "茨城県神栖市波崎８５１９", "緯度": 35.746111, "経度": 140.826667, "url": "https://www.iryou.teikyouseido.mhlw.go.jp/znk-web/juminkanja/S2430/initialize?prefCd=08&kikanCd=1000004153&kikanKbn=nan", "url2": "http://www.welcia-yakkyoku.co.jp/", "内容": "ウエルシア薬局　神栖波崎店0茨城県神栖市波崎８５１９" }, "geometry": { "type": "Point", "coordinates": [ 140.826667, 35.746111 ] } },
{ "type": "Feature", "properties": { "ID": 851000004154, "正式名称": "友愛薬局　守谷店", "機関区分": 5, "都道府県コード": 8, "市区町村コード": 224, "所在地": "茨城県守谷市板戸井２３２５－１５", "緯度": 35.967282, "経度": 139.96034, "url": "https://www.iryou.teikyouseido.mhlw.go.jp/znk-web/juminkanja/S2430/initialize?prefCd=08&kikanCd=1000004154&kikanKbn=nan", "url2": "https://www.yuai-medical.com/pages/87/", "内容": "友愛薬局　守谷店0茨城県守谷市板戸井２３２５－１５" }, "geometry": { "type": "Point", "coordinates": [ 139.96034, 35.967282 ] } },
{ "type": "Feature", "properties": { "ID": 851000004155, "正式名称": "ヤマグチ薬局日立店", "機関区分": 5, "都道府県コード": 8, "市区町村コード": 202, "所在地": "茨城県日立市神峰町４－２－９", "緯度": 36.602418, "経度": 140.659174, "url": "https://www.iryou.teikyouseido.mhlw.go.jp/znk-web/juminkanja/S2430/initialize?prefCd=08&kikanCd=1000004155&kikanKbn=nan", "url2": "http://www.yamaguchi-pha.jp/", "内容": "ヤマグチ薬局日立店0茨城県日立市神峰町４－２－９" }, "geometry": { "type": "Point", "coordinates": [ 140.659174, 36.602418 ] } },
{ "type": "Feature", "properties": { "ID": 851000004156, "正式名称": "あおぞら薬局", "機関区分": 5, "都道府県コード": 8, "市区町村コード": 220, "所在地": "茨城県つくば市桜２－１５－６", "緯度": 36.111894, "経度": 140.110222, "url": "https://www.iryou.teikyouseido.mhlw.go.jp/znk-web/juminkanja/S2430/initialize?prefCd=08&kikanCd=1000004156&kikanKbn=nan", "url2": null, "内容": "あおぞら薬局0茨城県つくば市桜２－１５－６" }, "geometry": { "type": "Point", "coordinates": [ 140.110222, 36.111894 ] } },
{ "type": "Feature", "properties": { "ID": 851000004157, "正式名称": "つかもと調剤薬局", "機関区分": 5, "都道府県コード": 8, "市区町村コード": 227, "所在地": "茨城県筑西市海老ケ島７３４－２", "緯度": 36.250584, "経度": 140.041162, "url": "https://www.iryou.teikyouseido.mhlw.go.jp/znk-web/juminkanja/S2430/initialize?prefCd=08&kikanCd=1000004157&kikanKbn=nan", "url2": "http://www.ainj.co.jp/", "内容": "つかもと調剤薬局0茨城県筑西市海老ケ島７３４－２" }, "geometry": { "type": "Point", "coordinates": [ 140.041162, 36.250584 ] } },
{ "type": "Feature", "properties": { "ID": 851000004158, "正式名称": "ヤマグチ薬局　つくば店", "機関区分": 5, "都道府県コード": 8, "市区町村コード": 227, "所在地": "茨城県筑西市松原１５６４－６", "緯度": 36.246667, "経度": 140.028889, "url": "https://www.iryou.teikyouseido.mhlw.go.jp/znk-web/juminkanja/S2430/initialize?prefCd=08&kikanCd=1000004158&kikanKbn=nan", "url2": "http://www.yamaguchi-pha.jp/", "内容": "ヤマグチ薬局　つくば店0茨城県筑西市松原１５６４－６" }, "geometry": { "type": "Point", "coordinates": [ 140.028889, 36.246667 ] } },
{ "type": "Feature", "properties": { "ID": 851000004159, "正式名称": "日本調剤　古河西薬局", "機関区分": 5, "都道府県コード": 8, "市区町村コード": 204, "所在地": "茨城県古河市鴻巣茶屋下１５６２－１", "緯度": 36.168056, "経度": 139.710833, "url": "https://www.iryou.teikyouseido.mhlw.go.jp/znk-web/juminkanja/S2430/initialize?prefCd=08&kikanCd=1000004159&kikanKbn=nan", "url2": "https://www.nicho.co.jp/tenpo/koganisi/", "内容": "日本調剤　古河西薬局0茨城県古河市鴻巣茶屋下１５６２－１" }, "geometry": { "type": "Point", "coordinates": [ 139.710833, 36.168056 ] } },
{ "type": "Feature", "properties": { "ID": 851000004160, "正式名称": "つくばグリーン薬局", "機関区分": 5, "都道府県コード": 8, "市区町村コード": 220, "所在地": "茨城県つくば市東新井５－２", "緯度": 36.076576, "経度": 140.108971, "url": "https://www.iryou.teikyouseido.mhlw.go.jp/znk-web/juminkanja/S2430/initialize?prefCd=08&kikanCd=1000004160&kikanKbn=nan", "url2": "http://www4.hp-ez.com/hp/mediwave-tk/", "内容": "つくばグリーン薬局0茨城県つくば市東新井５－２" }, "geometry": { "type": "Point", "coordinates": [ 140.108971, 36.076576 ] } },
{ "type": "Feature", "properties": { "ID": 851000004162, "正式名称": "ウエルシア薬局　つくば桜店", "機関区分": 5, "都道府県コード": 8, "市区町村コード": 220, "所在地": "茨城県つくば市桜１－１４－１", "緯度": 36.108889, "経度": 140.116389, "url": "https://www.iryou.teikyouseido.mhlw.go.jp/znk-web/juminkanja/S2430/initialize?prefCd=08&kikanCd=1000004162&kikanKbn=nan", "url2": "http://www.welcia-yakkyoku.co.jp/", "内容": "ウエルシア薬局　つくば桜店0茨城県つくば市桜１－１４－１" }, "geometry": { "type": "Point", "coordinates": [ 140.116389, 36.108889 ] } },
{ "type": "Feature", "properties": { "ID": 851000004163, "正式名称": "やくも薬局", "機関区分": 5, "都道府県コード": 8, "市区町村コード": 216, "所在地": "茨城県笠間市八雲２－５－１５", "緯度": 36.345257, "経度": 140.303032, "url": "https://www.iryou.teikyouseido.mhlw.go.jp/znk-web/juminkanja/S2430/initialize?prefCd=08&kikanCd=1000004163&kikanKbn=nan", "url2": "jm-corp.co.jp", "内容": "やくも薬局0茨城県笠間市八雲２－５－１５" }, "geometry": { "type": "Point", "coordinates": [ 140.303032, 36.345257 ] } },
{ "type": "Feature", "properties": { "ID": 851000004164, "正式名称": "（有）長生堂薬局　守谷店", "機関区分": 5, "都道府県コード": 8, "市区町村コード": 224, "所在地": "茨城県守谷市久保ケ丘２－１－１", "緯度": 35.967526, "経度": 139.975405, "url": "https://www.iryou.teikyouseido.mhlw.go.jp/znk-web/juminkanja/S2430/initialize?prefCd=08&kikanCd=1000004164&kikanKbn=nan", "url2": null, "内容": "（有）長生堂薬局　守谷店0茨城県守谷市久保ケ丘２－１－１" }, "geometry": { "type": "Point", "coordinates": [ 139.975405, 35.967526 ] } },
{ "type": "Feature", "properties": { "ID": 851000004165, "正式名称": "ろはす薬局", "機関区分": 5, "都道府県コード": 8, "市区町村コード": 231, "所在地": "茨城県桜川市東飯田５９７－３", "緯度": 36.306667, "経度": 140.112778, "url": "https://www.iryou.teikyouseido.mhlw.go.jp/znk-web/juminkanja/S2430/initialize?prefCd=08&kikanCd=1000004165&kikanKbn=nan", "url2": "http://kobayashipharma.com/", "内容": "ろはす薬局0茨城県桜川市東飯田５９７－３" }, "geometry": { "type": "Point", "coordinates": [ 140.112778, 36.306667 ] } },
{ "type": "Feature", "properties": { "ID": 851000004167, "正式名称": "神栖さくら薬局", "機関区分": 5, "都道府県コード": 8, "市区町村コード": 232, "所在地": "茨城県神栖市平泉字関下１－１２７", "緯度": 35.908611, "経度": 140.641389, "url": "https://www.iryou.teikyouseido.mhlw.go.jp/znk-web/juminkanja/S2430/initialize?prefCd=08&kikanCd=1000004167&kikanKbn=nan", "url2": null, "内容": "神栖さくら薬局0茨城県神栖市平泉字関下１－１２７" }, "geometry": { "type": "Point", "coordinates": [ 140.641389, 35.908611 ] } },
{ "type": "Feature", "properties": { "ID": 851000004168, "正式名称": "せき調剤薬局", "機関区分": 5, "都道府県コード": 8, "市区町村コード": 207, "所在地": "茨城県結城市結城１０６１１－１", "緯度": 36.303624, "経度": 139.864535, "url": "https://www.iryou.teikyouseido.mhlw.go.jp/znk-web/juminkanja/S2430/initialize?prefCd=08&kikanCd=1000004168&kikanKbn=nan", "url2": null, "内容": "せき調剤薬局0茨城県結城市結城１０６１１－１" }, "geometry": { "type": "Point", "coordinates": [ 139.864535, 36.303624 ] } },
{ "type": "Feature", "properties": { "ID": 851000004170, "正式名称": "ウエルシア薬局　潮来新宮南店", "機関区分": 5, "都道府県コード": 8, "市区町村コード": 223, "所在地": "茨城県潮来市新宮南１４３７－１", "緯度": 35.953333, "経度": 140.585833, "url": "https://www.iryou.teikyouseido.mhlw.go.jp/znk-web/juminkanja/S2430/initialize?prefCd=08&kikanCd=1000004170&kikanKbn=nan", "url2": "http://www.welcia-yakkyoku.co.jp", "内容": "ウエルシア薬局　潮来新宮南店0茨城県潮来市新宮南１４３７－１" }, "geometry": { "type": "Point", "coordinates": [ 140.585833, 35.953333 ] } },
{ "type": "Feature", "properties": { "ID": 851000004171, "正式名称": "ウエルシア薬局　稲敷釜井店", "機関区分": 5, "都道府県コード": 8, "市区町村コード": 229, "所在地": "茨城県稲敷市釜井４３５ー１", "緯度": 35.939611, "経度": 140.393725, "url": "https://www.iryou.teikyouseido.mhlw.go.jp/znk-web/juminkanja/S2430/initialize?prefCd=08&kikanCd=1000004171&kikanKbn=nan", "url2": "http://www.welcia-yakkyoku.co.jp", "内容": "ウエルシア薬局　稲敷釜井店0茨城県稲敷市釜井４３５ー１" }, "geometry": { "type": "Point", "coordinates": [ 140.393725, 35.939611 ] } },
{ "type": "Feature", "properties": { "ID": 851000004172, "正式名称": "しもね薬局", "機関区分": 5, "都道府県コード": 8, "市区町村コード": 219, "所在地": "茨城県牛久市ひたち野東２－１２－６－２", "緯度": 36.006479, "経度": 140.165552, "url": "https://www.iryou.teikyouseido.mhlw.go.jp/znk-web/juminkanja/S2430/initialize?prefCd=08&kikanCd=1000004172&kikanKbn=nan", "url2": null, "内容": "しもね薬局0茨城県牛久市ひたち野東２－１２－６－２" }, "geometry": { "type": "Point", "coordinates": [ 140.165552, 36.006479 ] } },
{ "type": "Feature", "properties": { "ID": 851000004173, "正式名称": "すず薬局　とりで店", "機関区分": 5, "都道府県コード": 8, "市区町村コード": 217, "所在地": "茨城県取手市井野１１８４－２", "緯度": 35.910939, "経度": 140.070179, "url": "https://www.iryou.teikyouseido.mhlw.go.jp/znk-web/juminkanja/S2430/initialize?prefCd=08&kikanCd=1000004173&kikanKbn=nan", "url2": "http://pharmacy-suzu.com/", "内容": "すず薬局　とりで店0茨城県取手市井野１１８４－２" }, "geometry": { "type": "Point", "coordinates": [ 140.070179, 35.910939 ] } },
{ "type": "Feature", "properties": { "ID": 851000004174, "正式名称": "日本調剤　新取手薬局", "機関区分": 5, "都道府県コード": 8, "市区町村コード": 217, "所在地": "茨城県取手市井野１１９５番地３", "緯度": 35.910678, "経度": 140.069838, "url": "https://www.iryou.teikyouseido.mhlw.go.jp/znk-web/juminkanja/S2430/initialize?prefCd=08&kikanCd=1000004174&kikanKbn=nan", "url2": "http://www.nicho.co.jp", "内容": "日本調剤　新取手薬局0茨城県取手市井野１１９５番地３" }, "geometry": { "type": "Point", "coordinates": [ 140.069838, 35.910678 ] } },
{ "type": "Feature", "properties": { "ID": 851000004175, "正式名称": "さくら薬局　八千代菅谷店", "機関区分": 5, "都道府県コード": 8, "市区町村コード": 521, "所在地": "茨城県結城郡八千代町菅谷１１７０－１", "緯度": 36.180704, "経度": 139.8912, "url": "https://www.iryou.teikyouseido.mhlw.go.jp/znk-web/juminkanja/S2430/initialize?prefCd=08&kikanCd=1000004175&kikanKbn=nan", "url2": "http://www.kraft-net.co.jp/search/4025/", "内容": "さくら薬局　八千代菅谷店0茨城県結城郡八千代町菅谷１１７０－１" }, "geometry": { "type": "Point", "coordinates": [ 139.8912, 36.180704 ] } },
{ "type": "Feature", "properties": { "ID": 851000004176, "正式名称": "グリー薬局", "機関区分": 5, "都道府県コード": 8, "市区町村コード": 220, "所在地": "茨城県つくば市東平塚９４４－１グリー薬局", "緯度": 36.093997, "経度": 140.093045, "url": "https://www.iryou.teikyouseido.mhlw.go.jp/znk-web/juminkanja/S2430/initialize?prefCd=08&kikanCd=1000004176&kikanKbn=nan", "url2": "https://cyglee.jimdo.com/", "内容": "グリー薬局0茨城県つくば市東平塚９４４－１グリー薬局" }, "geometry": { "type": "Point", "coordinates": [ 140.093045, 36.093997 ] } },
{ "type": "Feature", "properties": { "ID": 851000004177, "正式名称": "クオール薬局　取手西店", "機関区分": 5, "都道府県コード": 8, "市区町村コード": 217, "所在地": "茨城県取手市野々井１９２６番地２取手市医師会館１階", "緯度": 35.917713, "経度": 140.026196, "url": "https://www.iryou.teikyouseido.mhlw.go.jp/znk-web/juminkanja/S2430/initialize?prefCd=08&kikanCd=1000004177&kikanKbn=nan", "url2": "http://www.qol-net.co.jp/pharmacy/map/detail.php?id=857", "内容": "クオール薬局　取手西店0茨城県取手市野々井１９２６番地２取手市医師会館１階" }, "geometry": { "type": "Point", "coordinates": [ 140.026196, 35.917713 ] } },
{ "type": "Feature", "properties": { "ID": 851000004178, "正式名称": "ハート薬局", "機関区分": 5, "都道府県コード": 8, "市区町村コード": 220, "所在地": "茨城県つくば市面野井１００４－４", "緯度": 36.076829, "経度": 140.07217, "url": "https://www.iryou.teikyouseido.mhlw.go.jp/znk-web/juminkanja/S2430/initialize?prefCd=08&kikanCd=1000004178&kikanKbn=nan", "url2": "http://www.heart-yakkyoku.jp", "内容": "ハート薬局0茨城県つくば市面野井１００４－４" }, "geometry": { "type": "Point", "coordinates": [ 140.07217, 36.076829 ] } },
{ "type": "Feature", "properties": { "ID": 851000004180, "正式名称": "学園調剤薬局荒川沖店", "機関区分": 5, "都道府県コード": 8, "市区町村コード": 203, "所在地": "茨城県土浦市荒川沖４２２－１", "緯度": 36.030938, "経度": 140.161207, "url": "https://www.iryou.teikyouseido.mhlw.go.jp/znk-web/juminkanja/S2430/initialize?prefCd=08&kikanCd=1000004180&kikanKbn=nan", "url2": null, "内容": "学園調剤薬局荒川沖店0茨城県土浦市荒川沖４２２－１" }, "geometry": { "type": "Point", "coordinates": [ 140.161207, 36.030938 ] } },
{ "type": "Feature", "properties": { "ID": 851000004181, "正式名称": "ウエルシア薬局　土浦神立店", "機関区分": 5, "都道府県コード": 8, "市区町村コード": 203, "所在地": "茨城県土浦市神立中央３－２－２７", "緯度": 36.118611, "経度": 140.243333, "url": "https://www.iryou.teikyouseido.mhlw.go.jp/znk-web/juminkanja/S2430/initialize?prefCd=08&kikanCd=1000004181&kikanKbn=nan", "url2": "http://www.welcia-yakkyoku.co.jp", "内容": "ウエルシア薬局　土浦神立店0茨城県土浦市神立中央３－２－２７" }, "geometry": { "type": "Point", "coordinates": [ 140.243333, 36.118611 ] } },
{ "type": "Feature", "properties": { "ID": 851000004182, "正式名称": "アイン薬局　牛久本店", "機関区分": 5, "都道府県コード": 8, "市区町村コード": 219, "所在地": "茨城県牛久市上柏田４－５６－４", "緯度": 35.983556, "経度": 140.158193, "url": "https://www.iryou.teikyouseido.mhlw.go.jp/znk-web/juminkanja/S2430/initialize?prefCd=08&kikanCd=1000004182&kikanKbn=nan", "url2": "https://www.ainj.co.jp/", "内容": "アイン薬局　牛久本店0茨城県牛久市上柏田４－５６－４" }, "geometry": { "type": "Point", "coordinates": [ 140.158193, 35.983556 ] } },
{ "type": "Feature", "properties": { "ID": 851000004183, "正式名称": "花梨薬局", "機関区分": 5, "都道府県コード": 8, "市区町村コード": 230, "所在地": "茨城県かすみがうら市稲吉東４－４－３９", "緯度": 36.1264, "経度": 140.252528, "url": "https://www.iryou.teikyouseido.mhlw.go.jp/znk-web/juminkanja/S2430/initialize?prefCd=08&kikanCd=1000004183&kikanKbn=nan", "url2": "https://www.ship-ph.co.jp", "内容": "花梨薬局0茨城県かすみがうら市稲吉東４－４－３９" }, "geometry": { "type": "Point", "coordinates": [ 140.252528, 36.1264 ] } },
{ "type": "Feature", "properties": { "ID": 851000004184, "正式名称": "あんず薬局　見和店", "機関区分": 5, "都道府県コード": 8, "市区町村コード": 201, "所在地": "茨城県水戸市見和１－３３６－２", "緯度": 36.37594, "経度": 140.43172, "url": "https://www.iryou.teikyouseido.mhlw.go.jp/znk-web/juminkanja/S2430/initialize?prefCd=08&kikanCd=1000004184&kikanKbn=nan", "url2": "http://bellclan.co.jp/", "内容": "あんず薬局　見和店0茨城県水戸市見和１－３３６－２" }, "geometry": { "type": "Point", "coordinates": [ 140.43172, 36.37594 ] } },
{ "type": "Feature", "properties": { "ID": 851000004185, "正式名称": "すず薬局　戸頭店", "機関区分": 5, "都道府県コード": 8, "市区町村コード": 217, "所在地": "茨城県取手市戸頭４－１６－３　１階２号室", "緯度": 35.927838, "経度": 140.013667, "url": "https://www.iryou.teikyouseido.mhlw.go.jp/znk-web/juminkanja/S2430/initialize?prefCd=08&kikanCd=1000004185&kikanKbn=nan", "url2": "https://pharmacy-suzu.com/", "内容": "すず薬局　戸頭店0茨城県取手市戸頭４－１６－３　１階２号室" }, "geometry": { "type": "Point", "coordinates": [ 140.013667, 35.927838 ] } },
{ "type": "Feature", "properties": { "ID": 851000004186, "正式名称": "アイン薬局牛久柏田店", "機関区分": 5, "都道府県コード": 8, "市区町村コード": 219, "所在地": "茨城県牛久市上柏田４丁目５９ー４", "緯度": 35.984382, "経度": 140.157319, "url": "https://www.iryou.teikyouseido.mhlw.go.jp/znk-web/juminkanja/S2430/initialize?prefCd=08&kikanCd=1000004186&kikanKbn=nan", "url2": "www.ainj.co.jp", "内容": "アイン薬局牛久柏田店0茨城県牛久市上柏田４丁目５９ー４" }, "geometry": { "type": "Point", "coordinates": [ 140.157319, 35.984382 ] } },
{ "type": "Feature", "properties": { "ID": 851000004187, "正式名称": "リリィ薬局　姫子店", "機関区分": 5, "都道府県コード": 8, "市区町村コード": 201, "所在地": "茨城県水戸市姫子２丁目７３１－３", "緯度": 36.375278, "経度": 140.426111, "url": "https://www.iryou.teikyouseido.mhlw.go.jp/znk-web/juminkanja/S2430/initialize?prefCd=08&kikanCd=1000004187&kikanKbn=nan", "url2": "https://ship-ph.co.jp/", "内容": "リリィ薬局　姫子店0茨城県水戸市姫子２丁目７３１－３" }, "geometry": { "type": "Point", "coordinates": [ 140.426111, 36.375278 ] } },
{ "type": "Feature", "properties": { "ID": 851000004189, "正式名称": "にじいろ調剤薬局", "機関区分": 5, "都道府県コード": 8, "市区町村コード": 219, "所在地": "茨城県牛久市ひたち野西２－２７－８", "緯度": 36.008752, "経度": 140.152839, "url": "https://www.iryou.teikyouseido.mhlw.go.jp/znk-web/juminkanja/S2430/initialize?prefCd=08&kikanCd=1000004189&kikanKbn=nan", "url2": "http://arcus.tokyo/index.html", "内容": "にじいろ調剤薬局0茨城県牛久市ひたち野西２－２７－８" }, "geometry": { "type": "Point", "coordinates": [ 140.152839, 36.008752 ] } },
{ "type": "Feature", "properties": { "ID": 851000004190, "正式名称": "アクア薬局　泉町店", "機関区分": 5, "都道府県コード": 8, "市区町村コード": 201, "所在地": "茨城県水戸市泉町２－３－２　中央ビル６Ｆ", "緯度": 36.379116, "経度": 140.464002, "url": "https://www.iryou.teikyouseido.mhlw.go.jp/znk-web/juminkanja/S2430/initialize?prefCd=08&kikanCd=1000004190&kikanKbn=nan", "url2": "https://www.aqua-mito.jp/", "内容": "アクア薬局　泉町店0茨城県水戸市泉町２－３－２　中央ビル６Ｆ" }, "geometry": { "type": "Point", "coordinates": [ 140.464002, 36.379116 ] } },
{ "type": "Feature", "properties": { "ID": 851000004191, "正式名称": "ウエルシア薬局　龍ケ崎馴馬店", "機関区分": 5, "都道府県コード": 8, "市区町村コード": 208, "所在地": "茨城県龍ケ崎市馴馬町２９５７－１", "緯度": 35.913872, "経度": 140.18557, "url": "https://www.iryou.teikyouseido.mhlw.go.jp/znk-web/juminkanja/S2430/initialize?prefCd=08&kikanCd=1000004191&kikanKbn=nan", "url2": "http://www.welcia-yakkyoku.co.jp/", "内容": "ウエルシア薬局　龍ケ崎馴馬店0茨城県龍ケ崎市馴馬町２９５７－１" }, "geometry": { "type": "Point", "coordinates": [ 140.18557, 35.913872 ] } },
{ "type": "Feature", "properties": { "ID": 851000004192, "正式名称": "それいゆ薬局", "機関区分": 5, "都道府県コード": 8, "市区町村コード": 221, "所在地": "茨城県ひたちなか市東石川３－１３－８", "緯度": 36.400201, "経度": 140.531599, "url": "https://www.iryou.teikyouseido.mhlw.go.jp/znk-web/juminkanja/S2430/initialize?prefCd=08&kikanCd=1000004192&kikanKbn=nan", "url2": "https://www.soleil-drugstore.com/", "内容": "それいゆ薬局0茨城県ひたちなか市東石川３－１３－８" }, "geometry": { "type": "Point", "coordinates": [ 140.531599, 36.400201 ] } },
{ "type": "Feature", "properties": { "ID": 851000004196, "正式名称": "さくら薬局　酒門六差路店", "機関区分": 5, "都道府県コード": 8, "市区町村コード": 201, "所在地": "茨城県水戸市酒門町２５５‐２", "緯度": 36.328611, "経度": 140.486667, "url": "https://www.iryou.teikyouseido.mhlw.go.jp/znk-web/juminkanja/S2430/initialize?prefCd=08&kikanCd=1000004196&kikanKbn=nan", "url2": "https://www.kraft-net.co.jp/sakura/store/4125/", "内容": "さくら薬局　酒門六差路店0茨城県水戸市酒門町２５５‐２" }, "geometry": { "type": "Point", "coordinates": [ 140.486667, 36.328611 ] } },
{ "type": "Feature", "properties": { "ID": 851000004197, "正式名称": "あやめ薬局古河店", "機関区分": 5, "都道府県コード": 8, "市区町村コード": 204, "所在地": "茨城県古河市東牛谷８２１－１", "緯度": 36.201389, "経度": 139.753333, "url": "https://www.iryou.teikyouseido.mhlw.go.jp/znk-web/juminkanja/S2430/initialize?prefCd=08&kikanCd=1000004197&kikanKbn=nan", "url2": "https://assistgroup.co.jp/", "内容": "あやめ薬局古河店0茨城県古河市東牛谷８２１－１" }, "geometry": { "type": "Point", "coordinates": [ 139.753333, 36.201389 ] } },
{ "type": "Feature", "properties": { "ID": 851000004198, "正式名称": "あおぞら薬局", "機関区分": 5, "都道府県コード": 8, "市区町村コード": 204, "所在地": "茨城県古河市関戸１６３４－１", "緯度": 36.192133, "経度": 139.751452, "url": "https://www.iryou.teikyouseido.mhlw.go.jp/znk-web/juminkanja/S2430/initialize?prefCd=08&kikanCd=1000004198&kikanKbn=nan", "url2": "https://aozoradrug.com/", "内容": "あおぞら薬局0茨城県古河市関戸１６３４－１" }, "geometry": { "type": "Point", "coordinates": [ 139.751452, 36.192133 ] } },
{ "type": "Feature", "properties": { "ID": 851000004199, "正式名称": "かわわだ薬局", "機関区分": 5, "都道府県コード": 8, "市区町村コード": 201, "所在地": "茨城県水戸市河和田１ー１８２８ー１０　グランスクエア赤塚１０２", "緯度": 36.376389, "経度": 140.414722, "url": "https://www.iryou.teikyouseido.mhlw.go.jp/znk-web/juminkanja/S2430/initialize?prefCd=08&kikanCd=1000004199&kikanKbn=nan", "url2": null, "内容": "かわわだ薬局0茨城県水戸市河和田１ー１８２８ー１０　グランスクエア赤塚１０２" }, "geometry": { "type": "Point", "coordinates": [ 140.414722, 36.376389 ] } },
{ "type": "Feature", "properties": { "ID": 851000004201, "正式名称": "つばき薬局", "機関区分": 5, "都道府県コード": 8, "市区町村コード": 220, "所在地": "茨城県つくば市高野台２－１２－２　グリーンパレス高野台１０３", "緯度": 36.024932, "経度": 140.120515, "url": "https://www.iryou.teikyouseido.mhlw.go.jp/znk-web/juminkanja/S2430/initialize?prefCd=08&kikanCd=1000004201&kikanKbn=nan", "url2": "https://www.edopharmacy.com", "内容": "つばき薬局0茨城県つくば市高野台２－１２－２　グリーンパレス高野台１０３" }, "geometry": { "type": "Point", "coordinates": [ 140.120515, 36.024932 ] } },
{ "type": "Feature", "properties": { "ID": 851000004202, "正式名称": "倉持薬局　谷和原店", "機関区分": 5, "都道府県コード": 8, "市区町村コード": 235, "所在地": "茨城県つくばみらい市小絹９２５－３", "緯度": 35.983212, "経度": 139.976712, "url": "https://www.iryou.teikyouseido.mhlw.go.jp/znk-web/juminkanja/S2430/initialize?prefCd=08&kikanCd=1000004202&kikanKbn=nan", "url2": "http://www.cawachi.co.jp", "内容": "倉持薬局　谷和原店0茨城県つくばみらい市小絹９２５－３" }, "geometry": { "type": "Point", "coordinates": [ 139.976712, 35.983212 ] } },
{ "type": "Feature", "properties": { "ID": 851000004203, "正式名称": "アクア薬局　わたり店", "機関区分": 5, "都道府県コード": 8, "市区町村コード": 201, "所在地": "茨城県水戸市堀町９４０－８", "緯度": 36.399722, "経度": 140.433333, "url": "https://www.iryou.teikyouseido.mhlw.go.jp/znk-web/juminkanja/S2430/initialize?prefCd=08&kikanCd=1000004203&kikanKbn=nan", "url2": null, "内容": "アクア薬局　わたり店0茨城県水戸市堀町９４０－８" }, "geometry": { "type": "Point", "coordinates": [ 140.433333, 36.399722 ] } },
{ "type": "Feature", "properties": { "ID": 851000004204, "正式名称": "ななせ薬局", "機関区分": 5, "都道府県コード": 8, "市区町村コード": 234, "所在地": "茨城県鉾田市鉾田２１１６－３", "緯度": 36.150556, "経度": 140.515, "url": "https://www.iryou.teikyouseido.mhlw.go.jp/znk-web/juminkanja/S2430/initialize?prefCd=08&kikanCd=1000004204&kikanKbn=nan", "url2": "https://mito-medical-kikaku.com/", "内容": "ななせ薬局0茨城県鉾田市鉾田２１１６－３" }, "geometry": { "type": "Point", "coordinates": [ 140.515, 36.150556 ] } },
{ "type": "Feature", "properties": { "ID": 851000004205, "正式名称": "ウエルシア薬局取手戸頭２号店", "機関区分": 5, "都道府県コード": 8, "市区町村コード": 217, "所在地": "茨城県取手市戸頭１－９－１８", "緯度": 35.919257, "経度": 140.011314, "url": "https://www.iryou.teikyouseido.mhlw.go.jp/znk-web/juminkanja/S2430/initialize?prefCd=08&kikanCd=1000004205&kikanKbn=nan", "url2": "http://www.welcia-yakkyoku.co.jp", "内容": "ウエルシア薬局取手戸頭２号店0茨城県取手市戸頭１－９－１８" }, "geometry": { "type": "Point", "coordinates": [ 140.011314, 35.919257 ] } },
{ "type": "Feature", "properties": { "ID": 851000004206, "正式名称": "アイン薬局馴馬店", "機関区分": 5, "都道府県コード": 8, "市区町村コード": 208, "所在地": "茨城県龍ケ崎市馴馬町２６７７－４", "緯度": 35.917208, "経度": 140.178641, "url": "https://www.iryou.teikyouseido.mhlw.go.jp/znk-web/juminkanja/S2430/initialize?prefCd=08&kikanCd=1000004206&kikanKbn=nan", "url2": "http://www.ainj.co.jp/network/ainpharmaciez/ap0626.html", "内容": "アイン薬局馴馬店0茨城県龍ケ崎市馴馬町２６７７－４" }, "geometry": { "type": "Point", "coordinates": [ 140.178641, 35.917208 ] } },
{ "type": "Feature", "properties": { "ID": 851000004207, "正式名称": "ひかり薬局神栖店", "機関区分": 5, "都道府県コード": 8, "市区町村コード": 232, "所在地": "茨城県神栖市息栖３０３１－３５", "緯度": 35.873333, "経度": 140.639167, "url": "https://www.iryou.teikyouseido.mhlw.go.jp/znk-web/juminkanja/S2430/initialize?prefCd=08&kikanCd=1000004207&kikanKbn=nan", "url2": "http://irph.jp/", "内容": "ひかり薬局神栖店0茨城県神栖市息栖３０３１－３５" }, "geometry": { "type": "Point", "coordinates": [ 140.639167, 35.873333 ] } },
{ "type": "Feature", "properties": { "ID": 851000004208, "正式名称": "クスリのアオキ寺後薬局", "機関区分": 5, "都道府県コード": 8, "市区町村コード": 208, "所在地": "茨城県龍ケ崎市３４９３番地１", "緯度": 35.909787, "経度": 140.186243, "url": "https://www.iryou.teikyouseido.mhlw.go.jp/znk-web/juminkanja/S2430/initialize?prefCd=08&kikanCd=1000004208&kikanKbn=nan", "url2": "https://www.kusuri-aoki.co.jp/", "内容": "クスリのアオキ寺後薬局0茨城県龍ケ崎市３４９３番地１" }, "geometry": { "type": "Point", "coordinates": [ 140.186243, 35.909787 ] } },
{ "type": "Feature", "properties": { "ID": 851000004209, "正式名称": "カワチ薬局　大沼店", "機関区分": 5, "都道府県コード": 8, "市区町村コード": 202, "所在地": "茨城県日立市大沼町２－２０－６", "緯度": 36.535142, "経度": 140.618628, "url": "https://www.iryou.teikyouseido.mhlw.go.jp/znk-web/juminkanja/S2430/initialize?prefCd=08&kikanCd=1000004209&kikanKbn=nan", "url2": "https://www.cawachi.co.jp/", "内容": "カワチ薬局　大沼店0茨城県日立市大沼町２－２０－６" }, "geometry": { "type": "Point", "coordinates": [ 140.618628, 36.535142 ] } },
{ "type": "Feature", "properties": { "ID": 851000004211, "正式名称": "今川薬局取手井野店", "機関区分": 5, "都道府県コード": 8, "市区町村コード": 217, "所在地": "茨城県取手市井野８００－２", "緯度": 35.90159, "経度": 140.081728, "url": "https://www.iryou.teikyouseido.mhlw.go.jp/znk-web/juminkanja/S2430/initialize?prefCd=08&kikanCd=1000004211&kikanKbn=nan", "url2": "http://www.imagawa-ph.jp/", "内容": "今川薬局取手井野店0茨城県取手市井野８００－２" }, "geometry": { "type": "Point", "coordinates": [ 140.081728, 35.90159 ] } },
{ "type": "Feature", "properties": { "ID": 851000004213, "正式名称": "つばさ薬局", "機関区分": 5, "都道府県コード": 8, "市区町村コード": 224, "所在地": "茨城県守谷市松前台１－１６－１０", "緯度": 35.967097, "経度": 139.968044, "url": "https://www.iryou.teikyouseido.mhlw.go.jp/znk-web/juminkanja/S2430/initialize?prefCd=08&kikanCd=1000004213&kikanKbn=nan", "url2": "https://sky-pharmacy.jp", "内容": "つばさ薬局0茨城県守谷市松前台１－１６－１０" }, "geometry": { "type": "Point", "coordinates": [ 139.968044, 35.967097 ] } },
{ "type": "Feature", "properties": { "ID": 851000004215, "正式名称": "カワチ薬局　古河店", "機関区分": 5, "都道府県コード": 8, "市区町村コード": 204, "所在地": "茨城県古河市旭町１－１７－６６", "緯度": 36.193333, "経度": 139.725833, "url": "https://www.iryou.teikyouseido.mhlw.go.jp/znk-web/juminkanja/S2430/initialize?prefCd=08&kikanCd=1000004215&kikanKbn=nan", "url2": "http://www.cawachi.co.jp", "内容": "カワチ薬局　古河店0茨城県古河市旭町１－１７－６６" }, "geometry": { "type": "Point", "coordinates": [ 139.725833, 36.193333 ] } },
{ "type": "Feature", "properties": { "ID": 851000004216, "正式名称": "日本調剤　古河公園薬局", "機関区分": 5, "都道府県コード": 8, "市区町村コード": 204, "所在地": "茨城県古河市駒ケ崎３－１３", "緯度": 36.171031, "経度": 139.706411, "url": "https://www.iryou.teikyouseido.mhlw.go.jp/znk-web/juminkanja/S2430/initialize?prefCd=08&kikanCd=1000004216&kikanKbn=nan", "url2": "https://www.nicho.co.jp/tenpo/kogakouen/", "内容": "日本調剤　古河公園薬局0茨城県古河市駒ケ崎３－１３" }, "geometry": { "type": "Point", "coordinates": [ 139.706411, 36.171031 ] } },
{ "type": "Feature", "properties": { "ID": 851000004217, "正式名称": "日本調剤牛久南薬局", "機関区分": 5, "都道府県コード": 8, "市区町村コード": 219, "所在地": "茨城県牛久市南１−６−４２", "緯度": 35.972926, "経度": 140.141043, "url": "https://www.iryou.teikyouseido.mhlw.go.jp/znk-web/juminkanja/S2430/initialize?prefCd=08&kikanCd=1000004217&kikanKbn=nan", "url2": "http://www.nicho.co.jp/", "内容": "日本調剤牛久南薬局0茨城県牛久市南１−６−４２" }, "geometry": { "type": "Point", "coordinates": [ 140.141043, 35.972926 ] } },
{ "type": "Feature", "properties": { "ID": 851000004219, "正式名称": "おりかさ薬局", "機関区分": 5, "都道府県コード": 8, "市区町村コード": 202, "所在地": "茨城県日立市折笠町５６４－２", "緯度": 36.654538, "経度": 140.690828, "url": "https://www.iryou.teikyouseido.mhlw.go.jp/znk-web/juminkanja/S2430/initialize?prefCd=08&kikanCd=1000004219&kikanKbn=nan", "url2": null, "内容": "おりかさ薬局0茨城県日立市折笠町５６４－２" }, "geometry": { "type": "Point", "coordinates": [ 140.690828, 36.654538 ] } },
{ "type": "Feature", "properties": { "ID": 851000004220, "正式名称": "ウエルシア薬局水戸元吉田店", "機関区分": 5, "都道府県コード": 8, "市区町村コード": 201, "所在地": "茨城県水戸市元吉田町１５７０番地の８", "緯度": 36.348522, "経度": 140.47803, "url": "https://www.iryou.teikyouseido.mhlw.go.jp/znk-web/juminkanja/S2430/initialize?prefCd=08&kikanCd=1000004220&kikanKbn=nan", "url2": "https://store.welcia.co.jp/welcia/spot/detail?code=6358D", "内容": "ウエルシア薬局水戸元吉田店0茨城県水戸市元吉田町１５７０番地の８" }, "geometry": { "type": "Point", "coordinates": [ 140.47803, 36.348522 ] } },
{ "type": "Feature", "properties": { "ID": 851000004221, "正式名称": "みつわ薬局神栖土合店", "機関区分": 5, "都道府県コード": 8, "市区町村コード": 232, "所在地": "茨城県神栖市土合本町２丁目９８０９－１８４", "緯度": 35.788611, "経度": 140.780833, "url": "https://www.iryou.teikyouseido.mhlw.go.jp/znk-web/juminkanja/S2430/initialize?prefCd=08&kikanCd=1000004221&kikanKbn=nan", "url2": null, "内容": "みつわ薬局神栖土合店0茨城県神栖市土合本町２丁目９８０９－１８４" }, "geometry": { "type": "Point", "coordinates": [ 140.780833, 35.788611 ] } },
{ "type": "Feature", "properties": { "ID": 851000004222, "正式名称": "今川薬局つくば手代木店", "機関区分": 5, "都道府県コード": 8, "市区町村コード": 220, "所在地": "茨城県つくば市手代木１９２７－８", "緯度": 36.063505, "経度": 140.1014, "url": "https://www.iryou.teikyouseido.mhlw.go.jp/znk-web/juminkanja/S2430/initialize?prefCd=08&kikanCd=1000004222&kikanKbn=nan", "url2": "http://www.imagawa-ph.jp/", "内容": "今川薬局つくば手代木店0茨城県つくば市手代木１９２７－８" }, "geometry": { "type": "Point", "coordinates": [ 140.1014, 36.063505 ] } },
{ "type": "Feature", "properties": { "ID": 851000004224, "正式名称": "クオール薬局　日立北店", "機関区分": 5, "都道府県コード": 8, "市区町村コード": 202, "所在地": "茨城県日立市小木津町９６２－３", "緯度": 36.64682, "経度": 140.671305, "url": "https://www.iryou.teikyouseido.mhlw.go.jp/znk-web/juminkanja/S2430/initialize?prefCd=08&kikanCd=1000004224&kikanKbn=nan", "url2": null, "内容": "クオール薬局　日立北店0茨城県日立市小木津町９６２－３" }, "geometry": { "type": "Point", "coordinates": [ 140.671305, 36.64682 ] } },
{ "type": "Feature", "properties": { "ID": 851000004225, "正式名称": "すばる薬局", "機関区分": 5, "都道府県コード": 8, "市区町村コード": 212, "所在地": "茨城県常陸太田市金井町４８１５－２", "緯度": 36.536928, "経度": 140.532523, "url": "https://www.iryou.teikyouseido.mhlw.go.jp/znk-web/juminkanja/S2430/initialize?prefCd=08&kikanCd=1000004225&kikanKbn=nan", "url2": null, "内容": "すばる薬局0茨城県常陸太田市金井町４８１５－２" }, "geometry": { "type": "Point", "coordinates": [ 140.532523, 36.536928 ] } },
{ "type": "Feature", "properties": { "ID": 851000004226, "正式名称": "みすず薬局　長岡店", "機関区分": 5, "都道府県コード": 8, "市区町村コード": 302, "所在地": "茨城県東茨城郡茨城町長岡３３１７－７５", "緯度": 36.305833, "経度": 140.441944, "url": "https://www.iryou.teikyouseido.mhlw.go.jp/znk-web/juminkanja/S2430/initialize?prefCd=08&kikanCd=1000004226&kikanKbn=nan", "url2": "http://www.lifeaid-misuzu.co.jp/", "内容": "みすず薬局　長岡店0茨城県東茨城郡茨城町長岡３３１７－７５" }, "geometry": { "type": "Point", "coordinates": [ 140.441944, 36.305833 ] } },
{ "type": "Feature", "properties": { "ID": 851000004227, "正式名称": "なの花薬局東石岡店", "機関区分": 5, "都道府県コード": 8, "市区町村コード": 205, "所在地": "茨城県石岡市東石岡５－２－３６", "緯度": 36.189095, "経度": 140.29202, "url": "https://www.iryou.teikyouseido.mhlw.go.jp/znk-web/juminkanja/S2430/initialize?prefCd=08&kikanCd=1000004227&kikanKbn=nan", "url2": "https://www.nanohana-ph.jp/", "内容": "なの花薬局東石岡店0茨城県石岡市東石岡５－２－３６" }, "geometry": { "type": "Point", "coordinates": [ 140.29202, 36.189095 ] } },
{ "type": "Feature", "properties": { "ID": 851000004228, "正式名称": "アクア薬局　桜の郷店", "機関区分": 5, "都道府県コード": 8, "市区町村コード": 302, "所在地": "茨城県東茨城郡茨城町桜の郷１４００－４", "緯度": 36.318333, "経度": 140.420278, "url": "https://www.iryou.teikyouseido.mhlw.go.jp/znk-web/juminkanja/S2430/initialize?prefCd=08&kikanCd=1000004228&kikanKbn=nan", "url2": null, "内容": "アクア薬局　桜の郷店0茨城県東茨城郡茨城町桜の郷１４００－４" }, "geometry": { "type": "Point", "coordinates": [ 140.420278, 36.318333 ] } },
{ "type": "Feature", "properties": { "ID": 851000004229, "正式名称": "調剤薬局マツモトキヨシ　神栖店", "機関区分": 5, "都道府県コード": 8, "市区町村コード": 232, "所在地": "茨城県神栖市大野原５ー３ー６８", "緯度": 35.889167, "経度": 140.6375, "url": "https://www.iryou.teikyouseido.mhlw.go.jp/znk-web/juminkanja/S2430/initialize?prefCd=08&kikanCd=1000004229&kikanKbn=nan", "url2": null, "内容": "調剤薬局マツモトキヨシ　神栖店0茨城県神栖市大野原５ー３ー６８" }, "geometry": { "type": "Point", "coordinates": [ 140.6375, 35.889167 ] } },
{ "type": "Feature", "properties": { "ID": 851000004230, "正式名称": "ろはす薬局　あるぱか店", "機関区分": 5, "都道府県コード": 8, "市区町村コード": 220, "所在地": "茨城県つくば市栗原１６７６", "緯度": 36.120556, "経度": 140.124722, "url": "https://www.iryou.teikyouseido.mhlw.go.jp/znk-web/juminkanja/S2430/initialize?prefCd=08&kikanCd=1000004230&kikanKbn=nan", "url2": null, "内容": "ろはす薬局　あるぱか店0茨城県つくば市栗原１６７６" }, "geometry": { "type": "Point", "coordinates": [ 140.124722, 36.120556 ] } },
{ "type": "Feature", "properties": { "ID": 851000004231, "正式名称": "さくら薬局　龍ケ崎寺後店", "機関区分": 5, "都道府県コード": 8, "市区町村コード": 208, "所在地": "茨城県龍ケ崎市寺後３５８９", "緯度": 35.909253, "経度": 140.185447, "url": "https://www.iryou.teikyouseido.mhlw.go.jp/znk-web/juminkanja/S2430/initialize?prefCd=08&kikanCd=1000004231&kikanKbn=nan", "url2": "https://www.kraft-net.co.jp/sakura/store/4034/", "内容": "さくら薬局　龍ケ崎寺後店0茨城県龍ケ崎市寺後３５８９" }, "geometry": { "type": "Point", "coordinates": [ 140.185447, 35.909253 ] } },
{ "type": "Feature", "properties": { "ID": 851000004232, "正式名称": "さくら薬局　龍ケ崎馴馬店", "機関区分": 5, "都道府県コード": 8, "市区町村コード": 208, "所在地": "茨城県龍ケ崎市馴馬町中曽根２９８０ー８", "緯度": 35.913714, "経度": 140.184928, "url": "https://www.iryou.teikyouseido.mhlw.go.jp/znk-web/juminkanja/S2430/initialize?prefCd=08&kikanCd=1000004232&kikanKbn=nan", "url2": "https://www.kraft-net.co.jp/sakura/store/4035/", "内容": "さくら薬局　龍ケ崎馴馬店0茨城県龍ケ崎市馴馬町中曽根２９８０ー８" }, "geometry": { "type": "Point", "coordinates": [ 140.184928, 35.913714 ] } },
{ "type": "Feature", "properties": { "ID": 851000004233, "正式名称": "ハニュウ薬局小野崎店", "機関区分": 5, "都道府県コード": 8, "市区町村コード": 220, "所在地": "茨城県つくば市小野崎４００－３", "緯度": 36.073699, "経度": 140.109461, "url": "https://www.iryou.teikyouseido.mhlw.go.jp/znk-web/juminkanja/S2430/initialize?prefCd=08&kikanCd=1000004233&kikanKbn=nan", "url2": "http://mydrug.co.jp", "内容": "ハニュウ薬局小野崎店0茨城県つくば市小野崎４００－３" }, "geometry": { "type": "Point", "coordinates": [ 140.109461, 36.073699 ] } },
{ "type": "Feature", "properties": { "ID": 851000004236, "正式名称": "中央薬局　那珂店", "機関区分": 5, "都道府県コード": 8, "市区町村コード": 226, "所在地": "茨城県那珂市横堀１２９１番３０", "緯度": 36.469477, "経度": 140.520678, "url": "https://www.iryou.teikyouseido.mhlw.go.jp/znk-web/juminkanja/S2430/initialize?prefCd=08&kikanCd=1000004236&kikanKbn=nan", "url2": "http://www.power-p.co.jp", "内容": "中央薬局　那珂店0茨城県那珂市横堀１２９１番３０" }, "geometry": { "type": "Point", "coordinates": [ 140.520678, 36.469477 ] } },
{ "type": "Feature", "properties": { "ID": 851000004237, "正式名称": "コスモファーマ薬局　ひたち野店", "機関区分": 5, "都道府県コード": 8, "市区町村コード": 219, "所在地": "茨城県牛久市ひたち野東２－２４－１０", "緯度": 36.004174, "経度": 140.171951, "url": "https://www.iryou.teikyouseido.mhlw.go.jp/znk-web/juminkanja/S2430/initialize?prefCd=08&kikanCd=1000004237&kikanKbn=nan", "url2": "http://www.cosmo-ph.co.jp/", "内容": "コスモファーマ薬局　ひたち野店0茨城県牛久市ひたち野東２－２４－１０" }, "geometry": { "type": "Point", "coordinates": [ 140.171951, 36.004174 ] } },
{ "type": "Feature", "properties": { "ID": 851000004238, "正式名称": "つだハート薬局", "機関区分": 5, "都道府県コード": 8, "市区町村コード": 221, "所在地": "茨城県ひたちなか市津田２０３１－１０７９", "緯度": 36.416697, "経度": 140.508283, "url": "https://www.iryou.teikyouseido.mhlw.go.jp/znk-web/juminkanja/S2430/initialize?prefCd=08&kikanCd=1000004238&kikanKbn=nan", "url2": "https://www.tsuda-heart-ph.com", "内容": "つだハート薬局0茨城県ひたちなか市津田２０３１－１０７９" }, "geometry": { "type": "Point", "coordinates": [ 140.508283, 36.416697 ] } },
{ "type": "Feature", "properties": { "ID": 851000004239, "正式名称": "アイン薬局　水戸宮町店", "機関区分": 5, "都道府県コード": 8, "市区町村コード": 201, "所在地": "茨城県水戸市宮町３－２－１５", "緯度": 36.370278, "経度": 140.474722, "url": "https://www.iryou.teikyouseido.mhlw.go.jp/znk-web/juminkanja/S2430/initialize?prefCd=08&kikanCd=1000004239&kikanKbn=nan", "url2": "https://www.ainj.co.jp/", "内容": "アイン薬局　水戸宮町店0茨城県水戸市宮町３－２－１５" }, "geometry": { "type": "Point", "coordinates": [ 140.474722, 36.370278 ] } },
{ "type": "Feature", "properties": { "ID": 851000004240, "正式名称": "こころ薬局", "機関区分": 5, "都道府県コード": 8, "市区町村コード": 201, "所在地": "茨城県水戸市東台１－６－９", "緯度": 36.367084, "経度": 140.494786, "url": "https://www.iryou.teikyouseido.mhlw.go.jp/znk-web/juminkanja/S2430/initialize?prefCd=08&kikanCd=1000004240&kikanKbn=nan", "url2": null, "内容": "こころ薬局0茨城県水戸市東台１－６－９" }, "geometry": { "type": "Point", "coordinates": [ 140.494786, 36.367084 ] } },
{ "type": "Feature", "properties": { "ID": 851000004241, "正式名称": "新石下薬局", "機関区分": 5, "都道府県コード": 8, "市区町村コード": 211, "所在地": "茨城県常総市新石下３８９４−３", "緯度": 36.11353, "経度": 139.978789, "url": "https://www.iryou.teikyouseido.mhlw.go.jp/znk-web/juminkanja/S2430/initialize?prefCd=08&kikanCd=1000004241&kikanKbn=nan", "url2": "https://sante-g.com", "内容": "新石下薬局0茨城県常総市新石下３８９４−３" }, "geometry": { "type": "Point", "coordinates": [ 139.978789, 36.11353 ] } },
{ "type": "Feature", "properties": { "ID": 851000004242, "正式名称": "ウエルシア薬局　　下妻古沢店", "機関区分": 5, "都道府県コード": 8, "市区町村コード": 210, "所在地": "茨城県下妻市古沢５６３", "緯度": 36.179722, "経度": 139.980833, "url": "https://www.iryou.teikyouseido.mhlw.go.jp/znk-web/juminkanja/S2430/initialize?prefCd=08&kikanCd=1000004242&kikanKbn=nan", "url2": "www.welcia-yakkyoku.co.jp/", "内容": "ウエルシア薬局　　下妻古沢店0茨城県下妻市古沢５６３" }, "geometry": { "type": "Point", "coordinates": [ 139.980833, 36.179722 ] } },
{ "type": "Feature", "properties": { "ID": 851000004243, "正式名称": "アクア薬局　わたり北店", "機関区分": 5, "都道府県コード": 8, "市区町村コード": 201, "所在地": "茨城県水戸市渡里町３０１３－６", "緯度": 36.405, "経度": 140.436667, "url": "https://www.iryou.teikyouseido.mhlw.go.jp/znk-web/juminkanja/S2430/initialize?prefCd=08&kikanCd=1000004243&kikanKbn=nan", "url2": null, "内容": "アクア薬局　わたり北店0茨城県水戸市渡里町３０１３－６" }, "geometry": { "type": "Point", "coordinates": [ 140.436667, 36.405 ] } },
{ "type": "Feature", "properties": { "ID": 851000004244, "正式名称": "南山堂薬局　筑西店", "機関区分": 5, "都道府県コード": 8, "市区町村コード": 227, "所在地": "茨城県筑西市深見４９６－７", "緯度": 36.29, "経度": 140.0125, "url": "https://www.iryou.teikyouseido.mhlw.go.jp/znk-web/juminkanja/S2430/initialize?prefCd=08&kikanCd=1000004244&kikanKbn=nan", "url2": "http://www.nanzando.co.jp", "内容": "南山堂薬局　筑西店0茨城県筑西市深見４９６－７" }, "geometry": { "type": "Point", "coordinates": [ 140.0125, 36.29 ] } },
{ "type": "Feature", "properties": { "ID": 851000004245, "正式名称": "薬局セレクト古来店", "機関区分": 5, "都道府県コード": 8, "市区町村コード": 220, "所在地": "茨城県つくば市古来５１４ー１３", "緯度": 36.092584, "経度": 140.14521, "url": "https://www.iryou.teikyouseido.mhlw.go.jp/znk-web/juminkanja/S2430/initialize?prefCd=08&kikanCd=1000004245&kikanKbn=nan", "url2": "http://www.select884.com/", "内容": "薬局セレクト古来店0茨城県つくば市古来５１４ー１３" }, "geometry": { "type": "Point", "coordinates": [ 140.14521, 36.092584 ] } },
{ "type": "Feature", "properties": { "ID": 851000004246, "正式名称": "プルメリア薬局", "機関区分": 5, "都道府県コード": 8, "市区町村コード": 204, "所在地": "茨城県古河市上辺見１９９１－１", "緯度": 36.187278, "経度": 139.724835, "url": "https://www.iryou.teikyouseido.mhlw.go.jp/znk-web/juminkanja/S2430/initialize?prefCd=08&kikanCd=1000004246&kikanKbn=nan", "url2": "-", "内容": "プルメリア薬局0茨城県古河市上辺見１９９１－１" }, "geometry": { "type": "Point", "coordinates": [ 139.724835, 36.187278 ] } },
{ "type": "Feature", "properties": { "ID": 851000004247, "正式名称": "協和調剤薬局　筑西支局", "機関区分": 5, "都道府県コード": 8, "市区町村コード": 227, "所在地": "茨城県筑西市深見４９６－１", "緯度": 36.288496, "経度": 140.009532, "url": "https://www.iryou.teikyouseido.mhlw.go.jp/znk-web/juminkanja/S2430/initialize?prefCd=08&kikanCd=1000004247&kikanKbn=nan", "url2": "http://www.kyowa-hs.com", "内容": "協和調剤薬局　筑西支局0茨城県筑西市深見４９６－１" }, "geometry": { "type": "Point", "coordinates": [ 140.009532, 36.288496 ] } },
{ "type": "Feature", "properties": { "ID": 851000004248, "正式名称": "みすず薬局　千波店", "機関区分": 5, "都道府県コード": 8, "市区町村コード": 201, "所在地": "茨城県水戸市千波町２５９９番地１号", "緯度": 36.351111, "経度": 140.449444, "url": "https://www.iryou.teikyouseido.mhlw.go.jp/znk-web/juminkanja/S2430/initialize?prefCd=08&kikanCd=1000004248&kikanKbn=nan", "url2": "https://www.lifeaid-misuzu.co.jp/", "内容": "みすず薬局　千波店0茨城県水戸市千波町２５９９番地１号" }, "geometry": { "type": "Point", "coordinates": [ 140.449444, 36.351111 ] } },
{ "type": "Feature", "properties": { "ID": 851000004250, "正式名称": "アクア薬局　松代店", "機関区分": 5, "都道府県コード": 8, "市区町村コード": 220, "所在地": "茨城県つくば市松代４－８－２７", "緯度": 36.066725, "経度": 140.10441, "url": "https://www.iryou.teikyouseido.mhlw.go.jp/znk-web/juminkanja/S2430/initialize?prefCd=08&kikanCd=1000004250&kikanKbn=nan", "url2": "http://aqua-mito.byoinnavi.jp", "内容": "アクア薬局　松代店0茨城県つくば市松代４－８－２７" }, "geometry": { "type": "Point", "coordinates": [ 140.10441, 36.066725 ] } },
{ "type": "Feature", "properties": { "ID": 851000004251, "正式名称": "あけぼの薬局　メディカル店", "機関区分": 5, "都道府県コード": 8, "市区町村コード": 220, "所在地": "茨城県つくば市天久保１－３－１", "緯度": 36.088611, "経度": 140.109167, "url": "https://www.iryou.teikyouseido.mhlw.go.jp/znk-web/juminkanja/S2430/initialize?prefCd=08&kikanCd=1000004251&kikanKbn=nan", "url2": "https://www.akebono1.com", "内容": "あけぼの薬局　メディカル店0茨城県つくば市天久保１－３－１" }, "geometry": { "type": "Point", "coordinates": [ 140.109167, 36.088611 ] } },
{ "type": "Feature", "properties": { "ID": 851000004252, "正式名称": "ウエルシア薬局常総北水海道店", "機関区分": 5, "都道府県コード": 8, "市区町村コード": 211, "所在地": "茨城県常総市水海道森下町４１４１番地１", "緯度": 36.032977, "経度": 139.987988, "url": "https://www.iryou.teikyouseido.mhlw.go.jp/znk-web/juminkanja/S2430/initialize?prefCd=08&kikanCd=1000004252&kikanKbn=nan", "url2": "http://www.welcia-yakkyoku.co.jp/", "内容": "ウエルシア薬局常総北水海道店0茨城県常総市水海道森下町４１４１番地１" }, "geometry": { "type": "Point", "coordinates": [ 139.987988, 36.032977 ] } },
{ "type": "Feature", "properties": { "ID": 851000004253, "正式名称": "日本調剤　西成沢薬局", "機関区分": 5, "都道府県コード": 8, "市区町村コード": 202, "所在地": "茨城県日立市西成沢町２－２－１－１", "緯度": 36.577132, "経度": 140.6353, "url": "https://www.iryou.teikyouseido.mhlw.go.jp/znk-web/juminkanja/S2430/initialize?prefCd=08&kikanCd=1000004253&kikanKbn=nan", "url2": "https://www.nicho.co.jp/", "内容": "日本調剤　西成沢薬局0茨城県日立市西成沢町２－２－１－１" }, "geometry": { "type": "Point", "coordinates": [ 140.6353, 36.577132 ] } },
{ "type": "Feature", "properties": { "ID": 851000004254, "正式名称": "クオール薬局筑西店", "機関区分": 5, "都道府県コード": 8, "市区町村コード": 227, "所在地": "茨城県筑西市女方６８８－５", "緯度": 36.279444, "経度": 139.917778, "url": "https://www.iryou.teikyouseido.mhlw.go.jp/znk-web/juminkanja/S2430/initialize?prefCd=08&kikanCd=1000004254&kikanKbn=nan", "url2": "https://www.qol-net.co.jp/", "内容": "クオール薬局筑西店0茨城県筑西市女方６８８－５" }, "geometry": { "type": "Point", "coordinates": [ 139.917778, 36.279444 ] } },
{ "type": "Feature", "properties": { "ID": 851000004255, "正式名称": "クオール薬局結城店", "機関区分": 5, "都道府県コード": 8, "市区町村コード": 207, "所在地": "茨城県結城市山川新宿１６８－６", "緯度": 36.225278, "経度": 139.873611, "url": "https://www.iryou.teikyouseido.mhlw.go.jp/znk-web/juminkanja/S2430/initialize?prefCd=08&kikanCd=1000004255&kikanKbn=nan", "url2": "http://www.qol-net.co.jp", "内容": "クオール薬局結城店0茨城県結城市山川新宿１６８－６" }, "geometry": { "type": "Point", "coordinates": [ 139.873611, 36.225278 ] } },
{ "type": "Feature", "properties": { "ID": 851000004256, "正式名称": "クオール薬局　真壁店", "機関区分": 5, "都道府県コード": 8, "市区町村コード": 231, "所在地": "茨城県桜川市真壁町古城２５９－３", "緯度": 36.270556, "経度": 140.109167, "url": "https://www.iryou.teikyouseido.mhlw.go.jp/znk-web/juminkanja/S2430/initialize?prefCd=08&kikanCd=1000004256&kikanKbn=nan", "url2": "http://www.qol-net.co.jp/", "内容": "クオール薬局　真壁店0茨城県桜川市真壁町古城２５９－３" }, "geometry": { "type": "Point", "coordinates": [ 140.109167, 36.270556 ] } },
{ "type": "Feature", "properties": { "ID": 851000004257, "正式名称": "アイセイ薬局　さくらがわ店", "機関区分": 5, "都道府県コード": 8, "市区町村コード": 231, "所在地": "茨城県桜川市高森字西飯島１０２３ー３", "緯度": 36.342267, "経度": 140.072688, "url": "https://www.iryou.teikyouseido.mhlw.go.jp/znk-web/juminkanja/S2430/initialize?prefCd=08&kikanCd=1000004257&kikanKbn=nan", "url2": "http://www.aisei.co.jp", "内容": "アイセイ薬局　さくらがわ店0茨城県桜川市高森字西飯島１０２３ー３" }, "geometry": { "type": "Point", "coordinates": [ 140.072688, 36.342267 ] } },
{ "type": "Feature", "properties": { "ID": 851000004258, "正式名称": "アイン薬局　桜川店", "機関区分": 5, "都道府県コード": 8, "市区町村コード": 231, "所在地": "茨城県桜川市高森１０２４", "緯度": 36.343889, "経度": 140.074722, "url": "https://www.iryou.teikyouseido.mhlw.go.jp/znk-web/juminkanja/S2430/initialize?prefCd=08&kikanCd=1000004258&kikanKbn=nan", "url2": "http://www.ainj.co.jp/", "内容": "アイン薬局　桜川店0茨城県桜川市高森１０２４" }, "geometry": { "type": "Point", "coordinates": [ 140.074722, 36.343889 ] } },
{ "type": "Feature", "properties": { "ID": 851000004259, "正式名称": "クオール薬局神栖店", "機関区分": 5, "都道府県コード": 8, "市区町村コード": 232, "所在地": "茨城県神栖市筒井１４２２－２６３", "緯度": 35.898889, "経度": 140.633056, "url": "https://www.iryou.teikyouseido.mhlw.go.jp/znk-web/juminkanja/S2430/initialize?prefCd=08&kikanCd=1000004259&kikanKbn=nan", "url2": "http://www.qol-net.co.jp/pharmacy/map/detail.php?id=163", "内容": "クオール薬局神栖店0茨城県神栖市筒井１４２２－２６３" }, "geometry": { "type": "Point", "coordinates": [ 140.633056, 35.898889 ] } },
{ "type": "Feature", "properties": { "ID": 851000004261, "正式名称": "クオール薬局鹿嶋店", "機関区分": 5, "都道府県コード": 8, "市区町村コード": 222, "所在地": "茨城県鹿嶋市宮中７－３－５", "緯度": 35.958611, "経度": 140.635833, "url": "https://www.iryou.teikyouseido.mhlw.go.jp/znk-web/juminkanja/S2430/initialize?prefCd=08&kikanCd=1000004261&kikanKbn=nan", "url2": "https://www.qol-net.co.jp/pharmacy/map/detail.php?id=162", "内容": "クオール薬局鹿嶋店0茨城県鹿嶋市宮中７－３－５" }, "geometry": { "type": "Point", "coordinates": [ 140.635833, 35.958611 ] } },
{ "type": "Feature", "properties": { "ID": 851000004262, "正式名称": "クオール薬局牛堀店", "機関区分": 5, "都道府県コード": 8, "市区町村コード": 223, "所在地": "茨城県潮来市牛堀６４９－２", "緯度": 35.965177, "経度": 140.519482, "url": "https://www.iryou.teikyouseido.mhlw.go.jp/znk-web/juminkanja/S2430/initialize?prefCd=08&kikanCd=1000004262&kikanKbn=nan", "url2": "http://www.qol-net.co.jp/", "内容": "クオール薬局牛堀店0茨城県潮来市牛堀６４９－２" }, "geometry": { "type": "Point", "coordinates": [ 140.519482, 35.965177 ] } },
{ "type": "Feature", "properties": { "ID": 851000004265, "正式名称": "コムファ薬局　つくばみどりの店", "機関区分": 5, "都道府県コード": 8, "市区町村コード": 220, "所在地": "茨城県つくば市みどりの２－５９－１", "緯度": 36.030278, "経度": 140.055556, "url": "https://www.iryou.teikyouseido.mhlw.go.jp/znk-web/juminkanja/S2430/initialize?prefCd=08&kikanCd=1000004265&kikanKbn=nan", "url2": "http://www.power-p.co.jp", "内容": "コムファ薬局　つくばみどりの店0茨城県つくば市みどりの２－５９－１" }, "geometry": { "type": "Point", "coordinates": [ 140.055556, 36.030278 ] } },
{ "type": "Feature", "properties": { "ID": 851000004266, "正式名称": "藤の木薬局", "機関区分": 5, "都道府県コード": 8, "市区町村コード": 204, "所在地": "茨城県古河市東１－１１－１３　ぷちはうすクロス１階", "緯度": 36.196081, "経度": 139.711813, "url": "https://www.iryou.teikyouseido.mhlw.go.jp/znk-web/juminkanja/S2430/initialize?prefCd=08&kikanCd=1000004266&kikanKbn=nan", "url2": "https://fujinoki-pharmacy.com/", "内容": "藤の木薬局0茨城県古河市東１－１１－１３　ぷちはうすクロス１階" }, "geometry": { "type": "Point", "coordinates": [ 139.711813, 36.196081 ] } },
{ "type": "Feature", "properties": { "ID": 851000004269, "正式名称": "クオール薬局取手店", "機関区分": 5, "都道府県コード": 8, "市区町村コード": 217, "所在地": "茨城県取手市井野２６８―２", "緯度": 35.901251, "経度": 140.085431, "url": "https://www.iryou.teikyouseido.mhlw.go.jp/znk-web/juminkanja/S2430/initialize?prefCd=08&kikanCd=1000004269&kikanKbn=nan", "url2": "https://www.qol-net.co.jp/pharmacy/map/detail.php?id=169", "内容": "クオール薬局取手店0茨城県取手市井野２６８―２" }, "geometry": { "type": "Point", "coordinates": [ 140.085431, 35.901251 ] } },
{ "type": "Feature", "properties": { "ID": 851000004270, "正式名称": "ウエルシア薬局　牛久上柏田店", "機関区分": 5, "都道府県コード": 8, "市区町村コード": 219, "所在地": "茨城県牛久市上柏田２－３３－６", "緯度": 35.989558, "経度": 140.156134, "url": "https://www.iryou.teikyouseido.mhlw.go.jp/znk-web/juminkanja/S2430/initialize?prefCd=08&kikanCd=1000004270&kikanKbn=nan", "url2": "https://stores.welcia.co.jp/6318D", "内容": "ウエルシア薬局　牛久上柏田店0茨城県牛久市上柏田２－３３－６" }, "geometry": { "type": "Point", "coordinates": [ 140.156134, 35.989558 ] } },
{ "type": "Feature", "properties": { "ID": 851000004271, "正式名称": "あおば薬局龍ケ崎店", "機関区分": 5, "都道府県コード": 8, "市区町村コード": 208, "所在地": "茨城県龍ケ崎市半田町１３９３番２", "緯度": 35.920999, "経度": 140.236928, "url": "https://www.iryou.teikyouseido.mhlw.go.jp/znk-web/juminkanja/S2430/initialize?prefCd=08&kikanCd=1000004271&kikanKbn=nan", "url2": "https://x.com/aobaryugasaki", "内容": "あおば薬局龍ケ崎店0茨城県龍ケ崎市半田町１３９３番２" }, "geometry": { "type": "Point", "coordinates": [ 140.236928, 35.920999 ] } },
{ "type": "Feature", "properties": { "ID": 851000004272, "正式名称": "スマイル薬局", "機関区分": 5, "都道府県コード": 8, "市区町村コード": 235, "所在地": "茨城県つくばみらい市陽光台３－１１－４", "緯度": 35.989444, "経度": 140.044722, "url": "https://www.iryou.teikyouseido.mhlw.go.jp/znk-web/juminkanja/S2430/initialize?prefCd=08&kikanCd=1000004272&kikanKbn=nan", "url2": null, "内容": "スマイル薬局0茨城県つくばみらい市陽光台３－１１－４" }, "geometry": { "type": "Point", "coordinates": [ 140.044722, 35.989444 ] } },
{ "type": "Feature", "properties": { "ID": 851000004273, "正式名称": "ノイエ薬局", "機関区分": 5, "都道府県コード": 8, "市区町村コード": 220, "所在地": "茨城県つくば市島名１６６６－１", "緯度": 36.066111, "経度": 140.053333, "url": "https://www.iryou.teikyouseido.mhlw.go.jp/znk-web/juminkanja/S2430/initialize?prefCd=08&kikanCd=1000004273&kikanKbn=nan", "url2": null, "内容": "ノイエ薬局0茨城県つくば市島名１６６６－１" }, "geometry": { "type": "Point", "coordinates": [ 140.053333, 36.066111 ] } },
{ "type": "Feature", "properties": { "ID": 851000004274, "正式名称": "あやめ薬局　結城店", "機関区分": 5, "都道府県コード": 8, "市区町村コード": 207, "所在地": "茨城県結城市結城１０７３９－９", "緯度": 36.305614, "経度": 139.851937, "url": "https://www.iryou.teikyouseido.mhlw.go.jp/znk-web/juminkanja/S2430/initialize?prefCd=08&kikanCd=1000004274&kikanKbn=nan", "url2": "https://assistgroup.co.jp/shop/yuki-store/", "内容": "あやめ薬局　結城店0茨城県結城市結城１０７３９－９" }, "geometry": { "type": "Point", "coordinates": [ 139.851937, 36.305614 ] } },
{ "type": "Feature", "properties": { "ID": 851000004275, "正式名称": "あやめ薬局神栖店", "機関区分": 5, "都道府県コード": 8, "市区町村コード": 232, "所在地": "茨城県神栖市深芝南２ー１１－１２", "緯度": 35.905833, "経度": 140.651944, "url": "https://www.iryou.teikyouseido.mhlw.go.jp/znk-web/juminkanja/S2430/initialize?prefCd=08&kikanCd=1000004275&kikanKbn=nan", "url2": "https://assistgroup.co.jp/shop/", "内容": "あやめ薬局神栖店0茨城県神栖市深芝南２ー１１－１２" }, "geometry": { "type": "Point", "coordinates": [ 140.651944, 35.905833 ] } },
{ "type": "Feature", "properties": { "ID": 851000004276, "正式名称": "フルール薬局", "機関区分": 5, "都道府県コード": 8, "市区町村コード": 204, "所在地": "茨城県古河市関戸１５８７番９１", "緯度": 36.193846, "経度": 139.755508, "url": "https://www.iryou.teikyouseido.mhlw.go.jp/znk-web/juminkanja/S2430/initialize?prefCd=08&kikanCd=1000004276&kikanKbn=nan", "url2": "https://www.p-leaf.jp/", "内容": "フルール薬局0茨城県古河市関戸１５８７番９１" }, "geometry": { "type": "Point", "coordinates": [ 139.755508, 36.193846 ] } },
{ "type": "Feature", "properties": { "ID": 851000004278, "正式名称": "クスリのアオキ　吉沢薬局", "機関区分": 5, "都道府県コード": 8, "市区町村コード": 201, "所在地": "茨城県水戸市吉沢町１９５番地３", "緯度": 36.330278, "経度": 140.463889, "url": "https://www.iryou.teikyouseido.mhlw.go.jp/znk-web/juminkanja/S2430/initialize?prefCd=08&kikanCd=1000004278&kikanKbn=nan", "url2": "https://www.kusuri-aoki.co.jp/", "内容": "クスリのアオキ　吉沢薬局0茨城県水戸市吉沢町１９５番地３" }, "geometry": { "type": "Point", "coordinates": [ 140.463889, 36.330278 ] } },
{ "type": "Feature", "properties": { "ID": 851000004279, "正式名称": "かえで薬局　守谷店", "機関区分": 5, "都道府県コード": 8, "市区町村コード": 224, "所在地": "茨城県守谷市松並青葉４－２－３", "緯度": 35.958586, "経度": 139.993926, "url": "https://www.iryou.teikyouseido.mhlw.go.jp/znk-web/juminkanja/S2430/initialize?prefCd=08&kikanCd=1000004279&kikanKbn=nan", "url2": null, "内容": "かえで薬局　守谷店0茨城県守谷市松並青葉４－２－３" }, "geometry": { "type": "Point", "coordinates": [ 139.993926, 35.958586 ] } },
{ "type": "Feature", "properties": { "ID": 851000004280, "正式名称": "カワチ薬局　浜田店", "機関区分": 5, "都道府県コード": 8, "市区町村コード": 201, "所在地": "茨城県水戸市本町３－２３－２５", "緯度": 36.365665, "経度": 140.498789, "url": "https://www.iryou.teikyouseido.mhlw.go.jp/znk-web/juminkanja/S2430/initialize?prefCd=08&kikanCd=1000004280&kikanKbn=nan", "url2": "https://www.cawachi.co.jp/", "内容": "カワチ薬局　浜田店0茨城県水戸市本町３－２３－２５" }, "geometry": { "type": "Point", "coordinates": [ 140.498789, 36.365665 ] } },
{ "type": "Feature", "properties": { "ID": 851000004281, "正式名称": "すまいる薬局瓜連店", "機関区分": 5, "都道府県コード": 8, "市区町村コード": 226, "所在地": "茨城県那珂市瓜連４３３－６", "緯度": 36.49916, "経度": 140.449643, "url": "https://www.iryou.teikyouseido.mhlw.go.jp/znk-web/juminkanja/S2430/initialize?prefCd=08&kikanCd=1000004281&kikanKbn=nan", "url2": null, "内容": "すまいる薬局瓜連店0茨城県那珂市瓜連４３３－６" }, "geometry": { "type": "Point", "coordinates": [ 140.449643, 36.49916 ] } },
{ "type": "Feature", "properties": { "ID": 851000004284, "正式名称": "クスリのアオキ坂間薬局", "機関区分": 5, "都道府県コード": 8, "市区町村コード": 204, "所在地": "茨城県古河市坂間２２６番地１", "緯度": 36.163056, "経度": 139.711944, "url": "https://www.iryou.teikyouseido.mhlw.go.jp/znk-web/juminkanja/S2430/initialize?prefCd=08&kikanCd=1000004284&kikanKbn=nan", "url2": "https://www.kusuri-aoki.co.jp/", "内容": "クスリのアオキ坂間薬局0茨城県古河市坂間２２６番地１" }, "geometry": { "type": "Point", "coordinates": [ 139.711944, 36.163056 ] } },
{ "type": "Feature", "properties": { "ID": 851000004285, "正式名称": "東野薬局", "機関区分": 5, "都道府県コード": 8, "市区町村コード": 201, "所在地": "茨城県水戸市東野町６９３－１０", "緯度": 36.326667, "経度": 140.458611, "url": "https://www.iryou.teikyouseido.mhlw.go.jp/znk-web/juminkanja/S2430/initialize?prefCd=08&kikanCd=1000004285&kikanKbn=nan", "url2": null, "内容": "東野薬局0茨城県水戸市東野町６９３－１０" }, "geometry": { "type": "Point", "coordinates": [ 140.458611, 36.326667 ] } },
{ "type": "Feature", "properties": { "ID": 851000004286, "正式名称": "さくら薬局　つくば榎戸店", "機関区分": 5, "都道府県コード": 8, "市区町村コード": 220, "所在地": "茨城県つくば市榎戸５０９－４０", "緯度": 36.036389, "経度": 140.101667, "url": "https://www.iryou.teikyouseido.mhlw.go.jp/znk-web/juminkanja/S2430/initialize?prefCd=08&kikanCd=1000004286&kikanKbn=nan", "url2": "http://www.kraft-net.co.jp/search/3789/", "内容": "さくら薬局　つくば榎戸店0茨城県つくば市榎戸５０９－４０" }, "geometry": { "type": "Point", "coordinates": [ 140.101667, 36.036389 ] } },
{ "type": "Feature", "properties": { "ID": 851000004287, "正式名称": "さくら薬局　つくば松野木店", "機関区分": 5, "都道府県コード": 8, "市区町村コード": 220, "所在地": "茨城県つくば市松野木１５２－１５", "緯度": 36.056944, "経度": 140.117778, "url": "https://www.iryou.teikyouseido.mhlw.go.jp/znk-web/juminkanja/S2430/initialize?prefCd=08&kikanCd=1000004287&kikanKbn=nan", "url2": "http://www.kraft-net.co.jp/search/3793/", "内容": "さくら薬局　つくば松野木店0茨城県つくば市松野木１５２－１５" }, "geometry": { "type": "Point", "coordinates": [ 140.117778, 36.056944 ] } },
{ "type": "Feature", "properties": { "ID": 851000004288, "正式名称": "さくら薬局　つくば駅前店", "機関区分": 5, "都道府県コード": 8, "市区町村コード": 220, "所在地": "茨城県つくば市吾妻２－８－８つくばシティアビル１階", "緯度": 36.080556, "経度": 140.115833, "url": "https://www.iryou.teikyouseido.mhlw.go.jp/znk-web/juminkanja/S2430/initialize?prefCd=08&kikanCd=1000004288&kikanKbn=nan", "url2": "https://www.kraft-net.co.jp/sakura/store/3792/", "内容": "さくら薬局　つくば駅前店0茨城県つくば市吾妻２－８－８つくばシティアビル１階" }, "geometry": { "type": "Point", "coordinates": [ 140.115833, 36.080556 ] } },
{ "type": "Feature", "properties": { "ID": 851000004289, "正式名称": "さくら薬局　つくば作岡店", "機関区分": 5, "都道府県コード": 8, "市区町村コード": 220, "所在地": "茨城県つくば市作谷１１１５－４", "緯度": 36.181317, "経度": 140.04235, "url": "https://www.iryou.teikyouseido.mhlw.go.jp/znk-web/juminkanja/S2430/initialize?prefCd=08&kikanCd=1000004289&kikanKbn=nan", "url2": "https://www.kraft-net.co.jp/sakura/store/3790/", "内容": "さくら薬局　つくば作岡店0茨城県つくば市作谷１１１５－４" }, "geometry": { "type": "Point", "coordinates": [ 140.04235, 36.181317 ] } },
{ "type": "Feature", "properties": { "ID": 851000004291, "正式名称": "サン薬局　那珂店", "機関区分": 5, "都道府県コード": 8, "市区町村コード": 226, "所在地": "茨城県那珂市鴻巣３２４１－８", "緯度": 36.458535, "経度": 140.484995, "url": "https://www.iryou.teikyouseido.mhlw.go.jp/znk-web/juminkanja/S2430/initialize?prefCd=08&kikanCd=1000004291&kikanKbn=nan", "url2": "https://pharmacy-sun.com", "内容": "サン薬局　那珂店0茨城県那珂市鴻巣３２４１－８" }, "geometry": { "type": "Point", "coordinates": [ 140.484995, 36.458535 ] } },
{ "type": "Feature", "properties": { "ID": 851000004292, "正式名称": "アイセイ薬局　海浜公園入口店", "機関区分": 5, "都道府県コード": 8, "市区町村コード": 221, "所在地": "茨城県ひたちなか市馬渡５４１－２", "緯度": 36.401205, "経度": 140.582457, "url": "https://www.iryou.teikyouseido.mhlw.go.jp/znk-web/juminkanja/S2430/initialize?prefCd=08&kikanCd=1000004292&kikanKbn=nan", "url2": "www.aisei.co.jp", "内容": "アイセイ薬局　海浜公園入口店0茨城県ひたちなか市馬渡５４１－２" }, "geometry": { "type": "Point", "coordinates": [ 140.582457, 36.401205 ] } },
{ "type": "Feature", "properties": { "ID": 851000004293, "正式名称": "みすず薬局　五軒町店", "機関区分": 5, "都道府県コード": 8, "市区町村コード": 201, "所在地": "茨城県水戸市五軒町１－５－３５", "緯度": 36.38128, "経度": 140.46637, "url": "https://www.iryou.teikyouseido.mhlw.go.jp/znk-web/juminkanja/S2430/initialize?prefCd=08&kikanCd=1000004293&kikanKbn=nan", "url2": "https://www.lifeaid-misuzu.co.jp/", "内容": "みすず薬局　五軒町店0茨城県水戸市五軒町１－５－３５" }, "geometry": { "type": "Point", "coordinates": [ 140.46637, 36.38128 ] } },
{ "type": "Feature", "properties": { "ID": 851000004294, "正式名称": "カワチ薬局　桜の郷店", "機関区分": 5, "都道府県コード": 8, "市区町村コード": 302, "所在地": "茨城県東茨城郡茨城町桜の郷１２００－１", "緯度": 36.323818, "経度": 140.416245, "url": "https://www.iryou.teikyouseido.mhlw.go.jp/znk-web/juminkanja/S2430/initialize?prefCd=08&kikanCd=1000004294&kikanKbn=nan", "url2": "https://www.cawachi.co.jp/", "内容": "カワチ薬局　桜の郷店0茨城県東茨城郡茨城町桜の郷１２００－１" }, "geometry": { "type": "Point", "coordinates": [ 140.416245, 36.323818 ] } },
{ "type": "Feature", "properties": { "ID": 851000004295, "正式名称": "たけの薬局　たかさい店", "機関区分": 5, "都道府県コード": 8, "市区町村コード": 210, "所在地": "茨城県下妻市高道祖１１１１－３", "緯度": 36.189722, "経度": 140.016667, "url": "https://www.iryou.teikyouseido.mhlw.go.jp/znk-web/juminkanja/S2430/initialize?prefCd=08&kikanCd=1000004295&kikanKbn=nan", "url2": "http://takenop.sakura.ne.jp/homepage/", "内容": "たけの薬局　たかさい店0茨城県下妻市高道祖１１１１－３" }, "geometry": { "type": "Point", "coordinates": [ 140.016667, 36.189722 ] } },
{ "type": "Feature", "properties": { "ID": 851000004297, "正式名称": "アイセイ薬局　茨城長岡店", "機関区分": 5, "都道府県コード": 8, "市区町村コード": 302, "所在地": "茨城県東茨城郡茨城町長岡３０９１－６", "緯度": 36.296944, "経度": 140.434722, "url": "https://www.iryou.teikyouseido.mhlw.go.jp/znk-web/juminkanja/S2430/initialize?prefCd=08&kikanCd=1000004297&kikanKbn=nan", "url2": "http://www.aisei.co.jp/", "内容": "アイセイ薬局　茨城長岡店0茨城県東茨城郡茨城町長岡３０９１－６" }, "geometry": { "type": "Point", "coordinates": [ 140.434722, 36.296944 ] } },
{ "type": "Feature", "properties": { "ID": 851000004298, "正式名称": "クスリのアオキ茨城境薬局", "機関区分": 5, "都道府県コード": 8, "市区町村コード": 546, "所在地": "茨城県猿島郡境町２１２９番地１", "緯度": 36.110833, "経度": 139.797778, "url": "https://www.iryou.teikyouseido.mhlw.go.jp/znk-web/juminkanja/S2430/initialize?prefCd=08&kikanCd=1000004298&kikanKbn=nan", "url2": "https://www.kusuri-aoki.co.jp/", "内容": "クスリのアオキ茨城境薬局0茨城県猿島郡境町２１２９番地１" }, "geometry": { "type": "Point", "coordinates": [ 139.797778, 36.110833 ] } },
{ "type": "Feature", "properties": { "ID": 851000004299, "正式名称": "ひまわり薬局", "機関区分": 5, "都道府県コード": 8, "市区町村コード": 211, "所在地": "茨城県常総市新井木町１１－５", "緯度": 36.020833, "経度": 140.000833, "url": "https://www.iryou.teikyouseido.mhlw.go.jp/znk-web/juminkanja/S2430/initialize?prefCd=08&kikanCd=1000004299&kikanKbn=nan", "url2": "http://www.miyonodai.co.jp", "内容": "ひまわり薬局0茨城県常総市新井木町１１－５" }, "geometry": { "type": "Point", "coordinates": [ 140.000833, 36.020833 ] } },
{ "type": "Feature", "properties": { "ID": 851000004300, "正式名称": "ウエルシア薬局つくば春日３丁目店", "機関区分": 5, "都道府県コード": 8, "市区町村コード": 220, "所在地": "茨城県つくば市春日３ー１ー９", "緯度": 36.087369, "経度": 140.102612, "url": "https://www.iryou.teikyouseido.mhlw.go.jp/znk-web/juminkanja/S2430/initialize?prefCd=08&kikanCd=1000004300&kikanKbn=nan", "url2": null, "内容": "ウエルシア薬局つくば春日３丁目店0茨城県つくば市春日３ー１ー９" }, "geometry": { "type": "Point", "coordinates": [ 140.102612, 36.087369 ] } },
{ "type": "Feature", "properties": { "ID": 851000004302, "正式名称": "大塚中央薬局", "機関区分": 5, "都道府県コード": 8, "市区町村コード": 201, "所在地": "茨城県水戸市大塚町１５０９－１", "緯度": 36.383611, "経度": 140.393333, "url": "https://www.iryou.teikyouseido.mhlw.go.jp/znk-web/juminkanja/S2430/initialize?prefCd=08&kikanCd=1000004302&kikanKbn=nan", "url2": null, "内容": "大塚中央薬局0茨城県水戸市大塚町１５０９－１" }, "geometry": { "type": "Point", "coordinates": [ 140.393333, 36.383611 ] } },
{ "type": "Feature", "properties": { "ID": 851000004303, "正式名称": "薬局セレクトひたち野西店", "機関区分": 5, "都道府県コード": 8, "市区町村コード": 219, "所在地": "茨城県牛久市ひたち野西３－３２－３　１０３号", "緯度": 36.009446, "経度": 140.157912, "url": "https://www.iryou.teikyouseido.mhlw.go.jp/znk-web/juminkanja/S2430/initialize?prefCd=08&kikanCd=1000004303&kikanKbn=nan", "url2": "http://select884.com/", "内容": "薬局セレクトひたち野西店0茨城県牛久市ひたち野西３－３２－３　１０３号" }, "geometry": { "type": "Point", "coordinates": [ 140.157912, 36.009446 ] } },
{ "type": "Feature", "properties": { "ID": 851000004304, "正式名称": "クスリのアオキ　つくばみどりの薬局", "機関区分": 5, "都道府県コード": 8, "市区町村コード": 220, "所在地": "茨城県つくば市みどりの２丁目１９番地８", "緯度": 36.032778, "経度": 140.058333, "url": "https://www.iryou.teikyouseido.mhlw.go.jp/znk-web/juminkanja/S2430/initialize?prefCd=08&kikanCd=1000004304&kikanKbn=nan", "url2": "https://www.kusuri-aoki.co.jp/", "内容": "クスリのアオキ　つくばみどりの薬局0茨城県つくば市みどりの２丁目１９番地８" }, "geometry": { "type": "Point", "coordinates": [ 140.058333, 36.032778 ] } },
{ "type": "Feature", "properties": { "ID": 851000004305, "正式名称": "なのはな薬局　宮下店", "機関区分": 5, "都道府県コード": 8, "市区町村コード": 234, "所在地": "茨城県鉾田市新鉾田西２－６－１", "緯度": 36.146667, "経度": 140.519167, "url": "https://www.iryou.teikyouseido.mhlw.go.jp/znk-web/juminkanja/S2430/initialize?prefCd=08&kikanCd=1000004305&kikanKbn=nan", "url2": "https://nanohanapharmacy.com/", "内容": "なのはな薬局　宮下店0茨城県鉾田市新鉾田西２－６－１" }, "geometry": { "type": "Point", "coordinates": [ 140.519167, 36.146667 ] } },
{ "type": "Feature", "properties": { "ID": 851000004306, "正式名称": "ロイヤル薬局　友部", "機関区分": 5, "都道府県コード": 8, "市区町村コード": 216, "所在地": "茨城県笠間市東平４－５－３３", "緯度": 36.344722, "経度": 140.316746, "url": "https://www.iryou.teikyouseido.mhlw.go.jp/znk-web/juminkanja/S2430/initialize?prefCd=08&kikanCd=1000004306&kikanKbn=nan", "url2": null, "内容": "ロイヤル薬局　友部0茨城県笠間市東平４－５－３３" }, "geometry": { "type": "Point", "coordinates": [ 140.316746, 36.344722 ] } },
{ "type": "Feature", "properties": { "ID": 851000004308, "正式名称": "ウエルシア薬局水戸西原店", "機関区分": 5, "都道府県コード": 8, "市区町村コード": 201, "所在地": "茨城県水戸市西原１－１４－５８", "緯度": 36.389153, "経度": 140.443423, "url": "https://www.iryou.teikyouseido.mhlw.go.jp/znk-web/juminkanja/S2430/initialize?prefCd=08&kikanCd=1000004308&kikanKbn=nan", "url2": null, "内容": "ウエルシア薬局水戸西原店0茨城県水戸市西原１－１４－５８" }, "geometry": { "type": "Point", "coordinates": [ 140.443423, 36.389153 ] } },
{ "type": "Feature", "properties": { "ID": 851000004309, "正式名称": "マルト調剤薬局　北茨城市医療センター前店", "機関区分": 5, "都道府県コード": 8, "市区町村コード": 215, "所在地": "茨城県北茨城市中郷町上桜井９１６－３", "緯度": 36.77997, "経度": 140.731653, "url": "https://www.iryou.teikyouseido.mhlw.go.jp/znk-web/juminkanja/S2430/initialize?prefCd=08&kikanCd=1000004309&kikanKbn=nan", "url2": "https://drug-maruto.jp/shopinfo/", "内容": "マルト調剤薬局　北茨城市医療センター前店0茨城県北茨城市中郷町上桜井９１６－３" }, "geometry": { "type": "Point", "coordinates": [ 140.731653, 36.77997 ] } },
{ "type": "Feature", "properties": { "ID": 851000004311, "正式名称": "アルテ薬局", "機関区分": 5, "都道府県コード": 8, "市区町村コード": 201, "所在地": "茨城県水戸市桜川２－４－１７　１階", "緯度": 36.368722, "経度": 140.480852, "url": "https://www.iryou.teikyouseido.mhlw.go.jp/znk-web/juminkanja/S2430/initialize?prefCd=08&kikanCd=1000004311&kikanKbn=nan", "url2": "https://peraichi.com/landing_pages/view/alte-pharmacy", "内容": "アルテ薬局0茨城県水戸市桜川２－４－１７　１階" }, "geometry": { "type": "Point", "coordinates": [ 140.480852, 36.368722 ] } },
{ "type": "Feature", "properties": { "ID": 851000004312, "正式名称": "オリーブ薬局", "機関区分": 5, "都道府県コード": 8, "市区町村コード": 216, "所在地": "茨城県笠間市東平３－１－４１", "緯度": 36.347965, "経度": 140.316191, "url": "https://www.iryou.teikyouseido.mhlw.go.jp/znk-web/juminkanja/S2430/initialize?prefCd=08&kikanCd=1000004312&kikanKbn=nan", "url2": null, "内容": "オリーブ薬局0茨城県笠間市東平３－１－４１" }, "geometry": { "type": "Point", "coordinates": [ 140.316191, 36.347965 ] } },
{ "type": "Feature", "properties": { "ID": 851000004313, "正式名称": "みすず薬局　日立金沢町店", "機関区分": 5, "都道府県コード": 8, "市区町村コード": 202, "所在地": "茨城県日立市金沢町３－２０－２", "緯度": 36.540816, "経度": 140.621544, "url": "https://www.iryou.teikyouseido.mhlw.go.jp/znk-web/juminkanja/S2430/initialize?prefCd=08&kikanCd=1000004313&kikanKbn=nan", "url2": "https://www.lifeaid-misuzu.co.jp/", "内容": "みすず薬局　日立金沢町店0茨城県日立市金沢町３－２０－２" }, "geometry": { "type": "Point", "coordinates": [ 140.621544, 36.540816 ] } },
{ "type": "Feature", "properties": { "ID": 851000004314, "正式名称": "ウエルシア薬局　取手ゆめみ野店", "機関区分": 5, "都道府県コード": 8, "市区町村コード": 217, "所在地": "茨城県取手市ゆめみ野３－８－２", "緯度": 35.92763, "経度": 140.037335, "url": "https://www.iryou.teikyouseido.mhlw.go.jp/znk-web/juminkanja/S2430/initialize?prefCd=08&kikanCd=1000004314&kikanKbn=nan", "url2": "https://www.welcia-yakkyoku.co.jp/", "内容": "ウエルシア薬局　取手ゆめみ野店0茨城県取手市ゆめみ野３－８－２" }, "geometry": { "type": "Point", "coordinates": [ 140.037335, 35.92763 ] } },
{ "type": "Feature", "properties": { "ID": 851000004315, "正式名称": "漢方薬局Ｒｉｎ", "機関区分": 5, "都道府県コード": 8, "市区町村コード": 201, "所在地": "茨城県水戸市見和１－３２３－１０和皓堂ビル１０１", "緯度": 36.373056, "経度": 140.435278, "url": "https://www.iryou.teikyouseido.mhlw.go.jp/znk-web/juminkanja/S2430/initialize?prefCd=08&kikanCd=1000004315&kikanKbn=nan", "url2": "http://www.kampo-rin.com/", "内容": "漢方薬局Ｒｉｎ0茨城県水戸市見和１－３２３－１０和皓堂ビル１０１" }, "geometry": { "type": "Point", "coordinates": [ 140.435278, 36.373056 ] } },
{ "type": "Feature", "properties": { "ID": 851000004316, "正式名称": "マロン薬局", "機関区分": 5, "都道府県コード": 8, "市区町村コード": 216, "所在地": "茨城県笠間市赤坂９－１８", "緯度": 36.388611, "経度": 140.253333, "url": "https://www.iryou.teikyouseido.mhlw.go.jp/znk-web/juminkanja/S2430/initialize?prefCd=08&kikanCd=1000004316&kikanKbn=nan", "url2": null, "内容": "マロン薬局0茨城県笠間市赤坂９－１８" }, "geometry": { "type": "Point", "coordinates": [ 140.253333, 36.388611 ] } },
{ "type": "Feature", "properties": { "ID": 851000004317, "正式名称": "サンフラワー薬局千代川店", "機関区分": 5, "都道府県コード": 8, "市区町村コード": 210, "所在地": "茨城県下妻市本宗道２１", "緯度": 36.162403, "経度": 139.964384, "url": "https://www.iryou.teikyouseido.mhlw.go.jp/znk-web/juminkanja/S2430/initialize?prefCd=08&kikanCd=1000004317&kikanKbn=nan", "url2": null, "内容": "サンフラワー薬局千代川店0茨城県下妻市本宗道２１" }, "geometry": { "type": "Point", "coordinates": [ 139.964384, 36.162403 ] } },
{ "type": "Feature", "properties": { "ID": 851000004319, "正式名称": "ウエルシア薬局結城下り松店", "機関区分": 5, "都道府県コード": 8, "市区町村コード": 207, "所在地": "茨城県結城市下り松四丁目１番地４", "緯度": 36.287078, "経度": 139.877284, "url": "https://www.iryou.teikyouseido.mhlw.go.jp/znk-web/juminkanja/S2430/initialize?prefCd=08&kikanCd=1000004319&kikanKbn=nan", "url2": "https://www.welcia-yakkyoku.co.jp/", "内容": "ウエルシア薬局結城下り松店0茨城県結城市下り松四丁目１番地４" }, "geometry": { "type": "Point", "coordinates": [ 139.877284, 36.287078 ] } },
{ "type": "Feature", "properties": { "ID": 851000004320, "正式名称": "なみき薬局", "機関区分": 5, "都道府県コード": 8, "市区町村コード": 226, "所在地": "茨城県那珂市中台７０６－２１", "緯度": 36.410812, "経度": 140.485313, "url": "https://www.iryou.teikyouseido.mhlw.go.jp/znk-web/juminkanja/S2430/initialize?prefCd=08&kikanCd=1000004320&kikanKbn=nan", "url2": null, "内容": "なみき薬局0茨城県那珂市中台７０６－２１" }, "geometry": { "type": "Point", "coordinates": [ 140.485313, 36.410812 ] } },
{ "type": "Feature", "properties": { "ID": 851000004321, "正式名称": "とちの木薬局　竹園店", "機関区分": 5, "都道府県コード": 8, "市区町村コード": 220, "所在地": "茨城県つくば市竹園　１ー４ー１ー２階", "緯度": 36.079721, "経度": 140.114454, "url": "https://www.iryou.teikyouseido.mhlw.go.jp/znk-web/juminkanja/S2430/initialize?prefCd=08&kikanCd=1000004321&kikanKbn=nan", "url2": "http://www.yakusen.co.jp", "内容": "とちの木薬局　竹園店0茨城県つくば市竹園　１ー４ー１ー２階" }, "geometry": { "type": "Point", "coordinates": [ 140.114454, 36.079721 ] } },
{ "type": "Feature", "properties": { "ID": 851000004322, "正式名称": "ヤマグチ薬局常総店", "機関区分": 5, "都道府県コード": 8, "市区町村コード": 211, "所在地": "茨城県常総市三坂町５６２－１", "緯度": 36.095278, "経度": 139.97, "url": "https://www.iryou.teikyouseido.mhlw.go.jp/znk-web/juminkanja/S2430/initialize?prefCd=08&kikanCd=1000004322&kikanKbn=nan", "url2": "http://www.yamaguchi-pha.jp/", "内容": "ヤマグチ薬局常総店0茨城県常総市三坂町５６２－１" }, "geometry": { "type": "Point", "coordinates": [ 139.97, 36.095278 ] } },
{ "type": "Feature", "properties": { "ID": 851000004323, "正式名称": "田辺薬局　鹿島神栖店", "機関区分": 5, "都道府県コード": 8, "市区町村コード": 232, "所在地": "茨城県神栖市平泉東１－６４－２０４", "緯度": 35.897222, "経度": 140.642778, "url": "https://www.iryou.teikyouseido.mhlw.go.jp/znk-web/juminkanja/S2430/initialize?prefCd=08&kikanCd=1000004323&kikanKbn=nan", "url2": null, "内容": "田辺薬局　鹿島神栖店0茨城県神栖市平泉東１－６４－２０４" }, "geometry": { "type": "Point", "coordinates": [ 140.642778, 35.897222 ] } },
{ "type": "Feature", "properties": { "ID": 851000004324, "正式名称": "花・花薬局野殿店", "機関区分": 5, "都道府県コード": 8, "市区町村コード": 227, "所在地": "茨城県筑西市野殿１１３９－３", "緯度": 36.266944, "経度": 139.965, "url": "https://www.iryou.teikyouseido.mhlw.go.jp/znk-web/juminkanja/S2430/initialize?prefCd=08&kikanCd=1000004324&kikanKbn=nan", "url2": "http://www.e-ff.jp", "内容": "花・花薬局野殿店0茨城県筑西市野殿１１３９－３" }, "geometry": { "type": "Point", "coordinates": [ 139.965, 36.266944 ] } },
{ "type": "Feature", "properties": { "ID": 851000004325, "正式名称": "花・花薬局下岡崎店", "機関区分": 5, "都道府県コード": 8, "市区町村コード": 227, "所在地": "茨城県筑西市下岡崎２－８－２", "緯度": 36.300833, "経度": 139.984167, "url": "https://www.iryou.teikyouseido.mhlw.go.jp/znk-web/juminkanja/S2430/initialize?prefCd=08&kikanCd=1000004325&kikanKbn=nan", "url2": null, "内容": "花・花薬局下岡崎店0茨城県筑西市下岡崎２－８－２" }, "geometry": { "type": "Point", "coordinates": [ 139.984167, 36.300833 ] } },
{ "type": "Feature", "properties": { "ID": 851000004326, "正式名称": "ヤックスドラッグ新利根薬局", "機関区分": 5, "都道府県コード": 8, "市区町村コード": 229, "所在地": "茨城県稲敷市角崎１６７２", "緯度": 35.905826, "経度": 140.286708, "url": "https://www.iryou.teikyouseido.mhlw.go.jp/znk-web/juminkanja/S2430/initialize?prefCd=08&kikanCd=1000004326&kikanKbn=nan", "url2": "http://yacs.jp", "内容": "ヤックスドラッグ新利根薬局0茨城県稲敷市角崎１６７２" }, "geometry": { "type": "Point", "coordinates": [ 140.286708, 35.905826 ] } },
{ "type": "Feature", "properties": { "ID": 851000004327, "正式名称": "みらい薬局", "機関区分": 5, "都道府県コード": 8, "市区町村コード": 232, "所在地": "茨城県神栖市知手３０６１ー１８８", "緯度": 35.870833, "経度": 140.696944, "url": "https://www.iryou.teikyouseido.mhlw.go.jp/znk-web/juminkanja/S2430/initialize?prefCd=08&kikanCd=1000004327&kikanKbn=nan", "url2": null, "内容": "みらい薬局0茨城県神栖市知手３０６１ー１８８" }, "geometry": { "type": "Point", "coordinates": [ 140.696944, 35.870833 ] } },
{ "type": "Feature", "properties": { "ID": 851000004328, "正式名称": "クオール薬局　つくば桐の葉モール店", "機関区分": 5, "都道府県コード": 8, "市区町村コード": 220, "所在地": "茨城県つくば市天久保２－１－１８筑波大学附属病院アメニティモール１階", "緯度": 36.09, "経度": 140.105, "url": "https://www.iryou.teikyouseido.mhlw.go.jp/znk-web/juminkanja/S2430/initialize?prefCd=08&kikanCd=1000004328&kikanKbn=nan", "url2": "https://www.qol-net.co.jp/", "内容": "クオール薬局　つくば桐の葉モール店0茨城県つくば市天久保２－１－１８筑波大学附属病院アメニティモール１階" }, "geometry": { "type": "Point", "coordinates": [ 140.105, 36.09 ] } },
{ "type": "Feature", "properties": { "ID": 851000004329, "正式名称": "バンビ薬局　東石川店", "機関区分": 5, "都道府県コード": 8, "市区町村コード": 221, "所在地": "茨城県ひたちなか市東石川３ー２１ー２７", "緯度": 36.394817, "経度": 140.534263, "url": "https://www.iryou.teikyouseido.mhlw.go.jp/znk-web/juminkanja/S2430/initialize?prefCd=08&kikanCd=1000004329&kikanKbn=nan", "url2": "https://www.bambi-pharmacy.com/", "内容": "バンビ薬局　東石川店0茨城県ひたちなか市東石川３ー２１ー２７" }, "geometry": { "type": "Point", "coordinates": [ 140.534263, 36.394817 ] } },
{ "type": "Feature", "properties": { "ID": 851000004331, "正式名称": "今川薬局つくば桐の葉モール店", "機関区分": 5, "都道府県コード": 8, "市区町村コード": 220, "所在地": "茨城県つくば市天久保２－１－１８", "緯度": 36.091812, "経度": 140.100911, "url": "https://www.iryou.teikyouseido.mhlw.go.jp/znk-web/juminkanja/S2430/initialize?prefCd=08&kikanCd=1000004331&kikanKbn=nan", "url2": "http://www.imagawa-ph.jp/", "内容": "今川薬局つくば桐の葉モール店0茨城県つくば市天久保２－１－１８" }, "geometry": { "type": "Point", "coordinates": [ 140.100911, 36.091812 ] } },
{ "type": "Feature", "properties": { "ID": 851000004332, "正式名称": "永和薬局駅前店", "機関区分": 5, "都道府県コード": 8, "市区町村コード": 201, "所在地": "茨城県水戸市三の丸１－４－７４　小笠原ビル１Ｆ", "緯度": 36.369722, "経度": 140.478611, "url": "https://www.iryou.teikyouseido.mhlw.go.jp/znk-web/juminkanja/S2430/initialize?prefCd=08&kikanCd=1000004332&kikanKbn=nan", "url2": null, "内容": "永和薬局駅前店0茨城県水戸市三の丸１－４－７４　小笠原ビル１Ｆ" }, "geometry": { "type": "Point", "coordinates": [ 140.478611, 36.369722 ] } },
{ "type": "Feature", "properties": { "ID": 851000004333, "正式名称": "ウエルシア薬局　ひたちなか田中後店", "機関区分": 5, "都道府県コード": 8, "市区町村コード": 221, "所在地": "茨城県ひたちなか市田中後７番地２", "緯度": 36.347412, "経度": 140.585118, "url": "https://www.iryou.teikyouseido.mhlw.go.jp/znk-web/juminkanja/S2430/initialize?prefCd=08&kikanCd=1000004333&kikanKbn=nan", "url2": "https://stores.welcia.co.jp/6368D", "内容": "ウエルシア薬局　ひたちなか田中後店0茨城県ひたちなか市田中後７番地２" }, "geometry": { "type": "Point", "coordinates": [ 140.585118, 36.347412 ] } },
{ "type": "Feature", "properties": { "ID": 851000004334, "正式名称": "ハロー薬局　大串店", "機関区分": 5, "都道府県コード": 8, "市区町村コード": 210, "所在地": "茨城県下妻市大串５９８－６", "緯度": 36.196972, "経度": 139.97465, "url": "https://www.iryou.teikyouseido.mhlw.go.jp/znk-web/juminkanja/S2430/initialize?prefCd=08&kikanCd=1000004334&kikanKbn=nan", "url2": "https://www.hello-yakkyoku.com/okushi", "内容": "ハロー薬局　大串店0茨城県下妻市大串５９８－６" }, "geometry": { "type": "Point", "coordinates": [ 139.97465, 36.196972 ] } },
{ "type": "Feature", "properties": { "ID": 851000004335, "正式名称": "ウエルシア薬局　土浦東都和店", "機関区分": 5, "都道府県コード": 8, "市区町村コード": 203, "所在地": "茨城県土浦市東都和６－１", "緯度": 36.105278, "経度": 140.202778, "url": "https://www.iryou.teikyouseido.mhlw.go.jp/znk-web/juminkanja/S2430/initialize?prefCd=08&kikanCd=1000004335&kikanKbn=nan", "url2": "https://www.welcia-yakkyoku.co.jp/", "内容": "ウエルシア薬局　土浦東都和店0茨城県土浦市東都和６－１" }, "geometry": { "type": "Point", "coordinates": [ 140.202778, 36.105278 ] } },
{ "type": "Feature", "properties": { "ID": 851000004336, "正式名称": "ウエルシア薬局　ひたちなか堂端店", "機関区分": 5, "都道府県コード": 8, "市区町村コード": 221, "所在地": "茨城県ひたちなか市堂端２－１－４", "緯度": 36.409693, "経度": 140.526877, "url": "https://www.iryou.teikyouseido.mhlw.go.jp/znk-web/juminkanja/S2430/initialize?prefCd=08&kikanCd=1000004336&kikanKbn=nan", "url2": "https://www.welcia-yakkyoku.co.jp/", "内容": "ウエルシア薬局　ひたちなか堂端店0茨城県ひたちなか市堂端２－１－４" }, "geometry": { "type": "Point", "coordinates": [ 140.526877, 36.409693 ] } },
{ "type": "Feature", "properties": { "ID": 851000004337, "正式名称": "クスリのアオキ土浦おおつ野薬局", "機関区分": 5, "都道府県コード": 8, "市区町村コード": 203, "所在地": "茨城県土浦市おおつ野二丁目２番５号", "緯度": 36.084722, "経度": 140.259444, "url": "https://www.iryou.teikyouseido.mhlw.go.jp/znk-web/juminkanja/S2430/initialize?prefCd=08&kikanCd=1000004337&kikanKbn=nan", "url2": "https://www.kusuri-aoki.co.jp/", "内容": "クスリのアオキ土浦おおつ野薬局0茨城県土浦市おおつ野二丁目２番５号" }, "geometry": { "type": "Point", "coordinates": [ 140.259444, 36.084722 ] } },
{ "type": "Feature", "properties": { "ID": 851000004338, "正式名称": "むぎのほ薬局みらい平店", "機関区分": 5, "都道府県コード": 8, "市区町村コード": 235, "所在地": "茨城県つくばみらい市富士見ヶ丘１－８－４", "緯度": 36.001111, "経度": 140.034722, "url": "https://www.iryou.teikyouseido.mhlw.go.jp/znk-web/juminkanja/S2430/initialize?prefCd=08&kikanCd=1000004338&kikanKbn=nan", "url2": null, "内容": "むぎのほ薬局みらい平店0茨城県つくばみらい市富士見ヶ丘１－８－４" }, "geometry": { "type": "Point", "coordinates": [ 140.034722, 36.001111 ] } },
{ "type": "Feature", "properties": { "ID": 851000004339, "正式名称": "あやめ薬局", "機関区分": 5, "都道府県コード": 8, "市区町村コード": 202, "所在地": "茨城県日立市南高野町３－１５－５", "緯度": 36.50782, "経度": 140.603773, "url": "https://www.iryou.teikyouseido.mhlw.go.jp/znk-web/juminkanja/S2430/initialize?prefCd=08&kikanCd=1000004339&kikanKbn=nan", "url2": "https://www.ayame.abbeyroad-jp.com/", "内容": "あやめ薬局0茨城県日立市南高野町３－１５－５" }, "geometry": { "type": "Point", "coordinates": [ 140.603773, 36.50782 ] } },
{ "type": "Feature", "properties": { "ID": 851000004340, "正式名称": "メイプル薬局双葉台店", "機関区分": 5, "都道府県コード": 8, "市区町村コード": 201, "所在地": "茨城県水戸市双葉台４－１７３－１４", "緯度": 36.39521, "経度": 140.400098, "url": "https://www.iryou.teikyouseido.mhlw.go.jp/znk-web/juminkanja/S2430/initialize?prefCd=08&kikanCd=1000004340&kikanKbn=nan", "url2": "https://www.qol-net.co.jp/", "内容": "メイプル薬局双葉台店0茨城県水戸市双葉台４－１７３－１４" }, "geometry": { "type": "Point", "coordinates": [ 140.400098, 36.39521 ] } },
{ "type": "Feature", "properties": { "ID": 851000004341, "正式名称": "クスリのアオキ平泉東薬局", "機関区分": 5, "都道府県コード": 8, "市区町村コード": 232, "所在地": "茨城県神栖市平泉東三丁目１４番地３", "緯度": 35.90554, "経度": 140.645091, "url": "https://www.iryou.teikyouseido.mhlw.go.jp/znk-web/juminkanja/S2430/initialize?prefCd=08&kikanCd=1000004341&kikanKbn=nan", "url2": "https://www.kusuri-aoki.co.jp/", "内容": "クスリのアオキ平泉東薬局0茨城県神栖市平泉東三丁目１４番地３" }, "geometry": { "type": "Point", "coordinates": [ 140.645091, 35.90554 ] } },
{ "type": "Feature", "properties": { "ID": 851000004342, "正式名称": "シエル薬局　つくば研究学園店", "機関区分": 5, "都道府県コード": 8, "市区町村コード": 220, "所在地": "茨城県つくば市研究学園２－２－２ジュネスサクラＡ１０５号", "緯度": 36.083426, "経度": 140.074198, "url": "https://www.iryou.teikyouseido.mhlw.go.jp/znk-web/juminkanja/S2430/initialize?prefCd=08&kikanCd=1000004342&kikanKbn=nan", "url2": "https://www.ciel-pharmacy.com", "内容": "シエル薬局　つくば研究学園店0茨城県つくば市研究学園２－２－２ジュネスサクラＡ１０５号" }, "geometry": { "type": "Point", "coordinates": [ 140.074198, 36.083426 ] } },
{ "type": "Feature", "properties": { "ID": 851000004344, "正式名称": "さくらい薬局　みらいの森店", "機関区分": 5, "都道府県コード": 8, "市区町村コード": 235, "所在地": "茨城県つくばみらい市富士見ヶ丘１－２４－６", "緯度": 36.006064, "経度": 140.02957, "url": "https://www.iryou.teikyouseido.mhlw.go.jp/znk-web/juminkanja/S2430/initialize?prefCd=08&kikanCd=1000004344&kikanKbn=nan", "url2": "https://www.sakurai-yakkyoku.com", "内容": "さくらい薬局　みらいの森店0茨城県つくばみらい市富士見ヶ丘１－２４－６" }, "geometry": { "type": "Point", "coordinates": [ 140.02957, 36.006064 ] } },
{ "type": "Feature", "properties": { "ID": 851000004346, "正式名称": "薬や調剤薬局守谷店", "機関区分": 5, "都道府県コード": 8, "市区町村コード": 224, "所在地": "茨城県守谷市けやき台５ー１６ー１３", "緯度": 35.937364, "経度": 139.995376, "url": "https://www.iryou.teikyouseido.mhlw.go.jp/znk-web/juminkanja/S2430/initialize?prefCd=08&kikanCd=1000004346&kikanKbn=nan", "url2": "https://moriya.kusuriya-ph.com/", "内容": "薬や調剤薬局守谷店0茨城県守谷市けやき台５ー１６ー１３" }, "geometry": { "type": "Point", "coordinates": [ 139.995376, 35.937364 ] } },
{ "type": "Feature", "properties": { "ID": 851000004347, "正式名称": "ウエルシア薬局神栖土合本町店", "機関区分": 5, "都道府県コード": 8, "市区町村コード": 232, "所在地": "茨城県神栖市土合本町４－９８０９－４５１", "緯度": 35.790278, "経度": 140.776389, "url": "https://www.iryou.teikyouseido.mhlw.go.jp/znk-web/juminkanja/S2430/initialize?prefCd=08&kikanCd=1000004347&kikanKbn=nan", "url2": "https://stores.welcia.co.jp/6365D", "内容": "ウエルシア薬局神栖土合本町店0茨城県神栖市土合本町４－９８０９－４５１" }, "geometry": { "type": "Point", "coordinates": [ 140.776389, 35.790278 ] } },
{ "type": "Feature", "properties": { "ID": 851000004348, "正式名称": "薬局マツモトキヨシトナリエキュートつくば店", "機関区分": 5, "都道府県コード": 8, "市区町村コード": 220, "所在地": "茨城県つくば市吾妻１－６－１トナリエキュート１階", "緯度": 36.081331, "経度": 140.111746, "url": "https://www.iryou.teikyouseido.mhlw.go.jp/znk-web/juminkanja/S2430/initialize?prefCd=08&kikanCd=1000004348&kikanKbn=nan", "url2": null, "内容": "薬局マツモトキヨシトナリエキュートつくば店0茨城県つくば市吾妻１－６－１トナリエキュート１階" }, "geometry": { "type": "Point", "coordinates": [ 140.111746, 36.081331 ] } },
{ "type": "Feature", "properties": { "ID": 851000004349, "正式名称": "つむぎ薬局", "機関区分": 5, "都道府県コード": 8, "市区町村コード": 207, "所在地": "茨城県結城市下り松４丁目１１番４", "緯度": 36.288021, "経度": 139.877287, "url": "https://www.iryou.teikyouseido.mhlw.go.jp/znk-web/juminkanja/S2430/initialize?prefCd=08&kikanCd=1000004349&kikanKbn=nan", "url2": "https://tsumugi-pharm.jimdosite.com", "内容": "つむぎ薬局0茨城県結城市下り松４丁目１１番４" }, "geometry": { "type": "Point", "coordinates": [ 139.877287, 36.288021 ] } },
{ "type": "Feature", "properties": { "ID": 851000004350, "正式名称": "みつばち薬局　三反田店", "機関区分": 5, "都道府県コード": 8, "市区町村コード": 221, "所在地": "茨城県ひたちなか市三反田５１５９－１０", "緯度": 36.364853, "経度": 140.558384, "url": "https://www.iryou.teikyouseido.mhlw.go.jp/znk-web/juminkanja/S2430/initialize?prefCd=08&kikanCd=1000004350&kikanKbn=nan", "url2": "https://www.muse-mitsubachi.com/", "内容": "みつばち薬局　三反田店0茨城県ひたちなか市三反田５１５９－１０" }, "geometry": { "type": "Point", "coordinates": [ 140.558384, 36.364853 ] } },
{ "type": "Feature", "properties": { "ID": 851000004351, "正式名称": "そうごう薬局　小美玉店", "機関区分": 5, "都道府県コード": 8, "市区町村コード": 236, "所在地": "茨城県小美玉市中延６５６－３", "緯度": 36.181199, "経度": 140.361713, "url": "https://www.iryou.teikyouseido.mhlw.go.jp/znk-web/juminkanja/S2430/initialize?prefCd=08&kikanCd=1000004351&kikanKbn=nan", "url2": "https://www.sogo-medical.co.jp/sogopharmacy/shop/view/822", "内容": "そうごう薬局　小美玉店0茨城県小美玉市中延６５６－３" }, "geometry": { "type": "Point", "coordinates": [ 140.361713, 36.181199 ] } },
{ "type": "Feature", "properties": { "ID": 851000004352, "正式名称": "ウエルシア薬局ひたちなか市毛店", "機関区分": 5, "都道府県コード": 8, "市区町村コード": 221, "所在地": "茨城県ひたちなか市市毛８２２－５", "緯度": 36.399611, "経度": 140.50372, "url": "https://www.iryou.teikyouseido.mhlw.go.jp/znk-web/juminkanja/S2430/initialize?prefCd=08&kikanCd=1000004352&kikanKbn=nan", "url2": "https://www.welcia-yakkyoku.co.jp/", "内容": "ウエルシア薬局ひたちなか市毛店0茨城県ひたちなか市市毛８２２－５" }, "geometry": { "type": "Point", "coordinates": [ 140.50372, 36.399611 ] } },
{ "type": "Feature", "properties": { "ID": 851000004353, "正式名称": "クリエイト薬局つくばみらい店", "機関区分": 5, "都道府県コード": 8, "市区町村コード": 235, "所在地": "茨城県つくばみらい市絹の台１－６－１", "緯度": 35.975556, "経度": 139.983333, "url": "https://www.iryou.teikyouseido.mhlw.go.jp/znk-web/juminkanja/S2430/initialize?prefCd=08&kikanCd=1000004353&kikanKbn=nan", "url2": "http://www.create-sd.co.jp/", "内容": "クリエイト薬局つくばみらい店0茨城県つくばみらい市絹の台１－６－１" }, "geometry": { "type": "Point", "coordinates": [ 139.983333, 35.975556 ] } },
{ "type": "Feature", "properties": { "ID": 851000004356, "正式名称": "ウエルシア薬局　古河東牛谷店", "機関区分": 5, "都道府県コード": 8, "市区町村コード": 204, "所在地": "茨城県古河市東牛谷１２８４－１", "緯度": 36.190556, "経度": 139.747222, "url": "https://www.iryou.teikyouseido.mhlw.go.jp/znk-web/juminkanja/S2430/initialize?prefCd=08&kikanCd=1000004356&kikanKbn=nan", "url2": "https://www.welcia-yakkyoku.co.jp/", "内容": "ウエルシア薬局　古河東牛谷店0茨城県古河市東牛谷１２８４－１" }, "geometry": { "type": "Point", "coordinates": [ 139.747222, 36.190556 ] } },
{ "type": "Feature", "properties": { "ID": 851000004357, "正式名称": "クスリのアオキ　下山町薬局", "機関区分": 5, "都道府県コード": 8, "市区町村コード": 204, "所在地": "茨城県古河市下山町１７番３３号", "緯度": 36.1875, "経度": 139.721667, "url": "https://www.iryou.teikyouseido.mhlw.go.jp/znk-web/juminkanja/S2430/initialize?prefCd=08&kikanCd=1000004357&kikanKbn=nan", "url2": "https://www.kusuri-aoki.co.jp/", "内容": "クスリのアオキ　下山町薬局0茨城県古河市下山町１７番３３号" }, "geometry": { "type": "Point", "coordinates": [ 139.721667, 36.1875 ] } },
{ "type": "Feature", "properties": { "ID": 851000004358, "正式名称": "ひかり薬局　南守谷店", "機関区分": 5, "都道府県コード": 8, "市区町村コード": 224, "所在地": "茨城県守谷市乙子４４－１", "緯度": 35.930485, "経度": 140.004229, "url": "https://www.iryou.teikyouseido.mhlw.go.jp/znk-web/juminkanja/S2430/initialize?prefCd=08&kikanCd=1000004358&kikanKbn=nan", "url2": "http://irph.jp", "内容": "ひかり薬局　南守谷店0茨城県守谷市乙子４４－１" }, "geometry": { "type": "Point", "coordinates": [ 140.004229, 35.930485 ] } },
{ "type": "Feature", "properties": { "ID": 851000004359, "正式名称": "流星台薬局", "機関区分": 5, "都道府県コード": 8, "市区町村コード": 220, "所在地": "茨城県つくば市流星台", "緯度": 36.104875, "経度": 140.12297, "url": "https://www.iryou.teikyouseido.mhlw.go.jp/znk-web/juminkanja/S2430/initialize?prefCd=08&kikanCd=1000004359&kikanKbn=nan", "url2": "http://medical-box.jp/", "内容": "流星台薬局0茨城県つくば市流星台" }, "geometry": { "type": "Point", "coordinates": [ 140.12297, 36.104875 ] } },
{ "type": "Feature", "properties": { "ID": 851000004360, "正式名称": "ほのぼの薬局つくば自由ケ丘店", "機関区分": 5, "都道府県コード": 8, "市区町村コード": 220, "所在地": "茨城県つくば市自由ケ丘１７０－４３", "緯度": 35.96229, "経度": 140.102458, "url": "https://www.iryou.teikyouseido.mhlw.go.jp/znk-web/juminkanja/S2430/initialize?prefCd=08&kikanCd=1000004360&kikanKbn=nan", "url2": "https://pharmacy-10804.business.site/?utm_source=gmb&utm_medium=referral", "内容": "ほのぼの薬局つくば自由ケ丘店0茨城県つくば市自由ケ丘１７０－４３" }, "geometry": { "type": "Point", "coordinates": [ 140.102458, 35.96229 ] } },
{ "type": "Feature", "properties": { "ID": 851000004361, "正式名称": "ウエルシア薬局日立小木津店", "機関区分": 5, "都道府県コード": 8, "市区町村コード": 202, "所在地": "茨城県日立市日高町１－３０－７", "緯度": 36.634544, "経度": 140.673879, "url": "https://www.iryou.teikyouseido.mhlw.go.jp/znk-web/juminkanja/S2430/initialize?prefCd=08&kikanCd=1000004361&kikanKbn=nan", "url2": "https://www.welcia-yakkyoku.co.jp/", "内容": "ウエルシア薬局日立小木津店0茨城県日立市日高町１－３０－７" }, "geometry": { "type": "Point", "coordinates": [ 140.673879, 36.634544 ] } },
{ "type": "Feature", "properties": { "ID": 851000004363, "正式名称": "ゆたか薬局", "機関区分": 5, "都道府県コード": 8, "市区町村コード": 222, "所在地": "茨城県鹿嶋市宮中４－４－１８", "緯度": 35.965048, "経度": 140.628075, "url": "https://www.iryou.teikyouseido.mhlw.go.jp/znk-web/juminkanja/S2430/initialize?prefCd=08&kikanCd=1000004363&kikanKbn=nan", "url2": null, "内容": "ゆたか薬局0茨城県鹿嶋市宮中４－４－１８" }, "geometry": { "type": "Point", "coordinates": [ 140.628075, 35.965048 ] } },
{ "type": "Feature", "properties": { "ID": 851000004364, "正式名称": "なの花薬局　水戸駅前店", "機関区分": 5, "都道府県コード": 8, "市区町村コード": 201, "所在地": "茨城県水戸市宮町１－２－４　２Ｆ", "緯度": 36.37148, "経度": 140.47739, "url": "https://www.iryou.teikyouseido.mhlw.go.jp/znk-web/juminkanja/S2430/initialize?prefCd=08&kikanCd=1000004364&kikanKbn=nan", "url2": "https://www.nanohana-ph.jp/", "内容": "なの花薬局　水戸駅前店0茨城県水戸市宮町１－２－４　２Ｆ" }, "geometry": { "type": "Point", "coordinates": [ 140.47739, 36.37148 ] } },
{ "type": "Feature", "properties": { "ID": 851000004365, "正式名称": "ウエルシア薬局鹿嶋平井店", "機関区分": 5, "都道府県コード": 8, "市区町村コード": 222, "所在地": "茨城県鹿嶋市旭ケ丘２－８－１", "緯度": 35.963333, "経度": 140.661667, "url": "https://www.iryou.teikyouseido.mhlw.go.jp/znk-web/juminkanja/S2430/initialize?prefCd=08&kikanCd=1000004365&kikanKbn=nan", "url2": "https://store.welcia.co.jp/welcia/spot/detail?code=6328D", "内容": "ウエルシア薬局鹿嶋平井店0茨城県鹿嶋市旭ケ丘２－８－１" }, "geometry": { "type": "Point", "coordinates": [ 140.661667, 35.963333 ] } },
{ "type": "Feature", "properties": { "ID": 851000004366, "正式名称": "アイン薬局　仁連店", "機関区分": 5, "都道府県コード": 8, "市区町村コード": 204, "所在地": "茨城県古河市仁連１０５７－５", "緯度": 36.176389, "経度": 139.8275, "url": "https://www.iryou.teikyouseido.mhlw.go.jp/znk-web/juminkanja/S2430/initialize?prefCd=08&kikanCd=1000004366&kikanKbn=nan", "url2": "https://www.ainj.co.jp/", "内容": "アイン薬局　仁連店0茨城県古河市仁連１０５７－５" }, "geometry": { "type": "Point", "coordinates": [ 139.8275, 36.176389 ] } },
{ "type": "Feature", "properties": { "ID": 851000004367, "正式名称": "アイン薬局　古河諸川店", "機関区分": 5, "都道府県コード": 8, "市区町村コード": 204, "所在地": "茨城県古河市諸川８２７－４", "緯度": 36.195556, "経度": 139.818333, "url": "https://www.iryou.teikyouseido.mhlw.go.jp/znk-web/juminkanja/S2430/initialize?prefCd=08&kikanCd=1000004367&kikanKbn=nan", "url2": "https://www.ainj.co.jp/network/detail.html?pdid=1390", "内容": "アイン薬局　古河諸川店0茨城県古河市諸川８２７－４" }, "geometry": { "type": "Point", "coordinates": [ 139.818333, 36.195556 ] } },
{ "type": "Feature", "properties": { "ID": 851000004368, "正式名称": "ライズ調剤薬局ひたち野うしく駅前店", "機関区分": 5, "都道府県コード": 8, "市区町村コード": 219, "所在地": "茨城県牛久市ひたち野東１－３２－８サンミットひたち野東１Ｆ", "緯度": 36.007863, "経度": 140.159452, "url": "https://www.iryou.teikyouseido.mhlw.go.jp/znk-web/juminkanja/S2430/initialize?prefCd=08&kikanCd=1000004368&kikanKbn=nan", "url2": "https://www.rise-pharm.com/", "内容": "ライズ調剤薬局ひたち野うしく駅前店0茨城県牛久市ひたち野東１－３２－８サンミットひたち野東１Ｆ" }, "geometry": { "type": "Point", "coordinates": [ 140.159452, 36.007863 ] } },
{ "type": "Feature", "properties": { "ID": 851000004370, "正式名称": "山口薬局　中城店", "機関区分": 5, "都道府県コード": 8, "市区町村コード": 203, "所在地": "茨城県土浦市中央１－７－１１", "緯度": 36.078611, "経度": 140.201667, "url": "https://www.iryou.teikyouseido.mhlw.go.jp/znk-web/juminkanja/S2430/initialize?prefCd=08&kikanCd=1000004370&kikanKbn=nan", "url2": "https://kantou-iryou.co.jp/", "内容": "山口薬局　中城店0茨城県土浦市中央１－７－１１" }, "geometry": { "type": "Point", "coordinates": [ 140.201667, 36.078611 ] } },
{ "type": "Feature", "properties": { "ID": 851000004371, "正式名称": "薬局　ｎｅｕｔ", "機関区分": 5, "都道府県コード": 8, "市区町村コード": 216, "所在地": "茨城県笠間市笠間１３４９ー２", "緯度": 36.384283, "経度": 140.254622, "url": "https://www.iryou.teikyouseido.mhlw.go.jp/znk-web/juminkanja/S2430/initialize?prefCd=08&kikanCd=1000004371&kikanKbn=nan", "url2": "https://neut-kampo.co.jp/", "内容": "薬局　ｎｅｕｔ0茨城県笠間市笠間１３４９ー２" }, "geometry": { "type": "Point", "coordinates": [ 140.254622, 36.384283 ] } },
{ "type": "Feature", "properties": { "ID": 851000004372, "正式名称": "ウエルシア薬局　土浦中高津店", "機関区分": 5, "都道府県コード": 8, "市区町村コード": 203, "所在地": "茨城県土浦市中高津１丁目１７番地２３号", "緯度": 36.064934, "経度": 140.185509, "url": "https://www.iryou.teikyouseido.mhlw.go.jp/znk-web/juminkanja/S2430/initialize?prefCd=08&kikanCd=1000004372&kikanKbn=nan", "url2": "https://store.welcia.co.jp/welcia/spot/detail?code=1318D", "内容": "ウエルシア薬局　土浦中高津店0茨城県土浦市中高津１丁目１７番地２３号" }, "geometry": { "type": "Point", "coordinates": [ 140.185509, 36.064934 ] } },
{ "type": "Feature", "properties": { "ID": 851000004373, "正式名称": "ウエルシア薬局潮来須賀南店", "機関区分": 5, "都道府県コード": 8, "市区町村コード": 223, "所在地": "茨城県潮来市須賀南２８９", "緯度": 35.944444, "経度": 140.566944, "url": "https://www.iryou.teikyouseido.mhlw.go.jp/znk-web/juminkanja/S2430/initialize?prefCd=08&kikanCd=1000004373&kikanKbn=nan", "url2": "http://www.welcia-yakkyoku.co.jp", "内容": "ウエルシア薬局潮来須賀南店0茨城県潮来市須賀南２８９" }, "geometry": { "type": "Point", "coordinates": [ 140.566944, 35.944444 ] } },
{ "type": "Feature", "properties": { "ID": 851000004374, "正式名称": "こころ調剤薬局　宮中店", "機関区分": 5, "都道府県コード": 8, "市区町村コード": 222, "所在地": "茨城県鹿嶋市宮中８ー９ー２６", "緯度": 35.959444, "経度": 140.630556, "url": "https://www.iryou.teikyouseido.mhlw.go.jp/znk-web/juminkanja/S2430/initialize?prefCd=08&kikanCd=1000004374&kikanKbn=nan", "url2": null, "内容": "こころ調剤薬局　宮中店0茨城県鹿嶋市宮中８ー９ー２６" }, "geometry": { "type": "Point", "coordinates": [ 140.630556, 35.959444 ] } },
{ "type": "Feature", "properties": { "ID": 851000004375, "正式名称": "カワチ薬局　神栖店", "機関区分": 5, "都道府県コード": 8, "市区町村コード": 232, "所在地": "茨城県神栖市平泉２６５－２２", "緯度": 35.913816, "経度": 140.636548, "url": "https://www.iryou.teikyouseido.mhlw.go.jp/znk-web/juminkanja/S2430/initialize?prefCd=08&kikanCd=1000004375&kikanKbn=nan", "url2": "http://www.cawachi.co.jp/", "内容": "カワチ薬局　神栖店0茨城県神栖市平泉２６５－２２" }, "geometry": { "type": "Point", "coordinates": [ 140.636548, 35.913816 ] } },
{ "type": "Feature", "properties": { "ID": 851000004376, "正式名称": "ウエルシア薬局ヨークタウン水戸店", "機関区分": 5, "都道府県コード": 8, "市区町村コード": 201, "所在地": "茨城県水戸市元吉田町１０３０ー１２", "緯度": 36.344681, "経度": 140.464694, "url": "https://www.iryou.teikyouseido.mhlw.go.jp/znk-web/juminkanja/S2430/initialize?prefCd=08&kikanCd=1000004376&kikanKbn=nan", "url2": "https://store.welcia.co.jp/welcia/spot/detail?code=1337D", "内容": "ウエルシア薬局ヨークタウン水戸店0茨城県水戸市元吉田町１０３０ー１２" }, "geometry": { "type": "Point", "coordinates": [ 140.464694, 36.344681 ] } },
{ "type": "Feature", "properties": { "ID": 851000004377, "正式名称": "あおば薬局　　牛久店", "機関区分": 5, "都道府県コード": 8, "市区町村コード": 219, "所在地": "茨城県牛久市さくら台３－６１－６", "緯度": 35.956528, "経度": 140.161205, "url": "https://www.iryou.teikyouseido.mhlw.go.jp/znk-web/juminkanja/S2430/initialize?prefCd=08&kikanCd=1000004377&kikanKbn=nan", "url2": "https://sites.google.com/view/funakura-pharmacy/", "内容": "あおば薬局　　牛久店0茨城県牛久市さくら台３－６１－６" }, "geometry": { "type": "Point", "coordinates": [ 140.161205, 35.956528 ] } },
{ "type": "Feature", "properties": { "ID": 851000004378, "正式名称": "クスリのアオキ小川薬局", "機関区分": 5, "都道府県コード": 8, "市区町村コード": 236, "所在地": "茨城県小美玉市中延２２８４番地", "緯度": 36.169444, "経度": 140.354722, "url": "https://www.iryou.teikyouseido.mhlw.go.jp/znk-web/juminkanja/S2430/initialize?prefCd=08&kikanCd=1000004378&kikanKbn=nan", "url2": "https://www.kusuri-aoki.co.jp/", "内容": "クスリのアオキ小川薬局0茨城県小美玉市中延２２８４番地" }, "geometry": { "type": "Point", "coordinates": [ 140.354722, 36.169444 ] } },
{ "type": "Feature", "properties": { "ID": 851000004379, "正式名称": "ウエルシア薬局　古河三杉店", "機関区分": 5, "都道府県コード": 8, "市区町村コード": 204, "所在地": "茨城県古河市三杉町", "緯度": 36.204867, "経度": 139.71828, "url": "https://www.iryou.teikyouseido.mhlw.go.jp/znk-web/juminkanja/S2430/initialize?prefCd=08&kikanCd=1000004379&kikanKbn=nan", "url2": "http://www.welcia-yakkyoku.co.jp/", "内容": "ウエルシア薬局　古河三杉店0茨城県古河市三杉町" }, "geometry": { "type": "Point", "coordinates": [ 139.71828, 36.204867 ] } },
{ "type": "Feature", "properties": { "ID": 851000004382, "正式名称": "ウエルシア薬局　日立田尻２号店", "機関区分": 5, "都道府県コード": 8, "市区町村コード": 202, "所在地": "茨城県日立市田尻町３－２６－１３", "緯度": 36.627773, "経度": 140.670191, "url": "https://www.iryou.teikyouseido.mhlw.go.jp/znk-web/juminkanja/S2430/initialize?prefCd=08&kikanCd=1000004382&kikanKbn=nan", "url2": null, "内容": "ウエルシア薬局　日立田尻２号店0茨城県日立市田尻町３－２６－１３" }, "geometry": { "type": "Point", "coordinates": [ 140.670191, 36.627773 ] } },
{ "type": "Feature", "properties": { "ID": 851000004383, "正式名称": "ウエルシア薬局ひたちなか六ツ野店", "機関区分": 5, "都道府県コード": 8, "市区町村コード": 221, "所在地": "茨城県ひたちなか市東石川３３７９番地１５", "緯度": 36.402299, "経度": 140.540971, "url": "https://www.iryou.teikyouseido.mhlw.go.jp/znk-web/juminkanja/S2430/initialize?prefCd=08&kikanCd=1000004383&kikanKbn=nan", "url2": "http://www.welcia-yakkyoku.co.jp/", "内容": "ウエルシア薬局ひたちなか六ツ野店0茨城県ひたちなか市東石川３３７９番地１５" }, "geometry": { "type": "Point", "coordinates": [ 140.540971, 36.402299 ] } },
{ "type": "Feature", "properties": { "ID": 851000004384, "正式名称": "ねもと薬局なぎさ店", "機関区分": 5, "都道府県コード": 8, "市区町村コード": 202, "所在地": "茨城県日立市みなと町８ー７", "緯度": 36.495792, "経度": 140.618359, "url": "https://www.iryou.teikyouseido.mhlw.go.jp/znk-web/juminkanja/S2430/initialize?prefCd=08&kikanCd=1000004384&kikanKbn=nan", "url2": "http://www.nemoto-drug.com/", "内容": "ねもと薬局なぎさ店0茨城県日立市みなと町８ー７" }, "geometry": { "type": "Point", "coordinates": [ 140.618359, 36.495792 ] } },
{ "type": "Feature", "properties": { "ID": 851000004385, "正式名称": "田辺薬局　かみす賀店", "機関区分": 5, "都道府県コード": 8, "市区町村コード": 232, "所在地": "茨城県神栖市賀２１０８－１５６", "緯度": 35.895833, "経度": 140.626389, "url": "https://www.iryou.teikyouseido.mhlw.go.jp/znk-web/juminkanja/S2430/initialize?prefCd=08&kikanCd=1000004385&kikanKbn=nan", "url2": null, "内容": "田辺薬局　かみす賀店0茨城県神栖市賀２１０８－１５６" }, "geometry": { "type": "Point", "coordinates": [ 140.626389, 35.895833 ] } },
{ "type": "Feature", "properties": { "ID": 851000004387, "正式名称": "アクア薬局　中根店", "機関区分": 5, "都道府県コード": 8, "市区町村コード": 221, "所在地": "茨城県ひたちなか市中根３５８３－１", "緯度": 36.390052, "経度": 140.557628, "url": "https://www.iryou.teikyouseido.mhlw.go.jp/znk-web/juminkanja/S2430/initialize?prefCd=08&kikanCd=1000004387&kikanKbn=nan", "url2": "https://aqua-mito.byoinnavi.jp/", "内容": "アクア薬局　中根店0茨城県ひたちなか市中根３５８３－１" }, "geometry": { "type": "Point", "coordinates": [ 140.557628, 36.390052 ] } },
{ "type": "Feature", "properties": { "ID": 851000004389, "正式名称": "クスリのアオキ千波薬局", "機関区分": 5, "都道府県コード": 8, "市区町村コード": 201, "所在地": "茨城県水戸市千波町１１６７番地の１", "緯度": 36.357222, "経度": 140.473889, "url": "https://www.iryou.teikyouseido.mhlw.go.jp/znk-web/juminkanja/S2430/initialize?prefCd=08&kikanCd=1000004389&kikanKbn=nan", "url2": "https://www.kusuri-aoki.co.jp/", "内容": "クスリのアオキ千波薬局0茨城県水戸市千波町１１６７番地の１" }, "geometry": { "type": "Point", "coordinates": [ 140.473889, 36.357222 ] } },
{ "type": "Feature", "properties": { "ID": 851000004390, "正式名称": "へいわどう薬局　かみす店", "機関区分": 5, "都道府県コード": 8, "市区町村コード": 232, "所在地": "茨城県神栖市大野原４－５１９－４", "緯度": 35.894444, "経度": 140.639722, "url": "https://www.iryou.teikyouseido.mhlw.go.jp/znk-web/juminkanja/S2430/initialize?prefCd=08&kikanCd=1000004390&kikanKbn=nan", "url2": "http://www.heiwado-ph.co.jp", "内容": "へいわどう薬局　かみす店0茨城県神栖市大野原４－５１９－４" }, "geometry": { "type": "Point", "coordinates": [ 140.639722, 35.894444 ] } },
{ "type": "Feature", "properties": { "ID": 851000004391, "正式名称": "ウエルシア薬局　古河三和東店", "機関区分": 5, "都道府県コード": 8, "市区町村コード": 204, "所在地": "茨城県古河市諸川字井耕地２５９－７", "緯度": 36.197222, "経度": 139.827778, "url": "https://www.iryou.teikyouseido.mhlw.go.jp/znk-web/juminkanja/S2430/initialize?prefCd=08&kikanCd=1000004391&kikanKbn=nan", "url2": "https://www.welcia-yakkyoku.co.jp/", "内容": "ウエルシア薬局　古河三和東店0茨城県古河市諸川字井耕地２５９－７" }, "geometry": { "type": "Point", "coordinates": [ 139.827778, 36.197222 ] } },
{ "type": "Feature", "properties": { "ID": 851000004392, "正式名称": "日本調剤　水戸日赤病院前薬局", "機関区分": 5, "都道府県コード": 8, "市区町村コード": 201, "所在地": "茨城県水戸市三の丸３丁目１２番５０号", "緯度": 36.368889, "経度": 140.489167, "url": "https://www.iryou.teikyouseido.mhlw.go.jp/znk-web/juminkanja/S2430/initialize?prefCd=08&kikanCd=1000004392&kikanKbn=nan", "url2": "https://www.nicho.co.jp/tenpo/mitonissekibyoimmae/", "内容": "日本調剤　水戸日赤病院前薬局0茨城県水戸市三の丸３丁目１２番５０号" }, "geometry": { "type": "Point", "coordinates": [ 140.489167, 36.368889 ] } },
{ "type": "Feature", "properties": { "ID": 851000004395, "正式名称": "クスリのアオキ関戸薬局", "機関区分": 5, "都道府県コード": 8, "市区町村コード": 204, "所在地": "茨城県古河市関戸１７３７番地１", "緯度": 36.189809, "経度": 139.750146, "url": "https://www.iryou.teikyouseido.mhlw.go.jp/znk-web/juminkanja/S2430/initialize?prefCd=08&kikanCd=1000004395&kikanKbn=nan", "url2": "https://www.kusuri-aoki.co.jp/", "内容": "クスリのアオキ関戸薬局0茨城県古河市関戸１７３７番地１" }, "geometry": { "type": "Point", "coordinates": [ 139.750146, 36.189809 ] } },
{ "type": "Feature", "properties": { "ID": 851000004396, "正式名称": "クスリのアオキ大みか薬局", "機関区分": 5, "都道府県コード": 8, "市区町村コード": 202, "所在地": "茨城県日立市大みか町４丁目２６番１５号", "緯度": 36.50906, "経度": 140.625471, "url": "https://www.iryou.teikyouseido.mhlw.go.jp/znk-web/juminkanja/S2430/initialize?prefCd=08&kikanCd=1000004396&kikanKbn=nan", "url2": "https://www.kusuri-aoki.co.jp/", "内容": "クスリのアオキ大みか薬局0茨城県日立市大みか町４丁目２６番１５号" }, "geometry": { "type": "Point", "coordinates": [ 140.625471, 36.50906 ] } },
{ "type": "Feature", "properties": { "ID": 851000004397, "正式名称": "クスリのアオキ石岡若宮薬局", "機関区分": 5, "都道府県コード": 8, "市区町村コード": 205, "所在地": "茨城県石岡市若宮一丁目６番２６号", "緯度": 36.19, "経度": 140.273611, "url": "https://www.iryou.teikyouseido.mhlw.go.jp/znk-web/juminkanja/S2430/initialize?prefCd=08&kikanCd=1000004397&kikanKbn=nan", "url2": "https://www.kusuri-aoki.co.jp/", "内容": "クスリのアオキ石岡若宮薬局0茨城県石岡市若宮一丁目６番２６号" }, "geometry": { "type": "Point", "coordinates": [ 140.273611, 36.19 ] } },
{ "type": "Feature", "properties": { "ID": 851000004398, "正式名称": "クスリのアオキ土浦桜ケ丘薬局", "機関区分": 5, "都道府県コード": 8, "市区町村コード": 203, "所在地": "茨城県土浦市桜ケ丘町１９番１号", "緯度": 36.058611, "経度": 140.197222, "url": "https://www.iryou.teikyouseido.mhlw.go.jp/znk-web/juminkanja/S2430/initialize?prefCd=08&kikanCd=1000004398&kikanKbn=nan", "url2": "https://www.kusuri-aoki.co.jp/", "内容": "クスリのアオキ土浦桜ケ丘薬局0茨城県土浦市桜ケ丘町１９番１号" }, "geometry": { "type": "Point", "coordinates": [ 140.197222, 36.058611 ] } },
{ "type": "Feature", "properties": { "ID": 851000004399, "正式名称": "クスリのアオキ千束薬局", "機関区分": 5, "都道府県コード": 8, "市区町村コード": 203, "所在地": "茨城県土浦市千束町４番２７号", "緯度": 36.077778, "経度": 140.194444, "url": "https://www.iryou.teikyouseido.mhlw.go.jp/znk-web/juminkanja/S2430/initialize?prefCd=08&kikanCd=1000004399&kikanKbn=nan", "url2": "https://www.kusuri-aoki.co.jp/", "内容": "クスリのアオキ千束薬局0茨城県土浦市千束町４番２７号" }, "geometry": { "type": "Point", "coordinates": [ 140.194444, 36.077778 ] } },
{ "type": "Feature", "properties": { "ID": 851000004400, "正式名称": "ウエルシア薬局日立南高野店", "機関区分": 5, "都道府県コード": 8, "市区町村コード": 202, "所在地": "茨城県日立市南高野町２－１５－１１", "緯度": 36.506031, "経度": 140.603427, "url": "https://www.iryou.teikyouseido.mhlw.go.jp/znk-web/juminkanja/S2430/initialize?prefCd=08&kikanCd=1000004400&kikanKbn=nan", "url2": "https://store.welcia.co.jp/welcia/spot/detail?code=6344D", "内容": "ウエルシア薬局日立南高野店0茨城県日立市南高野町２－１５－１１" }, "geometry": { "type": "Point", "coordinates": [ 140.603427, 36.506031 ] } },
{ "type": "Feature", "properties": { "ID": 851000004401, "正式名称": "クスリのアオキ　水戸見和薬局", "機関区分": 5, "都道府県コード": 8, "市区町村コード": 201, "所在地": "茨城県水戸市見和三丁目１番地２", "緯度": 36.371111, "経度": 140.425, "url": "https://www.iryou.teikyouseido.mhlw.go.jp/znk-web/juminkanja/S2430/initialize?prefCd=08&kikanCd=1000004401&kikanKbn=nan", "url2": "https://www.kusuri-aoki.co.jp/", "内容": "クスリのアオキ　水戸見和薬局0茨城県水戸市見和三丁目１番地２" }, "geometry": { "type": "Point", "coordinates": [ 140.425, 36.371111 ] } },
{ "type": "Feature", "properties": { "ID": 851000004403, "正式名称": "フジキ薬局太田店", "機関区分": 5, "都道府県コード": 8, "市区町村コード": 232, "所在地": "茨城県神栖市太田４６４６−１", "緯度": 35.82206, "経度": 140.73058, "url": "https://www.iryou.teikyouseido.mhlw.go.jp/znk-web/juminkanja/S2430/initialize?prefCd=08&kikanCd=1000004403&kikanKbn=nan", "url2": "https://fujikiyakkyoku.com/", "内容": "フジキ薬局太田店0茨城県神栖市太田４６４６−１" }, "geometry": { "type": "Point", "coordinates": [ 140.73058, 35.82206 ] } },
{ "type": "Feature", "properties": { "ID": 851000004404, "正式名称": "セレン薬局　青柳店", "機関区分": 5, "都道府県コード": 8, "市区町村コード": 201, "所在地": "茨城県水戸市青柳町４０６５－１", "緯度": 36.390556, "経度": 140.483611, "url": "https://www.iryou.teikyouseido.mhlw.go.jp/znk-web/juminkanja/S2430/initialize?prefCd=08&kikanCd=1000004404&kikanKbn=nan", "url2": null, "内容": "セレン薬局　青柳店0茨城県水戸市青柳町４０６５－１" }, "geometry": { "type": "Point", "coordinates": [ 140.483611, 36.390556 ] } },
{ "type": "Feature", "properties": { "ID": 851000004405, "正式名称": "調剤薬局ツルハドラッグ北茨城大津店", "機関区分": 5, "都道府県コード": 8, "市区町村コード": 215, "所在地": "茨城県北茨城市大津町北町４丁目５ー１５ー１", "緯度": 36.841954, "経度": 140.781849, "url": "https://www.iryou.teikyouseido.mhlw.go.jp/znk-web/juminkanja/S2430/initialize?prefCd=08&kikanCd=1000004405&kikanKbn=nan", "url2": "https://www.tsuruha.co.jp/", "内容": "調剤薬局ツルハドラッグ北茨城大津店0茨城県北茨城市大津町北町４丁目５ー１５ー１" }, "geometry": { "type": "Point", "coordinates": [ 140.781849, 36.841954 ] } },
{ "type": "Feature", "properties": { "ID": 851000004406, "正式名称": "ウエルシア薬局　牛久刈谷店", "機関区分": 5, "都道府県コード": 8, "市区町村コード": 219, "所在地": "茨城県牛久市牛久町３３１８－１", "緯度": 35.974631, "経度": 140.13526, "url": "https://www.iryou.teikyouseido.mhlw.go.jp/znk-web/juminkanja/S2430/initialize?prefCd=08&kikanCd=1000004406&kikanKbn=nan", "url2": "https://www.welcia-yakkyoku.co.jp/", "内容": "ウエルシア薬局　牛久刈谷店0茨城県牛久市牛久町３３１８－１" }, "geometry": { "type": "Point", "coordinates": [ 140.13526, 35.974631 ] } },
{ "type": "Feature", "properties": { "ID": 851000004407, "正式名称": "まみ薬局", "機関区分": 5, "都道府県コード": 8, "市区町村コード": 216, "所在地": "茨城県笠間市笠間４３７６－５", "緯度": 36.374707, "経度": 140.248055, "url": "https://www.iryou.teikyouseido.mhlw.go.jp/znk-web/juminkanja/S2430/initialize?prefCd=08&kikanCd=1000004407&kikanKbn=nan", "url2": null, "内容": "まみ薬局0茨城県笠間市笠間４３７６－５" }, "geometry": { "type": "Point", "coordinates": [ 140.248055, 36.374707 ] } },
{ "type": "Feature", "properties": { "ID": 851000004408, "正式名称": "さくら薬局　古河本町店", "機関区分": 5, "都道府県コード": 8, "市区町村コード": 204, "所在地": "茨城県古河市本町２－１１－１５", "緯度": 36.191672, "経度": 139.706199, "url": "https://www.iryou.teikyouseido.mhlw.go.jp/znk-web/juminkanja/S2430/initialize?prefCd=08&kikanCd=1000004408&kikanKbn=nan", "url2": "https://www.kraft-net.co.jp/sakura/store/4376/", "内容": "さくら薬局　古河本町店0茨城県古河市本町２－１１－１５" }, "geometry": { "type": "Point", "coordinates": [ 139.706199, 36.191672 ] } },
{ "type": "Feature", "properties": { "ID": 851000004409, "正式名称": "ウエルシア薬局　古河三和店", "機関区分": 5, "都道府県コード": 8, "市区町村コード": 204, "所在地": "茨城県古河市諸川", "緯度": 36.190556, "経度": 139.813889, "url": "https://www.iryou.teikyouseido.mhlw.go.jp/znk-web/juminkanja/S2430/initialize?prefCd=08&kikanCd=1000004409&kikanKbn=nan", "url2": "https://www.welcia.co.jp/ja/index.html", "内容": "ウエルシア薬局　古河三和店0茨城県古河市諸川" }, "geometry": { "type": "Point", "coordinates": [ 139.813889, 36.190556 ] } },
{ "type": "Feature", "properties": { "ID": 851000004410, "正式名称": "ほのぼの薬局つくばみどりの店", "機関区分": 5, "都道府県コード": 8, "市区町村コード": 220, "所在地": "茨城県つくば市みどりの中央６７番地９", "緯度": 36.020278, "経度": 140.065278, "url": "https://www.iryou.teikyouseido.mhlw.go.jp/znk-web/juminkanja/S2430/initialize?prefCd=08&kikanCd=1000004410&kikanKbn=nan", "url2": null, "内容": "ほのぼの薬局つくばみどりの店0茨城県つくば市みどりの中央６７番地９" }, "geometry": { "type": "Point", "coordinates": [ 140.065278, 36.020278 ] } },
{ "type": "Feature", "properties": { "ID": 851000004411, "正式名称": "アクア薬局　万博公園西店", "機関区分": 5, "都道府県コード": 8, "市区町村コード": 220, "所在地": "茨城県つくば市島名２８９８－１", "緯度": 36.060833, "経度": 140.055278, "url": "https://www.iryou.teikyouseido.mhlw.go.jp/znk-web/juminkanja/S2430/initialize?prefCd=08&kikanCd=1000004411&kikanKbn=nan", "url2": "https://aqua-mito.byoinnavi.jp/", "内容": "アクア薬局　万博公園西店0茨城県つくば市島名２８９８－１" }, "geometry": { "type": "Point", "coordinates": [ 140.055278, 36.060833 ] } },
{ "type": "Feature", "properties": { "ID": 851000004412, "正式名称": "梅園薬局", "機関区分": 5, "都道府県コード": 8, "市区町村コード": 220, "所在地": "茨城県つくば市梅園２ー２０ー３５", "緯度": 36.056247, "経度": 140.139555, "url": "https://www.iryou.teikyouseido.mhlw.go.jp/znk-web/juminkanja/S2430/initialize?prefCd=08&kikanCd=1000004412&kikanKbn=nan", "url2": "http://umezono-ph.com", "内容": "梅園薬局0茨城県つくば市梅園２ー２０ー３５" }, "geometry": { "type": "Point", "coordinates": [ 140.139555, 36.056247 ] } },
{ "type": "Feature", "properties": { "ID": 851000004413, "正式名称": "ウエルシア薬局水戸平須店", "機関区分": 5, "都道府県コード": 8, "市区町村コード": 201, "所在地": "茨城県水戸市平須町１８２０－６１", "緯度": 36.327778, "経度": 140.442778, "url": "https://www.iryou.teikyouseido.mhlw.go.jp/znk-web/juminkanja/S2430/initialize?prefCd=08&kikanCd=1000004413&kikanKbn=nan", "url2": null, "内容": "ウエルシア薬局水戸平須店0茨城県水戸市平須町１８２０－６１" }, "geometry": { "type": "Point", "coordinates": [ 140.442778, 36.327778 ] } },
{ "type": "Feature", "properties": { "ID": 851000004414, "正式名称": "そらまめ薬局", "機関区分": 5, "都道府県コード": 8, "市区町村コード": 204, "所在地": "茨城県古河市女沼６５８－３", "緯度": 36.170278, "経度": 139.746667, "url": "https://www.iryou.teikyouseido.mhlw.go.jp/znk-web/juminkanja/S2430/initialize?prefCd=08&kikanCd=1000004414&kikanKbn=nan", "url2": null, "内容": "そらまめ薬局0茨城県古河市女沼６５８－３" }, "geometry": { "type": "Point", "coordinates": [ 139.746667, 36.170278 ] } },
{ "type": "Feature", "properties": { "ID": 851000004415, "正式名称": "こころ薬局うちはら", "機関区分": 5, "都道府県コード": 8, "市区町村コード": 201, "所在地": "茨城県水戸市内原町字竹ノ内１４０６－１３", "緯度": 36.362552, "経度": 140.3547, "url": "https://www.iryou.teikyouseido.mhlw.go.jp/znk-web/juminkanja/S2430/initialize?prefCd=08&kikanCd=1000004415&kikanKbn=nan", "url2": null, "内容": "こころ薬局うちはら0茨城県水戸市内原町字竹ノ内１４０６－１３" }, "geometry": { "type": "Point", "coordinates": [ 140.3547, 36.362552 ] } },
{ "type": "Feature", "properties": { "ID": 851000004416, "正式名称": "ウエルシア薬局大子池田店", "機関区分": 5, "都道府県コード": 8, "市区町村コード": 364, "所在地": "茨城県久慈郡大子町池田１５０６", "緯度": 36.784558, "経度": 140.359878, "url": "https://www.iryou.teikyouseido.mhlw.go.jp/znk-web/juminkanja/S2430/initialize?prefCd=08&kikanCd=1000004416&kikanKbn=nan", "url2": "http://www.welcia-yakkyoku.co.jp/", "内容": "ウエルシア薬局大子池田店0茨城県久慈郡大子町池田１５０６" }, "geometry": { "type": "Point", "coordinates": [ 140.359878, 36.784558 ] } },
{ "type": "Feature", "properties": { "ID": 851000004417, "正式名称": "はな調剤薬局　白方店", "機関区分": 5, "都道府県コード": 8, "市区町村コード": 341, "所在地": "茨城県那珂郡東海村白方１７０７－８４", "緯度": 36.471449, "経度": 140.579643, "url": "https://www.iryou.teikyouseido.mhlw.go.jp/znk-web/juminkanja/S2430/initialize?prefCd=08&kikanCd=1000004417&kikanKbn=nan", "url2": null, "内容": "はな調剤薬局　白方店0茨城県那珂郡東海村白方１７０７－８４" }, "geometry": { "type": "Point", "coordinates": [ 140.579643, 36.471449 ] } },
{ "type": "Feature", "properties": { "ID": 851000004418, "正式名称": "ウエルシア薬局常陸太田木崎店", "機関区分": 5, "都道府県コード": 8, "市区町村コード": 212, "所在地": "茨城県常陸太田市木崎二町１８０６－１", "緯度": 36.535643, "経度": 140.527047, "url": "https://www.iryou.teikyouseido.mhlw.go.jp/znk-web/juminkanja/S2430/initialize?prefCd=08&kikanCd=1000004418&kikanKbn=nan", "url2": "https://www.welcia-yakkyoku.co.jp/", "内容": "ウエルシア薬局常陸太田木崎店0茨城県常陸太田市木崎二町１８０６－１" }, "geometry": { "type": "Point", "coordinates": [ 140.527047, 36.535643 ] } },
{ "type": "Feature", "properties": { "ID": 851000004419, "正式名称": "ウエルシア薬局常陸大宮石沢南店", "機関区分": 5, "都道府県コード": 8, "市区町村コード": 225, "所在地": "茨城県常陸大宮市石沢１６８６－１", "緯度": 36.538147, "経度": 140.413497, "url": "https://www.iryou.teikyouseido.mhlw.go.jp/znk-web/juminkanja/S2430/initialize?prefCd=08&kikanCd=1000004419&kikanKbn=nan", "url2": "https://www.welcia-yakkyoku.co.jp/", "内容": "ウエルシア薬局常陸大宮石沢南店0茨城県常陸大宮市石沢１６８６－１" }, "geometry": { "type": "Point", "coordinates": [ 140.413497, 36.538147 ] } },
{ "type": "Feature", "properties": { "ID": 851000004420, "正式名称": "オアゾ薬局　水戸在宅調剤センター店", "機関区分": 5, "都道府県コード": 8, "市区町村コード": 201, "所在地": "茨城県水戸市赤塚１ー１９９７ー４７シャリオ１階", "緯度": 36.381389, "経度": 140.418889, "url": "https://www.iryou.teikyouseido.mhlw.go.jp/znk-web/juminkanja/S2430/initialize?prefCd=08&kikanCd=1000004420&kikanKbn=nan", "url2": "http://funmacy.com", "内容": "オアゾ薬局　水戸在宅調剤センター店0茨城県水戸市赤塚１ー１９９７ー４７シャリオ１階" }, "geometry": { "type": "Point", "coordinates": [ 140.418889, 36.381389 ] } },
{ "type": "Feature", "properties": { "ID": 851000004421, "正式名称": "中央薬局　かわわだ店", "機関区分": 5, "都道府県コード": 8, "市区町村コード": 201, "所在地": "茨城県水戸市河和田町４３８２－１４２", "緯度": 36.358484, "経度": 140.39459, "url": "https://www.iryou.teikyouseido.mhlw.go.jp/znk-web/juminkanja/S2430/initialize?prefCd=08&kikanCd=1000004421&kikanKbn=nan", "url2": "https://power-p.co.jp/", "内容": "中央薬局　かわわだ店0茨城県水戸市河和田町４３８２－１４２" }, "geometry": { "type": "Point", "coordinates": [ 140.39459, 36.358484 ] } },
{ "type": "Feature", "properties": { "ID": 851000004422, "正式名称": "アクア薬局　下大野店", "機関区分": 5, "都道府県コード": 8, "市区町村コード": 201, "所在地": "茨城県水戸市下大野町５３６５－７", "緯度": 36.338056, "経度": 140.560278, "url": "https://www.iryou.teikyouseido.mhlw.go.jp/znk-web/juminkanja/S2430/initialize?prefCd=08&kikanCd=1000004422&kikanKbn=nan", "url2": null, "内容": "アクア薬局　下大野店0茨城県水戸市下大野町５３６５－７" }, "geometry": { "type": "Point", "coordinates": [ 140.560278, 36.338056 ] } },
{ "type": "Feature", "properties": { "ID": 851000004423, "正式名称": "さくらい薬局　岩瀬店", "機関区分": 5, "都道府県コード": 8, "市区町村コード": 231, "所在地": "茨城県桜川市岩瀬２０６－４", "緯度": 36.3575, "経度": 140.104722, "url": "https://www.iryou.teikyouseido.mhlw.go.jp/znk-web/juminkanja/S2430/initialize?prefCd=08&kikanCd=1000004423&kikanKbn=nan", "url2": "https://www.sakurai-yakkyoku .com", "内容": "さくらい薬局　岩瀬店0茨城県桜川市岩瀬２０６－４" }, "geometry": { "type": "Point", "coordinates": [ 140.104722, 36.3575 ] } },
{ "type": "Feature", "properties": { "ID": 851000004424, "正式名称": "スギ薬局　つくば二の宮店", "機関区分": 5, "都道府県コード": 8, "市区町村コード": 220, "所在地": "茨城県つくば市二の宮一丁目３番地１", "緯度": 36.07, "経度": 140.120833, "url": "https://www.iryou.teikyouseido.mhlw.go.jp/znk-web/juminkanja/S2430/initialize?prefCd=08&kikanCd=1000004424&kikanKbn=nan", "url2": "https://www.sugi-net.jp/", "内容": "スギ薬局　つくば二の宮店0茨城県つくば市二の宮一丁目３番地１" }, "geometry": { "type": "Point", "coordinates": [ 140.120833, 36.07 ] } },
{ "type": "Feature", "properties": { "ID": 851000004425, "正式名称": "カワチ薬局　鹿嶋店", "機関区分": 5, "都道府県コード": 8, "市区町村コード": 222, "所在地": "茨城県鹿嶋市平井１２９０－１", "緯度": 35.965436, "経度": 140.651601, "url": "https://www.iryou.teikyouseido.mhlw.go.jp/znk-web/juminkanja/S2430/initialize?prefCd=08&kikanCd=1000004425&kikanKbn=nan", "url2": "http://www.cawachi.co.jp/", "内容": "カワチ薬局　鹿嶋店0茨城県鹿嶋市平井１２９０－１" }, "geometry": { "type": "Point", "coordinates": [ 140.651601, 35.965436 ] } },
{ "type": "Feature", "properties": { "ID": 851000004426, "正式名称": "ウエルシア薬局　神栖大野原店", "機関区分": 5, "都道府県コード": 8, "市区町村コード": 232, "所在地": "茨城県神栖市大野原３ー９－３６", "緯度": 35.893611, "経度": 140.646944, "url": "https://www.iryou.teikyouseido.mhlw.go.jp/znk-web/juminkanja/S2430/initialize?prefCd=08&kikanCd=1000004426&kikanKbn=nan", "url2": "https://www.welcia-yakkyoku.co.jp/", "内容": "ウエルシア薬局　神栖大野原店0茨城県神栖市大野原３ー９－３６" }, "geometry": { "type": "Point", "coordinates": [ 140.646944, 35.893611 ] } },
{ "type": "Feature", "properties": { "ID": 851000004427, "正式名称": "ウエルシア薬局ひたちなか外野店", "機関区分": 5, "都道府県コード": 8, "市区町村コード": 221, "所在地": "茨城県ひたちなか市外野２－１２－４", "緯度": 36.407965, "経度": 140.532522, "url": "https://www.iryou.teikyouseido.mhlw.go.jp/znk-web/juminkanja/S2430/initialize?prefCd=08&kikanCd=1000004427&kikanKbn=nan", "url2": "https://stores.welcia.co.jp/6343D", "内容": "ウエルシア薬局ひたちなか外野店0茨城県ひたちなか市外野２－１２－４" }, "geometry": { "type": "Point", "coordinates": [ 140.532522, 36.407965 ] } },
{ "type": "Feature", "properties": { "ID": 851000004430, "正式名称": "日本調剤　取手中央薬局", "機関区分": 5, "都道府県コード": 8, "市区町村コード": 217, "所在地": "茨城県取手市取手３丁目４ー２１　中村ビル１階", "緯度": 35.894659, "経度": 140.064921, "url": "https://www.iryou.teikyouseido.mhlw.go.jp/znk-web/juminkanja/S2430/initialize?prefCd=08&kikanCd=1000004430&kikanKbn=nan", "url2": "https://www.nicho.co.jp/tenpo/toridechuo/", "内容": "日本調剤　取手中央薬局0茨城県取手市取手３丁目４ー２１　中村ビル１階" }, "geometry": { "type": "Point", "coordinates": [ 140.064921, 35.894659 ] } },
{ "type": "Feature", "properties": { "ID": 851000004431, "正式名称": "ウエルシア薬局ＢＬＡＮＤＥつくば並木店", "機関区分": 5, "都道府県コード": 8, "市区町村コード": 220, "所在地": "茨城県つくば市並木４－３－２ＢＬＡＮＢＥつくば並木内", "緯度": 36.063221, "経度": 140.144274, "url": "https://www.iryou.teikyouseido.mhlw.go.jp/znk-web/juminkanja/S2430/initialize?prefCd=08&kikanCd=1000004431&kikanKbn=nan", "url2": "http://www.welcia-yakkyoku.co.jp/", "内容": "ウエルシア薬局ＢＬＡＮＤＥつくば並木店0茨城県つくば市並木４－３－２ＢＬＡＮＢＥつくば並木内" }, "geometry": { "type": "Point", "coordinates": [ 140.144274, 36.063221 ] } },
{ "type": "Feature", "properties": { "ID": 851000004432, "正式名称": "まりん薬局", "機関区分": 5, "都道府県コード": 8, "市区町村コード": 220, "所在地": "茨城県つくば市小野崎７６４－５", "緯度": 36.068611, "経度": 140.108056, "url": "https://www.iryou.teikyouseido.mhlw.go.jp/znk-web/juminkanja/S2430/initialize?prefCd=08&kikanCd=1000004432&kikanKbn=nan", "url2": null, "内容": "まりん薬局0茨城県つくば市小野崎７６４－５" }, "geometry": { "type": "Point", "coordinates": [ 140.108056, 36.068611 ] } },
{ "type": "Feature", "properties": { "ID": 851000004433, "正式名称": "さつき薬局　笠間店", "機関区分": 5, "都道府県コード": 8, "市区町村コード": 216, "所在地": "茨城県笠間市笠間２２８", "緯度": 36.386944, "経度": 140.259722, "url": "https://www.iryou.teikyouseido.mhlw.go.jp/znk-web/juminkanja/S2430/initialize?prefCd=08&kikanCd=1000004433&kikanKbn=nan", "url2": "http://www.jp-group.co.jp/", "内容": "さつき薬局　笠間店0茨城県笠間市笠間２２８" }, "geometry": { "type": "Point", "coordinates": [ 140.259722, 36.386944 ] } },
{ "type": "Feature", "properties": { "ID": 851000004434, "正式名称": "神田山調剤薬局　取手", "機関区分": 5, "都道府県コード": 8, "市区町村コード": 217, "所在地": "茨城県取手市中央町２－２５取手ｉセンター４階", "緯度": 35.897727, "経度": 140.063577, "url": "https://www.iryou.teikyouseido.mhlw.go.jp/znk-web/juminkanja/S2430/initialize?prefCd=08&kikanCd=1000004434&kikanKbn=nan", "url2": null, "内容": "神田山調剤薬局　取手0茨城県取手市中央町２－２５取手ｉセンター４階" }, "geometry": { "type": "Point", "coordinates": [ 140.063577, 35.897727 ] } },
{ "type": "Feature", "properties": { "ID": 851000004435, "正式名称": "クリエイト薬局茨城牛久中央店", "機関区分": 5, "都道府県コード": 8, "市区町村コード": 219, "所在地": "茨城県牛久市中央３－３－１", "緯度": 35.98085, "経度": 140.14797, "url": "https://www.iryou.teikyouseido.mhlw.go.jp/znk-web/juminkanja/S2430/initialize?prefCd=08&kikanCd=1000004435&kikanKbn=nan", "url2": "https://www.create-sd.co.jp/store/tabid/78/pdid/225/Default.aspx", "内容": "クリエイト薬局茨城牛久中央店0茨城県牛久市中央３－３－１" }, "geometry": { "type": "Point", "coordinates": [ 140.14797, 35.98085 ] } },
{ "type": "Feature", "properties": { "ID": 851000004436, "正式名称": "さんさん薬局　牛久柏田店", "機関区分": 5, "都道府県コード": 8, "市区町村コード": 219, "所在地": "茨城県牛久市柏田町３３１５－１２", "緯度": 35.978028, "経度": 140.152675, "url": "https://www.iryou.teikyouseido.mhlw.go.jp/znk-web/juminkanja/S2430/initialize?prefCd=08&kikanCd=1000004436&kikanKbn=nan", "url2": "https://sunsunpharmacy.com/", "内容": "さんさん薬局　牛久柏田店0茨城県牛久市柏田町３３１５－１２" }, "geometry": { "type": "Point", "coordinates": [ 140.152675, 35.978028 ] } },
{ "type": "Feature", "properties": { "ID": 851000004437, "正式名称": "こがゆり薬局", "機関区分": 5, "都道府県コード": 8, "市区町村コード": 204, "所在地": "茨城県古河市下大野２８５２－４", "緯度": 36.179167, "経度": 139.753333, "url": "https://www.iryou.teikyouseido.mhlw.go.jp/znk-web/juminkanja/S2430/initialize?prefCd=08&kikanCd=1000004437&kikanKbn=nan", "url2": "https://lility.co.jp", "内容": "こがゆり薬局0茨城県古河市下大野２８５２－４" }, "geometry": { "type": "Point", "coordinates": [ 139.753333, 36.179167 ] } },
{ "type": "Feature", "properties": { "ID": 851000004438, "正式名称": "舟木薬局", "機関区分": 5, "都道府県コード": 8, "市区町村コード": 234, "所在地": "茨城県鉾田市舟木１７１の１", "緯度": 36.210556, "経度": 140.481111, "url": "https://www.iryou.teikyouseido.mhlw.go.jp/znk-web/juminkanja/S2430/initialize?prefCd=08&kikanCd=1000004438&kikanKbn=nan", "url2": null, "内容": "舟木薬局0茨城県鉾田市舟木１７１の１" }, "geometry": { "type": "Point", "coordinates": [ 140.481111, 36.210556 ] } },
{ "type": "Feature", "properties": { "ID": 851000004439, "正式名称": "ライフ薬局山王台店", "機関区分": 5, "都道府県コード": 8, "市区町村コード": 205, "所在地": "茨城県石岡市東石岡４－３８４９－４", "緯度": 36.187461, "経度": 140.291174, "url": "https://www.iryou.teikyouseido.mhlw.go.jp/znk-web/juminkanja/S2430/initialize?prefCd=08&kikanCd=1000004439&kikanKbn=nan", "url2": "https//www.life-pharmacy.jp", "内容": "ライフ薬局山王台店0茨城県石岡市東石岡４－３８４９－４" }, "geometry": { "type": "Point", "coordinates": [ 140.291174, 36.187461 ] } },
{ "type": "Feature", "properties": { "ID": 851000004440, "正式名称": "ミモザ薬局", "機関区分": 5, "都道府県コード": 8, "市区町村コード": 220, "所在地": "茨城県つくば市みどりの東１２－２６", "緯度": 36.013921, "経度": 140.067263, "url": "https://www.iryou.teikyouseido.mhlw.go.jp/znk-web/juminkanja/S2430/initialize?prefCd=08&kikanCd=1000004440&kikanKbn=nan", "url2": "https://medical-box.jp", "内容": "ミモザ薬局0茨城県つくば市みどりの東１２－２６" }, "geometry": { "type": "Point", "coordinates": [ 140.067263, 36.013921 ] } },
{ "type": "Feature", "properties": { "ID": 851000004441, "正式名称": "まごころ薬局　筑西店", "機関区分": 5, "都道府県コード": 8, "市区町村コード": 227, "所在地": "茨城県筑西市関本下２４５０－４", "緯度": 36.246605, "経度": 139.92056, "url": "https://www.iryou.teikyouseido.mhlw.go.jp/znk-web/juminkanja/S2430/initialize?prefCd=08&kikanCd=1000004441&kikanKbn=nan", "url2": null, "内容": "まごころ薬局　筑西店0茨城県筑西市関本下２４５０－４" }, "geometry": { "type": "Point", "coordinates": [ 139.92056, 36.246605 ] } },
{ "type": "Feature", "properties": { "ID": 851000004444, "正式名称": "なのはな薬局汲上店", "機関区分": 5, "都道府県コード": 8, "市区町村コード": 234, "所在地": "茨城県鉾田市汲上３１２８－２", "緯度": 36.114444, "経度": 140.582222, "url": "https://www.iryou.teikyouseido.mhlw.go.jp/znk-web/juminkanja/S2430/initialize?prefCd=08&kikanCd=1000004444&kikanKbn=nan", "url2": "https://nanohanapharmacy.com/", "内容": "なのはな薬局汲上店0茨城県鉾田市汲上３１２８－２" }, "geometry": { "type": "Point", "coordinates": [ 140.582222, 36.114444 ] } },
{ "type": "Feature", "properties": { "ID": 851000004445, "正式名称": "クスリのアオキ　千代川薬局", "機関区分": 5, "都道府県コード": 8, "市区町村コード": 210, "所在地": "茨城県下妻市原４８２番地", "緯度": 36.34, "経度": 140.451667, "url": "https://www.iryou.teikyouseido.mhlw.go.jp/znk-web/juminkanja/S2430/initialize?prefCd=08&kikanCd=1000004445&kikanKbn=nan", "url2": "https://www.kusuri-aoki.co.jp/", "内容": "クスリのアオキ　千代川薬局0茨城県下妻市原４８２番地" }, "geometry": { "type": "Point", "coordinates": [ 140.451667, 36.34 ] } },
{ "type": "Feature", "properties": { "ID": 851000004446, "正式名称": "さつき薬局神栖店", "機関区分": 5, "都道府県コード": 8, "市区町村コード": 232, "所在地": "茨城県神栖市深芝南２－１１－２７", "緯度": 35.905556, "経度": 140.649444, "url": "https://www.iryou.teikyouseido.mhlw.go.jp/znk-web/juminkanja/S2430/initialize?prefCd=08&kikanCd=1000004446&kikanKbn=nan", "url2": "https://jp-group.co.jp/store/112/", "内容": "さつき薬局神栖店0茨城県神栖市深芝南２－１１－２７" }, "geometry": { "type": "Point", "coordinates": [ 140.649444, 35.905556 ] } },
{ "type": "Feature", "properties": { "ID": 851000004447, "正式名称": "ひたち在宅薬局", "機関区分": 5, "都道府県コード": 8, "市区町村コード": 202, "所在地": "茨城県日立市桜川町２丁目２４－８", "緯度": 36.558995, "経度": 140.628496, "url": "https://www.iryou.teikyouseido.mhlw.go.jp/znk-web/juminkanja/S2430/initialize?prefCd=08&kikanCd=1000004447&kikanKbn=nan", "url2": null, "内容": "ひたち在宅薬局0茨城県日立市桜川町２丁目２４－８" }, "geometry": { "type": "Point", "coordinates": [ 140.628496, 36.558995 ] } },
{ "type": "Feature", "properties": { "ID": 851000004448, "正式名称": "さつき薬局大成店", "機関区分": 5, "都道府県コード": 8, "市区町村コード": 221, "所在地": "茨城県ひたちなか市大成町１１－２", "緯度": 36.384225, "経度": 140.533297, "url": "https://www.iryou.teikyouseido.mhlw.go.jp/znk-web/juminkanja/S2430/initialize?prefCd=08&kikanCd=1000004448&kikanKbn=nan", "url2": "http://www.jp-group.co.jp/", "内容": "さつき薬局大成店0茨城県ひたちなか市大成町１１－２" }, "geometry": { "type": "Point", "coordinates": [ 140.533297, 36.384225 ] } },
{ "type": "Feature", "properties": { "ID": 851000004449, "正式名称": "古河アポス調剤薬局", "機関区分": 5, "都道府県コード": 8, "市区町村コード": 204, "所在地": "茨城県古河市東３－１０－５", "緯度": 36.195539, "経度": 139.714444, "url": "https://www.iryou.teikyouseido.mhlw.go.jp/znk-web/juminkanja/S2430/initialize?prefCd=08&kikanCd=1000004449&kikanKbn=nan", "url2": "https://www.ichiyama-ph.com/shop", "内容": "古河アポス調剤薬局0茨城県古河市東３－１０－５" }, "geometry": { "type": "Point", "coordinates": [ 139.714444, 36.195539 ] } },
{ "type": "Feature", "properties": { "ID": 851000004450, "正式名称": "中央薬局　つくば下広岡店", "機関区分": 5, "都道府県コード": 8, "市区町村コード": 220, "所在地": "茨城県つくば市下広岡１０５５－７９０", "緯度": 36.052222, "経度": 140.1525, "url": "https://www.iryou.teikyouseido.mhlw.go.jp/znk-web/juminkanja/S2430/initialize?prefCd=08&kikanCd=1000004450&kikanKbn=nan", "url2": "http://www.power-p.co.jp", "内容": "中央薬局　つくば下広岡店0茨城県つくば市下広岡１０５５－７９０" }, "geometry": { "type": "Point", "coordinates": [ 140.1525, 36.052222 ] } },
{ "type": "Feature", "properties": { "ID": 851000004451, "正式名称": "つばき薬局　守谷店", "機関区分": 5, "都道府県コード": 8, "市区町村コード": 224, "所在地": "茨城県守谷市松並１４１４－１２", "緯度": 35.951111, "経度": 140.002778, "url": "https://www.iryou.teikyouseido.mhlw.go.jp/znk-web/juminkanja/S2430/initialize?prefCd=08&kikanCd=1000004451&kikanKbn=nan", "url2": "www.edopharmacy.com", "内容": "つばき薬局　守谷店0茨城県守谷市松並１４１４－１２" }, "geometry": { "type": "Point", "coordinates": [ 140.002778, 35.951111 ] } },
{ "type": "Feature", "properties": { "ID": 851000004452, "正式名称": "ＢＡＳＥ　ＫＡＭＰＯ　ＰＨＡＲＭＡＣＹ", "機関区分": 5, "都道府県コード": 8, "市区町村コード": 220, "所在地": "茨城県つくば市みどりの２－２０－１１パレスみどりの１０４", "緯度": 36.036636, "経度": 140.057273, "url": "https://www.iryou.teikyouseido.mhlw.go.jp/znk-web/juminkanja/S2430/initialize?prefCd=08&kikanCd=1000004452&kikanKbn=nan", "url2": "https://base-of-life.jp/", "内容": "ＢＡＳＥ　ＫＡＭＰＯ　ＰＨＡＲＭＡＣＹ0茨城県つくば市みどりの２－２０－１１パレスみどりの１０４" }, "geometry": { "type": "Point", "coordinates": [ 140.057273, 36.036636 ] } },
{ "type": "Feature", "properties": { "ID": 851000004453, "正式名称": "ハニュウ薬局つくば西大橋店", "機関区分": 5, "都道府県コード": 8, "市区町村コード": 220, "所在地": "茨城県つくば市西大橋１７４－１", "緯度": 36.071961, "経度": 140.091074, "url": "https://www.iryou.teikyouseido.mhlw.go.jp/znk-web/juminkanja/S2430/initialize?prefCd=08&kikanCd=1000004453&kikanKbn=nan", "url2": "www.mydrug.co.jp", "内容": "ハニュウ薬局つくば西大橋店0茨城県つくば市西大橋１７４－１" }, "geometry": { "type": "Point", "coordinates": [ 140.091074, 36.071961 ] } },
{ "type": "Feature", "properties": { "ID": 851000004454, "正式名称": "あい薬局　大和田店", "機関区分": 5, "都道府県コード": 8, "市区町村コード": 202, "所在地": "茨城県日立市大和田町１８５０番地１", "緯度": 36.505386, "経度": 140.579569, "url": "https://www.iryou.teikyouseido.mhlw.go.jp/znk-web/juminkanja/S2430/initialize?prefCd=08&kikanCd=1000004454&kikanKbn=nan", "url2": null, "内容": "あい薬局　大和田店0茨城県日立市大和田町１８５０番地１" }, "geometry": { "type": "Point", "coordinates": [ 140.579569, 36.505386 ] } },
{ "type": "Feature", "properties": { "ID": 851000004455, "正式名称": "アイン薬局　阿見東店", "機関区分": 5, "都道府県コード": 8, "市区町村コード": 443, "所在地": "茨城県稲敷郡阿見町吉原２６７２番１１", "緯度": 35.991789, "経度": 140.241134, "url": "https://www.iryou.teikyouseido.mhlw.go.jp/znk-web/juminkanja/S2430/initialize?prefCd=08&kikanCd=1000004455&kikanKbn=nan", "url2": "https://store.ainj.co.jp/detail/1101438/", "内容": "アイン薬局　阿見東店0茨城県稲敷郡阿見町吉原２６７２番１１" }, "geometry": { "type": "Point", "coordinates": [ 140.241134, 35.991789 ] } },
{ "type": "Feature", "properties": { "ID": 851000004456, "正式名称": "マリオン薬局牛久店", "機関区分": 5, "都道府県コード": 8, "市区町村コード": 219, "所在地": "茨城県牛久市神谷６‐４１‐２７", "緯度": 35.963359, "経度": 140.15537, "url": "https://www.iryou.teikyouseido.mhlw.go.jp/znk-web/juminkanja/S2430/initialize?prefCd=08&kikanCd=1000004456&kikanKbn=nan", "url2": "http://www.chibamedical.net", "内容": "マリオン薬局牛久店0茨城県牛久市神谷６‐４１‐２７" }, "geometry": { "type": "Point", "coordinates": [ 140.15537, 35.963359 ] } },
{ "type": "Feature", "properties": { "ID": 851000004457, "正式名称": "ウエルシア薬局つくば洞峰公園通り店", "機関区分": 5, "都道府県コード": 8, "市区町村コード": 220, "所在地": "茨城県つくば市二の宮３－２４－２０", "緯度": 36.059444, "経度": 140.121944, "url": "https://www.iryou.teikyouseido.mhlw.go.jp/znk-web/juminkanja/S2430/initialize?prefCd=08&kikanCd=1000004457&kikanKbn=nan", "url2": "https://store.welcia.co.jp/welcia/spot/detail?code=1395D", "内容": "ウエルシア薬局つくば洞峰公園通り店0茨城県つくば市二の宮３－２４－２０" }, "geometry": { "type": "Point", "coordinates": [ 140.121944, 36.059444 ] } },
{ "type": "Feature", "properties": { "ID": 851000004458, "正式名称": "ウエルシア薬局常陸太田久米店", "機関区分": 5, "都道府県コード": 8, "市区町村コード": 212, "所在地": "茨城県常陸太田市久米町１２３", "緯度": 36.541109, "経度": 140.474735, "url": "https://www.iryou.teikyouseido.mhlw.go.jp/znk-web/juminkanja/S2430/initialize?prefCd=08&kikanCd=1000004458&kikanKbn=nan", "url2": "http://welcia-yakkyoku.co.jp/", "内容": "ウエルシア薬局常陸太田久米店0茨城県常陸太田市久米町１２３" }, "geometry": { "type": "Point", "coordinates": [ 140.474735, 36.541109 ] } },
{ "type": "Feature", "properties": { "ID": 851000004459, "正式名称": "キバナ薬局", "機関区分": 5, "都道府県コード": 8, "市区町村コード": 227, "所在地": "茨城県筑西市小栗５６２４－７", "緯度": 36.359432, "経度": 140.020916, "url": "https://www.iryou.teikyouseido.mhlw.go.jp/znk-web/juminkanja/S2430/initialize?prefCd=08&kikanCd=1000004459&kikanKbn=nan", "url2": "https://k-redribbon.com", "内容": "キバナ薬局0茨城県筑西市小栗５６２４－７" }, "geometry": { "type": "Point", "coordinates": [ 140.020916, 36.359432 ] } },
{ "type": "Feature", "properties": { "ID": 851000004461, "正式名称": "カワチ薬局　石岡店", "機関区分": 5, "都道府県コード": 8, "市区町村コード": 205, "所在地": "茨城県石岡市東光台３－１－１", "緯度": 36.185417, "経度": 140.299367, "url": "https://www.iryou.teikyouseido.mhlw.go.jp/znk-web/juminkanja/S2430/initialize?prefCd=08&kikanCd=1000004461&kikanKbn=nan", "url2": "http://www.cawachi.co.jp/", "内容": "カワチ薬局　石岡店0茨城県石岡市東光台３－１－１" }, "geometry": { "type": "Point", "coordinates": [ 140.299367, 36.185417 ] } },
{ "type": "Feature", "properties": { "ID": 851000004462, "正式名称": "カワチ薬局　北茨城大津店", "機関区分": 5, "都道府県コード": 8, "市区町村コード": 215, "所在地": "茨城県北茨城市大津町２６９８－１", "緯度": 36.839259, "経度": 140.782521, "url": "https://www.iryou.teikyouseido.mhlw.go.jp/znk-web/juminkanja/S2430/initialize?prefCd=08&kikanCd=1000004462&kikanKbn=nan", "url2": "https://www.cawachi.co.jp/", "内容": "カワチ薬局　北茨城大津店0茨城県北茨城市大津町２６９８－１" }, "geometry": { "type": "Point", "coordinates": [ 140.782521, 36.839259 ] } },
{ "type": "Feature", "properties": { "ID": 851000004465, "正式名称": "ヤックスドラッグオークビレッジかみす薬局", "機関区分": 5, "都道府県コード": 8, "市区町村コード": 232, "所在地": "茨城県神栖市大野原４丁目８番６７－４号", "緯度": 35.896389, "経度": 140.639444, "url": "https://www.iryou.teikyouseido.mhlw.go.jp/znk-web/juminkanja/S2430/initialize?prefCd=08&kikanCd=1000004465&kikanKbn=nan", "url2": "http://yacs.jp", "内容": "ヤックスドラッグオークビレッジかみす薬局0茨城県神栖市大野原４丁目８番６７－４号" }, "geometry": { "type": "Point", "coordinates": [ 140.639444, 35.896389 ] } },
{ "type": "Feature", "properties": { "ID": 851000004466, "正式名称": "たかば薬局", "機関区分": 5, "都道府県コード": 8, "市区町村コード": 221, "所在地": "茨城県ひたちなか市大字高場１６７３－２４", "緯度": 36.41801, "経度": 140.543382, "url": "https://www.iryou.teikyouseido.mhlw.go.jp/znk-web/juminkanja/S2430/initialize?prefCd=08&kikanCd=1000004466&kikanKbn=nan", "url2": null, "内容": "たかば薬局0茨城県ひたちなか市大字高場１６７３－２４" }, "geometry": { "type": "Point", "coordinates": [ 140.543382, 36.41801 ] } },
{ "type": "Feature", "properties": { "ID": 851000004467, "正式名称": "スギ薬局　つくば天久保店", "機関区分": 5, "都道府県コード": 8, "市区町村コード": 220, "所在地": "茨城県つくば市天久保１ー１３－５", "緯度": 36.089722, "経度": 140.114167, "url": "https://www.iryou.teikyouseido.mhlw.go.jp/znk-web/juminkanja/S2430/initialize?prefCd=08&kikanCd=1000004467&kikanKbn=nan", "url2": "http://www.drug-sugi.co.jp", "内容": "スギ薬局　つくば天久保店0茨城県つくば市天久保１ー１３－５" }, "geometry": { "type": "Point", "coordinates": [ 140.114167, 36.089722 ] } },
{ "type": "Feature", "properties": { "ID": 851000004468, "正式名称": "ウエルシア薬局水戸姫子店", "機関区分": 5, "都道府県コード": 8, "市区町村コード": 201, "所在地": "茨城県水戸市見和２ー５４８－１", "緯度": 36.375278, "経度": 140.430556, "url": "https://www.iryou.teikyouseido.mhlw.go.jp/znk-web/juminkanja/S2430/initialize?prefCd=08&kikanCd=1000004468&kikanKbn=nan", "url2": "http://www.welcia-yakkyoku.co.jp/", "内容": "ウエルシア薬局水戸姫子店0茨城県水戸市見和２ー５４８－１" }, "geometry": { "type": "Point", "coordinates": [ 140.430556, 36.375278 ] } },
{ "type": "Feature", "properties": { "ID": 851000004469, "正式名称": "アイン薬局　土浦真鍋新町店", "機関区分": 5, "都道府県コード": 8, "市区町村コード": 203, "所在地": "茨城県土浦市真鍋新町１１－３", "緯度": 36.086111, "経度": 140.212778, "url": "https://www.iryou.teikyouseido.mhlw.go.jp/znk-web/juminkanja/S2430/initialize?prefCd=08&kikanCd=1000004469&kikanKbn=nan", "url2": "http://www.ainj.co.jp/", "内容": "アイン薬局　土浦真鍋新町店0茨城県土浦市真鍋新町１１－３" }, "geometry": { "type": "Point", "coordinates": [ 140.212778, 36.086111 ] } },
{ "type": "Feature", "properties": { "ID": 851000004470, "正式名称": "まみ薬局　水戸店", "機関区分": 5, "都道府県コード": 8, "市区町村コード": 201, "所在地": "茨城県水戸市堀町１１２２－１６", "緯度": 36.39852, "経度": 140.431959, "url": "https://www.iryou.teikyouseido.mhlw.go.jp/znk-web/juminkanja/S2430/initialize?prefCd=08&kikanCd=1000004470&kikanKbn=nan", "url2": null, "内容": "まみ薬局　水戸店0茨城県水戸市堀町１１２２－１６" }, "geometry": { "type": "Point", "coordinates": [ 140.431959, 36.39852 ] } },
{ "type": "Feature", "properties": { "ID": 851000004471, "正式名称": "調剤薬局ツルハドラッグ水戸元吉田店", "機関区分": 5, "都道府県コード": 8, "市区町村コード": 201, "所在地": "茨城県水戸市元吉田町字東組３７８－１", "緯度": 36.3475, "経度": 140.478056, "url": "https://www.iryou.teikyouseido.mhlw.go.jp/znk-web/juminkanja/S2430/initialize?prefCd=08&kikanCd=1000004471&kikanKbn=nan", "url2": "https://www.tsuruha.co.jp/", "内容": "調剤薬局ツルハドラッグ水戸元吉田店0茨城県水戸市元吉田町字東組３７８－１" }, "geometry": { "type": "Point", "coordinates": [ 140.478056, 36.3475 ] } },
{ "type": "Feature", "properties": { "ID": 851000004472, "正式名称": "こぶき薬局", "機関区分": 5, "都道府県コード": 8, "市区町村コード": 201, "所在地": "茨城県水戸市小吹町２２８５－６", "緯度": 36.343111, "経度": 140.43336, "url": "https://www.iryou.teikyouseido.mhlw.go.jp/znk-web/juminkanja/S2430/initialize?prefCd=08&kikanCd=1000004472&kikanKbn=nan", "url2": "https://ft-medical.jp/", "内容": "こぶき薬局0茨城県水戸市小吹町２２８５－６" }, "geometry": { "type": "Point", "coordinates": [ 140.43336, 36.343111 ] } },
{ "type": "Feature", "properties": { "ID": 851000004473, "正式名称": "ホーム薬局フジイ", "機関区分": 5, "都道府県コード": 8, "市区町村コード": 231, "所在地": "茨城県桜川市明日香１－５４", "緯度": 36.361667, "経度": 140.111389, "url": "https://www.iryou.teikyouseido.mhlw.go.jp/znk-web/juminkanja/S2430/initialize?prefCd=08&kikanCd=1000004473&kikanKbn=nan", "url2": "https://www.fujii1193.com", "内容": "ホーム薬局フジイ0茨城県桜川市明日香１－５４" }, "geometry": { "type": "Point", "coordinates": [ 140.111389, 36.361667 ] } },
{ "type": "Feature", "properties": { "ID": 851000004476, "正式名称": "トラスト薬局", "機関区分": 5, "都道府県コード": 8, "市区町村コード": 204, "所在地": "茨城県古河市西牛谷１８８－３", "緯度": 36.205806, "経度": 139.742137, "url": "https://www.iryou.teikyouseido.mhlw.go.jp/znk-web/juminkanja/S2430/initialize?prefCd=08&kikanCd=1000004476&kikanKbn=nan", "url2": "https://e-bond.info/withs/", "内容": "トラスト薬局0茨城県古河市西牛谷１８８－３" }, "geometry": { "type": "Point", "coordinates": [ 139.742137, 36.205806 ] } },
{ "type": "Feature", "properties": { "ID": 851000004477, "正式名称": "とちの木薬局神栖店", "機関区分": 5, "都道府県コード": 8, "市区町村コード": 232, "所在地": "茨城県神栖市須田２３４０－１８６", "緯度": 35.838345, "経度": 140.74454, "url": "https://www.iryou.teikyouseido.mhlw.go.jp/znk-web/juminkanja/S2430/initialize?prefCd=08&kikanCd=1000004477&kikanKbn=nan", "url2": "http://yakusen.co.jp/index.html", "内容": "とちの木薬局神栖店0茨城県神栖市須田２３４０－１８６" }, "geometry": { "type": "Point", "coordinates": [ 140.74454, 35.838345 ] } },
{ "type": "Feature", "properties": { "ID": 851000004478, "正式名称": "ウエルシア薬局東海中央店", "機関区分": 5, "都道府県コード": 8, "市区町村コード": 341, "所在地": "茨城県那珂郡東海村村松２１０８番地ピアシティ内", "緯度": 36.46043, "経度": 140.571932, "url": "https://www.iryou.teikyouseido.mhlw.go.jp/znk-web/juminkanja/S2430/initialize?prefCd=08&kikanCd=1000004478&kikanKbn=nan", "url2": "https://stores.welcia.co.jp/1405D", "内容": "ウエルシア薬局東海中央店0茨城県那珂郡東海村村松２１０８番地ピアシティ内" }, "geometry": { "type": "Point", "coordinates": [ 140.571932, 36.46043 ] } },
{ "type": "Feature", "properties": { "ID": 851000004479, "正式名称": "はない薬局", "機関区分": 5, "都道府県コード": 8, "市区町村コード": 564, "所在地": "茨城県北相馬郡利根町中田切字井鎗５－６", "緯度": 35.861467, "経度": 140.150335, "url": "https://www.iryou.teikyouseido.mhlw.go.jp/znk-web/juminkanja/S2430/initialize?prefCd=08&kikanCd=1000004479&kikanKbn=nan", "url2": "https://stsspharmacy.com/", "内容": "はない薬局0茨城県北相馬郡利根町中田切字井鎗５－６" }, "geometry": { "type": "Point", "coordinates": [ 140.150335, 35.861467 ] } },
{ "type": "Feature", "properties": { "ID": 851000004480, "正式名称": "ふくろう薬局", "機関区分": 5, "都道府県コード": 8, "市区町村コード": 217, "所在地": "茨城県取手市寺田４７２５番４", "緯度": 35.91692, "経度": 140.041854, "url": "https://www.iryou.teikyouseido.mhlw.go.jp/znk-web/juminkanja/S2430/initialize?prefCd=08&kikanCd=1000004480&kikanKbn=nan", "url2": null, "内容": "ふくろう薬局0茨城県取手市寺田４７２５番４" }, "geometry": { "type": "Point", "coordinates": [ 140.041854, 35.91692 ] } },
{ "type": "Feature", "properties": { "ID": 851000004481, "正式名称": "コスモ調剤薬局こづる", "機関区分": 5, "都道府県コード": 8, "市区町村コード": 302, "所在地": "茨城県東茨城郡茨城町小鶴１２４", "緯度": 36.287778, "経度": 140.427222, "url": "https://www.iryou.teikyouseido.mhlw.go.jp/znk-web/juminkanja/S2430/initialize?prefCd=08&kikanCd=1000004481&kikanKbn=nan", "url2": null, "内容": "コスモ調剤薬局こづる0茨城県東茨城郡茨城町小鶴１２４" }, "geometry": { "type": "Point", "coordinates": [ 140.427222, 36.287778 ] } },
{ "type": "Feature", "properties": { "ID": 851000004482, "正式名称": "さんぽう薬局", "機関区分": 5, "都道府県コード": 8, "市区町村コード": 217, "所在地": "茨城県取手市下高井１９６９－９", "緯度": 35.927264, "経度": 140.035679, "url": "https://www.iryou.teikyouseido.mhlw.go.jp/znk-web/juminkanja/S2430/initialize?prefCd=08&kikanCd=1000004482&kikanKbn=nan", "url2": null, "内容": "さんぽう薬局0茨城県取手市下高井１９６９－９" }, "geometry": { "type": "Point", "coordinates": [ 140.035679, 35.927264 ] } },
{ "type": "Feature", "properties": { "ID": 851000004483, "正式名称": "なの花薬局　つくば高見原店", "機関区分": 5, "都道府県コード": 8, "市区町村コード": 220, "所在地": "茨城県つくば市高見原１－２－３３", "緯度": 35.983611, "経度": 140.141667, "url": "https://www.iryou.teikyouseido.mhlw.go.jp/znk-web/juminkanja/S2430/initialize?prefCd=08&kikanCd=1000004483&kikanKbn=nan", "url2": "https://www.nanohana-ph.JP", "内容": "なの花薬局　つくば高見原店0茨城県つくば市高見原１－２－３３" }, "geometry": { "type": "Point", "coordinates": [ 140.141667, 35.983611 ] } },
{ "type": "Feature", "properties": { "ID": 851000004484, "正式名称": "クスリのアオキ八千代薬局", "機関区分": 5, "都道府県コード": 8, "市区町村コード": 521, "所在地": "茨城県結城郡八千代町八千代中央土地区画整理事業地内４０街区２画地", "緯度": 36.182778, "経度": 139.894722, "url": "https://www.iryou.teikyouseido.mhlw.go.jp/znk-web/juminkanja/S2430/initialize?prefCd=08&kikanCd=1000004484&kikanKbn=nan", "url2": "https://www.kusuri-aoki.co.jp/", "内容": "クスリのアオキ八千代薬局0茨城県結城郡八千代町八千代中央土地区画整理事業地内４０街区２画地" }, "geometry": { "type": "Point", "coordinates": [ 139.894722, 36.182778 ] } },
{ "type": "Feature", "properties": { "ID": 851000004485, "正式名称": "バンビ薬局　つくば店", "機関区分": 5, "都道府県コード": 8, "市区町村コード": 220, "所在地": "茨城県つくば市遠東１１１１ー２１", "緯度": 36.091936, "経度": 140.071402, "url": "https://www.iryou.teikyouseido.mhlw.go.jp/znk-web/juminkanja/S2430/initialize?prefCd=08&kikanCd=1000004485&kikanKbn=nan", "url2": "https://www.bambi-pharmacy.com/", "内容": "バンビ薬局　つくば店0茨城県つくば市遠東１１１１ー２１" }, "geometry": { "type": "Point", "coordinates": [ 140.071402, 36.091936 ] } },
{ "type": "Feature", "properties": { "ID": 851000004486, "正式名称": "クスリのアオキまりやま薬局", "機関区分": 5, "都道府県コード": 8, "市区町村コード": 203, "所在地": "茨城県土浦市摩利山新田１１６番地１", "緯度": 36.341389, "経度": 140.459722, "url": "https://www.iryou.teikyouseido.mhlw.go.jp/znk-web/juminkanja/S2430/initialize?prefCd=08&kikanCd=1000004486&kikanKbn=nan", "url2": "https://www.kusuri-aoki.co.jp/", "内容": "クスリのアオキまりやま薬局0茨城県土浦市摩利山新田１１６番地１" }, "geometry": { "type": "Point", "coordinates": [ 140.459722, 36.341389 ] } },
{ "type": "Feature", "properties": { "ID": 851000004487, "正式名称": "クスリのアオキ岩井薬局", "機関区分": 5, "都道府県コード": 8, "市区町村コード": 228, "所在地": "茨城県坂東市岩井３２８５番地１", "緯度": 36.044722, "経度": 139.888056, "url": "https://www.iryou.teikyouseido.mhlw.go.jp/znk-web/juminkanja/S2430/initialize?prefCd=08&kikanCd=1000004487&kikanKbn=nan", "url2": "https://www.kusuri-aoki.co.jp/", "内容": "クスリのアオキ岩井薬局0茨城県坂東市岩井３２８５番地１" }, "geometry": { "type": "Point", "coordinates": [ 139.888056, 36.044722 ] } },
{ "type": "Feature", "properties": { "ID": 851000004488, "正式名称": "はなむろ薬局", "機関区分": 5, "都道府県コード": 8, "市区町村コード": 220, "所在地": "茨城県つくば市花室８３１－７", "緯度": 36.085278, "経度": 140.134167, "url": "https://www.iryou.teikyouseido.mhlw.go.jp/znk-web/juminkanja/S2430/initialize?prefCd=08&kikanCd=1000004488&kikanKbn=nan", "url2": "http://www.inmyheart01.com", "内容": "はなむろ薬局0茨城県つくば市花室８３１－７" }, "geometry": { "type": "Point", "coordinates": [ 140.134167, 36.085278 ] } },
{ "type": "Feature", "properties": { "ID": 851000004489, "正式名称": "とちの木薬局　筑西店", "機関区分": 5, "都道府県コード": 8, "市区町村コード": 227, "所在地": "茨城県筑西市蓮沼１１２８－４", "緯度": 36.301944, "経度": 139.9825, "url": "https://www.iryou.teikyouseido.mhlw.go.jp/znk-web/juminkanja/S2430/initialize?prefCd=08&kikanCd=1000004489&kikanKbn=nan", "url2": "http://www.yakusen.co.jp/", "内容": "とちの木薬局　筑西店0茨城県筑西市蓮沼１１２８－４" }, "geometry": { "type": "Point", "coordinates": [ 139.9825, 36.301944 ] } },
{ "type": "Feature", "properties": { "ID": 851000004490, "正式名称": "カワチ薬局　牛久田宮店", "機関区分": 5, "都道府県コード": 8, "市区町村コード": 219, "所在地": "茨城県牛久市田宮町３２５－３", "緯度": 35.981528, "経度": 140.135993, "url": "https://www.iryou.teikyouseido.mhlw.go.jp/znk-web/juminkanja/S2430/initialize?prefCd=08&kikanCd=1000004490&kikanKbn=nan", "url2": "https://www.cawachi.co.jp", "内容": "カワチ薬局　牛久田宮店0茨城県牛久市田宮町３２５－３" }, "geometry": { "type": "Point", "coordinates": [ 140.135993, 35.981528 ] } },
{ "type": "Feature", "properties": { "ID": 851000004491, "正式名称": "薬局ファミーユ", "機関区分": 5, "都道府県コード": 8, "市区町村コード": 546, "所在地": "茨城県猿島郡境町上小橋５３６－１", "緯度": 36.117222, "経度": 139.810278, "url": "https://www.iryou.teikyouseido.mhlw.go.jp/znk-web/juminkanja/S2430/initialize?prefCd=08&kikanCd=1000004491&kikanKbn=nan", "url2": "https://www.p-forward.jp/", "内容": "薬局ファミーユ0茨城県猿島郡境町上小橋５３６－１" }, "geometry": { "type": "Point", "coordinates": [ 139.810278, 36.117222 ] } },
{ "type": "Feature", "properties": { "ID": 851000004492, "正式名称": "調剤薬局ツルハドラッグ古河中央店", "機関区分": 5, "都道府県コード": 8, "市区町村コード": 204, "所在地": "茨城県古河市古河３８１番地４", "緯度": 36.188889, "経度": 139.714444, "url": "https://www.iryou.teikyouseido.mhlw.go.jp/znk-web/juminkanja/S2430/initialize?prefCd=08&kikanCd=1000004492&kikanKbn=nan", "url2": "https://www.tsuruha.co.jp/", "内容": "調剤薬局ツルハドラッグ古河中央店0茨城県古河市古河３８１番地４" }, "geometry": { "type": "Point", "coordinates": [ 139.714444, 36.188889 ] } },
{ "type": "Feature", "properties": { "ID": 851000004493, "正式名称": "ライオン薬局　阿見店", "機関区分": 5, "都道府県コード": 8, "市区町村コード": 443, "所在地": "茨城県稲敷郡阿見町鈴木４ー２０３", "緯度": 36.024915, "経度": 140.215819, "url": "https://www.iryou.teikyouseido.mhlw.go.jp/znk-web/juminkanja/S2430/initialize?prefCd=08&kikanCd=1000004493&kikanKbn=nan", "url2": "https://www.lion-drug.com/", "内容": "ライオン薬局　阿見店0茨城県稲敷郡阿見町鈴木４ー２０３" }, "geometry": { "type": "Point", "coordinates": [ 140.215819, 36.024915 ] } },
{ "type": "Feature", "properties": { "ID": 851000004494, "正式名称": "アルファーム薬局足崎店", "機関区分": 5, "都道府県コード": 8, "市区町村コード": 221, "所在地": "茨城県ひたちなか市足崎１４６１－１", "緯度": 36.404845, "経度": 140.552904, "url": "https://www.iryou.teikyouseido.mhlw.go.jp/znk-web/juminkanja/S2430/initialize?prefCd=08&kikanCd=1000004494&kikanKbn=nan", "url2": "https://www.alpharm.co.jp/", "内容": "アルファーム薬局足崎店0茨城県ひたちなか市足崎１４６１－１" }, "geometry": { "type": "Point", "coordinates": [ 140.552904, 36.404845 ] } },
{ "type": "Feature", "properties": { "ID": 851000004495, "正式名称": "ひたちのひがし薬局", "機関区分": 5, "都道府県コード": 8, "市区町村コード": 219, "所在地": "茨城県牛久市ひたち野東１丁目１９番の１", "緯度": 36.011469, "経度": 140.159833, "url": "https://www.iryou.teikyouseido.mhlw.go.jp/znk-web/juminkanja/S2430/initialize?prefCd=08&kikanCd=1000004495&kikanKbn=nan", "url2": "https://jm-corp.co.jp/", "内容": "ひたちのひがし薬局0茨城県牛久市ひたち野東１丁目１９番の１" }, "geometry": { "type": "Point", "coordinates": [ 140.159833, 36.011469 ] } },
{ "type": "Feature", "properties": { "ID": 851000004498, "正式名称": "ファーマライズ薬局　神栖店", "機関区分": 5, "都道府県コード": 8, "市区町村コード": 232, "所在地": "茨城県神栖市平泉１－１４３", "緯度": 35.91201, "経度": 140.641749, "url": "https://www.iryou.teikyouseido.mhlw.go.jp/znk-web/juminkanja/S2430/initialize?prefCd=08&kikanCd=1000004498&kikanKbn=nan", "url2": "https://www.pharmarise.com/company/store/store.php?store_id=286", "内容": "ファーマライズ薬局　神栖店0茨城県神栖市平泉１－１４３" }, "geometry": { "type": "Point", "coordinates": [ 140.641749, 35.91201 ] } },
{ "type": "Feature", "properties": { "ID": 851000004500, "正式名称": "ひたち多賀薬局", "機関区分": 5, "都道府県コード": 8, "市区町村コード": 202, "所在地": "茨城県日立市千石町１－５－３", "緯度": 36.553098, "経度": 140.629933, "url": "https://www.iryou.teikyouseido.mhlw.go.jp/znk-web/juminkanja/S2430/initialize?prefCd=08&kikanCd=1000004500&kikanKbn=nan", "url2": null, "内容": "ひたち多賀薬局0茨城県日立市千石町１－５－３" }, "geometry": { "type": "Point", "coordinates": [ 140.629933, 36.553098 ] } },
{ "type": "Feature", "properties": { "ID": 851000004501, "正式名称": "一仙堂荒友薬局", "機関区分": 5, "都道府県コード": 8, "市区町村コード": 202, "所在地": "茨城県日立市助川町１－１０－１０", "緯度": 36.597703, "経度": 140.650903, "url": "https://www.iryou.teikyouseido.mhlw.go.jp/znk-web/juminkanja/S2430/initialize?prefCd=08&kikanCd=1000004501&kikanKbn=nan", "url2": "http://www.issendou.co.jp", "内容": "一仙堂荒友薬局0茨城県日立市助川町１－１０－１０" }, "geometry": { "type": "Point", "coordinates": [ 140.650903, 36.597703 ] } },
{ "type": "Feature", "properties": { "ID": 851000004502, "正式名称": "ヤックスドラッグ知手薬局", "機関区分": 5, "都道府県コード": 8, "市区町村コード": 232, "所在地": "茨城県神栖市知手中央３－５－１", "緯度": 35.8775, "経度": 140.7125, "url": "https://www.iryou.teikyouseido.mhlw.go.jp/znk-web/juminkanja/S2430/initialize?prefCd=08&kikanCd=1000004502&kikanKbn=nan", "url2": "https://yacs.jp/store/store-340/", "内容": "ヤックスドラッグ知手薬局0茨城県神栖市知手中央３－５－１" }, "geometry": { "type": "Point", "coordinates": [ 140.7125, 35.8775 ] } },
{ "type": "Feature", "properties": { "ID": 851000004503, "正式名称": "さんさん薬局　荒川本郷店", "機関区分": 5, "都道府県コード": 8, "市区町村コード": 443, "所在地": "茨城県稲敷郡阿見町本郷２－３－２３", "緯度": 36.025502, "経度": 140.183665, "url": "https://www.iryou.teikyouseido.mhlw.go.jp/znk-web/juminkanja/S2430/initialize?prefCd=08&kikanCd=1000004503&kikanKbn=nan", "url2": "http://sunsunpharmacy.com/", "内容": "さんさん薬局　荒川本郷店0茨城県稲敷郡阿見町本郷２－３－２３" }, "geometry": { "type": "Point", "coordinates": [ 140.183665, 36.025502 ] } },
{ "type": "Feature", "properties": { "ID": 851000004504, "正式名称": "オリエント薬局島名店", "機関区分": 5, "都道府県コード": 8, "市区町村コード": 220, "所在地": "茨城県つくば市島名６４３－１２", "緯度": 36.065556, "経度": 140.053611, "url": "https://www.iryou.teikyouseido.mhlw.go.jp/znk-web/juminkanja/S2430/initialize?prefCd=08&kikanCd=1000004504&kikanKbn=nan", "url2": null, "内容": "オリエント薬局島名店0茨城県つくば市島名６４３－１２" }, "geometry": { "type": "Point", "coordinates": [ 140.053611, 36.065556 ] } },
{ "type": "Feature", "properties": { "ID": 851000004505, "正式名称": "カケル薬局流星台店", "機関区分": 5, "都道府県コード": 8, "市区町村コード": 220, "所在地": "茨城県つくば市流星台３９‐１３", "緯度": 36.096389, "経度": 140.127222, "url": "https://www.iryou.teikyouseido.mhlw.go.jp/znk-web/juminkanja/S2430/initialize?prefCd=08&kikanCd=1000004505&kikanKbn=nan", "url2": null, "内容": "カケル薬局流星台店0茨城県つくば市流星台３９‐１３" }, "geometry": { "type": "Point", "coordinates": [ 140.127222, 36.096389 ] } },
{ "type": "Feature", "properties": { "ID": 851000004506, "正式名称": "なつめ薬局", "機関区分": 5, "都道府県コード": 8, "市区町村コード": 217, "所在地": "茨城県取手市下萱場１３００", "緯度": 35.93314, "経度": 140.11115, "url": "https://www.iryou.teikyouseido.mhlw.go.jp/znk-web/juminkanja/S2430/initialize?prefCd=08&kikanCd=1000004506&kikanKbn=nan", "url2": null, "内容": "なつめ薬局0茨城県取手市下萱場１３００" }, "geometry": { "type": "Point", "coordinates": [ 140.11115, 35.93314 ] } },
{ "type": "Feature", "properties": { "ID": 851000004507, "正式名称": "調剤薬局ツルハドラッグ水戸赤塚店", "機関区分": 5, "都道府県コード": 8, "市区町村コード": 201, "所在地": "茨城県水戸市姫子２丁目３０番地", "緯度": 36.381668, "経度": 140.416847, "url": "https://www.iryou.teikyouseido.mhlw.go.jp/znk-web/juminkanja/S2430/initialize?prefCd=08&kikanCd=1000004507&kikanKbn=nan", "url2": null, "内容": "調剤薬局ツルハドラッグ水戸赤塚店0茨城県水戸市姫子２丁目３０番地" }, "geometry": { "type": "Point", "coordinates": [ 140.416847, 36.381668 ] } },
{ "type": "Feature", "properties": { "ID": 851000004517, "正式名称": "カワチ薬局　川尻店", "機関区分": 5, "都道府県コード": 8, "市区町村コード": 202, "所在地": "茨城県日立市川尻町５－５７－１０", "緯度": 36.655044, "経度": 140.695837, "url": "https://www.iryou.teikyouseido.mhlw.go.jp/znk-web/juminkanja/S2430/initialize?prefCd=08&kikanCd=1000004517&kikanKbn=nan", "url2": "https://www.cawachi.co.jp/", "内容": "カワチ薬局　川尻店0茨城県日立市川尻町５－５７－１０" }, "geometry": { "type": "Point", "coordinates": [ 140.695837, 36.655044 ] } },
{ "type": "Feature", "properties": { "ID": 851000004518, "正式名称": "鹿島　まちの薬局", "機関区分": 5, "都道府県コード": 8, "市区町村コード": 222, "所在地": "茨城県鹿嶋市鉢形台１－１２－２", "緯度": 35.963142, "経度": 140.647137, "url": "https://www.iryou.teikyouseido.mhlw.go.jp/znk-web/juminkanja/S2430/initialize?prefCd=08&kikanCd=1000004518&kikanKbn=nan", "url2": null, "内容": "鹿島　まちの薬局0茨城県鹿嶋市鉢形台１－１２－２" }, "geometry": { "type": "Point", "coordinates": [ 140.647137, 35.963142 ] } },
{ "type": "Feature", "properties": { "ID": 851000004519, "正式名称": "カワチ薬局　土浦蓮河原店", "機関区分": 5, "都道府県コード": 8, "市区町村コード": 203, "所在地": "茨城県土浦市蓮河原新町２－１３", "緯度": 36.072079, "経度": 140.205891, "url": "https://www.iryou.teikyouseido.mhlw.go.jp/znk-web/juminkanja/S2430/initialize?prefCd=08&kikanCd=1000004519&kikanKbn=nan", "url2": "https://www.cawachi.co.jp", "内容": "カワチ薬局　土浦蓮河原店0茨城県土浦市蓮河原新町２－１３" }, "geometry": { "type": "Point", "coordinates": [ 140.205891, 36.072079 ] } },
{ "type": "Feature", "properties": { "ID": 851000004520, "正式名称": "こころ薬局かさはら", "機関区分": 5, "都道府県コード": 8, "市区町村コード": 201, "所在地": "茨城県水戸市笠原町９７８ー２８ＮＳ笠原第５　１０２号室", "緯度": 36.344401, "経度": 140.449877, "url": "https://www.iryou.teikyouseido.mhlw.go.jp/znk-web/juminkanja/S2430/initialize?prefCd=08&kikanCd=1000004520&kikanKbn=nan", "url2": null, "内容": "こころ薬局かさはら0茨城県水戸市笠原町９７８ー２８ＮＳ笠原第５　１０２号室" }, "geometry": { "type": "Point", "coordinates": [ 140.449877, 36.344401 ] } },
{ "type": "Feature", "properties": { "ID": 851000004521, "正式名称": "ラルフ薬局　見川店", "機関区分": 5, "都道府県コード": 8, "市区町村コード": 201, "所在地": "茨城県水戸市見川４－４５９－１", "緯度": 36.366809, "経度": 140.43272, "url": "https://www.iryou.teikyouseido.mhlw.go.jp/znk-web/juminkanja/S2430/initialize?prefCd=08&kikanCd=1000004521&kikanKbn=nan", "url2": null, "内容": "ラルフ薬局　見川店0茨城県水戸市見川４－４５９－１" }, "geometry": { "type": "Point", "coordinates": [ 140.43272, 36.366809 ] } },
{ "type": "Feature", "properties": { "ID": 851000004522, "正式名称": "コスモファーマ薬局いりの店", "機関区分": 5, "都道府県コード": 8, "市区町村コード": 310, "所在地": "茨城県東茨城郡城里町上入野２３６５－５", "緯度": 36.441862, "経度": 140.376262, "url": "https://www.iryou.teikyouseido.mhlw.go.jp/znk-web/juminkanja/S2430/initialize?prefCd=08&kikanCd=1000004522&kikanKbn=nan", "url2": "http://www.cosmo-ph.co.jp/", "内容": "コスモファーマ薬局いりの店0茨城県東茨城郡城里町上入野２３６５－５" }, "geometry": { "type": "Point", "coordinates": [ 140.376262, 36.441862 ] } },
{ "type": "Feature", "properties": { "ID": 851000004524, "正式名称": "クスリのアオキ結城薬局", "機関区分": 5, "都道府県コード": 8, "市区町村コード": 207, "所在地": "茨城県結城市大字結城１２０５８番地１", "緯度": 36.314356, "経度": 139.874211, "url": "https://www.iryou.teikyouseido.mhlw.go.jp/znk-web/juminkanja/S2430/initialize?prefCd=08&kikanCd=1000004524&kikanKbn=nan", "url2": "https://www.kusuri-aoki.co.jp/", "内容": "クスリのアオキ結城薬局0茨城県結城市大字結城１２０５８番地１" }, "geometry": { "type": "Point", "coordinates": [ 139.874211, 36.314356 ] } },
{ "type": "Feature", "properties": { "ID": 851000004525, "正式名称": "ウエルシア薬局茨城五霞店", "機関区分": 5, "都道府県コード": 8, "市区町村コード": 542, "所在地": "茨城県猿島郡五霞町原宿台４－１３", "緯度": 36.095875, "経度": 139.738727, "url": "https://www.iryou.teikyouseido.mhlw.go.jp/znk-web/juminkanja/S2430/initialize?prefCd=08&kikanCd=1000004525&kikanKbn=nan", "url2": "https://store.welcia.co.jp/welcia/spot/detail?code=1174D", "内容": "ウエルシア薬局茨城五霞店0茨城県猿島郡五霞町原宿台４－１３" }, "geometry": { "type": "Point", "coordinates": [ 139.738727, 36.095875 ] } },
{ "type": "Feature", "properties": { "ID": 851000004526, "正式名称": "ウエルシア薬局　筑西島店", "機関区分": 5, "都道府県コード": 8, "市区町村コード": 227, "所在地": "茨城県筑西市島５８８", "緯度": 36.300422, "経度": 139.991056, "url": "https://www.iryou.teikyouseido.mhlw.go.jp/znk-web/juminkanja/S2430/initialize?prefCd=08&kikanCd=1000004526&kikanKbn=nan", "url2": "https://store.welcia.co.jp/welcia/spot/detail?code=1412D", "内容": "ウエルシア薬局　筑西島店0茨城県筑西市島５８８" }, "geometry": { "type": "Point", "coordinates": [ 139.991056, 36.300422 ] } },
{ "type": "Feature", "properties": { "ID": 851000004527, "正式名称": "アルファーム薬局城南店", "機関区分": 5, "都道府県コード": 8, "市区町村コード": 202, "所在地": "茨城県日立市城南町４－２８－１", "緯度": 36.583805, "経度": 140.640343, "url": "https://www.iryou.teikyouseido.mhlw.go.jp/znk-web/juminkanja/S2430/initialize?prefCd=08&kikanCd=1000004527&kikanKbn=nan", "url2": null, "内容": "アルファーム薬局城南店0茨城県日立市城南町４－２８－１" }, "geometry": { "type": "Point", "coordinates": [ 140.640343, 36.583805 ] } },
{ "type": "Feature", "properties": { "ID": 851000004528, "正式名称": "調剤薬局ツルハドラッグ富士見ヶ丘店", "機関区分": 5, "都道府県コード": 8, "市区町村コード": 235, "所在地": "茨城県つくばみらい市富士見ヶ丘１丁目２８番地４", "緯度": 36.002692, "経度": 140.033156, "url": "https://www.iryou.teikyouseido.mhlw.go.jp/znk-web/juminkanja/S2430/initialize?prefCd=08&kikanCd=1000004528&kikanKbn=nan", "url2": "https://www.tsuruha.co.jp/", "内容": "調剤薬局ツルハドラッグ富士見ヶ丘店0茨城県つくばみらい市富士見ヶ丘１丁目２８番地４" }, "geometry": { "type": "Point", "coordinates": [ 140.033156, 36.002692 ] } },
{ "type": "Feature", "properties": { "ID": 851000004529, "正式名称": "クスリのアオキ桜川岩瀬薬局", "機関区分": 5, "都道府県コード": 8, "市区町村コード": 231, "所在地": "茨城県桜川市岩瀬２６８７番地８", "緯度": 36.361706, "経度": 140.112114, "url": "https://www.iryou.teikyouseido.mhlw.go.jp/znk-web/juminkanja/S2430/initialize?prefCd=08&kikanCd=1000004529&kikanKbn=nan", "url2": "https://www.kusuri-aoki.co.jp/", "内容": "クスリのアオキ桜川岩瀬薬局0茨城県桜川市岩瀬２６８７番地８" }, "geometry": { "type": "Point", "coordinates": [ 140.112114, 36.361706 ] } },
{ "type": "Feature", "properties": { "ID": 851000004530, "正式名称": "クスリのアオキ稲吉薬局", "機関区分": 5, "都道府県コード": 8, "市区町村コード": 230, "所在地": "茨城県かすみがうら市稲吉五丁目２番１号", "緯度": 36.129655, "経度": 140.242547, "url": "https://www.iryou.teikyouseido.mhlw.go.jp/znk-web/juminkanja/S2430/initialize?prefCd=08&kikanCd=1000004530&kikanKbn=nan", "url2": "https://www.kusuri-aoki.co.jp/", "内容": "クスリのアオキ稲吉薬局0茨城県かすみがうら市稲吉五丁目２番１号" }, "geometry": { "type": "Point", "coordinates": [ 140.242547, 36.129655 ] } },
{ "type": "Feature", "properties": { "ID": 851000004534, "正式名称": "カワチ薬局　渡里店", "機関区分": 5, "都道府県コード": 8, "市区町村コード": 201, "所在地": "茨城県水戸市渡里町字新田後２７１３－１", "緯度": 36.404545, "経度": 140.432162, "url": "https://www.iryou.teikyouseido.mhlw.go.jp/znk-web/juminkanja/S2430/initialize?prefCd=08&kikanCd=1000004534&kikanKbn=nan", "url2": "https://www.cawachi.co.jp/", "内容": "カワチ薬局　渡里店0茨城県水戸市渡里町字新田後２７１３－１" }, "geometry": { "type": "Point", "coordinates": [ 140.432162, 36.404545 ] } },
{ "type": "Feature", "properties": { "ID": 85100004277, "正式名称": "神栖薬局", "機関区分": 5, "都道府県コード": 8, "市区町村コード": 232, "所在地": "茨城県神栖市神栖１－１７－１", "緯度": 35.904391, "経度": 140.650844, "url": "https://www.iryou.teikyouseido.mhlw.go.jp/znk-web/juminkanja/S2430/initialize?prefCd=08&kikanCd=100004277&kikanKbn=nan", "url2": null, "内容": "神栖薬局0茨城県神栖市神栖１－１７－１" }, "geometry": { "type": "Point", "coordinates": [ 140.650844, 35.904391 ] } },
{ "type": "Feature", "properties": { "ID": 85100004330, "正式名称": "キャンディ薬局", "機関区分": 5, "都道府県コード": 8, "市区町村コード": 232, "所在地": "茨城県神栖市土合南１－１１－１５", "緯度": 35.783942, "経度": 140.775684, "url": "https://www.iryou.teikyouseido.mhlw.go.jp/znk-web/juminkanja/S2430/initialize?prefCd=08&kikanCd=100004330&kikanKbn=nan", "url2": "http://dpc-net.ne.jp/storeinfo/ibaraki/ibaraki-candy", "内容": "キャンディ薬局0茨城県神栖市土合南１－１１－１５" }, "geometry": { "type": "Point", "coordinates": [ 140.775684, 35.783942 ] } },
{ "type": "Feature", "properties": { "ID": 85100004535, "正式名称": "ブラン薬局羽鳥本店", "機関区分": 5, "都道府県コード": 8, "市区町村コード": 236, "所在地": "茨城県小美玉市江戸５７１－１３", "緯度": 36.248024, "経度": 140.305397, "url": "https://www.iryou.teikyouseido.mhlw.go.jp/znk-web/juminkanja/S2430/initialize?prefCd=08&kikanCd=100004535&kikanKbn=nan", "url2": "https://apothecary.jp", "内容": "ブラン薬局羽鳥本店0茨城県小美玉市江戸５７１－１３" }, "geometry": { "type": "Point", "coordinates": [ 140.305397, 36.248024 ] } },
{ "type": "Feature", "properties": { "ID": 853367, "正式名称": "オバラ薬局", "機関区分": 5, "都道府県コード": 8, "市区町村コード": 309, "所在地": "茨城県東茨城郡大洗町磯浜町２５８７", "緯度": 36.324966, "経度": 140.57957, "url": "https://www.iryou.teikyouseido.mhlw.go.jp/znk-web/juminkanja/S2430/initialize?prefCd=08&kikanCd=3367&kikanKbn=nan", "url2": null, "内容": "オバラ薬局0茨城県東茨城郡大洗町磯浜町２５８７" }, "geometry": { "type": "Point", "coordinates": [ 140.57957, 36.324966 ] } },
{ "type": "Feature", "properties": { "ID": 855101472, "正式名称": "クスリのアオキ土師薬局", "機関区分": 5, "都道府県コード": 8, "市区町村コード": 216, "所在地": "茨城県笠間市土師１２８０番地６", "緯度": 36.301067, "経度": 140.300078, "url": "https://www.iryou.teikyouseido.mhlw.go.jp/znk-web/juminkanja/S2430/initialize?prefCd=08&kikanCd=5101472&kikanKbn=nan", "url2": "https://www.kusuri-aoki.co.jp/", "内容": "クスリのアオキ土師薬局0茨城県笠間市土師１２８０番地６" }, "geometry": { "type": "Point", "coordinates": [ 140.300078, 36.301067 ] } },
{ "type": "Feature", "properties": { "ID": 855101473, "正式名称": "あすなろ薬局　岩間店", "機関区分": 5, "都道府県コード": 8, "市区町村コード": 216, "所在地": "茨城県笠間市下郷４１０５－４", "緯度": 36.297805, "経度": 140.27321, "url": "https://www.iryou.teikyouseido.mhlw.go.jp/znk-web/juminkanja/S2430/initialize?prefCd=08&kikanCd=5101473&kikanKbn=nan", "url2": null, "内容": "あすなろ薬局　岩間店0茨城県笠間市下郷４１０５－４" }, "geometry": { "type": "Point", "coordinates": [ 140.27321, 36.297805 ] } },
{ "type": "Feature", "properties": { "ID": 855101474, "正式名称": "クスリのアオキ八雲薬局", "機関区分": 5, "都道府県コード": 8, "市区町村コード": 216, "所在地": "茨城県笠間市八雲二丁目８番２０号", "緯度": 36.345181, "経度": 140.301948, "url": "https://www.iryou.teikyouseido.mhlw.go.jp/znk-web/juminkanja/S2430/initialize?prefCd=08&kikanCd=5101474&kikanKbn=nan", "url2": "https://www.kusuri-aoki.co.jp/", "内容": "クスリのアオキ八雲薬局0茨城県笠間市八雲二丁目８番２０号" }, "geometry": { "type": "Point", "coordinates": [ 140.301948, 36.345181 ] } },
{ "type": "Feature", "properties": { "ID": 855500414, "正式名称": "大髙薬局　大津店", "機関区分": 5, "都道府県コード": 8, "市区町村コード": 215, "所在地": "茨城県北茨城市大津町２６９７番地の１", "緯度": 36.838928, "経度": 140.782734, "url": "https://www.iryou.teikyouseido.mhlw.go.jp/znk-web/juminkanja/S2430/initialize?prefCd=08&kikanCd=5500414&kikanKbn=nan", "url2": "https://appli.e-classa.net/otaka-yakkyoku-otsu/index.html", "内容": "大髙薬局　大津店0茨城県北茨城市大津町２６９７番地の１" }, "geometry": { "type": "Point", "coordinates": [ 140.782734, 36.838928 ] } },
{ "type": "Feature", "properties": { "ID": 855500415, "正式名称": "カワチ薬局　日立若葉店", "機関区分": 5, "都道府県コード": 8, "市区町村コード": 202, "所在地": "茨城県日立市若葉町３－１－１８", "緯度": 36.601358, "経度": 140.661384, "url": "https://www.iryou.teikyouseido.mhlw.go.jp/znk-web/juminkanja/S2430/initialize?prefCd=08&kikanCd=5500415&kikanKbn=nan", "url2": "https://www.cawachi.co.jp/", "内容": "カワチ薬局　日立若葉店0茨城県日立市若葉町３－１－１８" }, "geometry": { "type": "Point", "coordinates": [ 140.661384, 36.601358 ] } },
{ "type": "Feature", "properties": { "ID": 855500416, "正式名称": "株式会社くすりのマルト調剤薬局　わかば高萩店", "機関区分": 5, "都道府県コード": 8, "市区町村コード": 214, "所在地": "茨城県高萩市下手綱大谷口１９２８－１", "緯度": 36.728785, "経度": 140.694221, "url": "https://www.iryou.teikyouseido.mhlw.go.jp/znk-web/juminkanja/S2430/initialize?prefCd=08&kikanCd=5500416&kikanKbn=nan", "url2": "https://drug-maruto.jp", "内容": "株式会社くすりのマルト調剤薬局　わかば高萩店0茨城県高萩市下手綱大谷口１９２８－１" }, "geometry": { "type": "Point", "coordinates": [ 140.694221, 36.728785 ] } },
{ "type": "Feature", "properties": { "ID": 855500417, "正式名称": "株式会社くすりのマルト調剤薬局　わかば春日店", "機関区分": 5, "都道府県コード": 8, "市区町村コード": 214, "所在地": "茨城県高萩市春日町２－７７－１", "緯度": 36.716246, "経度": 140.716025, "url": "https://www.iryou.teikyouseido.mhlw.go.jp/znk-web/juminkanja/S2430/initialize?prefCd=08&kikanCd=5500417&kikanKbn=nan", "url2": null, "内容": "株式会社くすりのマルト調剤薬局　わかば春日店0茨城県高萩市春日町２－７７－１" }, "geometry": { "type": "Point", "coordinates": [ 140.716025, 36.716246 ] } },
{ "type": "Feature", "properties": { "ID": 855500418, "正式名称": "ウエルシア薬局高萩安良川南店", "機関区分": 5, "都道府県コード": 8, "市区町村コード": 214, "所在地": "茨城県高萩市大字安良川１８９番地１", "緯度": 36.70649, "経度": 140.709875, "url": "https://www.iryou.teikyouseido.mhlw.go.jp/znk-web/juminkanja/S2430/initialize?prefCd=08&kikanCd=5500418&kikanKbn=nan", "url2": "http://www.welcia-yakkyoku.co.jp/", "内容": "ウエルシア薬局高萩安良川南店0茨城県高萩市大字安良川１８９番地１" }, "geometry": { "type": "Point", "coordinates": [ 140.709875, 36.70649 ] } },
{ "type": "Feature", "properties": { "ID": 855500419, "正式名称": "おぎつ在宅薬局", "機関区分": 5, "都道府県コード": 8, "市区町村コード": 202, "所在地": "茨城県日立市小木津町１ー４－５金沢ビル１０２", "緯度": 36.636041, "経度": 140.674212, "url": "https://www.iryou.teikyouseido.mhlw.go.jp/znk-web/juminkanja/S2430/initialize?prefCd=08&kikanCd=5500419&kikanKbn=nan", "url2": null, "内容": "おぎつ在宅薬局0茨城県日立市小木津町１ー４－５金沢ビル１０２" }, "geometry": { "type": "Point", "coordinates": [ 140.674212, 36.636041 ] } },
{ "type": "Feature", "properties": { "ID": 855500421, "正式名称": "シン薬局", "機関区分": 5, "都道府県コード": 8, "市区町村コード": 202, "所在地": "茨城県日立市千石町２−１０１", "緯度": 36.553982, "経度": 140.626304, "url": "https://www.iryou.teikyouseido.mhlw.go.jp/znk-web/juminkanja/S2430/initialize?prefCd=08&kikanCd=5500421&kikanKbn=nan", "url2": "https://shin-medical.jp/business-2/", "内容": "シン薬局0茨城県日立市千石町２−１０１" }, "geometry": { "type": "Point", "coordinates": [ 140.626304, 36.553982 ] } },
{ "type": "Feature", "properties": { "ID": 855500431, "正式名称": "みすず薬局　日立さくら店", "機関区分": 5, "都道府県コード": 8, "市区町村コード": 202, "所在地": "茨城県日立市金沢町１－２－２９", "緯度": 36.546095, "経度": 140.623784, "url": "https://www.iryou.teikyouseido.mhlw.go.jp/znk-web/juminkanja/S2430/initialize?prefCd=08&kikanCd=5500431&kikanKbn=nan", "url2": "https://www.lifeaid-misuzu.co.jp/", "内容": "みすず薬局　日立さくら店0茨城県日立市金沢町１－２－２９" }, "geometry": { "type": "Point", "coordinates": [ 140.623784, 36.546095 ] } },
{ "type": "Feature", "properties": { "ID": 855700257, "正式名称": "そうごう薬局　神栖店", "機関区分": 5, "都道府県コード": 8, "市区町村コード": 232, "所在地": "茨城県神栖市賀２１０８－１５７", "緯度": 35.899174, "経度": 140.623156, "url": "https://www.iryou.teikyouseido.mhlw.go.jp/znk-web/juminkanja/S2430/initialize?prefCd=08&kikanCd=5700257&kikanKbn=nan", "url2": "https://www.sogo-pharmacy.jp/shop/view/877", "内容": "そうごう薬局　神栖店0茨城県神栖市賀２１０８－１５７" }, "geometry": { "type": "Point", "coordinates": [ 140.623156, 35.899174 ] } },
{ "type": "Feature", "properties": { "ID": 855700260, "正式名称": "かすみ薬局", "機関区分": 5, "都道府県コード": 8, "市区町村コード": 233, "所在地": "茨城県行方市井貝３５４", "緯度": 36.036783, "経度": 140.480939, "url": "https://www.iryou.teikyouseido.mhlw.go.jp/znk-web/juminkanja/S2430/initialize?prefCd=08&kikanCd=5700260&kikanKbn=nan", "url2": "https://epark.jp/shopinfo/ksr25769/", "内容": "かすみ薬局0茨城県行方市井貝３５４" }, "geometry": { "type": "Point", "coordinates": [ 140.480939, 36.036783 ] } },
{ "type": "Feature", "properties": { "ID": 855700262, "正式名称": "クスリのアオキ神向寺薬局", "機関区分": 5, "都道府県コード": 8, "市区町村コード": 222, "所在地": "茨城県鹿嶋市宮中４７８０番地", "緯度": 35.982072, "経度": 140.636918, "url": "https://www.iryou.teikyouseido.mhlw.go.jp/znk-web/juminkanja/S2430/initialize?prefCd=08&kikanCd=5700262&kikanKbn=nan", "url2": "https://www.kusuri-aoki.co.jp/", "内容": "クスリのアオキ神向寺薬局0茨城県鹿嶋市宮中４７８０番地" }, "geometry": { "type": "Point", "coordinates": [ 140.636918, 35.982072 ] } },
{ "type": "Feature", "properties": { "ID": 855700263, "正式名称": "とちの木薬局潮来店", "機関区分": 5, "都道府県コード": 8, "市区町村コード": 223, "所在地": "茨城県潮来市日の出８－１４－１９－１０２", "緯度": 35.934396, "経度": 140.563952, "url": "https://www.iryou.teikyouseido.mhlw.go.jp/znk-web/juminkanja/S2430/initialize?prefCd=08&kikanCd=5700263&kikanKbn=nan", "url2": "http://www.yakusen.co.jp/", "内容": "とちの木薬局潮来店0茨城県潮来市日の出８－１４－１９－１０２" }, "geometry": { "type": "Point", "coordinates": [ 140.563952, 35.934396 ] } },
{ "type": "Feature", "properties": { "ID": 855700264, "正式名称": "ウエルシア薬局鉾田舟木店", "機関区分": 5, "都道府県コード": 8, "市区町村コード": 234, "所在地": "茨城県鉾田市舟木１７１－１", "緯度": 36.214268, "経度": 140.4757, "url": "https://www.iryou.teikyouseido.mhlw.go.jp/znk-web/juminkanja/S2430/initialize?prefCd=08&kikanCd=5700264&kikanKbn=nan", "url2": "https://store.welcia.co.jp/welcia/spot/detail?code=6224D", "内容": "ウエルシア薬局鉾田舟木店0茨城県鉾田市舟木１７１－１" }, "geometry": { "type": "Point", "coordinates": [ 140.4757, 36.214268 ] } },
{ "type": "Feature", "properties": { "ID": 855700265, "正式名称": "まみ薬局神宮店", "機関区分": 5, "都道府県コード": 8, "市区町村コード": 222, "所在地": "茨城県鹿嶋市宮中１－２２１７－２", "緯度": 35.963276, "経度": 140.62885, "url": "https://www.iryou.teikyouseido.mhlw.go.jp/znk-web/juminkanja/S2430/initialize?prefCd=08&kikanCd=5700265&kikanKbn=nan", "url2": null, "内容": "まみ薬局神宮店0茨城県鹿嶋市宮中１－２２１７－２" }, "geometry": { "type": "Point", "coordinates": [ 140.62885, 35.963276 ] } },
{ "type": "Feature", "properties": { "ID": 855700266, "正式名称": "田辺薬局　潮来延方店", "機関区分": 5, "都道府県コード": 8, "市区町村コード": 223, "所在地": "茨城県潮来市宮前１丁目８－４", "緯度": 35.958576, "経度": 140.589792, "url": "https://www.iryou.teikyouseido.mhlw.go.jp/znk-web/juminkanja/S2430/initialize?prefCd=08&kikanCd=5700266&kikanKbn=nan", "url2": null, "内容": "田辺薬局　潮来延方店0茨城県潮来市宮前１丁目８－４" }, "geometry": { "type": "Point", "coordinates": [ 140.589792, 35.958576 ] } },
{ "type": "Feature", "properties": { "ID": 855700267, "正式名称": "まみ薬局城山店", "機関区分": 5, "都道府県コード": 8, "市区町村コード": 222, "所在地": "茨城県鹿嶋市城山４丁目１６２４－７", "緯度": 35.96976, "経度": 140.62126, "url": "https://www.iryou.teikyouseido.mhlw.go.jp/znk-web/juminkanja/S2430/initialize?prefCd=08&kikanCd=5700267&kikanKbn=nan", "url2": null, "内容": "まみ薬局城山店0茨城県鹿嶋市城山４丁目１６２４－７" }, "geometry": { "type": "Point", "coordinates": [ 140.62126, 35.96976 ] } },
{ "type": "Feature", "properties": { "ID": 855700268, "正式名称": "小江戸薬局", "機関区分": 5, "都道府県コード": 8, "市区町村コード": 222, "所在地": "茨城県鹿嶋市鉢形１５２６－３　サンポートかしま２Ｆ", "緯度": 35.965857, "経度": 140.646879, "url": "https://www.iryou.teikyouseido.mhlw.go.jp/znk-web/juminkanja/S2430/initialize?prefCd=08&kikanCd=5700268&kikanKbn=nan", "url2": "https://intron.co.jp/", "内容": "小江戸薬局0茨城県鹿嶋市鉢形１５２６－３　サンポートかしま２Ｆ" }, "geometry": { "type": "Point", "coordinates": [ 140.646879, 35.965857 ] } },
{ "type": "Feature", "properties": { "ID": 855700281, "正式名称": "クスリのアオキ鹿嶋宮中薬局", "機関区分": 5, "都道府県コード": 8, "市区町村コード": 222, "所在地": "茨城県鹿嶋市大字宮中２４８番地３", "緯度": 35.958162, "経度": 140.63861, "url": "https://www.iryou.teikyouseido.mhlw.go.jp/znk-web/juminkanja/S2430/initialize?prefCd=08&kikanCd=5700281&kikanKbn=nan", "url2": "https://www.kusuri-aoki.co.jp/", "内容": "クスリのアオキ鹿嶋宮中薬局0茨城県鹿嶋市大字宮中２４８番地３" }, "geometry": { "type": "Point", "coordinates": [ 140.63861, 35.958162 ] } },
{ "type": "Feature", "properties": { "ID": 855700282, "正式名称": "クスリのアオキ平泉東薬局", "機関区分": 5, "都道府県コード": 8, "市区町村コード": 232, "所在地": "茨城県神栖市平泉東三丁目１４番地３", "緯度": 35.90554, "経度": 140.645091, "url": "https://www.iryou.teikyouseido.mhlw.go.jp/znk-web/juminkanja/S2430/initialize?prefCd=08&kikanCd=5700282&kikanKbn=nan", "url2": "https://www.kusuri-aoki.co.jp/", "内容": "クスリのアオキ平泉東薬局0茨城県神栖市平泉東三丁目１４番地３" }, "geometry": { "type": "Point", "coordinates": [ 140.645091, 35.90554 ] } },
{ "type": "Feature", "properties": { "ID": 8558000553, "正式名称": "クスリのアオキ南中島薬局", "機関区分": 5, "都道府県コード": 8, "市区町村コード": 208, "所在地": "茨城県龍ケ崎市南中島町１１３番地１２", "緯度": 35.921667, "経度": 140.145692, "url": "https://www.iryou.teikyouseido.mhlw.go.jp/znk-web/juminkanja/S2430/initialize?prefCd=08&kikanCd=58000553&kikanKbn=nan", "url2": "https://www.kusuri-aoki.co.jp/", "内容": "クスリのアオキ南中島薬局0茨城県龍ケ崎市南中島町１１３番地１２" }, "geometry": { "type": "Point", "coordinates": [ 140.145692, 35.921667 ] } },
{ "type": "Feature", "properties": { "ID": 855800551, "正式名称": "うぐいす薬局", "機関区分": 5, "都道府県コード": 8, "市区町村コード": 219, "所在地": "茨城県牛久市ひたち野東２－２０－９", "緯度": 36.0045176, "経度": 140.1712778, "url": "https://www.iryou.teikyouseido.mhlw.go.jp/znk-web/juminkanja/S2430/initialize?prefCd=08&kikanCd=5800551&kikanKbn=nan", "url2": null, "内容": "うぐいす薬局0茨城県牛久市ひたち野東２－２０－９" }, "geometry": { "type": "Point", "coordinates": [ 140.171277800000013, 36.0045176 ] } },
{ "type": "Feature", "properties": { "ID": 855800554, "正式名称": "ウエルシア薬局取手藤代南店", "機関区分": 5, "都道府県コード": 8, "市区町村コード": 217, "所在地": "茨城県取手市藤代南二丁目１４番地１", "緯度": 35.915663, "経度": 140.120894, "url": "https://www.iryou.teikyouseido.mhlw.go.jp/znk-web/juminkanja/S2430/initialize?prefCd=08&kikanCd=5800554&kikanKbn=nan", "url2": "https://www.welcia-yakkyoku.co.jp/", "内容": "ウエルシア薬局取手藤代南店0茨城県取手市藤代南二丁目１４番地１" }, "geometry": { "type": "Point", "coordinates": [ 140.120894, 35.915663 ] } },
{ "type": "Feature", "properties": { "ID": 855800555, "正式名称": "たかしん薬局取手店", "機関区分": 5, "都道府県コード": 8, "市区町村コード": 217, "所在地": "茨城県取手市野々井１０５２－６", "緯度": 35.923792, "経度": 140.032603, "url": "https://www.iryou.teikyouseido.mhlw.go.jp/znk-web/juminkanja/S2430/initialize?prefCd=08&kikanCd=5800555&kikanKbn=nan", "url2": null, "内容": "たかしん薬局取手店0茨城県取手市野々井１０５２－６" }, "geometry": { "type": "Point", "coordinates": [ 140.032603, 35.923792 ] } },
{ "type": "Feature", "properties": { "ID": 855800558, "正式名称": "バンビ薬局　守谷店", "機関区分": 5, "都道府県コード": 8, "市区町村コード": 224, "所在地": "茨城県守谷市中央４ー１２ー１ＰＲＩＺＥ　ＭＯＲＩＹＡ　１ＦーＢ", "緯度": 35.949581, "経度": 139.991823, "url": "https://www.iryou.teikyouseido.mhlw.go.jp/znk-web/juminkanja/S2430/initialize?prefCd=08&kikanCd=5800558&kikanKbn=nan", "url2": "https://www.bambi-pharmacy.com/", "内容": "バンビ薬局　守谷店0茨城県守谷市中央４ー１２ー１ＰＲＩＺＥ　ＭＯＲＩＹＡ　１ＦーＢ" }, "geometry": { "type": "Point", "coordinates": [ 139.991823, 35.949581 ] } },
{ "type": "Feature", "properties": { "ID": 855800559, "正式名称": "薬局日本メディカルシステム　新守谷店", "機関区分": 5, "都道府県コード": 8, "市区町村コード": 224, "所在地": "茨城県守谷市久保ケ丘２－１－１", "緯度": 35.967826, "経度": 139.974412, "url": "https://www.iryou.teikyouseido.mhlw.go.jp/znk-web/juminkanja/S2430/initialize?prefCd=08&kikanCd=5800559&kikanKbn=nan", "url2": "https://www.jmsys.co.jp/", "内容": "薬局日本メディカルシステム　新守谷店0茨城県守谷市久保ケ丘２－１－１" }, "geometry": { "type": "Point", "coordinates": [ 139.974412, 35.967826 ] } },
{ "type": "Feature", "properties": { "ID": 855800560, "正式名称": "クスリのアオキ守谷みずき野薬局", "機関区分": 5, "都道府県コード": 8, "市区町村コード": 224, "所在地": "茨城県守谷市みずき野３９６０番地１", "緯度": 35.939802, "経度": 140.010359, "url": "https://www.iryou.teikyouseido.mhlw.go.jp/znk-web/juminkanja/S2430/initialize?prefCd=08&kikanCd=5800560&kikanKbn=nan", "url2": "https://www.kusuri-aoki.co.jp/", "内容": "クスリのアオキ守谷みずき野薬局0茨城県守谷市みずき野３９６０番地１" }, "geometry": { "type": "Point", "coordinates": [ 140.010359, 35.939802 ] } },
{ "type": "Feature", "properties": { "ID": 855800561, "正式名称": "カワチ薬局　牛久上柏田店", "機関区分": 5, "都道府県コード": 8, "市区町村コード": 219, "所在地": "茨城県牛久市上柏田４－２２－５", "緯度": 35.9854519, "経度": 140.1567575, "url": "https://www.iryou.teikyouseido.mhlw.go.jp/znk-web/juminkanja/S2430/initialize?prefCd=08&kikanCd=5800561&kikanKbn=nan", "url2": "http://www.cawachi.co.jp/", "内容": "カワチ薬局　牛久上柏田店0茨城県牛久市上柏田４－２２－５" }, "geometry": { "type": "Point", "coordinates": [ 140.1567575, 35.9854519 ] } },
{ "type": "Feature", "properties": { "ID": 855800565, "正式名称": "カワチ薬局　龍ケ崎光順田店", "機関区分": 5, "都道府県コード": 8, "市区町村コード": 208, "所在地": "茨城県龍ケ崎市光順田２８１３－２", "緯度": 35.906081, "経度": 140.195124, "url": "https://www.iryou.teikyouseido.mhlw.go.jp/znk-web/juminkanja/S2430/initialize?prefCd=08&kikanCd=5800565&kikanKbn=nan", "url2": "https://www.cawachi.co.jp/", "内容": "カワチ薬局　龍ケ崎光順田店0茨城県龍ケ崎市光順田２８１３－２" }, "geometry": { "type": "Point", "coordinates": [ 140.195124, 35.906081 ] } },
{ "type": "Feature", "properties": { "ID": 855800568, "正式名称": "ウエルシア薬局牛久栄町店", "機関区分": 5, "都道府県コード": 8, "市区町村コード": 219, "所在地": "茨城県牛久市栄町４－２", "緯度": 35.9851113, "経度": 140.15431, "url": "https://www.iryou.teikyouseido.mhlw.go.jp/znk-web/juminkanja/S2430/initialize?prefCd=08&kikanCd=5800568&kikanKbn=nan", "url2": "https://store.welcia.co.jp/welcia/spot/detail?code=1416D", "内容": "ウエルシア薬局牛久栄町店0茨城県牛久市栄町４－２" }, "geometry": { "type": "Point", "coordinates": [ 140.15431, 35.9851113 ] } },
{ "type": "Feature", "properties": { "ID": 855800570, "正式名称": "ウエルシア薬局取手青柳店", "機関区分": 5, "都道府県コード": 8, "市区町村コード": 217, "所在地": "茨城県取手市青柳３５６番地５　１Ｆ", "緯度": 35.892973, "経度": 140.08004, "url": "https://www.iryou.teikyouseido.mhlw.go.jp/znk-web/juminkanja/S2430/initialize?prefCd=08&kikanCd=5800570&kikanKbn=nan", "url2": "https://store.welcia.co.jp/welcia/spot/detail?code=1429D&category=01.02.06.12.18.20", "内容": "ウエルシア薬局取手青柳店0茨城県取手市青柳３５６番地５　１Ｆ" }, "geometry": { "type": "Point", "coordinates": [ 140.08004, 35.892973 ] } },
{ "type": "Feature", "properties": { "ID": 855800589, "正式名称": "もりの薬局　取手駅前店", "機関区分": 5, "都道府県コード": 8, "市区町村コード": 217, "所在地": "茨城県取手市新町２－６－４　雄貴ビル１階", "緯度": 35.897956, "経度": 140.063446, "url": "https://www.iryou.teikyouseido.mhlw.go.jp/znk-web/juminkanja/S2430/initialize?prefCd=08&kikanCd=5800589&kikanKbn=nan", "url2": "https://www.morino-pharma.jp/", "内容": "もりの薬局　取手駅前店0茨城県取手市新町２－６－４　雄貴ビル１階" }, "geometry": { "type": "Point", "coordinates": [ 140.063446, 35.897956 ] } },
{ "type": "Feature", "properties": { "ID": 855800591, "正式名称": "ＪＲＡファシリティーズ株式会社美浦薬局", "機関区分": 5, "都道府県コード": 8, "市区町村コード": 442, "所在地": "茨城県稲敷郡美浦村美駒２５００－２　美浦トレーニングセンター内", "緯度": 35.986855, "経度": 140.30885, "url": "https://www.iryou.teikyouseido.mhlw.go.jp/znk-web/juminkanja/S2430/initialize?prefCd=08&kikanCd=5800591&kikanKbn=nan", "url2": null, "内容": "ＪＲＡファシリティーズ株式会社美浦薬局0茨城県稲敷郡美浦村美駒２５００－２　美浦トレーニングセンター内" }, "geometry": { "type": "Point", "coordinates": [ 140.30885, 35.986855 ] } },
{ "type": "Feature", "properties": { "ID": 855800592, "正式名称": "サンドラッグフォレストモール取手調剤薬局", "機関区分": 5, "都道府県コード": 8, "市区町村コード": 217, "所在地": "茨城県取手市戸頭７ー７ー３　Ｂ棟", "緯度": 35.921527, "経度": 140.012697, "url": "https://www.iryou.teikyouseido.mhlw.go.jp/znk-web/juminkanja/S2430/initialize?prefCd=08&kikanCd=5800592&kikanKbn=nan", "url2": "https://sundrug-online.com/blogs/search-store/4958", "内容": "サンドラッグフォレストモール取手調剤薬局0茨城県取手市戸頭７ー７ー３　Ｂ棟" }, "geometry": { "type": "Point", "coordinates": [ 140.012697, 35.921527 ] } },
{ "type": "Feature", "properties": { "ID": 855800594, "正式名称": "サンドラッグ阿見薬局", "機関区分": 5, "都道府県コード": 8, "市区町村コード": 443, "所在地": "茨城県稲敷郡阿見町阿見２９５８", "緯度": 36.042354, "経度": 140.209718, "url": "https://www.iryou.teikyouseido.mhlw.go.jp/znk-web/juminkanja/S2430/initialize?prefCd=08&kikanCd=5800594&kikanKbn=nan", "url2": "https://sundrug-online.com/blogs/search-store/4903", "内容": "サンドラッグ阿見薬局0茨城県稲敷郡阿見町阿見２９５８" }, "geometry": { "type": "Point", "coordinates": [ 140.209718, 36.042354 ] } },
{ "type": "Feature", "properties": { "ID": 855800595, "正式名称": "サンドラッグ牛久南薬局", "機関区分": 5, "都道府県コード": 8, "市区町村コード": 219, "所在地": "茨城県牛久市南２ー１２ー７", "緯度": 35.97429, "経度": 140.150326, "url": "https://www.iryou.teikyouseido.mhlw.go.jp/znk-web/juminkanja/S2430/initialize?prefCd=08&kikanCd=5800595&kikanKbn=nan", "url2": "https://sundrug-online.com/blogs/search-store/4904", "内容": "サンドラッグ牛久南薬局0茨城県牛久市南２ー１２ー７" }, "geometry": { "type": "Point", "coordinates": [ 140.150326, 35.97429 ] } },
{ "type": "Feature", "properties": { "ID": 8559000442, "正式名称": "クスリのアオキ中神立薬局", "機関区分": 5, "都道府県コード": 8, "市区町村コード": 203, "所在地": "茨城県土浦市中神立町２６番地２３", "緯度": 36.118179, "経度": 140.23758, "url": "https://www.iryou.teikyouseido.mhlw.go.jp/znk-web/juminkanja/S2430/initialize?prefCd=08&kikanCd=59000442&kikanKbn=nan", "url2": "https://www.kusuri-aoki.co.jp/", "内容": "クスリのアオキ中神立薬局0茨城県土浦市中神立町２６番地２３" }, "geometry": { "type": "Point", "coordinates": [ 140.23758, 36.118179 ] } },
{ "type": "Feature", "properties": { "ID": 855900437, "正式名称": "調剤薬局ワイズ", "機関区分": 5, "都道府県コード": 8, "市区町村コード": 203, "所在地": "茨城県土浦市荒川沖西１－１６－２", "緯度": 36.034861, "経度": 140.16258, "url": "https://www.iryou.teikyouseido.mhlw.go.jp/znk-web/juminkanja/S2430/initialize?prefCd=08&kikanCd=5900437&kikanKbn=nan", "url2": null, "内容": "調剤薬局ワイズ0茨城県土浦市荒川沖西１－１６－２" }, "geometry": { "type": "Point", "coordinates": [ 140.16258, 36.034861 ] } },
{ "type": "Feature", "properties": { "ID": 855900439, "正式名称": "ウエルシア薬局石岡八郷店", "機関区分": 5, "都道府県コード": 8, "市区町村コード": 205, "所在地": "茨城県石岡市下林２７８", "緯度": 36.23141, "経度": 140.2201, "url": "https://www.iryou.teikyouseido.mhlw.go.jp/znk-web/juminkanja/S2430/initialize?prefCd=08&kikanCd=5900439&kikanKbn=nan", "url2": "https://store.welcia.co.jp/welcia/spot/detail?code=6164D", "内容": "ウエルシア薬局石岡八郷店0茨城県石岡市下林２７８" }, "geometry": { "type": "Point", "coordinates": [ 140.2201, 36.23141 ] } },
{ "type": "Feature", "properties": { "ID": 855900440, "正式名称": "フレンド薬局", "機関区分": 5, "都道府県コード": 8, "市区町村コード": 203, "所在地": "茨城県土浦市中村東２－１８－１", "緯度": 36.042537, "経度": 140.171789, "url": "https://www.iryou.teikyouseido.mhlw.go.jp/znk-web/juminkanja/S2430/initialize?prefCd=08&kikanCd=5900440&kikanKbn=nan", "url2": "https://www.friend-pharm.com/", "内容": "フレンド薬局0茨城県土浦市中村東２－１８－１" }, "geometry": { "type": "Point", "coordinates": [ 140.171789, 36.042537 ] } },
{ "type": "Feature", "properties": { "ID": 855900446, "正式名称": "ライフ薬局大町店", "機関区分": 5, "都道府県コード": 8, "市区町村コード": 203, "所在地": "茨城県土浦市大町７－２１", "緯度": 36.080461, "経度": 140.195341, "url": "https://www.iryou.teikyouseido.mhlw.go.jp/znk-web/juminkanja/S2430/initialize?prefCd=08&kikanCd=5900446&kikanKbn=nan", "url2": "https://www.life-pharmacy.jp", "内容": "ライフ薬局大町店0茨城県土浦市大町７－２１" }, "geometry": { "type": "Point", "coordinates": [ 140.195341, 36.080461 ] } },
{ "type": "Feature", "properties": { "ID": 856200290, "正式名称": "パルム薬局玉戸店", "機関区分": 5, "都道府県コード": 8, "市区町村コード": 227, "所在地": "茨城県筑西市玉戸１０６６－１２", "緯度": 36.295471, "経度": 139.944379, "url": "https://www.iryou.teikyouseido.mhlw.go.jp/znk-web/juminkanja/S2430/initialize?prefCd=08&kikanCd=6200290&kikanKbn=nan", "url2": null, "内容": "パルム薬局玉戸店0茨城県筑西市玉戸１０６６－１２" }, "geometry": { "type": "Point", "coordinates": [ 139.944379, 36.295471 ] } },
{ "type": "Feature", "properties": { "ID": 856200302, "正式名称": "クスリのアオキ明野薬局", "機関区分": 5, "都道府県コード": 8, "市区町村コード": 227, "所在地": "茨城県筑西市海老ケ島７８７番地３", "緯度": 36.248075, "経度": 140.042416, "url": "https://www.iryou.teikyouseido.mhlw.go.jp/znk-web/juminkanja/S2430/initialize?prefCd=08&kikanCd=6200302&kikanKbn=nan", "url2": "https://www.kusuri-aoki.co.jp/", "内容": "クスリのアオキ明野薬局0茨城県筑西市海老ケ島７８７番地３" }, "geometry": { "type": "Point", "coordinates": [ 140.042416, 36.248075 ] } },
{ "type": "Feature", "properties": { "ID": 856200304, "正式名称": "やまとや薬局磯山店", "機関区分": 5, "都道府県コード": 8, "市区町村コード": 227, "所在地": "茨城県筑西市木戸１２８５－２３", "緯度": 36.230906, "経度": 139.977483, "url": "https://www.iryou.teikyouseido.mhlw.go.jp/znk-web/juminkanja/S2430/initialize?prefCd=08&kikanCd=6200304&kikanKbn=nan", "url2": null, "内容": "やまとや薬局磯山店0茨城県筑西市木戸１２８５－２３" }, "geometry": { "type": "Point", "coordinates": [ 139.977483, 36.230906 ] } },
{ "type": "Feature", "properties": { "ID": 856200306, "正式名称": "協和調剤薬局　よのう支局", "機関区分": 5, "都道府県コード": 8, "市区町村コード": 227, "所在地": "茨城県筑西市榎生１－２－１１", "緯度": 36.297559, "経度": 139.982711, "url": "https://www.iryou.teikyouseido.mhlw.go.jp/znk-web/juminkanja/S2430/initialize?prefCd=08&kikanCd=6200306&kikanKbn=nan", "url2": "https://kyowa-hs.com", "内容": "協和調剤薬局　よのう支局0茨城県筑西市榎生１－２－１１" }, "geometry": { "type": "Point", "coordinates": [ 139.982711, 36.297559 ] } },
{ "type": "Feature", "properties": { "ID": 856200308, "正式名称": "マロニエ薬局シルク店", "機関区分": 5, "都道府県コード": 8, "市区町村コード": 207, "所在地": "茨城県結城市結城１１４２４－５", "緯度": 36.305365, "経度": 139.865684, "url": "https://www.iryou.teikyouseido.mhlw.go.jp/znk-web/juminkanja/S2430/initialize?prefCd=08&kikanCd=6200308&kikanKbn=nan", "url2": "http://star-corporation.com", "内容": "マロニエ薬局シルク店0茨城県結城市結城１１４２４－５" }, "geometry": { "type": "Point", "coordinates": [ 139.865684, 36.305365 ] } },
{ "type": "Feature", "properties": { "ID": 856200310, "正式名称": "クスリのアオキアクロス通り薬局", "機関区分": 5, "都道府県コード": 8, "市区町村コード": 207, "所在地": "茨城県結城市大字結城７０１３番地１", "緯度": 36.2903, "経度": 139.877974, "url": "https://www.iryou.teikyouseido.mhlw.go.jp/znk-web/juminkanja/S2430/initialize?prefCd=08&kikanCd=6200310&kikanKbn=nan", "url2": "https://www.kusuri-aoki.co.jp/", "内容": "クスリのアオキアクロス通り薬局0茨城県結城市大字結城７０１３番地１" }, "geometry": { "type": "Point", "coordinates": [ 139.877974, 36.2903 ] } },
{ "type": "Feature", "properties": { "ID": 856200311, "正式名称": "クスリのアオキ直井薬局", "機関区分": 5, "都道府県コード": 8, "市区町村コード": 227, "所在地": "茨城県筑西市直井１１６７番地", "緯度": 36.314532, "経度": 139.994907, "url": "https://www.iryou.teikyouseido.mhlw.go.jp/znk-web/juminkanja/S2430/initialize?prefCd=08&kikanCd=6200311&kikanKbn=nan", "url2": "https://www.kusuri-aoki.co.jp/", "内容": "クスリのアオキ直井薬局0茨城県筑西市直井１１６７番地" }, "geometry": { "type": "Point", "coordinates": [ 139.994907, 36.314532 ] } },
{ "type": "Feature", "properties": { "ID": 856500296, "正式名称": "このみ薬局", "機関区分": 5, "都道府県コード": 8, "市区町村コード": 204, "所在地": "茨城県古河市下辺見字宮向４８６－２", "緯度": 36.170828, "経度": 139.733116, "url": "https://www.iryou.teikyouseido.mhlw.go.jp/znk-web/juminkanja/S2430/initialize?prefCd=08&kikanCd=6500296&kikanKbn=nan", "url2": null, "内容": "このみ薬局0茨城県古河市下辺見字宮向４８６－２" }, "geometry": { "type": "Point", "coordinates": [ 139.733116, 36.170828 ] } },
{ "type": "Feature", "properties": { "ID": 856500303, "正式名称": "スミレ薬局ＥＳＴ", "機関区分": 5, "都道府県コード": 8, "市区町村コード": 204, "所在地": "茨城県古河市旭町１－１３－３４", "緯度": 36.198817, "経度": 139.723759, "url": "https://www.iryou.teikyouseido.mhlw.go.jp/znk-web/juminkanja/S2430/initialize?prefCd=08&kikanCd=6500303&kikanKbn=nan", "url2": "https://sumire-koga.com/est/", "内容": "スミレ薬局ＥＳＴ0茨城県古河市旭町１－１３－３４" }, "geometry": { "type": "Point", "coordinates": [ 139.723759, 36.198817 ] } },
{ "type": "Feature", "properties": { "ID": 856500304, "正式名称": "カワチ薬局　古河下辺見店", "機関区分": 5, "都道府県コード": 8, "市区町村コード": 204, "所在地": "茨城県古河市下辺見２４３２", "緯度": 36.175301, "経度": 139.730635, "url": "https://www.iryou.teikyouseido.mhlw.go.jp/znk-web/juminkanja/S2430/initialize?prefCd=08&kikanCd=6500304&kikanKbn=nan", "url2": "https://www.cawachi.co.jp", "内容": "カワチ薬局　古河下辺見店0茨城県古河市下辺見２４３２" }, "geometry": { "type": "Point", "coordinates": [ 139.730635, 36.175301 ] } },
{ "type": "Feature", "properties": { "ID": 856500306, "正式名称": "クスリのアオキおなぬま薬局", "機関区分": 5, "都道府県コード": 8, "市区町村コード": 204, "所在地": "茨城県古河市女沼１６４７番地１", "緯度": 36.182115, "経度": 139.737661, "url": "https://www.iryou.teikyouseido.mhlw.go.jp/znk-web/juminkanja/S2430/initialize?prefCd=08&kikanCd=6500306&kikanKbn=nan", "url2": "https://www.kusuri-aoki.co.jp/", "内容": "クスリのアオキおなぬま薬局0茨城県古河市女沼１６４７番地１" }, "geometry": { "type": "Point", "coordinates": [ 139.737661, 36.182115 ] } },
{ "type": "Feature", "properties": { "ID": 856500310, "正式名称": "プライム薬局古河釈迦店", "機関区分": 5, "都道府県コード": 8, "市区町村コード": 204, "所在地": "茨城県古河市釈迦２７８－１", "緯度": 36.148563, "経度": 139.75502, "url": "https://www.iryou.teikyouseido.mhlw.go.jp/znk-web/juminkanja/S2430/initialize?prefCd=08&kikanCd=6500310&kikanKbn=nan", "url2": null, "内容": "プライム薬局古河釈迦店0茨城県古河市釈迦２７８－１" }, "geometry": { "type": "Point", "coordinates": [ 139.75502, 36.148563 ] } },
{ "type": "Feature", "properties": { "ID": 856500312, "正式名称": "イオン薬局古河店", "機関区分": 5, "都道府県コード": 8, "市区町村コード": 204, "所在地": "茨城県古河市旭町１ー２ー１７", "緯度": 36.196787, "経度": 139.720385, "url": "https://www.iryou.teikyouseido.mhlw.go.jp/znk-web/juminkanja/S2430/initialize?prefCd=08&kikanCd=6500312&kikanKbn=nan", "url2": "https://www.aeonretail.jp/syohousen/search.html?prefecture=%E8%8C%A8%E5%9F%8E%E7%9C%8C&city=%E5%8F%A4%E6%B2%B3%E5%B8%82", "内容": "イオン薬局古河店0茨城県古河市旭町１ー２ー１７" }, "geometry": { "type": "Point", "coordinates": [ 139.720385, 36.196787 ] } },
{ "type": "Feature", "properties": { "ID": 856500314, "正式名称": "クスリのアオキ関戸薬局", "機関区分": 5, "都道府県コード": 8, "市区町村コード": 204, "所在地": "茨城県古河市関戸１７３７番地１", "緯度": 36.189809, "経度": 139.750146, "url": "https://www.iryou.teikyouseido.mhlw.go.jp/znk-web/juminkanja/S2430/initialize?prefCd=08&kikanCd=6500314&kikanKbn=nan", "url2": "https://www.kusuri-aoki.co.jp/", "内容": "クスリのアオキ関戸薬局0茨城県古河市関戸１７３７番地１" }, "geometry": { "type": "Point", "coordinates": [ 139.750146, 36.189809 ] } },
{ "type": "Feature", "properties": { "ID": 856900400, "正式名称": "すず薬局　絹の台店", "機関区分": 5, "都道府県コード": 8, "市区町村コード": 235, "所在地": "茨城県つくばみらい市絹の台３－２２－７", "緯度": 35.978811, "経度": 139.976031, "url": "https://www.iryou.teikyouseido.mhlw.go.jp/znk-web/juminkanja/S2430/initialize?prefCd=08&kikanCd=6900400&kikanKbn=nan", "url2": "http://pharmacy-suzu.com", "内容": "すず薬局　絹の台店0茨城県つくばみらい市絹の台３－２２－７" }, "geometry": { "type": "Point", "coordinates": [ 139.976031, 35.978811 ] } },
{ "type": "Feature", "properties": { "ID": 856900402, "正式名称": "クスリのアオキ水海道諏訪薬局", "機関区分": 5, "都道府県コード": 8, "市区町村コード": 211, "所在地": "茨城県常総市水海道諏訪町３２４９番地４", "緯度": 36.02341, "経度": 139.992703, "url": "https://www.iryou.teikyouseido.mhlw.go.jp/znk-web/juminkanja/S2430/initialize?prefCd=08&kikanCd=6900402&kikanKbn=nan", "url2": "https://www.kusuri-aoki.co.jp/", "内容": "クスリのアオキ水海道諏訪薬局0茨城県常総市水海道諏訪町３２４９番地４" }, "geometry": { "type": "Point", "coordinates": [ 139.992703, 36.02341 ] } },
{ "type": "Feature", "properties": { "ID": 856900403, "正式名称": "クスリのアオキ二の宮薬局", "機関区分": 5, "都道府県コード": 8, "市区町村コード": 220, "所在地": "茨城県つくば市二の宮３丁目１５番地７", "緯度": 36.065852, "経度": 140.117098, "url": "https://www.iryou.teikyouseido.mhlw.go.jp/znk-web/juminkanja/S2430/initialize?prefCd=08&kikanCd=6900403&kikanKbn=nan", "url2": "https://www.kusuri-aoki.co.jp/", "内容": "クスリのアオキ二の宮薬局0茨城県つくば市二の宮３丁目１５番地７" }, "geometry": { "type": "Point", "coordinates": [ 140.117098, 36.065852 ] } },
{ "type": "Feature", "properties": { "ID": 856900405, "正式名称": "あいず薬局本店", "機関区分": 5, "都道府県コード": 8, "市区町村コード": 220, "所在地": "茨城県つくば市大角豆２０１１－５５", "緯度": 36.067314, "経度": 140.1496, "url": "https://www.iryou.teikyouseido.mhlw.go.jp/znk-web/juminkanja/S2430/initialize?prefCd=08&kikanCd=6900405&kikanKbn=nan", "url2": null, "内容": "あいず薬局本店0茨城県つくば市大角豆２０１１－５５" }, "geometry": { "type": "Point", "coordinates": [ 140.1496, 36.067314 ] } },
{ "type": "Feature", "properties": { "ID": 856900408, "正式名称": "ライズ薬局", "機関区分": 5, "都道府県コード": 8, "市区町村コード": 211, "所在地": "茨城県常総市新石下３４８４", "緯度": 36.117631, "経度": 139.976211, "url": "https://www.iryou.teikyouseido.mhlw.go.jp/znk-web/juminkanja/S2430/initialize?prefCd=08&kikanCd=6900408&kikanKbn=nan", "url2": null, "内容": "ライズ薬局0茨城県常総市新石下３４８４" }, "geometry": { "type": "Point", "coordinates": [ 139.976211, 36.117631 ] } },
{ "type": "Feature", "properties": { "ID": 856900409, "正式名称": "ウエルシア薬局つくば小茎店", "機関区分": 5, "都道府県コード": 8, "市区町村コード": 220, "所在地": "茨城県つくば市小茎２８８", "緯度": 35.987142, "経度": 140.11633, "url": "https://www.iryou.teikyouseido.mhlw.go.jp/znk-web/juminkanja/S2430/initialize?prefCd=08&kikanCd=6900409&kikanKbn=nan", "url2": "https://store.welcia.co.jp/welcia/spot/detail?code=1415D", "内容": "ウエルシア薬局つくば小茎店0茨城県つくば市小茎２８８" }, "geometry": { "type": "Point", "coordinates": [ 140.11633, 35.987142 ] } },
{ "type": "Feature", "properties": { "ID": 856900411, "正式名称": "アサヒ薬局つくば店", "機関区分": 5, "都道府県コード": 8, "市区町村コード": 220, "所在地": "茨城県つくば市西平塚１０５－１", "緯度": 36.094957, "経度": 140.094544, "url": "https://www.iryou.teikyouseido.mhlw.go.jp/znk-web/juminkanja/S2430/initialize?prefCd=08&kikanCd=6900411&kikanKbn=nan", "url2": null, "内容": "アサヒ薬局つくば店0茨城県つくば市西平塚１０５－１" }, "geometry": { "type": "Point", "coordinates": [ 140.094544, 36.094957 ] } },
{ "type": "Feature", "properties": { "ID": 856900412, "正式名称": "いしやま薬局", "機関区分": 5, "都道府県コード": 8, "市区町村コード": 220, "所在地": "茨城県つくば市妻木６３６－２", "緯度": 36.092457, "経度": 140.1129, "url": "https://www.iryou.teikyouseido.mhlw.go.jp/znk-web/juminkanja/S2430/initialize?prefCd=08&kikanCd=6900412&kikanKbn=nan", "url2": "https://lovinson-ph.com/", "内容": "いしやま薬局0茨城県つくば市妻木６３６－２" }, "geometry": { "type": "Point", "coordinates": [ 140.1129, 36.092457 ] } },
{ "type": "Feature", "properties": { "ID": 856900413, "正式名称": "ウエルシア薬局つくば陣場店", "機関区分": 5, "都道府県コード": 8, "市区町村コード": 220, "所在地": "茨城県つくば市谷田部８７２（陣場Ｇ１７街区１）", "緯度": 36.036878, "経度": 140.062804, "url": "https://www.iryou.teikyouseido.mhlw.go.jp/znk-web/juminkanja/S2430/initialize?prefCd=08&kikanCd=6900413&kikanKbn=nan", "url2": "http://www.welcia-kanto.jp", "内容": "ウエルシア薬局つくば陣場店0茨城県つくば市谷田部８７２（陣場Ｇ１７街区１）" }, "geometry": { "type": "Point", "coordinates": [ 140.062804, 36.036878 ] } },
{ "type": "Feature", "properties": { "ID": 856900418, "正式名称": "プライム薬局　つくば高見原店", "機関区分": 5, "都道府県コード": 8, "市区町村コード": 220, "所在地": "茨城県つくば市高見原１－２－５３", "緯度": 35.987809, "経度": 140.13911, "url": "https://www.iryou.teikyouseido.mhlw.go.jp/znk-web/juminkanja/S2430/initialize?prefCd=08&kikanCd=6900418&kikanKbn=nan", "url2": "http://www.prime-ph.co.jp/shop/tsukubatakamihara/", "内容": "プライム薬局　つくば高見原店0茨城県つくば市高見原１－２－５３" }, "geometry": { "type": "Point", "coordinates": [ 140.13911, 35.987809 ] } },
{ "type": "Feature", "properties": { "ID": 856900419, "正式名称": "うえのむろ薬局", "機関区分": 5, "都道府県コード": 8, "市区町村コード": 220, "所在地": "茨城県つくば市上ノ室２２２２－６", "緯度": 36.083215, "経度": 140.13059, "url": "https://www.iryou.teikyouseido.mhlw.go.jp/znk-web/juminkanja/S2430/initialize?prefCd=08&kikanCd=6900419&kikanKbn=nan", "url2": "https://www.inmyheart01.com", "内容": "うえのむろ薬局0茨城県つくば市上ノ室２２２２－６" }, "geometry": { "type": "Point", "coordinates": [ 140.13059, 36.083215 ] } },
{ "type": "Feature", "properties": { "ID": 856900421, "正式名称": "カワチ薬局　つくば並木店", "機関区分": 5, "都道府県コード": 8, "市区町村コード": 220, "所在地": "茨城県つくば市並木４－２－２", "緯度": 36.06394, "経度": 140.143822, "url": "https://www.iryou.teikyouseido.mhlw.go.jp/znk-web/juminkanja/S2430/initialize?prefCd=08&kikanCd=6900421&kikanKbn=nan", "url2": "http://www.cawachi.co.jp/", "内容": "カワチ薬局　つくば並木店0茨城県つくば市並木４－２－２" }, "geometry": { "type": "Point", "coordinates": [ 140.143822, 36.06394 ] } },
{ "type": "Feature", "properties": { "ID": 856900425, "正式名称": "今川薬局つくば東平塚店", "機関区分": 5, "都道府県コード": 8, "市区町村コード": 220, "所在地": "茨城県つくば市東平塚７１３ー１", "緯度": 36.096118, "経度": 140.095226, "url": "https://www.iryou.teikyouseido.mhlw.go.jp/znk-web/juminkanja/S2430/initialize?prefCd=08&kikanCd=6900425&kikanKbn=nan", "url2": "http://www.imagawa-ph.jp/", "内容": "今川薬局つくば東平塚店0茨城県つくば市東平塚７１３ー１" }, "geometry": { "type": "Point", "coordinates": [ 140.095226, 36.096118 ] } },
{ "type": "Feature", "properties": { "ID": 856900426, "正式名称": "クリエイト薬局フォルテつくば店", "機関区分": 5, "都道府県コード": 8, "市区町村コード": 220, "所在地": "茨城県つくば市小野崎２７８－６", "緯度": 36.074479, "経度": 140.101876, "url": "https://www.iryou.teikyouseido.mhlw.go.jp/znk-web/juminkanja/S2430/initialize?prefCd=08&kikanCd=6900426&kikanKbn=nan", "url2": null, "内容": "クリエイト薬局フォルテつくば店0茨城県つくば市小野崎２７８－６" }, "geometry": { "type": "Point", "coordinates": [ 140.101876, 36.074479 ] } },
{ "type": "Feature", "properties": { "ID": 856900427, "正式名称": "さんさん薬局　つくばみらい店", "機関区分": 5, "都道府県コード": 8, "市区町村コード": 235, "所在地": "茨城県つくばみらい市南太田４９６−１", "緯度": 35.971395, "経度": 140.059066, "url": "https://www.iryou.teikyouseido.mhlw.go.jp/znk-web/juminkanja/S2430/initialize?prefCd=08&kikanCd=6900427&kikanKbn=nan", "url2": "https://sunsunpharmacy.com/pharmacy/tsukubamirai.php", "内容": "さんさん薬局　つくばみらい店0茨城県つくばみらい市南太田４９６−１" }, "geometry": { "type": "Point", "coordinates": [ 140.059066, 35.971395 ] } },
{ "type": "Feature", "properties": { "ID": 857000169, "正式名称": "城山薬局", "機関区分": 5, "都道府県コード": 8, "市区町村コード": 221, "所在地": "茨城県ひたちなか市津田２８０２－７", "緯度": 36.407109, "経度": 140.491074, "url": "https://www.iryou.teikyouseido.mhlw.go.jp/znk-web/juminkanja/S2430/initialize?prefCd=08&kikanCd=7000169&kikanKbn=nan", "url2": null, "内容": "城山薬局0茨城県ひたちなか市津田２８０２－７" }, "geometry": { "type": "Point", "coordinates": [ 140.491074, 36.407109 ] } },
{ "type": "Feature", "properties": { "ID": 857000314, "正式名称": "漢方のハセガワ薬局", "機関区分": 5, "都道府県コード": 8, "市区町村コード": 225, "所在地": "茨城県常陸大宮市抽ケ台町８７０－３３", "緯度": 36.547722, "経度": 140.405122, "url": "https://www.iryou.teikyouseido.mhlw.go.jp/znk-web/juminkanja/S2430/initialize?prefCd=08&kikanCd=7000314&kikanKbn=nan", "url2": "https://kampo-hasegawaya.com/", "内容": "漢方のハセガワ薬局0茨城県常陸大宮市抽ケ台町８７０－３３" }, "geometry": { "type": "Point", "coordinates": [ 140.405122, 36.547722 ] } },
{ "type": "Feature", "properties": { "ID": 857000325, "正式名称": "リブラ薬局　ひたちなか店", "機関区分": 5, "都道府県コード": 8, "市区町村コード": 221, "所在地": "茨城県ひたちなか市田彦１６６４－１", "緯度": 36.408397, "経度": 140.516396, "url": "https://www.iryou.teikyouseido.mhlw.go.jp/znk-web/juminkanja/S2430/initialize?prefCd=08&kikanCd=7000325&kikanKbn=nan", "url2": "https://www.libra-pharma.com/", "内容": "リブラ薬局　ひたちなか店0茨城県ひたちなか市田彦１６６４－１" }, "geometry": { "type": "Point", "coordinates": [ 140.516396, 36.408397 ] } },
{ "type": "Feature", "properties": { "ID": 857000332, "正式名称": "ファーマライズ薬局　常陸大宮店", "機関区分": 5, "都道府県コード": 8, "市区町村コード": 225, "所在地": "茨城県常陸大宮市北町１１２番地", "緯度": 36.551811, "経度": 140.413957, "url": "https://www.iryou.teikyouseido.mhlw.go.jp/znk-web/juminkanja/S2430/initialize?prefCd=08&kikanCd=7000332&kikanKbn=nan", "url2": "https://www.pharmarise.com/company/store/store.php?store_id=288", "内容": "ファーマライズ薬局　常陸大宮店0茨城県常陸大宮市北町１１２番地" }, "geometry": { "type": "Point", "coordinates": [ 140.413957, 36.551811 ] } },
{ "type": "Feature", "properties": { "ID": 857000343, "正式名称": "イーグルファーマ薬局　むらまつ", "機関区分": 5, "都道府県コード": 8, "市区町村コード": 341, "所在地": "茨城県那珂郡東海村村松３７４－５", "緯度": 36.462369, "経度": 140.585179, "url": "https://www.iryou.teikyouseido.mhlw.go.jp/znk-web/juminkanja/S2430/initialize?prefCd=08&kikanCd=7000343&kikanKbn=nan", "url2": null, "内容": "イーグルファーマ薬局　むらまつ0茨城県那珂郡東海村村松３７４－５" }, "geometry": { "type": "Point", "coordinates": [ 140.585179, 36.462369 ] } },
{ "type": "Feature", "properties": { "ID": 857000348, "正式名称": "クスリのアオキ東石川薬局", "機関区分": 5, "都道府県コード": 8, "市区町村コード": 221, "所在地": "茨城県ひたちなか市東石川３５２４番地５", "緯度": 36.411126, "経度": 140.524365, "url": "https://www.iryou.teikyouseido.mhlw.go.jp/znk-web/juminkanja/S2430/initialize?prefCd=08&kikanCd=7000348&kikanKbn=nan", "url2": "https://www.kusuri-aoki.co.jp/", "内容": "クスリのアオキ東石川薬局0茨城県ひたちなか市東石川３５２４番地５" }, "geometry": { "type": "Point", "coordinates": [ 140.524365, 36.411126 ] } },
{ "type": "Feature", "properties": { "ID": 857000351, "正式名称": "東富町薬局", "機関区分": 5, "都道府県コード": 8, "市区町村コード": 225, "所在地": "茨城県常陸大宮市東富町４６６－２", "緯度": 36.556385, "経度": 140.40883, "url": "https://www.iryou.teikyouseido.mhlw.go.jp/znk-web/juminkanja/S2430/initialize?prefCd=08&kikanCd=7000351&kikanKbn=nan", "url2": null, "内容": "東富町薬局0茨城県常陸大宮市東富町４６６－２" }, "geometry": { "type": "Point", "coordinates": [ 140.40883, 36.556385 ] } },
{ "type": "Feature", "properties": { "ID": 857000364, "正式名称": "あまのがわ薬局", "機関区分": 5, "都道府県コード": 8, "市区町村コード": 341, "所在地": "茨城県那珂郡東海村東海２－７－１９", "緯度": 36.471877, "経度": 140.567277, "url": "https://www.iryou.teikyouseido.mhlw.go.jp/znk-web/juminkanja/S2430/initialize?prefCd=08&kikanCd=7000364&kikanKbn=nan", "url2": "https://amanogawa-pharmacy.com/", "内容": "あまのがわ薬局0茨城県那珂郡東海村東海２－７－１９" }, "geometry": { "type": "Point", "coordinates": [ 140.567277, 36.471877 ] } },
{ "type": "Feature", "properties": { "ID": 857000377, "正式名称": "あすぴお薬局額田南郷店", "機関区分": 5, "都道府県コード": 8, "市区町村コード": 226, "所在地": "茨城県那珂市額田南郷８８０番地１", "緯度": 36.486317, "経度": 140.51897, "url": "https://www.iryou.teikyouseido.mhlw.go.jp/znk-web/juminkanja/S2430/initialize?prefCd=08&kikanCd=7000377&kikanKbn=nan", "url2": null, "内容": "あすぴお薬局額田南郷店0茨城県那珂市額田南郷８８０番地１" }, "geometry": { "type": "Point", "coordinates": [ 140.51897, 36.486317 ] } },
{ "type": "Feature", "properties": { "ID": 857000379, "正式名称": "カワチ薬局　ひたちなか馬渡店", "機関区分": 5, "都道府県コード": 8, "市区町村コード": 221, "所在地": "茨城県ひたちなか市馬渡２８９８－１", "緯度": 36.405974, "経度": 140.55983, "url": "https://www.iryou.teikyouseido.mhlw.go.jp/znk-web/juminkanja/S2430/initialize?prefCd=08&kikanCd=7000379&kikanKbn=nan", "url2": "https://www.cawachi.co.jp/", "内容": "カワチ薬局　ひたちなか馬渡店0茨城県ひたちなか市馬渡２８９８－１" }, "geometry": { "type": "Point", "coordinates": [ 140.55983, 36.405974 ] } },
{ "type": "Feature", "properties": { "ID": 857000383, "正式名称": "那珂中央薬局", "機関区分": 5, "都道府県コード": 8, "市区町村コード": 226, "所在地": "茨城県那珂市菅谷５４９７－１", "緯度": 36.45817, "経度": 140.498199, "url": "https://www.iryou.teikyouseido.mhlw.go.jp/znk-web/juminkanja/S2430/initialize?prefCd=08&kikanCd=7000383&kikanKbn=nan", "url2": "https://www.ayumichozai.jp/", "内容": "那珂中央薬局0茨城県那珂市菅谷５４９７－１" }, "geometry": { "type": "Point", "coordinates": [ 140.498199, 36.45817 ] } },
{ "type": "Feature", "properties": { "ID": 857000385, "正式名称": "ウエルシア薬局ひたちなか稲田店", "機関区分": 5, "都道府県コード": 8, "市区町村コード": 221, "所在地": "茨城県ひたちなか市大字稲田３３１番地２", "緯度": 36.434488, "経度": 140.528432, "url": "https://www.iryou.teikyouseido.mhlw.go.jp/znk-web/juminkanja/S2430/initialize?prefCd=08&kikanCd=7000385&kikanKbn=nan", "url2": "https://www.welcia-yakkyoku.co.jp/", "内容": "ウエルシア薬局ひたちなか稲田店0茨城県ひたちなか市大字稲田３３１番地２" }, "geometry": { "type": "Point", "coordinates": [ 140.528432, 36.434488 ] } }
]
}
