{
"type": "FeatureCollection",
"name": "geo_08_居宅介護支援",
"crs": { "type": "name", "properties": { "name": "urn:ogc:def:crs:OGC:1.3:CRS84" } },
"features": [
{ "type": "Feature", "properties": { "内容": "ケアプランえびさわ居宅介護支援センター【居宅介護支援】水戸市元吉田町７０７－１", "url2": "https://www.kaigokensaku.mhlw.go.jp/08/index.php?action_kouhyou_detail_004_kani=true&JigyosyoCd=0870100062-00&ServiceCd=430&Type=search" }, "geometry": { "type": "Point", "coordinates": [ 140.476582399999984, 36.3544069 ] } },
{ "type": "Feature", "properties": { "内容": "株式会社　ケアコーポレーションみのわ【居宅介護支援】水戸市千波町727-1石川ビル１04", "url2": "https://www.kaigokensaku.mhlw.go.jp/08/index.php?action_kouhyou_detail_004_kani=true&JigyosyoCd=0870102837-00&ServiceCd=430&Type=search" }, "geometry": { "type": "Point", "coordinates": [ 140.467749799999979, 36.3673253 ] } },
{ "type": "Feature", "properties": { "内容": "居宅介護支援事業所はぎの郷【居宅介護支援】茨城県水戸市酒門町２９４６－３", "url2": "https://www.kaigokensaku.mhlw.go.jp/08/index.php?action_kouhyou_detail_004_kani=true&JigyosyoCd=0870103629-00&ServiceCd=430&Type=search" }, "geometry": { "type": "Point", "coordinates": [ 140.497658499999943, 36.3411199 ] } },
{ "type": "Feature", "properties": { "内容": "指定居宅介護支援事業所桜香【居宅介護支援】千波町４７８番地の３", "url2": "https://www.kaigokensaku.mhlw.go.jp/08/index.php?action_kouhyou_detail_004_kani=true&JigyosyoCd=0870104346-00&ServiceCd=430&Type=search" }, "geometry": { "type": "Point", "coordinates": [ 140.45111739999993, 36.362617 ] } },
{ "type": "Feature", "properties": { "内容": "居宅介護支援事業所　あかね【居宅介護支援】茨城県水戸市島田町３４０３－１", "url2": "https://www.kaigokensaku.mhlw.go.jp/08/index.php?action_kouhyou_detail_004_kani=true&JigyosyoCd=0870105681-00&ServiceCd=430&Type=search" }, "geometry": { "type": "Point", "coordinates": [ 140.556214700000027, 36.3239186 ] } },
{ "type": "Feature", "properties": { "内容": "居宅介護支援事業所　寿佳【居宅介護支援】茨城県水戸市吉沢町830", "url2": "https://www.kaigokensaku.mhlw.go.jp/08/index.php?action_kouhyou_detail_004_kani=true&JigyosyoCd=0870106101-00&ServiceCd=430&Type=search" }, "geometry": { "type": "Point", "coordinates": [ 140.4682527, 36.3388088 ] } },
{ "type": "Feature", "properties": { "内容": "フォレストヴィラ水戸居宅介護支援事業所【居宅介護支援】水戸市全隈町１２５６－７", "url2": "https://www.kaigokensaku.mhlw.go.jp/08/index.php?action_kouhyou_detail_004_kani=true&JigyosyoCd=0870100195-00&ServiceCd=430&Type=search" }, "geometry": { "type": "Point", "coordinates": [ 140.387796900000012, 36.4211669 ] } },
{ "type": "Feature", "properties": { "内容": "やまぶき居宅介護支援事業所【居宅介護支援】水戸市新原１丁目１２番１０号", "url2": "https://www.kaigokensaku.mhlw.go.jp/08/index.php?action_kouhyou_detail_004_kani=true&JigyosyoCd=0870101359-00&ServiceCd=430&Type=search" }, "geometry": { "type": "Point", "coordinates": [ 140.434550699999988, 36.3917524 ] } },
{ "type": "Feature", "properties": { "内容": "居宅介護支援事業所　ヘルサ【居宅介護支援】茨城県水戸市米沢町82番地3トータルケアサービス　ヘルサ", "url2": "https://www.kaigokensaku.mhlw.go.jp/08/index.php?action_kouhyou_detail_004_kani=true&JigyosyoCd=0870102514-00&ServiceCd=430&Type=search" }, "geometry": { "type": "Point", "coordinates": [ 140.459081500000025, 36.3354037 ] } },
{ "type": "Feature", "properties": { "内容": "居宅介護支援事業所渡里の里【居宅介護支援】茨城県水戸市渡里町285-1", "url2": "https://www.kaigokensaku.mhlw.go.jp/08/index.php?action_kouhyou_detail_004_kani=true&JigyosyoCd=0870105640-00&ServiceCd=430&Type=search" }, "geometry": { "type": "Point", "coordinates": [ 140.4507643, 36.4034996 ] } },
{ "type": "Feature", "properties": { "内容": "居宅介護支援事業所　介護サポートセンター水戸【居宅介護支援】茨城県水戸市中丸町２９３番地の３", "url2": "https://www.kaigokensaku.mhlw.go.jp/08/index.php?action_kouhyou_detail_004_kani=true&JigyosyoCd=0870106093-00&ServiceCd=430&Type=search" }, "geometry": { "type": "Point", "coordinates": [ 140.408028899999977, 36.3869516 ] } },
{ "type": "Feature", "properties": { "内容": "介護支援相談センターよつば【居宅介護支援】米沢町248-3", "url2": "https://www.kaigokensaku.mhlw.go.jp/08/index.php?action_kouhyou_detail_004_kani=true&JigyosyoCd=0870105285-00&ServiceCd=430&Type=search" }, "geometry": { "type": "Point", "coordinates": [ 140.460717017413316, 36.342179943010393 ] } },
{ "type": "Feature", "properties": { "内容": "ケアプランセンター安住野【居宅介護支援】茨城県水戸市笠原町645-1", "url2": "https://www.kaigokensaku.mhlw.go.jp/08/index.php?action_kouhyou_detail_004_kani=true&JigyosyoCd=0870106705-00&ServiceCd=430&Type=search" }, "geometry": { "type": "Point", "coordinates": [ 140.4551859, 36.3419308 ] } },
{ "type": "Feature", "properties": { "内容": "株式会社ケアファクトリー【居宅介護支援】茨城県水戸市見和１－２９８－７", "url2": "https://www.kaigokensaku.mhlw.go.jp/08/index.php?action_kouhyou_detail_004_kani=true&JigyosyoCd=0870100039-00&ServiceCd=430&Type=search" }, "geometry": { "type": "Point", "coordinates": [ 140.43601, 36.3767871 ] } },
{ "type": "Feature", "properties": { "内容": "居宅介護支援事業所　ゆめサポート【居宅介護支援】茨城県水戸市河和田3-2337-3河和田ホームズ111", "url2": "https://www.kaigokensaku.mhlw.go.jp/08/index.php?action_kouhyou_detail_004_kani=true&JigyosyoCd=0870106739-00&ServiceCd=430&Type=search" }, "geometry": { "type": "Point", "coordinates": [ 140.415101519705672, 36.370283813796817 ] } },
{ "type": "Feature", "properties": { "内容": "ケアレジデンス百合が丘居宅介護支援事業所【居宅介護支援】茨城県水戸市東原3-2-11", "url2": "https://www.kaigokensaku.mhlw.go.jp/08/index.php?action_kouhyou_detail_004_kani=true&JigyosyoCd=0870104502-00&ServiceCd=430&Type=search" }, "geometry": { "type": "Point", "coordinates": [ 140.4482181, 36.387029 ] } },
{ "type": "Feature", "properties": { "内容": "もみやま居宅介護支援事業所【居宅介護支援】酒門町3158特別養護老人ホーム　欅俱楽部", "url2": "https://www.kaigokensaku.mhlw.go.jp/08/index.php?action_kouhyou_detail_004_kani=true&JigyosyoCd=0870105806-00&ServiceCd=430&Type=search" }, "geometry": { "type": "Point", "coordinates": [ 140.486335970391792, 36.340448055961517 ] } },
{ "type": "Feature", "properties": { "内容": "ニチイケアセンター上水戸【居宅介護支援】茨城県水戸市上水戸4-6-45", "url2": "https://www.kaigokensaku.mhlw.go.jp/08/index.php?action_kouhyou_detail_004_kani=true&JigyosyoCd=0870100682-00&ServiceCd=430&Type=search" }, "geometry": { "type": "Point", "coordinates": [ 140.444392200000038, 36.3919443 ] } },
{ "type": "Feature", "properties": { "内容": "介護支援センター緑岡【居宅介護支援】茨城県水戸市見川町1820-17", "url2": "https://www.kaigokensaku.mhlw.go.jp/08/index.php?action_kouhyou_detail_004_kani=true&JigyosyoCd=0870100187-00&ServiceCd=430&Type=search" }, "geometry": { "type": "Point", "coordinates": [ 140.435796292590339, 36.357192703327193 ] } },
{ "type": "Feature", "properties": { "内容": "ケアセンター　まこと【居宅介護支援】水戸市百合が丘町814-477介護老人保健施設　ひまわり水戸内", "url2": "https://www.kaigokensaku.mhlw.go.jp/08/index.php?action_kouhyou_detail_004_kani=true&JigyosyoCd=0870102134-00&ServiceCd=430&Type=search" }, "geometry": { "type": "Point", "coordinates": [ 140.507803304785199, 36.351177565418709 ] } },
{ "type": "Feature", "properties": { "内容": "ケアサービスいこま【居宅介護支援】茨城県水戸市笠原町1429-2", "url2": "https://www.kaigokensaku.mhlw.go.jp/08/index.php?action_kouhyou_detail_004_kani=true&JigyosyoCd=0870102845-00&ServiceCd=430&Type=search" }, "geometry": { "type": "Point", "coordinates": [ 140.437852600000042, 36.3416917 ] } },
{ "type": "Feature", "properties": { "内容": "居宅介護支援事業所　リヴサポート泉【居宅介護支援】大工町2丁目2-11高橋第2ビル501", "url2": "https://www.kaigokensaku.mhlw.go.jp/08/index.php?action_kouhyou_detail_004_kani=true&JigyosyoCd=0870105707-00&ServiceCd=430&Type=search" }, "geometry": { "type": "Point", "coordinates": [ 140.457028595700848, 36.3812151 ] } },
{ "type": "Feature", "properties": { "内容": "指定居宅介護支援事業所　てんしん【居宅介護支援】茨城県水戸市内原町817番地の３", "url2": "https://www.kaigokensaku.mhlw.go.jp/08/index.php?action_kouhyou_detail_004_kani=true&JigyosyoCd=0870106564-00&ServiceCd=430&Type=search" }, "geometry": { "type": "Point", "coordinates": [ 140.3545744, 36.3692288 ] } },
{ "type": "Feature", "properties": { "内容": "アクティブハートさかど居宅介護支援事業所【居宅介護支援】茨城県水戸市酒門町字西割４３９０番", "url2": "https://www.kaigokensaku.mhlw.go.jp/08/index.php?action_kouhyou_detail_004_kani=true&JigyosyoCd=0870101276-00&ServiceCd=430&Type=search" }, "geometry": { "type": "Point", "coordinates": [ 140.4718666, 36.3298517 ] } },
{ "type": "Feature", "properties": { "内容": "指定居宅介護支援事業所かたくりの郷【居宅介護支援】茨城県水戸市双葉台2-1OHANA　COURT　1号棟1F", "url2": "https://www.kaigokensaku.mhlw.go.jp/08/index.php?action_kouhyou_detail_004_kani=true&JigyosyoCd=0870106937-00&ServiceCd=430&Type=search" }, "geometry": { "type": "Point", "coordinates": [ 140.396755399999989, 36.3935441 ] } },
{ "type": "Feature", "properties": { "内容": "居宅介護支援事業所　コンフォルト緑岡【居宅介護支援】茨城県水戸市笠原町1361-2", "url2": "https://www.kaigokensaku.mhlw.go.jp/08/index.php?action_kouhyou_detail_004_kani=true&JigyosyoCd=0870106945-00&ServiceCd=430&Type=search" }, "geometry": { "type": "Point", "coordinates": [ 140.4497579, 36.3521431 ] } },
{ "type": "Feature", "properties": { "内容": "居宅介護支援事業所　「ハート24」　水戸事業所【居宅介護支援】茨城県水戸市開江町7番", "url2": "https://www.kaigokensaku.mhlw.go.jp/08/index.php?action_kouhyou_detail_004_kani=true&JigyosyoCd=0870100591-00&ServiceCd=430&Type=search" }, "geometry": { "type": "Point", "coordinates": [ 140.390375170500192, 36.395092774031319 ] } },
{ "type": "Feature", "properties": { "内容": "ロイエル商会居宅介護支援事業所【居宅介護支援】茨城県水戸市平須町1828-254", "url2": "https://www.kaigokensaku.mhlw.go.jp/08/index.php?action_kouhyou_detail_004_kani=true&JigyosyoCd=0870101185-00&ServiceCd=430&Type=search" }, "geometry": { "type": "Point", "coordinates": [ 140.440863799999988, 36.332143 ] } },
{ "type": "Feature", "properties": { "内容": "あいわケアマネジメントセンター【居宅介護支援】茨城県水戸市元吉田町１５９６－１", "url2": "https://www.kaigokensaku.mhlw.go.jp/08/index.php?action_kouhyou_detail_004_kani=true&JigyosyoCd=0870103827-00&ServiceCd=430&Type=search" }, "geometry": { "type": "Point", "coordinates": [ 140.479104499999949, 36.3507796 ] } },
{ "type": "Feature", "properties": { "内容": "在宅介護サービスまごの手【居宅介護支援】水戸市本町3-2-26", "url2": "https://www.kaigokensaku.mhlw.go.jp/08/index.php?action_kouhyou_detail_004_kani=true&JigyosyoCd=0870103611-00&ServiceCd=430&Type=search" }, "geometry": { "type": "Point", "coordinates": [ 140.493489299999965, 36.3656799 ] } },
{ "type": "Feature", "properties": { "内容": "介護支援事業所　ふたりしずか【居宅介護支援】茨城県水戸市石川4丁目4039-26", "url2": "https://www.kaigokensaku.mhlw.go.jp/08/index.php?action_kouhyou_detail_004_kani=true&JigyosyoCd=0870100138-00&ServiceCd=430&Type=search" }, "geometry": { "type": "Point", "coordinates": [ 140.423304842258432, 36.390835147832199 ] } },
{ "type": "Feature", "properties": { "内容": "水戸ケアセンターそよ風【居宅介護支援】水戸市　見和　1-298-9", "url2": "https://www.kaigokensaku.mhlw.go.jp/08/index.php?action_kouhyou_detail_004_kani=true&JigyosyoCd=0870101623-00&ServiceCd=430&Type=search" }, "geometry": { "type": "Point", "coordinates": [ 140.4357822, 36.3771516 ] } },
{ "type": "Feature", "properties": { "内容": "社会福祉法人　尚生会　指定居宅介護支援事業所　グリーンハウスみと【居宅介護支援】茨城県　水戸市　塩崎町　３５０３", "url2": "https://www.kaigokensaku.mhlw.go.jp/08/index.php?action_kouhyou_detail_004_kani=true&JigyosyoCd=0870101961-00&ServiceCd=430&Type=search" }, "geometry": { "type": "Point", "coordinates": [ 140.552381299999979, 36.3377609 ] } },
{ "type": "Feature", "properties": { "内容": "居宅介護支援センター　長生園【居宅介護支援】茨城県水戸市堀町1185番地", "url2": "https://www.kaigokensaku.mhlw.go.jp/08/index.php?action_kouhyou_detail_004_kani=true&JigyosyoCd=0870102043-00&ServiceCd=430&Type=search" }, "geometry": { "type": "Point", "coordinates": [ 140.42850136756897, 36.400205923405935 ] } },
{ "type": "Feature", "properties": { "内容": "居宅介護支援事業所　桜川陽だまり館【居宅介護支援】水戸市河和田町58", "url2": "https://www.kaigokensaku.mhlw.go.jp/08/index.php?action_kouhyou_detail_004_kani=true&JigyosyoCd=0870103082-00&ServiceCd=430&Type=search" }, "geometry": { "type": "Point", "coordinates": [ 140.4273167, 36.36740180000001 ] } },
{ "type": "Feature", "properties": { "内容": "ケアプランセンター「こころ」【居宅介護支援】水戸市渡里町2694-15フォレスト・K　101号", "url2": "https://www.kaigokensaku.mhlw.go.jp/08/index.php?action_kouhyou_detail_004_kani=true&JigyosyoCd=0870103249-00&ServiceCd=430&Type=search" }, "geometry": { "type": "Point", "coordinates": [ 140.433303900000027, 36.4039535 ] } },
{ "type": "Feature", "properties": { "内容": "居宅介護支援事業所山水苑千波【居宅介護支援】茨城県水戸市千波町2331-１", "url2": "https://www.kaigokensaku.mhlw.go.jp/08/index.php?action_kouhyou_detail_004_kani=true&JigyosyoCd=0870106234-00&ServiceCd=430&Type=search" }, "geometry": { "type": "Point", "coordinates": [ 140.446554900000024, 36.355419 ] } },
{ "type": "Feature", "properties": { "内容": "いばらき診療所みとケアプランセンター【居宅介護支援】茨城県水戸市五軒町１丁目３－３４第一会計ビル", "url2": "https://www.kaigokensaku.mhlw.go.jp/08/index.php?action_kouhyou_detail_004_kani=true&JigyosyoCd=0870106317-00&ServiceCd=430&Type=search" }, "geometry": { "type": "Point", "coordinates": [ 140.4678969, 36.3801125 ] } },
{ "type": "Feature", "properties": { "内容": "みと東部居宅介護支援事業所【居宅介護支援】茨城県水戸市酒門町1177番地3", "url2": "https://www.kaigokensaku.mhlw.go.jp/08/index.php?action_kouhyou_detail_004_kani=true&JigyosyoCd=0870106325-00&ServiceCd=430&Type=search" }, "geometry": { "type": "Point", "coordinates": [ 140.43308295102176, 36.318415337161277 ] } },
{ "type": "Feature", "properties": { "内容": "もみじ館介護相談センター【居宅介護支援】茨城県水戸市鯉淵町2222-1", "url2": "https://www.kaigokensaku.mhlw.go.jp/08/index.php?action_kouhyou_detail_004_kani=true&JigyosyoCd=0873100119-00&ServiceCd=430&Type=search" }, "geometry": { "type": "Point", "coordinates": [ 140.368519099999958, 36.356902 ] } },
{ "type": "Feature", "properties": { "内容": "城南居宅介護支援事業所【居宅介護支援】茨城県水戸市城南3丁目15-7生協会館3階", "url2": "https://www.kaigokensaku.mhlw.go.jp/08/index.php?action_kouhyou_detail_004_kani=true&JigyosyoCd=0870100153-00&ServiceCd=430&Type=search" }, "geometry": { "type": "Point", "coordinates": [ 140.482855104754663, 36.364351120521363 ] } },
{ "type": "Feature", "properties": { "内容": "水戸市医師会　介護保険センターみと【居宅介護支援】茨城県水戸市見川町2131-6", "url2": "https://www.kaigokensaku.mhlw.go.jp/08/index.php?action_kouhyou_detail_004_kani=true&JigyosyoCd=0870100096-00&ServiceCd=430&Type=search" }, "geometry": { "type": "Point", "coordinates": [ 140.426529222228964, 36.364949105379822 ] } },
{ "type": "Feature", "properties": { "内容": "指定居宅介護支援事業所　くるみ館【居宅介護支援】茨城県水戸市河和田町3335-1", "url2": "https://www.kaigokensaku.mhlw.go.jp/08/index.php?action_kouhyou_detail_004_kani=true&JigyosyoCd=0870102381-00&ServiceCd=430&Type=search" }, "geometry": { "type": "Point", "coordinates": [ 140.402246699999978, 36.3672261 ] } },
{ "type": "Feature", "properties": { "内容": "指定居宅介護支援事業所　つまさと【居宅介護支援】茨城県水戸市有賀町2228", "url2": "https://www.kaigokensaku.mhlw.go.jp/08/index.php?action_kouhyou_detail_004_kani=true&JigyosyoCd=0873100184-00&ServiceCd=430&Type=search" }, "geometry": { "type": "Point", "coordinates": [ 140.363063199999942, 36.3823183 ] } },
{ "type": "Feature", "properties": { "内容": "ユーアイケアプラン【居宅介護支援】水戸市吉沼町1429-12", "url2": "https://www.kaigokensaku.mhlw.go.jp/08/index.php?action_kouhyou_detail_004_kani=true&JigyosyoCd=0870102399-00&ServiceCd=430&Type=search" }, "geometry": { "type": "Point", "coordinates": [ 140.5163401, 36.3632159 ] } },
{ "type": "Feature", "properties": { "内容": "居宅介護支援事業所　みがわ【居宅介護支援】茨城県　水戸市　見川町２１３１－１０５", "url2": "https://www.kaigokensaku.mhlw.go.jp/08/index.php?action_kouhyou_detail_004_kani=true&JigyosyoCd=0870102217-00&ServiceCd=430&Type=search" }, "geometry": { "type": "Point", "coordinates": [ 140.425706, 36.358442 ] } },
{ "type": "Feature", "properties": { "内容": "居宅介護支援センター　紫雲【居宅介護支援】茨城県水戸市内原1丁目969-21garentworks103w号室", "url2": "https://www.kaigokensaku.mhlw.go.jp/08/index.php?action_kouhyou_detail_004_kani=true&JigyosyoCd=0870105699-00&ServiceCd=430&Type=search" }, "geometry": { "type": "Point", "coordinates": [ 140.350834500000019, 36.3711811 ] } },
{ "type": "Feature", "properties": { "内容": "聖孝園南町居宅介護支援センター【居宅介護支援】茨城県水戸市南町3-4-2愛孝会ビル", "url2": "https://www.kaigokensaku.mhlw.go.jp/08/index.php?action_kouhyou_detail_004_kani=true&JigyosyoCd=0870106820-00&ServiceCd=430&Type=search" }, "geometry": { "type": "Point", "coordinates": [ 140.469305100000014, 36.3767651 ] } },
{ "type": "Feature", "properties": { "内容": "水戸ケアプランセンター【居宅介護支援】西原2-12-7中央オートビル２階", "url2": "https://www.kaigokensaku.mhlw.go.jp/08/index.php?action_kouhyou_detail_004_kani=true&JigyosyoCd=0870105384-00&ServiceCd=430&Type=search" }, "geometry": { "type": "Point", "coordinates": [ 140.447068899999977, 36.3816934 ] } },
{ "type": "Feature", "properties": { "内容": "ウエルシア介護サービス水戸【居宅介護支援】茨城県水戸市百合が丘町8番３", "url2": "https://www.kaigokensaku.mhlw.go.jp/08/index.php?action_kouhyou_detail_004_kani=true&JigyosyoCd=0870100278-00&ServiceCd=430&Type=search" }, "geometry": { "type": "Point", "coordinates": [ 140.5040024, 36.3428755 ] } },
{ "type": "Feature", "properties": { "内容": "セントケア水戸【居宅介護支援】茨城県水戸市城南3-16-16アシスト城南ビル202", "url2": "https://www.kaigokensaku.mhlw.go.jp/08/index.php?action_kouhyou_detail_004_kani=true&JigyosyoCd=0870103116-00&ServiceCd=430&Type=search" }, "geometry": { "type": "Point", "coordinates": [ 140.4840687, 36.3643816 ] } },
{ "type": "Feature", "properties": { "内容": "ウエルシア介護サービス水戸渡里【居宅介護支援】茨城県水戸市渡里町2556‐3シャンテドミールD棟　101号", "url2": "https://www.kaigokensaku.mhlw.go.jp/08/index.php?action_kouhyou_detail_004_kani=true&JigyosyoCd=0870104833-00&ServiceCd=430&Type=search" }, "geometry": { "type": "Point", "coordinates": [ 140.4390606, 36.4049 ] } },
{ "type": "Feature", "properties": { "内容": "ケアコンダクト【居宅介護支援】茨城県水戸市河和田町1110-1有料老人ホームはしかべ", "url2": "https://www.kaigokensaku.mhlw.go.jp/08/index.php?action_kouhyou_detail_004_kani=true&JigyosyoCd=0870104916-00&ServiceCd=430&Type=search" }, "geometry": { "type": "Point", "coordinates": [ 140.408250399999986, 36.3659267 ] } },
{ "type": "Feature", "properties": { "内容": "ツクイ・サンフォレスト水戸【居宅介護支援】茨城県水戸市中央2-6-32", "url2": "https://www.kaigokensaku.mhlw.go.jp/08/index.php?action_kouhyou_detail_004_kani=true&JigyosyoCd=0870105368-00&ServiceCd=430&Type=search" }, "geometry": { "type": "Point", "coordinates": [ 140.470088800000013, 36.3671881 ] } },
{ "type": "Feature", "properties": { "内容": "居宅介護支援センター　ひなた【居宅介護支援】茨城県水戸市酒門町48874階", "url2": "https://www.kaigokensaku.mhlw.go.jp/08/index.php?action_kouhyou_detail_004_kani=true&JigyosyoCd=0870106887-00&ServiceCd=430&Type=search" }, "geometry": { "type": "Point", "coordinates": [ 140.4951811, 36.3596671 ] } },
{ "type": "Feature", "properties": { "内容": "フロイデみと総合ケアプランセンター【居宅介護支援】水戸市堀町９６７－１", "url2": "https://www.kaigokensaku.mhlw.go.jp/08/index.php?action_kouhyou_detail_004_kani=true&JigyosyoCd=0870103660-00&ServiceCd=430&Type=search" }, "geometry": { "type": "Point", "coordinates": [ 140.433643499999988, 36.402979500000015 ] } },
{ "type": "Feature", "properties": { "内容": "居宅介護支援センター河和田【居宅介護支援】茨城県水戸市河和田3-2352－24", "url2": "https://www.kaigokensaku.mhlw.go.jp/08/index.php?action_kouhyou_detail_004_kani=true&JigyosyoCd=0870103272-00&ServiceCd=430&Type=search" }, "geometry": { "type": "Point", "coordinates": [ 140.407601600000021, 36.3735477 ] } },
{ "type": "Feature", "properties": { "内容": "居宅介護支援事業所ケアサイン【居宅介護支援】堀町1932番地の5", "url2": "https://www.kaigokensaku.mhlw.go.jp/08/index.php?action_kouhyou_detail_004_kani=true&JigyosyoCd=0870105947-00&ServiceCd=430&Type=search" }, "geometry": { "type": "Point", "coordinates": [ 140.42429089999996, 36.4006478 ] } },
{ "type": "Feature", "properties": { "内容": "指定居宅介護支援事業所かたくり【居宅介護支援】茨城県水戸市河和田町4510-1", "url2": "https://www.kaigokensaku.mhlw.go.jp/08/index.php?action_kouhyou_detail_004_kani=true&JigyosyoCd=0870100021-00&ServiceCd=430&Type=search" }, "geometry": { "type": "Point", "coordinates": [ 140.39304530000004, 36.3480926 ] } },
{ "type": "Feature", "properties": { "内容": "指定居宅介護支援センター　もくせい【居宅介護支援】茨城県水戸市東原三丁目2-7", "url2": "https://www.kaigokensaku.mhlw.go.jp/08/index.php?action_kouhyou_detail_004_kani=true&JigyosyoCd=0870103322-00&ServiceCd=430&Type=search" }, "geometry": { "type": "Point", "coordinates": [ 140.4473499, 36.3863006 ] } },
{ "type": "Feature", "properties": { "内容": "居宅介護支援事業所いっしん水戸【居宅介護支援】茨城県水戸市河和田3-2337-12", "url2": "https://www.kaigokensaku.mhlw.go.jp/08/index.php?action_kouhyou_detail_004_kani=true&JigyosyoCd=0870103579-00&ServiceCd=430&Type=search" }, "geometry": { "type": "Point", "coordinates": [ 140.405489093362434, 36.374259862539631 ] } },
{ "type": "Feature", "properties": { "内容": "ケアプラン　ヘルパーコール【居宅介護支援】茨城県水戸市笠原町1375-1", "url2": "https://www.kaigokensaku.mhlw.go.jp/08/index.php?action_kouhyou_detail_004_kani=true&JigyosyoCd=0870100047-00&ServiceCd=430&Type=search" }, "geometry": { "type": "Point", "coordinates": [ 140.448781481080232, 36.353209446402523 ] } },
{ "type": "Feature", "properties": { "内容": "指定居宅介護支援事業所けやき【居宅介護支援】水戸市酒門町4231-2", "url2": "https://www.kaigokensaku.mhlw.go.jp/08/index.php?action_kouhyou_detail_004_kani=true&JigyosyoCd=0870100146-00&ServiceCd=430&Type=search" }, "geometry": { "type": "Point", "coordinates": [ 140.48368210000001, 36.3335068 ] } },
{ "type": "Feature", "properties": { "内容": "ライフピア居宅介護支援事業所【居宅介護支援】水戸市青柳町３７９６番地", "url2": "https://www.kaigokensaku.mhlw.go.jp/08/index.php?action_kouhyou_detail_004_kani=true&JigyosyoCd=0870100203-00&ServiceCd=430&Type=search" }, "geometry": { "type": "Point", "coordinates": [ 140.477884099999983, 36.3984414 ] } },
{ "type": "Feature", "properties": { "内容": "コープケアプランセンター【居宅介護支援】茨城県水戸市赤塚1-2029-121", "url2": "https://www.kaigokensaku.mhlw.go.jp/08/index.php?action_kouhyou_detail_004_kani=true&JigyosyoCd=0870101680-00&ServiceCd=430&Type=search" }, "geometry": { "type": "Point", "coordinates": [ 140.414178399999969, 36.3854714 ] } },
{ "type": "Feature", "properties": { "内容": "指定居宅介護支援センター　はなみずき【居宅介護支援】東原3-2-8", "url2": "https://www.kaigokensaku.mhlw.go.jp/08/index.php?action_kouhyou_detail_004_kani=true&JigyosyoCd=0870104270-00&ServiceCd=430&Type=search" }, "geometry": { "type": "Point", "coordinates": [ 140.446761599999974, 36.3862421 ] } },
{ "type": "Feature", "properties": { "内容": "ケアプランセンター　ボランチ【居宅介護支援】見和1-390-4鳥久アパート２０１号室", "url2": "https://www.kaigokensaku.mhlw.go.jp/08/index.php?action_kouhyou_detail_004_kani=true&JigyosyoCd=0870104759-00&ServiceCd=430&Type=search" }, "geometry": { "type": "Point", "coordinates": [ 140.442567700000041, 36.3793232 ] } },
{ "type": "Feature", "properties": { "内容": "ケアプランセンターネクスト【居宅介護支援】茨城県水戸市見川町2563-1218", "url2": "https://www.kaigokensaku.mhlw.go.jp/08/index.php?action_kouhyou_detail_004_kani=true&JigyosyoCd=0870106663-00&ServiceCd=430&Type=search" }, "geometry": { "type": "Point", "coordinates": [ 140.437317769375255, 36.356576479466277 ] } },
{ "type": "Feature", "properties": { "内容": "居宅介護支援事業所　水戸の家【居宅介護支援】茨城県水戸市堀町2317-1", "url2": "https://www.kaigokensaku.mhlw.go.jp/08/index.php?action_kouhyou_detail_004_kani=true&JigyosyoCd=0870106903-00&ServiceCd=430&Type=search" }, "geometry": { "type": "Point", "coordinates": [ 140.4174466, 36.3951968 ] } },
{ "type": "Feature", "properties": { "内容": "居宅介護支援事業所　東野の家【居宅介護支援】水戸市東野町215-1", "url2": "https://www.kaigokensaku.mhlw.go.jp/08/index.php?action_kouhyou_detail_004_kani=true&JigyosyoCd=0870103645-00&ServiceCd=430&Type=search" }, "geometry": { "type": "Point", "coordinates": [ 140.451952300000016, 36.3227496 ] } },
{ "type": "Feature", "properties": { "内容": "友立舎居宅介護支援事業所【居宅介護支援】茨城県水戸市千波町１８２５－５", "url2": "https://www.kaigokensaku.mhlw.go.jp/08/index.php?action_kouhyou_detail_004_kani=true&JigyosyoCd=0870104866-00&ServiceCd=430&Type=search" }, "geometry": { "type": "Point", "coordinates": [ 140.448179, 36.3573981 ] } },
{ "type": "Feature", "properties": { "内容": "聖孝園千波居宅介護支援センター【居宅介護支援】茨城県水戸市千波町254-1", "url2": "https://www.kaigokensaku.mhlw.go.jp/08/index.php?action_kouhyou_detail_004_kani=true&JigyosyoCd=0870106135-00&ServiceCd=430&Type=search" }, "geometry": { "type": "Point", "coordinates": [ 140.46301040000003, 36.3638531 ] } },
{ "type": "Feature", "properties": { "内容": "居宅介護支援事業所　祐功の館【居宅介護支援】茨城県水戸市飯島町1308番1", "url2": "https://www.kaigokensaku.mhlw.go.jp/08/index.php?action_kouhyou_detail_004_kani=true&JigyosyoCd=0870105624-00&ServiceCd=430&Type=search" }, "geometry": { "type": "Point", "coordinates": [ 140.3913033, 36.3666981 ] } },
{ "type": "Feature", "properties": { "内容": "居宅介護支援事業所フレンドリー【居宅介護支援】茨城県水戸市見和2丁目215-11", "url2": "https://www.kaigokensaku.mhlw.go.jp/08/index.php?action_kouhyou_detail_004_kani=true&JigyosyoCd=0870105186-00&ServiceCd=430&Type=search" }, "geometry": { "type": "Point", "coordinates": [ 140.4298671, 36.3765179 ] } },
{ "type": "Feature", "properties": { "内容": "居宅介護支援事業所ゆうゆう【居宅介護支援】茨城県水戸市成沢町446-34", "url2": "https://www.kaigokensaku.mhlw.go.jp/08/index.php?action_kouhyou_detail_004_kani=true&JigyosyoCd=0870106481-00&ServiceCd=430&Type=search" }, "geometry": { "type": "Point", "coordinates": [ 140.402413101852346, 36.434072623829074 ] } },
{ "type": "Feature", "properties": { "内容": "医療法人　青藍会　居宅介護支援事業所みずき【居宅介護支援】茨城県水戸市酒門町268-1", "url2": "https://www.kaigokensaku.mhlw.go.jp/08/index.php?action_kouhyou_detail_004_kani=true&JigyosyoCd=0870106580-00&ServiceCd=430&Type=search" }, "geometry": { "type": "Point", "coordinates": [ 140.492249008459453, 36.352898949226152 ] } },
{ "type": "Feature", "properties": { "内容": "指定居宅介護支援センター・オオモリ【居宅介護支援】茨城県水戸市元吉田町1604-5", "url2": "https://www.kaigokensaku.mhlw.go.jp/08/index.php?action_kouhyou_detail_004_kani=true&JigyosyoCd=0870100997-00&ServiceCd=430&Type=search" }, "geometry": { "type": "Point", "coordinates": [ 140.4796686, 36.3519993 ] } },
{ "type": "Feature", "properties": { "内容": "ツクイ水戸【居宅介護支援】水戸市五軒町3-3-45", "url2": "https://www.kaigokensaku.mhlw.go.jp/08/index.php?action_kouhyou_detail_004_kani=true&JigyosyoCd=0870100336-00&ServiceCd=430&Type=search" }, "geometry": { "type": "Point", "coordinates": [ 140.461696599999982, 36.3838538 ] } },
{ "type": "Feature", "properties": { "内容": "ケアサポート渋井【居宅介護支援】渋井町527-2", "url2": "https://www.kaigokensaku.mhlw.go.jp/08/index.php?action_kouhyou_detail_004_kani=true&JigyosyoCd=0870106440-00&ServiceCd=430&Type=search" }, "geometry": { "type": "Point", "coordinates": [ 140.504631422090142, 36.366610844481599 ] } },
{ "type": "Feature", "properties": { "内容": "水戸市社会福祉協議会在宅福祉サービスセンター【居宅介護支援】茨城県水戸市河和田町123-1", "url2": "https://www.kaigokensaku.mhlw.go.jp/08/index.php?action_kouhyou_detail_004_kani=true&JigyosyoCd=0870100070-00&ServiceCd=430&Type=search" }, "geometry": { "type": "Point", "coordinates": [ 140.422878441096799, 36.365068551139665 ] } },
{ "type": "Feature", "properties": { "内容": "北水会居宅介護支援事業所【居宅介護支援】河和田町3003-1アシステッドヴィラかわわだ", "url2": "https://www.kaigokensaku.mhlw.go.jp/08/index.php?action_kouhyou_detail_004_kani=true&JigyosyoCd=0870106028-00&ServiceCd=430&Type=search" }, "geometry": { "type": "Point", "coordinates": [ 140.4130939, 36.3697003 ] } },
{ "type": "Feature", "properties": { "内容": "ケアプランセンターたくみ【居宅介護支援】茨城県水戸市大工町3丁目1番29号", "url2": "https://www.kaigokensaku.mhlw.go.jp/08/index.php?action_kouhyou_detail_004_kani=true&JigyosyoCd=0870106549-00&ServiceCd=430&Type=search" }, "geometry": { "type": "Point", "coordinates": [ 140.486487600000032, 36.367678 ] } },
{ "type": "Feature", "properties": { "内容": "介護支援センターつむぎ【居宅介護支援】茨城県水戸市千波町2431-1", "url2": "https://www.kaigokensaku.mhlw.go.jp/08/index.php?action_kouhyou_detail_004_kani=true&JigyosyoCd=0870107240-00&ServiceCd=430&Type=search" }, "geometry": { "type": "Point", "coordinates": [ 140.450666424606311, 36.363274871224405 ] } },
{ "type": "Feature", "properties": { "内容": "居宅介護支援センターまるまる【居宅介護支援】茨城県水戸市松が丘1丁目4-50パインヒルズ101", "url2": "https://www.kaigokensaku.mhlw.go.jp/08/index.php?action_kouhyou_detail_004_kani=true&JigyosyoCd=0870107141-00&ServiceCd=430&Type=search" }, "geometry": { "type": "Point", "coordinates": [ 140.437124971163939, 36.387261969077919 ] } },
{ "type": "Feature", "properties": { "内容": "聖愛園元吉田居宅介護支援センター【居宅介護支援】茨城県水戸市元吉田町894-16", "url2": "https://www.kaigokensaku.mhlw.go.jp/08/index.php?action_kouhyou_detail_004_kani=true&JigyosyoCd=0870104098-00&ServiceCd=430&Type=search" }, "geometry": { "type": "Point", "coordinates": [ 140.474388200000021, 36.3515212 ] } },
{ "type": "Feature", "properties": { "内容": "ひたちの森クラブ【居宅介護支援】茨城県日立市小木津町1967番地", "url2": "https://www.kaigokensaku.mhlw.go.jp/08/index.php?action_kouhyou_detail_004_kani=true&JigyosyoCd=0870200458-00&ServiceCd=430&Type=search" }, "geometry": { "type": "Point", "coordinates": [ 140.689100913898301, 36.644212810599761 ] } },
{ "type": "Feature", "properties": { "内容": "ケアプランセンター　かけはし【居宅介護支援】日立市田尻町3－44－22", "url2": "https://www.kaigokensaku.mhlw.go.jp/08/index.php?action_kouhyou_detail_004_kani=true&JigyosyoCd=0870202587-00&ServiceCd=430&Type=search" }, "geometry": { "type": "Point", "coordinates": [ 140.670863809786937, 36.624955194602073 ] } },
{ "type": "Feature", "properties": { "内容": "ひたちの森クラブハピネス【居宅介護支援】茨城県日立市十王町伊師725-1", "url2": "https://www.kaigokensaku.mhlw.go.jp/08/index.php?action_kouhyou_detail_004_kani=true&JigyosyoCd=0871400198-00&ServiceCd=430&Type=search" }, "geometry": { "type": "Point", "coordinates": [ 140.712244199999986, 36.6680669 ] } },
{ "type": "Feature", "properties": { "内容": "居宅介護支援センター石名坂聖孝園【居宅介護支援】茨城県日立市石名坂町2-16-1", "url2": "https://www.kaigokensaku.mhlw.go.jp/08/index.php?action_kouhyou_detail_004_kani=true&JigyosyoCd=0870202553-00&ServiceCd=430&Type=search" }, "geometry": { "type": "Point", "coordinates": [ 140.5976886, 36.5153594 ] } },
{ "type": "Feature", "properties": { "内容": "居宅介護支援事業所　山水苑滑川【居宅介護支援】茨城県日立市滑川町２－１３－２０", "url2": "https://www.kaigokensaku.mhlw.go.jp/08/index.php?action_kouhyou_detail_004_kani=true&JigyosyoCd=0870201787-00&ServiceCd=430&Type=search" }, "geometry": { "type": "Point", "coordinates": [ 140.66177786732942, 36.612077638046763 ] } },
{ "type": "Feature", "properties": { "内容": "日立市萬春園介護計画センター【居宅介護支援】茨城県日立市鮎川町３丁目２番１０号", "url2": "https://www.kaigokensaku.mhlw.go.jp/08/index.php?action_kouhyou_detail_004_kani=true&JigyosyoCd=0870200607-00&ServiceCd=430&Type=search" }, "geometry": { "type": "Point", "coordinates": [ 140.638855948687677, 36.565227640653809 ] } },
{ "type": "Feature", "properties": { "内容": "有限会社　紫陽花ケアサポート日立【居宅介護支援】茨城県日立市鹿島町1-11-12", "url2": "https://www.kaigokensaku.mhlw.go.jp/08/index.php?action_kouhyou_detail_004_kani=true&JigyosyoCd=0870200771-00&ServiceCd=430&Type=search" }, "geometry": { "type": "Point", "coordinates": [ 140.652708299999972, 36.5943768 ] } },
{ "type": "Feature", "properties": { "内容": "居宅介護支援事業所　銀砂台【居宅介護支援】茨城県日立市砂沢町1155-1", "url2": "https://www.kaigokensaku.mhlw.go.jp/08/index.php?action_kouhyou_detail_004_kani=true&JigyosyoCd=0870200086-00&ServiceCd=430&Type=search" }, "geometry": { "type": "Point", "coordinates": [ 140.6705801, 36.6529862 ] } },
{ "type": "Feature", "properties": { "内容": "居宅介護支援事業所　山水苑　塙山【居宅介護支援】茨城県日立市大久保町3-17-8", "url2": "https://www.kaigokensaku.mhlw.go.jp/08/index.php?action_kouhyou_detail_004_kani=true&JigyosyoCd=0870202462-00&ServiceCd=430&Type=search" }, "geometry": { "type": "Point", "coordinates": [ 140.622043699999949, 36.547337 ] } },
{ "type": "Feature", "properties": { "内容": "居宅介護支援事業所山水苑神峰【居宅介護支援】神峰町１－８－６", "url2": "https://www.kaigokensaku.mhlw.go.jp/08/index.php?action_kouhyou_detail_004_kani=true&JigyosyoCd=0870202900-00&ServiceCd=430&Type=search" }, "geometry": { "type": "Point", "coordinates": [ 140.654734600000012, 36.6013178 ] } },
{ "type": "Feature", "properties": { "内容": "ケアプランセンター　根道ヶ丘【居宅介護支援】茨城県日立市大沼町4-9-11", "url2": "https://www.kaigokensaku.mhlw.go.jp/08/index.php?action_kouhyou_detail_004_kani=true&JigyosyoCd=0870200904-00&ServiceCd=430&Type=search" }, "geometry": { "type": "Point", "coordinates": [ 140.614842469311526, 36.534860185850974 ] } },
{ "type": "Feature", "properties": { "内容": "ケアプランセンター　鮎川さくら館【居宅介護支援】茨城県日立市国分町三丁目１２番10号", "url2": "https://www.kaigokensaku.mhlw.go.jp/08/index.php?action_kouhyou_detail_004_kani=true&JigyosyoCd=0870200920-00&ServiceCd=430&Type=search" }, "geometry": { "type": "Point", "coordinates": [ 140.649529600000051, 36.5670299 ] } },
{ "type": "Feature", "properties": { "内容": "成華園　居宅介護支援事業所【居宅介護支援】日立市久慈町4-19-21", "url2": "https://www.kaigokensaku.mhlw.go.jp/08/index.php?action_kouhyou_detail_004_kani=true&JigyosyoCd=0870201399-00&ServiceCd=430&Type=search" }, "geometry": { "type": "Point", "coordinates": [ 140.610097499999938, 36.4900844 ] } },
{ "type": "Feature", "properties": { "内容": "ケアプランセンターさくらさくら【居宅介護支援】茨城県日立市桜川町1-1-1ウェルニックプラザ", "url2": "https://www.kaigokensaku.mhlw.go.jp/08/index.php?action_kouhyou_detail_004_kani=true&JigyosyoCd=0870201977-00&ServiceCd=430&Type=search" }, "geometry": { "type": "Point", "coordinates": [ 140.627915800000011, 36.5568059 ] } },
{ "type": "Feature", "properties": { "内容": "ウエルシア日立本宮店介護の相談窓口【居宅介護支援】茨城県日立市本宮町4丁目12-1", "url2": "https://www.kaigokensaku.mhlw.go.jp/08/index.php?action_kouhyou_detail_004_kani=true&JigyosyoCd=0870202967-00&ServiceCd=430&Type=search" }, "geometry": { "type": "Point", "coordinates": [ 140.664776720237739, 36.603726502969344 ] } },
{ "type": "Feature", "properties": { "内容": "日立介護ステーション【居宅介護支援】茨城県日立市会瀬町2-21-11", "url2": "https://www.kaigokensaku.mhlw.go.jp/08/index.php?action_kouhyou_detail_004_kani=true&JigyosyoCd=0870200011-00&ServiceCd=430&Type=search" }, "geometry": { "type": "Point", "coordinates": [ 140.648346264866717, 36.578588290038702 ] } },
{ "type": "Feature", "properties": { "内容": "医療法人　佐々木胃腸科外科　居宅介護支援事業所【居宅介護支援】茨城県日立市折笠町564-2", "url2": "https://www.kaigokensaku.mhlw.go.jp/08/index.php?action_kouhyou_detail_004_kani=true&JigyosyoCd=0870201530-00&ServiceCd=430&Type=search" }, "geometry": { "type": "Point", "coordinates": [ 140.690849899999989, 36.6546095 ] } },
{ "type": "Feature", "properties": { "内容": "日立南ヘルシーセンター居宅介護支援事業所【居宅介護支援】茨城県日立市大みか町6-17-1", "url2": "https://www.kaigokensaku.mhlw.go.jp/08/index.php?action_kouhyou_detail_004_kani=true&JigyosyoCd=0870200276-00&ServiceCd=430&Type=search" }, "geometry": { "type": "Point", "coordinates": [ 140.609113500000035, 36.5113516 ] } },
{ "type": "Feature", "properties": { "内容": "日立ケアプランセンター【居宅介護支援】茨城県日立市多賀町２－１０－７", "url2": "https://www.kaigokensaku.mhlw.go.jp/08/index.php?action_kouhyou_detail_004_kani=true&JigyosyoCd=0870201811-00&ServiceCd=430&Type=search" }, "geometry": { "type": "Point", "coordinates": [ 140.6302246, 36.5576765 ] } },
{ "type": "Feature", "properties": { "内容": "居宅介護支援事業所　ふきのとう【居宅介護支援】石名坂町1-41-1", "url2": "https://www.kaigokensaku.mhlw.go.jp/08/index.php?action_kouhyou_detail_004_kani=true&JigyosyoCd=0870201837-00&ServiceCd=430&Type=search" }, "geometry": { "type": "Point", "coordinates": [ 140.596895200000063, 36.5129819 ] } },
{ "type": "Feature", "properties": { "内容": "ＭＡＯ居宅介護支援センター【居宅介護支援】茨城県日立市下土木内町字荻町545-1", "url2": "https://www.kaigokensaku.mhlw.go.jp/08/index.php?action_kouhyou_detail_004_kani=true&JigyosyoCd=0870200672-00&ServiceCd=430&Type=search" }, "geometry": { "type": "Point", "coordinates": [ 140.579889809353659, 36.496959130194 ] } },
{ "type": "Feature", "properties": { "内容": "らいおん居宅介護支援センター【居宅介護支援】茨城県日立市川尻町1-37-19", "url2": "https://www.kaigokensaku.mhlw.go.jp/08/index.php?action_kouhyou_detail_004_kani=true&JigyosyoCd=0870202009-00&ServiceCd=430&Type=search" }, "geometry": { "type": "Point", "coordinates": [ 140.696629900000062, 36.654420700000017 ] } },
{ "type": "Feature", "properties": { "内容": "金沢弁天園　居宅介護支援事業所【居宅介護支援】茨城県日立市東金沢町4-16-10", "url2": "https://www.kaigokensaku.mhlw.go.jp/08/index.php?action_kouhyou_detail_004_kani=true&JigyosyoCd=0870201415-00&ServiceCd=430&Type=search" }, "geometry": { "type": "Point", "coordinates": [ 140.628451899999959, 36.5398353 ] } },
{ "type": "Feature", "properties": { "内容": "居宅介護支援事業所　山水苑【居宅介護支援】日立市下深萩町　1770", "url2": "https://www.kaigokensaku.mhlw.go.jp/08/index.php?action_kouhyou_detail_004_kani=true&JigyosyoCd=0870201068-00&ServiceCd=430&Type=search" }, "geometry": { "type": "Point", "coordinates": [ 140.541948, 36.6316634 ] } },
{ "type": "Feature", "properties": { "内容": "日立介護相談センター秋桜【居宅介護支援】茨城県日立市東大沼町3-28-3", "url2": "https://www.kaigokensaku.mhlw.go.jp/08/index.php?action_kouhyou_detail_004_kani=true&JigyosyoCd=0870202728-00&ServiceCd=430&Type=search" }, "geometry": { "type": "Point", "coordinates": [ 140.6241889, 36.5263526 ] } },
{ "type": "Feature", "properties": { "内容": "ニチイケアセンター日立【居宅介護支援】茨城県日立市助川町2-6-22", "url2": "https://www.kaigokensaku.mhlw.go.jp/08/index.php?action_kouhyou_detail_004_kani=true&JigyosyoCd=0870200094-00&ServiceCd=430&Type=search" }, "geometry": { "type": "Point", "coordinates": [ 140.648045, 36.5930879 ] } },
{ "type": "Feature", "properties": { "内容": "サン豊浦ケアプランセンター【居宅介護支援】茨城県日立市川尻町字稲荷作７５８－２７", "url2": "https://www.kaigokensaku.mhlw.go.jp/08/index.php?action_kouhyou_detail_004_kani=true&JigyosyoCd=0870200144-00&ServiceCd=430&Type=search" }, "geometry": { "type": "Point", "coordinates": [ 140.6885221, 36.6642083 ] } },
{ "type": "Feature", "properties": { "内容": "ケアプランセンターさくら日立【居宅介護支援】茨城県日立市城南町1-1-11", "url2": "https://www.kaigokensaku.mhlw.go.jp/08/index.php?action_kouhyou_detail_004_kani=true&JigyosyoCd=0870200235-00&ServiceCd=430&Type=search" }, "geometry": { "type": "Point", "coordinates": [ 140.647667599999977, 36.586310900000015 ] } },
{ "type": "Feature", "properties": { "内容": "トマトケアプランセンター【居宅介護支援】日立市久慈町２丁目35-20コープカメリア405号", "url2": "https://www.kaigokensaku.mhlw.go.jp/08/index.php?action_kouhyou_detail_004_kani=true&JigyosyoCd=0870200532-00&ServiceCd=430&Type=search" }, "geometry": { "type": "Point", "coordinates": [ 140.61822410000002, 36.5037635 ] } },
{ "type": "Feature", "properties": { "内容": "聖孝園池の川居宅介護支援センター【居宅介護支援】茨城県日立市中成沢町１－１０－１", "url2": "https://www.kaigokensaku.mhlw.go.jp/08/index.php?action_kouhyou_detail_004_kani=true&JigyosyoCd=0870202454-00&ServiceCd=430&Type=search" }, "geometry": { "type": "Point", "coordinates": [ 140.646104400000013, 36.5772904 ] } },
{ "type": "Feature", "properties": { "内容": "田尻ヶ丘ヘルシーケア指定居宅介護支援事業所【居宅介護支援】茨城県日立市田尻町2－8－11", "url2": "https://www.kaigokensaku.mhlw.go.jp/08/index.php?action_kouhyou_detail_004_kani=true&JigyosyoCd=0870200037-00&ServiceCd=430&Type=search" }, "geometry": { "type": "Point", "coordinates": [ 140.666397299999971, 36.6333947 ] } },
{ "type": "Feature", "properties": { "内容": "らいおんハート福祉ケア支援事業所【居宅介護支援】茨城県日立市弁天町2-3-9皆川タウンハウス1階", "url2": "https://www.kaigokensaku.mhlw.go.jp/08/index.php?action_kouhyou_detail_004_kani=true&JigyosyoCd=0870202090-00&ServiceCd=430&Type=search" }, "geometry": { "type": "Point", "coordinates": [ 140.653942995969373, 36.59205333514285 ] } },
{ "type": "Feature", "properties": { "内容": "介護サポートセンタたがひたち【居宅介護支援】茨城県日立市城南町二丁目1番1号", "url2": "https://www.kaigokensaku.mhlw.go.jp/08/index.php?action_kouhyou_detail_004_kani=true&JigyosyoCd=0870200292-00&ServiceCd=430&Type=search" }, "geometry": { "type": "Point", "coordinates": [ 140.644259562159078, 36.590166810692445 ] } },
{ "type": "Feature", "properties": { "内容": "居宅介護支援センター　福祉の森　聖孝園【居宅介護支援】茨城県日立市十王町高原333-6", "url2": "https://www.kaigokensaku.mhlw.go.jp/08/index.php?action_kouhyou_detail_004_kani=true&JigyosyoCd=0873500128-00&ServiceCd=430&Type=search" }, "geometry": { "type": "Point", "coordinates": [ 140.623836, 36.6733636 ] } },
{ "type": "Feature", "properties": { "内容": "リーガルソーシャルケア　かがやき【居宅介護支援】川尻町６丁目４５番２６号二光ビル２－B", "url2": "https://www.kaigokensaku.mhlw.go.jp/08/index.php?action_kouhyou_detail_004_kani=true&JigyosyoCd=0870203015-00&ServiceCd=430&Type=search" }, "geometry": { "type": "Point", "coordinates": [ 140.688947500000012, 36.6679863 ] } },
{ "type": "Feature", "properties": { "内容": "介護サービス計画センター小咲園【居宅介護支援】茨城県日立市諏訪町5丁目5番1号", "url2": "https://www.kaigokensaku.mhlw.go.jp/08/index.php?action_kouhyou_detail_004_kani=true&JigyosyoCd=0870200136-00&ServiceCd=430&Type=search" }, "geometry": { "type": "Point", "coordinates": [ 140.619465699999978, 36.5663986 ] } },
{ "type": "Feature", "properties": { "内容": "あさがおケアサービス【居宅介護支援】日立市千石町２－４－６", "url2": "https://www.kaigokensaku.mhlw.go.jp/08/index.php?action_kouhyou_detail_004_kani=true&JigyosyoCd=0870201118-00&ServiceCd=430&Type=search" }, "geometry": { "type": "Point", "coordinates": [ 140.627829199999951, 36.5545863 ] } },
{ "type": "Feature", "properties": { "内容": "ケアプランさくらそう【居宅介護支援】茨城県日立市大沼町4-3-9", "url2": "https://www.kaigokensaku.mhlw.go.jp/08/index.php?action_kouhyou_detail_004_kani=true&JigyosyoCd=0870202801-00&ServiceCd=430&Type=search" }, "geometry": { "type": "Point", "coordinates": [ 140.613558863193248, 36.536267075139854 ] } },
{ "type": "Feature", "properties": { "内容": "居宅介護支援事業所　かみーら【居宅介護支援】日立市金沢町4-9-20", "url2": "https://www.kaigokensaku.mhlw.go.jp/08/index.php?action_kouhyou_detail_004_kani=true&JigyosyoCd=0870201514-00&ServiceCd=430&Type=search" }, "geometry": { "type": "Point", "coordinates": [ 140.617956473016363, 36.540122619977879 ] } },
{ "type": "Feature", "properties": { "内容": "ケアプラン　陽咲【居宅介護支援】西成沢町2-20-1205号室", "url2": "https://www.kaigokensaku.mhlw.go.jp/08/index.php?action_kouhyou_detail_004_kani=true&JigyosyoCd=0870202876-00&ServiceCd=430&Type=search" }, "geometry": { "type": "Point", "coordinates": [ 140.633269661238103, 36.576088785211567 ] } },
{ "type": "Feature", "properties": { "内容": "ケアプランセンター　ラブリー【居宅介護支援】茨城県日立市滑川町3-6-33", "url2": "https://www.kaigokensaku.mhlw.go.jp/08/index.php?action_kouhyou_detail_004_kani=true&JigyosyoCd=0870201035-00&ServiceCd=430&Type=search" }, "geometry": { "type": "Point", "coordinates": [ 140.661829439379119, 36.61290138814401 ] } },
{ "type": "Feature", "properties": { "内容": "ホームケアこむあす【居宅介護支援】茨城県日立市川尻町7-20-5", "url2": "https://www.kaigokensaku.mhlw.go.jp/08/index.php?action_kouhyou_detail_004_kani=true&JigyosyoCd=0870202918-00&ServiceCd=430&Type=search" }, "geometry": { "type": "Point", "coordinates": [ 140.688611, 36.6583277 ] } },
{ "type": "Feature", "properties": { "内容": "聖愛園千石居宅介護支援センター【居宅介護支援】茨城県日立市千石町１－７－６", "url2": "https://www.kaigokensaku.mhlw.go.jp/08/index.php?action_kouhyou_detail_004_kani=true&JigyosyoCd=0870201662-00&ServiceCd=430&Type=search" }, "geometry": { "type": "Point", "coordinates": [ 140.628701399999954, 36.5533726 ] } },
{ "type": "Feature", "properties": { "内容": "居宅介護支援　しおさい【居宅介護支援】茨城県日立市国分町3丁目6番1号", "url2": "https://www.kaigokensaku.mhlw.go.jp/08/index.php?action_kouhyou_detail_004_kani=true&JigyosyoCd=0870202926-00&ServiceCd=430&Type=search" }, "geometry": { "type": "Point", "coordinates": [ 140.648081600000012, 36.5652295 ] } },
{ "type": "Feature", "properties": { "内容": "居宅介護支援センター　陽なた【居宅介護支援】茨城県日立市大久保町3-18-2-101", "url2": "https://www.kaigokensaku.mhlw.go.jp/08/index.php?action_kouhyou_detail_004_kani=true&JigyosyoCd=0870202686-00&ServiceCd=430&Type=search" }, "geometry": { "type": "Point", "coordinates": [ 140.620389037757661, 36.547358876101171 ] } },
{ "type": "Feature", "properties": { "内容": "居宅介護支援事業所　　やすらぎの園【居宅介護支援】茨城県土浦市小岩田西二丁目1番49号", "url2": "https://www.kaigokensaku.mhlw.go.jp/08/index.php?action_kouhyou_detail_004_kani=true&JigyosyoCd=0870300787-00&ServiceCd=430&Type=search" }, "geometry": { "type": "Point", "coordinates": [ 140.189004800000021, 36.0607685 ] } },
{ "type": "Feature", "properties": { "内容": "アリスケアセンター【居宅介護支援】茨城県土浦市桜ヶ丘町14-38", "url2": "https://www.kaigokensaku.mhlw.go.jp/08/index.php?action_kouhyou_detail_004_kani=true&JigyosyoCd=0870301835-00&ServiceCd=430&Type=search" }, "geometry": { "type": "Point", "coordinates": [ 140.195796553218401, 36.062199236155763 ] } },
{ "type": "Feature", "properties": { "内容": "居役介護支援事業所　はなまる【居宅介護支援】茨城県土浦市こまつ１－２１－９", "url2": "https://www.kaigokensaku.mhlw.go.jp/08/index.php?action_kouhyou_detail_004_kani=true&JigyosyoCd=0870302890-00&ServiceCd=430&Type=search" }, "geometry": { "type": "Point", "coordinates": [ 140.2098578, 36.0664921 ] } },
{ "type": "Feature", "properties": { "内容": "ナラティブケアプランセンター【居宅介護支援】茨城県土浦市国分町4-15", "url2": "https://www.kaigokensaku.mhlw.go.jp/08/index.php?action_kouhyou_detail_004_kani=true&JigyosyoCd=0870303005-00&ServiceCd=430&Type=search" }, "geometry": { "type": "Point", "coordinates": [ 140.1912156, 36.0677217 ] } },
{ "type": "Feature", "properties": { "内容": "ケアプランセンターひかり【居宅介護支援】土浦市右籾1113-1", "url2": "https://www.kaigokensaku.mhlw.go.jp/08/index.php?action_kouhyou_detail_004_kani=true&JigyosyoCd=0870301678-00&ServiceCd=430&Type=search" }, "geometry": { "type": "Point", "coordinates": [ 140.181473289631242, 36.049920818168523 ] } },
{ "type": "Feature", "properties": { "内容": "株式会社ケアプランセンター華林【居宅介護支援】茨城県土浦市藤沢1443-5", "url2": "https://www.kaigokensaku.mhlw.go.jp/08/index.php?action_kouhyou_detail_004_kani=true&JigyosyoCd=0870302122-00&ServiceCd=430&Type=search" }, "geometry": { "type": "Point", "coordinates": [ 140.153565399999934, 36.1256094 ] } },
{ "type": "Feature", "properties": { "内容": "公益社団法人茨城県看護協会　土浦訪問看護ステーション【居宅介護支援】茨城県土浦市下高津2-7-68", "url2": "https://www.kaigokensaku.mhlw.go.jp/08/index.php?action_kouhyou_detail_004_kani=true&JigyosyoCd=0860390012-00&ServiceCd=430&Type=search" }, "geometry": { "type": "Point", "coordinates": [ 140.19146911230311, 36.072185398318197 ] } },
{ "type": "Feature", "properties": { "内容": "居宅介護支援事業所　静霞園【居宅介護支援】土浦市東若松町3379", "url2": "https://www.kaigokensaku.mhlw.go.jp/08/index.php?action_kouhyou_detail_004_kani=true&JigyosyoCd=0870300076-00&ServiceCd=430&Type=search" }, "geometry": { "type": "Point", "coordinates": [ 140.2093979, 36.1082959 ] } },
{ "type": "Feature", "properties": { "内容": "烏山診療所居宅介護支援事業所【居宅介護支援】茨城県土浦市烏山二丁目　５３０ー３８６", "url2": "https://www.kaigokensaku.mhlw.go.jp/08/index.php?action_kouhyou_detail_004_kani=true&JigyosyoCd=0870300183-00&ServiceCd=430&Type=search" }, "geometry": { "type": "Point", "coordinates": [ 140.203272800000036, 36.0496564 ] } },
{ "type": "Feature", "properties": { "内容": "指定居宅介護支援事業所「山手」【居宅介護支援】土浦市国分町7-6", "url2": "https://www.kaigokensaku.mhlw.go.jp/08/index.php?action_kouhyou_detail_004_kani=true&JigyosyoCd=0870300720-00&ServiceCd=430&Type=search" }, "geometry": { "type": "Point", "coordinates": [ 140.188825314155594, 36.066233854972225 ] } },
{ "type": "Feature", "properties": { "内容": "居宅介護支援事業所プラザマアム【居宅介護支援】茨城県土浦市板谷7-626-11", "url2": "https://www.kaigokensaku.mhlw.go.jp/08/index.php?action_kouhyou_detail_004_kani=true&JigyosyoCd=0870302270-00&ServiceCd=430&Type=search" }, "geometry": { "type": "Point", "coordinates": [ 140.209064200000057, 36.114048199999971 ] } },
{ "type": "Feature", "properties": { "内容": "ケアプランセンター風の村【居宅介護支援】大手町4－13", "url2": "https://www.kaigokensaku.mhlw.go.jp/08/index.php?action_kouhyou_detail_004_kani=true&JigyosyoCd=0870303187-00&ServiceCd=430&Type=search" }, "geometry": { "type": "Point", "coordinates": [ 132.452199799999988, 34.3858655 ] } },
{ "type": "Feature", "properties": { "内容": "ケアサービス　まいはうす【居宅介護支援】茨城県土浦市乙戸　1-69", "url2": "https://www.kaigokensaku.mhlw.go.jp/08/index.php?action_kouhyou_detail_004_kani=true&JigyosyoCd=0870303195-00&ServiceCd=430&Type=search" }, "geometry": { "type": "Point", "coordinates": [ 140.1452505, 36.040603 ] } },
{ "type": "Feature", "properties": { "内容": "居宅介護支援センター　シルトピア【居宅介護支援】土浦市本郷１６７９－１", "url2": "https://www.kaigokensaku.mhlw.go.jp/08/index.php?action_kouhyou_detail_004_kani=true&JigyosyoCd=0873900021-00&ServiceCd=430&Type=search" }, "geometry": { "type": "Point", "coordinates": [ 140.173078799999985, 36.1565294 ] } },
{ "type": "Feature", "properties": { "内容": "ケアプランセンター日向【居宅介護支援】茨城県土浦市おおつ野6-1-14ヴィラ・アベニールC103", "url2": "https://www.kaigokensaku.mhlw.go.jp/08/index.php?action_kouhyou_detail_004_kani=true&JigyosyoCd=0870302908-00&ServiceCd=430&Type=search" }, "geometry": { "type": "Point", "coordinates": [ 140.254046200000033, 36.0837791 ] } },
{ "type": "Feature", "properties": { "内容": "支援センター憩いの里【居宅介護支援】茨城県土浦市高岡2315", "url2": "https://www.kaigokensaku.mhlw.go.jp/08/index.php?action_kouhyou_detail_004_kani=true&JigyosyoCd=0873900757-00&ServiceCd=430&Type=search" }, "geometry": { "type": "Point", "coordinates": [ 140.15358470000001, 36.1302062 ] } },
{ "type": "Feature", "properties": { "内容": "在宅介護サービス　虹【居宅介護支援】茨城県土浦市中高津3丁目14番3号", "url2": "https://www.kaigokensaku.mhlw.go.jp/08/index.php?action_kouhyou_detail_004_kani=true&JigyosyoCd=0870301082-00&ServiceCd=430&Type=search" }, "geometry": { "type": "Point", "coordinates": [ 140.177474356915525, 36.067234147281113 ] } },
{ "type": "Feature", "properties": { "内容": "喜楽希楽サービス居宅介護支援事業所【居宅介護支援】茨城県土浦市上高津486-2", "url2": "https://www.kaigokensaku.mhlw.go.jp/08/index.php?action_kouhyou_detail_004_kani=true&JigyosyoCd=0870300845-00&ServiceCd=430&Type=search" }, "geometry": { "type": "Point", "coordinates": [ 140.180431518910154, 36.08255751995403 ] } },
{ "type": "Feature", "properties": { "内容": "指定居宅介護支援事業所　滝の園【居宅介護支援】茨城県土浦市宍塚１９３５番地", "url2": "https://www.kaigokensaku.mhlw.go.jp/08/index.php?action_kouhyou_detail_004_kani=true&JigyosyoCd=0870300100-00&ServiceCd=430&Type=search" }, "geometry": { "type": "Point", "coordinates": [ 140.170946800000024, 36.0825869 ] } },
{ "type": "Feature", "properties": { "内容": "飛羽ノ園指定居宅介護支援事業所【居宅介護支援】茨城県土浦市小松三丁目１８番１８号", "url2": "https://www.kaigokensaku.mhlw.go.jp/08/index.php?action_kouhyou_detail_004_kani=true&JigyosyoCd=0870300175-00&ServiceCd=430&Type=search" }, "geometry": { "type": "Point", "coordinates": [ 140.202133799999956, 36.0648962 ] } },
{ "type": "Feature", "properties": { "内容": "ハッピーライフ居宅介護支援事業所【居宅介護支援】茨城県土浦市天川二丁目6番50号", "url2": "https://www.kaigokensaku.mhlw.go.jp/08/index.php?action_kouhyou_detail_004_kani=true&JigyosyoCd=0870302858-00&ServiceCd=430&Type=search" }, "geometry": { "type": "Point", "coordinates": [ 140.175572399999965, 36.0687654 ] } },
{ "type": "Feature", "properties": { "内容": "指定居宅介護支援事業所　ワンズ【居宅介護支援】茨城県土浦市桜ヶ丘町4-11", "url2": "https://www.kaigokensaku.mhlw.go.jp/08/index.php?action_kouhyou_detail_004_kani=true&JigyosyoCd=0870303120-00&ServiceCd=430&Type=search" }, "geometry": { "type": "Point", "coordinates": [ 140.1909527, 36.0647689 ] } },
{ "type": "Feature", "properties": { "内容": "合同会社港町ケアプランセンター【居宅介護支援】茨城県土浦市港町2-2-30サンライフ土浦港町305", "url2": "https://www.kaigokensaku.mhlw.go.jp/08/index.php?action_kouhyou_detail_004_kani=true&JigyosyoCd=0870302940-00&ServiceCd=430&Type=search" }, "geometry": { "type": "Point", "coordinates": [ 140.210883700000011, 36.0772067 ] } },
{ "type": "Feature", "properties": { "内容": "居宅介護支援事業所　なごみ【居宅介護支援】茨城県土浦市右籾644-1", "url2": "https://www.kaigokensaku.mhlw.go.jp/08/index.php?action_kouhyou_detail_004_kani=true&JigyosyoCd=0870301595-00&ServiceCd=430&Type=search" }, "geometry": { "type": "Point", "coordinates": [ 140.183385700000031, 36.0505918 ] } },
{ "type": "Feature", "properties": { "内容": "野上病院居宅介護支援事業所【居宅介護支援】茨城県土浦市東崎町6-8", "url2": "https://www.kaigokensaku.mhlw.go.jp/08/index.php?action_kouhyou_detail_004_kani=true&JigyosyoCd=0870303096-00&ServiceCd=430&Type=search" }, "geometry": { "type": "Point", "coordinates": [ 140.2065006, 36.082262 ] } },
{ "type": "Feature", "properties": { "内容": "居宅介護支援事業所　ほーむ【居宅介護支援】茨城県土浦市並木３－９－１０", "url2": "https://www.kaigokensaku.mhlw.go.jp/08/index.php?action_kouhyou_detail_004_kani=true&JigyosyoCd=0870303237-00&ServiceCd=430&Type=search" }, "geometry": { "type": "Point", "coordinates": [ 140.1828294, 36.1119357 ] } },
{ "type": "Feature", "properties": { "内容": "居宅介護支援事業所マリーナ【居宅介護支援】中荒川沖町24-45MCビル102", "url2": "https://www.kaigokensaku.mhlw.go.jp/08/index.php?action_kouhyou_detail_004_kani=true&JigyosyoCd=0870302528-00&ServiceCd=430&Type=search" }, "geometry": { "type": "Point", "coordinates": [ 140.167133606359812, 36.032575943429592 ] } },
{ "type": "Feature", "properties": { "内容": "土浦協同病院ケアプランセンター【居宅介護支援】茨城県土浦市おおつ野4丁目1番1号", "url2": "https://www.kaigokensaku.mhlw.go.jp/08/index.php?action_kouhyou_detail_004_kani=true&JigyosyoCd=0870300134-00&ServiceCd=430&Type=search" }, "geometry": { "type": "Point", "coordinates": [ 140.24471605210087, 36.087027028683991 ] } },
{ "type": "Feature", "properties": { "内容": "居宅介護支援事業所　桑林【居宅介護支援】茨城県土浦市荒川沖東3-17-28", "url2": "https://www.kaigokensaku.mhlw.go.jp/08/index.php?action_kouhyou_detail_004_kani=true&JigyosyoCd=0870301587-00&ServiceCd=430&Type=search" }, "geometry": { "type": "Point", "coordinates": [ 140.168595200000027, 36.0266443 ] } },
{ "type": "Feature", "properties": { "内容": "ケアプランセンター　こうこう【居宅介護支援】茨城県土浦市宍塚３３３－１デイサービスなぎの木　土浦　（事業所内）", "url2": "https://www.kaigokensaku.mhlw.go.jp/08/index.php?action_kouhyou_detail_004_kani=true&JigyosyoCd=0870302072-00&ServiceCd=430&Type=search" }, "geometry": { "type": "Point", "coordinates": [ 140.1620828, 36.0743028 ] } },
{ "type": "Feature", "properties": { "内容": "ケアリング居宅介護支援センター土浦【居宅介護支援】茨城県土浦市生田町3-27田谷医院2階", "url2": "https://www.kaigokensaku.mhlw.go.jp/08/index.php?action_kouhyou_detail_004_kani=true&JigyosyoCd=0870302460-00&ServiceCd=430&Type=search" }, "geometry": { "type": "Point", "coordinates": [ 140.189001299999973, 36.0823628 ] } },
{ "type": "Feature", "properties": { "内容": "支援センターもりの家指定居宅介護支援事業所【居宅介護支援】土浦市北荒川沖８－１", "url2": "https://www.kaigokensaku.mhlw.go.jp/08/index.php?action_kouhyou_detail_004_kani=true&JigyosyoCd=0870300092-00&ServiceCd=430&Type=search" }, "geometry": { "type": "Point", "coordinates": [ 140.1669478, 36.0369124 ] } },
{ "type": "Feature", "properties": { "内容": "指定居宅介護支援事業者　神立病院【居宅介護支援】茨城県土浦市神立中央５丁目４－１４", "url2": "https://www.kaigokensaku.mhlw.go.jp/08/index.php?action_kouhyou_detail_004_kani=true&JigyosyoCd=0810310599-00&ServiceCd=430&Type=search" }, "geometry": { "type": "Point", "coordinates": [ 140.230232349073731, 36.120161539191336 ] } },
{ "type": "Feature", "properties": { "内容": "有限会社　戸苅介護支援センター【居宅介護支援】茨城県土浦市生田町３－３", "url2": "https://www.kaigokensaku.mhlw.go.jp/08/index.php?action_kouhyou_detail_004_kani=true&JigyosyoCd=0870300316-00&ServiceCd=430&Type=search" }, "geometry": { "type": "Point", "coordinates": [ 140.189845699999978, 36.0818407 ] } },
{ "type": "Feature", "properties": { "内容": "県南病院居宅支援事業所【居宅介護支援】土浦市中1087", "url2": "https://www.kaigokensaku.mhlw.go.jp/08/index.php?action_kouhyou_detail_004_kani=true&JigyosyoCd=0870302049-00&ServiceCd=430&Type=search" }, "geometry": { "type": "Point", "coordinates": [ 140.16868308703306, 36.049168669681585 ] } },
{ "type": "Feature", "properties": { "内容": "ケアプランセンターしょうわ家族【居宅介護支援】荒川本郷218-115", "url2": "https://www.kaigokensaku.mhlw.go.jp/08/index.php?action_kouhyou_detail_004_kani=true&JigyosyoCd=0870302817-00&ServiceCd=430&Type=search" }, "geometry": { "type": "Point", "coordinates": [ 140.155426492793197, 36.018226854279341 ] } },
{ "type": "Feature", "properties": { "内容": "たいら居宅支援事業所【居宅介護支援】茨城県土浦市摩利山新田430番地31", "url2": "https://www.kaigokensaku.mhlw.go.jp/08/index.php?action_kouhyou_detail_004_kani=true&JigyosyoCd=0870303047-00&ServiceCd=430&Type=search" }, "geometry": { "type": "Point", "coordinates": [ 140.179835420237737, 36.03761132433133 ] } },
{ "type": "Feature", "properties": { "内容": "ケアマネほっとQ【居宅介護支援】茨城県土浦市生田町7-18", "url2": "https://www.kaigokensaku.mhlw.go.jp/08/index.php?action_kouhyou_detail_004_kani=true&JigyosyoCd=0870303385-00&ServiceCd=430&Type=search" }, "geometry": { "type": "Point", "coordinates": [ 140.1869381, 36.0818823 ] } },
{ "type": "Feature", "properties": { "内容": "ケアパートナー・みなみ【居宅介護支援】茨城県土浦市荒川沖５番地９", "url2": "https://www.kaigokensaku.mhlw.go.jp/08/index.php?action_kouhyou_detail_004_kani=true&JigyosyoCd=0870300977-00&ServiceCd=430&Type=search" }, "geometry": { "type": "Point", "coordinates": [ 140.159945900000025, 36.022675 ] } },
{ "type": "Feature", "properties": { "内容": "ケアデザインネクサス【居宅介護支援】茨城県土浦市田中１－３－６", "url2": "https://www.kaigokensaku.mhlw.go.jp/08/index.php?action_kouhyou_detail_004_kani=true&JigyosyoCd=0870303179-00&ServiceCd=430&Type=search" }, "geometry": { "type": "Point", "coordinates": [ 140.191273738623039, 36.086376283564483 ] } },
{ "type": "Feature", "properties": { "内容": "居宅介護支援事業所　きぼう【居宅介護支援】茨城県古河市諸川1307-25", "url2": "https://www.kaigokensaku.mhlw.go.jp/08/index.php?action_kouhyou_detail_004_kani=true&JigyosyoCd=0870400736-00&ServiceCd=430&Type=search" }, "geometry": { "type": "Point", "coordinates": [ 139.812392100000011, 36.2030578 ] } },
{ "type": "Feature", "properties": { "内容": "介護保険支援センター青嵐荘（総和）【居宅介護支援】茨城県古河市東牛谷456-6", "url2": "https://www.kaigokensaku.mhlw.go.jp/08/index.php?action_kouhyou_detail_004_kani=true&JigyosyoCd=0874300015-00&ServiceCd=430&Type=search" }, "geometry": { "type": "Point", "coordinates": [ 139.748681600000026, 36.2049077 ] } },
{ "type": "Feature", "properties": { "内容": "居宅介護支援事業所　ばんどう【居宅介護支援】大山　４９８－４", "url2": "https://www.kaigokensaku.mhlw.go.jp/08/index.php?action_kouhyou_detail_004_kani=true&JigyosyoCd=0870400975-00&ServiceCd=430&Type=search" }, "geometry": { "type": "Point", "coordinates": [ 139.715197499999931, 36.146211 ] } },
{ "type": "Feature", "properties": { "内容": "ケアプランこばこ【居宅介護支援】茨城県古河市大和田968-116", "url2": "https://www.kaigokensaku.mhlw.go.jp/08/index.php?action_kouhyou_detail_004_kani=true&JigyosyoCd=0870401726-00&ServiceCd=430&Type=search" }, "geometry": { "type": "Point", "coordinates": [ 139.796407673818976, 36.195172827810936 ] } },
{ "type": "Feature", "properties": { "内容": "コスモスクラブ居宅介護支援事業所【居宅介護支援】茨城県　古河市　旭町　2-14-61", "url2": "https://www.kaigokensaku.mhlw.go.jp/08/index.php?action_kouhyou_detail_004_kani=true&JigyosyoCd=0870401460-00&ServiceCd=430&Type=search" }, "geometry": { "type": "Point", "coordinates": [ 139.725477700000056, 36.1978384 ] } },
{ "type": "Feature", "properties": { "内容": "さくら苑居宅介護支援事業所【居宅介護支援】茨城県古河市駒込922-15", "url2": "https://www.kaigokensaku.mhlw.go.jp/08/index.php?action_kouhyou_detail_004_kani=true&JigyosyoCd=0874300866-00&ServiceCd=430&Type=search" }, "geometry": { "type": "Point", "coordinates": [ 139.8081721, 36.2199517 ] } },
{ "type": "Feature", "properties": { "内容": "居宅介護支援事業所いろは【居宅介護支援】茨城県古河市小堤１８１３番地８", "url2": "https://www.kaigokensaku.mhlw.go.jp/08/index.php?action_kouhyou_detail_004_kani=true&JigyosyoCd=0870400496-00&ServiceCd=430&Type=search" }, "geometry": { "type": "Point", "coordinates": [ 139.762146, 36.2030675 ] } },
{ "type": "Feature", "properties": { "内容": "居宅介護支援事業所　みやびの里【居宅介護支援】駒羽根1420-1", "url2": "https://www.kaigokensaku.mhlw.go.jp/08/index.php?action_kouhyou_detail_004_kani=true&JigyosyoCd=0870400801-00&ServiceCd=430&Type=search" }, "geometry": { "type": "Point", "coordinates": [ 139.758060300000011, 36.1583009 ] } },
{ "type": "Feature", "properties": { "内容": "秋明館　居宅介護支援事業所【居宅介護支援】茨城県古河市諸川２５３０－４", "url2": "https://www.kaigokensaku.mhlw.go.jp/08/index.php?action_kouhyou_detail_004_kani=true&JigyosyoCd=0874300767-00&ServiceCd=430&Type=search" }, "geometry": { "type": "Point", "coordinates": [ 139.8164649, 36.2046568 ] } },
{ "type": "Feature", "properties": { "内容": "居宅介護支援事業所　愛和苑【居宅介護支援】古河市駒羽根320-1", "url2": "https://www.kaigokensaku.mhlw.go.jp/08/index.php?action_kouhyou_detail_004_kani=true&JigyosyoCd=0870400546-00&ServiceCd=430&Type=search" }, "geometry": { "type": "Point", "coordinates": [ 139.7510891, 36.1729851 ] } },
{ "type": "Feature", "properties": { "内容": "居宅介護支援センターきずな【居宅介護支援】茨城県古河市原町9-53コンフォート古河401", "url2": "https://www.kaigokensaku.mhlw.go.jp/08/index.php?action_kouhyou_detail_004_kani=true&JigyosyoCd=0870401809-00&ServiceCd=430&Type=search" }, "geometry": { "type": "Point", "coordinates": [ 139.708113631911857, 36.184057798548402 ] } },
{ "type": "Feature", "properties": { "内容": "イースケア居宅介護支援事業所【居宅介護支援】茨城県古河市鴻巣642番地3", "url2": "https://www.kaigokensaku.mhlw.go.jp/08/index.php?action_kouhyou_detail_004_kani=true&JigyosyoCd=0870401692-00&ServiceCd=430&Type=search" }, "geometry": { "type": "Point", "coordinates": [ 139.707338260713186, 36.180191380477957 ] } },
{ "type": "Feature", "properties": { "内容": "つぐみ居宅介護支援事業所【居宅介護支援】茨城県古河市南間中橋13-30", "url2": "https://www.kaigokensaku.mhlw.go.jp/08/index.php?action_kouhyou_detail_004_kani=true&JigyosyoCd=0870401908-00&ServiceCd=430&Type=search" }, "geometry": { "type": "Point", "coordinates": [ 139.8596849, 36.1797412 ] } },
{ "type": "Feature", "properties": { "内容": "ケアプランセンターこころ【居宅介護支援】茨城県古河市西牛谷776番地5", "url2": "https://www.kaigokensaku.mhlw.go.jp/08/index.php?action_kouhyou_detail_004_kani=true&JigyosyoCd=0870401734-00&ServiceCd=430&Type=search" }, "geometry": { "type": "Point", "coordinates": [ 139.743313448087264, 36.198938083322155 ] } },
{ "type": "Feature", "properties": { "内容": "あずみ苑古河【居宅介護支援】茨城県古河市諸川1393-2", "url2": "https://www.kaigokensaku.mhlw.go.jp/08/index.php?action_kouhyou_detail_004_kani=true&JigyosyoCd=0870400561-00&ServiceCd=430&Type=search" }, "geometry": { "type": "Point", "coordinates": [ 139.8071931, 36.1960019 ] } },
{ "type": "Feature", "properties": { "内容": "オリーブ・ケアプランセンター【居宅介護支援】茨城県古河市長谷町27-6グランレガリア703", "url2": "https://www.kaigokensaku.mhlw.go.jp/08/index.php?action_kouhyou_detail_004_kani=true&JigyosyoCd=0870401023-00&ServiceCd=430&Type=search" }, "geometry": { "type": "Point", "coordinates": [ 139.7045598, 36.1825768 ] } },
{ "type": "Feature", "properties": { "内容": "居宅介護支援センター　結い【居宅介護支援】茨城県古河市中田406-6", "url2": "https://www.kaigokensaku.mhlw.go.jp/08/index.php?action_kouhyou_detail_004_kani=true&JigyosyoCd=0870401387-00&ServiceCd=430&Type=search" }, "geometry": { "type": "Point", "coordinates": [ 139.712967501544199, 36.145375859452045 ] } },
{ "type": "Feature", "properties": { "内容": "ケアーマネジメントありが【居宅介護支援】茨城県古河市女沼803番地26", "url2": "https://www.kaigokensaku.mhlw.go.jp/08/index.php?action_kouhyou_detail_004_kani=true&JigyosyoCd=0870401452-00&ServiceCd=430&Type=search" }, "geometry": { "type": "Point", "coordinates": [ 139.737841399999979, 36.1782495 ] } },
{ "type": "Feature", "properties": { "内容": "医療法人徳洲会　古河総合病院居宅介護支援事業所【居宅介護支援】茨城県古河市鴻巣1175-1", "url2": "https://www.kaigokensaku.mhlw.go.jp/08/index.php?action_kouhyou_detail_004_kani=true&JigyosyoCd=0870401577-00&ServiceCd=430&Type=search" }, "geometry": { "type": "Point", "coordinates": [ 139.7078511, 36.1736949 ] } },
{ "type": "Feature", "properties": { "内容": "古河社協介護ステーション居宅介護支援事業所【居宅介護支援】茨城県古河市新久田271番地1古河福祉の森会館", "url2": "https://www.kaigokensaku.mhlw.go.jp/08/index.php?action_kouhyou_detail_004_kani=true&JigyosyoCd=0870400413-00&ServiceCd=430&Type=search" }, "geometry": { "type": "Point", "coordinates": [ 139.703383799999983, 36.1681746 ] } },
{ "type": "Feature", "properties": { "内容": "ニチイケアセンター古河【居宅介護支援】古河643-1", "url2": "https://www.kaigokensaku.mhlw.go.jp/08/index.php?action_kouhyou_detail_004_kani=true&JigyosyoCd=0870400694-00&ServiceCd=430&Type=search" }, "geometry": { "type": "Point", "coordinates": [ 139.71486219999997, 36.1900864 ] } },
{ "type": "Feature", "properties": { "内容": "愛光園　居宅介護支援事業所【居宅介護支援】茨城県古河市新久田２５０－４", "url2": "https://www.kaigokensaku.mhlw.go.jp/08/index.php?action_kouhyou_detail_004_kani=true&JigyosyoCd=0870400025-00&ServiceCd=430&Type=search" }, "geometry": { "type": "Point", "coordinates": [ 139.70197840000003, 36.1694411 ] } },
{ "type": "Feature", "properties": { "内容": "ウエルシア介護サービス古河【居宅介護支援】茨城県古河市鴻巣956-1", "url2": "https://www.kaigokensaku.mhlw.go.jp/08/index.php?action_kouhyou_detail_004_kani=true&JigyosyoCd=0870400306-00&ServiceCd=430&Type=search" }, "geometry": { "type": "Point", "coordinates": [ 139.706186725014987, 36.176175297301789 ] } },
{ "type": "Feature", "properties": { "内容": "けやきの舎居宅介護支援事業所【居宅介護支援】茨城県古河市仁連６０１", "url2": "https://www.kaigokensaku.mhlw.go.jp/08/index.php?action_kouhyou_detail_004_kani=true&JigyosyoCd=0870400637-00&ServiceCd=430&Type=search" }, "geometry": { "type": "Point", "coordinates": [ 139.8060194, 36.1830133 ] } },
{ "type": "Feature", "properties": { "内容": "白英荘　居宅介護支援事業所【居宅介護支援】茨城県古河市小堤１７９６－２在宅事業所", "url2": "https://www.kaigokensaku.mhlw.go.jp/08/index.php?action_kouhyou_detail_004_kani=true&JigyosyoCd=0874300056-00&ServiceCd=430&Type=search" }, "geometry": { "type": "Point", "coordinates": [ 139.763836099999907, 36.2022807 ] } },
{ "type": "Feature", "properties": { "内容": "居宅介護支援センターみどりの丘【居宅介護支援】茨城県古河市尾崎3373", "url2": "https://www.kaigokensaku.mhlw.go.jp/08/index.php?action_kouhyou_detail_004_kani=true&JigyosyoCd=0874301021-00&ServiceCd=430&Type=search" }, "geometry": { "type": "Point", "coordinates": [ 139.84045059999994, 36.195718 ] } },
{ "type": "Feature", "properties": { "内容": "ケアプランセンター　四季の郷【居宅介護支援】茨城県古河市東間中橋198", "url2": "https://www.kaigokensaku.mhlw.go.jp/08/index.php?action_kouhyou_detail_004_kani=true&JigyosyoCd=0870401247-00&ServiceCd=430&Type=search" }, "geometry": { "type": "Point", "coordinates": [ 139.86372846773682, 36.194444693586384 ] } },
{ "type": "Feature", "properties": { "内容": "みどりの里指定居宅介護支援事業所【居宅介護支援】茨城県古河市東山田4796-2", "url2": "https://www.kaigokensaku.mhlw.go.jp/08/index.php?action_kouhyou_detail_004_kani=true&JigyosyoCd=0874300304-00&ServiceCd=430&Type=search" }, "geometry": { "type": "Point", "coordinates": [ 139.831216700000027, 36.1597244 ] } },
{ "type": "Feature", "properties": { "内容": "居宅介護支援センター　平成園【居宅介護支援】茨城県古河市旭町一丁目17番39号", "url2": "https://www.kaigokensaku.mhlw.go.jp/08/index.php?action_kouhyou_detail_004_kani=true&JigyosyoCd=0870400108-00&ServiceCd=430&Type=search" }, "geometry": { "type": "Point", "coordinates": [ 139.7217556, 36.197601 ] } },
{ "type": "Feature", "properties": { "内容": "老人介護支援センター事業　わたらせ【居宅介護支援】茨城県古河市大山字西野507番5", "url2": "https://www.kaigokensaku.mhlw.go.jp/08/index.php?action_kouhyou_detail_004_kani=true&JigyosyoCd=0870400181-00&ServiceCd=430&Type=search" }, "geometry": { "type": "Point", "coordinates": [ 139.714984, 36.147116 ] } },
{ "type": "Feature", "properties": { "内容": "総和中央病院　居宅介護支援事業所【居宅介護支援】茨城県古河市駒羽根825-1", "url2": "https://www.kaigokensaku.mhlw.go.jp/08/index.php?action_kouhyou_detail_004_kani=true&JigyosyoCd=0874300031-00&ServiceCd=430&Type=search" }, "geometry": { "type": "Point", "coordinates": [ 139.760101500000019, 36.1641157 ] } },
{ "type": "Feature", "properties": { "内容": "つぐみ居宅介護支援事業所総和【居宅介護支援】茨城県古河市西牛谷411-15セントラルアパートメント202", "url2": "https://www.kaigokensaku.mhlw.go.jp/08/index.php?action_kouhyou_detail_004_kani=true&JigyosyoCd=0870401957-00&ServiceCd=430&Type=search" }, "geometry": { "type": "Point", "coordinates": [ 139.744585699999988, 36.2003308 ] } },
{ "type": "Feature", "properties": { "内容": "居宅介護支援事業所ファミリー【居宅介護支援】茨城県古河市三杉町2-10-8", "url2": "https://www.kaigokensaku.mhlw.go.jp/08/index.php?action_kouhyou_detail_004_kani=true&JigyosyoCd=0870401502-00&ServiceCd=430&Type=search" }, "geometry": { "type": "Point", "coordinates": [ 139.7193529, 36.2056457 ] } },
{ "type": "Feature", "properties": { "内容": "ライフサポートふくろう居宅介護支援事業所【居宅介護支援】茨城県古河市尾崎２６３０番地１３", "url2": "https://www.kaigokensaku.mhlw.go.jp/08/index.php?action_kouhyou_detail_004_kani=true&JigyosyoCd=0874301039-00&ServiceCd=430&Type=search" }, "geometry": { "type": "Point", "coordinates": [ 139.845195061971253, 36.21359179618689 ] } },
{ "type": "Feature", "properties": { "内容": "居宅介護支援事業所　楠【居宅介護支援】茨城県古河市女沼400-1Le・Reve３０７", "url2": "https://www.kaigokensaku.mhlw.go.jp/08/index.php?action_kouhyou_detail_004_kani=true&JigyosyoCd=0870401718-00&ServiceCd=430&Type=search" }, "geometry": { "type": "Point", "coordinates": [ 139.74352, 36.1795895 ] } },
{ "type": "Feature", "properties": { "内容": "ケアプランセンターあんず【居宅介護支援】茨城県石岡市山崎3140-1", "url2": "https://www.kaigokensaku.mhlw.go.jp/08/index.php?action_kouhyou_detail_004_kani=true&JigyosyoCd=0870500733-00&ServiceCd=430&Type=search" }, "geometry": { "type": "Point", "coordinates": [ 140.248677300000054, 36.2463275 ] } },
{ "type": "Feature", "properties": { "内容": "居宅介護支援事業所チャーム【居宅介護支援】茨城県石岡市鹿の子4-5-31", "url2": "https://www.kaigokensaku.mhlw.go.jp/08/index.php?action_kouhyou_detail_004_kani=true&JigyosyoCd=0870501293-00&ServiceCd=430&Type=search" }, "geometry": { "type": "Point", "coordinates": [ 140.2528787, 36.2089228 ] } },
{ "type": "Feature", "properties": { "内容": "居宅介護支援センター　センチュリー石岡【居宅介護支援】茨城県石岡市三村字舘塚6286番地1", "url2": "https://www.kaigokensaku.mhlw.go.jp/08/index.php?action_kouhyou_detail_004_kani=true&JigyosyoCd=0870500063-00&ServiceCd=430&Type=search" }, "geometry": { "type": "Point", "coordinates": [ 140.27872739999998, 36.1527992 ] } },
{ "type": "Feature", "properties": { "内容": "明翠苑居宅介護支援センター【居宅介護支援】茨城県石岡市半ノ木11481-1", "url2": "https://www.kaigokensaku.mhlw.go.jp/08/index.php?action_kouhyou_detail_004_kani=true&JigyosyoCd=0870500030-00&ServiceCd=430&Type=search" }, "geometry": { "type": "Point", "coordinates": [ 140.271039500000029, 36.2344489 ] } },
{ "type": "Feature", "properties": { "内容": "ケアプランセンターかいじ【居宅介護支援】茨城県石岡市茨城1-4-33", "url2": "https://www.kaigokensaku.mhlw.go.jp/08/index.php?action_kouhyou_detail_004_kani=true&JigyosyoCd=0870500543-00&ServiceCd=430&Type=search" }, "geometry": { "type": "Point", "coordinates": [ 140.284468626072652, 36.180598797016657 ] } },
{ "type": "Feature", "properties": { "内容": "ケアプランセンターたかの【居宅介護支援】茨城県石岡市須釜１３４０－２２", "url2": "https://www.kaigokensaku.mhlw.go.jp/08/index.php?action_kouhyou_detail_004_kani=true&JigyosyoCd=0870501251-00&ServiceCd=430&Type=search" }, "geometry": { "type": "Point", "coordinates": [ 140.175531299999989, 36.2231583 ] } },
{ "type": "Feature", "properties": { "内容": "ウエルシア介護サービス石岡【居宅介護支援】茨城県石岡市石岡2280-2", "url2": "https://www.kaigokensaku.mhlw.go.jp/08/index.php?action_kouhyou_detail_004_kani=true&JigyosyoCd=0870500139-00&ServiceCd=430&Type=search" }, "geometry": { "type": "Point", "coordinates": [ 140.285572499999944, 36.2018833 ] } },
{ "type": "Feature", "properties": { "内容": "ケアセンターつかさ【居宅介護支援】茨城県石岡市中戸548番地1", "url2": "https://www.kaigokensaku.mhlw.go.jp/08/index.php?action_kouhyou_detail_004_kani=true&JigyosyoCd=0870501020-00&ServiceCd=430&Type=search" }, "geometry": { "type": "Point", "coordinates": [ 140.207471199999986, 36.2931649 ] } },
{ "type": "Feature", "properties": { "内容": "居宅介護支援事業所　ウイケア【居宅介護支援】茨城県石岡市行里川12951-1", "url2": "https://www.kaigokensaku.mhlw.go.jp/08/index.php?action_kouhyou_detail_004_kani=true&JigyosyoCd=0870501228-00&ServiceCd=430&Type=search" }, "geometry": { "type": "Point", "coordinates": [ 140.289627200000012, 36.2082118 ] } },
{ "type": "Feature", "properties": { "内容": "ケアプランセンターゆうゆう【居宅介護支援】石岡市大砂10528-14", "url2": "https://www.kaigokensaku.mhlw.go.jp/08/index.php?action_kouhyou_detail_004_kani=true&JigyosyoCd=0870501244-00&ServiceCd=430&Type=search" }, "geometry": { "type": "Point", "coordinates": [ 140.247907, 36.2258031 ] } },
{ "type": "Feature", "properties": { "内容": "居宅介護支援事業所「ハート２４」石岡事業所【居宅介護支援】茨城県石岡市府中一丁目3番地10号特別養護老人ホーム石岡陽だまり館", "url2": "https://www.kaigokensaku.mhlw.go.jp/08/index.php?action_kouhyou_detail_004_kani=true&JigyosyoCd=0870500378-00&ServiceCd=430&Type=search" }, "geometry": { "type": "Point", "coordinates": [ 140.275626453363003, 36.191518897509368 ] } },
{ "type": "Feature", "properties": { "内容": "社会福祉法人石岡市社会福祉協議会指定居宅介護支援事業所【居宅介護支援】茨城県石岡市大砂１０５２７-６ふれあいの里石岡ひまわりの館内", "url2": "https://www.kaigokensaku.mhlw.go.jp/08/index.php?action_kouhyou_detail_004_kani=true&JigyosyoCd=0870500576-00&ServiceCd=430&Type=search" }, "geometry": { "type": "Point", "coordinates": [ 140.249885133065817, 36.223588013083457 ] } },
{ "type": "Feature", "properties": { "内容": "けあらぼ【居宅介護支援】東光台４丁目１０番２４号", "url2": "https://www.kaigokensaku.mhlw.go.jp/08/index.php?action_kouhyou_detail_004_kani=true&JigyosyoCd=0870501335-00&ServiceCd=430&Type=search" }, "geometry": { "type": "Point", "coordinates": [ 140.305741274205047, 36.183965007338976 ] } },
{ "type": "Feature", "properties": { "内容": "指定居宅介護支援事業所　サン・テレ－ズ　ガーデン【居宅介護支援】茨城県石岡市東石岡5－3－11", "url2": "https://www.kaigokensaku.mhlw.go.jp/08/index.php?action_kouhyou_detail_004_kani=true&JigyosyoCd=0870501061-00&ServiceCd=430&Type=search" }, "geometry": { "type": "Point", "coordinates": [ 140.293148581055107, 36.191321521782768 ] } },
{ "type": "Feature", "properties": { "内容": "指定居宅介護支援事業所　八郷プロバンス【居宅介護支援】石岡市瓦谷766番地の28", "url2": "https://www.kaigokensaku.mhlw.go.jp/08/index.php?action_kouhyou_detail_004_kani=true&JigyosyoCd=0873900138-00&ServiceCd=430&Type=search" }, "geometry": { "type": "Point", "coordinates": [ 140.220418099999961, 36.2646323 ] } },
{ "type": "Feature", "properties": { "内容": "居宅介護支援事業所　サングリーンやさと【居宅介護支援】茨城県石岡市小倉443-1", "url2": "https://www.kaigokensaku.mhlw.go.jp/08/index.php?action_kouhyou_detail_004_kani=true&JigyosyoCd=0870501210-00&ServiceCd=430&Type=search" }, "geometry": { "type": "Point", "coordinates": [ 140.1706263, 36.2414556 ] } },
{ "type": "Feature", "properties": { "内容": "ケアプランセンターいしおか【居宅介護支援】茨城県石岡市東大橋1517-5", "url2": "https://www.kaigokensaku.mhlw.go.jp/08/index.php?action_kouhyou_detail_004_kani=true&JigyosyoCd=0870501269-00&ServiceCd=430&Type=search" }, "geometry": { "type": "Point", "coordinates": [ 140.317023399999982, 36.193712 ] } },
{ "type": "Feature", "properties": { "内容": "居宅介護支援事業所　ケア相談室上の台【居宅介護支援】茨城県石岡市下林487番地", "url2": "https://www.kaigokensaku.mhlw.go.jp/08/index.php?action_kouhyou_detail_004_kani=true&JigyosyoCd=0870501236-00&ServiceCd=430&Type=search" }, "geometry": { "type": "Point", "coordinates": [ 140.214041900000012, 36.2280624 ] } },
{ "type": "Feature", "properties": { "内容": "石岡第一病院在宅支援センター居宅介護支援事業所【居宅介護支援】茨城県石岡市東府中1-7", "url2": "https://www.kaigokensaku.mhlw.go.jp/08/index.php?action_kouhyou_detail_004_kani=true&JigyosyoCd=0810510123-00&ServiceCd=430&Type=search" }, "geometry": { "type": "Point", "coordinates": [ 140.293285500000025, 36.2034528 ] } },
{ "type": "Feature", "properties": { "内容": "ケアプランセンター　やさと【居宅介護支援】茨城県石岡市小倉442-1", "url2": "https://www.kaigokensaku.mhlw.go.jp/08/index.php?action_kouhyou_detail_004_kani=true&JigyosyoCd=0873900062-00&ServiceCd=430&Type=search" }, "geometry": { "type": "Point", "coordinates": [ 140.170209500000027, 36.2402818 ] } },
{ "type": "Feature", "properties": { "内容": "医療法人幕内会　指定居宅介護支援事業所あいあい【居宅介護支援】茨城県石岡市東石岡5-2-26", "url2": "https://www.kaigokensaku.mhlw.go.jp/08/index.php?action_kouhyou_detail_004_kani=true&JigyosyoCd=0870500444-00&ServiceCd=430&Type=search" }, "geometry": { "type": "Point", "coordinates": [ 140.292866946271147, 36.189148112824363 ] } },
{ "type": "Feature", "properties": { "内容": "メイプルケアプランセンター【居宅介護支援】茨城県石岡市旭台３丁目14-12オリエントビル２階　２０２号室", "url2": "https://www.kaigokensaku.mhlw.go.jp/08/index.php?action_kouhyou_detail_004_kani=true&JigyosyoCd=0870500642-00&ServiceCd=430&Type=search" }, "geometry": { "type": "Point", "coordinates": [ 140.306646900000032, 36.189733800000042 ] } },
{ "type": "Feature", "properties": { "内容": "やさしい手結城居宅介護支援事業所【居宅介護支援】結城9801-1", "url2": "https://www.kaigokensaku.mhlw.go.jp/08/index.php?action_kouhyou_detail_004_kani=true&JigyosyoCd=0870700697-00&ServiceCd=430&Type=search" }, "geometry": { "type": "Point", "coordinates": [ 139.8593913, 36.2904419 ] } },
{ "type": "Feature", "properties": { "内容": "あずみ苑　結城【居宅介護支援】茨城県結城市結城10638", "url2": "https://www.kaigokensaku.mhlw.go.jp/08/index.php?action_kouhyou_detail_004_kani=true&JigyosyoCd=0870700374-00&ServiceCd=430&Type=search" }, "geometry": { "type": "Point", "coordinates": [ 139.862381599999907, 36.3027029 ] } },
{ "type": "Feature", "properties": { "内容": "ツクイ　結城【居宅介護支援】茨城県結城市結城7189-8", "url2": "https://www.kaigokensaku.mhlw.go.jp/08/index.php?action_kouhyou_detail_004_kani=true&JigyosyoCd=0870700275-00&ServiceCd=430&Type=search" }, "geometry": { "type": "Point", "coordinates": [ 139.877477496296279, 36.291923411848416 ] } },
{ "type": "Feature", "properties": { "内容": "居宅介護支援事業所　ヒューマン・ハウス【居宅介護支援】茨城県結城市大字結城10767番地の24", "url2": "https://www.kaigokensaku.mhlw.go.jp/08/index.php?action_kouhyou_detail_004_kani=true&JigyosyoCd=0870700028-00&ServiceCd=430&Type=search" }, "geometry": { "type": "Point", "coordinates": [ 139.849740900000029, 36.3055358 ] } },
{ "type": "Feature", "properties": { "内容": "居宅介護支援事業所　小春日和【居宅介護支援】茨城県結城市結城12082-36", "url2": "https://www.kaigokensaku.mhlw.go.jp/08/index.php?action_kouhyou_detail_004_kani=true&JigyosyoCd=0870700721-00&ServiceCd=430&Type=search" }, "geometry": { "type": "Point", "coordinates": [ 139.8735336, 36.3168067 ] } },
{ "type": "Feature", "properties": { "内容": "しもふさの郷　居宅介護支援事業所【居宅介護支援】結城市大字武井1248番地1", "url2": "https://www.kaigokensaku.mhlw.go.jp/08/index.php?action_kouhyou_detail_004_kani=true&JigyosyoCd=0870700358-00&ServiceCd=430&Type=search" }, "geometry": { "type": "Point", "coordinates": [ 139.824813319712803, 36.233750448560578 ] } },
{ "type": "Feature", "properties": { "内容": "居宅介護支援事業所　茶釜の湯【居宅介護支援】茨城県結城市大字結城11299番地の1", "url2": "https://www.kaigokensaku.mhlw.go.jp/08/index.php?action_kouhyou_detail_004_kani=true&JigyosyoCd=0870700580-00&ServiceCd=430&Type=search" }, "geometry": { "type": "Point", "coordinates": [ 139.856787600000018, 36.3090637 ] } },
{ "type": "Feature", "properties": { "内容": "居宅介護支援事業所生きいき【居宅介護支援】結城市結城９１４３－２", "url2": "https://www.kaigokensaku.mhlw.go.jp/08/index.php?action_kouhyou_detail_004_kani=true&JigyosyoCd=0870700150-00&ServiceCd=430&Type=search" }, "geometry": { "type": "Point", "coordinates": [ 139.859760100000017, 36.2862711 ] } },
{ "type": "Feature", "properties": { "内容": "サニーライフ結城居宅介護支援事業所【居宅介護支援】茨城県結城市結城１４５２－１有料老人ホーム　サニーライフ結城", "url2": "https://www.kaigokensaku.mhlw.go.jp/08/index.php?action_kouhyou_detail_004_kani=true&JigyosyoCd=0870700440-00&ServiceCd=430&Type=search" }, "geometry": { "type": "Point", "coordinates": [ 139.8777379, 36.3058799 ] } },
{ "type": "Feature", "properties": { "内容": "居宅介護支援センターたけだ【居宅介護支援】茨城県結城市大字結城9628番地2介護老人保健施設　あんしん", "url2": "https://www.kaigokensaku.mhlw.go.jp/08/index.php?action_kouhyou_detail_004_kani=true&JigyosyoCd=0870700044-00&ServiceCd=430&Type=search" }, "geometry": { "type": "Point", "coordinates": [ 139.85527079916767, 36.288770514342765 ] } },
{ "type": "Feature", "properties": { "内容": "ふれんど結城居宅介護支援センター【居宅介護支援】茨城県結城市大字結城11766-3", "url2": "https://www.kaigokensaku.mhlw.go.jp/08/index.php?action_kouhyou_detail_004_kani=true&JigyosyoCd=0870700408-00&ServiceCd=430&Type=search" }, "geometry": { "type": "Point", "coordinates": [ 139.866845, 36.3092328 ] } },
{ "type": "Feature", "properties": { "内容": "ケアプランセンターいちえ【居宅介護支援】茨城県結城市上成２７番地２２", "url2": "https://www.kaigokensaku.mhlw.go.jp/08/index.php?action_kouhyou_detail_004_kani=true&JigyosyoCd=0870700804-00&ServiceCd=430&Type=search" }, "geometry": { "type": "Point", "coordinates": [ 139.8423783, 36.2740689 ] } },
{ "type": "Feature", "properties": { "内容": "指定居宅介護支援　涼風苑【居宅介護支援】茨城県龍ケ崎市貝原塚町3689", "url2": "https://www.kaigokensaku.mhlw.go.jp/08/index.php?action_kouhyou_detail_004_kani=true&JigyosyoCd=0870800018-00&ServiceCd=430&Type=search" }, "geometry": { "type": "Point", "coordinates": [ 140.188090099999954, 35.9421189 ] } },
{ "type": "Feature", "properties": { "内容": "居宅介護支援事業所　たつのこ【居宅介護支援】茨城県龍ケ崎市中根台1丁目4-1飯野ハイツA棟102", "url2": "https://www.kaigokensaku.mhlw.go.jp/08/index.php?action_kouhyou_detail_004_kani=true&JigyosyoCd=0870801222-00&ServiceCd=430&Type=search" }, "geometry": { "type": "Point", "coordinates": [ 140.168967913238248, 35.931463585243499 ] } },
{ "type": "Feature", "properties": { "内容": "そらとり居宅介護支援事業所【居宅介護支援】茨城県龍ケ崎市4474", "url2": "https://www.kaigokensaku.mhlw.go.jp/08/index.php?action_kouhyou_detail_004_kani=true&JigyosyoCd=0870801438-00&ServiceCd=430&Type=search" }, "geometry": { "type": "Point", "coordinates": [ 140.1823263, 35.9116106 ] } },
{ "type": "Feature", "properties": { "内容": "よつばケア居宅介護支援事業【居宅介護支援】城ノ内３丁目１１番地１７", "url2": "https://www.kaigokensaku.mhlw.go.jp/08/index.php?action_kouhyou_detail_004_kani=true&JigyosyoCd=0870801446-00&ServiceCd=430&Type=search" }, "geometry": { "type": "Point", "coordinates": [ 140.205209, 35.923072 ] } },
{ "type": "Feature", "properties": { "内容": "やすらぎの里居宅介護支援事業所【居宅介護支援】龍ヶ崎市大徳町字古川4965番地の1", "url2": "https://www.kaigokensaku.mhlw.go.jp/08/index.php?action_kouhyou_detail_004_kani=true&JigyosyoCd=0870800109-00&ServiceCd=430&Type=search" }, "geometry": { "type": "Point", "coordinates": [ 140.200904600000058, 35.9021707 ] } },
{ "type": "Feature", "properties": { "内容": "居宅介護支援事業　龍ケ岡【居宅介護支援】茨城県龍ケ崎市中里１－１－１７", "url2": "https://www.kaigokensaku.mhlw.go.jp/08/index.php?action_kouhyou_detail_004_kani=true&JigyosyoCd=0870800356-00&ServiceCd=430&Type=search" }, "geometry": { "type": "Point", "coordinates": [ 140.2019934, 35.9294766 ] } },
{ "type": "Feature", "properties": { "内容": "訪問看護ステーション龍ケ崎【居宅介護支援】茨城県龍ヶ崎市3710番地龍ケ崎市庁舎附属棟２階", "url2": "https://www.kaigokensaku.mhlw.go.jp/08/index.php?action_kouhyou_detail_004_kani=true&JigyosyoCd=0860890011-00&ServiceCd=430&Type=search" }, "geometry": { "type": "Point", "coordinates": [ 140.18197685158998, 35.91185624868919 ] } },
{ "type": "Feature", "properties": { "内容": "指定居宅介護支援事業所　もみじ館【居宅介護支援】茨城県龍ケ崎市寺後３９３７－１０", "url2": "https://www.kaigokensaku.mhlw.go.jp/08/index.php?action_kouhyou_detail_004_kani=true&JigyosyoCd=0870800695-00&ServiceCd=430&Type=search" }, "geometry": { "type": "Point", "coordinates": [ 140.182873, 35.9078693 ] } },
{ "type": "Feature", "properties": { "内容": "居宅介護支援事業所いっしん龍ケ崎【居宅介護支援】茨城県龍ケ崎市白羽4-4-68", "url2": "https://www.kaigokensaku.mhlw.go.jp/08/index.php?action_kouhyou_detail_004_kani=true&JigyosyoCd=0870801016-00&ServiceCd=430&Type=search" }, "geometry": { "type": "Point", "coordinates": [ 140.219526272463099, 35.925826921899258 ] } },
{ "type": "Feature", "properties": { "内容": "牛尾病院指定居宅介護支援事業所【居宅介護支援】茨城県龍ケ崎市川崎町９８", "url2": "https://www.kaigokensaku.mhlw.go.jp/08/index.php?action_kouhyou_detail_004_kani=true&JigyosyoCd=0870800174-00&ServiceCd=430&Type=search" }, "geometry": { "type": "Point", "coordinates": [ 140.146725708760101, 35.926449347263834 ] } },
{ "type": "Feature", "properties": { "内容": "竜成園　居宅介護支援事業所【居宅介護支援】龍ケ崎市半田町1388番地", "url2": "https://www.kaigokensaku.mhlw.go.jp/08/index.php?action_kouhyou_detail_004_kani=true&JigyosyoCd=0870800059-00&ServiceCd=430&Type=search" }, "geometry": { "type": "Point", "coordinates": [ 140.2366032, 35.9204027 ] } },
{ "type": "Feature", "properties": { "内容": "居宅介護支援事業所　ビオラセア【居宅介護支援】茨城県龍ヶ崎市字野原1360-1", "url2": "https://www.kaigokensaku.mhlw.go.jp/08/index.php?action_kouhyou_detail_004_kani=true&JigyosyoCd=0870801289-00&ServiceCd=430&Type=search" }, "geometry": { "type": "Point", "coordinates": [ 140.203228639286806, 35.910559051665139 ] } },
{ "type": "Feature", "properties": { "内容": "けあの和　居宅介護支援事業所【居宅介護支援】上町4675-2ラメール・ノバ103", "url2": "https://www.kaigokensaku.mhlw.go.jp/08/index.php?action_kouhyou_detail_004_kani=true&JigyosyoCd=0870801479-00&ServiceCd=430&Type=search" }, "geometry": { "type": "Point", "coordinates": [ 134.2490861, 35.5007686 ] } },
{ "type": "Feature", "properties": { "内容": "指定居宅介護支援事業所リカステ【居宅介護支援】茨城県龍ケ崎市馴馬町3120", "url2": "https://www.kaigokensaku.mhlw.go.jp/08/index.php?action_kouhyou_detail_004_kani=true&JigyosyoCd=0870801230-00&ServiceCd=430&Type=search" }, "geometry": { "type": "Point", "coordinates": [ 140.175531299999989, 35.9203618 ] } },
{ "type": "Feature", "properties": { "内容": "ルーエしもつま居宅介護支援事業所【居宅介護支援】茨城県下妻市江1832", "url2": "https://www.kaigokensaku.mhlw.go.jp/08/index.php?action_kouhyou_detail_004_kani=true&JigyosyoCd=0871000071-00&ServiceCd=430&Type=search" }, "geometry": { "type": "Point", "coordinates": [ 139.934668699999946, 36.2283614 ] } },
{ "type": "Feature", "properties": { "内容": "だいほうの杜居宅介護支援事業所【居宅介護支援】北大宝632", "url2": "https://www.kaigokensaku.mhlw.go.jp/08/index.php?action_kouhyou_detail_004_kani=true&JigyosyoCd=0871001095-00&ServiceCd=430&Type=search" }, "geometry": { "type": "Point", "coordinates": [ 139.974747400000069, 36.2096163 ] } },
{ "type": "Feature", "properties": { "内容": "大きな木居宅介護支援事業所【居宅介護支援】茨城県下妻市大木２５３－１", "url2": "https://www.kaigokensaku.mhlw.go.jp/08/index.php?action_kouhyou_detail_004_kani=true&JigyosyoCd=0871000857-00&ServiceCd=430&Type=search" }, "geometry": { "type": "Point", "coordinates": [ 139.956496199999947, 36.2087275 ] } },
{ "type": "Feature", "properties": { "内容": "居宅介護支援事業所しもつま【居宅介護支援】茨城県下妻市長塚82番地1", "url2": "https://www.kaigokensaku.mhlw.go.jp/08/index.php?action_kouhyou_detail_004_kani=true&JigyosyoCd=0871000063-00&ServiceCd=430&Type=search" }, "geometry": { "type": "Point", "coordinates": [ 139.952318132876428, 36.184142494271022 ] } },
{ "type": "Feature", "properties": { "内容": "居宅介護支援事業所かがやき【居宅介護支援】茨城県下妻市中居指199-1", "url2": "https://www.kaigokensaku.mhlw.go.jp/08/index.php?action_kouhyou_detail_004_kani=true&JigyosyoCd=0871001111-00&ServiceCd=430&Type=search" }, "geometry": { "type": "Point", "coordinates": [ 139.9397088, 36.1782621 ] } },
{ "type": "Feature", "properties": { "内容": "指定居宅介護支援事業所加養の里【居宅介護支援】茨城県下妻市加養493番地", "url2": "https://www.kaigokensaku.mhlw.go.jp/08/index.php?action_kouhyou_detail_004_kani=true&JigyosyoCd=0871000758-00&ServiceCd=430&Type=search" }, "geometry": { "type": "Point", "coordinates": [ 139.986112, 36.178053 ] } },
{ "type": "Feature", "properties": { "内容": "下妻社協ケアセンター【居宅介護支援】茨城県下妻市別府545番地", "url2": "https://www.kaigokensaku.mhlw.go.jp/08/index.php?action_kouhyou_detail_004_kani=true&JigyosyoCd=0871000030-00&ServiceCd=430&Type=search" }, "geometry": { "type": "Point", "coordinates": [ 139.93982010000002, 36.149606 ] } },
{ "type": "Feature", "properties": { "内容": "介護老人保健施設しろかね　居宅介護支援事業所【居宅介護支援】下妻市下栗１２１７", "url2": "https://www.kaigokensaku.mhlw.go.jp/08/index.php?action_kouhyou_detail_004_kani=true&JigyosyoCd=0874200066-00&ServiceCd=430&Type=search" }, "geometry": { "type": "Point", "coordinates": [ 139.958779, 36.1640242 ] } },
{ "type": "Feature", "properties": { "内容": "ケアプランセンターふれあい【居宅介護支援】茨城県常総市杉山８９５－４", "url2": "https://www.kaigokensaku.mhlw.go.jp/08/index.php?action_kouhyou_detail_004_kani=true&JigyosyoCd=0871100673-00&ServiceCd=430&Type=search" }, "geometry": { "type": "Point", "coordinates": [ 139.948181400000067, 36.1189092 ] } },
{ "type": "Feature", "properties": { "内容": "ケアプランセンターはにかむ【居宅介護支援】茨城県常総市菅生町4733", "url2": "https://www.kaigokensaku.mhlw.go.jp/08/index.php?action_kouhyou_detail_004_kani=true&JigyosyoCd=0871100806-00&ServiceCd=430&Type=search" }, "geometry": { "type": "Point", "coordinates": [ 139.937392100000011, 35.996023 ] } },
{ "type": "Feature", "properties": { "内容": "アドバンス居宅介護支援事業所【居宅介護支援】茨城県常総市水海道天満町4771-1隼人ハイツ207号", "url2": "https://www.kaigokensaku.mhlw.go.jp/08/index.php?action_kouhyou_detail_004_kani=true&JigyosyoCd=0871100954-00&ServiceCd=430&Type=search" }, "geometry": { "type": "Point", "coordinates": [ 139.986796800000036, 36.0114728 ] } },
{ "type": "Feature", "properties": { "内容": "筑波キングス・ガーデン居宅介護支援事業所【居宅介護支援】茨城県常総市大生郷町1818-2", "url2": "https://www.kaigokensaku.mhlw.go.jp/08/index.php?action_kouhyou_detail_004_kani=true&JigyosyoCd=0871100012-00&ServiceCd=430&Type=search" }, "geometry": { "type": "Point", "coordinates": [ 139.949130100000048, 36.0672322 ] } },
{ "type": "Feature", "properties": { "内容": "居宅介護支援事業所　Ｌ・ハーモニー石下【居宅介護支援】原宿１１５５", "url2": "https://www.kaigokensaku.mhlw.go.jp/08/index.php?action_kouhyou_detail_004_kani=true&JigyosyoCd=0871100475-00&ServiceCd=430&Type=search" }, "geometry": { "type": "Point", "coordinates": [ 139.969301200000018, 36.1345662 ] } },
{ "type": "Feature", "properties": { "内容": "水海道ケアセンターそよ風【居宅介護支援】常総市水海道天満町1785-1", "url2": "https://www.kaigokensaku.mhlw.go.jp/08/index.php?action_kouhyou_detail_004_kani=true&JigyosyoCd=0871100178-00&ServiceCd=430&Type=search" }, "geometry": { "type": "Point", "coordinates": [ 139.984132199999976, 36.0150165 ] } },
{ "type": "Feature", "properties": { "内容": "よしの荘指定居宅介護支援事業所【居宅介護支援】茨城県常総市上蛇町１８８８－１", "url2": "https://www.kaigokensaku.mhlw.go.jp/08/index.php?action_kouhyou_detail_004_kani=true&JigyosyoCd=0871100038-00&ServiceCd=430&Type=search" }, "geometry": { "type": "Point", "coordinates": [ 140.001316399999951, 36.0736523 ] } },
{ "type": "Feature", "properties": { "内容": "指定居宅介護支援事業所　筑水苑【居宅介護支援】茨城県常総市水海道天満町4801-2フィールドＴＨＲＥＥ１０１号室", "url2": "https://www.kaigokensaku.mhlw.go.jp/08/index.php?action_kouhyou_detail_004_kani=true&JigyosyoCd=0871100269-00&ServiceCd=430&Type=search" }, "geometry": { "type": "Point", "coordinates": [ 139.985513627480032, 36.013436450902887 ] } },
{ "type": "Feature", "properties": { "内容": "居宅介護支援事業所　きぬ医師会病院【居宅介護支援】茨城県常総市新井木町13番地3", "url2": "https://www.kaigokensaku.mhlw.go.jp/08/index.php?action_kouhyou_detail_004_kani=true&JigyosyoCd=0871100020-00&ServiceCd=430&Type=search" }, "geometry": { "type": "Point", "coordinates": [ 139.998363499999982, 36.0252019 ] } },
{ "type": "Feature", "properties": { "内容": "ウエルシア介護サービス常総【居宅介護支援】茨城県常総市新石下3930-1", "url2": "https://www.kaigokensaku.mhlw.go.jp/08/index.php?action_kouhyou_detail_004_kani=true&JigyosyoCd=0871100319-00&ServiceCd=430&Type=search" }, "geometry": { "type": "Point", "coordinates": [ 139.9776928, 36.1105416 ] } },
{ "type": "Feature", "properties": { "内容": "けんちの苑居宅介護支援センター【居宅介護支援】常総市豊岡町丙3264", "url2": "https://www.kaigokensaku.mhlw.go.jp/08/index.php?action_kouhyou_detail_004_kani=true&JigyosyoCd=0871100053-00&ServiceCd=430&Type=search" }, "geometry": { "type": "Point", "coordinates": [ 139.973113300000023, 36.0299288 ] } },
{ "type": "Feature", "properties": { "内容": "居宅介護支援事業所「ふなもと」【居宅介護支援】茨城県常総市花島町146番地1", "url2": "https://www.kaigokensaku.mhlw.go.jp/08/index.php?action_kouhyou_detail_004_kani=true&JigyosyoCd=0871100749-00&ServiceCd=430&Type=search" }, "geometry": { "type": "Point", "coordinates": [ 139.9725657, 36.076902900000015 ] } },
{ "type": "Feature", "properties": { "内容": "ケアプランセンター彩葉【居宅介護支援】茨城県常総市新石下８１番地１", "url2": "https://www.kaigokensaku.mhlw.go.jp/08/index.php?action_kouhyou_detail_004_kani=true&JigyosyoCd=0871100558-00&ServiceCd=430&Type=search" }, "geometry": { "type": "Point", "coordinates": [ 139.9704867, 36.1078263 ] } },
{ "type": "Feature", "properties": { "内容": "ラポール居宅介護支援事業所【居宅介護支援】茨城県常総市舘方１038", "url2": "https://www.kaigokensaku.mhlw.go.jp/08/index.php?action_kouhyou_detail_004_kani=true&JigyosyoCd=0871100285-00&ServiceCd=430&Type=search" }, "geometry": { "type": "Point", "coordinates": [ 139.993787900000029, 36.1290398 ] } },
{ "type": "Feature", "properties": { "内容": "居宅介護支援事業所ケアパーク【居宅介護支援】常総市水海道山田町4541-2", "url2": "https://www.kaigokensaku.mhlw.go.jp/08/index.php?action_kouhyou_detail_004_kani=true&JigyosyoCd=0871100905-00&ServiceCd=430&Type=search" }, "geometry": { "type": "Point", "coordinates": [ 139.989405400000038, 36.0159199 ] } },
{ "type": "Feature", "properties": { "内容": "ケアプランセンター千の杜【居宅介護支援】茨城県常総市菅生町1319番地１", "url2": "https://www.kaigokensaku.mhlw.go.jp/08/index.php?action_kouhyou_detail_004_kani=true&JigyosyoCd=0871100590-00&ServiceCd=430&Type=search" }, "geometry": { "type": "Point", "coordinates": [ 139.933491923801, 35.988688171056928 ] } },
{ "type": "Feature", "properties": { "内容": "筑波メディカルセンター居宅介護支援事業所いしげ【居宅介護支援】茨城県常総市新石下3768番地", "url2": "https://www.kaigokensaku.mhlw.go.jp/08/index.php?action_kouhyou_detail_004_kani=true&JigyosyoCd=0871100871-00&ServiceCd=430&Type=search" }, "geometry": { "type": "Point", "coordinates": [ 139.9771939, 36.110641 ] } },
{ "type": "Feature", "properties": { "内容": "いばらきのケア　居宅介護支援事業所ひたちおおた【居宅介護支援】茨城県常陸太田市木崎二町849", "url2": "https://www.kaigokensaku.mhlw.go.jp/08/index.php?action_kouhyou_detail_004_kani=true&JigyosyoCd=0871200630-00&ServiceCd=430&Type=search" }, "geometry": { "type": "Point", "coordinates": [ 140.524548463507017, 36.534022845289904 ] } },
{ "type": "Feature", "properties": { "内容": "社会福祉法人　聖愛会　瑞竜温泉居宅介護支援センター【居宅介護支援】瑞龍町50番3", "url2": "https://www.kaigokensaku.mhlw.go.jp/08/index.php?action_kouhyou_detail_004_kani=true&JigyosyoCd=0871200770-00&ServiceCd=430&Type=search" }, "geometry": { "type": "Point", "coordinates": [ 140.534860213491839, 36.563154170914324 ] } },
{ "type": "Feature", "properties": { "内容": "松栄荘　居宅介護支援事業所【居宅介護支援】茨城県常陸太田市箕町８４４番地の１", "url2": "https://www.kaigokensaku.mhlw.go.jp/08/index.php?action_kouhyou_detail_004_kani=true&JigyosyoCd=0873400014-00&ServiceCd=430&Type=search" }, "geometry": { "type": "Point", "coordinates": [ 140.445505599999933, 36.5609996 ] } },
{ "type": "Feature", "properties": { "内容": "居宅介護支援事業所　ブレインピア【居宅介護支援】茨城県常陸太田市稲木町893-1ライフピア稲木2F", "url2": "https://www.kaigokensaku.mhlw.go.jp/08/index.php?action_kouhyou_detail_004_kani=true&JigyosyoCd=0871200937-00&ServiceCd=430&Type=search" }, "geometry": { "type": "Point", "coordinates": [ 140.510307099999977, 36.529172 ] } },
{ "type": "Feature", "properties": { "内容": "指定居宅介護支援事業所　藤井ハイム常陸太田【居宅介護支援】茨城県常陸太田市新宿町1427番3", "url2": "https://www.kaigokensaku.mhlw.go.jp/08/index.php?action_kouhyou_detail_004_kani=true&JigyosyoCd=0871200838-00&ServiceCd=430&Type=search" }, "geometry": { "type": "Point", "coordinates": [ 140.511934200000042, 36.546806 ] } },
{ "type": "Feature", "properties": { "内容": "介護支援センター　ハートランド【居宅介護支援】茨城県常陸太田市馬場町８６", "url2": "https://www.kaigokensaku.mhlw.go.jp/08/index.php?action_kouhyou_detail_004_kani=true&JigyosyoCd=0871200184-00&ServiceCd=430&Type=search" }, "geometry": { "type": "Point", "coordinates": [ 140.530091, 36.5503786 ] } },
{ "type": "Feature", "properties": { "内容": "居宅介護支援事業所　はなてまり【居宅介護支援】茨城県常陸太田市下利員町1262番地の1", "url2": "https://www.kaigokensaku.mhlw.go.jp/08/index.php?action_kouhyou_detail_004_kani=true&JigyosyoCd=0871200440-00&ServiceCd=430&Type=search" }, "geometry": { "type": "Point", "coordinates": [ 140.4482199, 36.5672819 ] } },
{ "type": "Feature", "properties": { "内容": "ケアプランセンター花【居宅介護支援】茨城県常陸太田市大里町2833番地3", "url2": "https://www.kaigokensaku.mhlw.go.jp/08/index.php?action_kouhyou_detail_004_kani=true&JigyosyoCd=0871200994-00&ServiceCd=430&Type=search" }, "geometry": { "type": "Point", "coordinates": [ 140.4848005, 36.531613 ] } },
{ "type": "Feature", "properties": { "内容": "ケアプランセンター　ウィズ西山【居宅介護支援】木崎二町931-2", "url2": "https://www.kaigokensaku.mhlw.go.jp/08/index.php?action_kouhyou_detail_004_kani=true&JigyosyoCd=0871200606-00&ServiceCd=430&Type=search" }, "geometry": { "type": "Point", "coordinates": [ 140.524475700000011, 36.5318633 ] } },
{ "type": "Feature", "properties": { "内容": "指定居宅介護支援事業所　西山苑【居宅介護支援】茨城県常陸太田市木崎二町９３７－２", "url2": "https://www.kaigokensaku.mhlw.go.jp/08/index.php?action_kouhyou_detail_004_kani=true&JigyosyoCd=0871200028-00&ServiceCd=430&Type=search" }, "geometry": { "type": "Point", "coordinates": [ 140.5251227, 36.53126 ] } },
{ "type": "Feature", "properties": { "内容": "介護支援　まつもと【居宅介護支援】常陸太田市天下野町7064", "url2": "https://www.kaigokensaku.mhlw.go.jp/08/index.php?action_kouhyou_detail_004_kani=true&JigyosyoCd=0871200507-00&ServiceCd=430&Type=search" }, "geometry": { "type": "Point", "coordinates": [ 140.483806387950324, 36.646027038801442 ] } },
{ "type": "Feature", "properties": { "内容": "居宅支援事業所・ひばり【居宅介護支援】茨城県常陸太田市真弓町1953－2", "url2": "https://www.kaigokensaku.mhlw.go.jp/08/index.php?action_kouhyou_detail_004_kani=true&JigyosyoCd=0871200572-00&ServiceCd=430&Type=search" }, "geometry": { "type": "Point", "coordinates": [ 140.570533100000034, 36.529688 ] } },
{ "type": "Feature", "properties": { "内容": "指定居宅介護支援事業所「まごころ」【居宅介護支援】茨城県常陸太田市稲木町33", "url2": "https://www.kaigokensaku.mhlw.go.jp/08/index.php?action_kouhyou_detail_004_kani=true&JigyosyoCd=0871200010-00&ServiceCd=430&Type=search" }, "geometry": { "type": "Point", "coordinates": [ 140.523883699999942, 36.5305806 ] } },
{ "type": "Feature", "properties": { "内容": "誠信園　居宅介護支援事業所【居宅介護支援】茨城県常陸太田市和久町864-1", "url2": "https://www.kaigokensaku.mhlw.go.jp/08/index.php?action_kouhyou_detail_004_kani=true&JigyosyoCd=0873400030-00&ServiceCd=430&Type=search" }, "geometry": { "type": "Point", "coordinates": [ 140.479223499999989, 36.6141303 ] } },
{ "type": "Feature", "properties": { "内容": "居宅介護支援事業所　えみの里【居宅介護支援】茨城県常陸太田市徳田町143番地", "url2": "https://www.kaigokensaku.mhlw.go.jp/08/index.php?action_kouhyou_detail_004_kani=true&JigyosyoCd=0871200333-00&ServiceCd=430&Type=search" }, "geometry": { "type": "Point", "coordinates": [ 140.48294, 36.7732189 ] } },
{ "type": "Feature", "properties": { "内容": "根本医院　みはらし【居宅介護支援】茨城県常陸太田市久米町200", "url2": "https://www.kaigokensaku.mhlw.go.jp/08/index.php?action_kouhyou_detail_004_kani=true&JigyosyoCd=0873400287-00&ServiceCd=430&Type=search" }, "geometry": { "type": "Point", "coordinates": [ 140.476768099999958, 36.5409196 ] } },
{ "type": "Feature", "properties": { "内容": "ひたち太田ケアプランセンター【居宅介護支援】茨城県常陸太田市幡町278番地の37ひたち太田家庭医療診療所内", "url2": "https://www.kaigokensaku.mhlw.go.jp/08/index.php?action_kouhyou_detail_004_kani=true&JigyosyoCd=0871200945-00&ServiceCd=430&Type=search" }, "geometry": { "type": "Point", "coordinates": [ 140.544199497374365, 36.543849057686323 ] } },
{ "type": "Feature", "properties": { "内容": "ふらわあケアプラン太田【居宅介護支援】山下町3972ハイライフシーマ102", "url2": "https://www.kaigokensaku.mhlw.go.jp/08/index.php?action_kouhyou_detail_004_kani=true&JigyosyoCd=0871200986-00&ServiceCd=430&Type=search" }, "geometry": { "type": "Point", "coordinates": [ 139.6475969, 35.4437472 ] } },
{ "type": "Feature", "properties": { "内容": "聖孝園高萩東口　居宅介護支援センター【居宅介護支援】茨城県高萩市東本町二丁目７３番地８号", "url2": "https://www.kaigokensaku.mhlw.go.jp/08/index.php?action_kouhyou_detail_004_kani=true&JigyosyoCd=0871400396-00&ServiceCd=430&Type=search" }, "geometry": { "type": "Point", "coordinates": [ 140.7183599, 36.715142 ] } },
{ "type": "Feature", "properties": { "内容": "居宅介護支援　わたげ【居宅介護支援】茨城県　高萩市　春日町　２－２７サンシャイン高萩　Ｂ棟　３０１", "url2": "https://www.kaigokensaku.mhlw.go.jp/08/index.php?action_kouhyou_detail_004_kani=true&JigyosyoCd=0871400511-00&ServiceCd=430&Type=search" }, "geometry": { "type": "Point", "coordinates": [ 140.714890636245741, 36.715460217402942 ] } },
{ "type": "Feature", "properties": { "内容": "介護老人保健施設ノア居宅介護支援事業所【居宅介護支援】茨城県高萩市高浜町３－１５４－１", "url2": "https://www.kaigokensaku.mhlw.go.jp/08/index.php?action_kouhyou_detail_004_kani=true&JigyosyoCd=0851480020-00&ServiceCd=430&Type=search" }, "geometry": { "type": "Point", "coordinates": [ 140.717926600000027, 36.7021519 ] } },
{ "type": "Feature", "properties": { "内容": "医療法人博順会　指定居宅介護支援事業所【居宅介護支援】茨城県高萩市秋山６２５", "url2": "https://www.kaigokensaku.mhlw.go.jp/08/index.php?action_kouhyou_detail_004_kani=true&JigyosyoCd=0871400032-00&ServiceCd=430&Type=search" }, "geometry": { "type": "Point", "coordinates": [ 140.684970300000032, 36.7152799 ] } },
{ "type": "Feature", "properties": { "内容": "居宅介護支援センター　高萩聖孝園【居宅介護支援】茨城県高萩市大字上手綱2番地", "url2": "https://www.kaigokensaku.mhlw.go.jp/08/index.php?action_kouhyou_detail_004_kani=true&JigyosyoCd=0871400313-00&ServiceCd=430&Type=search" }, "geometry": { "type": "Point", "coordinates": [ 140.703016299999945, 36.7358113 ] } },
{ "type": "Feature", "properties": { "内容": "有限会社　七福神　　　七福神介護支援ステーション【居宅介護支援】茨城県高萩市肥前町2丁目3-115　1F", "url2": "https://www.kaigokensaku.mhlw.go.jp/08/index.php?action_kouhyou_detail_004_kani=true&JigyosyoCd=0871400370-00&ServiceCd=430&Type=search" }, "geometry": { "type": "Point", "coordinates": [ 140.722617649331596, 36.719501642991055 ] } },
{ "type": "Feature", "properties": { "内容": "高萩市社会福祉協議会　指定居宅介護支援事業所【居宅介護支援】高萩市春日町3-10高萩市総合福祉センター", "url2": "https://www.kaigokensaku.mhlw.go.jp/08/index.php?action_kouhyou_detail_004_kani=true&JigyosyoCd=0871400016-00&ServiceCd=430&Type=search" }, "geometry": { "type": "Point", "coordinates": [ 140.717096, 36.7195831 ] } },
{ "type": "Feature", "properties": { "内容": "多賀医師会訪問看護ステーション【居宅介護支援】茨城県高萩市本町１－２０８", "url2": "https://www.kaigokensaku.mhlw.go.jp/08/index.php?action_kouhyou_detail_004_kani=true&JigyosyoCd=0871400271-00&ServiceCd=430&Type=search" }, "geometry": { "type": "Point", "coordinates": [ 140.7081605, 36.713064200000034 ] } },
{ "type": "Feature", "properties": { "内容": "松籟荘居宅介護支援事業所【居宅介護支援】茨城県高萩市下手綱１９５１－８", "url2": "https://www.kaigokensaku.mhlw.go.jp/08/index.php?action_kouhyou_detail_004_kani=true&JigyosyoCd=0871400545-00&ServiceCd=430&Type=search" }, "geometry": { "type": "Point", "coordinates": [ 140.691145799999958, 36.7281532 ] } },
{ "type": "Feature", "properties": { "内容": "居宅介護支援センター山の湯別館【居宅介護支援】茨城県高萩市島名1511", "url2": "https://www.kaigokensaku.mhlw.go.jp/08/index.php?action_kouhyou_detail_004_kani=true&JigyosyoCd=0871400586-00&ServiceCd=430&Type=search" }, "geometry": { "type": "Point", "coordinates": [ 140.692348900000013, 36.7064555 ] } },
{ "type": "Feature", "properties": { "内容": "居宅介護支援センター山の湯【居宅介護支援】茨城県高萩市上手綱３０２８", "url2": "https://www.kaigokensaku.mhlw.go.jp/08/index.php?action_kouhyou_detail_004_kani=true&JigyosyoCd=0871400412-00&ServiceCd=430&Type=search" }, "geometry": { "type": "Point", "coordinates": [ 140.681870099999969, 36.7503339 ] } },
{ "type": "Feature", "properties": { "内容": "ケアプラン　オリーブ【居宅介護支援】本町2-219メゾン・ルージュ202", "url2": "https://www.kaigokensaku.mhlw.go.jp/08/index.php?action_kouhyou_detail_004_kani=true&JigyosyoCd=0871400602-00&ServiceCd=430&Type=search" }, "geometry": { "type": "Point", "coordinates": [ 135.4998578, 34.6841133 ] } },
{ "type": "Feature", "properties": { "内容": "高萩それいゆ病院　指定居宅介護支援事業所【居宅介護支援】茨城県高萩市上手綱赤塚268", "url2": "https://www.kaigokensaku.mhlw.go.jp/08/index.php?action_kouhyou_detail_004_kani=true&JigyosyoCd=0811410224-00&ServiceCd=430&Type=search" }, "geometry": { "type": "Point", "coordinates": [ 140.696058071008338, 36.729364080428944 ] } },
{ "type": "Feature", "properties": { "内容": "ケアプランセンター　おはよう館【居宅介護支援】北茨城市磯原町磯原字前大沢1919-4", "url2": "https://www.kaigokensaku.mhlw.go.jp/08/index.php?action_kouhyou_detail_004_kani=true&JigyosyoCd=0871500104-00&ServiceCd=430&Type=search" }, "geometry": { "type": "Point", "coordinates": [ 140.755234687478008, 36.812499036002698 ] } },
{ "type": "Feature", "properties": { "内容": "ケアマネ事務所　海風【居宅介護支援】茨城県北茨城市磯原町磯原２５５３番地の９０", "url2": "https://www.kaigokensaku.mhlw.go.jp/08/index.php?action_kouhyou_detail_004_kani=true&JigyosyoCd=0871500690-00&ServiceCd=430&Type=search" }, "geometry": { "type": "Point", "coordinates": [ 140.759567599999968, 36.8035918 ] } },
{ "type": "Feature", "properties": { "内容": "ケアプランセンター　きずな【居宅介護支援】茨城県北茨城市大津町五浦1丁目99-1", "url2": "https://www.kaigokensaku.mhlw.go.jp/08/index.php?action_kouhyou_detail_004_kani=true&JigyosyoCd=0871500427-00&ServiceCd=430&Type=search" }, "geometry": { "type": "Point", "coordinates": [ 140.800379689285222, 36.829583472569134 ] } },
{ "type": "Feature", "properties": { "内容": "夢なかま居宅介護支援事業所【居宅介護支援】茨城県北茨城市中郷町粟野１２０５－５", "url2": "https://www.kaigokensaku.mhlw.go.jp/08/index.php?action_kouhyou_detail_004_kani=true&JigyosyoCd=0871500534-00&ServiceCd=430&Type=search" }, "geometry": { "type": "Point", "coordinates": [ 140.718544299999962, 36.768881 ] } },
{ "type": "Feature", "properties": { "内容": "介護プラン　めいと【居宅介護支援】茨城県北茨城市磯原町磯原４－８", "url2": "https://www.kaigokensaku.mhlw.go.jp/08/index.php?action_kouhyou_detail_004_kani=true&JigyosyoCd=0871500815-00&ServiceCd=430&Type=search" }, "geometry": { "type": "Point", "coordinates": [ 140.742242942080651, 36.794721133058225 ] } },
{ "type": "Feature", "properties": { "内容": "樹楽　居宅介護支援事業所【居宅介護支援】茨城県北茨城市大津町北町2-1-5", "url2": "https://www.kaigokensaku.mhlw.go.jp/08/index.php?action_kouhyou_detail_004_kani=true&JigyosyoCd=0871500872-00&ServiceCd=430&Type=search" }, "geometry": { "type": "Point", "coordinates": [ 140.7786671, 36.8458165 ] } },
{ "type": "Feature", "properties": { "内容": "ケアプラン　ラボ【居宅介護支援】茨城県北茨城市磯原町磯原4-5-2めいとテナントⅡ-1号室", "url2": "https://www.kaigokensaku.mhlw.go.jp/08/index.php?action_kouhyou_detail_004_kani=true&JigyosyoCd=0871500914-00&ServiceCd=430&Type=search" }, "geometry": { "type": "Point", "coordinates": [ 140.742399628172308, 36.794053648733815 ] } },
{ "type": "Feature", "properties": { "内容": "デイドリーム【居宅介護支援】北茨城市中郷町汐見ヶ丘５丁目１９７番地の２５", "url2": "https://www.kaigokensaku.mhlw.go.jp/08/index.php?action_kouhyou_detail_004_kani=true&JigyosyoCd=0871500245-00&ServiceCd=430&Type=search" }, "geometry": { "type": "Point", "coordinates": [ 140.733330600000045, 36.7652502 ] } },
{ "type": "Feature", "properties": { "内容": "居宅介護支援事業所　エスコート磯原【居宅介護支援】北茨城市華川町車1145-65", "url2": "https://www.kaigokensaku.mhlw.go.jp/08/index.php?action_kouhyou_detail_004_kani=true&JigyosyoCd=0871500401-00&ServiceCd=430&Type=search" }, "geometry": { "type": "Point", "coordinates": [ 140.739701599999989, 36.8182424 ] } },
{ "type": "Feature", "properties": { "内容": "北茨城市社協ケアプランナー「のぞみ」【居宅介護支援】茨城県北茨城市磯原町本町2－4－16", "url2": "https://www.kaigokensaku.mhlw.go.jp/08/index.php?action_kouhyou_detail_004_kani=true&JigyosyoCd=0871500013-00&ServiceCd=430&Type=search" }, "geometry": { "type": "Point", "coordinates": [ 140.745763099999976, 36.7890595 ] } },
{ "type": "Feature", "properties": { "内容": "指定居宅介護支援事業所　あかね【居宅介護支援】茨城県北茨城市関本町関本中265-1", "url2": "https://www.kaigokensaku.mhlw.go.jp/08/index.php?action_kouhyou_detail_004_kani=true&JigyosyoCd=0871500096-00&ServiceCd=430&Type=search" }, "geometry": { "type": "Point", "coordinates": [ 140.776767599999971, 36.8465929 ] } },
{ "type": "Feature", "properties": { "内容": "ライフサポート平賀【居宅介護支援】茨城県北茨城市磯原町磯原1630番地の109", "url2": "https://www.kaigokensaku.mhlw.go.jp/08/index.php?action_kouhyou_detail_004_kani=true&JigyosyoCd=0871500088-00&ServiceCd=430&Type=search" }, "geometry": { "type": "Point", "coordinates": [ 140.755002349737538, 36.802080851262517 ] } },
{ "type": "Feature", "properties": { "内容": "居宅介護支援事業所　瀧病院【居宅介護支援】茨城県北茨城市磯原町磯原2-305瀧病院内2F", "url2": "https://www.kaigokensaku.mhlw.go.jp/08/index.php?action_kouhyou_detail_004_kani=true&JigyosyoCd=0811510163-00&ServiceCd=430&Type=search" }, "geometry": { "type": "Point", "coordinates": [ 140.73989325952445, 36.790787486423689 ] } },
{ "type": "Feature", "properties": { "内容": "ときわの杜指定居宅介護支援事業所【居宅介護支援】茨城県北茨城市関本町福田1875-1", "url2": "https://www.kaigokensaku.mhlw.go.jp/08/index.php?action_kouhyou_detail_004_kani=true&JigyosyoCd=0871500054-00&ServiceCd=430&Type=search" }, "geometry": { "type": "Point", "coordinates": [ 140.7603904, 36.8543887 ] } },
{ "type": "Feature", "properties": { "内容": "居宅介護ケアステーションCollabo【居宅介護支援】茨城県北茨城市磯原町磯原6丁目106番地三久保ハイツB－101", "url2": "https://www.kaigokensaku.mhlw.go.jp/08/index.php?action_kouhyou_detail_004_kani=true&JigyosyoCd=0871500922-00&ServiceCd=430&Type=search" }, "geometry": { "type": "Point", "coordinates": [ 140.739013, 36.7975376 ] } },
{ "type": "Feature", "properties": { "内容": "ケアプランセンターかさま【居宅介護支援】茨城県笠間市南友部1966-1", "url2": "https://www.kaigokensaku.mhlw.go.jp/08/index.php?action_kouhyou_detail_004_kani=true&JigyosyoCd=0871600862-00&ServiceCd=430&Type=search" }, "geometry": { "type": "Point", "coordinates": [ 140.310779531014077, 36.355870839332844 ] } },
{ "type": "Feature", "properties": { "内容": "居宅介護支援センターはこだ【居宅介護支援】茨城県笠間市箱田1838-1", "url2": "https://www.kaigokensaku.mhlw.go.jp/08/index.php?action_kouhyou_detail_004_kani=true&JigyosyoCd=0871600243-00&ServiceCd=430&Type=search" }, "geometry": { "type": "Point", "coordinates": [ 140.22200829999997, 36.4026971 ] } },
{ "type": "Feature", "properties": { "内容": "ケアプランセンターうららか笠間【居宅介護支援】鯉淵6527-201ドメーヌ・ドA101", "url2": "https://www.kaigokensaku.mhlw.go.jp/08/index.php?action_kouhyou_detail_004_kani=true&JigyosyoCd=0871601076-00&ServiceCd=430&Type=search" }, "geometry": { "type": "Point", "coordinates": [ 140.317715600000014, 36.3487364 ] } },
{ "type": "Feature", "properties": { "内容": "笠間市社会福祉協議会居宅介護支援事業所【居宅介護支援】茨城県笠間市笠間４３６４－２", "url2": "https://www.kaigokensaku.mhlw.go.jp/08/index.php?action_kouhyou_detail_004_kani=true&JigyosyoCd=0871600367-00&ServiceCd=430&Type=search" }, "geometry": { "type": "Point", "coordinates": [ 140.249976083119947, 36.375036868556926 ] } },
{ "type": "Feature", "properties": { "内容": "木犀会くらしサポートセンター【居宅介護支援】茨城県笠間市鯉淵6266-143", "url2": "https://www.kaigokensaku.mhlw.go.jp/08/index.php?action_kouhyou_detail_004_kani=true&JigyosyoCd=0871600748-00&ServiceCd=430&Type=search" }, "geometry": { "type": "Point", "coordinates": [ 140.326888974412356, 36.348700979099441 ] } },
{ "type": "Feature", "properties": { "内容": "笠間シルバーケアセンターパル　居宅介護支援事業所【居宅介護支援】茨城県笠間市来栖２５５番地の１", "url2": "https://www.kaigokensaku.mhlw.go.jp/08/index.php?action_kouhyou_detail_004_kani=true&JigyosyoCd=0871600706-00&ServiceCd=430&Type=search" }, "geometry": { "type": "Point", "coordinates": [ 140.238849562582971, 36.378038125218239 ] } },
{ "type": "Feature", "properties": { "内容": "シルバービィレッジ居宅介護支援センター【居宅介護支援】茨城県笠間市南小泉977-1", "url2": "https://www.kaigokensaku.mhlw.go.jp/08/index.php?action_kouhyou_detail_004_kani=true&JigyosyoCd=0873200034-00&ServiceCd=430&Type=search" }, "geometry": { "type": "Point", "coordinates": [ 140.2851217, 36.3285459 ] } },
{ "type": "Feature", "properties": { "内容": "居宅介護支援事業所　あたごナーシングビラ【居宅介護支援】茨城県笠間市土師1080-1", "url2": "https://www.kaigokensaku.mhlw.go.jp/08/index.php?action_kouhyou_detail_004_kani=true&JigyosyoCd=0873200075-00&ServiceCd=430&Type=search" }, "geometry": { "type": "Point", "coordinates": [ 140.2977629, 36.307267100000011 ] } },
{ "type": "Feature", "properties": { "内容": "居宅介護支援事業所笠間陽だまり館【居宅介護支援】茨城県笠間市南友部1966番地139", "url2": "https://www.kaigokensaku.mhlw.go.jp/08/index.php?action_kouhyou_detail_004_kani=true&JigyosyoCd=0871600789-00&ServiceCd=430&Type=search" }, "geometry": { "type": "Point", "coordinates": [ 140.309892851714039, 36.35524554559187 ] } },
{ "type": "Feature", "properties": { "内容": "ケアプランセンター丹誠【居宅介護支援】茨城県笠間市下郷３９７４番地１６", "url2": "https://www.kaigokensaku.mhlw.go.jp/08/index.php?action_kouhyou_detail_004_kani=true&JigyosyoCd=0871601027-00&ServiceCd=430&Type=search" }, "geometry": { "type": "Point", "coordinates": [ 140.270465563229408, 36.298067786157517 ] } },
{ "type": "Feature", "properties": { "内容": "セントケア友部【居宅介護支援】茨城県笠間市八雲1-1-1YNKビル１Ｆ　Ａ号室", "url2": "https://www.kaigokensaku.mhlw.go.jp/08/index.php?action_kouhyou_detail_004_kani=true&JigyosyoCd=0871600268-00&ServiceCd=430&Type=search" }, "geometry": { "type": "Point", "coordinates": [ 140.306705874868783, 36.349366729269605 ] } },
{ "type": "Feature", "properties": { "内容": "ウエルシア介護サービス友部【居宅介護支援】茨城県笠間市東平2－10－13", "url2": "https://www.kaigokensaku.mhlw.go.jp/08/index.php?action_kouhyou_detail_004_kani=true&JigyosyoCd=0871601035-00&ServiceCd=430&Type=search" }, "geometry": { "type": "Point", "coordinates": [ 140.3097496, 36.3490247 ] } },
{ "type": "Feature", "properties": { "内容": "居宅介護支援事業所　やまびこ【居宅介護支援】茨城県笠間市八雲2-12-34", "url2": "https://www.kaigokensaku.mhlw.go.jp/08/index.php?action_kouhyou_detail_004_kani=true&JigyosyoCd=0871600524-00&ServiceCd=430&Type=search" }, "geometry": { "type": "Point", "coordinates": [ 140.300158570104827, 36.345079529110016 ] } },
{ "type": "Feature", "properties": { "内容": "宍戸苑指定居宅介護支援事業所【居宅介護支援】茨城県笠間市橋爪462-1", "url2": "https://www.kaigokensaku.mhlw.go.jp/08/index.php?action_kouhyou_detail_004_kani=true&JigyosyoCd=0873200026-00&ServiceCd=430&Type=search" }, "geometry": { "type": "Point", "coordinates": [ 140.2951845, 36.3393723 ] } },
{ "type": "Feature", "properties": { "内容": "すずらんの里指定居宅介護支援事業所【居宅介護支援】茨城県笠間市土師１２８３－５", "url2": "https://www.kaigokensaku.mhlw.go.jp/08/index.php?action_kouhyou_detail_004_kani=true&JigyosyoCd=0873200042-00&ServiceCd=430&Type=search" }, "geometry": { "type": "Point", "coordinates": [ 140.296971699999972, 36.2994245 ] } },
{ "type": "Feature", "properties": { "内容": "社会福祉法人尚生会　指定居宅介護支援センター　かさまグリーンハウス【居宅介護支援】茨城県笠間市鯉淵6269-11", "url2": "https://www.kaigokensaku.mhlw.go.jp/08/index.php?action_kouhyou_detail_004_kani=true&JigyosyoCd=0871600011-00&ServiceCd=430&Type=search" }, "geometry": { "type": "Point", "coordinates": [ 140.328734700000012, 36.343395200000018 ] } },
{ "type": "Feature", "properties": { "内容": "ケアプランセンターフレア【居宅介護支援】茨城県笠間市下郷367番地", "url2": "https://www.kaigokensaku.mhlw.go.jp/08/index.php?action_kouhyou_detail_004_kani=true&JigyosyoCd=0871600946-00&ServiceCd=430&Type=search" }, "geometry": { "type": "Point", "coordinates": [ 140.286610029716513, 36.307211496837475 ] } },
{ "type": "Feature", "properties": { "内容": "藤代ケアプランセンター【居宅介護支援】茨城県取手市宮和田２９８", "url2": "https://www.kaigokensaku.mhlw.go.jp/08/index.php?action_kouhyou_detail_004_kani=true&JigyosyoCd=0871701074-00&ServiceCd=430&Type=search" }, "geometry": { "type": "Point", "coordinates": [ 140.124594399999978, 35.9259254 ] } },
{ "type": "Feature", "properties": { "内容": "ケアプラン取手東【居宅介護支援】茨城県取手市東6-72-24", "url2": "https://www.kaigokensaku.mhlw.go.jp/08/index.php?action_kouhyou_detail_004_kani=true&JigyosyoCd=0871701132-00&ServiceCd=430&Type=search" }, "geometry": { "type": "Point", "coordinates": [ 140.077361399999972, 35.8916227 ] } },
{ "type": "Feature", "properties": { "内容": "ケアプラン彩葉【居宅介護支援】茨城県取手市新取手2丁目2-19サクセス新取手102", "url2": "https://www.kaigokensaku.mhlw.go.jp/08/index.php?action_kouhyou_detail_004_kani=true&JigyosyoCd=0871701520-00&ServiceCd=430&Type=search" }, "geometry": { "type": "Point", "coordinates": [ 140.0428123, 35.9177899 ] } },
{ "type": "Feature", "properties": { "内容": "介護サポート　あさひ【居宅介護支援】茨城県取手市下高井　2291-9", "url2": "https://www.kaigokensaku.mhlw.go.jp/08/index.php?action_kouhyou_detail_004_kani=true&JigyosyoCd=0871700712-00&ServiceCd=430&Type=search" }, "geometry": { "type": "Point", "coordinates": [ 140.0311782, 35.9252253 ] } },
{ "type": "Feature", "properties": { "内容": "ケアプラン　ありた【居宅介護支援】茨城県取手市毛有363-2", "url2": "https://www.kaigokensaku.mhlw.go.jp/08/index.php?action_kouhyou_detail_004_kani=true&JigyosyoCd=0871701603-00&ServiceCd=430&Type=search" }, "geometry": { "type": "Point", "coordinates": [ 140.08656, 35.9162075 ] } },
{ "type": "Feature", "properties": { "内容": "居宅介護支援事業所　アントスカイ【居宅介護支援】取手市稲358ハイムハナカB102", "url2": "https://www.kaigokensaku.mhlw.go.jp/08/index.php?action_kouhyou_detail_004_kani=true&JigyosyoCd=0871701629-00&ServiceCd=430&Type=search" }, "geometry": { "type": "Point", "coordinates": [ 140.049035284340817, 35.905137740450726 ] } },
{ "type": "Feature", "properties": { "内容": "フラワー【居宅介護支援】茨城県取手市東6-68-7", "url2": "https://www.kaigokensaku.mhlw.go.jp/08/index.php?action_kouhyou_detail_004_kani=true&JigyosyoCd=0871701546-00&ServiceCd=430&Type=search" }, "geometry": { "type": "Point", "coordinates": [ 140.077067, 35.8907066 ] } },
{ "type": "Feature", "properties": { "内容": "居宅介護支援事業者とりで【居宅介護支援】取手市本郷2丁目1番1号", "url2": "https://www.kaigokensaku.mhlw.go.jp/08/index.php?action_kouhyou_detail_004_kani=true&JigyosyoCd=0871700027-00&ServiceCd=430&Type=search" }, "geometry": { "type": "Point", "coordinates": [ 140.0687531, 35.9110411 ] } },
{ "type": "Feature", "properties": { "内容": "公益社団法人　取手市医師会　ひまわり居宅介護支援事業所【居宅介護支援】茨城県取手市野々井1926-2", "url2": "https://www.kaigokensaku.mhlw.go.jp/08/index.php?action_kouhyou_detail_004_kani=true&JigyosyoCd=0871700035-00&ServiceCd=430&Type=search" }, "geometry": { "type": "Point", "coordinates": [ 140.025998333291056, 35.917781227497251 ] } },
{ "type": "Feature", "properties": { "内容": "居宅介護支援事業所　希樹【居宅介護支援】茨城県取手市寺田4725-3", "url2": "https://www.kaigokensaku.mhlw.go.jp/08/index.php?action_kouhyou_detail_004_kani=true&JigyosyoCd=0871700209-00&ServiceCd=430&Type=search" }, "geometry": { "type": "Point", "coordinates": [ 140.041584150610817, 35.916775658903646 ] } },
{ "type": "Feature", "properties": { "内容": "居宅介護支援事業所　水彩館【居宅介護支援】茨城県取手市小文間5720番地1", "url2": "https://www.kaigokensaku.mhlw.go.jp/08/index.php?action_kouhyou_detail_004_kani=true&JigyosyoCd=0871700688-00&ServiceCd=430&Type=search" }, "geometry": { "type": "Point", "coordinates": [ 140.095210130811182, 35.891943012924941 ] } },
{ "type": "Feature", "properties": { "内容": "居宅介護支援事業所　ケア・アシスト東取手【居宅介護支援】茨城県取手市井野　２４５訪問看護ステーション東取手内", "url2": "https://www.kaigokensaku.mhlw.go.jp/08/index.php?action_kouhyou_detail_004_kani=true&JigyosyoCd=0871701553-00&ServiceCd=430&Type=search" }, "geometry": { "type": "Point", "coordinates": [ 140.086457400000029, 35.903219199999981 ] } },
{ "type": "Feature", "properties": { "内容": "愛サク居宅介護支援事業所【居宅介護支援】茨城県取手市小浮気182-6", "url2": "https://www.kaigokensaku.mhlw.go.jp/08/index.php?action_kouhyou_detail_004_kani=true&JigyosyoCd=0871701611-00&ServiceCd=430&Type=search" }, "geometry": { "type": "Point", "coordinates": [ 140.115507699999966, 35.9203425 ] } },
{ "type": "Feature", "properties": { "内容": "居宅介護支援事業所かつお【居宅介護支援】双葉2-1-19メゾンエスポワール102", "url2": "https://www.kaigokensaku.mhlw.go.jp/08/index.php?action_kouhyou_detail_004_kani=true&JigyosyoCd=0871701710-00&ServiceCd=430&Type=search" }, "geometry": { "type": "Point", "coordinates": [ 140.12373, 35.936134 ] } },
{ "type": "Feature", "properties": { "内容": "指定居宅介護支援事業所　緑寿荘【居宅介護支援】茨城県取手市野々井1926番地8", "url2": "https://www.kaigokensaku.mhlw.go.jp/08/index.php?action_kouhyou_detail_004_kani=true&JigyosyoCd=0871700050-00&ServiceCd=430&Type=search" }, "geometry": { "type": "Point", "coordinates": [ 140.025601300000062, 35.9181202 ] } },
{ "type": "Feature", "properties": { "内容": "居宅介護支援事業所あかつき【居宅介護支援】茨城県取手市稲３５８ハイムハナカA１０１", "url2": "https://www.kaigokensaku.mhlw.go.jp/08/index.php?action_kouhyou_detail_004_kani=true&JigyosyoCd=0871701561-00&ServiceCd=430&Type=search" }, "geometry": { "type": "Point", "coordinates": [ 140.048910400000011, 35.9051701 ] } },
{ "type": "Feature", "properties": { "内容": "ケアプランサービスにじいろ【居宅介護支援】茨城県取手市本郷1丁目8-6ドエルキク102号室", "url2": "https://www.kaigokensaku.mhlw.go.jp/08/index.php?action_kouhyou_detail_004_kani=true&JigyosyoCd=0871701728-00&ServiceCd=430&Type=search" }, "geometry": { "type": "Point", "coordinates": [ 140.0602221, 35.9085112 ] } },
{ "type": "Feature", "properties": { "内容": "居宅介護支援事業所　藤代なごみの郷【居宅介護支援】茨城県取手市椚木1342-2", "url2": "https://www.kaigokensaku.mhlw.go.jp/08/index.php?action_kouhyou_detail_004_kani=true&JigyosyoCd=0874400278-00&ServiceCd=430&Type=search" }, "geometry": { "type": "Point", "coordinates": [ 140.093400299999985, 35.9259384 ] } },
{ "type": "Feature", "properties": { "内容": "居宅介護支援事業所　こころ取手【居宅介護支援】茨城県取手市取手２丁目３－３山中屋本店ビル４階", "url2": "https://www.kaigokensaku.mhlw.go.jp/08/index.php?action_kouhyou_detail_004_kani=true&JigyosyoCd=0871701538-00&ServiceCd=430&Type=search" }, "geometry": { "type": "Point", "coordinates": [ 140.0634613, 35.8945092 ] } },
{ "type": "Feature", "properties": { "内容": "居宅介護支援事業所うたたね【居宅介護支援】茨城県取手市米ノ井123-1", "url2": "https://www.kaigokensaku.mhlw.go.jp/08/index.php?action_kouhyou_detail_004_kani=true&JigyosyoCd=0891700288-00&ServiceCd=430&Type=search" }, "geometry": { "type": "Point", "coordinates": [ 140.028565227985382, 35.925275923697072 ] } },
{ "type": "Feature", "properties": { "内容": "セントケア取手【居宅介護支援】茨城県取手市新町3丁目２－８菊地ビルE号室", "url2": "https://www.kaigokensaku.mhlw.go.jp/08/index.php?action_kouhyou_detail_004_kani=true&JigyosyoCd=0871700522-00&ServiceCd=430&Type=search" }, "geometry": { "type": "Point", "coordinates": [ 140.0591569, 35.89755 ] } },
{ "type": "Feature", "properties": { "内容": "社会福祉法人宗仁会　藤代居宅介護支援事業者【居宅介護支援】取手市　岡　1476", "url2": "https://www.kaigokensaku.mhlw.go.jp/08/index.php?action_kouhyou_detail_004_kani=true&JigyosyoCd=0874400187-00&ServiceCd=430&Type=search" }, "geometry": { "type": "Point", "coordinates": [ 140.05657020000001, 35.9215851 ] } },
{ "type": "Feature", "properties": { "内容": "宗仁会　指定居宅介護支援事業所【居宅介護支援】茨城県取手市岡1472", "url2": "https://www.kaigokensaku.mhlw.go.jp/08/index.php?action_kouhyou_detail_004_kani=true&JigyosyoCd=0871700415-00&ServiceCd=430&Type=search" }, "geometry": { "type": "Point", "coordinates": [ 140.056668533065817, 35.921869190615695 ] } },
{ "type": "Feature", "properties": { "内容": "ケア・アシスト　はあとぴあ【居宅介護支援】茨城県取手市井野２５３", "url2": "https://www.kaigokensaku.mhlw.go.jp/08/index.php?action_kouhyou_detail_004_kani=true&JigyosyoCd=0871700183-00&ServiceCd=430&Type=search" }, "geometry": { "type": "Point", "coordinates": [ 140.086482899999965, 35.9025077 ] } },
{ "type": "Feature", "properties": { "内容": "居宅介護支援事業所あおぞら【居宅介護支援】取手市新町3-13-11", "url2": "https://www.kaigokensaku.mhlw.go.jp/08/index.php?action_kouhyou_detail_004_kani=true&JigyosyoCd=0871700761-00&ServiceCd=430&Type=search" }, "geometry": { "type": "Point", "coordinates": [ 140.056876310925361, 35.899463869049058 ] } },
{ "type": "Feature", "properties": { "内容": "居宅介護支援事業所　めぐみの杜【居宅介護支援】茨城県取手市稲29番1", "url2": "https://www.kaigokensaku.mhlw.go.jp/08/index.php?action_kouhyou_detail_004_kani=true&JigyosyoCd=0871701041-00&ServiceCd=430&Type=search" }, "geometry": { "type": "Point", "coordinates": [ 140.0445171, 35.9094658 ] } },
{ "type": "Feature", "properties": { "内容": "春風【居宅介護支援】茨城県取手市野々井1475-3", "url2": "https://www.kaigokensaku.mhlw.go.jp/08/index.php?action_kouhyou_detail_004_kani=true&JigyosyoCd=0871701116-00&ServiceCd=430&Type=search" }, "geometry": { "type": "Point", "coordinates": [ 140.037832993254113, 35.913706264393994 ] } },
{ "type": "Feature", "properties": { "内容": "株式会社　トータルライフ琥珀【居宅介護支援】茨城県城中町1955番地23", "url2": "https://www.kaigokensaku.mhlw.go.jp/08/index.php?action_kouhyou_detail_004_kani=true&JigyosyoCd=0871901047-00&ServiceCd=430&Type=search" }, "geometry": { "type": "Point", "coordinates": [ 140.128421995454801, 35.966627578019249 ] } },
{ "type": "Feature", "properties": { "内容": "居宅介護支援事業所つつじが丘【居宅介護支援】茨城県牛久市田宮町391番地33", "url2": "https://www.kaigokensaku.mhlw.go.jp/08/index.php?action_kouhyou_detail_004_kani=true&JigyosyoCd=0871901278-00&ServiceCd=430&Type=search" }, "geometry": { "type": "Point", "coordinates": [ 140.133499199999989, 35.9799605 ] } },
{ "type": "Feature", "properties": { "内容": "あんのん介護の相談室【居宅介護支援】神谷1-12-2", "url2": "https://www.kaigokensaku.mhlw.go.jp/08/index.php?action_kouhyou_detail_004_kani=true&JigyosyoCd=0871901377-00&ServiceCd=430&Type=search" }, "geometry": { "type": "Point", "coordinates": [ 139.7341877, 35.767853500000037 ] } },
{ "type": "Feature", "properties": { "内容": "居宅介護支援事業所　きずな【居宅介護支援】茨城県牛久市神谷5-1-4", "url2": "https://www.kaigokensaku.mhlw.go.jp/08/index.php?action_kouhyou_detail_004_kani=true&JigyosyoCd=0871901468-00&ServiceCd=430&Type=search" }, "geometry": { "type": "Point", "coordinates": [ 140.1559221, 35.9648196 ] } },
{ "type": "Feature", "properties": { "内容": "居宅介護支援事業所　めぐみ【居宅介護支援】茨城県牛久市南6丁目6－29", "url2": "https://www.kaigokensaku.mhlw.go.jp/08/index.php?action_kouhyou_detail_004_kani=true&JigyosyoCd=0871900486-00&ServiceCd=430&Type=search" }, "geometry": { "type": "Point", "coordinates": [ 140.148299400000042, 35.9618911 ] } },
{ "type": "Feature", "properties": { "内容": "訪問看護ステーションうしく（居宅介護支援事業所）【居宅介護支援】茨城県牛久市結束町495-4", "url2": "https://www.kaigokensaku.mhlw.go.jp/08/index.php?action_kouhyou_detail_004_kani=true&JigyosyoCd=0871901310-00&ServiceCd=430&Type=search" }, "geometry": { "type": "Point", "coordinates": [ 140.171330100000034, 35.963681 ] } },
{ "type": "Feature", "properties": { "内容": "指定居宅介護支援事業所　みぢか【居宅介護支援】牛久町2492エルディム宮崎　101号室", "url2": "https://www.kaigokensaku.mhlw.go.jp/08/index.php?action_kouhyou_detail_004_kani=true&JigyosyoCd=0871901500-00&ServiceCd=430&Type=search" }, "geometry": { "type": "Point", "coordinates": [ 140.135248, 35.964448399999974 ] } },
{ "type": "Feature", "properties": { "内容": "居宅介護支援事業所　こころの里【居宅介護支援】茨城県牛久市久野町５４５", "url2": "https://www.kaigokensaku.mhlw.go.jp/08/index.php?action_kouhyou_detail_004_kani=true&JigyosyoCd=0871901435-00&ServiceCd=430&Type=search" }, "geometry": { "type": "Point", "coordinates": [ 140.219678638098173, 35.972018573891233 ] } },
{ "type": "Feature", "properties": { "内容": "ケアリング優【居宅介護支援】茨城県牛久市上柏田3-24-5デルプラトⅡ102", "url2": "https://www.kaigokensaku.mhlw.go.jp/08/index.php?action_kouhyou_detail_004_kani=true&JigyosyoCd=0871901542-00&ServiceCd=430&Type=search" }, "geometry": { "type": "Point", "coordinates": [ 140.1599531, 35.9905401 ] } },
{ "type": "Feature", "properties": { "内容": "元気館居宅介護支援事業所【居宅介護支援】茨城県牛久市城中町字埋作148-1", "url2": "https://www.kaigokensaku.mhlw.go.jp/08/index.php?action_kouhyou_detail_004_kani=true&JigyosyoCd=0871900577-00&ServiceCd=430&Type=search" }, "geometry": { "type": "Point", "coordinates": [ 140.132200300000022, 35.9535888 ] } },
{ "type": "Feature", "properties": { "内容": "ニチイケアセンター牛久南【居宅介護支援】茨城県牛久市南3-20-2", "url2": "https://www.kaigokensaku.mhlw.go.jp/08/index.php?action_kouhyou_detail_004_kani=true&JigyosyoCd=0871900676-00&ServiceCd=430&Type=search" }, "geometry": { "type": "Point", "coordinates": [ 140.1501458, 35.970039300000018 ] } },
{ "type": "Feature", "properties": { "内容": "居宅介護支援事業所　結び【居宅介護支援】茨城県牛久市神谷6丁目2-14ホワイトビレッジF棟102", "url2": "https://www.kaigokensaku.mhlw.go.jp/08/index.php?action_kouhyou_detail_004_kani=true&JigyosyoCd=0871901609-00&ServiceCd=430&Type=search" }, "geometry": { "type": "Point", "coordinates": [ 140.1513591, 35.9679293 ] } },
{ "type": "Feature", "properties": { "内容": "居宅介護支援事業所　アロハ・ケア【居宅介護支援】茨城県牛久市中央5-13-15ALOHAビル　1F", "url2": "https://www.kaigokensaku.mhlw.go.jp/08/index.php?action_kouhyou_detail_004_kani=true&JigyosyoCd=0871901302-00&ServiceCd=430&Type=search" }, "geometry": { "type": "Point", "coordinates": [ 140.141791, 35.9776806 ] } },
{ "type": "Feature", "properties": { "内容": "牛久市社会福祉協議会指定居宅介護支援事業所【居宅介護支援】茨城県牛久市女化町８５９番地の３", "url2": "https://www.kaigokensaku.mhlw.go.jp/08/index.php?action_kouhyou_detail_004_kani=true&JigyosyoCd=0871900338-00&ServiceCd=430&Type=search" }, "geometry": { "type": "Point", "coordinates": [ 140.184468728836038, 35.958169833670951 ] } },
{ "type": "Feature", "properties": { "内容": "あげひばり　居宅介護支援事業所【居宅介護支援】茨城県牛久市ひたち野西４丁目３番３", "url2": "https://www.kaigokensaku.mhlw.go.jp/08/index.php?action_kouhyou_detail_004_kani=true&JigyosyoCd=0871900932-00&ServiceCd=430&Type=search" }, "geometry": { "type": "Point", "coordinates": [ 140.148771189024387, 36.008436794543194 ] } },
{ "type": "Feature", "properties": { "内容": "ウエルシア介護サービス牛久【居宅介護支援】茨城県牛久市神谷5-1-1", "url2": "https://www.kaigokensaku.mhlw.go.jp/08/index.php?action_kouhyou_detail_004_kani=true&JigyosyoCd=0871900130-00&ServiceCd=430&Type=search" }, "geometry": { "type": "Point", "coordinates": [ 140.155459800000017, 35.9644355 ] } },
{ "type": "Feature", "properties": { "内容": "うしく総合介護サービス【居宅介護支援】茨城県牛久市猪子町891番地2", "url2": "https://www.kaigokensaku.mhlw.go.jp/08/index.php?action_kouhyou_detail_004_kani=true&JigyosyoCd=0871900023-00&ServiceCd=430&Type=search" }, "geometry": { "type": "Point", "coordinates": [ 140.140951399999949, 35.9985334 ] } },
{ "type": "Feature", "properties": { "内容": "ケアプランセンター　柏田長寿館【居宅介護支援】茨城県牛久市上柏田2丁目36-24", "url2": "https://www.kaigokensaku.mhlw.go.jp/08/index.php?action_kouhyou_detail_004_kani=true&JigyosyoCd=0871900536-00&ServiceCd=430&Type=search" }, "geometry": { "type": "Point", "coordinates": [ 140.15371719999996, 35.989318200000021 ] } },
{ "type": "Feature", "properties": { "内容": "指定居宅介護支援事業所　博慈園【居宅介護支援】茨城県牛久市女化町253-2", "url2": "https://www.kaigokensaku.mhlw.go.jp/08/index.php?action_kouhyou_detail_004_kani=true&JigyosyoCd=0871900031-00&ServiceCd=430&Type=search" }, "geometry": { "type": "Point", "coordinates": [ 140.173130300000025, 35.9477318 ] } },
{ "type": "Feature", "properties": { "内容": "なかよし居宅介護支援事業所【居宅介護支援】茨城県牛久市神谷2-22-10", "url2": "https://www.kaigokensaku.mhlw.go.jp/08/index.php?action_kouhyou_detail_004_kani=true&JigyosyoCd=0871901252-00&ServiceCd=430&Type=search" }, "geometry": { "type": "Point", "coordinates": [ 140.153964, 35.9672128 ] } },
{ "type": "Feature", "properties": { "内容": "生活クラブ　ケアステーション牛久居宅介護支援事業所【居宅介護支援】茨城県牛久市猪子町992番676", "url2": "https://www.kaigokensaku.mhlw.go.jp/08/index.php?action_kouhyou_detail_004_kani=true&JigyosyoCd=0871901294-00&ServiceCd=430&Type=search" }, "geometry": { "type": "Point", "coordinates": [ 140.137484699999959, 35.9946363 ] } },
{ "type": "Feature", "properties": { "内容": "指定居宅介護支援事業所　ケアパートナー笑福【居宅介護支援】茨城県牛久市南7丁目51番地13", "url2": "https://www.kaigokensaku.mhlw.go.jp/08/index.php?action_kouhyou_detail_004_kani=true&JigyosyoCd=0871901229-00&ServiceCd=430&Type=search" }, "geometry": { "type": "Point", "coordinates": [ 140.14384477250178, 35.961154053123771 ] } },
{ "type": "Feature", "properties": { "内容": "指定居宅介護支援事業所　ケアネットセントラル【居宅介護支援】茨城県牛久市柏田町１５９０－３介護老人保健施設セントラルゆうあい内", "url2": "https://www.kaigokensaku.mhlw.go.jp/08/index.php?action_kouhyou_detail_004_kani=true&JigyosyoCd=0871900049-00&ServiceCd=430&Type=search" }, "geometry": { "type": "Point", "coordinates": [ 140.158539300000029, 35.9822304 ] } },
{ "type": "Feature", "properties": { "内容": "柏田居宅介護支援事業所【居宅介護支援】茨城県牛久市上柏田2丁目-39-1", "url2": "https://www.kaigokensaku.mhlw.go.jp/08/index.php?action_kouhyou_detail_004_kani=true&JigyosyoCd=0871901658-00&ServiceCd=430&Type=search" }, "geometry": { "type": "Point", "coordinates": [ 140.1532904, 35.9891468 ] } },
{ "type": "Feature", "properties": { "内容": "さんさん介護サービス牛久【居宅介護支援】牛久市中央4丁目24－10アルシェコートB棟2号", "url2": "https://www.kaigokensaku.mhlw.go.jp/08/index.php?action_kouhyou_detail_004_kani=true&JigyosyoCd=0871901476-00&ServiceCd=430&Type=search" }, "geometry": { "type": "Point", "coordinates": [ 140.150707837191334, 35.976087456915486 ] } },
{ "type": "Feature", "properties": { "内容": "牛久さくら園居宅介護支援事業所【居宅介護支援】茨城県牛久市上柏田１－１８－４", "url2": "https://www.kaigokensaku.mhlw.go.jp/08/index.php?action_kouhyou_detail_004_kani=true&JigyosyoCd=0871900189-00&ServiceCd=430&Type=search" }, "geometry": { "type": "Point", "coordinates": [ 140.152414300000032, 35.9938758 ] } },
{ "type": "Feature", "properties": { "内容": "居宅介護支援事業所　アイリスコート【居宅介護支援】茨城県つくば市上横場字中台429-1", "url2": "https://www.kaigokensaku.mhlw.go.jp/08/index.php?action_kouhyou_detail_004_kani=true&JigyosyoCd=0872000922-00&ServiceCd=430&Type=search" }, "geometry": { "type": "Point", "coordinates": [ 140.090653100000054, 36.0527299 ] } },
{ "type": "Feature", "properties": { "内容": "ケアサポート　やたべ【居宅介護支援】茨城県つくば市境田148-24", "url2": "https://www.kaigokensaku.mhlw.go.jp/08/index.php?action_kouhyou_detail_004_kani=true&JigyosyoCd=0872001904-00&ServiceCd=430&Type=search" }, "geometry": { "type": "Point", "coordinates": [ 140.078552800000011, 36.0179051 ] } },
{ "type": "Feature", "properties": { "内容": "けあぷらん　木の花さくや【居宅介護支援】つくば市鬼ヶ窪1212-11", "url2": "https://www.kaigokensaku.mhlw.go.jp/08/index.php?action_kouhyou_detail_004_kani=true&JigyosyoCd=0872002175-00&ServiceCd=430&Type=search" }, "geometry": { "type": "Point", "coordinates": [ 140.04777260000003, 36.0791828 ] } },
{ "type": "Feature", "properties": { "内容": "あいリレー介護ステーションつくば【居宅介護支援】茨城県つくば市要273-1", "url2": "https://www.kaigokensaku.mhlw.go.jp/08/index.php?action_kouhyou_detail_004_kani=true&JigyosyoCd=0872002571-00&ServiceCd=430&Type=search" }, "geometry": { "type": "Point", "coordinates": [ 140.086713300000042, 36.1169736 ] } },
{ "type": "Feature", "properties": { "内容": "介護支援センター　つくば【居宅介護支援】茨城県つくば市高野439", "url2": "https://www.kaigokensaku.mhlw.go.jp/08/index.php?action_kouhyou_detail_004_kani=true&JigyosyoCd=0872003181-00&ServiceCd=430&Type=search" }, "geometry": { "type": "Point", "coordinates": [ 140.048234, 36.1099194 ] } },
{ "type": "Feature", "properties": { "内容": "みなみつくば会居宅介護支援事業所【居宅介護支援】茨城県つくば市谷田部6107-1", "url2": "https://www.kaigokensaku.mhlw.go.jp/08/index.php?action_kouhyou_detail_004_kani=true&JigyosyoCd=0872001433-00&ServiceCd=430&Type=search" }, "geometry": { "type": "Point", "coordinates": [ 140.0806513, 36.0424213 ] } },
{ "type": "Feature", "properties": { "内容": "ケアプランセンター　ぬくもり【居宅介護支援】茨城県つくば市森の里９７番地1", "url2": "https://www.kaigokensaku.mhlw.go.jp/08/index.php?action_kouhyou_detail_004_kani=true&JigyosyoCd=0872003330-00&ServiceCd=430&Type=search" }, "geometry": { "type": "Point", "coordinates": [ 140.1044967, 35.9940961 ] } },
{ "type": "Feature", "properties": { "内容": "医療法人社団　筑波記念会　指定居宅介護支援事業所【居宅介護支援】つくば市要１１８７－２９９", "url2": "https://www.kaigokensaku.mhlw.go.jp/08/index.php?action_kouhyou_detail_004_kani=true&JigyosyoCd=0872000146-00&ServiceCd=430&Type=search" }, "geometry": { "type": "Point", "coordinates": [ 140.079894599999989, 36.1067691 ] } },
{ "type": "Feature", "properties": { "内容": "居宅介護支援事業所アリエッタ【居宅介護支援】つくば市北条1174", "url2": "https://www.kaigokensaku.mhlw.go.jp/08/index.php?action_kouhyou_detail_004_kani=true&JigyosyoCd=0872000047-00&ServiceCd=430&Type=search" }, "geometry": { "type": "Point", "coordinates": [ 140.097601700000041, 36.1801972 ] } },
{ "type": "Feature", "properties": { "内容": "アドニスケアプラン【居宅介護支援】茨城県つくば市筑穂3-5-3", "url2": "https://www.kaigokensaku.mhlw.go.jp/08/index.php?action_kouhyou_detail_004_kani=true&JigyosyoCd=0872002662-00&ServiceCd=430&Type=search" }, "geometry": { "type": "Point", "coordinates": [ 140.078034885170382, 36.129988846697323 ] } },
{ "type": "Feature", "properties": { "内容": "居宅プランセンター　煌【居宅介護支援】茨城県つくば市二の宮2丁目7番地2号サンシティ色川101号室", "url2": "https://www.kaigokensaku.mhlw.go.jp/08/index.php?action_kouhyou_detail_004_kani=true&JigyosyoCd=0872002936-00&ServiceCd=430&Type=search" }, "geometry": { "type": "Point", "coordinates": [ 140.120108808840229, 36.064519691438953 ] } },
{ "type": "Feature", "properties": { "内容": "指定居宅介護支援事業所　ほほえみ【居宅介護支援】茨城県　つくば市　横町　498番地1", "url2": "https://www.kaigokensaku.mhlw.go.jp/08/index.php?action_kouhyou_detail_004_kani=true&JigyosyoCd=0872001250-00&ServiceCd=430&Type=search" }, "geometry": { "type": "Point", "coordinates": [ 140.132054, 36.106933300000016 ] } },
{ "type": "Feature", "properties": { "内容": "居宅介護支援事業所シニアガーデンアネックス【居宅介護支援】茨城県つくば市水守1189-5", "url2": "https://www.kaigokensaku.mhlw.go.jp/08/index.php?action_kouhyou_detail_004_kani=true&JigyosyoCd=0872002597-00&ServiceCd=430&Type=search" }, "geometry": { "type": "Point", "coordinates": [ 140.056067469975233, 36.167009035945433 ] } },
{ "type": "Feature", "properties": { "内容": "居宅介護支援事業所ひまわり【居宅介護支援】茨城県つくば市北条85番地", "url2": "https://www.kaigokensaku.mhlw.go.jp/08/index.php?action_kouhyou_detail_004_kani=true&JigyosyoCd=0872002563-00&ServiceCd=430&Type=search" }, "geometry": { "type": "Point", "coordinates": [ 140.092857430653766, 36.178464341857484 ] } },
{ "type": "Feature", "properties": { "内容": "市民の森つくば居宅介護支援事業所【居宅介護支援】つくば市吾妻3丁目7-17サテライトハウス筑波学園204", "url2": "https://www.kaigokensaku.mhlw.go.jp/08/index.php?action_kouhyou_detail_004_kani=true&JigyosyoCd=0872002795-00&ServiceCd=430&Type=search" }, "geometry": { "type": "Point", "coordinates": [ 140.111784100000023, 36.0888354 ] } },
{ "type": "Feature", "properties": { "内容": "指定居宅介護支援事業所　そよかぜ【居宅介護支援】茨城県つくば市上横場2573-1", "url2": "https://www.kaigokensaku.mhlw.go.jp/08/index.php?action_kouhyou_detail_004_kani=true&JigyosyoCd=0872000120-00&ServiceCd=430&Type=search" }, "geometry": { "type": "Point", "coordinates": [ 140.0976196, 36.0382511 ] } },
{ "type": "Feature", "properties": { "内容": "あんじゅ【居宅介護支援】茨城県つくば市花畑1-14-6プロスパー102", "url2": "https://www.kaigokensaku.mhlw.go.jp/08/index.php?action_kouhyou_detail_004_kani=true&JigyosyoCd=0872001680-00&ServiceCd=430&Type=search" }, "geometry": { "type": "Point", "coordinates": [ 140.0887861, 36.1292024 ] } },
{ "type": "Feature", "properties": { "内容": "おはなリハ　ケアマネステーション【居宅介護支援】茨城県つくば市春日２－１８－８永大ビルB", "url2": "https://www.kaigokensaku.mhlw.go.jp/08/index.php?action_kouhyou_detail_004_kani=true&JigyosyoCd=0872003322-00&ServiceCd=430&Type=search" }, "geometry": { "type": "Point", "coordinates": [ 140.0988259, 36.0930136 ] } },
{ "type": "Feature", "properties": { "内容": "ケアマネジメントセンターまどか【居宅介護支援】北条１９６", "url2": "https://www.kaigokensaku.mhlw.go.jp/08/index.php?action_kouhyou_detail_004_kani=true&JigyosyoCd=0872002084-00&ServiceCd=430&Type=search" }, "geometry": { "type": "Point", "coordinates": [ 140.091866576176756, 36.177803224947048 ] } },
{ "type": "Feature", "properties": { "内容": "指定居宅介護支援事業所　大地と大空【居宅介護支援】茨城県つくば市稲荷原１２４１－１", "url2": "https://www.kaigokensaku.mhlw.go.jp/08/index.php?action_kouhyou_detail_004_kani=true&JigyosyoCd=0872002035-00&ServiceCd=430&Type=search" }, "geometry": { "type": "Point", "coordinates": [ 140.1143668, 36.0066683 ] } },
{ "type": "Feature", "properties": { "内容": "アイシーネット介護センター【居宅介護支援】つくば市柴崎１０５５", "url2": "https://www.kaigokensaku.mhlw.go.jp/08/index.php?action_kouhyou_detail_004_kani=true&JigyosyoCd=0872000518-00&ServiceCd=430&Type=search" }, "geometry": { "type": "Point", "coordinates": [ 140.1190772, 36.1089581 ] } },
{ "type": "Feature", "properties": { "内容": "社会福祉法人　千羽鶴　居宅介護支援事業所　桜華【居宅介護支援】茨城県つくば市柴崎79-2", "url2": "https://www.kaigokensaku.mhlw.go.jp/08/index.php?action_kouhyou_detail_004_kani=true&JigyosyoCd=0872003199-00&ServiceCd=430&Type=search" }, "geometry": { "type": "Point", "coordinates": [ 140.1084425, 36.1132782 ] } },
{ "type": "Feature", "properties": { "内容": "居宅介護支援事業所糸車【居宅介護支援】茨城県つくば市館野363-2", "url2": "https://www.kaigokensaku.mhlw.go.jp/08/index.php?action_kouhyou_detail_004_kani=true&JigyosyoCd=0872002910-00&ServiceCd=430&Type=search" }, "geometry": { "type": "Point", "coordinates": [ 140.114818300000024, 36.0457689 ] } },
{ "type": "Feature", "properties": { "内容": "居宅介護支援事業所　なでしこ【居宅介護支援】茨城県つくば市水守2228-2", "url2": "https://www.kaigokensaku.mhlw.go.jp/08/index.php?action_kouhyou_detail_004_kani=true&JigyosyoCd=0872001052-00&ServiceCd=430&Type=search" }, "geometry": { "type": "Point", "coordinates": [ 140.0567201, 36.1549575 ] } },
{ "type": "Feature", "properties": { "内容": "医療法人社団双愛会つくば双愛居宅介護支援事業所【居宅介護支援】茨城県つくば市高崎1008", "url2": "https://www.kaigokensaku.mhlw.go.jp/08/index.php?action_kouhyou_detail_004_kani=true&JigyosyoCd=0872000666-00&ServiceCd=430&Type=search" }, "geometry": { "type": "Point", "coordinates": [ 140.115881599999966, 36.0038966 ] } },
{ "type": "Feature", "properties": { "内容": "つくば介護サービス　こころ【居宅介護支援】つくば市松代１－１６－１３シャンデパステーク　Ｂ－101", "url2": "https://www.kaigokensaku.mhlw.go.jp/08/index.php?action_kouhyou_detail_004_kani=true&JigyosyoCd=0872001458-00&ServiceCd=430&Type=search" }, "geometry": { "type": "Point", "coordinates": [ 140.0975853, 36.0705876 ] } },
{ "type": "Feature", "properties": { "内容": "居宅介護支援事業所　幸寿苑【居宅介護支援】茨城県つくば市磯部15", "url2": "https://www.kaigokensaku.mhlw.go.jp/08/index.php?action_kouhyou_detail_004_kani=true&JigyosyoCd=0872001516-00&ServiceCd=430&Type=search" }, "geometry": { "type": "Point", "coordinates": [ 140.066771, 36.1856069 ] } },
{ "type": "Feature", "properties": { "内容": "社会福祉法人つくば市社会福祉協議会【居宅介護支援】つくば市筑穂１丁目１０番地４", "url2": "https://www.kaigokensaku.mhlw.go.jp/08/index.php?action_kouhyou_detail_004_kani=true&JigyosyoCd=0872000021-00&ServiceCd=430&Type=search" }, "geometry": { "type": "Point", "coordinates": [ 140.0819908, 36.136504700000025 ] } },
{ "type": "Feature", "properties": { "内容": "ケアパートナーつくば【居宅介護支援】茨城県つくば市高野台３－５－１", "url2": "https://www.kaigokensaku.mhlw.go.jp/08/index.php?action_kouhyou_detail_004_kani=true&JigyosyoCd=0872000955-00&ServiceCd=430&Type=search" }, "geometry": { "type": "Point", "coordinates": [ 140.122427099999982, 36.02593 ] } },
{ "type": "Feature", "properties": { "内容": "コミュニティガーデンつくば居宅介護支援センター【居宅介護支援】茨城県つくば市西大井1733-33", "url2": "https://www.kaigokensaku.mhlw.go.jp/08/index.php?action_kouhyou_detail_004_kani=true&JigyosyoCd=0872002480-00&ServiceCd=430&Type=search" }, "geometry": { "type": "Point", "coordinates": [ 140.129782028524801, 36.018345993314981 ] } },
{ "type": "Feature", "properties": { "内容": "アサヒサンクリーンケアプランセンターつくば【居宅介護支援】茨城県つくば市島名2298番地（諏訪C12-9）X-STAGE001号室", "url2": "https://www.kaigokensaku.mhlw.go.jp/08/index.php?action_kouhyou_detail_004_kani=true&JigyosyoCd=0872003454-00&ServiceCd=430&Type=search" }, "geometry": { "type": "Point", "coordinates": [ 140.0590013, 36.0578426 ] } },
{ "type": "Feature", "properties": { "内容": "松代ケアセンターそよ風【居宅介護支援】茨城県つくば市松代4丁目8-2", "url2": "https://www.kaigokensaku.mhlw.go.jp/08/index.php?action_kouhyou_detail_004_kani=true&JigyosyoCd=0872002365-00&ServiceCd=430&Type=search" }, "geometry": { "type": "Point", "coordinates": [ 140.10468220000007, 36.0671075 ] } },
{ "type": "Feature", "properties": { "内容": "セントケアつくば南【居宅介護支援】i茨城県つくば市高野台2-11-6ソレアード・TSUKUBA104", "url2": "https://www.kaigokensaku.mhlw.go.jp/08/index.php?action_kouhyou_detail_004_kani=true&JigyosyoCd=0871100301-00&ServiceCd=430&Type=search" }, "geometry": { "type": "Point", "coordinates": [ 140.11989, 36.0242239 ] } },
{ "type": "Feature", "properties": { "内容": "ウエルシア介護サービスつくば【居宅介護支援】茨城県つくば市豊里の杜2丁目1-1", "url2": "https://www.kaigokensaku.mhlw.go.jp/08/index.php?action_kouhyou_detail_004_kani=true&JigyosyoCd=0872000450-00&ServiceCd=430&Type=search" }, "geometry": { "type": "Point", "coordinates": [ 140.046602600000028, 36.100658 ] } },
{ "type": "Feature", "properties": { "内容": "居宅介護支援事業所　飯田医院つくばの里【居宅介護支援】つくば市沼田１０１番地", "url2": "https://www.kaigokensaku.mhlw.go.jp/08/index.php?action_kouhyou_detail_004_kani=true&JigyosyoCd=0872002100-00&ServiceCd=430&Type=search" }, "geometry": { "type": "Point", "coordinates": [ 140.0802797, 36.2082551 ] } },
{ "type": "Feature", "properties": { "内容": "美健荘居宅介護支援事業所【居宅介護支援】茨城県つくば市上郷1438-3", "url2": "https://www.kaigokensaku.mhlw.go.jp/08/index.php?action_kouhyou_detail_004_kani=true&JigyosyoCd=0872000062-00&ServiceCd=430&Type=search" }, "geometry": { "type": "Point", "coordinates": [ 140.017169, 36.1106677 ] } },
{ "type": "Feature", "properties": { "内容": "ケアプランセンター長寿館【居宅介護支援】茨城県つくば市大角豆1807-1", "url2": "https://www.kaigokensaku.mhlw.go.jp/08/index.php?action_kouhyou_detail_004_kani=true&JigyosyoCd=0872000591-00&ServiceCd=430&Type=search" }, "geometry": { "type": "Point", "coordinates": [ 140.135516300000063, 36.0715013 ] } },
{ "type": "Feature", "properties": { "内容": "医療法人　健佑会　いちはら病院介護支援センター【居宅介護支援】茨城県つくば市大曽根３６８１", "url2": "https://www.kaigokensaku.mhlw.go.jp/08/index.php?action_kouhyou_detail_004_kani=true&JigyosyoCd=0872000054-00&ServiceCd=430&Type=search" }, "geometry": { "type": "Point", "coordinates": [ 140.0798534, 36.138759 ] } },
{ "type": "Feature", "properties": { "内容": "介護保険センターくきの里【居宅介護支援】茨城県つくば市上岩崎1845-27", "url2": "https://www.kaigokensaku.mhlw.go.jp/08/index.php?action_kouhyou_detail_004_kani=true&JigyosyoCd=0872000658-00&ServiceCd=430&Type=search" }, "geometry": { "type": "Point", "coordinates": [ 140.095927800000027, 35.9858872 ] } },
{ "type": "Feature", "properties": { "内容": "居宅介護支援事業所いっしんつくば【居宅介護支援】茨城県つくば市上原23", "url2": "https://www.kaigokensaku.mhlw.go.jp/08/index.php?action_kouhyou_detail_004_kani=true&JigyosyoCd=0870800778-00&ServiceCd=430&Type=search" }, "geometry": { "type": "Point", "coordinates": [ 140.114770799999974, 36.0559174 ] } },
{ "type": "Feature", "properties": { "内容": "ケアサポートセンター　筑波園　居宅介護支援事業所【居宅介護支援】茨城県つくば市北条1180", "url2": "https://www.kaigokensaku.mhlw.go.jp/08/index.php?action_kouhyou_detail_004_kani=true&JigyosyoCd=0872000138-00&ServiceCd=430&Type=search" }, "geometry": { "type": "Point", "coordinates": [ 140.097968300000048, 36.1803 ] } },
{ "type": "Feature", "properties": { "内容": "ケアプランセンターはなみずき【居宅介護支援】茨城県つくば市下原525-1", "url2": "https://www.kaigokensaku.mhlw.go.jp/08/index.php?action_kouhyou_detail_004_kani=true&JigyosyoCd=0872002472-00&ServiceCd=430&Type=search" }, "geometry": { "type": "Point", "coordinates": [ 140.132175500000017, 36.040081 ] } },
{ "type": "Feature", "properties": { "内容": "新つくばホーム指定居宅介護支援事業所【居宅介護支援】つくば市学園の森３丁目２９番地２", "url2": "https://www.kaigokensaku.mhlw.go.jp/08/index.php?action_kouhyou_detail_004_kani=true&JigyosyoCd=0872000112-00&ServiceCd=430&Type=search" }, "geometry": { "type": "Point", "coordinates": [ 140.091555100000051, 36.0926016 ] } },
{ "type": "Feature", "properties": { "内容": "ワンケアプランセンター【居宅介護支援】茨城県つくば市二の宮3-25-1CASA･AMORⅡ　205", "url2": "https://www.kaigokensaku.mhlw.go.jp/08/index.php?action_kouhyou_detail_004_kani=true&JigyosyoCd=0872003546-00&ServiceCd=430&Type=search" }, "geometry": { "type": "Point", "coordinates": [ 140.115933399999989, 36.063163 ] } },
{ "type": "Feature", "properties": { "内容": "居宅介護支援センターみどりの【居宅介護支援】茨城県つくば市台町2-4-1", "url2": "https://www.kaigokensaku.mhlw.go.jp/08/index.php?action_kouhyou_detail_004_kani=true&JigyosyoCd=0872001532-00&ServiceCd=430&Type=search" }, "geometry": { "type": "Point", "coordinates": [ 140.083217800000057, 36.0387329 ] } },
{ "type": "Feature", "properties": { "内容": "あずみ苑高見原【居宅介護支援】茨城県つくば市高見原2-10-77", "url2": "https://www.kaigokensaku.mhlw.go.jp/08/index.php?action_kouhyou_detail_004_kani=true&JigyosyoCd=0872001623-00&ServiceCd=430&Type=search" }, "geometry": { "type": "Point", "coordinates": [ 140.131621106151556, 35.997315889920721 ] } },
{ "type": "Feature", "properties": { "内容": "居宅介護支援事業所　なかよし【居宅介護支援】茨城県つくば市北条　4326-2", "url2": "https://www.kaigokensaku.mhlw.go.jp/08/index.php?action_kouhyou_detail_004_kani=true&JigyosyoCd=0872001839-00&ServiceCd=430&Type=search" }, "geometry": { "type": "Point", "coordinates": [ 140.089957557672022, 36.176121517285296 ] } },
{ "type": "Feature", "properties": { "内容": "医療法人善心会　居宅介護支援ステーション　つくば【居宅介護支援】茨城県つくば市手代木302-22階", "url2": "https://www.kaigokensaku.mhlw.go.jp/08/index.php?action_kouhyou_detail_004_kani=true&JigyosyoCd=0872002902-00&ServiceCd=430&Type=search" }, "geometry": { "type": "Point", "coordinates": [ 140.106375785844392, 36.059166653095993 ] } },
{ "type": "Feature", "properties": { "内容": "つくばの杜指定居宅介護支援事業所【居宅介護支援】茨城県つくば市吉瀬字神送1017-1", "url2": "https://www.kaigokensaku.mhlw.go.jp/08/index.php?action_kouhyou_detail_004_kani=true&JigyosyoCd=0872000104-00&ServiceCd=430&Type=search" }, "geometry": { "type": "Point", "coordinates": [ 140.149294778820831, 36.075547057032381 ] } },
{ "type": "Feature", "properties": { "内容": "居宅介護支援センター　つくばらいふ【居宅介護支援】つくば市花畑１－１７－４", "url2": "https://www.kaigokensaku.mhlw.go.jp/08/index.php?action_kouhyou_detail_004_kani=true&JigyosyoCd=0872002191-00&ServiceCd=430&Type=search" }, "geometry": { "type": "Point", "coordinates": [ 140.0882239, 36.131633 ] } },
{ "type": "Feature", "properties": { "内容": "筑波メディカルセンター　居宅介護支援事業所【居宅介護支援】茨城県つくば市天久保一丁目１番地の１", "url2": "https://www.kaigokensaku.mhlw.go.jp/08/index.php?action_kouhyou_detail_004_kani=true&JigyosyoCd=0872000039-00&ServiceCd=430&Type=search" }, "geometry": { "type": "Point", "coordinates": [ 140.105490700000018, 36.0913891 ] } },
{ "type": "Feature", "properties": { "内容": "あーくすケア【居宅介護支援】茨城県つくば市二の宮３－１０ー３セイント・ピュア１０３", "url2": "https://www.kaigokensaku.mhlw.go.jp/08/index.php?action_kouhyou_detail_004_kani=true&JigyosyoCd=0872003561-00&ServiceCd=430&Type=search" }, "geometry": { "type": "Point", "coordinates": [ 140.1157067, 36.0680107 ] } },
{ "type": "Feature", "properties": { "内容": "ケアプランセンターさくら【居宅介護支援】ひたちなか市東石川1581", "url2": "https://www.kaigokensaku.mhlw.go.jp/08/index.php?action_kouhyou_detail_004_kani=true&JigyosyoCd=0872100797-00&ServiceCd=430&Type=search" }, "geometry": { "type": "Point", "coordinates": [ 140.532101399999988, 36.3995729 ] } },
{ "type": "Feature", "properties": { "内容": "居宅介護支援事業所　ラプラス津田【居宅介護支援】津田3728", "url2": "https://www.kaigokensaku.mhlw.go.jp/08/index.php?action_kouhyou_detail_004_kani=true&JigyosyoCd=0872101811-00&ServiceCd=430&Type=search" }, "geometry": { "type": "Point", "coordinates": [ 140.488192, 36.3930113 ] } },
{ "type": "Feature", "properties": { "内容": "ケアプランセンターなぎの木【居宅介護支援】茨城県ひたちなか市阿字ケ浦町172-19", "url2": "https://www.kaigokensaku.mhlw.go.jp/08/index.php?action_kouhyou_detail_004_kani=true&JigyosyoCd=0872101894-00&ServiceCd=430&Type=search" }, "geometry": { "type": "Point", "coordinates": [ 140.61489789999996, 36.383359599999984 ] } },
{ "type": "Feature", "properties": { "内容": "社会福祉法人ひたちなか市社会福祉協議会　居宅介護支援事業所【居宅介護支援】茨城県ひたちなか市金上５６２－１", "url2": "https://www.kaigokensaku.mhlw.go.jp/08/index.php?action_kouhyou_detail_004_kani=true&JigyosyoCd=0872100086-00&ServiceCd=430&Type=search" }, "geometry": { "type": "Point", "coordinates": [ 140.540005, 36.3713131 ] } },
{ "type": "Feature", "properties": { "内容": "いくり苑居宅介護支援事業所【居宅介護支援】ひたちなか市磯崎町4555-1", "url2": "https://www.kaigokensaku.mhlw.go.jp/08/index.php?action_kouhyou_detail_004_kani=true&JigyosyoCd=0872100367-00&ServiceCd=430&Type=search" }, "geometry": { "type": "Point", "coordinates": [ 140.619541799999979, 36.3765158 ] } },
{ "type": "Feature", "properties": { "内容": "居宅介護支援事業所　はまぎくの里【居宅介護支援】茨城県ひたちなか市中根952-1", "url2": "https://www.kaigokensaku.mhlw.go.jp/08/index.php?action_kouhyou_detail_004_kani=true&JigyosyoCd=0872100755-00&ServiceCd=430&Type=search" }, "geometry": { "type": "Point", "coordinates": [ 140.5620116, 36.3869834 ] } },
{ "type": "Feature", "properties": { "内容": "リハビリホーム勝田居宅介護支援事業所【居宅介護支援】ひたちなか市東石川２７１４", "url2": "https://www.kaigokensaku.mhlw.go.jp/08/index.php?action_kouhyou_detail_004_kani=true&JigyosyoCd=0872101191-00&ServiceCd=430&Type=search" }, "geometry": { "type": "Point", "coordinates": [ 140.5342417, 36.4123029 ] } },
{ "type": "Feature", "properties": { "内容": "ケアプラン「あい」【居宅介護支援】茨城県ひたちなか市東石川3139-2", "url2": "https://www.kaigokensaku.mhlw.go.jp/08/index.php?action_kouhyou_detail_004_kani=true&JigyosyoCd=0872101373-00&ServiceCd=430&Type=search" }, "geometry": { "type": "Point", "coordinates": [ 140.535163687226373, 36.418804481850522 ] } },
{ "type": "Feature", "properties": { "内容": "ケアプランセンターふくろうの森【居宅介護支援】茨城県ひたちなか市大平3丁目4番3号大平グリーンハイツ101号室", "url2": "https://www.kaigokensaku.mhlw.go.jp/08/index.php?action_kouhyou_detail_004_kani=true&JigyosyoCd=0872102496-00&ServiceCd=430&Type=search" }, "geometry": { "type": "Point", "coordinates": [ 140.5368399, 36.3790123 ] } },
{ "type": "Feature", "properties": { "内容": "居宅介護支援センター　グリーンハウスひたちなか【居宅介護支援】茨城県ひたちなか市東石川3183-1", "url2": "https://www.kaigokensaku.mhlw.go.jp/08/index.php?action_kouhyou_detail_004_kani=true&JigyosyoCd=0872102538-00&ServiceCd=430&Type=search" }, "geometry": { "type": "Point", "coordinates": [ 140.537325610360369, 36.415677073861673 ] } },
{ "type": "Feature", "properties": { "内容": "いばらき会ケアプランセンター【居宅介護支援】ひたちなか市高場5丁目3番地7", "url2": "https://www.kaigokensaku.mhlw.go.jp/08/index.php?action_kouhyou_detail_004_kani=true&JigyosyoCd=0872100524-00&ServiceCd=430&Type=search" }, "geometry": { "type": "Point", "coordinates": [ 140.53442629956669, 36.433820610310683 ] } },
{ "type": "Feature", "properties": { "内容": "ひたちなか総合病院介護サポートセンター【居宅介護支援】茨城県ひたちなか市石川町２０番１", "url2": "https://www.kaigokensaku.mhlw.go.jp/08/index.php?action_kouhyou_detail_004_kani=true&JigyosyoCd=0872100730-00&ServiceCd=430&Type=search" }, "geometry": { "type": "Point", "coordinates": [ 140.5294922, 36.392897 ] } },
{ "type": "Feature", "properties": { "内容": "あやべケアプランセンター【居宅介護支援】茨城県ひたちなか市東大島４－１２－１", "url2": "https://www.kaigokensaku.mhlw.go.jp/08/index.php?action_kouhyou_detail_004_kani=true&JigyosyoCd=0872102413-00&ServiceCd=430&Type=search" }, "geometry": { "type": "Point", "coordinates": [ 140.531546669560072, 36.404973786650679 ] } },
{ "type": "Feature", "properties": { "内容": "居宅介護支援事業所さわの森【居宅介護支援】茨城県ひたちなか市高野字柏野2448", "url2": "https://www.kaigokensaku.mhlw.go.jp/08/index.php?action_kouhyou_detail_004_kani=true&JigyosyoCd=0872102561-00&ServiceCd=430&Type=search" }, "geometry": { "type": "Point", "coordinates": [ 140.542811699999987, 36.4408303 ] } },
{ "type": "Feature", "properties": { "内容": "ウチダ薬局指定居宅介護支援事業所【居宅介護支援】茨城県ひたちなか市馬渡2567-23", "url2": "https://www.kaigokensaku.mhlw.go.jp/08/index.php?action_kouhyou_detail_004_kani=true&JigyosyoCd=0872100011-00&ServiceCd=430&Type=search" }, "geometry": { "type": "Point", "coordinates": [ 140.561667699999987, 36.3975079 ] } },
{ "type": "Feature", "properties": { "内容": "居宅介護支援事業所　みなと苑【居宅介護支援】茨城県ひたちなか市幸町16-1", "url2": "https://www.kaigokensaku.mhlw.go.jp/08/index.php?action_kouhyou_detail_004_kani=true&JigyosyoCd=0872100060-00&ServiceCd=430&Type=search" }, "geometry": { "type": "Point", "coordinates": [ 140.585358199999973, 36.3485772 ] } },
{ "type": "Feature", "properties": { "内容": "指定居宅介護支援センター北勝園【居宅介護支援】茨城県ひたちなか市津田2093-1", "url2": "https://www.kaigokensaku.mhlw.go.jp/08/index.php?action_kouhyou_detail_004_kani=true&JigyosyoCd=0872100052-00&ServiceCd=430&Type=search" }, "geometry": { "type": "Point", "coordinates": [ 140.491982900000039, 36.4050076 ] } },
{ "type": "Feature", "properties": { "内容": "居宅介護支援事業所　サンライズ湊【居宅介護支援】茨城県ひたちなか市阿字ヶ浦1406-1", "url2": "https://www.kaigokensaku.mhlw.go.jp/08/index.php?action_kouhyou_detail_004_kani=true&JigyosyoCd=0872100078-00&ServiceCd=430&Type=search" }, "geometry": { "type": "Point", "coordinates": [ 140.597936, 36.3735771 ] } },
{ "type": "Feature", "properties": { "内容": "ケアレジデンスひたちなか居宅介護支援事業所【居宅介護支援】茨城県ひたちなか市大字東石川3527-4田彦ハイツA棟101号室", "url2": "https://www.kaigokensaku.mhlw.go.jp/08/index.php?action_kouhyou_detail_004_kani=true&JigyosyoCd=0872102363-00&ServiceCd=430&Type=search" }, "geometry": { "type": "Point", "coordinates": [ 140.5235659, 36.4116844 ] } },
{ "type": "Feature", "properties": { "内容": "ひたちなか総合ケアプランセンター【居宅介護支援】茨城県ひたちなか市足崎1474-8　ひたちなかメディカルプラザ内ひたちなかメディカルプラザ", "url2": "https://www.kaigokensaku.mhlw.go.jp/08/index.php?action_kouhyou_detail_004_kani=true&JigyosyoCd=0872101605-00&ServiceCd=430&Type=search" }, "geometry": { "type": "Point", "coordinates": [ 140.552814974868795, 36.404068459531715 ] } },
{ "type": "Feature", "properties": { "内容": "ひたちなか市医師会居宅介護支援事業所【居宅介護支援】茨城県ひたちなか市石川町２０－３２", "url2": "https://www.kaigokensaku.mhlw.go.jp/08/index.php?action_kouhyou_detail_004_kani=true&JigyosyoCd=0872100045-00&ServiceCd=430&Type=search" }, "geometry": { "type": "Point", "coordinates": [ 140.529049200000031, 36.391657 ] } },
{ "type": "Feature", "properties": { "内容": "はあと【居宅介護支援】茨城県ひたちなか市高場1673-34", "url2": "https://www.kaigokensaku.mhlw.go.jp/08/index.php?action_kouhyou_detail_004_kani=true&JigyosyoCd=0872100847-00&ServiceCd=430&Type=search" }, "geometry": { "type": "Point", "coordinates": [ 140.542805, 36.417699 ] } },
{ "type": "Feature", "properties": { "内容": "ウエルシア介護サービスひたちなか【居宅介護支援】茨城県ひたちなか市中根3361-1", "url2": "https://www.kaigokensaku.mhlw.go.jp/08/index.php?action_kouhyou_detail_004_kani=true&JigyosyoCd=0872100318-00&ServiceCd=430&Type=search" }, "geometry": { "type": "Point", "coordinates": [ 140.574511300000012, 36.3804159 ] } },
{ "type": "Feature", "properties": { "内容": "恵苑居宅介護支援事業所【居宅介護支援】茨城県ひたちなか市烏ヶ台11836-1", "url2": "https://www.kaigokensaku.mhlw.go.jp/08/index.php?action_kouhyou_detail_004_kani=true&JigyosyoCd=0872100029-00&ServiceCd=430&Type=search" }, "geometry": { "type": "Point", "coordinates": [ 140.60044419999997, 36.3677417 ] } },
{ "type": "Feature", "properties": { "内容": "居宅介護支援事業所プロスペクトガーデンはなみずき【居宅介護支援】茨城県ひたちなか市高野字柏野２４５５番地１", "url2": "https://www.kaigokensaku.mhlw.go.jp/08/index.php?action_kouhyou_detail_004_kani=true&JigyosyoCd=0872100938-00&ServiceCd=430&Type=search" }, "geometry": { "type": "Point", "coordinates": [ 140.539799851429365, 36.441073449763714 ] } },
{ "type": "Feature", "properties": { "内容": "ケアプラン　つばき【居宅介護支援】茨城県ひたちなか市津田2567-38", "url2": "https://www.kaigokensaku.mhlw.go.jp/08/index.php?action_kouhyou_detail_004_kani=true&JigyosyoCd=0872102256-00&ServiceCd=430&Type=search" }, "geometry": { "type": "Point", "coordinates": [ 140.491005, 36.4127069 ] } },
{ "type": "Feature", "properties": { "内容": "ルアル居宅介護支援事業所ひたちなか【居宅介護支援】茨城県ひたちなか市稲田41-1", "url2": "https://www.kaigokensaku.mhlw.go.jp/08/index.php?action_kouhyou_detail_004_kani=true&JigyosyoCd=0872101647-00&ServiceCd=430&Type=search" }, "geometry": { "type": "Point", "coordinates": [ 140.531320599999987, 36.4337594 ] } },
{ "type": "Feature", "properties": { "内容": "ひたちなか介護ステーション【居宅介護支援】茨城県ひたちなか市東石川３丁目28-10", "url2": "https://www.kaigokensaku.mhlw.go.jp/08/index.php?action_kouhyou_detail_004_kani=true&JigyosyoCd=0872100342-00&ServiceCd=430&Type=search" }, "geometry": { "type": "Point", "coordinates": [ 140.534172010481257, 36.3891259014582 ] } },
{ "type": "Feature", "properties": { "内容": "うしさんケアマネジャー居宅介護支援事業所【居宅介護支援】中2334-30", "url2": "https://www.kaigokensaku.mhlw.go.jp/08/index.php?action_kouhyou_detail_004_kani=true&JigyosyoCd=0872200845-00&ServiceCd=430&Type=search" }, "geometry": { "type": "Point", "coordinates": [ 140.602616099999977, 36.0161954 ] } },
{ "type": "Feature", "properties": { "内容": "居宅介護支援事業所ルリエ【居宅介護支援】小山１０３３－３９", "url2": "https://www.kaigokensaku.mhlw.go.jp/08/index.php?action_kouhyou_detail_004_kani=true&JigyosyoCd=0872201025-00&ServiceCd=430&Type=search" }, "geometry": { "type": "Point", "coordinates": [ 140.628140156459807, 36.008046692358313 ] } },
{ "type": "Feature", "properties": { "内容": "公益社団法人　茨城県看護協会　鹿嶋訪問看護ステーション【居宅介護支援】茨城県鹿嶋市緑ヶ丘3-9-20", "url2": "https://www.kaigokensaku.mhlw.go.jp/08/index.php?action_kouhyou_detail_004_kani=true&JigyosyoCd=0862290012-00&ServiceCd=430&Type=search" }, "geometry": { "type": "Point", "coordinates": [ 140.620132637451235, 35.971827966048778 ] } },
{ "type": "Feature", "properties": { "内容": "在宅ケアセンター　ライフ　in　たかおざき　指定居宅介護支援事業所【居宅介護支援】茨城県鹿嶋市平井1350-332", "url2": "https://www.kaigokensaku.mhlw.go.jp/08/index.php?action_kouhyou_detail_004_kani=true&JigyosyoCd=0872200027-00&ServiceCd=430&Type=search" }, "geometry": { "type": "Point", "coordinates": [ 140.659983499999953, 35.9593344 ] } },
{ "type": "Feature", "properties": { "内容": "はぴねす【居宅介護支援】茨城県鹿嶋市荒野1533-32", "url2": "https://www.kaigokensaku.mhlw.go.jp/08/index.php?action_kouhyou_detail_004_kani=true&JigyosyoCd=0862290087-00&ServiceCd=430&Type=search" }, "geometry": { "type": "Point", "coordinates": [ 140.622037720237699, 36.018583811066954 ] } },
{ "type": "Feature", "properties": { "内容": "百の喜居宅介護支援事業所【居宅介護支援】茨城県鹿嶋市宮中221-4桜ビル201", "url2": "https://www.kaigokensaku.mhlw.go.jp/08/index.php?action_kouhyou_detail_004_kani=true&JigyosyoCd=0872200993-00&ServiceCd=430&Type=search" }, "geometry": { "type": "Point", "coordinates": [ 140.637495599999966, 35.9606086 ] } },
{ "type": "Feature", "properties": { "内容": "ニチイケアセンター鹿嶋【居宅介護支援】茨城県鹿嶋市鉢形台2-1-3三廣ビル2階", "url2": "https://www.kaigokensaku.mhlw.go.jp/08/index.php?action_kouhyou_detail_004_kani=true&JigyosyoCd=0872200084-00&ServiceCd=430&Type=search" }, "geometry": { "type": "Point", "coordinates": [ 140.646771, 35.9620368 ] } },
{ "type": "Feature", "properties": { "内容": "株式会社パソナライフケア　鹿嶋ふれあいケアプランセンター【居宅介護支援】茨城県鹿嶋市宮中2030-1", "url2": "https://www.kaigokensaku.mhlw.go.jp/08/index.php?action_kouhyou_detail_004_kani=true&JigyosyoCd=0872200738-00&ServiceCd=430&Type=search" }, "geometry": { "type": "Point", "coordinates": [ 140.6453143, 35.9679097 ] } },
{ "type": "Feature", "properties": { "内容": "けあぷらん　あろ【居宅介護支援】茨城県鹿嶋市志崎23-7", "url2": "https://www.kaigokensaku.mhlw.go.jp/08/index.php?action_kouhyou_detail_004_kani=true&JigyosyoCd=0872201074-00&ServiceCd=430&Type=search" }, "geometry": { "type": "Point", "coordinates": [ 140.5782788, 36.0651153 ] } },
{ "type": "Feature", "properties": { "内容": "ウエルシア介護サービス鹿嶋【居宅介護支援】茨城県鹿嶋市宮中字東山289-1", "url2": "https://www.kaigokensaku.mhlw.go.jp/08/index.php?action_kouhyou_detail_004_kani=true&JigyosyoCd=0872200456-00&ServiceCd=430&Type=search" }, "geometry": { "type": "Point", "coordinates": [ 140.642802500000016, 35.9627497 ] } },
{ "type": "Feature", "properties": { "内容": "小山記念病院居宅介護支援事業所【居宅介護支援】茨城県鹿嶋市宮津台188-17介護老人保健施設　鹿野苑内", "url2": "https://www.kaigokensaku.mhlw.go.jp/08/index.php?action_kouhyou_detail_004_kani=true&JigyosyoCd=0872200019-00&ServiceCd=430&Type=search" }, "geometry": { "type": "Point", "coordinates": [ 140.655261500000051, 35.9821035 ] } },
{ "type": "Feature", "properties": { "内容": "居宅介護支援事業所くぬぎの森【居宅介護支援】茨城県鹿嶋市和825-2", "url2": "https://www.kaigokensaku.mhlw.go.jp/08/index.php?action_kouhyou_detail_004_kani=true&JigyosyoCd=0872200381-00&ServiceCd=430&Type=search" }, "geometry": { "type": "Point", "coordinates": [ 140.611189, 36.0397483 ] } },
{ "type": "Feature", "properties": { "内容": "指定居宅介護支援事業所鹿嶋市社会福祉協議会ウェルポート鹿嶋の郷【居宅介護支援】茨城県鹿嶋市宮中4603番地1", "url2": "https://www.kaigokensaku.mhlw.go.jp/08/index.php?action_kouhyou_detail_004_kani=true&JigyosyoCd=0872200043-00&ServiceCd=430&Type=search" }, "geometry": { "type": "Point", "coordinates": [ 140.6353551, 35.9830494 ] } },
{ "type": "Feature", "properties": { "内容": "松寿園居宅介護支援センター【居宅介護支援】茨城県鹿嶋市和782-52", "url2": "https://www.kaigokensaku.mhlw.go.jp/08/index.php?action_kouhyou_detail_004_kani=true&JigyosyoCd=0872200050-00&ServiceCd=430&Type=search" }, "geometry": { "type": "Point", "coordinates": [ 140.605272052196966, 36.049813571558005 ] } },
{ "type": "Feature", "properties": { "内容": "カーネーション介護【居宅介護支援】茨城県鹿嶋市平井東3丁目18番地10", "url2": "https://www.kaigokensaku.mhlw.go.jp/08/index.php?action_kouhyou_detail_004_kani=true&JigyosyoCd=0872201017-00&ServiceCd=430&Type=search" }, "geometry": { "type": "Point", "coordinates": [ 140.66737651349186, 35.95546791529096 ] } },
{ "type": "Feature", "properties": { "内容": "ケアプランセンター未来【居宅介護支援】茨城県鹿嶋市大船津2667番地2", "url2": "https://www.kaigokensaku.mhlw.go.jp/08/index.php?action_kouhyou_detail_004_kani=true&JigyosyoCd=0872200985-00&ServiceCd=430&Type=search" }, "geometry": { "type": "Point", "coordinates": [ 140.61351860000002, 35.964589 ] } },
{ "type": "Feature", "properties": { "内容": "福楽園居宅介護支援事業所【居宅介護支援】茨城県潮来市上戸１９２１番地１", "url2": "https://www.kaigokensaku.mhlw.go.jp/08/index.php?action_kouhyou_detail_004_kani=true&JigyosyoCd=0872300041-00&ServiceCd=430&Type=search" }, "geometry": { "type": "Point", "coordinates": [ 140.537224199999969, 35.9501746 ] } },
{ "type": "Feature", "properties": { "内容": "潮来市社協　指定居宅介護支援事業所【居宅介護支援】茨城県潮来市辻７６５番地", "url2": "https://www.kaigokensaku.mhlw.go.jp/08/index.php?action_kouhyou_detail_004_kani=true&JigyosyoCd=0872300058-00&ServiceCd=430&Type=search" }, "geometry": { "type": "Point", "coordinates": [ 140.556155499999932, 35.949478 ] } },
{ "type": "Feature", "properties": { "内容": "有限会社　仁友介護サービス【居宅介護支援】茨城県潮来市永山７３３－１", "url2": "https://www.kaigokensaku.mhlw.go.jp/08/index.php?action_kouhyou_detail_004_kani=true&JigyosyoCd=0872300082-00&ServiceCd=430&Type=search" }, "geometry": { "type": "Point", "coordinates": [ 140.5090798, 35.9647637 ] } },
{ "type": "Feature", "properties": { "内容": "指定居宅介護支援事業所　いたこの郷【居宅介護支援】潮来市大生字大生原　804-556", "url2": "https://www.kaigokensaku.mhlw.go.jp/08/index.php?action_kouhyou_detail_004_kani=true&JigyosyoCd=0872300306-00&ServiceCd=430&Type=search" }, "geometry": { "type": "Point", "coordinates": [ 140.551588087388609, 35.985904809437976 ] } },
{ "type": "Feature", "properties": { "内容": "指定居宅介護支援事業所あやめ【居宅介護支援】茨城県潮来市水原1549-1", "url2": "https://www.kaigokensaku.mhlw.go.jp/08/index.php?action_kouhyou_detail_004_kani=true&JigyosyoCd=0872300108-00&ServiceCd=430&Type=search" }, "geometry": { "type": "Point", "coordinates": [ 140.575639611778257, 35.973668000834223 ] } },
{ "type": "Feature", "properties": { "内容": "アネシス指定居宅介護支援事業所【居宅介護支援】茨城県守谷市薬師台2-16-3", "url2": "https://www.kaigokensaku.mhlw.go.jp/08/index.php?action_kouhyou_detail_004_kani=true&JigyosyoCd=0872400197-00&ServiceCd=430&Type=search" }, "geometry": { "type": "Point", "coordinates": [ 139.967444300000011, 35.9626608 ] } },
{ "type": "Feature", "properties": { "内容": "さとう居宅介護支援事業所【居宅介護支援】茨城県守谷市野木崎521-1", "url2": "https://www.kaigokensaku.mhlw.go.jp/08/index.php?action_kouhyou_detail_004_kani=true&JigyosyoCd=0872400460-00&ServiceCd=430&Type=search" }, "geometry": { "type": "Point", "coordinates": [ 139.9674951, 35.9461937 ] } },
{ "type": "Feature", "properties": { "内容": "守谷市社協居宅介護支援事業所【居宅介護支援】茨城県守谷市大柏９５４－３いきいきプラザ・げんき館内", "url2": "https://www.kaigokensaku.mhlw.go.jp/08/index.php?action_kouhyou_detail_004_kani=true&JigyosyoCd=0872400031-00&ServiceCd=430&Type=search" }, "geometry": { "type": "Point", "coordinates": [ 139.9767229, 35.9508757 ] } },
{ "type": "Feature", "properties": { "内容": "ケアプランセンター花きりん【居宅介護支援】茨城県守谷市立沢950-1", "url2": "https://www.kaigokensaku.mhlw.go.jp/08/index.php?action_kouhyou_detail_004_kani=true&JigyosyoCd=0872400270-00&ServiceCd=430&Type=search" }, "geometry": { "type": "Point", "coordinates": [ 139.976515899999981, 35.9543454 ] } },
{ "type": "Feature", "properties": { "内容": "居宅介護支援事業所つむぎ【居宅介護支援】茨城県守谷市高野2013-1", "url2": "https://www.kaigokensaku.mhlw.go.jp/08/index.php?action_kouhyou_detail_004_kani=true&JigyosyoCd=0872400973-00&ServiceCd=430&Type=search" }, "geometry": { "type": "Point", "coordinates": [ 139.980777499999988, 35.93514 ] } },
{ "type": "Feature", "properties": { "内容": "社会医療法人社団光仁会　ひかり居宅介護支援事業所【居宅介護支援】茨城県守谷市松前台1-17", "url2": "https://www.kaigokensaku.mhlw.go.jp/08/index.php?action_kouhyou_detail_004_kani=true&JigyosyoCd=0872400023-00&ServiceCd=430&Type=search" }, "geometry": { "type": "Point", "coordinates": [ 139.966887500000013, 35.967289200000018 ] } },
{ "type": "Feature", "properties": { "内容": "指定居宅介護事業所　ツクイ守谷【居宅介護支援】茨城県守谷市松前台　4-10-1", "url2": "https://www.kaigokensaku.mhlw.go.jp/08/index.php?action_kouhyou_detail_004_kani=true&JigyosyoCd=0872400304-00&ServiceCd=430&Type=search" }, "geometry": { "type": "Point", "coordinates": [ 139.9642096, 35.9702432 ] } },
{ "type": "Feature", "properties": { "内容": "ケア・アシスト守谷【居宅介護支援】茨城県守谷市大山新田１４９－１", "url2": "https://www.kaigokensaku.mhlw.go.jp/08/index.php?action_kouhyou_detail_004_kani=true&JigyosyoCd=0872400791-00&ServiceCd=430&Type=search" }, "geometry": { "type": "Point", "coordinates": [ 139.966394, 35.9740622 ] } },
{ "type": "Feature", "properties": { "内容": "居宅介護支援事業所しあわせ【居宅介護支援】茨城県守谷市高野1661-1", "url2": "https://www.kaigokensaku.mhlw.go.jp/08/index.php?action_kouhyou_detail_004_kani=true&JigyosyoCd=0872400957-00&ServiceCd=430&Type=search" }, "geometry": { "type": "Point", "coordinates": [ 139.985991222274748, 35.931353554555088 ] } },
{ "type": "Feature", "properties": { "内容": "住まいくらぶ【居宅介護支援】茨城県守谷市けやき台1-7-2B棟", "url2": "https://www.kaigokensaku.mhlw.go.jp/08/index.php?action_kouhyou_detail_004_kani=true&JigyosyoCd=0872401161-00&ServiceCd=430&Type=search" }, "geometry": { "type": "Point", "coordinates": [ 140.000872777909848, 35.934600817009894 ] } },
{ "type": "Feature", "properties": { "内容": "居宅介護支援事業所アイケア【居宅介護支援】茨城県守谷市小山３１８番５", "url2": "https://www.kaigokensaku.mhlw.go.jp/08/index.php?action_kouhyou_detail_004_kani=true&JigyosyoCd=0872400874-00&ServiceCd=430&Type=search" }, "geometry": { "type": "Point", "coordinates": [ 140.012007700000026, 35.9301381 ] } },
{ "type": "Feature", "properties": { "内容": "茨城ﾘﾊﾋﾞﾘﾃｰｼｮﾝ病院ｹｱｻｰﾋﾞｽ【居宅介護支援】茨城県守谷市同地字仲山358-5", "url2": "https://www.kaigokensaku.mhlw.go.jp/08/index.php?action_kouhyou_detail_004_kani=true&JigyosyoCd=0872400940-00&ServiceCd=430&Type=search" }, "geometry": { "type": "Point", "coordinates": [ 140.017514, 35.953555 ] } },
{ "type": "Feature", "properties": { "内容": "社会福祉法人　峰林会　あかり居宅介護支援事業所【居宅介護支援】茨城県守谷市野木崎1931", "url2": "https://www.kaigokensaku.mhlw.go.jp/08/index.php?action_kouhyou_detail_004_kani=true&JigyosyoCd=0872400015-00&ServiceCd=430&Type=search" }, "geometry": { "type": "Point", "coordinates": [ 139.9581624, 35.9524867 ] } },
{ "type": "Feature", "properties": { "内容": "指定居宅介護支援事業所サンタ【居宅介護支援】茨城県守谷市松並1630-1", "url2": "https://www.kaigokensaku.mhlw.go.jp/08/index.php?action_kouhyou_detail_004_kani=true&JigyosyoCd=0872400049-00&ServiceCd=430&Type=search" }, "geometry": { "type": "Point", "coordinates": [ 139.9987572, 35.9560168 ] } },
{ "type": "Feature", "properties": { "内容": "居宅介護支援事業所　ひまわり【居宅介護支援】茨城県常陸大宮市下町3993番地", "url2": "https://www.kaigokensaku.mhlw.go.jp/08/index.php?action_kouhyou_detail_004_kani=true&JigyosyoCd=0872500533-00&ServiceCd=430&Type=search" }, "geometry": { "type": "Point", "coordinates": [ 140.417049600000013, 36.5486013 ] } },
{ "type": "Feature", "properties": { "内容": "居宅介護支援事業所　オリーブ【居宅介護支援】茨城県常陸大宮市泉541番地317", "url2": "https://www.kaigokensaku.mhlw.go.jp/08/index.php?action_kouhyou_detail_004_kani=true&JigyosyoCd=0872500566-00&ServiceCd=430&Type=search" }, "geometry": { "type": "Point", "coordinates": [ 140.4229635, 36.529097 ] } },
{ "type": "Feature", "properties": { "内容": "ごぜんやま総合ケアプランセンター【居宅介護支援】茨城県常陸大宮市野口平146-1", "url2": "https://www.kaigokensaku.mhlw.go.jp/08/index.php?action_kouhyou_detail_004_kani=true&JigyosyoCd=0873100770-00&ServiceCd=430&Type=search" }, "geometry": { "type": "Point", "coordinates": [ 140.3383384, 36.5581032 ] } },
{ "type": "Feature", "properties": { "内容": "おおみや総合ケアプランセンター【居宅介護支援】茨城県常陸大宮市上町３２１番地", "url2": "https://www.kaigokensaku.mhlw.go.jp/08/index.php?action_kouhyou_detail_004_kani=true&JigyosyoCd=0873300057-00&ServiceCd=430&Type=search" }, "geometry": { "type": "Point", "coordinates": [ 140.413978300000053, 36.5491174 ] } },
{ "type": "Feature", "properties": { "内容": "みわ居宅介護支援事業所【居宅介護支援】茨城県常陸大宮市鷲子２０２３－２", "url2": "https://www.kaigokensaku.mhlw.go.jp/08/index.php?action_kouhyou_detail_004_kani=true&JigyosyoCd=0873300685-00&ServiceCd=430&Type=search" }, "geometry": { "type": "Point", "coordinates": [ 140.2430733, 36.6648195 ] } },
{ "type": "Feature", "properties": { "内容": "医療法人芳栄会　双葉指定居宅介護支援事業所【居宅介護支援】茨城県常陸大宮市宇留野３１０９", "url2": "https://www.kaigokensaku.mhlw.go.jp/08/index.php?action_kouhyou_detail_004_kani=true&JigyosyoCd=0873300305-00&ServiceCd=430&Type=search" }, "geometry": { "type": "Point", "coordinates": [ 140.418336299999964, 36.5438849 ] } },
{ "type": "Feature", "properties": { "内容": "ケアプランセンター　ドルフィン【居宅介護支援】常陸大宮市泉497-1", "url2": "https://www.kaigokensaku.mhlw.go.jp/08/index.php?action_kouhyou_detail_004_kani=true&JigyosyoCd=0873300941-00&ServiceCd=430&Type=search" }, "geometry": { "type": "Point", "coordinates": [ 140.425439099999949, 36.528401 ] } },
{ "type": "Feature", "properties": { "内容": "指定居宅介護支援事業所ケアプランやまぶき【居宅介護支援】茨城県常陸大宮市高部564番地の2", "url2": "https://www.kaigokensaku.mhlw.go.jp/08/index.php?action_kouhyou_detail_004_kani=true&JigyosyoCd=0872500525-00&ServiceCd=430&Type=search" }, "geometry": { "type": "Point", "coordinates": [ 140.304305504893506, 36.66530809700005 ] } },
{ "type": "Feature", "properties": { "内容": "やまがた総合ケアプランセンター【居宅介護支援】常陸大宮市山方１３６１", "url2": "https://www.kaigokensaku.mhlw.go.jp/08/index.php?action_kouhyou_detail_004_kani=true&JigyosyoCd=0872500368-00&ServiceCd=430&Type=search" }, "geometry": { "type": "Point", "coordinates": [ 140.398589300000026, 36.614206 ] } },
{ "type": "Feature", "properties": { "内容": "医療法人緒川クリニック居宅介護支援事業所ひばり【居宅介護支援】茨城県常陸大宮市上小瀬1426-1", "url2": "https://www.kaigokensaku.mhlw.go.jp/08/index.php?action_kouhyou_detail_004_kani=true&JigyosyoCd=0872500582-00&ServiceCd=430&Type=search" }, "geometry": { "type": "Point", "coordinates": [ 140.3263738, 36.6028173 ] } },
{ "type": "Feature", "properties": { "内容": "居宅介護支援事業所むらた【居宅介護支援】下村田2307", "url2": "https://www.kaigokensaku.mhlw.go.jp/08/index.php?action_kouhyou_detail_004_kani=true&JigyosyoCd=0872500343-00&ServiceCd=430&Type=search" }, "geometry": { "type": "Point", "coordinates": [ 140.4180991, 36.5189387 ] } },
{ "type": "Feature", "properties": { "内容": "居宅介護支援事業所　フェニックス那珂【居宅介護支援】那珂市飯田1733－1", "url2": "https://www.kaigokensaku.mhlw.go.jp/08/index.php?action_kouhyou_detail_004_kani=true&JigyosyoCd=0873300628-00&ServiceCd=430&Type=search" }, "geometry": { "type": "Point", "coordinates": [ 140.463252799999964, 36.4537713 ] } },
{ "type": "Feature", "properties": { "内容": "居宅介護支援事業所「ケア・サポートうりづら」【居宅介護支援】茨城県那珂市古徳2185-1元瓜連慶友整形外科1階", "url2": "https://www.kaigokensaku.mhlw.go.jp/08/index.php?action_kouhyou_detail_004_kani=true&JigyosyoCd=0872600168-00&ServiceCd=430&Type=search" }, "geometry": { "type": "Point", "coordinates": [ 140.437026382417343, 36.495636236500765 ] } },
{ "type": "Feature", "properties": { "内容": "ひばりヶ丘居宅介護支援事業所【居宅介護支援】茨城県那珂市菅谷528", "url2": "https://www.kaigokensaku.mhlw.go.jp/08/index.php?action_kouhyou_detail_004_kani=true&JigyosyoCd=0872600150-00&ServiceCd=430&Type=search" }, "geometry": { "type": "Point", "coordinates": [ 140.496139, 36.4608436 ] } },
{ "type": "Feature", "properties": { "内容": "ケアプランセンター　サリエ【居宅介護支援】菅谷4398-2メゾンサザンクロス103号室", "url2": "https://www.kaigokensaku.mhlw.go.jp/08/index.php?action_kouhyou_detail_004_kani=true&JigyosyoCd=0872600671-00&ServiceCd=430&Type=search" }, "geometry": { "type": "Point", "coordinates": [ 140.4926405, 36.450803100000016 ] } },
{ "type": "Feature", "properties": { "内容": "居宅介護支援事業所はる風【居宅介護支援】茨城県那珂市後台2400-1", "url2": "https://www.kaigokensaku.mhlw.go.jp/08/index.php?action_kouhyou_detail_004_kani=true&JigyosyoCd=0872600465-00&ServiceCd=430&Type=search" }, "geometry": { "type": "Point", "coordinates": [ 140.482436376721182, 36.435268441747283 ] } },
{ "type": "Feature", "properties": { "内容": "ケアセンター那珂【居宅介護支援】茨城県那珂市額田南郷2381-18", "url2": "https://www.kaigokensaku.mhlw.go.jp/08/index.php?action_kouhyou_detail_004_kani=true&JigyosyoCd=0872600283-00&ServiceCd=430&Type=search" }, "geometry": { "type": "Point", "coordinates": [ 140.51558620000003, 36.4746453 ] } },
{ "type": "Feature", "properties": { "内容": "ケアプランセンター　けいわ【居宅介護支援】茨城県那珂市鴻巣3247-1", "url2": "https://www.kaigokensaku.mhlw.go.jp/08/index.php?action_kouhyou_detail_004_kani=true&JigyosyoCd=0873300776-00&ServiceCd=430&Type=search" }, "geometry": { "type": "Point", "coordinates": [ 140.486021609787031, 36.458209274622931 ] } },
{ "type": "Feature", "properties": { "内容": "ケアプランセンター1up【居宅介護支援】茨城県那珂市菅谷6151番地", "url2": "https://www.kaigokensaku.mhlw.go.jp/08/index.php?action_kouhyou_detail_004_kani=true&JigyosyoCd=0872600622-00&ServiceCd=430&Type=search" }, "geometry": { "type": "Point", "coordinates": [ 140.490528238176864, 36.444647297654249 ] } },
{ "type": "Feature", "properties": { "内容": "居宅介護支援事業所　光音【居宅介護支援】茨城県那珂市菅谷2447-5ときわ台マンション102", "url2": "https://www.kaigokensaku.mhlw.go.jp/08/index.php?action_kouhyou_detail_004_kani=true&JigyosyoCd=0872600630-00&ServiceCd=430&Type=search" }, "geometry": { "type": "Point", "coordinates": [ 140.504887599999989, 36.4467531 ] } },
{ "type": "Feature", "properties": { "内容": "ナザレ園居宅介護支援事業所【居宅介護支援】茨城県那珂市中里３６１番地２", "url2": "https://www.kaigokensaku.mhlw.go.jp/08/index.php?action_kouhyou_detail_004_kani=true&JigyosyoCd=0873300032-00&ServiceCd=430&Type=search" }, "geometry": { "type": "Point", "coordinates": [ 140.457518573818987, 36.484400861904277 ] } },
{ "type": "Feature", "properties": { "内容": "ウエルシア介護サービス那珂【居宅介護支援】茨城県那珂市竹ノ内3-7-3", "url2": "https://www.kaigokensaku.mhlw.go.jp/08/index.php?action_kouhyou_detail_004_kani=true&JigyosyoCd=0872600127-00&ServiceCd=430&Type=search" }, "geometry": { "type": "Point", "coordinates": [ 140.50196649999998, 36.4475593 ] } },
{ "type": "Feature", "properties": { "内容": "のぞみ居宅介護支援事業所【居宅介護支援】那珂市菅谷６０５", "url2": "https://www.kaigokensaku.mhlw.go.jp/08/index.php?action_kouhyou_detail_004_kani=true&JigyosyoCd=0873300099-00&ServiceCd=430&Type=search" }, "geometry": { "type": "Point", "coordinates": [ 140.496483399999988, 36.460527 ] } },
{ "type": "Feature", "properties": { "内容": "ケアプランセンター　えくぼ【居宅介護支援】那珂市後台1495-1", "url2": "https://www.kaigokensaku.mhlw.go.jp/08/index.php?action_kouhyou_detail_004_kani=true&JigyosyoCd=0873300909-00&ServiceCd=430&Type=search" }, "geometry": { "type": "Point", "coordinates": [ 140.479118926644929, 36.423444328451744 ] } },
{ "type": "Feature", "properties": { "内容": "あい・ねもと薬局ケアプランセンター【居宅介護支援】茨城県那珂市西木倉166-1", "url2": "https://www.kaigokensaku.mhlw.go.jp/08/index.php?action_kouhyou_detail_004_kani=true&JigyosyoCd=0872600317-00&ServiceCd=430&Type=search" }, "geometry": { "type": "Point", "coordinates": [ 140.463549308459477, 36.421073038372775 ] } },
{ "type": "Feature", "properties": { "内容": "指定居宅介護支援事業所クリクリ【居宅介護支援】茨城県那珂市豊喰505", "url2": "https://www.kaigokensaku.mhlw.go.jp/08/index.php?action_kouhyou_detail_004_kani=true&JigyosyoCd=0872600044-00&ServiceCd=430&Type=search" }, "geometry": { "type": "Point", "coordinates": [ 140.46451449999995, 36.4311768 ] } },
{ "type": "Feature", "properties": { "内容": "いくり苑那珂　居宅介護支援事業所【居宅介護支援】茨城県那珂市菅谷3799番地6", "url2": "https://www.kaigokensaku.mhlw.go.jp/08/index.php?action_kouhyou_detail_004_kani=true&JigyosyoCd=0872600416-00&ServiceCd=430&Type=search" }, "geometry": { "type": "Point", "coordinates": [ 140.502025300000014, 36.4318777 ] } },
{ "type": "Feature", "properties": { "内容": "ふくらケアプランセンター【居宅介護支援】茨城県那珂市中台750-5", "url2": "https://www.kaigokensaku.mhlw.go.jp/08/index.php?action_kouhyou_detail_004_kani=true&JigyosyoCd=0872600614-00&ServiceCd=430&Type=search" }, "geometry": { "type": "Point", "coordinates": [ 140.484761896295169, 36.410299648783294 ] } },
{ "type": "Feature", "properties": { "内容": "那珂社協居宅介護支援事業所【居宅介護支援】茨城県那珂市瓜連３２１番地那珂市役所瓜連支所分庁舎内", "url2": "https://www.kaigokensaku.mhlw.go.jp/08/index.php?action_kouhyou_detail_004_kani=true&JigyosyoCd=0872600135-00&ServiceCd=430&Type=search" }, "geometry": { "type": "Point", "coordinates": [ 140.443629275799594, 36.49928053244475 ] } },
{ "type": "Feature", "properties": { "内容": "居宅介護支援事業所ゆたか【居宅介護支援】茨城県那珂市後台２０４５－４", "url2": "https://www.kaigokensaku.mhlw.go.jp/08/index.php?action_kouhyou_detail_004_kani=true&JigyosyoCd=0873300040-00&ServiceCd=430&Type=search" }, "geometry": { "type": "Point", "coordinates": [ 140.475771044621979, 36.437887842625571 ] } },
{ "type": "Feature", "properties": { "内容": "居宅介護支援事業所　筑西【居宅介護支援】茨城県筑西市古郡554-3", "url2": "https://www.kaigokensaku.mhlw.go.jp/08/index.php?action_kouhyou_detail_004_kani=true&JigyosyoCd=0872701032-00&ServiceCd=430&Type=search" }, "geometry": { "type": "Point", "coordinates": [ 140.046424800000068, 36.338508900000015 ] } },
{ "type": "Feature", "properties": { "内容": "居宅介護支援事業所　はばたきⅡ【居宅介護支援】茨城県筑西市下野殿784", "url2": "https://www.kaigokensaku.mhlw.go.jp/08/index.php?action_kouhyou_detail_004_kani=true&JigyosyoCd=0872701107-00&ServiceCd=430&Type=search" }, "geometry": { "type": "Point", "coordinates": [ 139.9726442, 36.2703537 ] } },
{ "type": "Feature", "properties": { "内容": "しらとり指定居宅介護支援事業所【居宅介護支援】茨城県筑西市上平塚743-5総合相談支援センター", "url2": "https://www.kaigokensaku.mhlw.go.jp/08/index.php?action_kouhyou_detail_004_kani=true&JigyosyoCd=0872700042-00&ServiceCd=430&Type=search" }, "geometry": { "type": "Point", "coordinates": [ 139.928983044654899, 36.320460929422346 ] } },
{ "type": "Feature", "properties": { "内容": "コスモス居宅介護支援事業所【居宅介護支援】茨城県筑西市宮後504-1", "url2": "https://www.kaigokensaku.mhlw.go.jp/08/index.php?action_kouhyou_detail_004_kani=true&JigyosyoCd=0872700489-00&ServiceCd=430&Type=search" }, "geometry": { "type": "Point", "coordinates": [ 140.0580162, 36.2600712 ] } },
{ "type": "Feature", "properties": { "内容": "県西せいかん荘居宅介護支援事業所【居宅介護支援】茨城県筑西市蓬田241", "url2": "https://www.kaigokensaku.mhlw.go.jp/08/index.php?action_kouhyou_detail_004_kani=true&JigyosyoCd=0874100019-00&ServiceCd=430&Type=search" }, "geometry": { "type": "Point", "coordinates": [ 140.041555, 36.3600451 ] } },
{ "type": "Feature", "properties": { "内容": "株式会社須藤【居宅介護支援】茨城県筑西市大字玉戸２１２０番地", "url2": "https://www.kaigokensaku.mhlw.go.jp/08/index.php?action_kouhyou_detail_004_kani=true&JigyosyoCd=0870600137-00&ServiceCd=430&Type=search" }, "geometry": { "type": "Point", "coordinates": [ 139.942946900000038, 36.291992 ] } },
{ "type": "Feature", "properties": { "内容": "居宅介護支援事業所ぴーぷる【居宅介護支援】筑西市藤ヶ谷６９５－９", "url2": "https://www.kaigokensaku.mhlw.go.jp/08/index.php?action_kouhyou_detail_004_kani=true&JigyosyoCd=0870600442-00&ServiceCd=430&Type=search" }, "geometry": { "type": "Point", "coordinates": [ 139.96810458923369, 36.248505328136808 ] } },
{ "type": "Feature", "properties": { "内容": "あずみ苑　下館【居宅介護支援】筑西市岡芹2130", "url2": "https://www.kaigokensaku.mhlw.go.jp/08/index.php?action_kouhyou_detail_004_kani=true&JigyosyoCd=0872700406-00&ServiceCd=430&Type=search" }, "geometry": { "type": "Point", "coordinates": [ 139.9715022, 36.316513 ] } },
{ "type": "Feature", "properties": { "内容": "筑西診療所居宅介護支援事業所【居宅介護支援】茨城県筑西市玉戸１６５８番地", "url2": "https://www.kaigokensaku.mhlw.go.jp/08/index.php?action_kouhyou_detail_004_kani=true&JigyosyoCd=0872701123-00&ServiceCd=430&Type=search" }, "geometry": { "type": "Point", "coordinates": [ 139.937423599999988, 36.2964322 ] } },
{ "type": "Feature", "properties": { "内容": "筑圃苑居宅介護支援事業所【居宅介護支援】筑西市木戸３５４番地", "url2": "https://www.kaigokensaku.mhlw.go.jp/08/index.php?action_kouhyou_detail_004_kani=true&JigyosyoCd=0874100308-00&ServiceCd=430&Type=search" }, "geometry": { "type": "Point", "coordinates": [ 139.9806982, 36.2450322 ] } },
{ "type": "Feature", "properties": { "内容": "ライフサポートすい郷居宅介護支援事業所【居宅介護支援】茨城県筑西市伊讃美１３００", "url2": "https://www.kaigokensaku.mhlw.go.jp/08/index.php?action_kouhyou_detail_004_kani=true&JigyosyoCd=0870600533-00&ServiceCd=430&Type=search" }, "geometry": { "type": "Point", "coordinates": [ 139.927600799999936, 36.3001516 ] } },
{ "type": "Feature", "properties": { "内容": "有限会社ホームケアサービスほほえみ【居宅介護支援】茨城県筑西市樋口３４", "url2": "https://www.kaigokensaku.mhlw.go.jp/08/index.php?action_kouhyou_detail_004_kani=true&JigyosyoCd=0872701065-00&ServiceCd=430&Type=search" }, "geometry": { "type": "Point", "coordinates": [ 139.975561400000061, 36.3711467 ] } },
{ "type": "Feature", "properties": { "内容": "昊栄居宅介護支援事業所【居宅介護支援】茨城県筑西市門井1675-1", "url2": "https://www.kaigokensaku.mhlw.go.jp/08/index.php?action_kouhyou_detail_004_kani=true&JigyosyoCd=0872700943-00&ServiceCd=430&Type=search" }, "geometry": { "type": "Point", "coordinates": [ 140.015694199999984, 36.3281065 ] } },
{ "type": "Feature", "properties": { "内容": "居宅介護支援事業所　倫【居宅介護支援】茨城県筑西市古内597番地", "url2": "https://www.kaigokensaku.mhlw.go.jp/08/index.php?action_kouhyou_detail_004_kani=true&JigyosyoCd=0872701289-00&ServiceCd=430&Type=search" }, "geometry": { "type": "Point", "coordinates": [ 139.998697, 36.2594024 ] } },
{ "type": "Feature", "properties": { "内容": "あい・すまいるケアプラン【居宅介護支援】下中山676-1", "url2": "https://www.kaigokensaku.mhlw.go.jp/08/index.php?action_kouhyou_detail_004_kani=true&JigyosyoCd=0872700794-00&ServiceCd=430&Type=search" }, "geometry": { "type": "Point", "coordinates": [ -75.387804099999983, 44.7855042 ] } },
{ "type": "Feature", "properties": { "内容": "みやた訪問看護ステーション居宅介護支援事業所【居宅介護支援】茨城県筑西市丙５８－３", "url2": "https://www.kaigokensaku.mhlw.go.jp/08/index.php?action_kouhyou_detail_004_kani=true&JigyosyoCd=0860690023-00&ServiceCd=430&Type=search" }, "geometry": { "type": "Point", "coordinates": [ 139.981556800000021, 36.3082217 ] } },
{ "type": "Feature", "properties": { "内容": "レストーレ下館ケアプランセンター【居宅介護支援】筑西市菅谷1637", "url2": "https://www.kaigokensaku.mhlw.go.jp/08/index.php?action_kouhyou_detail_004_kani=true&JigyosyoCd=0872700588-00&ServiceCd=430&Type=search" }, "geometry": { "type": "Point", "coordinates": [ 139.9697391, 36.3071736 ] } },
{ "type": "Feature", "properties": { "内容": "ウエルシア介護サービス下館【居宅介護支援】茨城県筑西市下野殿795-1", "url2": "https://www.kaigokensaku.mhlw.go.jp/08/index.php?action_kouhyou_detail_004_kani=true&JigyosyoCd=0870600236-00&ServiceCd=430&Type=search" }, "geometry": { "type": "Point", "coordinates": [ 139.971593599999977, 36.270172 ] } },
{ "type": "Feature", "properties": { "内容": "宮山公園福祉センター　さくら荘　居宅介護支援事業所【居宅介護支援】茨城県筑西市宮山３８１－１", "url2": "https://www.kaigokensaku.mhlw.go.jp/08/index.php?action_kouhyou_detail_004_kani=true&JigyosyoCd=0872700422-00&ServiceCd=430&Type=search" }, "geometry": { "type": "Point", "coordinates": [ 140.047564500000021, 36.2567323 ] } },
{ "type": "Feature", "properties": { "内容": "紫雲荘指定居宅介護支援事業所【居宅介護支援】茨城県筑西市海老ヶ島１９９９", "url2": "https://www.kaigokensaku.mhlw.go.jp/08/index.php?action_kouhyou_detail_004_kani=true&JigyosyoCd=0874100175-00&ServiceCd=430&Type=search" }, "geometry": { "type": "Point", "coordinates": [ 140.03483, 36.2426165 ] } },
{ "type": "Feature", "properties": { "内容": "協和中央病院居宅介護支援事業所【居宅介護支援】筑西市門井１６７６番地１", "url2": "https://www.kaigokensaku.mhlw.go.jp/08/index.php?action_kouhyou_detail_004_kani=true&JigyosyoCd=0874100043-00&ServiceCd=430&Type=search" }, "geometry": { "type": "Point", "coordinates": [ 140.016619, 36.3288148 ] } },
{ "type": "Feature", "properties": { "内容": "おばやし居宅介護支援事業所【居宅介護支援】茨城県筑西市小林４６７－１", "url2": "https://www.kaigokensaku.mhlw.go.jp/08/index.php?action_kouhyou_detail_004_kani=true&JigyosyoCd=0870600012-00&ServiceCd=430&Type=search" }, "geometry": { "type": "Point", "coordinates": [ 139.98016210000003, 36.3199258 ] } },
{ "type": "Feature", "properties": { "内容": "在宅介護サービス　ふれんず【居宅介護支援】茨城県筑西市甲536番地", "url2": "https://www.kaigokensaku.mhlw.go.jp/08/index.php?action_kouhyou_detail_004_kani=true&JigyosyoCd=0872700513-00&ServiceCd=430&Type=search" }, "geometry": { "type": "Point", "coordinates": [ 139.9765419, 36.3169385 ] } },
{ "type": "Feature", "properties": { "内容": "セキショウ居宅介護支援事業所【居宅介護支援】茨城県筑西市二木成827", "url2": "https://www.kaigokensaku.mhlw.go.jp/08/index.php?action_kouhyou_detail_004_kani=true&JigyosyoCd=0872700885-00&ServiceCd=430&Type=search" }, "geometry": { "type": "Point", "coordinates": [ 139.974771421634614, 36.29720785969419 ] } },
{ "type": "Feature", "properties": { "内容": "ふれんど筑西居宅介護支援センター【居宅介護支援】茨城県筑西市玉戸　1015-5", "url2": "https://www.kaigokensaku.mhlw.go.jp/08/index.php?action_kouhyou_detail_004_kani=true&JigyosyoCd=0872700380-00&ServiceCd=430&Type=search" }, "geometry": { "type": "Point", "coordinates": [ 139.944307799999933, 36.2927336 ] } },
{ "type": "Feature", "properties": { "内容": "恒幸園指定居宅介護支援事業所【居宅介護支援】茨城県筑西市向川澄98番地1", "url2": "https://www.kaigokensaku.mhlw.go.jp/08/index.php?action_kouhyou_detail_004_kani=true&JigyosyoCd=0872700323-00&ServiceCd=430&Type=search" }, "geometry": { "type": "Point", "coordinates": [ 140.012675, 36.3292229 ] } },
{ "type": "Feature", "properties": { "内容": "りあん居宅介護支援事業所【居宅介護支援】茨城県筑西市藤ヶ谷２２６４－２", "url2": "https://www.kaigokensaku.mhlw.go.jp/08/index.php?action_kouhyou_detail_004_kani=true&JigyosyoCd=0872701263-00&ServiceCd=430&Type=search" }, "geometry": { "type": "Point", "coordinates": [ 139.9501678, 36.2600972 ] } },
{ "type": "Feature", "properties": { "内容": "優志【居宅介護支援】茨城県筑西市伊讃美1062-7", "url2": "https://www.kaigokensaku.mhlw.go.jp/08/index.php?action_kouhyou_detail_004_kani=true&JigyosyoCd=0872701248-00&ServiceCd=430&Type=search" }, "geometry": { "type": "Point", "coordinates": [ 139.9394333, 36.2992477 ] } },
{ "type": "Feature", "properties": { "内容": "敬心苑指定居宅介護支援事業所【居宅介護支援】茨城県筑西市野殿1595-3", "url2": "https://www.kaigokensaku.mhlw.go.jp/08/index.php?action_kouhyou_detail_004_kani=true&JigyosyoCd=0870600053-00&ServiceCd=430&Type=search" }, "geometry": { "type": "Point", "coordinates": [ 139.970861499999955, 36.2756948 ] } },
{ "type": "Feature", "properties": { "内容": "デイサービス大空【居宅介護支援】茨城県坂東市猫実796-1", "url2": "https://www.kaigokensaku.mhlw.go.jp/08/index.php?action_kouhyou_detail_004_kani=true&JigyosyoCd=0872800313-00&ServiceCd=430&Type=search" }, "geometry": { "type": "Point", "coordinates": [ 139.926898899999969, 36.0383533 ] } },
{ "type": "Feature", "properties": { "内容": "岩井農業協同組合居宅介護支援事業所【居宅介護支援】茨城県坂東市岩井2229", "url2": "https://www.kaigokensaku.mhlw.go.jp/08/index.php?action_kouhyou_detail_004_kani=true&JigyosyoCd=0872800156-00&ServiceCd=430&Type=search" }, "geometry": { "type": "Point", "coordinates": [ 139.882284499999969, 36.0550709 ] } },
{ "type": "Feature", "properties": { "内容": "リハビリセンターここから居宅介護支援事業所【居宅介護支援】茨城県坂東市辺田631-2", "url2": "https://www.kaigokensaku.mhlw.go.jp/08/index.php?action_kouhyou_detail_004_kani=true&JigyosyoCd=0872800339-00&ServiceCd=430&Type=search" }, "geometry": { "type": "Point", "coordinates": [ 139.896068796515465, 36.034354345558576 ] } },
{ "type": "Feature", "properties": { "内容": "あずみ苑岩井【居宅介護支援】茨城県坂東市岩井1823-1", "url2": "https://www.kaigokensaku.mhlw.go.jp/08/index.php?action_kouhyou_detail_004_kani=true&JigyosyoCd=0872800164-00&ServiceCd=430&Type=search" }, "geometry": { "type": "Point", "coordinates": [ 139.8893112, 36.0568454 ] } },
{ "type": "Feature", "properties": { "内容": "坂東市社協居宅介護支援事業所【居宅介護支援】茨城県坂東市辺田48番地", "url2": "https://www.kaigokensaku.mhlw.go.jp/08/index.php?action_kouhyou_detail_004_kani=true&JigyosyoCd=0872800099-00&ServiceCd=430&Type=search" }, "geometry": { "type": "Point", "coordinates": [ 139.897778440741121, 36.032350933466006 ] } },
{ "type": "Feature", "properties": { "内容": "医療法人　清風会　寿桂苑【居宅介護支援】茨城県坂東市沓掛4527-1", "url2": "https://www.kaigokensaku.mhlw.go.jp/08/index.php?action_kouhyou_detail_004_kani=true&JigyosyoCd=0854380029-00&ServiceCd=430&Type=search" }, "geometry": { "type": "Point", "coordinates": [ 139.8981756, 36.0887657 ] } },
{ "type": "Feature", "properties": { "内容": "延寿館居宅介護支援事業所【居宅介護支援】茨城県坂東市長須1188-2", "url2": "https://www.kaigokensaku.mhlw.go.jp/08/index.php?action_kouhyou_detail_004_kani=true&JigyosyoCd=0872800263-00&ServiceCd=430&Type=search" }, "geometry": { "type": "Point", "coordinates": [ 139.849959300000023, 36.053309 ] } },
{ "type": "Feature", "properties": { "内容": "ハートフル広侖居宅介護支援事業所【居宅介護支援】坂東市小山２５８", "url2": "https://www.kaigokensaku.mhlw.go.jp/08/index.php?action_kouhyou_detail_004_kani=true&JigyosyoCd=0871800017-00&ServiceCd=430&Type=search" }, "geometry": { "type": "Point", "coordinates": [ 139.878233799999947, 36.0160301 ] } },
{ "type": "Feature", "properties": { "内容": "居宅介護支援事業所　ゆたか【居宅介護支援】茨城県坂東市沓掛1498-2", "url2": "https://www.kaigokensaku.mhlw.go.jp/08/index.php?action_kouhyou_detail_004_kani=true&JigyosyoCd=0872800578-00&ServiceCd=430&Type=search" }, "geometry": { "type": "Point", "coordinates": [ 139.893010800000013, 36.1017069 ] } },
{ "type": "Feature", "properties": { "内容": "長寿の里　居宅介護支援事業所【居宅介護支援】茨城県坂東市中里1213番地", "url2": "https://www.kaigokensaku.mhlw.go.jp/08/index.php?action_kouhyou_detail_004_kani=true&JigyosyoCd=0871800173-00&ServiceCd=430&Type=search" }, "geometry": { "type": "Point", "coordinates": [ 139.90666669999996, 36.021608199999989 ] } },
{ "type": "Feature", "properties": { "内容": "有限会社　わかなケアサービス【居宅介護支援】寺久１０７－２", "url2": "https://www.kaigokensaku.mhlw.go.jp/08/index.php?action_kouhyou_detail_004_kani=true&JigyosyoCd=0872800214-00&ServiceCd=430&Type=search" }, "geometry": { "type": "Point", "coordinates": [ 139.841763799999939, 36.0842918 ] } },
{ "type": "Feature", "properties": { "内容": "社会福祉法人　稲敷市社会福祉協議会　居宅介護支援事業所【居宅介護支援】茨城県稲敷市江戸崎甲１９９２番地", "url2": "https://www.kaigokensaku.mhlw.go.jp/08/index.php?action_kouhyou_detail_004_kani=true&JigyosyoCd=0872900048-00&ServiceCd=430&Type=search" }, "geometry": { "type": "Point", "coordinates": [ 140.3202016, 35.9579815 ] } },
{ "type": "Feature", "properties": { "内容": "宝永館指定居宅介護支援センター【居宅介護支援】茨城県稲敷市寺内字大久保600番地1", "url2": "https://www.kaigokensaku.mhlw.go.jp/08/index.php?action_kouhyou_detail_004_kani=true&JigyosyoCd=0873800080-00&ServiceCd=430&Type=search" }, "geometry": { "type": "Point", "coordinates": [ 140.314258, 35.9253351 ] } },
{ "type": "Feature", "properties": { "内容": "居宅介護支援事業所こころの家介護相談室【居宅介護支援】稲敷市清久島１０３２", "url2": "https://www.kaigokensaku.mhlw.go.jp/08/index.php?action_kouhyou_detail_004_kani=true&JigyosyoCd=0872900279-00&ServiceCd=430&Type=search" }, "geometry": { "type": "Point", "coordinates": [ 140.381618500000059, 35.9129673 ] } },
{ "type": "Feature", "properties": { "内容": "指定居宅介護支援事業所　スイトピー【居宅介護支援】茨城県稲敷柴崎7462-1", "url2": "https://www.kaigokensaku.mhlw.go.jp/08/index.php?action_kouhyou_detail_004_kani=true&JigyosyoCd=0872900527-00&ServiceCd=430&Type=search" }, "geometry": { "type": "Point", "coordinates": [ 140.2960708, 35.9107066 ] } },
{ "type": "Feature", "properties": { "内容": "茨城県稲敷市月出里1367-21【居宅介護支援】茨城県稲敷市月出里1367-21", "url2": "https://www.kaigokensaku.mhlw.go.jp/08/index.php?action_kouhyou_detail_004_kani=true&JigyosyoCd=0872900592-00&ServiceCd=430&Type=search" }, "geometry": { "type": "Point", "coordinates": [ 140.2651586, 35.9604728 ] } },
{ "type": "Feature", "properties": { "内容": "居宅介護支援事業所トリアネイ【居宅介護支援】茨城県稲敷市江戸崎甲1233-3", "url2": "https://www.kaigokensaku.mhlw.go.jp/08/index.php?action_kouhyou_detail_004_kani=true&JigyosyoCd=0872900501-00&ServiceCd=430&Type=search" }, "geometry": { "type": "Point", "coordinates": [ 140.315250854116812, 35.972865123933751 ] } },
{ "type": "Feature", "properties": { "内容": "居宅介護支援事業所いなしきの郷【居宅介護支援】茨城県稲敷市佐原組田1378-1", "url2": "https://www.kaigokensaku.mhlw.go.jp/08/index.php?action_kouhyou_detail_004_kani=true&JigyosyoCd=0872900139-00&ServiceCd=430&Type=search" }, "geometry": { "type": "Point", "coordinates": [ 140.409320100000059, 35.9316913 ] } },
{ "type": "Feature", "properties": { "内容": "指定居宅介護支援事業所水郷荘【居宅介護支援】茨城県稲敷市幸田1252", "url2": "https://www.kaigokensaku.mhlw.go.jp/08/index.php?action_kouhyou_detail_004_kani=true&JigyosyoCd=0873800197-00&ServiceCd=430&Type=search" }, "geometry": { "type": "Point", "coordinates": [ 140.38690280000003, 35.9408101 ] } },
{ "type": "Feature", "properties": { "内容": "居宅介護支援事業所　プエブロ稲敷【居宅介護支援】茨城県稲敷市狸穴１１", "url2": "https://www.kaigokensaku.mhlw.go.jp/08/index.php?action_kouhyou_detail_004_kani=true&JigyosyoCd=0872900204-00&ServiceCd=430&Type=search" }, "geometry": { "type": "Point", "coordinates": [ 140.2868469, 35.9131694 ] } },
{ "type": "Feature", "properties": { "内容": "居宅介護支援事業所　エビハラ【居宅介護支援】茨城県稲敷市西代1368-1番地", "url2": "https://www.kaigokensaku.mhlw.go.jp/08/index.php?action_kouhyou_detail_004_kani=true&JigyosyoCd=0872900105-00&ServiceCd=430&Type=search" }, "geometry": { "type": "Point", "coordinates": [ 140.483733499999971, 35.9222402 ] } },
{ "type": "Feature", "properties": { "内容": "福祉サービスみどり居宅介護支援事業所【居宅介護支援】稲敷市東大沼６２６番地２", "url2": "https://www.kaigokensaku.mhlw.go.jp/08/index.php?action_kouhyou_detail_004_kani=true&JigyosyoCd=0872900246-00&ServiceCd=430&Type=search" }, "geometry": { "type": "Point", "coordinates": [ 140.365013200000021, 35.9370432 ] } },
{ "type": "Feature", "properties": { "内容": "おひさま居宅支援介護センター【居宅介護支援】茨城県稲敷市柴崎380", "url2": "https://www.kaigokensaku.mhlw.go.jp/08/index.php?action_kouhyou_detail_004_kani=true&JigyosyoCd=0872900402-00&ServiceCd=430&Type=search" }, "geometry": { "type": "Point", "coordinates": [ 140.2991528, 35.9089922 ] } },
{ "type": "Feature", "properties": { "内容": "指定居宅介護支援事業所ウィズ【居宅介護支援】茨城県稲敷市桑山130-6", "url2": "https://www.kaigokensaku.mhlw.go.jp/08/index.php?action_kouhyou_detail_004_kani=true&JigyosyoCd=0872900576-00&ServiceCd=430&Type=search" }, "geometry": { "type": "Point", "coordinates": [ 140.338628199999988, 35.9319406 ] } },
{ "type": "Feature", "properties": { "内容": "合同会社ＣＡＲＥ　ＬＩＮＫ【居宅介護支援】茨城県稲敷市柴崎606-1", "url2": "https://www.kaigokensaku.mhlw.go.jp/08/index.php?action_kouhyou_detail_004_kani=true&JigyosyoCd=0872900568-00&ServiceCd=430&Type=search" }, "geometry": { "type": "Point", "coordinates": [ 140.308172334393305, 35.914534469085297 ] } },
{ "type": "Feature", "properties": { "内容": "居宅介護支援事業所　ソーシャルホットスペース【居宅介護支援】茨城県かすみがうら市稲吉東二丁目１６番１０号", "url2": "https://www.kaigokensaku.mhlw.go.jp/08/index.php?action_kouhyou_detail_004_kani=true&JigyosyoCd=0873000343-00&ServiceCd=430&Type=search" }, "geometry": { "type": "Point", "coordinates": [ 140.258602099999962, 36.1293539 ] } },
{ "type": "Feature", "properties": { "内容": "居宅介護支援事業所沼田【居宅介護支援】茨城県かすみがうら市中志筑1253", "url2": "https://www.kaigokensaku.mhlw.go.jp/08/index.php?action_kouhyou_detail_004_kani=true&JigyosyoCd=0873000434-00&ServiceCd=430&Type=search" }, "geometry": { "type": "Point", "coordinates": [ 140.2347249, 36.1869357 ] } },
{ "type": "Feature", "properties": { "内容": "社会福祉法人　聖朋会　サンシャインつくば【居宅介護支援】茨城県かすみがうら市坂933-1社会福祉法人　聖朋会　デイサービスセンターあゆみ　内", "url2": "https://www.kaigokensaku.mhlw.go.jp/08/index.php?action_kouhyou_detail_004_kani=true&JigyosyoCd=0873000368-00&ServiceCd=430&Type=search" }, "geometry": { "type": "Point", "coordinates": [ 140.376619, 36.0754069 ] } },
{ "type": "Feature", "properties": { "内容": "ソーシャルワーカーズオフィス吉田【居宅介護支援】かすみがうら市下稲吉２６７３－１５５（かすみがうら市下稲吉字向原4254番地2）", "url2": "https://www.kaigokensaku.mhlw.go.jp/08/index.php?action_kouhyou_detail_004_kani=true&JigyosyoCd=0873000137-00&ServiceCd=430&Type=search" }, "geometry": { "type": "Point", "coordinates": [ 140.232409900971987, 36.133060465098417 ] } },
{ "type": "Feature", "properties": { "内容": "居宅介護支援事業所とんぼ【居宅介護支援】茨城県かすみがうら市宍倉6150-143", "url2": "https://www.kaigokensaku.mhlw.go.jp/08/index.php?action_kouhyou_detail_004_kani=true&JigyosyoCd=0873000426-00&ServiceCd=430&Type=search" }, "geometry": { "type": "Point", "coordinates": [ 140.25873956444579, 36.123178907654754 ] } },
{ "type": "Feature", "properties": { "内容": "かすみがうら市社会福祉協議会指定居宅介護支援事業所【居宅介護支援】茨城県かすみがうら市宍倉５４６２ウエルネスプラザ2階", "url2": "https://www.kaigokensaku.mhlw.go.jp/08/index.php?action_kouhyou_detail_004_kani=true&JigyosyoCd=0873000020-00&ServiceCd=430&Type=search" }, "geometry": { "type": "Point", "coordinates": [ 140.313114399999989, 36.0867056 ] } },
{ "type": "Feature", "properties": { "内容": "居宅介護支援事業所　まるふく介護保険サービス【居宅介護支援】茨城県かすみがうら市下稲吉2632-24", "url2": "https://www.kaigokensaku.mhlw.go.jp/08/index.php?action_kouhyou_detail_004_kani=true&JigyosyoCd=0873000160-00&ServiceCd=430&Type=search" }, "geometry": { "type": "Point", "coordinates": [ 140.230369500000052, 36.127308800000016 ] } },
{ "type": "Feature", "properties": { "内容": "ピソ天神居宅介護支援事業所【居宅介護支援】かすみがうら市宍倉５６９６－３", "url2": "https://www.kaigokensaku.mhlw.go.jp/08/index.php?action_kouhyou_detail_004_kani=true&JigyosyoCd=0873900369-00&ServiceCd=430&Type=search" }, "geometry": { "type": "Point", "coordinates": [ 140.271023199999945, 36.1302736 ] } },
{ "type": "Feature", "properties": { "内容": "グリーンヒル千代田　指定居宅介護支援事業所【居宅介護支援】かすみがうら市上佐谷2008", "url2": "https://www.kaigokensaku.mhlw.go.jp/08/index.php?action_kouhyou_detail_004_kani=true&JigyosyoCd=0873900534-00&ServiceCd=430&Type=search" }, "geometry": { "type": "Point", "coordinates": [ 140.210730499999954, 36.1639882 ] } },
{ "type": "Feature", "properties": { "内容": "指定居宅介護支援事業者かがやき【居宅介護支援】茨城県かすみがうら市稲吉南3丁目13番5号ハウスパルB102号室", "url2": "https://www.kaigokensaku.mhlw.go.jp/08/index.php?action_kouhyou_detail_004_kani=true&JigyosyoCd=0873000509-00&ServiceCd=430&Type=search" }, "geometry": { "type": "Point", "coordinates": [ 140.240959, 36.1298409 ] } },
{ "type": "Feature", "properties": { "内容": "指定居宅介護支援事業所　プルミエールひたち野【居宅介護支援】茨城県かすみがうら市稲吉二丁目21番7号プルミエールひたち野2号館内", "url2": "https://www.kaigokensaku.mhlw.go.jp/08/index.php?action_kouhyou_detail_004_kani=true&JigyosyoCd=0873900047-00&ServiceCd=430&Type=search" }, "geometry": { "type": "Point", "coordinates": [ 140.245473283142132, 36.122431095780861 ] } },
{ "type": "Feature", "properties": { "内容": "居宅介護支援事業所いっしん【居宅介護支援】茨城県かすみがうら市下稲吉2279-1", "url2": "https://www.kaigokensaku.mhlw.go.jp/08/index.php?action_kouhyou_detail_004_kani=true&JigyosyoCd=0873900591-00&ServiceCd=430&Type=search" }, "geometry": { "type": "Point", "coordinates": [ 140.25040290000004, 36.1313257 ] } },
{ "type": "Feature", "properties": { "内容": "合同会社ケアオフィス霞ヶ浦【居宅介護支援】茨城県かすみがうら市牛渡5879番地32", "url2": "https://www.kaigokensaku.mhlw.go.jp/08/index.php?action_kouhyou_detail_004_kani=true&JigyosyoCd=0873000475-00&ServiceCd=430&Type=search" }, "geometry": { "type": "Point", "coordinates": [ 140.329065709657499, 36.082228216809199 ] } },
{ "type": "Feature", "properties": { "内容": "ケアプランセンター共生【居宅介護支援】茨城県かすみがうら市新治1832-37", "url2": "https://www.kaigokensaku.mhlw.go.jp/08/index.php?action_kouhyou_detail_004_kani=true&JigyosyoCd=0873000491-00&ServiceCd=430&Type=search" }, "geometry": { "type": "Point", "coordinates": [ 140.2394789, 36.1313108 ] } },
{ "type": "Feature", "properties": { "内容": "居宅介護支援事業所　富谷の家【居宅介護支援】茨城県桜川市富谷1459-3", "url2": "https://www.kaigokensaku.mhlw.go.jp/08/index.php?action_kouhyou_detail_004_kani=true&JigyosyoCd=0875100323-00&ServiceCd=430&Type=search" }, "geometry": { "type": "Point", "coordinates": [ 140.097092400000093, 36.3728887 ] } },
{ "type": "Feature", "properties": { "内容": "指定居宅介護支援事業所　ひだまりの家　やまと【居宅介護支援】茨城県桜川市大国玉４５１４－２", "url2": "https://www.kaigokensaku.mhlw.go.jp/08/index.php?action_kouhyou_detail_004_kani=true&JigyosyoCd=0874100415-00&ServiceCd=430&Type=search" }, "geometry": { "type": "Point", "coordinates": [ 140.068535, 36.3156651 ] } },
{ "type": "Feature", "properties": { "内容": "居宅介護支援事業所　ゆずの里【居宅介護支援】茨城県桜川市門毛2297-3", "url2": "https://www.kaigokensaku.mhlw.go.jp/08/index.php?action_kouhyou_detail_004_kani=true&JigyosyoCd=0875100240-00&ServiceCd=430&Type=search" }, "geometry": { "type": "Point", "coordinates": [ 140.13021470000001, 36.3960519 ] } },
{ "type": "Feature", "properties": { "内容": "あさひ居宅介護支援事業所【居宅介護支援】茨城県桜川市青柳538-32", "url2": "https://www.kaigokensaku.mhlw.go.jp/08/index.php?action_kouhyou_detail_004_kani=true&JigyosyoCd=0875100190-00&ServiceCd=430&Type=search" }, "geometry": { "type": "Point", "coordinates": [ 140.101825700000063, 36.3555217 ] } },
{ "type": "Feature", "properties": { "内容": "ケアプランセンターライフ【居宅介護支援】茨城県桜川市本木１５９９番地１", "url2": "https://www.kaigokensaku.mhlw.go.jp/08/index.php?action_kouhyou_detail_004_kani=true&JigyosyoCd=0875100356-00&ServiceCd=430&Type=search" }, "geometry": { "type": "Point", "coordinates": [ 140.105751700000013, 36.3222106 ] } },
{ "type": "Feature", "properties": { "内容": "居宅介護支援事業所さくらがわ【居宅介護支援】茨城県桜川市東飯田659", "url2": "https://www.kaigokensaku.mhlw.go.jp/08/index.php?action_kouhyou_detail_004_kani=true&JigyosyoCd=0874100647-00&ServiceCd=430&Type=search" }, "geometry": { "type": "Point", "coordinates": [ 140.111062299999958, 36.3100303 ] } },
{ "type": "Feature", "properties": { "内容": "桜川市社協岩瀬指定居宅介護支援事業所【居宅介護支援】茨城県桜川市鍬田６１２番地桜川市岩瀬福祉センター", "url2": "https://www.kaigokensaku.mhlw.go.jp/08/index.php?action_kouhyou_detail_004_kani=true&JigyosyoCd=0875100026-00&ServiceCd=430&Type=search" }, "geometry": { "type": "Point", "coordinates": [ 140.099870199999941, 36.3617902 ] } },
{ "type": "Feature", "properties": { "内容": "居宅介護支援事業所上の原【居宅介護支援】茨城県桜川市上野原地新田159-27", "url2": "https://www.kaigokensaku.mhlw.go.jp/08/index.php?action_kouhyou_detail_004_kani=true&JigyosyoCd=0875100406-00&ServiceCd=430&Type=search" }, "geometry": { "type": "Point", "coordinates": [ 140.049179503843675, 36.35156895159799 ] } },
{ "type": "Feature", "properties": { "内容": "マカベシルバートピア居宅介護支援事業所【居宅介護支援】茨城県桜川市真壁町東山田1945", "url2": "https://www.kaigokensaku.mhlw.go.jp/08/index.php?action_kouhyou_detail_004_kani=true&JigyosyoCd=0874100183-00&ServiceCd=430&Type=search" }, "geometry": { "type": "Point", "coordinates": [ 140.0768756, 36.2624826 ] } },
{ "type": "Feature", "properties": { "内容": "リハビリハート【居宅介護支援】西桜川2丁目18番地5リハビリハート総合介護ケアセンター", "url2": "https://www.kaigokensaku.mhlw.go.jp/08/index.php?action_kouhyou_detail_004_kani=true&JigyosyoCd=0875100331-00&ServiceCd=430&Type=search" }, "geometry": { "type": "Point", "coordinates": [ 140.104988899999967, 36.3643678 ] } },
{ "type": "Feature", "properties": { "内容": "スミハツサービス株式会社【居宅介護支援】茨城県桜川市阿部田323番地", "url2": "https://www.kaigokensaku.mhlw.go.jp/08/index.php?action_kouhyou_detail_004_kani=true&JigyosyoCd=0874100407-00&ServiceCd=430&Type=search" }, "geometry": { "type": "Point", "coordinates": [ 140.095693799999907, 36.3229287 ] } },
{ "type": "Feature", "properties": { "内容": "社会医療法人　恒貴会　愛美園在宅ケアプランセンター【居宅介護支援】桜川市大国玉2513-12", "url2": "https://www.kaigokensaku.mhlw.go.jp/08/index.php?action_kouhyou_detail_004_kani=true&JigyosyoCd=0875100232-00&ServiceCd=430&Type=search" }, "geometry": { "type": "Point", "coordinates": [ 140.0648741, 36.3176842 ] } },
{ "type": "Feature", "properties": { "内容": "ゆかりケアプランセンター【居宅介護支援】茨城県神栖市矢田部８７２５－６", "url2": "https://www.kaigokensaku.mhlw.go.jp/08/index.php?action_kouhyou_detail_004_kani=true&JigyosyoCd=0873600647-00&ServiceCd=430&Type=search" }, "geometry": { "type": "Point", "coordinates": [ 140.788752299999942, 35.7944442 ] } },
{ "type": "Feature", "properties": { "内容": "ばんなん賀居宅介護支援事業所【居宅介護支援】神栖市賀2149", "url2": "https://www.kaigokensaku.mhlw.go.jp/08/index.php?action_kouhyou_detail_004_kani=true&JigyosyoCd=0875200172-00&ServiceCd=430&Type=search" }, "geometry": { "type": "Point", "coordinates": [ 140.624236200000041, 35.900272 ] } },
{ "type": "Feature", "properties": { "内容": "指定居宅介護支援事業所　ケアプラス　かみす【居宅介護支援】茨城県神栖市知手中央4-12-9", "url2": "https://www.kaigokensaku.mhlw.go.jp/08/index.php?action_kouhyou_detail_004_kani=true&JigyosyoCd=0875200818-00&ServiceCd=430&Type=search" }, "geometry": { "type": "Point", "coordinates": [ 140.716872299999977, 35.8781689 ] } },
{ "type": "Feature", "properties": { "内容": "ふくしの介護センター【居宅介護支援】茨城県神栖市高浜880", "url2": "https://www.kaigokensaku.mhlw.go.jp/08/index.php?action_kouhyou_detail_004_kani=true&JigyosyoCd=0873600795-00&ServiceCd=430&Type=search" }, "geometry": { "type": "Point", "coordinates": [ 140.6442022, 35.8686868 ] } },
{ "type": "Feature", "properties": { "内容": "指定居宅介護支援事業所　ケアなごみ【居宅介護支援】茨城県神栖市波崎6442-1", "url2": "https://www.kaigokensaku.mhlw.go.jp/08/index.php?action_kouhyou_detail_004_kani=true&JigyosyoCd=0875200347-00&ServiceCd=430&Type=search" }, "geometry": { "type": "Point", "coordinates": [ 140.807407480691836, 35.752224663998994 ] } },
{ "type": "Feature", "properties": { "内容": "ケアプラン碧の空【居宅介護支援】息栖3079-782", "url2": "https://www.kaigokensaku.mhlw.go.jp/08/index.php?action_kouhyou_detail_004_kani=true&JigyosyoCd=0875200404-00&ServiceCd=430&Type=search" }, "geometry": { "type": "Point", "coordinates": [ 140.622370199999978, 35.8827735 ] } },
{ "type": "Feature", "properties": { "内容": "みずほケア神栖ステーション【居宅介護支援】茨城県神栖市堀割２－２６－２９", "url2": "https://www.kaigokensaku.mhlw.go.jp/08/index.php?action_kouhyou_detail_004_kani=true&JigyosyoCd=0875200214-00&ServiceCd=430&Type=search" }, "geometry": { "type": "Point", "coordinates": [ 140.63415370000007, 35.9258329 ] } },
{ "type": "Feature", "properties": { "内容": "ケアプランセンター喜多村【居宅介護支援】茨城県神栖市柳川3484-2", "url2": "https://www.kaigokensaku.mhlw.go.jp/08/index.php?action_kouhyou_detail_004_kani=true&JigyosyoCd=0875200917-00&ServiceCd=430&Type=search" }, "geometry": { "type": "Point", "coordinates": [ 140.725443099999978, 35.874691 ] } },
{ "type": "Feature", "properties": { "内容": "ひまわりケアセンター【居宅介護支援】茨城県神栖市太田新町３－２－７", "url2": "https://www.kaigokensaku.mhlw.go.jp/08/index.php?action_kouhyou_detail_004_kani=true&JigyosyoCd=0875200289-00&ServiceCd=430&Type=search" }, "geometry": { "type": "Point", "coordinates": [ 140.729950777674873, 35.834776650699766 ] } },
{ "type": "Feature", "properties": { "内容": "指定居宅介護支援事業所　こーじ【居宅介護支援】平泉903-30", "url2": "https://www.kaigokensaku.mhlw.go.jp/08/index.php?action_kouhyou_detail_004_kani=true&JigyosyoCd=0875200362-00&ServiceCd=430&Type=search" }, "geometry": { "type": "Point", "coordinates": [ 140.631704, 35.914326 ] } },
{ "type": "Feature", "properties": { "内容": "指定居宅介護支援事業所　マリンピア神栖【居宅介護支援】茨城県神栖市矢田部１２６７８－７特別養護老人ホーム　マリンピア神栖内", "url2": "https://www.kaigokensaku.mhlw.go.jp/08/index.php?action_kouhyou_detail_004_kani=true&JigyosyoCd=0875200222-00&ServiceCd=430&Type=search" }, "geometry": { "type": "Point", "coordinates": [ 140.762870600000042, 35.8249027 ] } },
{ "type": "Feature", "properties": { "内容": "有限会社ハートケアーたんぽぽ【居宅介護支援】矢田部8867-1", "url2": "https://www.kaigokensaku.mhlw.go.jp/08/index.php?action_kouhyou_detail_004_kani=true&JigyosyoCd=0875200701-00&ServiceCd=430&Type=search" }, "geometry": { "type": "Point", "coordinates": [ 140.78483848759646, 35.786556912972429 ] } },
{ "type": "Feature", "properties": { "内容": "アステルサポート株式会社神栖営業所【居宅介護支援】茨城県神栖市太田703-88藤コーポB", "url2": "https://www.kaigokensaku.mhlw.go.jp/08/index.php?action_kouhyou_detail_004_kani=true&JigyosyoCd=0875201055-00&ServiceCd=430&Type=search" }, "geometry": { "type": "Point", "coordinates": [ 140.737101700000011, 35.8325819 ] } },
{ "type": "Feature", "properties": { "内容": "しおさい苑居宅介護支援事業所【居宅介護支援】茨城県神栖市矢田部9416-1", "url2": "https://www.kaigokensaku.mhlw.go.jp/08/index.php?action_kouhyou_detail_004_kani=true&JigyosyoCd=0873600241-00&ServiceCd=430&Type=search" }, "geometry": { "type": "Point", "coordinates": [ 140.786230100000012, 35.8030906 ] } },
{ "type": "Feature", "properties": { "内容": "社会福祉法人　白十字会　神栖ケアサポート居宅介護支事業所【居宅介護支援】神栖市賀2148‐26神栖ケアサポートセンター", "url2": "https://www.kaigokensaku.mhlw.go.jp/08/index.php?action_kouhyou_detail_004_kani=true&JigyosyoCd=0873600050-00&ServiceCd=430&Type=search" }, "geometry": { "type": "Point", "coordinates": [ 140.62307882746876, 35.899453434906178 ] } },
{ "type": "Feature", "properties": { "内容": "居宅介護支援事業所　ひなたぼっこ【居宅介護支援】茨城県神栖市若松中央1-22-17", "url2": "https://www.kaigokensaku.mhlw.go.jp/08/index.php?action_kouhyou_detail_004_kani=true&JigyosyoCd=0875200065-00&ServiceCd=430&Type=search" }, "geometry": { "type": "Point", "coordinates": [ 140.738007144715681, 35.83712801595 ] } },
{ "type": "Feature", "properties": { "内容": "ふくふく神栖【居宅介護支援】茨城県神栖市若松中央2丁目20番地", "url2": "https://www.kaigokensaku.mhlw.go.jp/08/index.php?action_kouhyou_detail_004_kani=true&JigyosyoCd=0875200206-00&ServiceCd=430&Type=search" }, "geometry": { "type": "Point", "coordinates": [ 140.734063733729471, 35.835201985416077 ] } },
{ "type": "Feature", "properties": { "内容": "ケアプランエール【居宅介護支援】茨城県神栖市波崎4226番地", "url2": "https://www.kaigokensaku.mhlw.go.jp/08/index.php?action_kouhyou_detail_004_kani=true&JigyosyoCd=0875201063-00&ServiceCd=430&Type=search" }, "geometry": { "type": "Point", "coordinates": [ 140.8052902, 35.7642857 ] } },
{ "type": "Feature", "properties": { "内容": "株式会社　カシマクオリティーライフ指定居宅介護支援事業所【居宅介護支援】茨城県神栖市矢田部12642-11", "url2": "https://www.kaigokensaku.mhlw.go.jp/08/index.php?action_kouhyou_detail_004_kani=true&JigyosyoCd=0873600423-00&ServiceCd=430&Type=search" }, "geometry": { "type": "Point", "coordinates": [ 140.7622464, 35.8230766 ] } },
{ "type": "Feature", "properties": { "内容": "寿ケアプラン【居宅介護支援】茨城県神栖市神栖三丁目11番9号", "url2": "https://www.kaigokensaku.mhlw.go.jp/08/index.php?action_kouhyou_detail_004_kani=true&JigyosyoCd=0875200933-00&ServiceCd=430&Type=search" }, "geometry": { "type": "Point", "coordinates": [ 140.649062, 35.9041295 ] } },
{ "type": "Feature", "properties": { "内容": "かすみがうら介護支援事業所【居宅介護支援】茨城県行方市若海793-5", "url2": "https://www.kaigokensaku.mhlw.go.jp/08/index.php?action_kouhyou_detail_004_kani=true&JigyosyoCd=0873700470-00&ServiceCd=430&Type=search" }, "geometry": { "type": "Point", "coordinates": [ 140.433507100000043, 36.1229813 ] } },
{ "type": "Feature", "properties": { "内容": "居宅介護支援事業所あそうの郷【居宅介護支援】行方市青沼981番地２", "url2": "https://www.kaigokensaku.mhlw.go.jp/08/index.php?action_kouhyou_detail_004_kani=true&JigyosyoCd=0873700561-00&ServiceCd=430&Type=search" }, "geometry": { "type": "Point", "coordinates": [ 140.51322719999996, 36.0261425 ] } },
{ "type": "Feature", "properties": { "内容": "居宅介護支援事業所　ひまわり【居宅介護支援】茨城県行方市玉造甲422", "url2": "https://www.kaigokensaku.mhlw.go.jp/08/index.php?action_kouhyou_detail_004_kani=true&JigyosyoCd=0875300105-00&ServiceCd=430&Type=search" }, "geometry": { "type": "Point", "coordinates": [ 140.414073199999962, 36.1037828 ] } },
{ "type": "Feature", "properties": { "内容": "きたうらケアプランセンター【居宅介護支援】茨城県行方市山田３３３９－６", "url2": "https://www.kaigokensaku.mhlw.go.jp/08/index.php?action_kouhyou_detail_004_kani=true&JigyosyoCd=0873700249-00&ServiceCd=430&Type=search" }, "geometry": { "type": "Point", "coordinates": [ 140.517508099999986, 36.081449 ] } },
{ "type": "Feature", "properties": { "内容": "居宅介護支援事業所　ほたるの里【居宅介護支援】茨城県行方市山田104番地", "url2": "https://www.kaigokensaku.mhlw.go.jp/08/index.php?action_kouhyou_detail_004_kani=true&JigyosyoCd=0873700439-00&ServiceCd=430&Type=search" }, "geometry": { "type": "Point", "coordinates": [ 140.534734, 36.0878068 ] } },
{ "type": "Feature", "properties": { "内容": "希来ケアサポート居宅介護支援事業所【居宅介護支援】茨城県行方市麻生3288-50", "url2": "https://www.kaigokensaku.mhlw.go.jp/08/index.php?action_kouhyou_detail_004_kani=true&JigyosyoCd=0875300253-00&ServiceCd=430&Type=search" }, "geometry": { "type": "Point", "coordinates": [ 140.499359599999906, 36.0181098 ] } },
{ "type": "Feature", "properties": { "内容": "社会福祉法人白十字会　白十字会指定居宅介護支援事業所【居宅介護支援】茨城県行方市麻生3290-12", "url2": "https://www.kaigokensaku.mhlw.go.jp/08/index.php?action_kouhyou_detail_004_kani=true&JigyosyoCd=0873700264-00&ServiceCd=430&Type=search" }, "geometry": { "type": "Point", "coordinates": [ 140.498312400000032, 36.0194818 ] } },
{ "type": "Feature", "properties": { "内容": "水郷医師会居宅介護支援事業所【居宅介護支援】茨城県行方市麻生１５７０－１", "url2": "https://www.kaigokensaku.mhlw.go.jp/08/index.php?action_kouhyou_detail_004_kani=true&JigyosyoCd=0873700025-00&ServiceCd=430&Type=search" }, "geometry": { "type": "Point", "coordinates": [ 140.489739200000031, 35.9909155 ] } },
{ "type": "Feature", "properties": { "内容": "行方市社会福祉協議会居宅介護支援事業所【居宅介護支援】茨城県行方市玉造甲478番地１", "url2": "https://www.kaigokensaku.mhlw.go.jp/08/index.php?action_kouhyou_detail_004_kani=true&JigyosyoCd=0875300055-00&ServiceCd=430&Type=search" }, "geometry": { "type": "Point", "coordinates": [ 140.414756399999987, 36.1046716 ] } },
{ "type": "Feature", "properties": { "内容": "玉寿荘居宅介護支援事業所【居宅介護支援】茨城県行方市手賀1854-1", "url2": "https://www.kaigokensaku.mhlw.go.jp/08/index.php?action_kouhyou_detail_004_kani=true&JigyosyoCd=0873700041-00&ServiceCd=430&Type=search" }, "geometry": { "type": "Point", "coordinates": [ 140.433533799999964, 36.0847135 ] } },
{ "type": "Feature", "properties": { "内容": "ケアプランセンター　ぽっかぽか【居宅介護支援】繁昌字叶神６４２番地１", "url2": "https://www.kaigokensaku.mhlw.go.jp/08/index.php?action_kouhyou_detail_004_kani=true&JigyosyoCd=0873600803-00&ServiceCd=430&Type=search" }, "geometry": { "type": "Point", "coordinates": [ 140.52132180000001, 36.061228 ] } },
{ "type": "Feature", "properties": { "内容": "ケアプランセンターほこた【居宅介護支援】鉾田市徳宿字溜ノ上3073-5", "url2": "https://www.kaigokensaku.mhlw.go.jp/08/index.php?action_kouhyou_detail_004_kani=true&JigyosyoCd=0875400046-00&ServiceCd=430&Type=search" }, "geometry": { "type": "Point", "coordinates": [ 140.5209572, 36.1897922 ] } },
{ "type": "Feature", "properties": { "内容": "介護のまほろば【居宅介護支援】茨城県鉾田市玉田1046-114第一平和荘I号棟内", "url2": "https://www.kaigokensaku.mhlw.go.jp/08/index.php?action_kouhyou_detail_004_kani=true&JigyosyoCd=0875400152-00&ServiceCd=430&Type=search" }, "geometry": { "type": "Point", "coordinates": [ 140.540505280426061, 36.229940327849341 ] } },
{ "type": "Feature", "properties": { "内容": "コダマキョタクカイゴシエンジギョウショ【居宅介護支援】鳥栖２０９９－１５", "url2": "https://www.kaigokensaku.mhlw.go.jp/08/index.php?action_kouhyou_detail_004_kani=true&JigyosyoCd=0875400277-00&ServiceCd=430&Type=search" }, "geometry": { "type": "Point", "coordinates": [ 140.478247099999976, 36.1954656 ] } },
{ "type": "Feature", "properties": { "内容": "新宮【居宅介護支援】茨城県鉾田市鉾田1624-2", "url2": "https://www.kaigokensaku.mhlw.go.jp/08/index.php?action_kouhyou_detail_004_kani=true&JigyosyoCd=0875400236-00&ServiceCd=430&Type=search" }, "geometry": { "type": "Point", "coordinates": [ 140.513452703337521, 36.151125321338633 ] } },
{ "type": "Feature", "properties": { "内容": "居宅介護支援事業所　うぇるさんて大洋【居宅介護支援】茨城県鉾田市上幡木1512番地４", "url2": "https://www.kaigokensaku.mhlw.go.jp/08/index.php?action_kouhyou_detail_004_kani=true&JigyosyoCd=0873600464-00&ServiceCd=430&Type=search" }, "geometry": { "type": "Point", "coordinates": [ 140.6042665, 36.0818257 ] } },
{ "type": "Feature", "properties": { "内容": "居宅介護支援事業所　春の場所【居宅介護支援】鉾田市柏熊985-1", "url2": "https://www.kaigokensaku.mhlw.go.jp/08/index.php?action_kouhyou_detail_004_kani=true&JigyosyoCd=0873600357-00&ServiceCd=430&Type=search" }, "geometry": { "type": "Point", "coordinates": [ 140.541958600000044, 36.1785216 ] } },
{ "type": "Feature", "properties": { "内容": "医療法人　昂仁会　ハタミ居宅介護支援事業所【居宅介護支援】茨城県鉾田市鉾田１４４４－８", "url2": "https://www.kaigokensaku.mhlw.go.jp/08/index.php?action_kouhyou_detail_004_kani=true&JigyosyoCd=0873600399-00&ServiceCd=430&Type=search" }, "geometry": { "type": "Point", "coordinates": [ 140.515222399999971, 36.1585011 ] } },
{ "type": "Feature", "properties": { "内容": "柏　ケアプラン【居宅介護支援】茨城県鉾田市大蔵1335-75", "url2": "https://www.kaigokensaku.mhlw.go.jp/08/index.php?action_kouhyou_detail_004_kani=true&JigyosyoCd=0875400319-00&ServiceCd=430&Type=search" }, "geometry": { "type": "Point", "coordinates": [ 140.572107299999971, 36.1062387 ] } },
{ "type": "Feature", "properties": { "内容": "居宅介護にこにこステーション【居宅介護支援】茨城県鉾田市鉾田２５７０", "url2": "https://www.kaigokensaku.mhlw.go.jp/08/index.php?action_kouhyou_detail_004_kani=true&JigyosyoCd=0873600548-00&ServiceCd=430&Type=search" }, "geometry": { "type": "Point", "coordinates": [ 140.5100258, 36.1531684 ] } },
{ "type": "Feature", "properties": { "内容": "樅山会　居宅介護支援事業【居宅介護支援】鉾田市樅山５００－１", "url2": "https://www.kaigokensaku.mhlw.go.jp/08/index.php?action_kouhyou_detail_004_kani=true&JigyosyoCd=0873600019-00&ServiceCd=430&Type=search" }, "geometry": { "type": "Point", "coordinates": [ 140.553913200000011, 36.1990757 ] } },
{ "type": "Feature", "properties": { "内容": "居宅介護支援事業所　藤の家【居宅介護支援】湯坪2166番8", "url2": "https://www.kaigokensaku.mhlw.go.jp/08/index.php?action_kouhyou_detail_004_kani=true&JigyosyoCd=0875400194-00&ServiceCd=430&Type=search" }, "geometry": { "type": "Point", "coordinates": [ 140.532798899999989, 36.1779487 ] } },
{ "type": "Feature", "properties": { "内容": "鉾田サンハウス居宅介護支援事業所【居宅介護支援】鉾田市鳥栖２１００－９", "url2": "https://www.kaigokensaku.mhlw.go.jp/08/index.php?action_kouhyou_detail_004_kani=true&JigyosyoCd=0873600621-00&ServiceCd=430&Type=search" }, "geometry": { "type": "Point", "coordinates": [ 140.479444199999989, 36.1959489 ] } },
{ "type": "Feature", "properties": { "内容": "居宅介護支援事業所　東湖園【居宅介護支援】茨城県鉾田市安房１６７０－１２", "url2": "https://www.kaigokensaku.mhlw.go.jp/08/index.php?action_kouhyou_detail_004_kani=true&JigyosyoCd=0873600076-00&ServiceCd=430&Type=search" }, "geometry": { "type": "Point", "coordinates": [ 140.526985504893446, 36.165740930938419 ] } },
{ "type": "Feature", "properties": { "内容": "まむまきしまむ【居宅介護支援】茨城県鉾田市大竹1917番地47", "url2": "https://www.kaigokensaku.mhlw.go.jp/08/index.php?action_kouhyou_detail_004_kani=true&JigyosyoCd=0875400350-00&ServiceCd=430&Type=search" }, "geometry": { "type": "Point", "coordinates": [ 140.565250691401673, 36.143739995571323 ] } },
{ "type": "Feature", "properties": { "内容": "いいね居宅介護支援事業所【居宅介護支援】茨城県つくばみらい市上島1088-2", "url2": "https://www.kaigokensaku.mhlw.go.jp/08/index.php?action_kouhyou_detail_004_kani=true&JigyosyoCd=0875500506-00&ServiceCd=430&Type=search" }, "geometry": { "type": "Point", "coordinates": [ 140.053754700000013, 35.9583647 ] } },
{ "type": "Feature", "properties": { "内容": "みらい在宅ケア居宅介護支援事業所【居宅介護支援】茨城県つくばみらい市小張282", "url2": "https://www.kaigokensaku.mhlw.go.jp/08/index.php?action_kouhyou_detail_004_kani=true&JigyosyoCd=0875500563-00&ServiceCd=430&Type=search" }, "geometry": { "type": "Point", "coordinates": [ 140.042412188360572, 35.974368236718682 ] } },
{ "type": "Feature", "properties": { "内容": "ケアプランセンター　みらい【居宅介護支援】茨城県つくばみらい市狸穴1072番地46", "url2": "https://www.kaigokensaku.mhlw.go.jp/08/index.php?action_kouhyou_detail_004_kani=true&JigyosyoCd=0874000136-00&ServiceCd=430&Type=search" }, "geometry": { "type": "Point", "coordinates": [ 140.066269, 35.9914161 ] } },
{ "type": "Feature", "properties": { "内容": "桃園指定居宅介護支援事業所【居宅介護支援】板橋２８４３－２３", "url2": "https://www.kaigokensaku.mhlw.go.jp/08/index.php?action_kouhyou_detail_004_kani=true&JigyosyoCd=0875500191-00&ServiceCd=430&Type=search" }, "geometry": { "type": "Point", "coordinates": [ 140.058014299999968, 35.9867329 ] } },
{ "type": "Feature", "properties": { "内容": "谷和原居宅介護支援事業所【居宅介護支援】茨城県つくばみらい市古川1047", "url2": "https://www.kaigokensaku.mhlw.go.jp/08/index.php?action_kouhyou_detail_004_kani=true&JigyosyoCd=0874000011-00&ServiceCd=430&Type=search" }, "geometry": { "type": "Point", "coordinates": [ 140.013099, 35.9927669 ] } },
{ "type": "Feature", "properties": { "内容": "あかね介護支援センター【居宅介護支援】伊奈東33-395あかね介護支援センター", "url2": "https://www.kaigokensaku.mhlw.go.jp/08/index.php?action_kouhyou_detail_004_kani=true&JigyosyoCd=0875500282-00&ServiceCd=430&Type=search" }, "geometry": { "type": "Point", "coordinates": [ 140.061222199999946, 35.9926462 ] } },
{ "type": "Feature", "properties": { "内容": "みらい平クリニック指定居宅介護支援事業所【居宅介護支援】茨城県つくばみらい市陽光台3-11-3", "url2": "https://www.kaigokensaku.mhlw.go.jp/08/index.php?action_kouhyou_detail_004_kani=true&JigyosyoCd=0875500464-00&ServiceCd=430&Type=search" }, "geometry": { "type": "Point", "coordinates": [ 139.3710067, 35.5544396 ] } },
{ "type": "Feature", "properties": { "内容": "ほっこりケアプランセンター【居宅介護支援】茨城県つくばみらい市伊奈東43-5", "url2": "https://www.kaigokensaku.mhlw.go.jp/08/index.php?action_kouhyou_detail_004_kani=true&JigyosyoCd=0875500472-00&ServiceCd=430&Type=search" }, "geometry": { "type": "Point", "coordinates": [ 140.058199699999989, 36.000059 ] } },
{ "type": "Feature", "properties": { "内容": "社会福祉法人ほほえみ会　スマイルケア指定居宅介護支援事業所【居宅介護支援】茨城県つくばみらい市福岡1330-4", "url2": "https://www.kaigokensaku.mhlw.go.jp/08/index.php?action_kouhyou_detail_004_kani=true&JigyosyoCd=0875500423-00&ServiceCd=430&Type=search" }, "geometry": { "type": "Point", "coordinates": [ 140.0327896, 36.0279549 ] } },
{ "type": "Feature", "properties": { "内容": "癒しの愛【居宅介護支援】谷井田1357-11クリスタルビュウー１０３号", "url2": "https://www.kaigokensaku.mhlw.go.jp/08/index.php?action_kouhyou_detail_004_kani=true&JigyosyoCd=0875500316-00&ServiceCd=430&Type=search" }, "geometry": { "type": "Point", "coordinates": [ 140.049186457303165, 35.957166687552537 ] } },
{ "type": "Feature", "properties": { "内容": "ウエルシア介護サービスつくばみらい【居宅介護支援】つくばみらい市陽光台1-14-1", "url2": "https://www.kaigokensaku.mhlw.go.jp/08/index.php?action_kouhyou_detail_004_kani=true&JigyosyoCd=0875500043-00&ServiceCd=430&Type=search" }, "geometry": { "type": "Point", "coordinates": [ 140.040224101852431, 35.995546591720775 ] } },
{ "type": "Feature", "properties": { "内容": "ウエルシア介護サービスつくばみらい陽光台【居宅介護支援】茨城県つくばみらい市陽光台2-1-3　デュオセーヌつくばみらい1階", "url2": "https://www.kaigokensaku.mhlw.go.jp/08/index.php?action_kouhyou_detail_004_kani=true&JigyosyoCd=0875500571-00&ServiceCd=430&Type=search" }, "geometry": { "type": "Point", "coordinates": [ 140.041236700000013, 35.9977175 ] } },
{ "type": "Feature", "properties": { "内容": "居宅介護支援事業所　ピィ・ディ・ジェイ伊奈【居宅介護支援】茨城県つくばみらい市板橋2243-1", "url2": "https://www.kaigokensaku.mhlw.go.jp/08/index.php?action_kouhyou_detail_004_kani=true&JigyosyoCd=0875500241-00&ServiceCd=430&Type=search" }, "geometry": { "type": "Point", "coordinates": [ 140.055598351698336, 35.986332155482806 ] } },
{ "type": "Feature", "properties": { "内容": "居宅介護支援事業所melife-みらいふ-【居宅介護支援】茨城県つくばみらい市上長沼1497-4", "url2": "https://www.kaigokensaku.mhlw.go.jp/08/index.php?action_kouhyou_detail_004_kani=true&JigyosyoCd=0875500548-00&ServiceCd=430&Type=search" }, "geometry": { "type": "Point", "coordinates": [ 140.0124071, 36.0078452 ] } },
{ "type": "Feature", "properties": { "内容": "居宅介護支援事業所ケアワーカーズ【居宅介護支援】茨城県つくばみらい市古川８３５番地１", "url2": "https://www.kaigokensaku.mhlw.go.jp/08/index.php?action_kouhyou_detail_004_kani=true&JigyosyoCd=0875500134-00&ServiceCd=430&Type=search" }, "geometry": { "type": "Point", "coordinates": [ 140.012560300000018, 35.9879952 ] } },
{ "type": "Feature", "properties": { "内容": "小川南病院居宅介護支援事業所【居宅介護支援】茨城県小美玉市小川733", "url2": "https://www.kaigokensaku.mhlw.go.jp/08/index.php?action_kouhyou_detail_004_kani=true&JigyosyoCd=0873100010-00&ServiceCd=430&Type=search" }, "geometry": { "type": "Point", "coordinates": [ 140.357750500000094, 36.1641741 ] } },
{ "type": "Feature", "properties": { "内容": "居宅介護支援　ハート２４小美玉事業所【居宅介護支援】中台148", "url2": "https://www.kaigokensaku.mhlw.go.jp/08/index.php?action_kouhyou_detail_004_kani=true&JigyosyoCd=0875600256-00&ServiceCd=430&Type=search" }, "geometry": { "type": "Point", "coordinates": [ 140.316293200000018, 36.2247759 ] } },
{ "type": "Feature", "properties": { "内容": "百里サンハウス居宅介護支援事業所【居宅介護支援】茨城県小美玉市下吉影2437-109", "url2": "https://www.kaigokensaku.mhlw.go.jp/08/index.php?action_kouhyou_detail_004_kani=true&JigyosyoCd=0873100028-00&ServiceCd=430&Type=search" }, "geometry": { "type": "Point", "coordinates": [ 140.429300399999988, 36.169084 ] } },
{ "type": "Feature", "properties": { "内容": "居宅介護支援事業所　ルミエ・デ・ソレイユ【居宅介護支援】茨城県小美玉市山野707-13特別養護老人ホーム　ルミエ・デ・ソレイユ", "url2": "https://www.kaigokensaku.mhlw.go.jp/08/index.php?action_kouhyou_detail_004_kani=true&JigyosyoCd=0875600454-00&ServiceCd=430&Type=search" }, "geometry": { "type": "Point", "coordinates": [ 140.374166100000025, 36.1685518 ] } },
{ "type": "Feature", "properties": { "内容": "ケアプランセンターこうぼう【居宅介護支援】茨城県小美玉市高崎486-5", "url2": "https://www.kaigokensaku.mhlw.go.jp/08/index.php?action_kouhyou_detail_004_kani=true&JigyosyoCd=0875600447-00&ServiceCd=430&Type=search" }, "geometry": { "type": "Point", "coordinates": [ 140.329683407312814, 36.154785651207035 ] } },
{ "type": "Feature", "properties": { "内容": "居宅介護支援ハート24小川事業所【居宅介護支援】茨城県小美玉市野田576番地3", "url2": "https://www.kaigokensaku.mhlw.go.jp/08/index.php?action_kouhyou_detail_004_kani=true&JigyosyoCd=0875600397-00&ServiceCd=430&Type=search" }, "geometry": { "type": "Point", "coordinates": [ 140.370648347221362, 36.192995938922671 ] } },
{ "type": "Feature", "properties": { "内容": "指定居宅介護支援事業所　サンホーム竹原【居宅介護支援】茨城県小美玉市竹原405-6", "url2": "https://www.kaigokensaku.mhlw.go.jp/08/index.php?action_kouhyou_detail_004_kani=true&JigyosyoCd=0873100994-00&ServiceCd=430&Type=search" }, "geometry": { "type": "Point", "coordinates": [ 140.330213349304131, 36.21379614141383 ] } },
{ "type": "Feature", "properties": { "内容": "ケアプランセンター　スマイルハート【居宅介護支援】茨城県小美玉市羽刈638番26", "url2": "https://www.kaigokensaku.mhlw.go.jp/08/index.php?action_kouhyou_detail_004_kani=true&JigyosyoCd=0875600280-00&ServiceCd=430&Type=search" }, "geometry": { "type": "Point", "coordinates": [ 140.302900138623045, 36.249111183092154 ] } },
{ "type": "Feature", "properties": { "内容": "小美玉社協ケアプランセンター玉里【居宅介護支援】茨城県小美玉市上玉里１１２２小美玉市玉里保健福祉センター内", "url2": "https://www.kaigokensaku.mhlw.go.jp/08/index.php?action_kouhyou_detail_004_kani=true&JigyosyoCd=0875600033-00&ServiceCd=430&Type=search" }, "geometry": { "type": "Point", "coordinates": [ 140.335696399999961, 36.1619769 ] } },
{ "type": "Feature", "properties": { "内容": "指定居宅介護支援事業所　サン・テレーズ【居宅介護支援】茨城県小美玉市栗又四ヶ1752－1", "url2": "https://www.kaigokensaku.mhlw.go.jp/08/index.php?action_kouhyou_detail_004_kani=true&JigyosyoCd=0873900625-00&ServiceCd=430&Type=search" }, "geometry": { "type": "Point", "coordinates": [ 140.330524, 36.1777587 ] } },
{ "type": "Feature", "properties": { "内容": "居宅介護支援事業所あいおんの里羽鳥【居宅介護支援】茨城県小美玉市羽刈653-7", "url2": "https://www.kaigokensaku.mhlw.go.jp/08/index.php?action_kouhyou_detail_004_kani=true&JigyosyoCd=0875600538-00&ServiceCd=430&Type=search" }, "geometry": { "type": "Point", "coordinates": [ 140.306131533343518, 36.250724222965196 ] } },
{ "type": "Feature", "properties": { "内容": "ケアプランセンターみどりの風【居宅介護支援】茨城県小美玉市幡谷２０４－６０", "url2": "https://www.kaigokensaku.mhlw.go.jp/08/index.php?action_kouhyou_detail_004_kani=true&JigyosyoCd=0875600231-00&ServiceCd=430&Type=search" }, "geometry": { "type": "Point", "coordinates": [ 140.378710400000045, 36.165769 ] } },
{ "type": "Feature", "properties": { "内容": "ケアプランセンター青空【居宅介護支援】茨城県小美玉市西郷地1346-245", "url2": "https://www.kaigokensaku.mhlw.go.jp/08/index.php?action_kouhyou_detail_004_kani=true&JigyosyoCd=0875600629-00&ServiceCd=430&Type=search" }, "geometry": { "type": "Point", "coordinates": [ 140.3843357, 36.2551848 ] } },
{ "type": "Feature", "properties": { "内容": "居宅介護支援事業所　ウィステリア倶楽部【居宅介護支援】前田1707-349", "url2": "https://www.kaigokensaku.mhlw.go.jp/08/index.php?action_kouhyou_detail_004_kani=true&JigyosyoCd=0873101596-00&ServiceCd=430&Type=search" }, "geometry": { "type": "Point", "coordinates": [ 140.443267, 36.3201944 ] } },
{ "type": "Feature", "properties": { "内容": "双葉居宅介護支援事業所【居宅介護支援】茨城県東茨城郡茨城町大戸2407番地1", "url2": "https://www.kaigokensaku.mhlw.go.jp/08/index.php?action_kouhyou_detail_004_kani=true&JigyosyoCd=0873101919-00&ServiceCd=430&Type=search" }, "geometry": { "type": "Point", "coordinates": [ 140.408893400000011, 36.3187201 ] } },
{ "type": "Feature", "properties": { "内容": "ケアプランセンターこづる【居宅介護支援】東茨城群茨城町小鶴127-1", "url2": "https://www.kaigokensaku.mhlw.go.jp/08/index.php?action_kouhyou_detail_004_kani=true&JigyosyoCd=0873101042-00&ServiceCd=430&Type=search" }, "geometry": { "type": "Point", "coordinates": [ 140.423758600000042, 36.2908868 ] } },
{ "type": "Feature", "properties": { "内容": "居宅介護支援事業所　おあしす【居宅介護支援】茨城県東茨城郡茨城町小幡18-1", "url2": "https://www.kaigokensaku.mhlw.go.jp/08/index.php?action_kouhyou_detail_004_kani=true&JigyosyoCd=0873101018-00&ServiceCd=430&Type=search" }, "geometry": { "type": "Point", "coordinates": [ 140.384652700000061, 36.2627391 ] } },
{ "type": "Feature", "properties": { "内容": "茨城県東茨城郡茨城町若宮向ヒ393-1【居宅介護支援】茨城県東茨城郡茨城町若宮向ヒ393-1", "url2": "https://www.kaigokensaku.mhlw.go.jp/08/index.php?action_kouhyou_detail_004_kani=true&JigyosyoCd=0873101968-00&ServiceCd=430&Type=search" }, "geometry": { "type": "Point", "coordinates": [ 140.4876899, 36.3076613 ] } },
{ "type": "Feature", "properties": { "内容": "居宅介護支援　ハート２４　桜の郷事業所【居宅介護支援】茨城県東茨城郡茨城町桜の郷1000番地2", "url2": "https://www.kaigokensaku.mhlw.go.jp/08/index.php?action_kouhyou_detail_004_kani=true&JigyosyoCd=0873101620-00&ServiceCd=430&Type=search" }, "geometry": { "type": "Point", "coordinates": [ 140.414892139811769, 36.322378977284224 ] } },
{ "type": "Feature", "properties": { "内容": "ケアプランセンター　ゆう【居宅介護支援】茨城県東茨城郡茨城町長岡４３８９-１", "url2": "https://www.kaigokensaku.mhlw.go.jp/08/index.php?action_kouhyou_detail_004_kani=true&JigyosyoCd=0873101794-00&ServiceCd=430&Type=search" }, "geometry": { "type": "Point", "coordinates": [ 140.452963361407427, 36.309692310549437 ] } },
{ "type": "Feature", "properties": { "内容": "レイクヒルひぬま居宅介護支援事業所【居宅介護支援】東茨城郡茨城町下石崎２３２４介護老人保健施設　レイクヒルひぬま　1階", "url2": "https://www.kaigokensaku.mhlw.go.jp/08/index.php?action_kouhyou_detail_004_kani=true&JigyosyoCd=0873100481-00&ServiceCd=430&Type=search" }, "geometry": { "type": "Point", "coordinates": [ 140.512998, 36.2855535 ] } },
{ "type": "Feature", "properties": { "内容": "ケアプランセンター　桜の郷　元気【居宅介護支援】茨城県東茨城郡茨城町桜の郷231-7", "url2": "https://www.kaigokensaku.mhlw.go.jp/08/index.php?action_kouhyou_detail_004_kani=true&JigyosyoCd=0873101117-00&ServiceCd=430&Type=search" }, "geometry": { "type": "Point", "coordinates": [ 140.408419699999968, 36.3230825 ] } },
{ "type": "Feature", "properties": { "内容": "居宅介護支援事業所心の魚屋【居宅介護支援】茨城県東茨城郡大洗町磯浜町445", "url2": "https://www.kaigokensaku.mhlw.go.jp/08/index.php?action_kouhyou_detail_004_kani=true&JigyosyoCd=0873101885-00&ServiceCd=430&Type=search" }, "geometry": { "type": "Point", "coordinates": [ 140.578531700000013, 36.3137077 ] } },
{ "type": "Feature", "properties": { "内容": "居宅介護支援センターこうよう【居宅介護支援】東茨城郡大洗町大貫町1212-11", "url2": "https://www.kaigokensaku.mhlw.go.jp/08/index.php?action_kouhyou_detail_004_kani=true&JigyosyoCd=0873100077-00&ServiceCd=430&Type=search" }, "geometry": { "type": "Point", "coordinates": [ 140.558018599999969, 36.292365 ] } },
{ "type": "Feature", "properties": { "内容": "居宅介護支援センターひぬま苑【居宅介護支援】茨城県東茨城郡大洗町大貫町３２６９－１", "url2": "https://www.kaigokensaku.mhlw.go.jp/08/index.php?action_kouhyou_detail_004_kani=true&JigyosyoCd=0873100218-00&ServiceCd=430&Type=search" }, "geometry": { "type": "Point", "coordinates": [ 140.553167400000035, 36.305557300000011 ] } },
{ "type": "Feature", "properties": { "内容": "大洗町社会福祉協議会指定居宅介護支援事業所【居宅介護支援】茨城県東茨城郡大洗町港中央２６－１", "url2": "https://www.kaigokensaku.mhlw.go.jp/08/index.php?action_kouhyou_detail_004_kani=true&JigyosyoCd=0873100127-00&ServiceCd=430&Type=search" }, "geometry": { "type": "Point", "coordinates": [ 140.570236, 36.3116038 ] } },
{ "type": "Feature", "properties": { "内容": "しろさとケアサポート【居宅介護支援】茨城県東茨城郡城里町阿波山原６０２", "url2": "https://www.kaigokensaku.mhlw.go.jp/08/index.php?action_kouhyou_detail_004_kani=true&JigyosyoCd=0873101364-00&ServiceCd=430&Type=search" }, "geometry": { "type": "Point", "coordinates": [ 140.375388, 36.4795744 ] } },
{ "type": "Feature", "properties": { "内容": "城里町社会福祉協議会　居宅介護支援事業所【居宅介護支援】東茨城郡城里町小勝１４００　城里町七会保健福祉センター", "url2": "https://www.kaigokensaku.mhlw.go.jp/08/index.php?action_kouhyou_detail_004_kani=true&JigyosyoCd=0873101232-00&ServiceCd=430&Type=search" }, "geometry": { "type": "Point", "coordinates": [ 140.281777599999941, 36.4710899 ] } },
{ "type": "Feature", "properties": { "内容": "村松ケアプランセンター【居宅介護支援】茨城県那珂郡東海村村松２８０４－４", "url2": "https://www.kaigokensaku.mhlw.go.jp/08/index.php?action_kouhyou_detail_004_kani=true&JigyosyoCd=0873300016-00&ServiceCd=430&Type=search" }, "geometry": { "type": "Point", "coordinates": [ 140.576095500000065, 36.4504268 ] } },
{ "type": "Feature", "properties": { "内容": "ケアレジデンスとうかい居宅介護支援事業所【居宅介護支援】茨城県那珂郡東海村村松北２丁目１－８トーカイプラザ１階Ｃ号", "url2": "https://www.kaigokensaku.mhlw.go.jp/08/index.php?action_kouhyou_detail_004_kani=true&JigyosyoCd=0873301196-00&ServiceCd=430&Type=search" }, "geometry": { "type": "Point", "coordinates": [ 140.57947009999998, 36.4657001 ] } },
{ "type": "Feature", "properties": { "内容": "あこーど　東海【居宅介護支援】村松北1-2-32", "url2": "https://www.kaigokensaku.mhlw.go.jp/08/index.php?action_kouhyou_detail_004_kani=true&JigyosyoCd=0873301113-00&ServiceCd=430&Type=search" }, "geometry": { "type": "Point", "coordinates": [ 140.576506546032704, 36.466729805361425 ] } },
{ "type": "Feature", "properties": { "内容": "ケアプランセンターリフレ寿【居宅介護支援】茨城県那珂郡東海村石神内宿２４４８－３", "url2": "https://www.kaigokensaku.mhlw.go.jp/08/index.php?action_kouhyou_detail_004_kani=true&JigyosyoCd=0873301253-00&ServiceCd=430&Type=search" }, "geometry": { "type": "Point", "coordinates": [ 140.561593876721219, 36.47601700361438 ] } },
{ "type": "Feature", "properties": { "内容": "居宅介護支援事業所　オークス東海【居宅介護支援】茨城県那珂郡東海村船場588番地7", "url2": "https://www.kaigokensaku.mhlw.go.jp/08/index.php?action_kouhyou_detail_004_kani=true&JigyosyoCd=0873301063-00&ServiceCd=430&Type=search" }, "geometry": { "type": "Point", "coordinates": [ 140.5468065, 36.4499254 ] } },
{ "type": "Feature", "properties": { "内容": "ケアプランセンターとうかい【居宅介護支援】茨城県那珂郡東海村石神内宿1724－1", "url2": "https://www.kaigokensaku.mhlw.go.jp/08/index.php?action_kouhyou_detail_004_kani=true&JigyosyoCd=0873300610-00&ServiceCd=430&Type=search" }, "geometry": { "type": "Point", "coordinates": [ 140.5724917, 36.4808871 ] } },
{ "type": "Feature", "properties": { "内容": "ケアプラン　オリヴィエ【居宅介護支援】茨城県那珂郡東海村舟石川667-1", "url2": "https://www.kaigokensaku.mhlw.go.jp/08/index.php?action_kouhyou_detail_004_kani=true&JigyosyoCd=0873301386-00&ServiceCd=430&Type=search" }, "geometry": { "type": "Point", "coordinates": [ 140.551816699999989, 36.4656091 ] } },
{ "type": "Feature", "properties": { "内容": "居宅介護支援センター　　すみれ【居宅介護支援】茨城県那珂郡東海村船場703-7", "url2": "https://www.kaigokensaku.mhlw.go.jp/08/index.php?action_kouhyou_detail_004_kani=true&JigyosyoCd=0873300990-00&ServiceCd=430&Type=search" }, "geometry": { "type": "Point", "coordinates": [ 140.5450088, 36.4622914 ] } },
{ "type": "Feature", "properties": { "内容": "ケアプラン　遥か【居宅介護支援】茨城県那珂郡東海村舟石川６５２番地２０", "url2": "https://www.kaigokensaku.mhlw.go.jp/08/index.php?action_kouhyou_detail_004_kani=true&JigyosyoCd=0873301436-00&ServiceCd=430&Type=search" }, "geometry": { "type": "Point", "coordinates": [ 140.545920099999989, 36.4701318 ] } },
{ "type": "Feature", "properties": { "内容": "東海村社会福祉協議会　居宅介護支援事業所【居宅介護支援】茨城県那珂郡東海村村松2005番地", "url2": "https://www.kaigokensaku.mhlw.go.jp/08/index.php?action_kouhyou_detail_004_kani=true&JigyosyoCd=0873300073-00&ServiceCd=430&Type=search" }, "geometry": { "type": "Point", "coordinates": [ 140.573285073472988, 36.454993500172925 ] } },
{ "type": "Feature", "properties": { "内容": "居宅介護支援事業所やすらぎ【居宅介護支援】茨城県久慈郡大子町大字大子825-1", "url2": "https://www.kaigokensaku.mhlw.go.jp/08/index.php?action_kouhyou_detail_004_kani=true&JigyosyoCd=0873400089-00&ServiceCd=430&Type=search" }, "geometry": { "type": "Point", "coordinates": [ 140.354461300000054, 36.7704199 ] } },
{ "type": "Feature", "properties": { "内容": "さくらケアプランセンター大子【居宅介護支援】茨城県久慈郡大子町頃藤5094番地", "url2": "https://www.kaigokensaku.mhlw.go.jp/08/index.php?action_kouhyou_detail_004_kani=true&JigyosyoCd=0873400501-00&ServiceCd=430&Type=search" }, "geometry": { "type": "Point", "coordinates": [ 140.378829, 36.7198773 ] } },
{ "type": "Feature", "properties": { "内容": "居宅介護支援事業所　虹の丘【居宅介護支援】茨城県久慈郡大子町大字矢田93-1居宅介護支援室", "url2": "https://www.kaigokensaku.mhlw.go.jp/08/index.php?action_kouhyou_detail_004_kani=true&JigyosyoCd=0853480010-00&ServiceCd=430&Type=search" }, "geometry": { "type": "Point", "coordinates": [ 140.358739499999956, 36.7959541 ] } },
{ "type": "Feature", "properties": { "内容": "久慈川荘居宅介護支援事業所【居宅介護支援】茨城県久慈郡大子町北田気551-1", "url2": "https://www.kaigokensaku.mhlw.go.jp/08/index.php?action_kouhyou_detail_004_kani=true&JigyosyoCd=0873400048-00&ServiceCd=430&Type=search" }, "geometry": { "type": "Point", "coordinates": [ 140.3602237, 36.7645884 ] } },
{ "type": "Feature", "properties": { "内容": "居宅介護支援事業所　あいおんの丘大子【居宅介護支援】茨城県久慈郡大子町初原字前ノ沢294", "url2": "https://www.kaigokensaku.mhlw.go.jp/08/index.php?action_kouhyou_detail_004_kani=true&JigyosyoCd=0873400451-00&ServiceCd=430&Type=search" }, "geometry": { "type": "Point", "coordinates": [ 140.318201891970801, 36.800030744693906 ] } },
{ "type": "Feature", "properties": { "内容": "ケアプランセンターたかしばmountainview【居宅介護支援】茨城県久慈郡大子町高柴856番地", "url2": "https://www.kaigokensaku.mhlw.go.jp/08/index.php?action_kouhyou_detail_004_kani=true&JigyosyoCd=0873400493-00&ServiceCd=430&Type=search" }, "geometry": { "type": "Point", "coordinates": [ 140.440030400000012, 36.7951331 ] } },
{ "type": "Feature", "properties": { "内容": "居宅介護支援事業所　【居宅介護支援】茨城県久慈郡大子町大子813-1", "url2": "https://www.kaigokensaku.mhlw.go.jp/08/index.php?action_kouhyou_detail_004_kani=true&JigyosyoCd=0873400469-00&ServiceCd=430&Type=search" }, "geometry": { "type": "Point", "coordinates": [ 140.3552602, 36.7688336 ] } },
{ "type": "Feature", "properties": { "内容": "居宅介護支援事業所ゴーエン美浦【居宅介護支援】茨城県稲敷郡美浦村宮地678", "url2": "https://www.kaigokensaku.mhlw.go.jp/08/index.php?action_kouhyou_detail_004_kani=true&JigyosyoCd=0873800163-00&ServiceCd=430&Type=search" }, "geometry": { "type": "Point", "coordinates": [ 140.316959900000029, 36.0051346 ] } },
{ "type": "Feature", "properties": { "内容": "KJAM合同会社【居宅介護支援】茨城県稲敷郡美浦村信太590番地10", "url2": "https://www.kaigokensaku.mhlw.go.jp/08/index.php?action_kouhyou_detail_004_kani=true&JigyosyoCd=0873801260-00&ServiceCd=430&Type=search" }, "geometry": { "type": "Point", "coordinates": [ 140.315910300000041, 35.9951161 ] } },
{ "type": "Feature", "properties": { "内容": "みほケアプランセンター【居宅介護支援】茨城県稲敷郡美浦村受領881", "url2": "https://www.kaigokensaku.mhlw.go.jp/08/index.php?action_kouhyou_detail_004_kani=true&JigyosyoCd=0873800692-00&ServiceCd=430&Type=search" }, "geometry": { "type": "Point", "coordinates": [ 140.3122909, 36.0035652 ] } },
{ "type": "Feature", "properties": { "内容": "社会福祉法人美浦村社会福祉協議会指定居宅介護支援事業所【居宅介護支援】茨城県稲敷郡美浦村受領１５４６番地の１", "url2": "https://www.kaigokensaku.mhlw.go.jp/08/index.php?action_kouhyou_detail_004_kani=true&JigyosyoCd=0873800296-00&ServiceCd=430&Type=search" }, "geometry": { "type": "Point", "coordinates": [ 140.301478, 36.005073 ] } },
{ "type": "Feature", "properties": { "内容": "茨城県稲敷郡美浦村茂呂1551-1【居宅介護支援】茨城県美浦村茂呂1551-1みのりビル", "url2": "https://www.kaigokensaku.mhlw.go.jp/08/index.php?action_kouhyou_detail_004_kani=true&JigyosyoCd=0873801583-00&ServiceCd=430&Type=search" }, "geometry": { "type": "Point", "coordinates": [ 140.302114100000011, 36.0076613 ] } },
{ "type": "Feature", "properties": { "内容": "阿見第一居宅介護支援事業所【居宅介護支援】茨城県稲敷郡阿見町中郷2丁目30番地6", "url2": "https://www.kaigokensaku.mhlw.go.jp/08/index.php?action_kouhyou_detail_004_kani=true&JigyosyoCd=0873800361-00&ServiceCd=430&Type=search" }, "geometry": { "type": "Point", "coordinates": [ 140.209997299999941, 36.0414632 ] } },
{ "type": "Feature", "properties": { "内容": "居宅介護支援事業所オーシャン【居宅介護支援】茨城県稲敷郡阿見町鈴木59-63", "url2": "https://www.kaigokensaku.mhlw.go.jp/08/index.php?action_kouhyou_detail_004_kani=true&JigyosyoCd=0873801062-00&ServiceCd=430&Type=search" }, "geometry": { "type": "Point", "coordinates": [ 140.2029186, 36.0235564 ] } },
{ "type": "Feature", "properties": { "内容": "居宅介護支援事業所ひまわり【居宅介護支援】茨城県稲敷郡阿見町阿見4666-3079", "url2": "https://www.kaigokensaku.mhlw.go.jp/08/index.php?action_kouhyou_detail_004_kani=true&JigyosyoCd=0873801302-00&ServiceCd=430&Type=search" }, "geometry": { "type": "Point", "coordinates": [ 140.200112900000022, 36.017808 ] } },
{ "type": "Feature", "properties": { "内容": "ケアプランセンターめぐる【居宅介護支援】茨城県稲敷郡阿見町岡崎一丁目27番地16", "url2": "https://www.kaigokensaku.mhlw.go.jp/08/index.php?action_kouhyou_detail_004_kani=true&JigyosyoCd=0873801534-00&ServiceCd=430&Type=search" }, "geometry": { "type": "Point", "coordinates": [ 140.223655, 36.03945 ] } },
{ "type": "Feature", "properties": { "内容": "東京医科大学霞ヶ浦訪問看護ステーション【居宅介護支援】茨城県稲敷郡阿見町中央3-21-1", "url2": "https://www.kaigokensaku.mhlw.go.jp/08/index.php?action_kouhyou_detail_004_kani=true&JigyosyoCd=0863890018-00&ServiceCd=430&Type=search" }, "geometry": { "type": "Point", "coordinates": [ 140.21474139999998, 36.0362861 ] } },
{ "type": "Feature", "properties": { "内容": "ケアプランセンター　エステル【居宅介護支援】鈴木2-154", "url2": "https://www.kaigokensaku.mhlw.go.jp/08/index.php?action_kouhyou_detail_004_kani=true&JigyosyoCd=0873801278-00&ServiceCd=430&Type=search" }, "geometry": { "type": "Point", "coordinates": [ 140.219516, 36.0232212 ] } },
{ "type": "Feature", "properties": { "内容": "指定居宅介護支援事業所　介護サービスひだまり【居宅介護支援】茨城県稲敷郡阿見町中郷2-3-4サービス付き高齢者向け住宅　ひだまりあみ", "url2": "https://www.kaigokensaku.mhlw.go.jp/08/index.php?action_kouhyou_detail_004_kani=true&JigyosyoCd=0873801237-00&ServiceCd=430&Type=search" }, "geometry": { "type": "Point", "coordinates": [ 140.215735600000016, 36.0409856 ] } },
{ "type": "Feature", "properties": { "内容": "老人保健施設　ケアセンター阿見【居宅介護支援】稲敷郡阿見町若栗2957-4", "url2": "https://www.kaigokensaku.mhlw.go.jp/08/index.php?action_kouhyou_detail_004_kani=true&JigyosyoCd=0853880011-00&ServiceCd=430&Type=search" }, "geometry": { "type": "Point", "coordinates": [ 140.223773899999969, 36.0055151 ] } },
{ "type": "Feature", "properties": { "内容": "阿見翔裕園　指定居宅介護支援事業所【居宅介護支援】茨城県稲敷郡阿見町阿見5137", "url2": "https://www.kaigokensaku.mhlw.go.jp/08/index.php?action_kouhyou_detail_004_kani=true&JigyosyoCd=0873800031-00&ServiceCd=430&Type=search" }, "geometry": { "type": "Point", "coordinates": [ 140.198751300000026, 36.0305141 ] } },
{ "type": "Feature", "properties": { "内容": "ケアサポートあすか【居宅介護支援】茨城県稲敷郡阿見町阿見2085-2", "url2": "https://www.kaigokensaku.mhlw.go.jp/08/index.php?action_kouhyou_detail_004_kani=true&JigyosyoCd=0873801393-00&ServiceCd=430&Type=search" }, "geometry": { "type": "Point", "coordinates": [ 140.218823232971431, 36.04325283203665 ] } },
{ "type": "Feature", "properties": { "内容": "居宅介護支援事業所　スーペリア【居宅介護支援】茨城県稲敷郡阿見町荒川本郷2033-508", "url2": "https://www.kaigokensaku.mhlw.go.jp/08/index.php?action_kouhyou_detail_004_kani=true&JigyosyoCd=0873800742-00&ServiceCd=430&Type=search" }, "geometry": { "type": "Point", "coordinates": [ 140.18674980000003, 36.0245867 ] } },
{ "type": "Feature", "properties": { "内容": "阿見町社会福祉協議会指定居宅介護支援事業所【居宅介護支援】茨城県稲敷郡阿見町阿見4671-1（阿見町総合保健福祉会館）", "url2": "https://www.kaigokensaku.mhlw.go.jp/08/index.php?action_kouhyou_detail_004_kani=true&JigyosyoCd=0873800015-00&ServiceCd=430&Type=search" }, "geometry": { "type": "Point", "coordinates": [ 140.209564521842907, 36.024925045051702 ] } },
{ "type": "Feature", "properties": { "内容": "ケアプランセンターあさひの杜【居宅介護支援】茨城県稲敷郡阿見町荒川本郷1854-21ケアプランセンターあさひの杜", "url2": "https://www.kaigokensaku.mhlw.go.jp/08/index.php?action_kouhyou_detail_004_kani=true&JigyosyoCd=0873801401-00&ServiceCd=430&Type=search" }, "geometry": { "type": "Point", "coordinates": [ 140.183443, 36.01668 ] } },
{ "type": "Feature", "properties": { "内容": "指定居宅介護支援事業所NPOまい・あみ【居宅介護支援】茨城県稲敷郡阿見町中央２丁目４番１９号", "url2": "https://www.kaigokensaku.mhlw.go.jp/08/index.php?action_kouhyou_detail_004_kani=true&JigyosyoCd=0873800734-00&ServiceCd=430&Type=search" }, "geometry": { "type": "Point", "coordinates": [ 140.21701920000001, 36.027331 ] } },
{ "type": "Feature", "properties": { "内容": "居宅介護支援事業所たけよう【居宅介護支援】茨城県稲敷郡阿見町中央3丁目2-5", "url2": "https://www.kaigokensaku.mhlw.go.jp/08/index.php?action_kouhyou_detail_004_kani=true&JigyosyoCd=0873801286-00&ServiceCd=430&Type=search" }, "geometry": { "type": "Point", "coordinates": [ 140.212925399999989, 36.033861500000015 ] } },
{ "type": "Feature", "properties": { "内容": "ソフト・ケア居宅介護支援事業所【居宅介護支援】ひたちなか市馬渡2758-1", "url2": "https://www.kaigokensaku.mhlw.go.jp/08/index.php?action_kouhyou_detail_004_kani=true&JigyosyoCd=0872101290-00&ServiceCd=430&Type=search" }, "geometry": { "type": "Point", "coordinates": [ 140.565686599999907, 36.3971736 ] } },
{ "type": "Feature", "properties": { "内容": "ケアプランセンター阿見こなん【居宅介護支援】南平台1-33-10特別養護老人ホーム阿見こなん内", "url2": "https://www.kaigokensaku.mhlw.go.jp/08/index.php?action_kouhyou_detail_004_kani=true&JigyosyoCd=0873801088-00&ServiceCd=430&Type=search" }, "geometry": { "type": "Point", "coordinates": [ 140.255320500000039, 36.022330699999983 ] } },
{ "type": "Feature", "properties": { "内容": "千の風・河内　ほほえみ【居宅介護支援】稲敷郡河内町生板４６２７", "url2": "https://www.kaigokensaku.mhlw.go.jp/08/index.php?action_kouhyou_detail_004_kani=true&JigyosyoCd=0873801039-00&ServiceCd=430&Type=search" }, "geometry": { "type": "Point", "coordinates": [ 140.218672498811316, 35.890028500289326 ] } },
{ "type": "Feature", "properties": { "内容": "ひなた居宅介護支援事業所【居宅介護支援】茨城県結城郡八千代町菅谷2126-1", "url2": "https://www.kaigokensaku.mhlw.go.jp/08/index.php?action_kouhyou_detail_004_kani=true&JigyosyoCd=0874200637-00&ServiceCd=430&Type=search" }, "geometry": { "type": "Point", "coordinates": [ 139.867165399999976, 36.1950634 ] } },
{ "type": "Feature", "properties": { "内容": "居宅介護支援事業所　はばたき【居宅介護支援】結城郡八千代町大字菅谷１１４３－１", "url2": "https://www.kaigokensaku.mhlw.go.jp/08/index.php?action_kouhyou_detail_004_kani=true&JigyosyoCd=0874200439-00&ServiceCd=430&Type=search" }, "geometry": { "type": "Point", "coordinates": [ 139.891809, 36.1841183 ] } },
{ "type": "Feature", "properties": { "内容": "八千代町社会福祉協議会指定居宅介護支援事業所【居宅介護支援】茨城県結城郡八千代町大字菅谷１０３３番地", "url2": "https://www.kaigokensaku.mhlw.go.jp/08/index.php?action_kouhyou_detail_004_kani=true&JigyosyoCd=0874200041-00&ServiceCd=430&Type=search" }, "geometry": { "type": "Point", "coordinates": [ 139.889489899999944, 36.1819268 ] } },
{ "type": "Feature", "properties": { "内容": "居宅介護支援事業所　玉樹【居宅介護支援】茨城県結城郡八千代町大字菅谷字新田山1021-1", "url2": "https://www.kaigokensaku.mhlw.go.jp/08/index.php?action_kouhyou_detail_004_kani=true&JigyosyoCd=0874200405-00&ServiceCd=430&Type=search" }, "geometry": { "type": "Point", "coordinates": [ 139.888956396362147, 36.180174176168414 ] } },
{ "type": "Feature", "properties": { "内容": "なごみ苑居宅介護支援事業所【居宅介護支援】茨城県結城郡八千代町大字村貫１１１－３", "url2": "https://www.kaigokensaku.mhlw.go.jp/08/index.php?action_kouhyou_detail_004_kani=true&JigyosyoCd=0874200462-00&ServiceCd=430&Type=search" }, "geometry": { "type": "Point", "coordinates": [ 139.873666100000037, 36.171747 ] } },
{ "type": "Feature", "properties": { "内容": "介護の相談所なかよし【居宅介護支援】茨城県結城郡八千代町大里9-1", "url2": "https://www.kaigokensaku.mhlw.go.jp/08/index.php?action_kouhyou_detail_004_kani=true&JigyosyoCd=0874200603-00&ServiceCd=430&Type=search" }, "geometry": { "type": "Point", "coordinates": [ 139.901272400000039, 36.2276244 ] } },
{ "type": "Feature", "properties": { "内容": "たけの調剤薬局介護支援センター【居宅介護支援】茨城県結城郡八千代町高崎1076-2", "url2": "https://www.kaigokensaku.mhlw.go.jp/08/index.php?action_kouhyou_detail_004_kani=true&JigyosyoCd=0874200025-00&ServiceCd=430&Type=search" }, "geometry": { "type": "Point", "coordinates": [ 139.914421400000037, 36.2179232 ] } },
{ "type": "Feature", "properties": { "内容": "ぷらむ五霞【居宅介護支援】原宿台4丁目27-4", "url2": "https://www.kaigokensaku.mhlw.go.jp/08/index.php?action_kouhyou_detail_004_kani=true&JigyosyoCd=0874301146-00&ServiceCd=430&Type=search" }, "geometry": { "type": "Point", "coordinates": [ 139.7357005, 36.0945761 ] } },
{ "type": "Feature", "properties": { "内容": "きららの杜居宅介護支援事業所【居宅介護支援】茨城県猿島郡五霞町元栗橋7331-1", "url2": "https://www.kaigokensaku.mhlw.go.jp/08/index.php?action_kouhyou_detail_004_kani=true&JigyosyoCd=0874300981-00&ServiceCd=430&Type=search" }, "geometry": { "type": "Point", "coordinates": [ 139.728611399999977, 36.1115239 ] } },
{ "type": "Feature", "properties": { "内容": "エムズライフ居宅介護支援事業所【居宅介護支援】茨城県猿島郡五霞町大字元栗橋5395-2谷野ロジテム２階", "url2": "https://www.kaigokensaku.mhlw.go.jp/08/index.php?action_kouhyou_detail_004_kani=true&JigyosyoCd=0874301211-00&ServiceCd=430&Type=search" }, "geometry": { "type": "Point", "coordinates": [ 139.730659587216905, 36.099447666121321 ] } },
{ "type": "Feature", "properties": { "内容": "JA茨城むつみ居宅介護支援事業所【居宅介護支援】茨城県猿島郡境町西泉田1278-9", "url2": "https://www.kaigokensaku.mhlw.go.jp/08/index.php?action_kouhyou_detail_004_kani=true&JigyosyoCd=0874301054-00&ServiceCd=430&Type=search" }, "geometry": { "type": "Point", "coordinates": [ 139.805295900000033, 36.1234725 ] } },
{ "type": "Feature", "properties": { "内容": "茨城西南医療センター病院在宅ケアセンター【居宅介護支援】茨城県猿島郡境町2190", "url2": "https://www.kaigokensaku.mhlw.go.jp/08/index.php?action_kouhyou_detail_004_kani=true&JigyosyoCd=0874300296-00&ServiceCd=430&Type=search" }, "geometry": { "type": "Point", "coordinates": [ 139.7950459, 36.1084664 ] } },
{ "type": "Feature", "properties": { "内容": "はるケアサービス有限会社【居宅介護支援】茨城県猿島郡境町長井戸220-2", "url2": "https://www.kaigokensaku.mhlw.go.jp/08/index.php?action_kouhyou_detail_004_kani=true&JigyosyoCd=0874300890-00&ServiceCd=430&Type=search" }, "geometry": { "type": "Point", "coordinates": [ 139.8012824, 36.1225112 ] } },
{ "type": "Feature", "properties": { "内容": "境町メディカルピクニック居宅介護支援事業所【居宅介護支援】茨城県猿島郡境町塚崎2555-1", "url2": "https://www.kaigokensaku.mhlw.go.jp/08/index.php?action_kouhyou_detail_004_kani=true&JigyosyoCd=0874300999-00&ServiceCd=430&Type=search" }, "geometry": { "type": "Point", "coordinates": [ 139.774131899999929, 36.1261957 ] } },
{ "type": "Feature", "properties": { "内容": "ファミール境　居宅支援事業所【居宅介護支援】茨城県猿島郡境町塚崎4864", "url2": "https://www.kaigokensaku.mhlw.go.jp/08/index.php?action_kouhyou_detail_004_kani=true&JigyosyoCd=0874300023-00&ServiceCd=430&Type=search" }, "geometry": { "type": "Point", "coordinates": [ 139.77991769999997, 36.1179163 ] } },
{ "type": "Feature", "properties": { "内容": "夢彩の舎居宅介護支援事業所【居宅介護支援】茨城県猿島郡境町若林２２６９番地１", "url2": "https://www.kaigokensaku.mhlw.go.jp/08/index.php?action_kouhyou_detail_004_kani=true&JigyosyoCd=0874301120-00&ServiceCd=430&Type=search" }, "geometry": { "type": "Point", "coordinates": [ 139.83247330859831, 36.077800193141613 ] } },
{ "type": "Feature", "properties": { "内容": "指定居宅介護支援事業所　響【居宅介護支援】茨城県北相馬郡利根町横須賀147", "url2": "https://www.kaigokensaku.mhlw.go.jp/08/index.php?action_kouhyou_detail_004_kani=true&JigyosyoCd=0874400401-00&ServiceCd=430&Type=search" }, "geometry": { "type": "Point", "coordinates": [ 140.156990299999961, 35.8767869 ] } },
{ "type": "Feature", "properties": { "内容": "指定居宅介護支援業所もえぎ野【居宅介護支援】茨城県北相馬郡利根町もえぎ野台1－1－8介護老人保健施設もえぎ野", "url2": "https://www.kaigokensaku.mhlw.go.jp/08/index.php?action_kouhyou_detail_004_kani=true&JigyosyoCd=0873800619-00&ServiceCd=430&Type=search" }, "geometry": { "type": "Point", "coordinates": [ 140.157737999836741, 35.878004276602439 ] } },
{ "type": "Feature", "properties": { "内容": "居宅介護支援事業所　ソラスト利根【居宅介護支援】茨城県北相馬郡利根町早尾字早尾台610-1", "url2": "https://www.kaigokensaku.mhlw.go.jp/08/index.php?action_kouhyou_detail_004_kani=true&JigyosyoCd=0874400500-00&ServiceCd=430&Type=search" }, "geometry": { "type": "Point", "coordinates": [ 140.141872, 35.877236 ] } }
]
}
