{
"type": "FeatureCollection",
"name": "geo_08_通所介護",
"crs": { "type": "name", "properties": { "name": "urn:ogc:def:crs:OGC:1.3:CRS84" } },
"features": [
{ "type": "Feature", "properties": { "内容": "デイサービス　あすか【通所介護】茨城県水戸市島田町3403-1", "url": "https://www.kaigokensaku.mhlw.go.jp/08/index.php?action_kouhyou_detail_004_kani=true&JigyosyoCd=0870101979-00&ServiceCd=150&Type=search", "url2": "http://homepage3.nifty.com/ambition-co/" }, "geometry": { "type": "Point", "coordinates": [ 140.556281399999989, 36.3235881 ] } },
{ "type": "Feature", "properties": { "内容": "明日葉ケアセンター【通所介護】茨城県水戸市見川町丹下一ノ牧2131-1303", "url": "https://www.kaigokensaku.mhlw.go.jp/08/index.php?action_kouhyou_detail_004_kani=true&JigyosyoCd=0870102019-00&ServiceCd=150&Type=search", "url2": null }, "geometry": { "type": "Point", "coordinates": [ 140.439629700000069, 36.3582812 ] } },
{ "type": "Feature", "properties": { "内容": "ケアステーションあさひ水戸赤塚【通所介護】茨城県水戸市姫子二丁目692番1", "url": "https://www.kaigokensaku.mhlw.go.jp/08/index.php?action_kouhyou_detail_004_kani=true&JigyosyoCd=0870106184-00&ServiceCd=150&Type=search", "url2": "http://www.vati.co.jp/" }, "geometry": { "type": "Point", "coordinates": [ 140.419536599999986, 36.379415799999983 ] } },
{ "type": "Feature", "properties": { "内容": "デイサービスひめの大串【通所介護】茨城県水戸市大串876", "url": "https://www.kaigokensaku.mhlw.go.jp/08/index.php?action_kouhyou_detail_004_kani=true&JigyosyoCd=0870106747-00&ServiceCd=150&Type=search", "url2": null }, "geometry": { "type": "Point", "coordinates": [ 140.539853099999988, 36.3395131 ] } },
{ "type": "Feature", "properties": { "内容": "聖愛園元吉田デイサービスセンター【通所介護】元吉田町894番16", "url": "https://www.kaigokensaku.mhlw.go.jp/08/index.php?action_kouhyou_detail_004_kani=true&JigyosyoCd=0870104080-00&ServiceCd=150&Type=search", "url2": "http://aikohkai.or.jp" }, "geometry": { "type": "Point", "coordinates": [ 140.474388200000021, 36.3515212 ] } },
{ "type": "Feature", "properties": { "内容": "ゆりかごデイサービス【通所介護】茨城県水戸市飯富町3467-1", "url": "https://www.kaigokensaku.mhlw.go.jp/08/index.php?action_kouhyou_detail_004_kani=true&JigyosyoCd=0870103009-00&ServiceCd=150&Type=search", "url2": "http://www.yurikago-kaigo.com/" }, "geometry": { "type": "Point", "coordinates": [ 140.415121799999952, 36.4220843 ] } },
{ "type": "Feature", "properties": { "内容": "ゆりかごあっとホーム【通所介護】飯富町３４６７－１", "url": "https://www.kaigokensaku.mhlw.go.jp/08/index.php?action_kouhyou_detail_004_kani=true&JigyosyoCd=0870103637-00&ServiceCd=150&Type=search", "url2": "http://www.yurikago-kaigo.com/" }, "geometry": { "type": "Point", "coordinates": [ 140.415121799999952, 36.4220843 ] } },
{ "type": "Feature", "properties": { "内容": "ケアステーションあさひ水戸内原【通所介護】茨城県水戸市内原町910-1", "url": "https://www.kaigokensaku.mhlw.go.jp/08/index.php?action_kouhyou_detail_004_kani=true&JigyosyoCd=0870103967-00&ServiceCd=150&Type=search", "url2": "http://www.vati.co.jp/" }, "geometry": { "type": "Point", "coordinates": [ 140.353465699999987, 36.3681035 ] } },
{ "type": "Feature", "properties": { "内容": "日々トレはると水戸元吉田【通所介護】茨城県水戸市元吉田町1097-15", "url": "https://www.kaigokensaku.mhlw.go.jp/08/index.php?action_kouhyou_detail_004_kani=true&JigyosyoCd=0870106895-00&ServiceCd=150&Type=search", "url2": "https://www.helpercall.com" }, "geometry": { "type": "Point", "coordinates": [ 140.4663013, 36.3485056 ] } },
{ "type": "Feature", "properties": { "内容": "ジョイリハ千波緑岡【通所介護】茨城県水戸市千波町1799-5", "url": "https://www.kaigokensaku.mhlw.go.jp/08/index.php?action_kouhyou_detail_004_kani=true&JigyosyoCd=0870103397-00&ServiceCd=150&Type=search", "url2": null }, "geometry": { "type": "Point", "coordinates": [ 140.44977259999996, 36.3537194 ] } },
{ "type": "Feature", "properties": { "内容": "コミュニティガーデン百合が丘【通所介護】百合が丘町814-524", "url": "https://www.kaigokensaku.mhlw.go.jp/08/index.php?action_kouhyou_detail_004_kani=true&JigyosyoCd=0870104460-00&ServiceCd=150&Type=search", "url2": "www.communitygarden.jp" }, "geometry": { "type": "Point", "coordinates": [ 140.50464531117575, 36.345036102979279 ] } },
{ "type": "Feature", "properties": { "内容": "ニチイケアセンター上水戸【通所介護】茨城県水戸市上水戸4-6-45", "url": "https://www.kaigokensaku.mhlw.go.jp/08/index.php?action_kouhyou_detail_004_kani=true&JigyosyoCd=0870100682-00&ServiceCd=150&Type=search", "url2": "http://www.nichiigakkan.co.jp" }, "geometry": { "type": "Point", "coordinates": [ 140.444392200000038, 36.3919443 ] } },
{ "type": "Feature", "properties": { "内容": "コープ菜の花デイサービスセンター【通所介護】水戸市赤塚1-2029-121コープ菜の花福祉センター", "url": "https://www.kaigokensaku.mhlw.go.jp/08/index.php?action_kouhyou_detail_004_kani=true&JigyosyoCd=0870102977-00&ServiceCd=150&Type=search", "url2": "http//www.ibaraki.coopnet.or.jp" }, "geometry": { "type": "Point", "coordinates": [ 140.414130120237672, 36.385363435078368 ] } },
{ "type": "Feature", "properties": { "内容": "トゥルーケアDS縁【通所介護】茨城県水戸市平須町1517番地の1", "url": "https://www.kaigokensaku.mhlw.go.jp/08/index.php?action_kouhyou_detail_004_kani=true&JigyosyoCd=0870106259-00&ServiceCd=150&Type=search", "url2": "trucare.jp" }, "geometry": { "type": "Point", "coordinates": [ 140.42935859444276, 36.330930505486286 ] } },
{ "type": "Feature", "properties": { "内容": "デイ藤が原【通所介護】水戸市藤井町1117-1488", "url": "https://www.kaigokensaku.mhlw.go.jp/08/index.php?action_kouhyou_detail_004_kani=true&JigyosyoCd=0870104155-00&ServiceCd=150&Type=search", "url2": "http://www.shinaikai.or.jp" }, "geometry": { "type": "Point", "coordinates": [ 140.3874379, 36.4581435 ] } },
{ "type": "Feature", "properties": { "内容": "合同会社はらだ【通所介護】茨城県水戸市内原町817-2事務所", "url": "https://www.kaigokensaku.mhlw.go.jp/08/index.php?action_kouhyou_detail_004_kani=true&JigyosyoCd=0870105293-00&ServiceCd=150&Type=search", "url2": null }, "geometry": { "type": "Point", "coordinates": [ 140.3546379, 36.3692325 ] } },
{ "type": "Feature", "properties": { "内容": "カルド　デイサービス【通所介護】茨城県水戸市内原1-168カルドカーサ水戸", "url": "https://www.kaigokensaku.mhlw.go.jp/08/index.php?action_kouhyou_detail_004_kani=true&JigyosyoCd=0870106648-00&ServiceCd=150&Type=search", "url2": "https://www.olive-olivie.com/" }, "geometry": { "type": "Point", "coordinates": [ 140.3533851, 36.3733659 ] } },
{ "type": "Feature", "properties": { "内容": "デイサービス　元気ハウス【通所介護】平須町1880-2デイサービス　元気ハウス", "url": "https://www.kaigokensaku.mhlw.go.jp/08/index.php?action_kouhyou_detail_004_kani=true&JigyosyoCd=0870107034-00&ServiceCd=150&Type=search", "url2": "https://mito-genkihouse.co.jp/" }, "geometry": { "type": "Point", "coordinates": [ 140.4400097, 36.3240984 ] } },
{ "type": "Feature", "properties": { "内容": "デイサービスセンターアクティブハートさかど【通所介護】茨城県水戸市酒門町字西割４３９０番", "url": "https://www.kaigokensaku.mhlw.go.jp/08/index.php?action_kouhyou_detail_004_kani=true&JigyosyoCd=0870101136-00&ServiceCd=150&Type=search", "url2": "http://ah-sakado.com/" }, "geometry": { "type": "Point", "coordinates": [ 140.47189054941424, 36.329791328933673 ] } },
{ "type": "Feature", "properties": { "内容": "社会福祉法人山水苑　山水苑デイサービス千波【通所介護】茨城県水戸市千波町２３３１－１", "url": "https://www.kaigokensaku.mhlw.go.jp/08/index.php?action_kouhyou_detail_004_kani=true&JigyosyoCd=0870106226-00&ServiceCd=150&Type=search", "url2": "http://sansuien-care.com/" }, "geometry": { "type": "Point", "coordinates": [ 140.446554899999967, 36.355497620258141 ] } },
{ "type": "Feature", "properties": { "内容": "社会福祉法人　尚生会　通所介護センターグリーンハウスみと【通所介護】茨城県水戸市塩崎町3503", "url": "https://www.kaigokensaku.mhlw.go.jp/08/index.php?action_kouhyou_detail_004_kani=true&JigyosyoCd=0870101649-00&ServiceCd=150&Type=search", "url2": "http://www.syoseikai.com" }, "geometry": { "type": "Point", "coordinates": [ 140.55225870000001, 36.3378554 ] } },
{ "type": "Feature", "properties": { "内容": "さくらさくら【通所介護】水戸市本町1丁目9-31", "url": "https://www.kaigokensaku.mhlw.go.jp/08/index.php?action_kouhyou_detail_004_kani=true&JigyosyoCd=0870102621-00&ServiceCd=150&Type=search", "url2": "http://www.shinaikai.or.jp" }, "geometry": { "type": "Point", "coordinates": [ 140.4890235, 36.3649067 ] } },
{ "type": "Feature", "properties": { "内容": "フロイデ総合在宅サポートセンター水戸河和田【通所介護】茨城県水戸市河和田町2893", "url": "https://www.kaigokensaku.mhlw.go.jp/08/index.php?action_kouhyou_detail_004_kani=true&JigyosyoCd=0870103710-00&ServiceCd=150&Type=search", "url2": "https://www.hakujinkai.com/satellite_sc_kawawada.php" }, "geometry": { "type": "Point", "coordinates": [ 140.4192756, 36.3710122 ] } },
{ "type": "Feature", "properties": { "内容": "デイサービスヴィジット【通所介護】茨城県水戸市河和田１丁目2444-2", "url": "https://www.kaigokensaku.mhlw.go.jp/08/index.php?action_kouhyou_detail_004_kani=true&JigyosyoCd=0870106515-00&ServiceCd=150&Type=search", "url2": "https://www.inside-fd.com/visit-dayservice" }, "geometry": { "type": "Point", "coordinates": [ 140.412470258860765, 36.372869519436875 ] } },
{ "type": "Feature", "properties": { "内容": "ケアパートナー水戸【通所介護】茨城県水戸市元吉田町1388-1アーデントハウス元吉田１階", "url": "https://www.kaigokensaku.mhlw.go.jp/08/index.php?action_kouhyou_detail_004_kani=true&JigyosyoCd=0870106721-00&ServiceCd=150&Type=search", "url2": "https://www.care-partner.com/" }, "geometry": { "type": "Point", "coordinates": [ 140.476142789549243, 36.348991674129593 ] } },
{ "type": "Feature", "properties": { "内容": "水戸ケアセンターそよ風【通所介護】茨城県水戸市見和1-298-9", "url": "https://www.kaigokensaku.mhlw.go.jp/08/index.php?action_kouhyou_detail_004_kani=true&JigyosyoCd=0870101623-00&ServiceCd=150&Type=search", "url2": "http://www.unimat-rc.co.jp" }, "geometry": { "type": "Point", "coordinates": [ 140.4357822, 36.3771516 ] } },
{ "type": "Feature", "properties": { "内容": "みと東部デイサービスセンター【通所介護】酒門町1177-3", "url": "https://www.kaigokensaku.mhlw.go.jp/08/index.php?action_kouhyou_detail_004_kani=true&JigyosyoCd=0870106929-00&ServiceCd=150&Type=search", "url2": "https://swc-jinshinkai.com/index.html" }, "geometry": { "type": "Point", "coordinates": [ 140.4851036, 36.3410454 ] } },
{ "type": "Feature", "properties": { "内容": "ディサービスはらだ【通所介護】茨城県水戸市内原町８４６番地２平屋建て", "url": "https://www.kaigokensaku.mhlw.go.jp/08/index.php?action_kouhyou_detail_004_kani=true&JigyosyoCd=0870104353-00&ServiceCd=150&Type=search", "url2": null }, "geometry": { "type": "Point", "coordinates": [ 140.3535822, 36.3525948 ] } },
{ "type": "Feature", "properties": { "内容": "通所介護事業所　ユーアイの家【通所介護】茨城県水戸市吉沼町1839-1", "url": "https://www.kaigokensaku.mhlw.go.jp/08/index.php?action_kouhyou_detail_004_kani=true&JigyosyoCd=0870102431-00&ServiceCd=150&Type=search", "url2": "http://www.you-i-mura.com" }, "geometry": { "type": "Point", "coordinates": [ 140.5184146, 36.3629433 ] } },
{ "type": "Feature", "properties": { "内容": "デイサービスセンターかたくりの郷【通所介護】大塚町1763-12", "url": "https://www.kaigokensaku.mhlw.go.jp/08/index.php?action_kouhyou_detail_004_kani=true&JigyosyoCd=0870106069-00&ServiceCd=150&Type=search", "url2": "http://www.suisei.or.jp" }, "geometry": { "type": "Point", "coordinates": [ 140.39170809999996, 36.3900036 ] } },
{ "type": "Feature", "properties": { "内容": "デイサービスセンターもみじ館【通所介護】茨城県水戸市鯉淵町2222-1", "url": "https://www.kaigokensaku.mhlw.go.jp/08/index.php?action_kouhyou_detail_004_kani=true&JigyosyoCd=0873100721-00&ServiceCd=150&Type=search", "url2": "http://www.hokusuikai.or.jp/care-momiji1.html" }, "geometry": { "type": "Point", "coordinates": [ 140.368519099999958, 36.356902 ] } },
{ "type": "Feature", "properties": { "内容": "聖孝園南町デイサービスセンター【通所介護】茨城県水戸市南町3丁目4番2号愛孝会ビル", "url": "https://www.kaigokensaku.mhlw.go.jp/08/index.php?action_kouhyou_detail_004_kani=true&JigyosyoCd=0870106838-00&ServiceCd=150&Type=search", "url2": "seikouen-minamimati@themis.ocn.ne.jp" }, "geometry": { "type": "Point", "coordinates": [ 139.479091899999986, 35.6978011 ] } },
{ "type": "Feature", "properties": { "内容": "アズハイム水戸デイサービスセンター【通所介護】茨城県水戸市東原1-2-40", "url": "https://www.kaigokensaku.mhlw.go.jp/08/index.php?action_kouhyou_detail_004_kani=true&JigyosyoCd=0870105012-00&ServiceCd=150&Type=search", "url2": "https://as-heim.com/facility/mito_day/" }, "geometry": { "type": "Point", "coordinates": [ 140.446381100000053, 36.383473 ] } },
{ "type": "Feature", "properties": { "内容": "デイサービスセンターさとのこハウス水戸堀町【通所介護】茨城県水戸市堀町878-3", "url": "https://www.kaigokensaku.mhlw.go.jp/08/index.php?action_kouhyou_detail_004_kani=true&JigyosyoCd=0870104825-00&ServiceCd=150&Type=search", "url2": "https://www.welcia-kaigo.co.jp/" }, "geometry": { "type": "Point", "coordinates": [ 140.424166099999979, 36.404035 ] } },
{ "type": "Feature", "properties": { "内容": "ツクイ・サンフォレスト水戸【通所介護】茨城県水戸市中央2-6-32", "url": "https://www.kaigokensaku.mhlw.go.jp/08/index.php?action_kouhyou_detail_004_kani=true&JigyosyoCd=0870105368-00&ServiceCd=150&Type=search", "url2": "https://www.tsukui.net/home-care/7003/" }, "geometry": { "type": "Point", "coordinates": [ 140.4704021, 36.3672026 ] } },
{ "type": "Feature", "properties": { "内容": "フロイデ総合在宅サポートセンター水戸けやき台【通所介護】茨城県水戸市酒門町千束3283-1", "url": "https://www.kaigokensaku.mhlw.go.jp/08/index.php?action_kouhyou_detail_004_kani=true&JigyosyoCd=0870103140-00&ServiceCd=150&Type=search", "url2": "http://www.hakujinkai.com/" }, "geometry": { "type": "Point", "coordinates": [ 140.4851834760575, 36.337761703728894 ] } },
{ "type": "Feature", "properties": { "内容": "通所介護事業所　双葉陽だまり館【通所介護】茨城県水戸市開江町7番地", "url": "https://www.kaigokensaku.mhlw.go.jp/08/index.php?action_kouhyou_detail_004_kani=true&JigyosyoCd=0870105566-00&ServiceCd=150&Type=search", "url2": "http://www.heart-pia.com/" }, "geometry": { "type": "Point", "coordinates": [ 140.398307199999977, 36.3997915 ] } },
{ "type": "Feature", "properties": { "内容": "デイサービス水戸桑林【通所介護】茨城県水戸市見川町2537-2", "url": "https://www.kaigokensaku.mhlw.go.jp/08/index.php?action_kouhyou_detail_004_kani=true&JigyosyoCd=0870103157-00&ServiceCd=150&Type=search", "url2": "http://www.sourinn.jp/" }, "geometry": { "type": "Point", "coordinates": [ 140.4392884, 36.348663 ] } },
{ "type": "Feature", "properties": { "内容": "かたくりケアセンターもくせい【通所介護】茨城県水戸市河和田町4510-1", "url": "https://www.kaigokensaku.mhlw.go.jp/08/index.php?action_kouhyou_detail_004_kani=true&JigyosyoCd=0870102969-00&ServiceCd=150&Type=search", "url2": "http://www.suisei.or.jp" }, "geometry": { "type": "Point", "coordinates": [ 140.39304530000004, 36.3480926 ] } },
{ "type": "Feature", "properties": { "内容": "デイ緑岡【通所介護】茨城県水戸市見川町1820-17", "url": "https://www.kaigokensaku.mhlw.go.jp/08/index.php?action_kouhyou_detail_004_kani=true&JigyosyoCd=0870100575-00&ServiceCd=150&Type=search", "url2": "http://www.shinaikai.or.jp" }, "geometry": { "type": "Point", "coordinates": [ 140.4360967, 36.3571063 ] } },
{ "type": "Feature", "properties": { "内容": "デイサービスセンター　さかど【通所介護】水戸市酒門町4231-2", "url": "https://www.kaigokensaku.mhlw.go.jp/08/index.php?action_kouhyou_detail_004_kani=true&JigyosyoCd=0870100567-00&ServiceCd=150&Type=search", "url2": "http://www.suisei.or.jp" }, "geometry": { "type": "Point", "coordinates": [ 140.48368210000001, 36.3335068 ] } },
{ "type": "Feature", "properties": { "内容": "介護予防デイサービスセンター　元気はつらつ館【通所介護】茨城県水戸市河和田町1181-1", "url": "https://www.kaigokensaku.mhlw.go.jp/08/index.php?action_kouhyou_detail_004_kani=true&JigyosyoCd=0870102365-00&ServiceCd=150&Type=search", "url2": "http://www.helpercall.com" }, "geometry": { "type": "Point", "coordinates": [ 140.41773969999997, 36.3693402 ] } },
{ "type": "Feature", "properties": { "内容": "デイサービスセンター　もくせい【通所介護】茨城県水戸市東原三丁目2-7", "url": "https://www.kaigokensaku.mhlw.go.jp/08/index.php?action_kouhyou_detail_004_kani=true&JigyosyoCd=0870103314-00&ServiceCd=150&Type=search", "url2": "http://hokusuikai.or.jp/mokusei/" }, "geometry": { "type": "Point", "coordinates": [ 140.442142100000012, 36.3905959 ] } },
{ "type": "Feature", "properties": { "内容": "あおぞらデイサービスひまわり【通所介護】茨城県水戸市河和田1-2430-4", "url": "https://www.kaigokensaku.mhlw.go.jp/08/index.php?action_kouhyou_detail_004_kani=true&JigyosyoCd=0870103728-00&ServiceCd=150&Type=search", "url2": "http://ameblo.jp/nsiwashita/" }, "geometry": { "type": "Point", "coordinates": [ 140.412148399999978, 36.3735839 ] } },
{ "type": "Feature", "properties": { "内容": "聖孝園千波デイサービスセンター【通所介護】茨城県水戸市千波町254-1", "url": "https://www.kaigokensaku.mhlw.go.jp/08/index.php?action_kouhyou_detail_004_kani=true&JigyosyoCd=0870106143-00&ServiceCd=150&Type=search", "url2": "http://www.aikohkai.or.jp" }, "geometry": { "type": "Point", "coordinates": [ 140.4630838, 36.3638572 ] } },
{ "type": "Feature", "properties": { "内容": "デイサービスセンター　長生園【通所介護】茨城県水戸市堀町1185番地", "url": "https://www.kaigokensaku.mhlw.go.jp/08/index.php?action_kouhyou_detail_004_kani=true&JigyosyoCd=0870102076-00&ServiceCd=150&Type=search", "url2": "http://www.hokusuikai.or.jp/chouseien/" }, "geometry": { "type": "Point", "coordinates": [ 140.428271641139162, 36.400155964681517 ] } },
{ "type": "Feature", "properties": { "内容": "ブルーミングケア心逢堀町【通所介護】堀町８８３－１", "url": "https://www.kaigokensaku.mhlw.go.jp/08/index.php?action_kouhyou_detail_004_kani=true&JigyosyoCd=0870106127-00&ServiceCd=150&Type=search", "url2": null }, "geometry": { "type": "Point", "coordinates": [ 140.425168047221376, 36.404098043421001 ] } },
{ "type": "Feature", "properties": { "内容": "リハビリ専門デイサービスたんぽぽ【通所介護】茨城県水戸市千波町1264-5", "url": "https://www.kaigokensaku.mhlw.go.jp/08/index.php?action_kouhyou_detail_004_kani=true&JigyosyoCd=0870104957-00&ServiceCd=150&Type=search", "url2": "http://www.augusta-corp.jp/" }, "geometry": { "type": "Point", "coordinates": [ 140.466331699999955, 36.3620591 ] } },
{ "type": "Feature", "properties": { "内容": "でいさーびすたんぽぽうちはら【通所介護】茨城県水戸市中原町77", "url": "https://www.kaigokensaku.mhlw.go.jp/08/index.php?action_kouhyou_detail_004_kani=true&JigyosyoCd=0870106168-00&ServiceCd=150&Type=search", "url2": null }, "geometry": { "type": "Point", "coordinates": [ 140.35823640000001, 36.3768698 ] } },
{ "type": "Feature", "properties": { "内容": "リハビリ専門デイサービスたんぽぽ　平須【通所介護】茨城県水戸市平須町1368-10", "url": "https://www.kaigokensaku.mhlw.go.jp/08/index.php?action_kouhyou_detail_004_kani=true&JigyosyoCd=0870106531-00&ServiceCd=150&Type=search", "url2": null }, "geometry": { "type": "Point", "coordinates": [ 140.435984100000013, 36.3239851 ] } },
{ "type": "Feature", "properties": { "内容": "医療法人社団北水会リハビリデイサービスセンターかわわだ【通所介護】河和田町3003-1", "url": "https://www.kaigokensaku.mhlw.go.jp/08/index.php?action_kouhyou_detail_004_kani=true&JigyosyoCd=0870103603-00&ServiceCd=150&Type=search", "url2": "http://hokusuikai-kinen.jp" }, "geometry": { "type": "Point", "coordinates": [ 140.413045600000032, 36.3697539 ] } },
{ "type": "Feature", "properties": { "内容": "あずみ苑水戸【通所介護】茨城県水戸市河和田２丁目２１－３", "url": "https://www.kaigokensaku.mhlw.go.jp/08/index.php?action_kouhyou_detail_004_kani=true&JigyosyoCd=0870106242-00&ServiceCd=150&Type=search", "url2": "https://www.azumien.jp/" }, "geometry": { "type": "Point", "coordinates": [ 140.4069589, 36.3781576 ] } },
{ "type": "Feature", "properties": { "内容": "ケアレジデンス水戸新館デイサービスセンター【通所介護】茨城県水戸市大塚町1741番地", "url": "https://www.kaigokensaku.mhlw.go.jp/08/index.php?action_kouhyou_detail_004_kani=true&JigyosyoCd=0870102027-00&ServiceCd=150&Type=search", "url2": "http://www.careresi.jp/" }, "geometry": { "type": "Point", "coordinates": [ 140.390802500000063, 36.3933337 ] } },
{ "type": "Feature", "properties": { "内容": "デイサービス笑がお【通所介護】茨城県水戸市鯉淵町6123-223", "url": "https://www.kaigokensaku.mhlw.go.jp/08/index.php?action_kouhyou_detail_004_kani=true&JigyosyoCd=0870103884-00&ServiceCd=150&Type=search", "url2": null }, "geometry": { "type": "Point", "coordinates": [ 140.340359799999987, 36.3368562 ] } },
{ "type": "Feature", "properties": { "内容": "リゾート　ハッピーデイ【通所介護】茨城県日立市小木津町1020番地", "url": "https://www.kaigokensaku.mhlw.go.jp/08/index.php?action_kouhyou_detail_004_kani=true&JigyosyoCd=0870200441-00&ServiceCd=150&Type=search", "url2": "http://www.hitachinomori.or.jp/" }, "geometry": { "type": "Point", "coordinates": [ 140.6732323, 36.6498374 ] } },
{ "type": "Feature", "properties": { "内容": "デイサービス弘法大師温泉【通所介護】留町788-3", "url": "https://www.kaigokensaku.mhlw.go.jp/08/index.php?action_kouhyou_detail_004_kani=true&JigyosyoCd=0870201696-00&ServiceCd=150&Type=search", "url2": null }, "geometry": { "type": "Point", "coordinates": [ 140.592933615344265, 36.495233037348896 ] } },
{ "type": "Feature", "properties": { "内容": "デイサービス　クローバーの丘【通所介護】茨城県日立市滑川本町2丁目5-50クローバーの丘", "url": "https://www.kaigokensaku.mhlw.go.jp/08/index.php?action_kouhyou_detail_004_kani=true&JigyosyoCd=0870202439-00&ServiceCd=150&Type=search", "url2": "clober-no-oka@net1.jway.ne.jp" }, "geometry": { "type": "Point", "coordinates": [ 140.662190799999962, 36.6188361 ] } },
{ "type": "Feature", "properties": { "内容": "山水苑デイサービス滑川【通所介護】茨城県日立市滑川町２－１３－２０", "url": "https://www.kaigokensaku.mhlw.go.jp/08/index.php?action_kouhyou_detail_004_kani=true&JigyosyoCd=0870201795-00&ServiceCd=150&Type=search", "url2": null }, "geometry": { "type": "Point", "coordinates": [ 140.662028700000064, 36.6120487 ] } },
{ "type": "Feature", "properties": { "内容": "日立市十王デイサービスセンター【通所介護】日立市十王町友部２０８８－１", "url": "https://www.kaigokensaku.mhlw.go.jp/08/index.php?action_kouhyou_detail_004_kani=true&JigyosyoCd=0870200821-00&ServiceCd=150&Type=search", "url2": null }, "geometry": { "type": "Point", "coordinates": [ 140.678733400000027, 36.6798339 ] } },
{ "type": "Feature", "properties": { "内容": "デイサービスセンター山水苑【通所介護】日立市下深萩町　1770", "url": "https://www.kaigokensaku.mhlw.go.jp/08/index.php?action_kouhyou_detail_004_kani=true&JigyosyoCd=0870201167-00&ServiceCd=150&Type=search", "url2": "http://care-net.biz/08/sansuien/index.html" }, "geometry": { "type": "Point", "coordinates": [ 140.541948, 36.6316634 ] } },
{ "type": "Feature", "properties": { "内容": "あじさいデイサービス【通所介護】日立市鹿島町1-11-12", "url": "https://www.kaigokensaku.mhlw.go.jp/08/index.php?action_kouhyou_detail_004_kani=true&JigyosyoCd=0870201365-00&ServiceCd=150&Type=search", "url2": "http://care-net.biz/08/ajisai1947/" }, "geometry": { "type": "Point", "coordinates": [ 140.652708299999972, 36.5943768 ] } },
{ "type": "Feature", "properties": { "内容": "らいおんハートリハビリ温泉デイサービス川尻アネックス【通所介護】茨城県日立市川尻町1-37-19", "url": "https://www.kaigokensaku.mhlw.go.jp/08/index.php?action_kouhyou_detail_004_kani=true&JigyosyoCd=0870202025-00&ServiceCd=150&Type=search", "url2": null }, "geometry": { "type": "Point", "coordinates": [ 140.696374399999968, 36.6542069 ] } },
{ "type": "Feature", "properties": { "内容": "リゾート神峰の森【通所介護】茨城県日立市本宮町1-2-13", "url": "https://www.kaigokensaku.mhlw.go.jp/08/index.php?action_kouhyou_detail_004_kani=true&JigyosyoCd=0870202215-00&ServiceCd=150&Type=search", "url2": "info@hitachjnomori.or.jp" }, "geometry": { "type": "Point", "coordinates": [ 140.660062700000026, 36.605581 ] } },
{ "type": "Feature", "properties": { "内容": "多賀デイスタジオ【通所介護】茨城県日立市東多賀町5-1-6", "url": "https://www.kaigokensaku.mhlw.go.jp/08/index.php?action_kouhyou_detail_004_kani=true&JigyosyoCd=0870202645-00&ServiceCd=150&Type=search", "url2": "http://hot-group-hitachi.com" }, "geometry": { "type": "Point", "coordinates": [ 140.6330599, 36.5476969 ] } },
{ "type": "Feature", "properties": { "内容": "デイサービス　みずき泉の杜【通所介護】茨城県日立市水木町2-23-22", "url": "https://www.kaigokensaku.mhlw.go.jp/08/index.php?action_kouhyou_detail_004_kani=true&JigyosyoCd=0870202785-00&ServiceCd=150&Type=search", "url2": "https://www.mizuki-sakura.jp/houmontusho.html#tusho" }, "geometry": { "type": "Point", "coordinates": [ 140.624377, 36.5186943 ] } },
{ "type": "Feature", "properties": { "内容": "あおぞらデイサービス日立【通所介護】茨城県日立市中成沢4-16-7", "url": "https://www.kaigokensaku.mhlw.go.jp/08/index.php?action_kouhyou_detail_004_kani=true&JigyosyoCd=0870201886-00&ServiceCd=150&Type=search", "url2": "http://ameblo.jp/nsiwashita/" }, "geometry": { "type": "Point", "coordinates": [ 140.640905, 36.5758314 ] } },
{ "type": "Feature", "properties": { "内容": "山水苑デイサービス塙山【通所介護】茨城県日立市大久保町3-17-8", "url": "https://www.kaigokensaku.mhlw.go.jp/08/index.php?action_kouhyou_detail_004_kani=true&JigyosyoCd=0870202470-00&ServiceCd=150&Type=search", "url2": "http://sansuien-care.com" }, "geometry": { "type": "Point", "coordinates": [ 140.622043699999949, 36.547337 ] } },
{ "type": "Feature", "properties": { "内容": "日立市はまぎく荘デイサービスセンター【通所介護】茨城県日立市田尻町7丁目10番1号", "url": "https://www.kaigokensaku.mhlw.go.jp/08/index.php?action_kouhyou_detail_004_kani=true&JigyosyoCd=0870200243-00&ServiceCd=150&Type=search", "url2": "http://www.hitachi-jigyoudan.com/" }, "geometry": { "type": "Point", "coordinates": [ 140.6852212, 36.6245488 ] } },
{ "type": "Feature", "properties": { "内容": "ほっと・すわデイサービスセンター【通所介護】日立市多賀町5-7-23", "url": "https://www.kaigokensaku.mhlw.go.jp/08/index.php?action_kouhyou_detail_004_kani=true&JigyosyoCd=0870200383-00&ServiceCd=150&Type=search", "url2": "http://hot-group-hitachi.com" }, "geometry": { "type": "Point", "coordinates": [ 140.63635320000003, 36.5615219 ] } },
{ "type": "Feature", "properties": { "内容": "ほっと・おおぬまデイサービスセンター【通所介護】東大沼町4-2-20", "url": "https://www.kaigokensaku.mhlw.go.jp/08/index.php?action_kouhyou_detail_004_kani=true&JigyosyoCd=0870201902-00&ServiceCd=150&Type=search", "url2": "https://hot-group-hitachi.com/" }, "geometry": { "type": "Point", "coordinates": [ 140.631883981614692, 36.527481224259041 ] } },
{ "type": "Feature", "properties": { "内容": "ツクイ　日立金沢【通所介護】茨城県日立市金沢町１丁目２番１号", "url": "https://www.kaigokensaku.mhlw.go.jp/08/index.php?action_kouhyou_detail_004_kani=true&JigyosyoCd=0870202355-00&ServiceCd=150&Type=search", "url2": "https://www.tsukui.net/" }, "geometry": { "type": "Point", "coordinates": [ 140.623784699999987, 36.5460955 ] } },
{ "type": "Feature", "properties": { "内容": "社会福祉法人　聖愛会　デイサービスセンター石名坂聖孝園【通所介護】茨城県日立市石名坂町2-16-1", "url": "https://www.kaigokensaku.mhlw.go.jp/08/index.php?action_kouhyou_detail_004_kani=true&JigyosyoCd=0870202546-00&ServiceCd=150&Type=search", "url2": "aikohkai.or.jp/" }, "geometry": { "type": "Point", "coordinates": [ 140.5976886, 36.5153594 ] } },
{ "type": "Feature", "properties": { "内容": "コンパスウォーク大みか【通所介護】茨城県日立市大みか町1-2-16", "url": "https://www.kaigokensaku.mhlw.go.jp/08/index.php?action_kouhyou_detail_004_kani=true&JigyosyoCd=0870202983-00&ServiceCd=150&Type=search", "url2": null }, "geometry": { "type": "Point", "coordinates": [ 140.624928, 36.511497 ] } },
{ "type": "Feature", "properties": { "内容": "オアシス日立シーサイド館デイサービス【通所介護】茨城県日立市東大沼町4-29-27", "url": "https://www.kaigokensaku.mhlw.go.jp/08/index.php?action_kouhyou_detail_004_kani=true&JigyosyoCd=0870202488-00&ServiceCd=150&Type=search", "url2": null }, "geometry": { "type": "Point", "coordinates": [ 140.632472600000028, 36.5243995 ] } },
{ "type": "Feature", "properties": { "内容": "ベストケア・デイサービスセンター日立【通所介護】茨城県日立市千石町３丁目１５番５号", "url": "https://www.kaigokensaku.mhlw.go.jp/08/index.php?action_kouhyou_detail_004_kani=true&JigyosyoCd=0870201134-00&ServiceCd=150&Type=search", "url2": "http://www.best-care.jp/" }, "geometry": { "type": "Point", "coordinates": [ 140.624088400000034, 36.551993500000016 ] } },
{ "type": "Feature", "properties": { "内容": "まごころの家　鮎川【通所介護】鮎川町６－１１－３０", "url": "https://www.kaigokensaku.mhlw.go.jp/08/index.php?action_kouhyou_detail_004_kani=true&JigyosyoCd=0870202843-00&ServiceCd=150&Type=search", "url2": null }, "geometry": { "type": "Point", "coordinates": [ 140.6343535, 36.571109 ] } },
{ "type": "Feature", "properties": { "内容": "ご長寿くらぶ日立大沼デイサービスセンター【通所介護】茨城県日立市東大沼町3-31-16ご長寿くらぶ日立大沼", "url": "https://www.kaigokensaku.mhlw.go.jp/08/index.php?action_kouhyou_detail_004_kani=true&JigyosyoCd=0870202710-00&ServiceCd=150&Type=search", "url2": "http://www.urbanarchitech.com" }, "geometry": { "type": "Point", "coordinates": [ 140.6267413, 36.5268929 ] } },
{ "type": "Feature", "properties": { "内容": "通所介護事業ＭＡＯ【通所介護】茨城県日立市下土木内町字荻町545-1", "url": "https://www.kaigokensaku.mhlw.go.jp/08/index.php?action_kouhyou_detail_004_kani=true&JigyosyoCd=0870200565-00&ServiceCd=150&Type=search", "url2": "http://www.care-net.biz/08/mao/" }, "geometry": { "type": "Point", "coordinates": [ 140.579833010729004, 36.496946193012121 ] } },
{ "type": "Feature", "properties": { "内容": "デイサービスセンター　福祉の森　聖孝園【通所介護】茨城県日立市十王町高原333-6", "url": "https://www.kaigokensaku.mhlw.go.jp/08/index.php?action_kouhyou_detail_004_kani=true&JigyosyoCd=0873500078-00&ServiceCd=150&Type=search", "url2": "http://www.aikohkai.or.jp" }, "geometry": { "type": "Point", "coordinates": [ 140.623836, 36.6733636 ] } },
{ "type": "Feature", "properties": { "内容": "デイサービスセンター　金沢弁天園【通所介護】茨城県日立市東金沢町４－１６－１０", "url": "https://www.kaigokensaku.mhlw.go.jp/08/index.php?action_kouhyou_detail_004_kani=true&JigyosyoCd=0870201019-00&ServiceCd=150&Type=search", "url2": "http://k-bentenen.com/" }, "geometry": { "type": "Point", "coordinates": [ 140.628451899999959, 36.5398353 ] } },
{ "type": "Feature", "properties": { "内容": "ニチイケアセンター日立【通所介護】茨城県日立市助川町2-6-22", "url": "https://www.kaigokensaku.mhlw.go.jp/08/index.php?action_kouhyou_detail_004_kani=true&JigyosyoCd=0870200094-00&ServiceCd=150&Type=search", "url2": "http://www.nichiigakkan.co.jp" }, "geometry": { "type": "Point", "coordinates": [ 140.648045, 36.5930879 ] } },
{ "type": "Feature", "properties": { "内容": "サン豊浦デイサービスセンター【通所介護】茨城県日立市川尻町字稲荷作７５８－２７", "url": "https://www.kaigokensaku.mhlw.go.jp/08/index.php?action_kouhyou_detail_004_kani=true&JigyosyoCd=0870200185-00&ServiceCd=150&Type=search", "url2": "http://www.santoyoura-toyouranosato.com/" }, "geometry": { "type": "Point", "coordinates": [ 140.6885221, 36.6642083 ] } },
{ "type": "Feature", "properties": { "内容": "特別養護老人ホーム　一想園　指定通所介護事業所　和来【通所介護】茨城県日立市田尻町2-8-10", "url": "https://www.kaigokensaku.mhlw.go.jp/08/index.php?action_kouhyou_detail_004_kani=true&JigyosyoCd=0870201423-00&ServiceCd=150&Type=search", "url2": "https://www.issoen.jp/" }, "geometry": { "type": "Point", "coordinates": [ 140.666880600000013, 36.6336197 ] } },
{ "type": "Feature", "properties": { "内容": "成華園通所介護事業所【通所介護】茨城県日立市久慈町4-19-21", "url": "https://www.kaigokensaku.mhlw.go.jp/08/index.php?action_kouhyou_detail_004_kani=true&JigyosyoCd=0870200516-00&ServiceCd=150&Type=search", "url2": "http://seikaen-seiwakai.com/" }, "geometry": { "type": "Point", "coordinates": [ 140.610097499999938, 36.4900844 ] } },
{ "type": "Feature", "properties": { "内容": "デイサービスセンター小咲園【通所介護】茨城県日立市諏訪町5丁目5番1号", "url": "https://www.kaigokensaku.mhlw.go.jp/08/index.php?action_kouhyou_detail_004_kani=true&JigyosyoCd=0870200227-00&ServiceCd=150&Type=search", "url2": "https://kosakuen.com/" }, "geometry": { "type": "Point", "coordinates": [ 140.6196538, 36.5665839 ] } },
{ "type": "Feature", "properties": { "内容": "ケアステーションあさひ日立【通所介護】茨城県日立市川尻町3丁目17番13号", "url": "https://www.kaigokensaku.mhlw.go.jp/08/index.php?action_kouhyou_detail_004_kani=true&JigyosyoCd=0870202652-00&ServiceCd=150&Type=search", "url2": "http://www.vati.co.jp/" }, "geometry": { "type": "Point", "coordinates": [ 140.706460099999987, 36.6583686 ] } },
{ "type": "Feature", "properties": { "内容": "らいおんハートリハビリ温泉デイサービス川尻【通所介護】茨城県日立市川尻町１－３７－２０", "url": "https://www.kaigokensaku.mhlw.go.jp/08/index.php?action_kouhyou_detail_004_kani=true&JigyosyoCd=0870202017-00&ServiceCd=150&Type=search", "url2": "http://lion-heart.co/html/hitachi.html" }, "geometry": { "type": "Point", "coordinates": [ 140.696629900000062, 36.654420700000017 ] } },
{ "type": "Feature", "properties": { "内容": "日立市かねはたデイサービスセンター【通所介護】茨城県日立市大沼町3丁目25番10号", "url": "https://www.kaigokensaku.mhlw.go.jp/08/index.php?action_kouhyou_detail_004_kani=true&JigyosyoCd=0870200318-00&ServiceCd=150&Type=search", "url2": "http://www.hitachi-jigyoudan.com/" }, "geometry": { "type": "Point", "coordinates": [ 140.615772900000024, 36.5298666 ] } },
{ "type": "Feature", "properties": { "内容": "多賀の宮スポーツリハビリ【通所介護】茨城県日立市多賀町2-19-10", "url": "https://www.kaigokensaku.mhlw.go.jp/08/index.php?action_kouhyou_detail_004_kani=true&JigyosyoCd=0870202504-00&ServiceCd=150&Type=search", "url2": "http://www.hitachinomori.or.jp/" }, "geometry": { "type": "Point", "coordinates": [ 140.628883304788616, 36.556764098021745 ] } },
{ "type": "Feature", "properties": { "内容": "デイサービス　かみーら【通所介護】茨城県日立市金沢町3丁目19-14", "url": "https://www.kaigokensaku.mhlw.go.jp/08/index.php?action_kouhyou_detail_004_kani=true&JigyosyoCd=0870202579-00&ServiceCd=150&Type=search", "url2": "https://kami-ra.com/" }, "geometry": { "type": "Point", "coordinates": [ 140.617304900000022, 36.540116 ] } },
{ "type": "Feature", "properties": { "内容": "通所介護ひたちの森すこやかビレッジ【通所介護】茨城県日立市東滑川町５－１０－３", "url": "https://www.kaigokensaku.mhlw.go.jp/08/index.php?action_kouhyou_detail_004_kani=true&JigyosyoCd=0870201324-00&ServiceCd=150&Type=search", "url2": "http://www.sukoyakavillage.com" }, "geometry": { "type": "Point", "coordinates": [ 140.68068310000001, 36.6163912 ] } },
{ "type": "Feature", "properties": { "内容": "根道ヶ丘デイサービスセンター【通所介護】茨城県日立市大沼町４－９－１５", "url": "https://www.kaigokensaku.mhlw.go.jp/08/index.php?action_kouhyou_detail_004_kani=true&JigyosyoCd=0870200680-00&ServiceCd=150&Type=search", "url2": "http://www.merry-gr.jp" }, "geometry": { "type": "Point", "coordinates": [ 140.614928299999974, 36.5352438 ] } },
{ "type": "Feature", "properties": { "内容": "ツクイ日立大みか【通所介護】茨城県日立市大みか町1-9-22", "url": "https://www.kaigokensaku.mhlw.go.jp/08/index.php?action_kouhyou_detail_004_kani=true&JigyosyoCd=0870202884-00&ServiceCd=150&Type=search", "url2": "https://www.tsukui.net/" }, "geometry": { "type": "Point", "coordinates": [ 140.621450900000013, 36.5114963 ] } },
{ "type": "Feature", "properties": { "内容": "聖愛園千石デイサービスセンター【通所介護】茨城県日立市千石町１－７－６", "url": "https://www.kaigokensaku.mhlw.go.jp/08/index.php?action_kouhyou_detail_004_kani=true&JigyosyoCd=0870201688-00&ServiceCd=150&Type=search", "url2": "http://aikohkai.or.jp/tikoku/" }, "geometry": { "type": "Point", "coordinates": [ 140.628701399999954, 36.5533726 ] } },
{ "type": "Feature", "properties": { "内容": "あじさいデイサービス池の川【通所介護】日立市中成沢町1-16-10", "url": "https://www.kaigokensaku.mhlw.go.jp/08/index.php?action_kouhyou_detail_004_kani=true&JigyosyoCd=0870201738-00&ServiceCd=150&Type=search", "url2": "https://ajisaicare.jp/" }, "geometry": { "type": "Point", "coordinates": [ 140.641782599999942, 36.5776007 ] } },
{ "type": "Feature", "properties": { "内容": "デイサービス　ガーデン【通所介護】茨城県土浦市桜ヶ丘町14-38", "url": "https://www.kaigokensaku.mhlw.go.jp/08/index.php?action_kouhyou_detail_004_kani=true&JigyosyoCd=0870302361-00&ServiceCd=150&Type=search", "url2": "https://www.alice-sit.com/" }, "geometry": { "type": "Point", "coordinates": [ 140.195783204368581, 36.062193457973201 ] } },
{ "type": "Feature", "properties": { "内容": "通所介護事業所　　　静霞園【通所介護】土浦市東若松町3379", "url": "https://www.kaigokensaku.mhlw.go.jp/08/index.php?action_kouhyou_detail_004_kani=true&JigyosyoCd=0870300274-00&ServiceCd=150&Type=search", "url2": "http://www.aishinkai.or.jp" }, "geometry": { "type": "Point", "coordinates": [ 140.2093979, 36.1082959 ] } },
{ "type": "Feature", "properties": { "内容": "デイサービスＡＳＵＫＡ【通所介護】土浦市神立中央1-1-10", "url": "https://www.kaigokensaku.mhlw.go.jp/08/index.php?action_kouhyou_detail_004_kani=true&JigyosyoCd=0870301652-00&ServiceCd=150&Type=search", "url2": null }, "geometry": { "type": "Point", "coordinates": [ 140.24726290000001, 36.1196548 ] } },
{ "type": "Feature", "properties": { "内容": "社会福祉法人　筑水会　ライフサポート　サンルーナ【通所介護】おおつ野2丁目1-1", "url": "https://www.kaigokensaku.mhlw.go.jp/08/index.php?action_kouhyou_detail_004_kani=true&JigyosyoCd=0870302676-00&ServiceCd=150&Type=search", "url2": "http://www.sunluna.jp/" }, "geometry": { "type": "Point", "coordinates": [ 140.257058, 36.0869778 ] } },
{ "type": "Feature", "properties": { "内容": "老人デイサービスセンター　シルトピア【通所介護】茨城県土浦市本郷１６７９－１", "url": "https://www.kaigokensaku.mhlw.go.jp/08/index.php?action_kouhyou_detail_004_kani=true&JigyosyoCd=0873900195-00&ServiceCd=150&Type=search", "url2": "http://www.shirutopia.or.jp" }, "geometry": { "type": "Point", "coordinates": [ 140.173078799999985, 36.1565294 ] } },
{ "type": "Feature", "properties": { "内容": "プラザマアム桜ヶ丘【通所介護】茨城県土浦市桜ヶ丘町19-30", "url": "https://www.kaigokensaku.mhlw.go.jp/08/index.php?action_kouhyou_detail_004_kani=true&JigyosyoCd=0870302981-00&ServiceCd=150&Type=search", "url2": "http://www.p-maam.co.jp" }, "geometry": { "type": "Point", "coordinates": [ 140.1940294, 36.0618841 ] } },
{ "type": "Feature", "properties": { "内容": "土浦晴山苑デイサービスセンター【通所介護】茨城県土浦市田村町字２３２１－５", "url": "https://www.kaigokensaku.mhlw.go.jp/08/index.php?action_kouhyou_detail_004_kani=true&JigyosyoCd=0870301223-00&ServiceCd=150&Type=search", "url2": "https://seizan-kai.or.jp/" }, "geometry": { "type": "Point", "coordinates": [ 140.252648426449639, 36.092384500604602 ] } },
{ "type": "Feature", "properties": { "内容": "ケアステーションあさひ土浦【通所介護】茨城県土浦市大手町6-2", "url": "https://www.kaigokensaku.mhlw.go.jp/08/index.php?action_kouhyou_detail_004_kani=true&JigyosyoCd=0870302759-00&ServiceCd=150&Type=search", "url2": "http://www.vati.co.jp/" }, "geometry": { "type": "Point", "coordinates": [ 140.197680900000023, 36.0822908 ] } },
{ "type": "Feature", "properties": { "内容": "土浦ケアセンターそよ風【通所介護】土浦市田中1-1-32", "url": "https://www.kaigokensaku.mhlw.go.jp/08/index.php?action_kouhyou_detail_004_kani=true&JigyosyoCd=0870300548-00&ServiceCd=150&Type=search", "url2": "https://corp.sykz.co.jp/" }, "geometry": { "type": "Point", "coordinates": [ 140.190573200000017, 36.0846847 ] } },
{ "type": "Feature", "properties": { "内容": "喜楽希楽サービス通所介護事業所【通所介護】茨城県土浦市上高津４８６－２土浦めぐみ教会福祉館しおん１Ｆ", "url": "https://www.kaigokensaku.mhlw.go.jp/08/index.php?action_kouhyou_detail_004_kani=true&JigyosyoCd=0870302254-00&ServiceCd=150&Type=search", "url2": "https://church-tmc.jp/kirakira2/index.html" }, "geometry": { "type": "Point", "coordinates": [ 140.180595827847327, 36.082704247321963 ] } },
{ "type": "Feature", "properties": { "内容": "社会福祉法人　桜水会デイサービスセンター　滝田【通所介護】茨城県土浦市滝田1-10-2", "url": "https://www.kaigokensaku.mhlw.go.jp/08/index.php?action_kouhyou_detail_004_kani=true&JigyosyoCd=0870302882-00&ServiceCd=150&Type=search", "url2": "https://tokuyou-takita.com" }, "geometry": { "type": "Point", "coordinates": [ 140.215090300000014, 36.0693018 ] } },
{ "type": "Feature", "properties": { "内容": "通所介護事業所　やすらぎの園【通所介護】茨城県土浦市小岩田西二丁目1番49号", "url": "https://www.kaigokensaku.mhlw.go.jp/08/index.php?action_kouhyou_detail_004_kani=true&JigyosyoCd=0870300761-00&ServiceCd=150&Type=search", "url2": "juseikai-yasuraginosono.or.jp" }, "geometry": { "type": "Point", "coordinates": [ 140.189004800000021, 36.0607685 ] } },
{ "type": "Feature", "properties": { "内容": "ケアパートナー・みなみ【通所介護】茨城県土浦市荒川沖５－９", "url": "https://www.kaigokensaku.mhlw.go.jp/08/index.php?action_kouhyou_detail_004_kani=true&JigyosyoCd=0870300977-00&ServiceCd=150&Type=search", "url2": null }, "geometry": { "type": "Point", "coordinates": [ 140.159923700000036, 36.0226834 ] } },
{ "type": "Feature", "properties": { "内容": "デイサービスセンターなぎの木土浦【通所介護】宍塚３３３－１", "url": "https://www.kaigokensaku.mhlw.go.jp/08/index.php?action_kouhyou_detail_004_kani=true&JigyosyoCd=0870302031-00&ServiceCd=150&Type=search", "url2": "https://www.naginoki.net" }, "geometry": { "type": "Point", "coordinates": [ 140.1620256, 36.0743292 ] } },
{ "type": "Feature", "properties": { "内容": "指定通所介護事業所　滝の園【通所介護】茨城県土浦市宍塚１９３５番地", "url": "https://www.kaigokensaku.mhlw.go.jp/08/index.php?action_kouhyou_detail_004_kani=true&JigyosyoCd=0870300399-00&ServiceCd=150&Type=search", "url2": "http://kinsuikai.com" }, "geometry": { "type": "Point", "coordinates": [ 140.170946800000024, 36.0825869 ] } },
{ "type": "Feature", "properties": { "内容": "デイサービスセンターこほく【通所介護】茨城県土浦市菅谷町タカノス1168-1", "url": "https://www.kaigokensaku.mhlw.go.jp/08/index.php?action_kouhyou_detail_004_kani=true&JigyosyoCd=0870302395-00&ServiceCd=150&Type=search", "url2": "http://www.seisyukai.or.jp/" }, "geometry": { "type": "Point", "coordinates": [ 140.274461156832984, 36.097460459413966 ] } },
{ "type": "Feature", "properties": { "内容": "デイサービス憩いの里【通所介護】茨城県土浦市高岡2315", "url": "https://www.kaigokensaku.mhlw.go.jp/08/index.php?action_kouhyou_detail_004_kani=true&JigyosyoCd=0873900740-00&ServiceCd=150&Type=search", "url2": "http://showfukai.com/" }, "geometry": { "type": "Point", "coordinates": [ 140.153606599999989, 36.1301841 ] } },
{ "type": "Feature", "properties": { "内容": "飛羽ノ園デイサービスセンター指定通所介護事業所【通所介護】土浦市小松3丁目１８番１８号", "url": "https://www.kaigokensaku.mhlw.go.jp/08/index.php?action_kouhyou_detail_004_kani=true&JigyosyoCd=0870300431-00&ServiceCd=150&Type=search", "url2": "http://www.showfukai.com" }, "geometry": { "type": "Point", "coordinates": [ 140.202133799999984, 36.0648962 ] } },
{ "type": "Feature", "properties": { "内容": "デイサービスセンターにいはり【通所介護】茨城県土浦市藤沢３５３４－１", "url": "https://www.kaigokensaku.mhlw.go.jp/08/index.php?action_kouhyou_detail_004_kani=true&JigyosyoCd=0873900666-00&ServiceCd=150&Type=search", "url2": "http://www.seisyuukai.com/ccniihari/" }, "geometry": { "type": "Point", "coordinates": [ 140.173421822615069, 36.120555831806186 ] } },
{ "type": "Feature", "properties": { "内容": "デイサービス　永国長寿館【通所介護】茨城県　土浦市　永国　1048-1", "url": "https://www.kaigokensaku.mhlw.go.jp/08/index.php?action_kouhyou_detail_004_kani=true&JigyosyoCd=0870301090-00&ServiceCd=150&Type=search", "url2": "https://choujukan.jp/" }, "geometry": { "type": "Point", "coordinates": [ 140.182005, 36.0641055 ] } },
{ "type": "Feature", "properties": { "内容": "デイサービス桑林【通所介護】茨城県土浦市荒川沖東3-17-28", "url": "https://www.kaigokensaku.mhlw.go.jp/08/index.php?action_kouhyou_detail_004_kani=true&JigyosyoCd=0870301579-00&ServiceCd=150&Type=search", "url2": "http://www.sourinn.jp/" }, "geometry": { "type": "Point", "coordinates": [ 140.168661899999961, 36.026747 ] } },
{ "type": "Feature", "properties": { "内容": "デイサービスセンター　もりの家【通所介護】土浦市北荒川沖町８番１号", "url": "https://www.kaigokensaku.mhlw.go.jp/08/index.php?action_kouhyou_detail_004_kani=true&JigyosyoCd=0870300340-00&ServiceCd=150&Type=search", "url2": "http://www.morino-ie.jp/" }, "geometry": { "type": "Point", "coordinates": [ 140.1669478, 36.0369124 ] } },
{ "type": "Feature", "properties": { "内容": "デイサービスここいち土浦【通所介護】茨城県土浦市おおつ野8-24-11", "url": "https://www.kaigokensaku.mhlw.go.jp/08/index.php?action_kouhyou_detail_004_kani=true&JigyosyoCd=0870301744-00&ServiceCd=150&Type=search", "url2": "https://isshin.gr.jp/index.php" }, "geometry": { "type": "Point", "coordinates": [ 140.252696409925875, 36.094783030378018 ] } },
{ "type": "Feature", "properties": { "内容": "デイサービスここいち永国【通所介護】茨城県土浦市永国903-1", "url": "https://www.kaigokensaku.mhlw.go.jp/08/index.php?action_kouhyou_detail_004_kani=true&JigyosyoCd=0870302775-00&ServiceCd=150&Type=search", "url2": "https://isshin.gr.jp/index.php" }, "geometry": { "type": "Point", "coordinates": [ 140.178374500000018, 36.065595 ] } },
{ "type": "Feature", "properties": { "内容": "樹楽土浦中【通所介護】茨城県土浦市中199－9", "url": "https://www.kaigokensaku.mhlw.go.jp/08/index.php?action_kouhyou_detail_004_kani=true&JigyosyoCd=0870302718-00&ServiceCd=150&Type=search", "url2": "https://www.hiraishi-co.jp/" }, "geometry": { "type": "Point", "coordinates": [ 140.17786924263612, 36.054992803938845 ] } },
{ "type": "Feature", "properties": { "内容": "通所介護事業所　プラザマアム【通所介護】茨城県土浦市板谷7-626-11", "url": "https://www.kaigokensaku.mhlw.go.jp/08/index.php?action_kouhyou_detail_004_kani=true&JigyosyoCd=0870302304-00&ServiceCd=150&Type=search", "url2": "http://www.p-maam.co.jp/" }, "geometry": { "type": "Point", "coordinates": [ 140.209101750926294, 36.114087202573963 ] } },
{ "type": "Feature", "properties": { "内容": "つくばからだはうす【通所介護】茨城県土浦市中村西根1055番地１", "url": "https://www.kaigokensaku.mhlw.go.jp/08/index.php?action_kouhyou_detail_004_kani=true&JigyosyoCd=0870302866-00&ServiceCd=150&Type=search", "url2": null }, "geometry": { "type": "Point", "coordinates": [ 140.160093800000027, 36.0520042 ] } },
{ "type": "Feature", "properties": { "内容": "デイサービスセンターいつくしの杜土浦桜ヶ丘デ町【通所介護】茨城県土浦市桜ヶ丘町7-10", "url": "https://www.kaigokensaku.mhlw.go.jp/08/index.php?action_kouhyou_detail_004_kani=true&JigyosyoCd=0870303344-00&ServiceCd=150&Type=search", "url2": "https://kotobuki-i.jp/company/" }, "geometry": { "type": "Point", "coordinates": [ 140.1944093, 36.063088 ] } },
{ "type": "Feature", "properties": { "内容": "ツクイ土浦【通所介護】茨城県土浦市東真鍋町8-14", "url": "https://www.kaigokensaku.mhlw.go.jp/08/index.php?action_kouhyou_detail_004_kani=true&JigyosyoCd=0870301132-00&ServiceCd=150&Type=search", "url2": "http://www.tsukui.net" }, "geometry": { "type": "Point", "coordinates": [ 140.2074599, 36.093295 ] } },
{ "type": "Feature", "properties": { "内容": "デイサービス中高津シャンティ【通所介護】茨城県土浦市中高津2-5-15", "url": "https://www.kaigokensaku.mhlw.go.jp/08/index.php?action_kouhyou_detail_004_kani=true&JigyosyoCd=0870302684-00&ServiceCd=150&Type=search", "url2": null }, "geometry": { "type": "Point", "coordinates": [ 140.184377600000062, 36.0686673 ] } },
{ "type": "Feature", "properties": { "内容": "デイサービスセンターいつくしの杜土浦真鍋【通所介護】真鍋1丁目10-45", "url": "https://www.kaigokensaku.mhlw.go.jp/08/index.php?action_kouhyou_detail_004_kani=true&JigyosyoCd=0870303377-00&ServiceCd=150&Type=search", "url2": "https://kotobuki-i.jp/company/" }, "geometry": { "type": "Point", "coordinates": [ 140.199865, 36.0889174 ] } },
{ "type": "Feature", "properties": { "内容": "デイサービスセンター　希望の森【通所介護】茨城県古河市上大野１８８９－１", "url": "https://www.kaigokensaku.mhlw.go.jp/08/index.php?action_kouhyou_detail_004_kani=true&JigyosyoCd=0870400876-00&ServiceCd=150&Type=search", "url2": "http://www.ai-wa-kai.com/kibounomori" }, "geometry": { "type": "Point", "coordinates": [ 139.7842614, 36.2223539 ] } },
{ "type": "Feature", "properties": { "内容": "デイサービスセンター　ヒューマンサポート古河【通所介護】古河市本町１丁目3-30", "url": "https://www.kaigokensaku.mhlw.go.jp/08/index.php?action_kouhyou_detail_004_kani=true&JigyosyoCd=0870400850-00&ServiceCd=150&Type=search", "url2": "http://www.n-h-s.jp/koga" }, "geometry": { "type": "Point", "coordinates": [ 139.706523899999979, 36.1960856 ] } },
{ "type": "Feature", "properties": { "内容": "デイサービス　福寿苑【通所介護】茨城県古河市高野1420-1", "url": "https://www.kaigokensaku.mhlw.go.jp/08/index.php?action_kouhyou_detail_004_kani=true&JigyosyoCd=0870401288-00&ServiceCd=150&Type=search", "url2": "http//www.hidamari-mirai.com" }, "geometry": { "type": "Point", "coordinates": [ 139.776095099998258, 36.137199608235967 ] } },
{ "type": "Feature", "properties": { "内容": "家族の家ひまわり古河　通所介護事業所【通所介護】茨城県古河市西牛谷442", "url": "https://www.kaigokensaku.mhlw.go.jp/08/index.php?action_kouhyou_detail_004_kani=true&JigyosyoCd=0870401494-00&ServiceCd=150&Type=search", "url2": null }, "geometry": { "type": "Point", "coordinates": [ 139.734546899999941, 36.2019048 ] } },
{ "type": "Feature", "properties": { "内容": "デイサービスあやめの郷古河【通所介護】茨城県古河市女沼941-1", "url": "https://www.kaigokensaku.mhlw.go.jp/08/index.php?action_kouhyou_detail_004_kani=true&JigyosyoCd=0870401775-00&ServiceCd=150&Type=search", "url2": null }, "geometry": { "type": "Point", "coordinates": [ 139.736103500000013, 36.1818941 ] } },
{ "type": "Feature", "properties": { "内容": "秋明館デイサービスセンター【通所介護】茨城県古河市諸川２５３０－４", "url": "https://www.kaigokensaku.mhlw.go.jp/08/index.php?action_kouhyou_detail_004_kani=true&JigyosyoCd=0874300734-00&ServiceCd=150&Type=search", "url2": "http://wahukai.or.jp" }, "geometry": { "type": "Point", "coordinates": [ 139.8164649, 36.2046568 ] } },
{ "type": "Feature", "properties": { "内容": "ご長寿くらぶ古河西町デイサービスセンター【通所介護】西町11-4", "url": "https://www.kaigokensaku.mhlw.go.jp/08/index.php?action_kouhyou_detail_004_kani=true&JigyosyoCd=0870401759-00&ServiceCd=150&Type=search", "url2": "https://gotyoujyuclub.com/hometype/ibaraki/koga/2345" }, "geometry": { "type": "Point", "coordinates": [ 139.6976973925903, 36.198361618590425 ] } },
{ "type": "Feature", "properties": { "内容": "デイサービスセンター　SLP古河【通所介護】茨城県古河市女沼1645-3", "url": "https://www.kaigokensaku.mhlw.go.jp/08/index.php?action_kouhyou_detail_004_kani=true&JigyosyoCd=0870401536-00&ServiceCd=150&Type=search", "url2": null }, "geometry": { "type": "Point", "coordinates": [ 139.734636, 36.1806491 ] } },
{ "type": "Feature", "properties": { "内容": "ツクイ　古河【通所介護】古河市北町6-16", "url": "https://www.kaigokensaku.mhlw.go.jp/08/index.php?action_kouhyou_detail_004_kani=true&JigyosyoCd=0870400355-00&ServiceCd=150&Type=search", "url2": "http://www.tsukui.net" }, "geometry": { "type": "Point", "coordinates": [ 139.7148013, 36.203657 ] } },
{ "type": "Feature", "properties": { "内容": "デイサービスセンターらいでん【通所介護】茨城県古河市雷電町1-18", "url": "https://www.kaigokensaku.mhlw.go.jp/08/index.php?action_kouhyou_detail_004_kani=true&JigyosyoCd=0870401874-00&ServiceCd=150&Type=search", "url2": "http://www.ai-wa-kai.com" }, "geometry": { "type": "Point", "coordinates": [ 139.712358067459093, 36.199058025533319 ] } },
{ "type": "Feature", "properties": { "内容": "デイサービスセンター愛光園【通所介護】茨城県古河市新久田250-4", "url": "https://www.kaigokensaku.mhlw.go.jp/08/index.php?action_kouhyou_detail_004_kani=true&JigyosyoCd=0870400074-00&ServiceCd=150&Type=search", "url2": "http://aikouen.net/" }, "geometry": { "type": "Point", "coordinates": [ 139.70197840000003, 36.1694411 ] } },
{ "type": "Feature", "properties": { "内容": "あずみ苑　古河【通所介護】茨城県古河市諸川1393-2", "url": "https://www.kaigokensaku.mhlw.go.jp/08/index.php?action_kouhyou_detail_004_kani=true&JigyosyoCd=0870400561-00&ServiceCd=150&Type=search", "url2": "http://www.azumien.jp" }, "geometry": { "type": "Point", "coordinates": [ 139.8071931, 36.1960019 ] } },
{ "type": "Feature", "properties": { "内容": "デイサービスばんどう【通所介護】茨城県古河市大堤112番地", "url": "https://www.kaigokensaku.mhlw.go.jp/08/index.php?action_kouhyou_detail_004_kani=true&JigyosyoCd=0870401650-00&ServiceCd=150&Type=search", "url2": "https://www.smilebandou.com/" }, "geometry": { "type": "Point", "coordinates": [ 139.715123884625257, 36.186741052443608 ] } },
{ "type": "Feature", "properties": { "内容": "ケアももデイサービス【通所介護】茨城県古河市鴻巣550-2", "url": "https://www.kaigokensaku.mhlw.go.jp/08/index.php?action_kouhyou_detail_004_kani=true&JigyosyoCd=0870401627-00&ServiceCd=150&Type=search", "url2": "http://human-care2008.com/" }, "geometry": { "type": "Point", "coordinates": [ 139.705671540475464, 36.179712780342726 ] } },
{ "type": "Feature", "properties": { "内容": "わたらせデイサービスセンター【通所介護】茨城県古河市大山字西野507番5", "url": "https://www.kaigokensaku.mhlw.go.jp/08/index.php?action_kouhyou_detail_004_kani=true&JigyosyoCd=0870400165-00&ServiceCd=150&Type=search", "url2": "watarase@muse.ocn.ne.jp" }, "geometry": { "type": "Point", "coordinates": [ 139.714984, 36.147116 ] } },
{ "type": "Feature", "properties": { "内容": "ニチイケアセンター古河【通所介護】茨城県古河市古河643-1", "url": "https://www.kaigokensaku.mhlw.go.jp/08/index.php?action_kouhyou_detail_004_kani=true&JigyosyoCd=0870400132-00&ServiceCd=150&Type=search", "url2": "http://www.nichiigakkan.co.jp" }, "geometry": { "type": "Point", "coordinates": [ 139.71486219999997, 36.1900864 ] } },
{ "type": "Feature", "properties": { "内容": "デイサービスセンター　四季の郷【通所介護】茨城県古河市東間中橋198", "url": "https://www.kaigokensaku.mhlw.go.jp/08/index.php?action_kouhyou_detail_004_kani=true&JigyosyoCd=0870401254-00&ServiceCd=150&Type=search", "url2": "http://w3.dreams.ne.jp/fj5106/" }, "geometry": { "type": "Point", "coordinates": [ 139.863664094720463, 36.194453351944766 ] } },
{ "type": "Feature", "properties": { "内容": "デイサービスセンター　白英荘【通所介護】茨城県古河市小堤１７９６－２", "url": "https://www.kaigokensaku.mhlw.go.jp/08/index.php?action_kouhyou_detail_004_kani=true&JigyosyoCd=0874300221-00&ServiceCd=150&Type=search", "url2": "http://www.hakueisou.or.jp/index.html" }, "geometry": { "type": "Point", "coordinates": [ 139.763836099999907, 36.2022807 ] } },
{ "type": "Feature", "properties": { "内容": "みどりの里指定通所介護事業所【通所介護】茨城県古河市東山田4796-2", "url": "https://www.kaigokensaku.mhlw.go.jp/08/index.php?action_kouhyou_detail_004_kani=true&JigyosyoCd=0874300379-00&ServiceCd=150&Type=search", "url2": "https://www.s-3273.com" }, "geometry": { "type": "Point", "coordinates": [ 139.831205599999947, 36.1597328 ] } },
{ "type": "Feature", "properties": { "内容": "デイサービスセンターみどりの丘【通所介護】茨城県古河市尾崎3373", "url": "https://www.kaigokensaku.mhlw.go.jp/08/index.php?action_kouhyou_detail_004_kani=true&JigyosyoCd=0874301013-00&ServiceCd=150&Type=search", "url2": "https://www.s-3273.com" }, "geometry": { "type": "Point", "coordinates": [ 139.84045059999994, 36.195718 ] } },
{ "type": "Feature", "properties": { "内容": "白梅の里【通所介護】茨城県古河市大山785-2", "url": "https://www.kaigokensaku.mhlw.go.jp/08/index.php?action_kouhyou_detail_004_kani=true&JigyosyoCd=0870401379-00&ServiceCd=150&Type=search", "url2": null }, "geometry": { "type": "Point", "coordinates": [ 139.7233218, 36.1450336 ] } },
{ "type": "Feature", "properties": { "内容": "デイサービスセンターファミリー【通所介護】茨城県古河市三杉町2-10-8", "url": "https://www.kaigokensaku.mhlw.go.jp/08/index.php?action_kouhyou_detail_004_kani=true&JigyosyoCd=0870401510-00&ServiceCd=150&Type=search", "url2": null }, "geometry": { "type": "Point", "coordinates": [ 139.7193529, 36.2056457 ] } },
{ "type": "Feature", "properties": { "内容": "ろまんの家【通所介護】茨城県古河市下辺見2845", "url": "https://www.kaigokensaku.mhlw.go.jp/08/index.php?action_kouhyou_detail_004_kani=true&JigyosyoCd=0870401197-00&ServiceCd=150&Type=search", "url2": "http://roman-no-ie.com/" }, "geometry": { "type": "Point", "coordinates": [ 139.731248598039116, 36.174699147148381 ] } },
{ "type": "Feature", "properties": { "内容": "ケアステーションあさひ古河【通所介護】茨城県古河市茶屋新田410-1", "url": "https://www.kaigokensaku.mhlw.go.jp/08/index.php?action_kouhyou_detail_004_kani=true&JigyosyoCd=0870401130-00&ServiceCd=150&Type=search", "url2": "http://www.vati.co.jp/" }, "geometry": { "type": "Point", "coordinates": [ 139.715452, 36.164131 ] } },
{ "type": "Feature", "properties": { "内容": "ケアステーションあさひ古河第弐【通所介護】茨城県古河市鴻巣(字サラメキ)768番23", "url": "https://www.kaigokensaku.mhlw.go.jp/08/index.php?action_kouhyou_detail_004_kani=true&JigyosyoCd=0870401858-00&ServiceCd=150&Type=search", "url2": null }, "geometry": { "type": "Point", "coordinates": [ 139.7077314, 36.1762486 ] } },
{ "type": "Feature", "properties": { "内容": "デイサービスセンター愛和苑【通所介護】茨城県古河市駒羽根320-1", "url": "https://www.kaigokensaku.mhlw.go.jp/08/index.php?action_kouhyou_detail_004_kani=true&JigyosyoCd=0874300825-00&ServiceCd=150&Type=search", "url2": "http://www.aiwaen.or.jp." }, "geometry": { "type": "Point", "coordinates": [ 139.7512213, 36.1730088 ] } },
{ "type": "Feature", "properties": { "内容": "デイサービスつばさ【通所介護】茨城県古河市宮前町5番2号", "url": "https://www.kaigokensaku.mhlw.go.jp/08/index.php?action_kouhyou_detail_004_kani=true&JigyosyoCd=0870401064-00&ServiceCd=150&Type=search", "url2": null }, "geometry": { "type": "Point", "coordinates": [ 139.698639566447468, 36.200555352000606 ] } },
{ "type": "Feature", "properties": { "内容": "デイサービス　みやびの里【通所介護】茨城県古河市駒羽根1420-1", "url": "https://www.kaigokensaku.mhlw.go.jp/08/index.php?action_kouhyou_detail_004_kani=true&JigyosyoCd=0874300833-00&ServiceCd=150&Type=search", "url2": "http://www.asahikeaservice-miyabinosato.com/" }, "geometry": { "type": "Point", "coordinates": [ 139.757907400000022, 36.1582858 ] } },
{ "type": "Feature", "properties": { "内容": "リハビリ強化型デイサービスセンターあおぞら【通所介護】茨城県古河市下辺見927-2", "url": "https://www.kaigokensaku.mhlw.go.jp/08/index.php?action_kouhyou_detail_004_kani=true&JigyosyoCd=0870401544-00&ServiceCd=150&Type=search", "url2": null }, "geometry": { "type": "Point", "coordinates": [ 139.728258800000049, 36.1711114 ] } },
{ "type": "Feature", "properties": { "内容": "デイサービス　菖蒲【通所介護】女沼1011-1菖蒲苑", "url": "https://www.kaigokensaku.mhlw.go.jp/08/index.php?action_kouhyou_detail_004_kani=true&JigyosyoCd=0870401890-00&ServiceCd=150&Type=search", "url2": null }, "geometry": { "type": "Point", "coordinates": [ 139.735584799370969, 36.179979988266233 ] } },
{ "type": "Feature", "properties": { "内容": "デイサービスセンターなごやか石岡【通所介護】茨城県石岡市鹿の子2-9-46", "url": "https://www.kaigokensaku.mhlw.go.jp/08/index.php?action_kouhyou_detail_004_kani=true&JigyosyoCd=0870500527-00&ServiceCd=150&Type=search", "url2": "http://www2.nagoyakaclub.jp/ishioka/" }, "geometry": { "type": "Point", "coordinates": [ 140.257386099999962, 36.2044822 ] } },
{ "type": "Feature", "properties": { "内容": "いきいきファミリア石岡【通所介護】茨城県石岡市北府中1-13-54", "url": "https://www.kaigokensaku.mhlw.go.jp/08/index.php?action_kouhyou_detail_004_kani=true&JigyosyoCd=0870500980-00&ServiceCd=150&Type=search", "url2": null }, "geometry": { "type": "Point", "coordinates": [ 140.27925350000001, 36.2064791 ] } },
{ "type": "Feature", "properties": { "内容": "通所介護事業所　石岡陽だまり館【通所介護】茨城県石岡市府中一丁目3番10号特別養護老人ホーム石岡陽だまり館", "url": "https://www.kaigokensaku.mhlw.go.jp/08/index.php?action_kouhyou_detail_004_kani=true&JigyosyoCd=0870500667-00&ServiceCd=150&Type=search", "url2": "http://www.heart-pia.com/meguminokai/facility/hidamari_ishioka.html" }, "geometry": { "type": "Point", "coordinates": [ 140.275498700000071, 36.1915479 ] } },
{ "type": "Feature", "properties": { "内容": "デイサービス　　センチュリー石岡【通所介護】茨城県石岡市三村字舘塚６２８６番地１", "url": "https://www.kaigokensaku.mhlw.go.jp/08/index.php?action_kouhyou_detail_004_kani=true&JigyosyoCd=0870500097-00&ServiceCd=150&Type=search", "url2": "http://www.seireikai.jp/" }, "geometry": { "type": "Point", "coordinates": [ 140.27872739999998, 36.1527992 ] } },
{ "type": "Feature", "properties": { "内容": "のぞみデイサービスセンター【通所介護】茨城県石岡市大砂10527-6", "url": "https://www.kaigokensaku.mhlw.go.jp/08/index.php?action_kouhyou_detail_004_kani=true&JigyosyoCd=0870500394-00&ServiceCd=150&Type=search", "url2": "https://ishioka-keyakikai.or.jp/" }, "geometry": { "type": "Point", "coordinates": [ 140.249733737434326, 36.223552341146203 ] } },
{ "type": "Feature", "properties": { "内容": "通所介護事業所　ハートピア【通所介護】茨城県石岡市根当11008番地13", "url": "https://www.kaigokensaku.mhlw.go.jp/08/index.php?action_kouhyou_detail_004_kani=true&JigyosyoCd=0870500253-00&ServiceCd=150&Type=search", "url2": "http://www.heart-pia.com/" }, "geometry": { "type": "Point", "coordinates": [ 140.263518100000027, 36.230852 ] } },
{ "type": "Feature", "properties": { "内容": "デイサービスセンターやまざき【通所介護】茨城県石岡市山崎３１１４－２", "url": "https://www.kaigokensaku.mhlw.go.jp/08/index.php?action_kouhyou_detail_004_kani=true&JigyosyoCd=0870500691-00&ServiceCd=150&Type=search", "url2": "http://nf-support.com" }, "geometry": { "type": "Point", "coordinates": [ 140.265695, 36.2555699 ] } },
{ "type": "Feature", "properties": { "内容": "老人デイサービス事業談話館【通所介護】茨城県石岡市部原７８４番１", "url": "https://www.kaigokensaku.mhlw.go.jp/08/index.php?action_kouhyou_detail_004_kani=true&JigyosyoCd=0873900690-00&ServiceCd=150&Type=search", "url2": "http://www.bungosou.or.jp/ydanwakan/" }, "geometry": { "type": "Point", "coordinates": [ 140.223968281753486, 36.261824474965479 ] } },
{ "type": "Feature", "properties": { "内容": "指定通所介護　サン・テレーズガーデン【通所介護】茨城県石岡市東石岡5－3－10", "url": "https://www.kaigokensaku.mhlw.go.jp/08/index.php?action_kouhyou_detail_004_kani=true&JigyosyoCd=0870501046-00&ServiceCd=150&Type=search", "url2": "http://www.ishinou.jp" }, "geometry": { "type": "Point", "coordinates": [ 140.292592022684516, 36.191581084453553 ] } },
{ "type": "Feature", "properties": { "内容": "デイサービスセンターなでしこ南台【通所介護】南台３－２－１サービス付き高齢者向け住宅なでしこ南台", "url": "https://www.kaigokensaku.mhlw.go.jp/08/index.php?action_kouhyou_detail_004_kani=true&JigyosyoCd=0870500998-00&ServiceCd=150&Type=search", "url2": "http://choyokai.com/" }, "geometry": { "type": "Point", "coordinates": [ 140.296714261434204, 36.182242831310049 ] } },
{ "type": "Feature", "properties": { "内容": "デイサービスやさと【通所介護】茨城県石岡市小倉442-1", "url": "https://www.kaigokensaku.mhlw.go.jp/08/index.php?action_kouhyou_detail_004_kani=true&JigyosyoCd=0873900278-00&ServiceCd=150&Type=search", "url2": "http://taijinkai.or.jp/" }, "geometry": { "type": "Point", "coordinates": [ 140.170209500000055, 36.2402818 ] } },
{ "type": "Feature", "properties": { "内容": "ツクイ結城【通所介護】茨城県結城市結城7189-8", "url": "https://www.kaigokensaku.mhlw.go.jp/08/index.php?action_kouhyou_detail_004_kani=true&JigyosyoCd=0870700275-00&ServiceCd=150&Type=search", "url2": "http://www.tsukui.net" }, "geometry": { "type": "Point", "coordinates": [ 139.87759650000001, 36.2919262 ] } },
{ "type": "Feature", "properties": { "内容": "あずみ苑　結城【通所介護】茨城県結城市結城10638", "url": "https://www.kaigokensaku.mhlw.go.jp/08/index.php?action_kouhyou_detail_004_kani=true&JigyosyoCd=0870700374-00&ServiceCd=150&Type=search", "url2": "http://www.leopalace21.co.jp/silver.html" }, "geometry": { "type": "Point", "coordinates": [ 139.86240140000001, 36.3027515 ] } },
{ "type": "Feature", "properties": { "内容": "デイサービスたけだ【通所介護】茨城県結城市大字結城字健田12744番地特別養護老人ホームたけだ", "url": "https://www.kaigokensaku.mhlw.go.jp/08/index.php?action_kouhyou_detail_004_kani=true&JigyosyoCd=0870700762-00&ServiceCd=150&Type=search", "url2": "http://takeda-yuki.or.jp" }, "geometry": { "type": "Point", "coordinates": [ 139.883455591886616, 36.295611973478842 ] } },
{ "type": "Feature", "properties": { "内容": "結城ケアセンターそよ風【通所介護】茨城県結城市結城923-1", "url": "https://www.kaigokensaku.mhlw.go.jp/08/index.php?action_kouhyou_detail_004_kani=true&JigyosyoCd=0870700192-00&ServiceCd=150&Type=search", "url2": null }, "geometry": { "type": "Point", "coordinates": [ 139.881648499999983, 36.3014103 ] } },
{ "type": "Feature", "properties": { "内容": "結城デイサービスセンター　ヒューマン・ハウス【通所介護】茨城県結城市大字結城10767番地の24", "url": "https://www.kaigokensaku.mhlw.go.jp/08/index.php?action_kouhyou_detail_004_kani=true&JigyosyoCd=0870700085-00&ServiceCd=150&Type=search", "url2": "https://www.tokuyou-human-house.com/" }, "geometry": { "type": "Point", "coordinates": [ 139.849740900000029, 36.3055358 ] } },
{ "type": "Feature", "properties": { "内容": "デイサービス小春日和【通所介護】茨城県結城市結城12082-36", "url": "https://www.kaigokensaku.mhlw.go.jp/08/index.php?action_kouhyou_detail_004_kani=true&JigyosyoCd=0870700671-00&ServiceCd=150&Type=search", "url2": null }, "geometry": { "type": "Point", "coordinates": [ 139.8728121, 36.3168014 ] } },
{ "type": "Feature", "properties": { "内容": "デイサービスセンター　百寿の家【通所介護】茨城県結城市大字武井1240番地8", "url": "https://www.kaigokensaku.mhlw.go.jp/08/index.php?action_kouhyou_detail_004_kani=true&JigyosyoCd=0870700333-00&ServiceCd=150&Type=search", "url2": "http://www.info@shimofusa.ne.jp" }, "geometry": { "type": "Point", "coordinates": [ 139.824217699999963, 36.2325632 ] } },
{ "type": "Feature", "properties": { "内容": "らしさデイサービス　結城南【通所介護】茨城県結城市粕礼934-3", "url": "https://www.kaigokensaku.mhlw.go.jp/08/index.php?action_kouhyou_detail_004_kani=true&JigyosyoCd=0870700796-00&ServiceCd=150&Type=search", "url2": null }, "geometry": { "type": "Point", "coordinates": [ 139.8842752, 36.2140528 ] } },
{ "type": "Feature", "properties": { "内容": "ケアサポートゆうき【通所介護】茨城県結城市古宿新田33-2", "url": "https://www.kaigokensaku.mhlw.go.jp/08/index.php?action_kouhyou_detail_004_kani=true&JigyosyoCd=0870700648-00&ServiceCd=150&Type=search", "url2": "http://trust-caresupport.com/" }, "geometry": { "type": "Point", "coordinates": [ 139.8718601, 36.2379195 ] } },
{ "type": "Feature", "properties": { "内容": "ふれんど結城デイサービスセンター【通所介護】茨城県結城市大字結城11766-3", "url": "https://www.kaigokensaku.mhlw.go.jp/08/index.php?action_kouhyou_detail_004_kani=true&JigyosyoCd=0870700390-00&ServiceCd=150&Type=search", "url2": "http://www.f-pw.jp" }, "geometry": { "type": "Point", "coordinates": [ 139.866845, 36.3092328 ] } },
{ "type": "Feature", "properties": { "内容": "デイサービス　ハピネス【通所介護】茨城県龍ケ崎市藤ケ丘4-5-13", "url": "https://www.kaigokensaku.mhlw.go.jp/08/index.php?action_kouhyou_detail_004_kani=true&JigyosyoCd=0870801313-00&ServiceCd=150&Type=search", "url2": null }, "geometry": { "type": "Point", "coordinates": [ 140.195899700000012, 35.9391831 ] } },
{ "type": "Feature", "properties": { "内容": "デイサービスセンターSLP龍ケ崎【通所介護】茨城県龍ケ崎市松ケ丘4-4-3", "url": "https://www.kaigokensaku.mhlw.go.jp/08/index.php?action_kouhyou_detail_004_kani=true&JigyosyoCd=0870801156-00&ServiceCd=150&Type=search", "url2": null }, "geometry": { "type": "Point", "coordinates": [ 140.2087367, 35.9350179 ] } },
{ "type": "Feature", "properties": { "内容": "デイサービスセンター　いつくしの杜龍ヶ崎新町【通所介護】茨城県龍ヶ崎市新町4101-3", "url": "https://www.kaigokensaku.mhlw.go.jp/08/index.php?action_kouhyou_detail_004_kani=true&JigyosyoCd=0870801362-00&ServiceCd=150&Type=search", "url2": "http://kotobuki-i.jp/" }, "geometry": { "type": "Point", "coordinates": [ 140.184592400000014, 35.9066714 ] } },
{ "type": "Feature", "properties": { "内容": "通所介護事業　龍ケ岡【通所介護】茨城県龍ケ崎市中里１－１－１７", "url": "https://www.kaigokensaku.mhlw.go.jp/08/index.php?action_kouhyou_detail_004_kani=true&JigyosyoCd=0870800372-00&ServiceCd=150&Type=search", "url2": "http://ryuugaoka.sakura.ne.jp" }, "geometry": { "type": "Point", "coordinates": [ 140.2019934, 35.9294766 ] } },
{ "type": "Feature", "properties": { "内容": "やすらぎの里デイサービスセンター【通所介護】茨城県龍ヶ崎市大徳町字古川4965番地の1", "url": "https://www.kaigokensaku.mhlw.go.jp/08/index.php?action_kouhyou_detail_004_kani=true&JigyosyoCd=0870800471-00&ServiceCd=150&Type=search", "url2": "http://www.intio.or.jp/yasuragi/index.html" }, "geometry": { "type": "Point", "coordinates": [ 140.200904600000058, 35.9021707 ] } },
{ "type": "Feature", "properties": { "内容": "ツクイ龍ヶ崎【通所介護】龍ヶ崎市馴馬町2873-1", "url": "https://www.kaigokensaku.mhlw.go.jp/08/index.php?action_kouhyou_detail_004_kani=true&JigyosyoCd=0870800547-00&ServiceCd=150&Type=search", "url2": "http://www.tukui.net" }, "geometry": { "type": "Point", "coordinates": [ 140.184669799999938, 35.9124772 ] } },
{ "type": "Feature", "properties": { "内容": "デイサービス　縁【通所介護】茨城県龍ケ崎市藤ケ丘4-4-3", "url": "https://www.kaigokensaku.mhlw.go.jp/08/index.php?action_kouhyou_detail_004_kani=true&JigyosyoCd=0870800836-00&ServiceCd=150&Type=search", "url2": null }, "geometry": { "type": "Point", "coordinates": [ 140.193891810044306, 35.939412756770437 ] } },
{ "type": "Feature", "properties": { "内容": "デイサービスセンター　もみじ館【通所介護】茨城県龍ヶ崎市寺後３９３７－１０", "url": "https://www.kaigokensaku.mhlw.go.jp/08/index.php?action_kouhyou_detail_004_kani=true&JigyosyoCd=0870800711-00&ServiceCd=150&Type=search", "url2": "http://www.ryujinkai.or.jp/" }, "geometry": { "type": "Point", "coordinates": [ 140.182873, 35.9078693 ] } },
{ "type": "Feature", "properties": { "内容": "デイサービスここいち龍ヶ崎Ｂ棟【通所介護】茨城県龍ヶ崎市白羽4-4-67", "url": "https://www.kaigokensaku.mhlw.go.jp/08/index.php?action_kouhyou_detail_004_kani=true&JigyosyoCd=0870800828-00&ServiceCd=150&Type=search", "url2": "https://isshin.gr.jp/index.php" }, "geometry": { "type": "Point", "coordinates": [ 140.219743041278065, 35.925825263615906 ] } },
{ "type": "Feature", "properties": { "内容": "デイサービスここいち龍ケ崎C棟【通所介護】茨城県龍ケ崎市白羽4-4-71", "url": "https://www.kaigokensaku.mhlw.go.jp/08/index.php?action_kouhyou_detail_004_kani=true&JigyosyoCd=0870800901-00&ServiceCd=150&Type=search", "url2": "https://isshin.gr.jp/index.php" }, "geometry": { "type": "Point", "coordinates": [ 140.219952180309292, 35.925426451473513 ] } },
{ "type": "Feature", "properties": { "内容": "エイシントラスト㈱デイサービスくつろぎの家龍ヶ崎【通所介護】龍ヶ崎市馴柴町３６９－１", "url": "https://www.kaigokensaku.mhlw.go.jp/08/index.php?action_kouhyou_detail_004_kani=true&JigyosyoCd=0870801115-00&ServiceCd=150&Type=search", "url2": null }, "geometry": { "type": "Point", "coordinates": [ 140.161949, 35.9225231 ] } },
{ "type": "Feature", "properties": { "内容": "デイサービス　モルセラ龍ヶ崎【通所介護】茨城県龍ヶ崎市馴馬町上米620-1", "url": "https://www.kaigokensaku.mhlw.go.jp/08/index.php?action_kouhyou_detail_004_kani=true&JigyosyoCd=0870800760-00&ServiceCd=150&Type=search", "url2": "http://www.moluccella.jp" }, "geometry": { "type": "Point", "coordinates": [ 140.175518618246429, 35.90822847730108 ] } },
{ "type": "Feature", "properties": { "内容": "デイサービス　たつのこ【通所介護】茨城県龍ケ崎市松ケ丘2-24-7　たつのこヒルズ106", "url": "https://www.kaigokensaku.mhlw.go.jp/08/index.php?action_kouhyou_detail_004_kani=true&JigyosyoCd=0870801081-00&ServiceCd=150&Type=search", "url2": null }, "geometry": { "type": "Point", "coordinates": [ 140.206378, 35.9278004 ] } },
{ "type": "Feature", "properties": { "内容": "竜成園デイサービス事業所【通所介護】龍ケ崎市半田町1388番地", "url": "https://www.kaigokensaku.mhlw.go.jp/08/index.php?action_kouhyou_detail_004_kani=true&JigyosyoCd=0870800125-00&ServiceCd=150&Type=search", "url2": "http://www.ryuseien.or.jp" }, "geometry": { "type": "Point", "coordinates": [ 140.2366032, 35.9204027 ] } },
{ "type": "Feature", "properties": { "内容": "デイサービス若柴【通所介護】茨城県龍ケ崎市若柴町３０６７－１", "url": "https://www.kaigokensaku.mhlw.go.jp/08/index.php?action_kouhyou_detail_004_kani=true&JigyosyoCd=0870801404-00&ServiceCd=150&Type=search", "url2": null }, "geometry": { "type": "Point", "coordinates": [ 140.1428773, 35.9245877 ] } },
{ "type": "Feature", "properties": { "内容": "通所介護事業所リカステ【通所介護】茨城県龍ケ崎市馴馬町３１２０特別養護老人ホームリカステ", "url": "https://www.kaigokensaku.mhlw.go.jp/08/index.php?action_kouhyou_detail_004_kani=true&JigyosyoCd=0870801248-00&ServiceCd=150&Type=search", "url2": "https://lycaste.jp" }, "geometry": { "type": "Point", "coordinates": [ 140.182378242327871, 35.914825991805444 ] } },
{ "type": "Feature", "properties": { "内容": "デイサービス藍藍【通所介護】茨城県下妻市長塚乙11-1", "url": "https://www.kaigokensaku.mhlw.go.jp/08/index.php?action_kouhyou_detail_004_kani=true&JigyosyoCd=0871001061-00&ServiceCd=150&Type=search", "url2": "https://www.hc-ishiyama.co.jp" }, "geometry": { "type": "Point", "coordinates": [ 139.945711218545, 36.187793705789929 ] } },
{ "type": "Feature", "properties": { "内容": "デイサービスセンター　はなみずき【通所介護】茨城県下妻市下栗１２２６番地１", "url": "https://www.kaigokensaku.mhlw.go.jp/08/index.php?action_kouhyou_detail_004_kani=true&JigyosyoCd=0871000956-00&ServiceCd=150&Type=search", "url2": "https://hanamizukinomori.jp/day/" }, "geometry": { "type": "Point", "coordinates": [ 139.959142747468604, 36.163270431692254 ] } },
{ "type": "Feature", "properties": { "内容": "デイサービスセンター　ハート・ワン大宝【通所介護】茨城県下妻市横根140", "url": "https://www.kaigokensaku.mhlw.go.jp/08/index.php?action_kouhyou_detail_004_kani=true&JigyosyoCd=0871000717-00&ServiceCd=150&Type=search", "url2": "http://www.heart-one-daihou.com" }, "geometry": { "type": "Point", "coordinates": [ 139.985049600000025, 36.202167 ] } },
{ "type": "Feature", "properties": { "内容": "加養の里デイサービスセンター【通所介護】茨城県下妻市加養４９３番地", "url": "https://www.kaigokensaku.mhlw.go.jp/08/index.php?action_kouhyou_detail_004_kani=true&JigyosyoCd=0871000766-00&ServiceCd=150&Type=search", "url2": "http://kayounosato.jp/" }, "geometry": { "type": "Point", "coordinates": [ 139.986112, 36.178053 ] } },
{ "type": "Feature", "properties": { "内容": "愛宕園　指定通所介護事業所【通所介護】茨城県下妻市下木戸５４４－１", "url": "https://www.kaigokensaku.mhlw.go.jp/08/index.php?action_kouhyou_detail_004_kani=true&JigyosyoCd=0871000113-00&ServiceCd=150&Type=search", "url2": "hyyp://atagoen.jp/" }, "geometry": { "type": "Point", "coordinates": [ 139.9501077, 36.1929349 ] } },
{ "type": "Feature", "properties": { "内容": "筑波キングス・ガーデン通所介護事業所【通所介護】茨城県常総市大生郷町1818-2", "url": "https://www.kaigokensaku.mhlw.go.jp/08/index.php?action_kouhyou_detail_004_kani=true&JigyosyoCd=0871100103-00&ServiceCd=150&Type=search", "url2": "http://www.kings-garden.or.jp" }, "geometry": { "type": "Point", "coordinates": [ 139.949130100000048, 36.0672322 ] } },
{ "type": "Feature", "properties": { "内容": "指定通所介護事業所筑水苑【通所介護】常総市水海道高野町６７１－１", "url": "https://www.kaigokensaku.mhlw.go.jp/08/index.php?action_kouhyou_detail_004_kani=true&JigyosyoCd=0871100251-00&ServiceCd=150&Type=search", "url2": "http://www.tikusuien.or.jp" }, "geometry": { "type": "Point", "coordinates": [ 139.984538, 36.0074895 ] } },
{ "type": "Feature", "properties": { "内容": "コンパスウォーク常総【通所介護】茨城県常総市豊岡町丙2894-28", "url": "https://www.kaigokensaku.mhlw.go.jp/08/index.php?action_kouhyou_detail_004_kani=true&JigyosyoCd=0871100863-00&ServiceCd=150&Type=search", "url2": null }, "geometry": { "type": "Point", "coordinates": [ 139.9672347, 36.0252125 ] } },
{ "type": "Feature", "properties": { "内容": "よしの荘通所介護事業所【通所介護】常総市上蛇町１８８８－１", "url": "https://www.kaigokensaku.mhlw.go.jp/08/index.php?action_kouhyou_detail_004_kani=true&JigyosyoCd=0871100111-00&ServiceCd=150&Type=search", "url2": "http://www.yoshinosou.or.jp/course3.html" }, "geometry": { "type": "Point", "coordinates": [ 140.001357899999988, 36.0736231 ] } },
{ "type": "Feature", "properties": { "内容": "あいデイサービス常総豊岡【通所介護】茨城県常総市豊岡町乙1228-2", "url": "https://www.kaigokensaku.mhlw.go.jp/08/index.php?action_kouhyou_detail_004_kani=true&JigyosyoCd=0871100764-00&ServiceCd=150&Type=search", "url2": null }, "geometry": { "type": "Point", "coordinates": [ 139.978532500000028, 36.0240406 ] } },
{ "type": "Feature", "properties": { "内容": "けんちの苑　通所介護　ゆりいか【通所介護】茨城県常総市豊岡町丙3278-1", "url": "https://www.kaigokensaku.mhlw.go.jp/08/index.php?action_kouhyou_detail_004_kani=true&JigyosyoCd=0871100699-00&ServiceCd=150&Type=search", "url2": "www.kenchi.jp／" }, "geometry": { "type": "Point", "coordinates": [ 139.964890700000069, 36.0292689 ] } },
{ "type": "Feature", "properties": { "内容": "デイサービスセンターいつくしの杜常総高野町【通所介護】茨城県常総市水海道高野町321番地いつくしの常総高野町", "url": "https://www.kaigokensaku.mhlw.go.jp/08/index.php?action_kouhyou_detail_004_kani=true&JigyosyoCd=0871100939-00&ServiceCd=150&Type=search", "url2": "http://kotobuki-i.jp/company/" }, "geometry": { "type": "Point", "coordinates": [ 139.978996099999989, 36.0085567 ] } },
{ "type": "Feature", "properties": { "内容": "水海道ケアセンターそよ風【通所介護】常総市　水海道　天満町　1785-1", "url": "https://www.kaigokensaku.mhlw.go.jp/08/index.php?action_kouhyou_detail_004_kani=true&JigyosyoCd=0871100178-00&ServiceCd=150&Type=search", "url2": null }, "geometry": { "type": "Point", "coordinates": [ 139.984132199999976, 36.0150165 ] } },
{ "type": "Feature", "properties": { "内容": "デイサービスひまわり【通所介護】茨城県常総市小山戸町28-1", "url": "https://www.kaigokensaku.mhlw.go.jp/08/index.php?action_kouhyou_detail_004_kani=true&JigyosyoCd=0871100780-00&ServiceCd=150&Type=search", "url2": "https://0k0sama.amebaownd.com/" }, "geometry": { "type": "Point", "coordinates": [ 139.9846748, 36.0339441 ] } },
{ "type": "Feature", "properties": { "内容": "デイサービスケアパーク常総【通所介護】常総市水海道山田町4541-2", "url": "https://www.kaigokensaku.mhlw.go.jp/08/index.php?action_kouhyou_detail_004_kani=true&JigyosyoCd=0871100921-00&ServiceCd=150&Type=search", "url2": "http://carepark-toride.com" }, "geometry": { "type": "Point", "coordinates": [ 139.963650300000012, 35.960391 ] } },
{ "type": "Feature", "properties": { "内容": "デイサービスセンター　Ｌ・ハーモニー石下【通所介護】茨城県常総市原宿１１５５", "url": "https://www.kaigokensaku.mhlw.go.jp/08/index.php?action_kouhyou_detail_004_kani=true&JigyosyoCd=0871100467-00&ServiceCd=150&Type=search", "url2": "http://www.l-harmony.jp/" }, "geometry": { "type": "Point", "coordinates": [ 139.969301200000018, 36.1345662 ] } },
{ "type": "Feature", "properties": { "内容": "ツクイ常総水海道【通所介護】茨城県常総市水海道諏訪町3366-1", "url": "https://www.kaigokensaku.mhlw.go.jp/08/index.php?action_kouhyou_detail_004_kani=true&JigyosyoCd=0871100608-00&ServiceCd=150&Type=search", "url2": "https://www.tsukui.net/home-care/2577/" }, "geometry": { "type": "Point", "coordinates": [ 139.990577600000051, 36.0232665 ] } },
{ "type": "Feature", "properties": { "内容": "ケアサポート太田【通所介護】茨城県常陸太田市谷河原町1179-1", "url": "https://www.kaigokensaku.mhlw.go.jp/08/index.php?action_kouhyou_detail_004_kani=true&JigyosyoCd=0871200564-00&ServiceCd=150&Type=search", "url2": "http://www.trust-caresupport.com" }, "geometry": { "type": "Point", "coordinates": [ 140.524640783467106, 36.514667197775267 ] } },
{ "type": "Feature", "properties": { "内容": "茨城県常陸太田市玉造町972-1【通所介護】茨城県常陸太田市玉造町972-1", "url": "https://www.kaigokensaku.mhlw.go.jp/08/index.php?action_kouhyou_detail_004_kani=true&JigyosyoCd=0871200697-00&ServiceCd=150&Type=search", "url2": null }, "geometry": { "type": "Point", "coordinates": [ 140.488191599999936, 36.5569902 ] } },
{ "type": "Feature", "properties": { "内容": "通所介護　西山苑【通所介護】茨城県常陸太田市木崎二町937番地の２", "url": "https://www.kaigokensaku.mhlw.go.jp/08/index.php?action_kouhyou_detail_004_kani=true&JigyosyoCd=0871200051-00&ServiceCd=150&Type=search", "url2": "https://www.teishinkai.or.jp" }, "geometry": { "type": "Point", "coordinates": [ 140.5251041, 36.5312807 ] } },
{ "type": "Feature", "properties": { "内容": "はたそめデイサービスセンター四季の丘【通所介護】茨城県常陸太田市幡町653-23", "url": "https://www.kaigokensaku.mhlw.go.jp/08/index.php?action_kouhyou_detail_004_kani=true&JigyosyoCd=0871200424-00&ServiceCd=150&Type=search", "url2": "https://www.h-l-h.jp/" }, "geometry": { "type": "Point", "coordinates": [ 140.541157381945482, 36.544665758804541 ] } },
{ "type": "Feature", "properties": { "内容": "社会福祉法人聖愛会　瑞竜温泉デイサービスセンター【通所介護】茨城県常陸太田市瑞龍町50番3", "url": "https://www.kaigokensaku.mhlw.go.jp/08/index.php?action_kouhyou_detail_004_kani=true&JigyosyoCd=0871200762-00&ServiceCd=150&Type=search", "url2": "http://aikohkai.or.jp/" }, "geometry": { "type": "Point", "coordinates": [ 140.534892400000018, 36.563180023136844 ] } },
{ "type": "Feature", "properties": { "内容": "デイサービスセンター　誠信園【通所介護】茨城県常陸太田市和久町864-1", "url": "https://www.kaigokensaku.mhlw.go.jp/08/index.php?action_kouhyou_detail_004_kani=true&JigyosyoCd=0873400246-00&ServiceCd=150&Type=search", "url2": "http://www.aikouen.net/" }, "geometry": { "type": "Point", "coordinates": [ 140.479223499999989, 36.6141303 ] } },
{ "type": "Feature", "properties": { "内容": "デイサービス　山の湯【通所介護】茨城県高萩市上手綱3028番地", "url": "https://www.kaigokensaku.mhlw.go.jp/08/index.php?action_kouhyou_detail_004_kani=true&JigyosyoCd=0871400388-00&ServiceCd=150&Type=search", "url2": null }, "geometry": { "type": "Point", "coordinates": [ 140.68186460000004, 36.7503756 ] } },
{ "type": "Feature", "properties": { "内容": "でいとれ元気はつらつ館高萩店【通所介護】茨城県高萩市高戸293-6", "url": "https://www.kaigokensaku.mhlw.go.jp/08/index.php?action_kouhyou_detail_004_kani=true&JigyosyoCd=0871400578-00&ServiceCd=150&Type=search", "url2": "http://www.helpercall.com" }, "geometry": { "type": "Point", "coordinates": [ 140.7193891, 36.7218508 ] } },
{ "type": "Feature", "properties": { "内容": "JA常陸　高萩デイサービスセンター　だいすき【通所介護】茨城県高萩市本町1-100-2", "url": "https://www.kaigokensaku.mhlw.go.jp/08/index.php?action_kouhyou_detail_004_kani=true&JigyosyoCd=0871400529-00&ServiceCd=150&Type=search", "url2": null }, "geometry": { "type": "Point", "coordinates": [ 140.708852799999988, 36.7128929 ] } },
{ "type": "Feature", "properties": { "内容": "デイサービスセンター　高萩聖孝園【通所介護】茨城県高萩市大字上手綱2番地", "url": "https://www.kaigokensaku.mhlw.go.jp/08/index.php?action_kouhyou_detail_004_kani=true&JigyosyoCd=0871400305-00&ServiceCd=150&Type=search", "url2": "http://www.aikohkai.or.jp/seikoen/index.html" }, "geometry": { "type": "Point", "coordinates": [ 140.703016299999945, 36.7358113 ] } },
{ "type": "Feature", "properties": { "内容": "老人デイサービスセンターあすなろ【通所介護】茨城県高萩市安良川字浜野２６９番地７０", "url": "https://www.kaigokensaku.mhlw.go.jp/08/index.php?action_kouhyou_detail_004_kani=true&JigyosyoCd=0871400081-00&ServiceCd=150&Type=search", "url2": "http://peraichi.com/landing_pages/view/caretakahagi" }, "geometry": { "type": "Point", "coordinates": [ 140.714026369766998, 36.708747811661439 ] } },
{ "type": "Feature", "properties": { "内容": "アロマの家・かな【通所介護】茨城県高萩市高浜町3-61-2", "url": "https://www.kaigokensaku.mhlw.go.jp/08/index.php?action_kouhyou_detail_004_kani=true&JigyosyoCd=0871400594-00&ServiceCd=150&Type=search", "url2": "https://aroma-kana.com" }, "geometry": { "type": "Point", "coordinates": [ 140.7174578, 36.7057869 ] } },
{ "type": "Feature", "properties": { "内容": "指定介護老人福祉施設松籟荘　指定通所介護事業所「湯っくり館」【通所介護】茨城県高萩市下手綱１９５１－８", "url": "https://www.kaigokensaku.mhlw.go.jp/08/index.php?action_kouhyou_detail_004_kani=true&JigyosyoCd=0871400156-00&ServiceCd=150&Type=search", "url2": "http://www.health-care.or.jp/shourai/index.php" }, "geometry": { "type": "Point", "coordinates": [ 140.691017, 36.7280924 ] } },
{ "type": "Feature", "properties": { "内容": "聖孝園高萩東口デイサービスセンター【通所介護】茨城県高萩市東本町2丁目73-8", "url": "https://www.kaigokensaku.mhlw.go.jp/08/index.php?action_kouhyou_detail_004_kani=true&JigyosyoCd=0871400404-00&ServiceCd=150&Type=search", "url2": "https://aikohkai.or.jp/seikoen-higashi/" }, "geometry": { "type": "Point", "coordinates": [ 140.718405499999989, 36.7150974 ] } },
{ "type": "Feature", "properties": { "内容": "夢なかま通所介護【通所介護】茨城県北茨城市中郷町粟野１２０５－５", "url": "https://www.kaigokensaku.mhlw.go.jp/08/index.php?action_kouhyou_detail_004_kani=true&JigyosyoCd=0871500542-00&ServiceCd=150&Type=search", "url2": null }, "geometry": { "type": "Point", "coordinates": [ 140.718544299999962, 36.768881 ] } },
{ "type": "Feature", "properties": { "内容": "デイサービスセンター　エスコート磯原【通所介護】茨城県北茨城市華川町車1145-65", "url": "https://www.kaigokensaku.mhlw.go.jp/08/index.php?action_kouhyou_detail_004_kani=true&JigyosyoCd=0871500377-00&ServiceCd=150&Type=search", "url2": "https://www.esukouto.jp/" }, "geometry": { "type": "Point", "coordinates": [ 140.739701599999989, 36.8182424 ] } },
{ "type": "Feature", "properties": { "内容": "北茨城市社会福祉協議会指定通所介護事業所【通所介護】茨城県北茨城市華川町臼場187-74", "url": "https://www.kaigokensaku.mhlw.go.jp/08/index.php?action_kouhyou_detail_004_kani=true&JigyosyoCd=0871500179-00&ServiceCd=150&Type=search", "url2": null }, "geometry": { "type": "Point", "coordinates": [ 140.738891, 36.798103 ] } },
{ "type": "Feature", "properties": { "内容": "にこやかセンター【通所介護】茨城県北茨城市磯原町磯原1630-266", "url": "https://www.kaigokensaku.mhlw.go.jp/08/index.php?action_kouhyou_detail_004_kani=true&JigyosyoCd=0871500187-00&ServiceCd=150&Type=search", "url2": "http://care-net.biz/08/hiraga/hiraga01" }, "geometry": { "type": "Point", "coordinates": [ 140.751862399999936, 36.8031307 ] } },
{ "type": "Feature", "properties": { "内容": "元気の郷　あおば【通所介護】茨城県北茨城市関南町仁井田700番地", "url": "https://www.kaigokensaku.mhlw.go.jp/08/index.php?action_kouhyou_detail_004_kani=true&JigyosyoCd=0871500708-00&ServiceCd=150&Type=search", "url2": "www.syujinkai-kh.or.jp/" }, "geometry": { "type": "Point", "coordinates": [ 140.783293100000037, 36.8314087 ] } },
{ "type": "Feature", "properties": { "内容": "デイサービスセンター　きずな【通所介護】茨城県北茨城市大津町五浦1丁目99-1", "url": "https://www.kaigokensaku.mhlw.go.jp/08/index.php?action_kouhyou_detail_004_kani=true&JigyosyoCd=0871500492-00&ServiceCd=150&Type=search", "url2": null }, "geometry": { "type": "Point", "coordinates": [ 140.800454791137639, 36.829609235352912 ] } },
{ "type": "Feature", "properties": { "内容": "宍戸苑指定通所介護事業所【通所介護】茨城県笠間市橋爪462-1", "url": "https://www.kaigokensaku.mhlw.go.jp/08/index.php?action_kouhyou_detail_004_kani=true&JigyosyoCd=0873200141-00&ServiceCd=150&Type=search", "url2": "http://business2.plala.or.jp/sisidoen" }, "geometry": { "type": "Point", "coordinates": [ 140.2951845, 36.3393723 ] } },
{ "type": "Feature", "properties": { "内容": "デイサービス　スマイル【通所介護】茨城県笠間市美原1－2－21", "url": "https://www.kaigokensaku.mhlw.go.jp/08/index.php?action_kouhyou_detail_004_kani=true&JigyosyoCd=0871600821-00&ServiceCd=150&Type=search", "url2": "https://www.nikoniko-chi.jp" }, "geometry": { "type": "Point", "coordinates": [ 140.311022699999967, 36.343231 ] } },
{ "type": "Feature", "properties": { "内容": "株式会社ケアレジデンス　デイサービスセンター　いわま【通所介護】茨城県笠間市下郷４１６６－７", "url": "https://www.kaigokensaku.mhlw.go.jp/08/index.php?action_kouhyou_detail_004_kani=true&JigyosyoCd=0871600276-00&ServiceCd=150&Type=search", "url2": "http://www.careresi.jp" }, "geometry": { "type": "Point", "coordinates": [ 140.2723158, 36.2937635 ] } },
{ "type": "Feature", "properties": { "内容": "デイサービスくつろぎ笠間【通所介護】茨城県笠間市鯉淵６２４１－２２", "url": "https://www.kaigokensaku.mhlw.go.jp/08/index.php?action_kouhyou_detail_004_kani=true&JigyosyoCd=0871601068-00&ServiceCd=150&Type=search", "url2": "https://kutsurogi-kasama.jp" }, "geometry": { "type": "Point", "coordinates": [ 140.3307495, 36.33986 ] } },
{ "type": "Feature", "properties": { "内容": "リハビリデイサービス一笑カフェ【通所介護】茨城県笠間市鯉淵6227-9", "url": "https://www.kaigokensaku.mhlw.go.jp/08/index.php?action_kouhyou_detail_004_kani=true&JigyosyoCd=0871600896-00&ServiceCd=150&Type=search", "url2": null }, "geometry": { "type": "Point", "coordinates": [ 140.3358566, 36.3377461 ] } },
{ "type": "Feature", "properties": { "内容": "フロイデ友部デイサービスセンター【通所介護】茨城県笠間市鯉淵６５２６－１９", "url": "https://www.kaigokensaku.mhlw.go.jp/08/index.php?action_kouhyou_detail_004_kani=true&JigyosyoCd=0871600615-00&ServiceCd=150&Type=search", "url2": "http://www.hakuyukai-sfg.com/" }, "geometry": { "type": "Point", "coordinates": [ 140.322077762843293, 36.349230490756632 ] } },
{ "type": "Feature", "properties": { "内容": "デイサービスセンター春日和ともべ【通所介護】茨城県笠間市旭町587-6", "url": "https://www.kaigokensaku.mhlw.go.jp/08/index.php?action_kouhyou_detail_004_kani=true&JigyosyoCd=0871601050-00&ServiceCd=150&Type=search", "url2": null }, "geometry": { "type": "Point", "coordinates": [ 140.31968710000001, 36.3342188 ] } },
{ "type": "Feature", "properties": { "内容": "通所介護事業所　笠間陽だまり館【通所介護】南友部１９６６番地１３９", "url": "https://www.kaigokensaku.mhlw.go.jp/08/index.php?action_kouhyou_detail_004_kani=true&JigyosyoCd=0871600771-00&ServiceCd=150&Type=search", "url2": "http://www.heart-pia.com/" }, "geometry": { "type": "Point", "coordinates": [ 140.30989328079545, 36.355245415922674 ] } },
{ "type": "Feature", "properties": { "内容": "デイサービスハートリビング笠間【通所介護】茨城県笠間市鯉淵6266番地27", "url": "https://www.kaigokensaku.mhlw.go.jp/08/index.php?action_kouhyou_detail_004_kani=true&JigyosyoCd=0871600938-00&ServiceCd=150&Type=search", "url2": "https://isshin.gr.jp/index.php" }, "geometry": { "type": "Point", "coordinates": [ 140.3271334, 36.3486192 ] } },
{ "type": "Feature", "properties": { "内容": "デイサービス　みどりの郷福原【通所介護】茨城県笠間市福原字新谷59-1", "url": "https://www.kaigokensaku.mhlw.go.jp/08/index.php?action_kouhyou_detail_004_kani=true&JigyosyoCd=0871600987-00&ServiceCd=150&Type=search", "url2": "https://w-midorinosato.com/" }, "geometry": { "type": "Point", "coordinates": [ 140.184482664527678, 36.346547141442002 ] } },
{ "type": "Feature", "properties": { "内容": "指定通所介護事業所　すずらんの里【通所介護】茨城県笠間市土師１２８３－５", "url": "https://www.kaigokensaku.mhlw.go.jp/08/index.php?action_kouhyou_detail_004_kani=true&JigyosyoCd=0873200208-00&ServiceCd=150&Type=search", "url2": "https://kasama-suzuran.com/" }, "geometry": { "type": "Point", "coordinates": [ 140.296971699999972, 36.2994245 ] } },
{ "type": "Feature", "properties": { "内容": "ケアレジデンス水戸　デイサービスセンター　ともべ【通所介護】茨城県　笠間市　旭町　105－3", "url": "https://www.kaigokensaku.mhlw.go.jp/08/index.php?action_kouhyou_detail_004_kani=true&JigyosyoCd=0873200513-00&ServiceCd=150&Type=search", "url2": "http://www.careresi.jp/" }, "geometry": { "type": "Point", "coordinates": [ 140.318911599999979, 36.3233055 ] } },
{ "type": "Feature", "properties": { "内容": "通所介護事業所やまびこ【通所介護】笠間市八雲2-12-34", "url": "https://www.kaigokensaku.mhlw.go.jp/08/index.php?action_kouhyou_detail_004_kani=true&JigyosyoCd=0871600532-00&ServiceCd=150&Type=search", "url2": "https://yamabiko-suzuran.com/day/" }, "geometry": { "type": "Point", "coordinates": [ 140.300459383328189, 36.344856787979872 ] } },
{ "type": "Feature", "properties": { "内容": "ケアレジデンス　デイサービスセンター　かさま【通所介護】茨城県笠間市笠間1428番地6", "url": "https://www.kaigokensaku.mhlw.go.jp/08/index.php?action_kouhyou_detail_004_kani=true&JigyosyoCd=0871600599-00&ServiceCd=150&Type=search", "url2": "day_kasama@careresi,jp" }, "geometry": { "type": "Point", "coordinates": [ 140.254624499999977, 36.3812442 ] } },
{ "type": "Feature", "properties": { "内容": "ゆめみのデイサービスセンター【通所介護】茨城県茨城県取手市野々井1721", "url": "https://www.kaigokensaku.mhlw.go.jp/08/index.php?action_kouhyou_detail_004_kani=true&JigyosyoCd=0871700936-00&ServiceCd=150&Type=search", "url2": "http://yume-ts.com/" }, "geometry": { "type": "Point", "coordinates": [ 140.031078699999966, 35.9155818 ] } },
{ "type": "Feature", "properties": { "内容": "デイサービスセンターエクラシア取手【通所介護】ゆめみ野1-5-7", "url": "https://www.kaigokensaku.mhlw.go.jp/08/index.php?action_kouhyou_detail_004_kani=true&JigyosyoCd=0871701496-00&ServiceCd=150&Type=search", "url2": null }, "geometry": { "type": "Point", "coordinates": [ 139.8192028, 35.9241712 ] } },
{ "type": "Feature", "properties": { "内容": "デイサービスセンターエクラシア取手戸頭【通所介護】戸頭9-9-10", "url": "https://www.kaigokensaku.mhlw.go.jp/08/index.php?action_kouhyou_detail_004_kani=true&JigyosyoCd=0871701512-00&ServiceCd=150&Type=search", "url2": null }, "geometry": { "type": "Point", "coordinates": [ 140.006094100000013, 35.928657200000011 ] } },
{ "type": "Feature", "properties": { "内容": "藤代なごみの郷【通所介護】茨城県取手市椚木1342-2", "url": "https://www.kaigokensaku.mhlw.go.jp/08/index.php?action_kouhyou_detail_004_kani=true&JigyosyoCd=0874400260-00&ServiceCd=150&Type=search", "url2": "http://www.f-nagomi.or.jp/" }, "geometry": { "type": "Point", "coordinates": [ 140.093400299999985, 35.9259384 ] } },
{ "type": "Feature", "properties": { "内容": "デイサービス　モルセラ取手【通所介護】茨城県取手市井野802-1", "url": "https://www.kaigokensaku.mhlw.go.jp/08/index.php?action_kouhyou_detail_004_kani=true&JigyosyoCd=0871701595-00&ServiceCd=150&Type=search", "url2": "http://www.moluccella.jp" }, "geometry": { "type": "Point", "coordinates": [ 140.082039400000014, 35.9010422 ] } },
{ "type": "Feature", "properties": { "内容": "ニチイケアセンター取手新町【通所介護】茨城県取手市新町3-13-6", "url": "https://www.kaigokensaku.mhlw.go.jp/08/index.php?action_kouhyou_detail_004_kani=true&JigyosyoCd=0871700084-00&ServiceCd=150&Type=search", "url2": "http://www.nichiigakkan.co.jp" }, "geometry": { "type": "Point", "coordinates": [ 140.056779300000017, 35.8992878 ] } },
{ "type": "Feature", "properties": { "内容": "ご長寿くらぶ取手駒場デイサービスセンター【通所介護】茨城県取手市駒場3丁目9-55-2ご長寿くらぶ取手駒場Ⅱ", "url": "https://www.kaigokensaku.mhlw.go.jp/08/index.php?action_kouhyou_detail_004_kani=true&JigyosyoCd=0871701348-00&ServiceCd=150&Type=search", "url2": null }, "geometry": { "type": "Point", "coordinates": [ 140.0517774, 35.9165784 ] } },
{ "type": "Feature", "properties": { "内容": "社会福祉法人　香寿会　「さらの杜」　指定通所介護事業所【通所介護】茨城県取手市下高井2148", "url": "https://www.kaigokensaku.mhlw.go.jp/08/index.php?action_kouhyou_detail_004_kani=true&JigyosyoCd=0871700142-00&ServiceCd=150&Type=search", "url2": "http://www.saranomori.net/" }, "geometry": { "type": "Point", "coordinates": [ 140.0278366, 35.9290276 ] } },
{ "type": "Feature", "properties": { "内容": "ディサービスセンターいつくしの杜取手【通所介護】茨城県取手市谷中550-8いつくしの杜取手", "url": "https://www.kaigokensaku.mhlw.go.jp/08/index.php?action_kouhyou_detail_004_kani=true&JigyosyoCd=0871701439-00&ServiceCd=150&Type=search", "url2": "http://kotobuki-i.jp/company/" }, "geometry": { "type": "Point", "coordinates": [ 140.1034304, 35.913675900000015 ] } },
{ "type": "Feature", "properties": { "内容": "デイサービスセンターシエロ取手【通所介護】茨城県取手市駒場4-5-22ｺｰﾎﾟ駒場第二", "url": "https://www.kaigokensaku.mhlw.go.jp/08/index.php?action_kouhyou_detail_004_kani=true&JigyosyoCd=0871701454-00&ServiceCd=150&Type=search", "url2": "https://www.cielo.jp.net/" }, "geometry": { "type": "Point", "coordinates": [ 140.0532887, 35.9142852 ] } },
{ "type": "Feature", "properties": { "内容": "ツクイ　取手井野【通所介護】茨城県取手市井野2-6-29", "url": "https://www.kaigokensaku.mhlw.go.jp/08/index.php?action_kouhyou_detail_004_kani=true&JigyosyoCd=0871700316-00&ServiceCd=150&Type=search", "url2": "http://www.tsukui.net" }, "geometry": { "type": "Point", "coordinates": [ 140.0763449, 35.9014577 ] } },
{ "type": "Feature", "properties": { "内容": "アクテイブデイサービス楓【通所介護】茨城県取手市ゆめみ野2-22-3", "url": "https://www.kaigokensaku.mhlw.go.jp/08/index.php?action_kouhyou_detail_004_kani=true&JigyosyoCd=0871701363-00&ServiceCd=150&Type=search", "url2": "http://kanejuu-toride.com" }, "geometry": { "type": "Point", "coordinates": [ 140.035934320663529, 35.922179905404299 ] } },
{ "type": "Feature", "properties": { "内容": "デイサービスセンター北相寿園【通所介護】茨城県取手市岡1476番地", "url": "https://www.kaigokensaku.mhlw.go.jp/08/index.php?action_kouhyou_detail_004_kani=true&JigyosyoCd=0874400088-00&ServiceCd=150&Type=search", "url2": "http://www.soujinkai.com/" }, "geometry": { "type": "Point", "coordinates": [ 140.05657020000001, 35.9215851 ] } },
{ "type": "Feature", "properties": { "内容": "デイサービスセンター　水彩館【通所介護】茨城県取手市小文間5720番地1", "url": "https://www.kaigokensaku.mhlw.go.jp/08/index.php?action_kouhyou_detail_004_kani=true&JigyosyoCd=0871700381-00&ServiceCd=150&Type=search", "url2": "http://m.suisaikan.jp/" }, "geometry": { "type": "Point", "coordinates": [ 140.095326399999976, 35.8920175 ] } },
{ "type": "Feature", "properties": { "内容": "井野ケアサービスセンター【通所介護】茨城県取手市井野団地三丁目19番101", "url": "https://www.kaigokensaku.mhlw.go.jp/08/index.php?action_kouhyou_detail_004_kani=true&JigyosyoCd=0871700969-00&ServiceCd=150&Type=search", "url2": "https://smile-l.net/cont/home.html" }, "geometry": { "type": "Point", "coordinates": [ 140.073710508598339, 35.89719585815773 ] } },
{ "type": "Feature", "properties": { "内容": "通所介護事業所ルロシェ【通所介護】茨城県取手市神浦646", "url": "https://www.kaigokensaku.mhlw.go.jp/08/index.php?action_kouhyou_detail_004_kani=true&JigyosyoCd=0871700894-00&ServiceCd=150&Type=search", "url2": "http://le-rocher.jp" }, "geometry": { "type": "Point", "coordinates": [ 140.125842799999987, 35.886463 ] } },
{ "type": "Feature", "properties": { "内容": "藤代デイサービスセンター【通所介護】取手市宮和田２９８", "url": "https://www.kaigokensaku.mhlw.go.jp/08/index.php?action_kouhyou_detail_004_kani=true&JigyosyoCd=0871701082-00&ServiceCd=150&Type=search", "url2": null }, "geometry": { "type": "Point", "coordinates": [ 140.124594399999978, 35.9259254 ] } },
{ "type": "Feature", "properties": { "内容": "健康サポートセンターきらり【通所介護】茨城県牛久市さくら台３－３４－１７", "url": "https://www.kaigokensaku.mhlw.go.jp/08/index.php?action_kouhyou_detail_004_kani=true&JigyosyoCd=0871900585-00&ServiceCd=150&Type=search", "url2": "http://ushiku-kirari.jp/" }, "geometry": { "type": "Point", "coordinates": [ 140.164533799999958, 35.9608137 ] } },
{ "type": "Feature", "properties": { "内容": "ケア処牛久　デイサービスセンター【通所介護】茨城県牛久市牛久町3290-1", "url": "https://www.kaigokensaku.mhlw.go.jp/08/index.php?action_kouhyou_detail_004_kani=true&JigyosyoCd=0871901179-00&ServiceCd=150&Type=search", "url2": "www.keadokoro.jp" }, "geometry": { "type": "Point", "coordinates": [ 140.138688300000013, 35.9720537 ] } },
{ "type": "Feature", "properties": { "内容": "牛久ケアセンタ―そよ風【通所介護】茨城県牛久市牛久町103", "url": "https://www.kaigokensaku.mhlw.go.jp/08/index.php?action_kouhyou_detail_004_kani=true&JigyosyoCd=0871901419-00&ServiceCd=150&Type=search", "url2": "ushiku@sykz.co.jp" }, "geometry": { "type": "Point", "coordinates": [ 140.1359479, 35.9665935 ] } },
{ "type": "Feature", "properties": { "内容": "通所介護事業所　たいせつの家【通所介護】茨城県牛久市上柏田1-17-20", "url": "https://www.kaigokensaku.mhlw.go.jp/08/index.php?action_kouhyou_detail_004_kani=true&JigyosyoCd=0871900437-00&ServiceCd=150&Type=search", "url2": "http://www.central.or.jp" }, "geometry": { "type": "Point", "coordinates": [ 140.1531142, 35.9940341 ] } },
{ "type": "Feature", "properties": { "内容": "デイサービスセンター　いつくしの杜　ひたち野うしく【通所介護】茨城県牛久市ひたち野東2-24-3", "url": "https://www.kaigokensaku.mhlw.go.jp/08/index.php?action_kouhyou_detail_004_kani=true&JigyosyoCd=0871901203-00&ServiceCd=150&Type=search", "url2": "https://www.kotobuki-i.jp/" }, "geometry": { "type": "Point", "coordinates": [ 140.172904, 36.0039054 ] } },
{ "type": "Feature", "properties": { "内容": "元気館デイサービスセンター【通所介護】茨城県牛久市城中町148-1", "url": "https://www.kaigokensaku.mhlw.go.jp/08/index.php?action_kouhyou_detail_004_kani=true&JigyosyoCd=0871900569-00&ServiceCd=150&Type=search", "url2": "http://ushiku-genkikan.com" }, "geometry": { "type": "Point", "coordinates": [ 140.132293504260218, 35.953568350852677 ] } },
{ "type": "Feature", "properties": { "内容": "ニチイケアセンター牛久南【通所介護】茨城県牛久市南3-20-2", "url": "https://www.kaigokensaku.mhlw.go.jp/08/index.php?action_kouhyou_detail_004_kani=true&JigyosyoCd=0871900676-00&ServiceCd=150&Type=search", "url2": "http://www.nichiigakkan.co.jp" }, "geometry": { "type": "Point", "coordinates": [ 140.150074200000063, 35.9700793 ] } },
{ "type": "Feature", "properties": { "内容": "ご長寿くらぶ牛久城中Ⅰデイサービスセンター【通所介護】茨城県牛久市城中町1955-4", "url": "https://www.kaigokensaku.mhlw.go.jp/08/index.php?action_kouhyou_detail_004_kani=true&JigyosyoCd=0871901195-00&ServiceCd=150&Type=search", "url2": "https://gotyoujyuclub.com/hometype/ibaraki/ushiku/456" }, "geometry": { "type": "Point", "coordinates": [ 140.128814311114468, 35.967294253018352 ] } },
{ "type": "Feature", "properties": { "内容": "デイサービスおにぎり【通所介護】上柏田1-15-4", "url": "https://www.kaigokensaku.mhlw.go.jp/08/index.php?action_kouhyou_detail_004_kani=true&JigyosyoCd=0871901328-00&ServiceCd=150&Type=search", "url2": "onigiri@s-15.com" }, "geometry": { "type": "Point", "coordinates": [ 140.1559081, 35.9933708 ] } },
{ "type": "Feature", "properties": { "内容": "デイサービス　ひたち野【通所介護】ひたち野東四丁目８－４ひたち野レジデンス", "url": "https://www.kaigokensaku.mhlw.go.jp/08/index.php?action_kouhyou_detail_004_kani=true&JigyosyoCd=0871900866-00&ServiceCd=150&Type=search", "url2": "http://www.ushiku-hitachino.com/" }, "geometry": { "type": "Point", "coordinates": [ 140.169032, 36.0047913 ] } },
{ "type": "Feature", "properties": { "内容": "あげひばり　リハビリデイサービス【通所介護】茨城県牛久市ひたち野西４丁目３番３", "url": "https://www.kaigokensaku.mhlw.go.jp/08/index.php?action_kouhyou_detail_004_kani=true&JigyosyoCd=0871900841-00&ServiceCd=150&Type=search", "url2": "http://www.kouheikai.jp/agehibari/" }, "geometry": { "type": "Point", "coordinates": [ 140.148808739950596, 36.008406418450321 ] } },
{ "type": "Feature", "properties": { "内容": "指定通所介護事業所　博慈園【通所介護】茨城県牛久市女化町253-2", "url": "https://www.kaigokensaku.mhlw.go.jp/08/index.php?action_kouhyou_detail_004_kani=true&JigyosyoCd=0871900122-00&ServiceCd=150&Type=search", "url2": "http://www.hakujien.or.jp" }, "geometry": { "type": "Point", "coordinates": [ 140.173130300000025, 35.9477318 ] } },
{ "type": "Feature", "properties": { "内容": "デイサービス　こころの里【通所介護】茨城県牛久市久野町545", "url": "https://www.kaigokensaku.mhlw.go.jp/08/index.php?action_kouhyou_detail_004_kani=true&JigyosyoCd=0871901427-00&ServiceCd=150&Type=search", "url2": "https://cocorono-sato.com" }, "geometry": { "type": "Point", "coordinates": [ 140.231535923013126, 35.959118425471445 ] } },
{ "type": "Feature", "properties": { "内容": "デイサービス七福【通所介護】茨城県牛久市南7丁目51番地１３", "url": "https://www.kaigokensaku.mhlw.go.jp/08/index.php?action_kouhyou_detail_004_kani=true&JigyosyoCd=0871901013-00&ServiceCd=150&Type=search", "url2": "www.shofuku.co.jp" }, "geometry": { "type": "Point", "coordinates": [ 140.143977599999971, 35.9617188 ] } },
{ "type": "Feature", "properties": { "内容": "からだはうすのぞみ【通所介護】茨城県牛久市さくら台3-61-1", "url": "https://www.kaigokensaku.mhlw.go.jp/08/index.php?action_kouhyou_detail_004_kani=true&JigyosyoCd=0871901633-00&ServiceCd=150&Type=search", "url2": "https://www.instagram.com/karadahouse.nozomi/" }, "geometry": { "type": "Point", "coordinates": [ 140.159574400000054, 35.956234 ] } },
{ "type": "Feature", "properties": { "内容": "お寺ジム（薬師寺店）【通所介護】茨城県牛久市田宮町248", "url": "https://www.kaigokensaku.mhlw.go.jp/08/index.php?action_kouhyou_detail_004_kani=true&JigyosyoCd=0871901344-00&ServiceCd=150&Type=search", "url2": "https://otera-jimu.com/" }, "geometry": { "type": "Point", "coordinates": [ 140.1377261, 35.9803931 ] } },
{ "type": "Feature", "properties": { "内容": "牛久さくら園通所介護事業所【通所介護】茨城県牛久市上柏田１－１８－４", "url": "https://www.kaigokensaku.mhlw.go.jp/08/index.php?action_kouhyou_detail_004_kani=true&JigyosyoCd=0871900213-00&ServiceCd=150&Type=search", "url2": "http://www.wakatake-kai.or.jp/" }, "geometry": { "type": "Point", "coordinates": [ 140.152414300000032, 35.9938758 ] } },
{ "type": "Feature", "properties": { "内容": "リハプライドCOZY【通所介護】茨城県牛久市中央5-26-12小栗ビル1F", "url": "https://www.kaigokensaku.mhlw.go.jp/08/index.php?action_kouhyou_detail_004_kani=true&JigyosyoCd=0871901450-00&ServiceCd=150&Type=search", "url2": "https://cozyce.com/" }, "geometry": { "type": "Point", "coordinates": [ 140.141356300000012, 35.9743249 ] } },
{ "type": "Feature", "properties": { "内容": "デイサービス花やもり【通所介護】茨城県牛久市刈谷町二丁目82番地", "url": "https://www.kaigokensaku.mhlw.go.jp/08/index.php?action_kouhyou_detail_004_kani=true&JigyosyoCd=0871901617-00&ServiceCd=150&Type=search", "url2": "https://kyojyu.cool.coocan.jp/" }, "geometry": { "type": "Point", "coordinates": [ 140.1271639, 35.9721199 ] } },
{ "type": "Feature", "properties": { "内容": "牛久市社会福祉協議会指定通所介護事業所【通所介護】茨城県牛久市女化町８５９番地の３", "url": "https://www.kaigokensaku.mhlw.go.jp/08/index.php?action_kouhyou_detail_004_kani=true&JigyosyoCd=0871900320-00&ServiceCd=150&Type=search", "url2": "http://www.ushikushakyo.jp/" }, "geometry": { "type": "Point", "coordinates": [ 140.184458, 35.958578 ] } },
{ "type": "Feature", "properties": { "内容": "はっぴーデイサービスセンター【通所介護】茨城県つくば市谷田部4377-2", "url": "https://www.kaigokensaku.mhlw.go.jp/08/index.php?action_kouhyou_detail_004_kani=true&JigyosyoCd=0872002076-00&ServiceCd=150&Type=search", "url2": "http://ushilu-genkikan.com" }, "geometry": { "type": "Point", "coordinates": [ 140.0855497, 36.0119952 ] } },
{ "type": "Feature", "properties": { "内容": "医療法人社団健康尚仁会　飯村医院【通所介護】北条4408-3", "url": "https://www.kaigokensaku.mhlw.go.jp/08/index.php?action_kouhyou_detail_004_kani=true&JigyosyoCd=0872002324-00&ServiceCd=150&Type=search", "url2": "iimura-iin@serio.jp" }, "geometry": { "type": "Point", "coordinates": [ 140.093858640475474, 36.17433281825641 ] } },
{ "type": "Feature", "properties": { "内容": "コンフォートつくばデイサービス【通所介護】茨城県つくば市台町2-3-10", "url": "https://www.kaigokensaku.mhlw.go.jp/08/index.php?action_kouhyou_detail_004_kani=true&JigyosyoCd=0872002555-00&ServiceCd=150&Type=search", "url2": "http://www.ssv-tsukuba.jp" }, "geometry": { "type": "Point", "coordinates": [ 140.083847800000058, 36.038683 ] } },
{ "type": "Feature", "properties": { "内容": "アドニスケアセンター【通所介護】茨城県つくば市上郷8105-71", "url": "https://www.kaigokensaku.mhlw.go.jp/08/index.php?action_kouhyou_detail_004_kani=true&JigyosyoCd=0872003074-00&ServiceCd=150&Type=search", "url2": "https://adonis0000.amebaownd.com/" }, "geometry": { "type": "Point", "coordinates": [ 140.030093800000031, 36.0954835 ] } },
{ "type": "Feature", "properties": { "内容": "デイサービスセンターオアシス【通所介護】上ノ室11583-1", "url": "https://www.kaigokensaku.mhlw.go.jp/08/index.php?action_kouhyou_detail_004_kani=true&JigyosyoCd=0872003116-00&ServiceCd=150&Type=search", "url2": null }, "geometry": { "type": "Point", "coordinates": [ 140.1395164, 36.0805274 ] } },
{ "type": "Feature", "properties": { "内容": "グッド・デイサービス【通所介護】茨城県つくば市大貫235番地", "url": "https://www.kaigokensaku.mhlw.go.jp/08/index.php?action_kouhyou_detail_004_kani=true&JigyosyoCd=0872003082-00&ServiceCd=150&Type=search", "url2": "http://hp.kaipoke.biz/km8/" }, "geometry": { "type": "Point", "coordinates": [ 140.0782166, 36.1928475 ] } },
{ "type": "Feature", "properties": { "内容": "グッド・デイサービス　つくば花室【通所介護】茨城県つくば市花室493-1", "url": "https://www.kaigokensaku.mhlw.go.jp/08/index.php?action_kouhyou_detail_004_kani=true&JigyosyoCd=0872003140-00&ServiceCd=150&Type=search", "url2": "http://hp.kaipoke.biz/km8/" }, "geometry": { "type": "Point", "coordinates": [ 140.136492800000013, 36.0904007 ] } },
{ "type": "Feature", "properties": { "内容": "デイサービス　ビーンズリハビリセンター【通所介護】大角豆２０１２－２４７", "url": "https://www.kaigokensaku.mhlw.go.jp/08/index.php?action_kouhyou_detail_004_kani=true&JigyosyoCd=0872001995-00&ServiceCd=150&Type=search", "url2": "http://tsukuba.rehabilitation.pro/" }, "geometry": { "type": "Point", "coordinates": [ 140.143321600000036, 36.0545261 ] } },
{ "type": "Feature", "properties": { "内容": "グッド・デイサービスつくば高野【通所介護】茨城県つくば市高野1155-2", "url": "https://www.kaigokensaku.mhlw.go.jp/08/index.php?action_kouhyou_detail_004_kani=true&JigyosyoCd=0872003462-00&ServiceCd=150&Type=search", "url2": "http://hp.kaipoke.biz/km8/" }, "geometry": { "type": "Point", "coordinates": [ 140.0401441, 36.1063767 ] } },
{ "type": "Feature", "properties": { "内容": "燈杜リハビリセンター【通所介護】茨城県つくば市西平塚318－1", "url": "https://www.kaigokensaku.mhlw.go.jp/08/index.php?action_kouhyou_detail_004_kani=true&JigyosyoCd=0872003470-00&ServiceCd=150&Type=search", "url2": "https://toutoreha.jp/" }, "geometry": { "type": "Point", "coordinates": [ 140.08837135463105, 36.102505725248477 ] } },
{ "type": "Feature", "properties": { "内容": "あずみ苑高見原【通所介護】茨城県つくば市高見原2-10-77", "url": "https://www.kaigokensaku.mhlw.go.jp/08/index.php?action_kouhyou_detail_004_kani=true&JigyosyoCd=0872001623-00&ServiceCd=150&Type=search", "url2": "https://www.az-lifecare.co.jp/" }, "geometry": { "type": "Point", "coordinates": [ 140.131516499999947, 35.9973224 ] } },
{ "type": "Feature", "properties": { "内容": "アイシーネット　さくらデイサービスセンター【通所介護】つくば市柴崎１０５５", "url": "https://www.kaigokensaku.mhlw.go.jp/08/index.php?action_kouhyou_detail_004_kani=true&JigyosyoCd=0872001847-00&ServiceCd=150&Type=search", "url2": "info@icnet-tsukuba.com" }, "geometry": { "type": "Point", "coordinates": [ 140.119123699999989, 36.1089362 ] } },
{ "type": "Feature", "properties": { "内容": "デイサービス　ご縁【通所介護】茨城県つくば市北条1646-7", "url": "https://www.kaigokensaku.mhlw.go.jp/08/index.php?action_kouhyou_detail_004_kani=true&JigyosyoCd=0872003512-00&ServiceCd=150&Type=search", "url2": "https://www.connectring-50.info" }, "geometry": { "type": "Point", "coordinates": [ 140.101893599999983, 36.1738705 ] } },
{ "type": "Feature", "properties": { "内容": "ツクイ花畑【通所介護】茨城県つくば市花畑3-21-3", "url": "https://www.kaigokensaku.mhlw.go.jp/08/index.php?action_kouhyou_detail_004_kani=true&JigyosyoCd=0872001870-00&ServiceCd=150&Type=search", "url2": "https://www.tsukui.net/home-care/2417/" }, "geometry": { "type": "Point", "coordinates": [ 140.0900351, 36.1304942 ] } },
{ "type": "Feature", "properties": { "内容": "デイサービス　ひなた【通所介護】茨城つくば市花畑3-4-5", "url": "https://www.kaigokensaku.mhlw.go.jp/08/index.php?action_kouhyou_detail_004_kani=true&JigyosyoCd=0872002019-00&ServiceCd=150&Type=search", "url2": "hinata@.e-wagaya.com" }, "geometry": { "type": "Point", "coordinates": [ 140.095682200000027, 36.1250502 ] } },
{ "type": "Feature", "properties": { "内容": "デイサービスなごみ【通所介護】茨城県つくば市今鹿島5011", "url": "https://www.kaigokensaku.mhlw.go.jp/08/index.php?action_kouhyou_detail_004_kani=true&JigyosyoCd=0872002589-00&ServiceCd=150&Type=search", "url2": null }, "geometry": { "type": "Point", "coordinates": [ 140.036111348487793, 36.129140950582126 ] } },
{ "type": "Feature", "properties": { "内容": "デイサービス　ココカラ【通所介護】茨城県つくば市高崎１７９７－９", "url": "https://www.kaigokensaku.mhlw.go.jp/08/index.php?action_kouhyou_detail_004_kani=true&JigyosyoCd=0872003017-00&ServiceCd=150&Type=search", "url2": "https://www.kokoro-color.com" }, "geometry": { "type": "Point", "coordinates": [ 140.124076491813867, 36.001609571437797 ] } },
{ "type": "Feature", "properties": { "内容": "ケアパートナーつくば【通所介護】茨城県つくば市高野台３丁目５番１号", "url": "https://www.kaigokensaku.mhlw.go.jp/08/index.php?action_kouhyou_detail_004_kani=true&JigyosyoCd=0872000955-00&ServiceCd=150&Type=search", "url2": "http://www.care-partner.com/" }, "geometry": { "type": "Point", "coordinates": [ 140.122427099999982, 36.02593 ] } },
{ "type": "Feature", "properties": { "内容": "指定通所介護事業所　シニアガーデンアネックス【通所介護】茨城県つくば市水守１１８９－５", "url": "https://www.kaigokensaku.mhlw.go.jp/08/index.php?action_kouhyou_detail_004_kani=true&JigyosyoCd=0872001656-00&ServiceCd=150&Type=search", "url2": "http://www.f-kenseikai.or.jp" }, "geometry": { "type": "Point", "coordinates": [ 140.0560037, 36.1671103 ] } },
{ "type": "Feature", "properties": { "内容": "コミュニティガーデンつくば【通所介護】西大井1733-33", "url": "https://www.kaigokensaku.mhlw.go.jp/08/index.php?action_kouhyou_detail_004_kani=true&JigyosyoCd=0872002738-00&ServiceCd=150&Type=search", "url2": "http://www.communitygarden.jp/tsukuba/" }, "geometry": { "type": "Point", "coordinates": [ 140.130110939147897, 36.018692802741128 ] } },
{ "type": "Feature", "properties": { "内容": "松代ケアセンターそよ風【通所介護】茨城県つくば市松代4-8-2", "url": "https://www.kaigokensaku.mhlw.go.jp/08/index.php?action_kouhyou_detail_004_kani=true&JigyosyoCd=0872002365-00&ServiceCd=150&Type=search", "url2": null }, "geometry": { "type": "Point", "coordinates": [ 140.10468220000007, 36.0671075 ] } },
{ "type": "Feature", "properties": { "内容": "流星台ケアセンターそよ風【通所介護】流星台3-7", "url": "https://www.kaigokensaku.mhlw.go.jp/08/index.php?action_kouhyou_detail_004_kani=true&JigyosyoCd=0872003207-00&ServiceCd=150&Type=search", "url2": null }, "geometry": { "type": "Point", "coordinates": [ 140.1233394, 36.0990598 ] } },
{ "type": "Feature", "properties": { "内容": "デイサービスセンター　アイリスコート【通所介護】茨城県つくば市上横場中台429-1", "url": "https://www.kaigokensaku.mhlw.go.jp/08/index.php?action_kouhyou_detail_004_kani=true&JigyosyoCd=0872002969-00&ServiceCd=150&Type=search", "url2": "http：//www.iriscourt.jp" }, "geometry": { "type": "Point", "coordinates": [ 140.087708900000052, 36.0518442 ] } },
{ "type": "Feature", "properties": { "内容": "デイサービスセンターさとのこハウス学園中央【通所介護】茨城県つくば市東新井25-2", "url": "https://www.kaigokensaku.mhlw.go.jp/08/index.php?action_kouhyou_detail_004_kani=true&JigyosyoCd=0872002381-00&ServiceCd=150&Type=search", "url2": "https://www.welcia-kaigo.co.jp/" }, "geometry": { "type": "Point", "coordinates": [ 140.115411900000026, 36.0762091 ] } },
{ "type": "Feature", "properties": { "内容": "デイサービス花室長寿館【通所介護】茨城県つくば市大角豆1807-1", "url": "https://www.kaigokensaku.mhlw.go.jp/08/index.php?action_kouhyou_detail_004_kani=true&JigyosyoCd=0872000476-00&ServiceCd=150&Type=search", "url2": "https://choujukan.jp/" }, "geometry": { "type": "Point", "coordinates": [ 140.135516300000063, 36.0715013 ] } },
{ "type": "Feature", "properties": { "内容": "つくばフィジカルフィットネススタジオ【通所介護】大曽根3721-9有料老人ホームつくばメディケアレジデンス", "url": "https://www.kaigokensaku.mhlw.go.jp/08/index.php?action_kouhyou_detail_004_kani=true&JigyosyoCd=0872001987-00&ServiceCd=150&Type=search", "url2": "http://www.tsukuba-medicare-residence.jp" }, "geometry": { "type": "Point", "coordinates": [ 140.07938809999996, 36.1394959 ] } },
{ "type": "Feature", "properties": { "内容": "デイサービスここいち谷田部【通所介護】茨城県つくば市台町2-5-2", "url": "https://www.kaigokensaku.mhlw.go.jp/08/index.php?action_kouhyou_detail_004_kani=true&JigyosyoCd=0872002225-00&ServiceCd=150&Type=search", "url2": "https://isshin.gr.jp/index.php" }, "geometry": { "type": "Point", "coordinates": [ 140.08294766891629, 36.038741239932882 ] } },
{ "type": "Feature", "properties": { "内容": "からだはうすあゆら【通所介護】茨城県つくば市上ノ室255-1", "url": "https://www.kaigokensaku.mhlw.go.jp/08/index.php?action_kouhyou_detail_004_kani=true&JigyosyoCd=0872003173-00&ServiceCd=150&Type=search", "url2": null }, "geometry": { "type": "Point", "coordinates": [ 140.143331100000012, 36.0725905 ] } },
{ "type": "Feature", "properties": { "内容": "デイサービスセンター　くきの里【通所介護】茨城県つくば市上岩崎1845-27", "url": "https://www.kaigokensaku.mhlw.go.jp/08/index.php?action_kouhyou_detail_004_kani=true&JigyosyoCd=0872000716-00&ServiceCd=150&Type=search", "url2": "http://www.aishinkai.or.jp" }, "geometry": { "type": "Point", "coordinates": [ 140.095927800000027, 35.9858872 ] } },
{ "type": "Feature", "properties": { "内容": "デイサービスセンターきらめき【通所介護】茨城県つくば市上郷1428-7", "url": "https://www.kaigokensaku.mhlw.go.jp/08/index.php?action_kouhyou_detail_004_kani=true&JigyosyoCd=0872002670-00&ServiceCd=150&Type=search", "url2": "http://kirameki-ds.com/index.html" }, "geometry": { "type": "Point", "coordinates": [ 140.018610725812323, 36.109421810138542 ] } },
{ "type": "Feature", "properties": { "内容": "新つくばホームデイサービスセンター【通所介護】茨城県つくば市学園の森3丁目29番地2", "url": "https://www.kaigokensaku.mhlw.go.jp/08/index.php?action_kouhyou_detail_004_kani=true&JigyosyoCd=0872000369-00&ServiceCd=150&Type=search", "url2": "http://www.shin-tsukuba-jp" }, "geometry": { "type": "Point", "coordinates": [ 140.09183, 36.0939375 ] } },
{ "type": "Feature", "properties": { "内容": "新つくばホームデイサービスセンター新館【通所介護】茨城県つくば市学園の森3丁目２９－２", "url": "https://www.kaigokensaku.mhlw.go.jp/08/index.php?action_kouhyou_detail_004_kani=true&JigyosyoCd=0872001102-00&ServiceCd=150&Type=search", "url2": "http://www.shin-tsukuba-jp" }, "geometry": { "type": "Point", "coordinates": [ 140.09183, 36.0939375 ] } },
{ "type": "Feature", "properties": { "内容": "ケアステーションあさひつくば【通所介護】茨城県つくば市研究学園4丁目4番地13", "url": "https://www.kaigokensaku.mhlw.go.jp/08/index.php?action_kouhyou_detail_004_kani=true&JigyosyoCd=0872002159-00&ServiceCd=150&Type=search", "url2": "http://www.vati.co.jp/" }, "geometry": { "type": "Point", "coordinates": [ 140.076240483127293, 36.085954591435645 ] } },
{ "type": "Feature", "properties": { "内容": "デイサービス　つくばらいふ【通所介護】花畑1-16-5デイサービス　つくばらいふ", "url": "https://www.kaigokensaku.mhlw.go.jp/08/index.php?action_kouhyou_detail_004_kani=true&JigyosyoCd=0872002720-00&ServiceCd=150&Type=search", "url2": "tsukubaraifu@tombow-life.jp" }, "geometry": { "type": "Point", "coordinates": [ 139.812010800000053, 35.7988977 ] } },
{ "type": "Feature", "properties": { "内容": "デイサービス糸車【通所介護】茨城県つくば市館野363-2", "url": "https://www.kaigokensaku.mhlw.go.jp/08/index.php?action_kouhyou_detail_004_kani=true&JigyosyoCd=0872002878-00&ServiceCd=150&Type=search", "url2": null }, "geometry": { "type": "Point", "coordinates": [ 140.114678825131222, 36.0457689 ] } },
{ "type": "Feature", "properties": { "内容": "プロスペクト　カーサたかば　デイサービス【通所介護】茨城県ひたちなか市西光地３丁目１６番地１号", "url": "https://www.kaigokensaku.mhlw.go.jp/08/index.php?action_kouhyou_detail_004_kani=true&JigyosyoCd=0872101621-00&ServiceCd=150&Type=search", "url2": "http://www.morita-kinenkai.com/" }, "geometry": { "type": "Point", "coordinates": [ 140.535205985693352, 36.420305434283527 ] } },
{ "type": "Feature", "properties": { "内容": "ケアサポート　みなと【通所介護】ひたちなか市湊中央１－７－２３", "url": "https://www.kaigokensaku.mhlw.go.jp/08/index.php?action_kouhyou_detail_004_kani=true&JigyosyoCd=0872101944-00&ServiceCd=150&Type=search", "url2": "http://trust-caresupport.com/index.html" }, "geometry": { "type": "Point", "coordinates": [ 140.588838799999962, 36.3420836 ] } },
{ "type": "Feature", "properties": { "内容": "老人デイサービスセンター　いくり苑【通所介護】ひたちなか市磯崎町4555-1", "url": "https://www.kaigokensaku.mhlw.go.jp/08/index.php?action_kouhyou_detail_004_kani=true&JigyosyoCd=0872100383-00&ServiceCd=150&Type=search", "url2": "http:/www16.plala.or.jp.ikurien/" }, "geometry": { "type": "Point", "coordinates": [ 140.620099699475077, 36.376822454871792 ] } },
{ "type": "Feature", "properties": { "内容": "デイサービスセンター　はまぎくの里【通所介護】茨城県ひたちなか市中根952-1", "url": "https://www.kaigokensaku.mhlw.go.jp/08/index.php?action_kouhyou_detail_004_kani=true&JigyosyoCd=0872100763-00&ServiceCd=150&Type=search", "url2": "http://www.hamagiku4165.com" }, "geometry": { "type": "Point", "coordinates": [ 140.5620116, 36.3869834 ] } },
{ "type": "Feature", "properties": { "内容": "リハビリホーム勝田【通所介護】茨城県ひたちなか市田彦1648-5", "url": "https://www.kaigokensaku.mhlw.go.jp/08/index.php?action_kouhyou_detail_004_kani=true&JigyosyoCd=0872100813-00&ServiceCd=150&Type=search", "url2": null }, "geometry": { "type": "Point", "coordinates": [ 140.51490058545707, 36.409466595864416 ] } },
{ "type": "Feature", "properties": { "内容": "39ガーデンプレイス　デイサービス　ありが湯【通所介護】茨城県ひたちなか市東石川3139-2", "url": "https://www.kaigokensaku.mhlw.go.jp/08/index.php?action_kouhyou_detail_004_kani=true&JigyosyoCd=0872102025-00&ServiceCd=150&Type=search", "url2": "https://arigatou-kaigo.com/day-service/" }, "geometry": { "type": "Point", "coordinates": [ 140.535147997483818, 36.418822678906345 ] } },
{ "type": "Feature", "properties": { "内容": "ニチイケアセンターひたちなか【通所介護】茨城県ひたちなか市東石川2-6-10", "url": "https://www.kaigokensaku.mhlw.go.jp/08/index.php?action_kouhyou_detail_004_kani=true&JigyosyoCd=0872100144-00&ServiceCd=150&Type=search", "url2": "http://www.nichiigakkan.co.jp" }, "geometry": { "type": "Point", "coordinates": [ 140.536973100000068, 36.3956511 ] } },
{ "type": "Feature", "properties": { "内容": "デイサービスセンターたびこの湯【通所介護】茨城県ひたちなか市田彦１３９０－７", "url": "https://www.kaigokensaku.mhlw.go.jp/08/index.php?action_kouhyou_detail_004_kani=true&JigyosyoCd=0872100441-00&ServiceCd=150&Type=search", "url2": "http://www.ibc.or.jp/^tabikonoyu/" }, "geometry": { "type": "Point", "coordinates": [ 140.5216857, 36.4130036 ] } },
{ "type": "Feature", "properties": { "内容": "リハビリデイなないろ【通所介護】茨城県ひたちなか市大字佐和字孫目東2242番地7", "url": "https://www.kaigokensaku.mhlw.go.jp/08/index.php?action_kouhyou_detail_004_kani=true&JigyosyoCd=0872102462-00&ServiceCd=150&Type=search", "url2": null }, "geometry": { "type": "Point", "coordinates": [ 140.534929985813903, 36.451922524125095 ] } },
{ "type": "Feature", "properties": { "内容": "恵苑　デイサービス事業所【通所介護】茨城県ひたちなか市烏ヶ台11835-2", "url": "https://www.kaigokensaku.mhlw.go.jp/08/index.php?action_kouhyou_detail_004_kani=true&JigyosyoCd=0872100227-00&ServiceCd=150&Type=search", "url2": "http://www.katsujinkai.or.jp/skin/home.php?PG=g_megumi" }, "geometry": { "type": "Point", "coordinates": [ 140.599883200000022, 36.3680583 ] } },
{ "type": "Feature", "properties": { "内容": "恵苑2デイサービス事業所【通所介護】茨城県ひたちなか市烏ヶ台11836-1", "url": "https://www.kaigokensaku.mhlw.go.jp/08/index.php?action_kouhyou_detail_004_kani=true&JigyosyoCd=0872100888-00&ServiceCd=150&Type=search", "url2": "http://www.katsujinkai.or.jp/skin/home.php?PG=g_megumi" }, "geometry": { "type": "Point", "coordinates": [ 140.60044419999997, 36.3677417 ] } },
{ "type": "Feature", "properties": { "内容": "フロイデ総合在宅サポートセンターひたちなか【通所介護】大字足崎1474－7", "url": "https://www.kaigokensaku.mhlw.go.jp/08/index.php?action_kouhyou_detail_004_kani=true&JigyosyoCd=0872101548-00&ServiceCd=150&Type=search", "url2": "https://www.hakujinkai.com/satellite_sc_hitachinaka.php" }, "geometry": { "type": "Point", "coordinates": [ 140.552771, 36.404453 ] } },
{ "type": "Feature", "properties": { "内容": "デイサービスくれあ【通所介護】茨城県ひたちなか市高場1-24-11", "url": "https://www.kaigokensaku.mhlw.go.jp/08/index.php?action_kouhyou_detail_004_kani=true&JigyosyoCd=0872102108-00&ServiceCd=150&Type=search", "url2": "https://www.live-core-support.com/" }, "geometry": { "type": "Point", "coordinates": [ 140.5381731, 36.4278301 ] } },
{ "type": "Feature", "properties": { "内容": "デイサービスセンター北勝園【通所介護】茨城県ひたちなか市津田2093-1", "url": "https://www.kaigokensaku.mhlw.go.jp/08/index.php?action_kouhyou_detail_004_kani=true&JigyosyoCd=0872100235-00&ServiceCd=150&Type=search", "url2": "http://www.hokusuikai.or.jp" }, "geometry": { "type": "Point", "coordinates": [ 140.491982900000039, 36.4050076 ] } },
{ "type": "Feature", "properties": { "内容": "恵苑３デイサービス事業所　青空館【通所介護】ひたちなか市烏ヶ台11837", "url": "https://www.kaigokensaku.mhlw.go.jp/08/index.php?action_kouhyou_detail_004_kani=true&JigyosyoCd=0872102348-00&ServiceCd=150&Type=search", "url2": "http：//www.katujinkai-megumien.com/" }, "geometry": { "type": "Point", "coordinates": [ 140.600681487014413, 36.367268569056392 ] } },
{ "type": "Feature", "properties": { "内容": "庵の家デイサービス【通所介護】高場宮原1557-21", "url": "https://www.kaigokensaku.mhlw.go.jp/08/index.php?action_kouhyou_detail_004_kani=true&JigyosyoCd=0872102199-00&ServiceCd=150&Type=search", "url2": null }, "geometry": { "type": "Point", "coordinates": [ 140.5427393, 36.4206889 ] } },
{ "type": "Feature", "properties": { "内容": "デイサービス足崎【通所介護】茨城県ひたちなか市足崎１４５７－１５９", "url": "https://www.kaigokensaku.mhlw.go.jp/08/index.php?action_kouhyou_detail_004_kani=true&JigyosyoCd=0872101118-00&ServiceCd=150&Type=search", "url2": null }, "geometry": { "type": "Point", "coordinates": [ 140.553412579190081, 36.411601625748631 ] } },
{ "type": "Feature", "properties": { "内容": "デイサービスSARA（さら）らいびーず【通所介護】茨城県ひたちなか市高場2-18-7", "url": "https://www.kaigokensaku.mhlw.go.jp/08/index.php?action_kouhyou_detail_004_kani=true&JigyosyoCd=0872101670-00&ServiceCd=150&Type=search", "url2": "https://www.live-core-support.com/" }, "geometry": { "type": "Point", "coordinates": [ 140.5344733, 36.4233943 ] } },
{ "type": "Feature", "properties": { "内容": "リハビリ特化型デイサービスカラダラボひたちなか【通所介護】茨城県ひたちなか市高場３丁目１－２９", "url": "https://www.kaigokensaku.mhlw.go.jp/08/index.php?action_kouhyou_detail_004_kani=true&JigyosyoCd=0872102652-00&ServiceCd=150&Type=search", "url2": "https://www.karadalabo.com/" }, "geometry": { "type": "Point", "coordinates": [ 140.534197799999987, 36.424529499999984 ] } },
{ "type": "Feature", "properties": { "内容": "ディサービスラベンダー【通所介護】茨城県ひたちなか市馬渡2758-1", "url": "https://www.kaigokensaku.mhlw.go.jp/08/index.php?action_kouhyou_detail_004_kani=true&JigyosyoCd=0872100953-00&ServiceCd=150&Type=search", "url2": null }, "geometry": { "type": "Point", "coordinates": [ 140.564990844958629, 36.397194899670644 ] } },
{ "type": "Feature", "properties": { "内容": "本郷の森　デイサービス　おひさま館【通所介護】馬渡2758-1", "url": "https://www.kaigokensaku.mhlw.go.jp/08/index.php?action_kouhyou_detail_004_kani=true&JigyosyoCd=0872101571-00&ServiceCd=150&Type=search", "url2": "https://www.ohisamakan.com/" }, "geometry": { "type": "Point", "coordinates": [ 140.5657745, 36.3971685 ] } },
{ "type": "Feature", "properties": { "内容": "勝田ケアセンターそよ風【通所介護】茨城県ひたちなか市中根２４４４－１", "url": "https://www.kaigokensaku.mhlw.go.jp/08/index.php?action_kouhyou_detail_004_kani=true&JigyosyoCd=0872100805-00&ServiceCd=150&Type=search", "url2": null }, "geometry": { "type": "Point", "coordinates": [ 140.552818699999989, 36.389052 ] } },
{ "type": "Feature", "properties": { "内容": "ご長寿くらぶ　笹野Ⅰデイサービスセンター【通所介護】茨城県ひたちなか市笹野町3丁目1-6ご長寿くらぶ　笹野Ⅰ", "url": "https://www.kaigokensaku.mhlw.go.jp/08/index.php?action_kouhyou_detail_004_kani=true&JigyosyoCd=0872102231-00&ServiceCd=150&Type=search", "url2": "http://gotyoujyuclub.com/hometype/817" }, "geometry": { "type": "Point", "coordinates": [ 140.547166, 36.3955714 ] } },
{ "type": "Feature", "properties": { "内容": "ルアルデイサービス　ひたちなか【通所介護】41-1", "url": "https://www.kaigokensaku.mhlw.go.jp/08/index.php?action_kouhyou_detail_004_kani=true&JigyosyoCd=0872101662-00&ServiceCd=150&Type=search", "url2": "http://rosalith-kaigo.com" }, "geometry": { "type": "Point", "coordinates": [ 139.692638, 35.7707719 ] } },
{ "type": "Feature", "properties": { "内容": "ツクイ　ひたちなか【通所介護】茨城県ひたちなか市高場4-17-10", "url": "https://www.kaigokensaku.mhlw.go.jp/08/index.php?action_kouhyou_detail_004_kani=true&JigyosyoCd=0872100961-00&ServiceCd=150&Type=search", "url2": "https://www.tsukui.net/" }, "geometry": { "type": "Point", "coordinates": [ 140.538102214366631, 36.433339922161196 ] } },
{ "type": "Feature", "properties": { "内容": "サントピア鹿島デイサービスセンター【通所介護】茨城県鹿嶋市宮中５２００番地", "url": "https://www.kaigokensaku.mhlw.go.jp/08/index.php?action_kouhyou_detail_004_kani=true&JigyosyoCd=0872200175-00&ServiceCd=150&Type=search", "url2": "http://www.suntopia.jp" }, "geometry": { "type": "Point", "coordinates": [ 140.629936499999985, 35.96337 ] } },
{ "type": "Feature", "properties": { "内容": "在宅ケアセンター　ライフｉｎたかおざき　デイサービスセンター【通所介護】茨城県鹿嶋市平井1350-332", "url": "https://www.kaigokensaku.mhlw.go.jp/08/index.php?action_kouhyou_detail_004_kani=true&JigyosyoCd=0872200282-00&ServiceCd=150&Type=search", "url2": "http://suhamakai.or.jp/" }, "geometry": { "type": "Point", "coordinates": [ 140.659983499999953, 35.9593344 ] } },
{ "type": "Feature", "properties": { "内容": "セ・シボンかしま　デイサービスセンター【通所介護】茨城県鹿嶋市須賀１３５０－１", "url": "https://www.kaigokensaku.mhlw.go.jp/08/index.php?action_kouhyou_detail_004_kani=true&JigyosyoCd=0872200431-00&ServiceCd=150&Type=search", "url2": "http://shifuku.or.jp/cestsibon" }, "geometry": { "type": "Point", "coordinates": [ 140.623536699999931, 35.9782791 ] } },
{ "type": "Feature", "properties": { "内容": "デイサービスセンター大野の郷【通所介護】茨城県鹿嶋市大字和字治８２５番５", "url": "https://www.kaigokensaku.mhlw.go.jp/08/index.php?action_kouhyou_detail_004_kani=true&JigyosyoCd=0872200613-00&ServiceCd=150&Type=search", "url2": "https://kashimashi.net/oononosato/" }, "geometry": { "type": "Point", "coordinates": [ 140.611189, 36.0397483 ] } },
{ "type": "Feature", "properties": { "内容": "鹿嶋ほほえみデイサービスセンター【通所介護】茨城県鹿嶋市宮中2030-1鹿嶋ほほえみデイサービスセンター", "url": "https://www.kaigokensaku.mhlw.go.jp/08/index.php?action_kouhyou_detail_004_kani=true&JigyosyoCd=0872200761-00&ServiceCd=150&Type=search", "url2": null }, "geometry": { "type": "Point", "coordinates": [ 140.6453143, 35.967909700000014 ] } },
{ "type": "Feature", "properties": { "内容": "通所介護鹿嶋市デイサービスセンターウェルポート鹿嶋の郷【通所介護】茨城県鹿嶋市宮中4603番地1", "url": "https://www.kaigokensaku.mhlw.go.jp/08/index.php?action_kouhyou_detail_004_kani=true&JigyosyoCd=0872200159-00&ServiceCd=150&Type=search", "url2": "http://welport-kashima.jp" }, "geometry": { "type": "Point", "coordinates": [ 140.635410500000035, 35.9832061 ] } },
{ "type": "Feature", "properties": { "内容": "松寿園デイサービスセンター【通所介護】茨城県鹿嶋市武井1956-3", "url": "https://www.kaigokensaku.mhlw.go.jp/08/index.php?action_kouhyou_detail_004_kani=true&JigyosyoCd=0872200134-00&ServiceCd=150&Type=search", "url2": "http://matsukura-shojuen.jp/shojuen/" }, "geometry": { "type": "Point", "coordinates": [ 140.58403, 36.0564784 ] } },
{ "type": "Feature", "properties": { "内容": "帆の鹿通所介護事業所【通所介護】宮中350-1", "url": "https://www.kaigokensaku.mhlw.go.jp/08/index.php?action_kouhyou_detail_004_kani=true&JigyosyoCd=0875300204-00&ServiceCd=150&Type=search", "url2": "www.sinwakai.or.jp" }, "geometry": { "type": "Point", "coordinates": [ 140.6380441, 35.9624757 ] } },
{ "type": "Feature", "properties": { "内容": "デイサービス百寿【通所介護】茨城県鹿嶋市宮中２１８−２", "url": "https://www.kaigokensaku.mhlw.go.jp/08/index.php?action_kouhyou_detail_004_kani=true&JigyosyoCd=0872200977-00&ServiceCd=150&Type=search", "url2": "http://www.hyakujyu.com" }, "geometry": { "type": "Point", "coordinates": [ 140.63733770674591, 35.960820657127144 ] } },
{ "type": "Feature", "properties": { "内容": "デイサービスセンター　えんむすび【通所介護】牛堀707-3", "url": "https://www.kaigokensaku.mhlw.go.jp/08/index.php?action_kouhyou_detail_004_kani=true&JigyosyoCd=0872300363-00&ServiceCd=150&Type=search", "url2": "ties-of-people@enishi-enmusubi.com" }, "geometry": { "type": "Point", "coordinates": [ 140.518612299999972, 35.9633947 ] } },
{ "type": "Feature", "properties": { "内容": "家族の家ひまわり潮来通所介護事業所【通所介護】茨城県潮来市日の出7-9-22", "url": "https://www.kaigokensaku.mhlw.go.jp/08/index.php?action_kouhyou_detail_004_kani=true&JigyosyoCd=0872300447-00&ServiceCd=150&Type=search", "url2": "http://www.saneido.co.jp/" }, "geometry": { "type": "Point", "coordinates": [ 140.5672716, 35.9369628 ] } },
{ "type": "Feature", "properties": { "内容": "デイサービスセンター　いたこの郷【通所介護】潮来市大生字大生原　804番556", "url": "https://www.kaigokensaku.mhlw.go.jp/08/index.php?action_kouhyou_detail_004_kani=true&JigyosyoCd=0872300298-00&ServiceCd=150&Type=search", "url2": "http://www.itakonosato.com" }, "geometry": { "type": "Point", "coordinates": [ 140.551577358552549, 35.985904809436803 ] } },
{ "type": "Feature", "properties": { "内容": "福楽園デイサービスセンター通所介護事業所【通所介護】茨城県潮来市上戸１９２１－１", "url": "https://www.kaigokensaku.mhlw.go.jp/08/index.php?action_kouhyou_detail_004_kani=true&JigyosyoCd=0872300033-00&ServiceCd=150&Type=search", "url2": "http://www.fukurakuen.or.jp" }, "geometry": { "type": "Point", "coordinates": [ 140.537275, 35.9501777 ] } },
{ "type": "Feature", "properties": { "内容": "ふくふく潮来【通所介護】茨城県潮来市日の出４丁目２番６", "url": "https://www.kaigokensaku.mhlw.go.jp/08/index.php?action_kouhyou_detail_004_kani=true&JigyosyoCd=0872300496-00&ServiceCd=150&Type=search", "url2": "http://www.ns-group.co.jp" }, "geometry": { "type": "Point", "coordinates": [ 140.573746199999988, 35.9325748 ] } },
{ "type": "Feature", "properties": { "内容": "リハプライド　日の出【通所介護】茨城県潮来市日の出二丁目24番地25", "url": "https://www.kaigokensaku.mhlw.go.jp/08/index.php?action_kouhyou_detail_004_kani=true&JigyosyoCd=0872300413-00&ServiceCd=150&Type=search", "url2": "hinode@rehapride.co.jp" }, "geometry": { "type": "Point", "coordinates": [ 140.576983700000028, 35.934416 ] } },
{ "type": "Feature", "properties": { "内容": "ヤックスデイサービス潮来【通所介護】茨城県潮来市潮来1140-8", "url": "https://www.kaigokensaku.mhlw.go.jp/08/index.php?action_kouhyou_detail_004_kani=true&JigyosyoCd=0872300439-00&ServiceCd=150&Type=search", "url2": "http://www.yacs.jp/home/index.html" }, "geometry": { "type": "Point", "coordinates": [ 140.54824335581975, 35.943893832340805 ] } },
{ "type": "Feature", "properties": { "内容": "デイサービス　優善【通所介護】守谷市板戸井2538-1", "url": "https://www.kaigokensaku.mhlw.go.jp/08/index.php?action_kouhyou_detail_004_kani=true&JigyosyoCd=0872400486-00&ServiceCd=150&Type=search", "url2": "http://www.yuzen-japan,com" }, "geometry": { "type": "Point", "coordinates": [ 139.959337909492888, 35.965610724242154 ] } },
{ "type": "Feature", "properties": { "内容": "デイサービスセンターエクラシア守谷【通所介護】茨城県守谷市本町3434-3サービス付き高齢者向け住宅　エクラシア守谷", "url": "https://www.kaigokensaku.mhlw.go.jp/08/index.php?action_kouhyou_detail_004_kani=true&JigyosyoCd=0872401005-00&ServiceCd=150&Type=search", "url2": "e-moriya@welloff.co.jp" }, "geometry": { "type": "Point", "coordinates": [ 140.0031071, 35.934295 ] } },
{ "type": "Feature", "properties": { "内容": "アネシス・シャローム【通所介護】茨城県守谷市久保ヶ丘2-16-1", "url": "https://www.kaigokensaku.mhlw.go.jp/08/index.php?action_kouhyou_detail_004_kani=true&JigyosyoCd=0872401062-00&ServiceCd=150&Type=search", "url2": "http://care-net.biz/08/sasetotal/" }, "geometry": { "type": "Point", "coordinates": [ 139.9723174, 35.9670944 ] } },
{ "type": "Feature", "properties": { "内容": "日帰りサービス　花きりん【通所介護】茨城県守谷市立沢９５０番地1", "url": "https://www.kaigokensaku.mhlw.go.jp/08/index.php?action_kouhyou_detail_004_kani=true&JigyosyoCd=0872400288-00&ServiceCd=150&Type=search", "url2": "https://wellbee.biz/hanakirin/hanakirin.html" }, "geometry": { "type": "Point", "coordinates": [ 139.976515899999981, 35.9543454 ] } },
{ "type": "Feature", "properties": { "内容": "デイサービス　けやき台の家【通所介護】茨城県守谷市けやき台2-21-1", "url": "https://www.kaigokensaku.mhlw.go.jp/08/index.php?action_kouhyou_detail_004_kani=true&JigyosyoCd=0872400882-00&ServiceCd=150&Type=search", "url2": "http://keyakidai.com/" }, "geometry": { "type": "Point", "coordinates": [ 139.995784700000058, 35.9299211 ] } },
{ "type": "Feature", "properties": { "内容": "ご長寿くらぶ南守谷デイサービスセンター【通所介護】茨城県守谷市けやき台1-9-1", "url": "https://www.kaigokensaku.mhlw.go.jp/08/index.php?action_kouhyou_detail_004_kani=true&JigyosyoCd=0872401088-00&ServiceCd=150&Type=search", "url2": "https://gotyoujyuclub.com/hometype/ibaraki/moriya/7772" }, "geometry": { "type": "Point", "coordinates": [ 140.0002806, 35.9341897 ] } },
{ "type": "Feature", "properties": { "内容": "社会福祉法人　峰林会　ゆうゆうケア・ワン【通所介護】守谷市本町4216-1", "url": "https://www.kaigokensaku.mhlw.go.jp/08/index.php?action_kouhyou_detail_004_kani=true&JigyosyoCd=0872400205-00&ServiceCd=150&Type=search", "url2": "http://hourinkai.com/" }, "geometry": { "type": "Point", "coordinates": [ 140.006546899999989, 35.9367845 ] } },
{ "type": "Feature", "properties": { "内容": "デイサービス　あっとホーム【通所介護】茨城県守谷市立沢1163-44", "url": "https://www.kaigokensaku.mhlw.go.jp/08/index.php?action_kouhyou_detail_004_kani=true&JigyosyoCd=0872400726-00&ServiceCd=150&Type=search", "url2": null }, "geometry": { "type": "Point", "coordinates": [ 139.9723937, 35.9634025 ] } },
{ "type": "Feature", "properties": { "内容": "しあわせデイサービスima【通所介護】茨城県守谷市高野１６６１番地の１", "url": "https://www.kaigokensaku.mhlw.go.jp/08/index.php?action_kouhyou_detail_004_kani=true&JigyosyoCd=0872401112-00&ServiceCd=150&Type=search", "url2": "https://www.siawase-st.com/" }, "geometry": { "type": "Point", "coordinates": [ 139.9860354, 35.9313166 ] } },
{ "type": "Feature", "properties": { "内容": "からだはうすデイサービス結【通所介護】茨城県守谷市小山393-20", "url": "https://www.kaigokensaku.mhlw.go.jp/08/index.php?action_kouhyou_detail_004_kani=true&JigyosyoCd=0872401054-00&ServiceCd=150&Type=search", "url2": null }, "geometry": { "type": "Point", "coordinates": [ 140.007061326319871, 35.932241183600354 ] } },
{ "type": "Feature", "properties": { "内容": "ツクイ守谷【通所介護】茨城県守谷市松前台4-10-1", "url": "https://www.kaigokensaku.mhlw.go.jp/08/index.php?action_kouhyou_detail_004_kani=true&JigyosyoCd=0872400304-00&ServiceCd=150&Type=search", "url2": "http://www.tukui.net" }, "geometry": { "type": "Point", "coordinates": [ 139.975572, 35.9515333 ] } },
{ "type": "Feature", "properties": { "内容": "茨城リハビリテーション病院デイサービスセンター【通所介護】茨城県守谷市同地字仲山358-5茨城リハビリテーション病院デイサービスセンター", "url": "https://www.kaigokensaku.mhlw.go.jp/08/index.php?action_kouhyou_detail_004_kani=true&JigyosyoCd=0872400932-00&ServiceCd=150&Type=search", "url2": "https://ｗｗｗ.ymg-irh.jp" }, "geometry": { "type": "Point", "coordinates": [ 140.016596684516912, 35.953463808289328 ] } },
{ "type": "Feature", "properties": { "内容": "デイサービスここいち守谷【通所介護】茨城県守谷市本町3294-2", "url": "https://www.kaigokensaku.mhlw.go.jp/08/index.php?action_kouhyou_detail_004_kani=true&JigyosyoCd=0872400585-00&ServiceCd=150&Type=search", "url2": "https://isshin.gr.jp/index.php" }, "geometry": { "type": "Point", "coordinates": [ 139.999442754183974, 35.93946128796896 ] } },
{ "type": "Feature", "properties": { "内容": "からだはうす守谷【通所介護】茨城県守谷市小山393－1からだはうす守谷", "url": "https://www.kaigokensaku.mhlw.go.jp/08/index.php?action_kouhyou_detail_004_kani=true&JigyosyoCd=0872401070-00&ServiceCd=150&Type=search", "url2": "https://karadahouse-moriya.co.jp/" }, "geometry": { "type": "Point", "coordinates": [ 140.007442200000014, 35.9320935 ] } },
{ "type": "Feature", "properties": { "内容": "デイサービス「ぬくとばっこ」【通所介護】茨城県守谷市同地１７９番地の１３", "url": "https://www.kaigokensaku.mhlw.go.jp/08/index.php?action_kouhyou_detail_004_kani=true&JigyosyoCd=0872400171-00&ServiceCd=150&Type=search", "url2": "http://www.nukutobakko.com/" }, "geometry": { "type": "Point", "coordinates": [ 140.010092699999973, 35.9531826 ] } },
{ "type": "Feature", "properties": { "内容": "デイサービスセンターやまゆりの郷【通所介護】茨城県守谷市大山新田149-1", "url": "https://www.kaigokensaku.mhlw.go.jp/08/index.php?action_kouhyou_detail_004_kani=true&JigyosyoCd=0872400858-00&ServiceCd=150&Type=search", "url2": "http://yamayurinosato.org" }, "geometry": { "type": "Point", "coordinates": [ 139.964189224189823, 35.971835065099953 ] } },
{ "type": "Feature", "properties": { "内容": "デイサービス　すずかけの家【通所介護】茨城県常陸大宮市宇留野3108", "url": "https://www.kaigokensaku.mhlw.go.jp/08/index.php?action_kouhyou_detail_004_kani=true&JigyosyoCd=0872500376-00&ServiceCd=150&Type=search", "url2": "http://www.platanus.or.jp" }, "geometry": { "type": "Point", "coordinates": [ 140.418122399999987, 36.544171 ] } },
{ "type": "Feature", "properties": { "内容": "フロイデ総合在宅サポートセンター　大宮【通所介護】茨城県常陸大宮市上町３５３", "url": "https://www.kaigokensaku.mhlw.go.jp/08/index.php?action_kouhyou_detail_004_kani=true&JigyosyoCd=0872500467-00&ServiceCd=150&Type=search", "url2": "https://www.hakujinkai.com/" }, "geometry": { "type": "Point", "coordinates": [ 140.4129173, 36.5501033 ] } },
{ "type": "Feature", "properties": { "内容": "デイサービスセンター　みわ【通所介護】茨城県常陸大宮市鷲子２０２３－２", "url": "https://www.kaigokensaku.mhlw.go.jp/08/index.php?action_kouhyou_detail_004_kani=true&JigyosyoCd=0873300644-00&ServiceCd=150&Type=search", "url2": "bikoukai.com" }, "geometry": { "type": "Point", "coordinates": [ 140.2430733, 36.6648195 ] } },
{ "type": "Feature", "properties": { "内容": "デイサービスセンタードルフィン【通所介護】茨城県常陸大宮市泉４９７番地１", "url": "https://www.kaigokensaku.mhlw.go.jp/08/index.php?action_kouhyou_detail_004_kani=true&JigyosyoCd=0873300834-00&ServiceCd=150&Type=search", "url2": "http://www.dolphin-net.or.jp" }, "geometry": { "type": "Point", "coordinates": [ 140.425439099999949, 36.528401 ] } },
{ "type": "Feature", "properties": { "内容": "御前山デイサービスセンター【通所介護】茨城県常陸大宮市野口平146-1", "url": "https://www.kaigokensaku.mhlw.go.jp/08/index.php?action_kouhyou_detail_004_kani=true&JigyosyoCd=0873100663-00&ServiceCd=150&Type=search", "url2": "https://www.hakuyukai-sfg.com/gozenyama-dayservice.php" }, "geometry": { "type": "Point", "coordinates": [ 140.3383384, 36.5581032 ] } },
{ "type": "Feature", "properties": { "内容": "みのり園指定通所介護事業所【通所介護】茨城県常陸大宮市鷹巣2243-1", "url": "https://www.kaigokensaku.mhlw.go.jp/08/index.php?action_kouhyou_detail_004_kani=true&JigyosyoCd=0873300339-00&ServiceCd=150&Type=search", "url2": "https://minorien.or.jp" }, "geometry": { "type": "Point", "coordinates": [ 140.395882499999971, 36.573039 ] } },
{ "type": "Feature", "properties": { "内容": "フロイデ総合在宅サポートセンター山方【通所介護】茨城県常陸大宮市山方１３６１", "url": "https://www.kaigokensaku.mhlw.go.jp/08/index.php?action_kouhyou_detail_004_kani=true&JigyosyoCd=0872500152-00&ServiceCd=150&Type=search", "url2": "http:/www.hakujinkai.com/" }, "geometry": { "type": "Point", "coordinates": [ 140.398589300000026, 36.614206 ] } },
{ "type": "Feature", "properties": { "内容": "フロイデ総合在宅サポートセンター緒川【通所介護】茨城県常陸大宮市上小瀬ビンツル１４１７－１", "url": "https://www.kaigokensaku.mhlw.go.jp/08/index.php?action_kouhyou_detail_004_kani=true&JigyosyoCd=0872500111-00&ServiceCd=150&Type=search", "url2": "http:/www.hakujinkai.com/" }, "geometry": { "type": "Point", "coordinates": [ 140.325598, 36.602411 ] } },
{ "type": "Feature", "properties": { "内容": "美和デイサービスセンター【通所介護】茨城県常陸大宮市鷲子６８６－１", "url": "https://www.kaigokensaku.mhlw.go.jp/08/index.php?action_kouhyou_detail_004_kani=true&JigyosyoCd=0872500061-00&ServiceCd=150&Type=search", "url2": "http://www.hakuyukai-sfg.com/" }, "geometry": { "type": "Point", "coordinates": [ 140.269890700000019, 36.6542851 ] } },
{ "type": "Feature", "properties": { "内容": "ケアサポート希望の丘デイサービスセンター【通所介護】茨城県那珂市横堀1632", "url": "https://www.kaigokensaku.mhlw.go.jp/08/index.php?action_kouhyou_detail_004_kani=true&JigyosyoCd=0872600580-00&ServiceCd=150&Type=search", "url2": "http://www.trust-caresupport.com" }, "geometry": { "type": "Point", "coordinates": [ 140.513235653303525, 36.46857644604772 ] } },
{ "type": "Feature", "properties": { "内容": "ケアステーションあさひ那珂【通所介護】茨城県那珂市菅谷4034番8", "url": "https://www.kaigokensaku.mhlw.go.jp/08/index.php?action_kouhyou_detail_004_kani=true&JigyosyoCd=0872600556-00&ServiceCd=150&Type=search", "url2": "http://www.vati.co.jp/" }, "geometry": { "type": "Point", "coordinates": [ 140.498470399999974, 36.4365835 ] } },
{ "type": "Feature", "properties": { "内容": "ケアサポート太陽の丘【通所介護】茨城県那額田南郷2381-18", "url": "https://www.kaigokensaku.mhlw.go.jp/08/index.php?action_kouhyou_detail_004_kani=true&JigyosyoCd=0872600655-00&ServiceCd=150&Type=search", "url2": null }, "geometry": { "type": "Point", "coordinates": [ 140.5156815, 36.4746574 ] } },
{ "type": "Feature", "properties": { "内容": "デイサービスセンターひまわり【通所介護】茨城県那珂市菅谷697-1", "url": "https://www.kaigokensaku.mhlw.go.jp/08/index.php?action_kouhyou_detail_004_kani=true&JigyosyoCd=0872600663-00&ServiceCd=150&Type=search", "url2": "https://seishin-himawarinoie.com" }, "geometry": { "type": "Point", "coordinates": [ 140.5031696, 36.4538958 ] } },
{ "type": "Feature", "properties": { "内容": "ナザレ園デイサービスセンター【通所介護】茨城県那珂市中里３４２番地７", "url": "https://www.kaigokensaku.mhlw.go.jp/08/index.php?action_kouhyou_detail_004_kani=true&JigyosyoCd=0873300321-00&ServiceCd=150&Type=search", "url2": null }, "geometry": { "type": "Point", "coordinates": [ 140.456549399999972, 36.4852451 ] } },
{ "type": "Feature", "properties": { "内容": "指定通所介護事業所　デイサービスセンター　ひまわり荘【通所介護】茨城県那珂市後台2042-1", "url": "https://www.kaigokensaku.mhlw.go.jp/08/index.php?action_kouhyou_detail_004_kani=true&JigyosyoCd=0873300461-00&ServiceCd=150&Type=search", "url2": "http://www.houjyunkai.or.jp" }, "geometry": { "type": "Point", "coordinates": [ 140.475389473541298, 36.437571286766563 ] } },
{ "type": "Feature", "properties": { "内容": "ファミーユぽっかぽか【通所介護】茨城県那珂市菅谷964-1サービス付き高齢者向け住宅ファミーユぽっかぽか", "url": "https://www.kaigokensaku.mhlw.go.jp/08/index.php?action_kouhyou_detail_004_kani=true&JigyosyoCd=0872600432-00&ServiceCd=150&Type=search", "url2": null }, "geometry": { "type": "Point", "coordinates": [ 140.511543578031905, 36.448941386533406 ] } },
{ "type": "Feature", "properties": { "内容": "デイサービスセンター　元気リハビリ　しなやか【通所介護】茨城県那珂市後台３２５２－１", "url": "https://www.kaigokensaku.mhlw.go.jp/08/index.php?action_kouhyou_detail_004_kani=true&JigyosyoCd=0872600507-00&ServiceCd=150&Type=search", "url2": "http://www.houjyunkai.or.jp/" }, "geometry": { "type": "Point", "coordinates": [ 140.494822497930983, 36.42021723302063 ] } },
{ "type": "Feature", "properties": { "内容": "デイサービスセンターひばりヶ丘【通所介護】茨城県那珂市菅谷528", "url": "https://www.kaigokensaku.mhlw.go.jp/08/index.php?action_kouhyou_detail_004_kani=true&JigyosyoCd=0872600101-00&ServiceCd=150&Type=search", "url2": "https://hibarigaoka.seitoukai-ibaraki.com/" }, "geometry": { "type": "Point", "coordinates": [ 140.496139, 36.4608436 ] } },
{ "type": "Feature", "properties": { "内容": "県西せいかん荘指定通所介護事業所【通所介護】茨城県筑西市蓬田241", "url": "https://www.kaigokensaku.mhlw.go.jp/08/index.php?action_kouhyou_detail_004_kani=true&JigyosyoCd=0874100126-00&ServiceCd=150&Type=search", "url2": null }, "geometry": { "type": "Point", "coordinates": [ 140.041555, 36.3600451 ] } },
{ "type": "Feature", "properties": { "内容": "デイサービスセンターVIVIDちくせい【通所介護】茨城県筑西市嘉家佐和1924-1", "url": "https://www.kaigokensaku.mhlw.go.jp/08/index.php?action_kouhyou_detail_004_kani=true&JigyosyoCd=0872701149-00&ServiceCd=150&Type=search", "url2": null }, "geometry": { "type": "Point", "coordinates": [ 139.9728704, 36.2654977 ] } },
{ "type": "Feature", "properties": { "内容": "しらとりハワイアンデイ【通所介護】茨城県筑西市上平塚748-1", "url": "https://www.kaigokensaku.mhlw.go.jp/08/index.php?action_kouhyou_detail_004_kani=true&JigyosyoCd=0872700034-00&ServiceCd=150&Type=search", "url2": "http://www.shiratori-hawaiianday.jp/" }, "geometry": { "type": "Point", "coordinates": [ 139.928175665467847, 36.319984811425797 ] } },
{ "type": "Feature", "properties": { "内容": "あずみ苑　下館【通所介護】筑西市岡芹2130", "url": "https://www.kaigokensaku.mhlw.go.jp/08/index.php?action_kouhyou_detail_004_kani=true&JigyosyoCd=0872700364-00&ServiceCd=150&Type=search", "url2": "www.kaigokensaku.mhlw.go.jp" }, "geometry": { "type": "Point", "coordinates": [ 139.9715022, 36.316513 ] } },
{ "type": "Feature", "properties": { "内容": "まごころ介護サービス【通所介護】茨城県筑西市倉持1160番地５", "url": "https://www.kaigokensaku.mhlw.go.jp/08/index.php?action_kouhyou_detail_004_kani=true&JigyosyoCd=0872701230-00&ServiceCd=150&Type=search", "url2": null }, "geometry": { "type": "Point", "coordinates": [ 140.0260739, 36.2413423 ] } },
{ "type": "Feature", "properties": { "内容": "デイサービスセンター　いきいき【通所介護】茨城県筑西市八丁台457", "url": "https://www.kaigokensaku.mhlw.go.jp/08/index.php?action_kouhyou_detail_004_kani=true&JigyosyoCd=0872700281-00&ServiceCd=150&Type=search", "url2": "http://www.nakadateen.com" }, "geometry": { "type": "Point", "coordinates": [ 139.974415200000067, 36.3258638 ] } },
{ "type": "Feature", "properties": { "内容": "コスモス指定通所介護事業所【通所介護】茨城県筑西市宮後504-1", "url": "https://www.kaigokensaku.mhlw.go.jp/08/index.php?action_kouhyou_detail_004_kani=true&JigyosyoCd=0872701040-00&ServiceCd=150&Type=search", "url2": "https://hp.kaipoke.biz/0fe/" }, "geometry": { "type": "Point", "coordinates": [ 140.056688300000019, 36.2691592 ] } },
{ "type": "Feature", "properties": { "内容": "デイサービスセンターまごころの杜【通所介護】茨城県筑西市西方1667番地", "url": "https://www.kaigokensaku.mhlw.go.jp/08/index.php?action_kouhyou_detail_004_kani=true&JigyosyoCd=0872701099-00&ServiceCd=150&Type=search", "url2": "http://sekiyoukai.or.jp/" }, "geometry": { "type": "Point", "coordinates": [ 139.951505520203, 36.288799882139429 ] } },
{ "type": "Feature", "properties": { "内容": "下館ケアセンターそよ風【通所介護】筑西市甲　44", "url": "https://www.kaigokensaku.mhlw.go.jp/08/index.php?action_kouhyou_detail_004_kani=true&JigyosyoCd=0870600319-00&ServiceCd=150&Type=search", "url2": "https://www.sykz.co.jp" }, "geometry": { "type": "Point", "coordinates": [ 139.978121, 36.308541 ] } },
{ "type": "Feature", "properties": { "内容": "Re笑サービス　レストーレ下館【通所介護】筑西市菅谷1637", "url": "https://www.kaigokensaku.mhlw.go.jp/08/index.php?action_kouhyou_detail_004_kani=true&JigyosyoCd=0872700562-00&ServiceCd=150&Type=search", "url2": "http://www.jahos.jp/restaurer/shimodate/" }, "geometry": { "type": "Point", "coordinates": [ 139.9697391, 36.3071736 ] } },
{ "type": "Feature", "properties": { "内容": "筑圃苑デイサービスセンター【通所介護】筑西市木戸354番地", "url": "https://www.kaigokensaku.mhlw.go.jp/08/index.php?action_kouhyou_detail_004_kani=true&JigyosyoCd=0874100340-00&ServiceCd=150&Type=search", "url2": "http://ohata-hospital.jp/tsukuhoen/" }, "geometry": { "type": "Point", "coordinates": [ 139.980698199999978, 36.2450322 ] } },
{ "type": "Feature", "properties": { "内容": "デイサービスセンターえみあす二木成【通所介護】茨城県筑西市二木成８２７", "url": "https://www.kaigokensaku.mhlw.go.jp/08/index.php?action_kouhyou_detail_004_kani=true&JigyosyoCd=0872700919-00&ServiceCd=150&Type=search", "url2": "https://www.sekisho-ls.co.jp" }, "geometry": { "type": "Point", "coordinates": [ 139.97374949999994, 36.2969117 ] } },
{ "type": "Feature", "properties": { "内容": "宮山公園福祉センター　さくら荘　通所介護事業所【通所介護】茨城県筑西市宮山３８１－１", "url": "https://www.kaigokensaku.mhlw.go.jp/08/index.php?action_kouhyou_detail_004_kani=true&JigyosyoCd=0872700414-00&ServiceCd=150&Type=search", "url2": "http://www.shiun.or.jp" }, "geometry": { "type": "Point", "coordinates": [ 140.047564500000021, 36.2567323 ] } },
{ "type": "Feature", "properties": { "内容": "デイサービスセンター楽フィット筑西【通所介護】茨城県筑西市蕨317-1", "url": "https://www.kaigokensaku.mhlw.go.jp/08/index.php?action_kouhyou_detail_004_kani=true&JigyosyoCd=0872700695-00&ServiceCd=150&Type=search", "url2": "https://www.sekisho-ls.co.jp/" }, "geometry": { "type": "Point", "coordinates": [ 139.993726070500202, 36.29645209412233 ] } },
{ "type": "Feature", "properties": { "内容": "桜づつみ【通所介護】茨城県筑西市小林465-1", "url": "https://www.kaigokensaku.mhlw.go.jp/08/index.php?action_kouhyou_detail_004_kani=true&JigyosyoCd=0870600509-00&ServiceCd=150&Type=search", "url2": "http://www.intio.or.jp/gogyo/miyatacl.html" }, "geometry": { "type": "Point", "coordinates": [ 139.979201099999955, 36.3199064 ] } },
{ "type": "Feature", "properties": { "内容": "ふれんど筑西デイサービスセンター【通所介護】茨城県筑西市玉戸　1015-5", "url": "https://www.kaigokensaku.mhlw.go.jp/08/index.php?action_kouhyou_detail_004_kani=true&JigyosyoCd=0872700372-00&ServiceCd=150&Type=search", "url2": "http://www.f-pw.jp" }, "geometry": { "type": "Point", "coordinates": [ 139.944307799999933, 36.2927336 ] } },
{ "type": "Feature", "properties": { "内容": "恒幸園デイサービスセンター【通所介護】筑西市向川澄98番地1", "url": "https://www.kaigokensaku.mhlw.go.jp/08/index.php?action_kouhyou_detail_004_kani=true&JigyosyoCd=0874100530-00&ServiceCd=150&Type=search", "url2": "http://www.kohtokukai.jp/" }, "geometry": { "type": "Point", "coordinates": [ 140.012675, 36.3292229 ] } },
{ "type": "Feature", "properties": { "内容": "アプローズ筑西デイサービスセンター【通所介護】茨城県筑西市深見447-10", "url": "https://www.kaigokensaku.mhlw.go.jp/08/index.php?action_kouhyou_detail_004_kani=true&JigyosyoCd=0872701297-00&ServiceCd=150&Type=search", "url2": null }, "geometry": { "type": "Point", "coordinates": [ 140.009036400000014, 36.2885625 ] } },
{ "type": "Feature", "properties": { "内容": "ケアワクReライズ【通所介護】関本中54-4", "url": "https://www.kaigokensaku.mhlw.go.jp/08/index.php?action_kouhyou_detail_004_kani=true&JigyosyoCd=0872701321-00&ServiceCd=150&Type=search", "url2": null }, "geometry": { "type": "Point", "coordinates": [ 139.915198600000025, 36.2505023 ] } },
{ "type": "Feature", "properties": { "内容": "デイサロン　リハ＆スパ【通所介護】沓掛4347-1", "url": "https://www.kaigokensaku.mhlw.go.jp/08/index.php?action_kouhyou_detail_004_kani=true&JigyosyoCd=0872800420-00&ServiceCd=150&Type=search", "url2": "https://daysalon.jimdofree.com/" }, "geometry": { "type": "Point", "coordinates": [ 139.8971963, 36.0951468 ] } },
{ "type": "Feature", "properties": { "内容": "リハビリセンターここから【通所介護】茨城県坂東市辺田631-2", "url": "https://www.kaigokensaku.mhlw.go.jp/08/index.php?action_kouhyou_detail_004_kani=true&JigyosyoCd=0872800321-00&ServiceCd=150&Type=search", "url2": null }, "geometry": { "type": "Point", "coordinates": [ 139.8960854209015, 36.034399445751113 ] } },
{ "type": "Feature", "properties": { "内容": "こもれびの宿人と木【通所介護】茨城県坂東市半谷688-1", "url": "https://www.kaigokensaku.mhlw.go.jp/08/index.php?action_kouhyou_detail_004_kani=true&JigyosyoCd=0872800529-00&ServiceCd=150&Type=search", "url2": null }, "geometry": { "type": "Point", "coordinates": [ 139.878058228836039, 36.099902537605459 ] } },
{ "type": "Feature", "properties": { "内容": "あっとホーム　リハビリケア【通所介護】茨城県坂東市神田山1278-1", "url": "https://www.kaigokensaku.mhlw.go.jp/08/index.php?action_kouhyou_detail_004_kani=true&JigyosyoCd=0872800446-00&ServiceCd=150&Type=search", "url2": "https://deisa-bisu-attoho-mu.jimdofree.com/" }, "geometry": { "type": "Point", "coordinates": [ 139.9136264, 36.0362418 ] } },
{ "type": "Feature", "properties": { "内容": "あずみ苑岩井【通所介護】茨城県坂東市岩井1823-1", "url": "https://www.kaigokensaku.mhlw.go.jp/08/index.php?action_kouhyou_detail_004_kani=true&JigyosyoCd=0872800164-00&ServiceCd=150&Type=search", "url2": "https://www.azumien.jp/search/iwai/" }, "geometry": { "type": "Point", "coordinates": [ 139.8893112, 36.0568454 ] } },
{ "type": "Feature", "properties": { "内容": "アプローズ・坂東デイサービスセンター【通所介護】茨城県坂東市岩井2938-1", "url": "https://www.kaigokensaku.mhlw.go.jp/08/index.php?action_kouhyou_detail_004_kani=true&JigyosyoCd=0872800404-00&ServiceCd=150&Type=search", "url2": null }, "geometry": { "type": "Point", "coordinates": [ 139.881090299999983, 36.0521989 ] } },
{ "type": "Feature", "properties": { "内容": "延寿館デイサービスセンター【通所介護】茨城県坂東市長須1188-2", "url": "https://www.kaigokensaku.mhlw.go.jp/08/index.php?action_kouhyou_detail_004_kani=true&JigyosyoCd=0872800271-00&ServiceCd=150&Type=search", "url2": "http://www.enjyukan.or.jp" }, "geometry": { "type": "Point", "coordinates": [ 139.849959300000023, 36.053309 ] } },
{ "type": "Feature", "properties": { "内容": "通所介護事業所　ハートフル広侖【通所介護】茨城県坂東市小山２５８", "url": "https://www.kaigokensaku.mhlw.go.jp/08/index.php?action_kouhyou_detail_004_kani=true&JigyosyoCd=0871800058-00&ServiceCd=150&Type=search", "url2": "https://www.heartful-kourin.com/" }, "geometry": { "type": "Point", "coordinates": [ 139.878233799999947, 36.0160301 ] } },
{ "type": "Feature", "properties": { "内容": "デイサービスセンター　長寿の里【通所介護】茨城県坂東市中里１２１３番地", "url": "https://www.kaigokensaku.mhlw.go.jp/08/index.php?action_kouhyou_detail_004_kani=true&JigyosyoCd=0871800157-00&ServiceCd=150&Type=search", "url2": "hpp://ww.housikai.or.jp" }, "geometry": { "type": "Point", "coordinates": [ 139.90089230000001, 36.022807899999982 ] } },
{ "type": "Feature", "properties": { "内容": "通所介護事業所トリアネイ【通所介護】茨城県稲敷市江戸崎甲1233-3", "url": "https://www.kaigokensaku.mhlw.go.jp/08/index.php?action_kouhyou_detail_004_kani=true&JigyosyoCd=0872900493-00&ServiceCd=150&Type=search", "url2": "https://trianaei.jp/" }, "geometry": { "type": "Point", "coordinates": [ 140.315311654304594, 35.972885353015421 ] } },
{ "type": "Feature", "properties": { "内容": "通所介護事業所こころの家【通所介護】稲敷市清久島１０３２", "url": "https://www.kaigokensaku.mhlw.go.jp/08/index.php?action_kouhyou_detail_004_kani=true&JigyosyoCd=0872900261-00&ServiceCd=150&Type=search", "url2": null }, "geometry": { "type": "Point", "coordinates": [ 140.381618500000059, 35.9129673 ] } },
{ "type": "Feature", "properties": { "内容": "デイサービスセンター　すだちの里【通所介護】稲敷市蒲ヶ山77番地", "url": "https://www.kaigokensaku.mhlw.go.jp/08/index.php?action_kouhyou_detail_004_kani=true&JigyosyoCd=0873800528-00&ServiceCd=150&Type=search", "url2": "http://www.sudachi.or.jp" }, "geometry": { "type": "Point", "coordinates": [ 140.275175900000022, 35.9694731 ] } },
{ "type": "Feature", "properties": { "内容": "太陽と鳩たち【通所介護】茨城県稲敷市佐倉1032", "url": "https://www.kaigokensaku.mhlw.go.jp/08/index.php?action_kouhyou_detail_004_kani=true&JigyosyoCd=0872900386-00&ServiceCd=150&Type=search", "url2": "http://www.taiyo-tohato.or.jp" }, "geometry": { "type": "Point", "coordinates": [ 140.325182, 35.9867755 ] } },
{ "type": "Feature", "properties": { "内容": "デイサービスセンターエビハラ【通所介護】茨城県稲敷市西代1368-1", "url": "https://www.kaigokensaku.mhlw.go.jp/08/index.php?action_kouhyou_detail_004_kani=true&JigyosyoCd=0872900097-00&ServiceCd=150&Type=search", "url2": null }, "geometry": { "type": "Point", "coordinates": [ 140.4837852, 35.9222037 ] } },
{ "type": "Feature", "properties": { "内容": "指定通所介護事業所水郷荘【通所介護】茨城県稲敷市幸田1252", "url": "https://www.kaigokensaku.mhlw.go.jp/08/index.php?action_kouhyou_detail_004_kani=true&JigyosyoCd=0873800346-00&ServiceCd=150&Type=search", "url2": "http://suigosou.com/" }, "geometry": { "type": "Point", "coordinates": [ 140.38690280000003, 35.9408101 ] } },
{ "type": "Feature", "properties": { "内容": "福祉サービスみどりあずま【通所介護】茨城県稲敷市東大沼626番地2", "url": "https://www.kaigokensaku.mhlw.go.jp/08/index.php?action_kouhyou_detail_004_kani=true&JigyosyoCd=0872900238-00&ServiceCd=150&Type=search", "url2": "http://fukushi-midori.com/" }, "geometry": { "type": "Point", "coordinates": [ 140.365013200000021, 35.9370432 ] } },
{ "type": "Feature", "properties": { "内容": "福祉サービスみどりしんとね【通所介護】茨城県稲敷市柴崎54番地2", "url": "https://www.kaigokensaku.mhlw.go.jp/08/index.php?action_kouhyou_detail_004_kani=true&JigyosyoCd=0872900360-00&ServiceCd=150&Type=search", "url2": "http://fukushi-midori.com/" }, "geometry": { "type": "Point", "coordinates": [ 140.301751500000023, 35.9035634 ] } },
{ "type": "Feature", "properties": { "内容": "愛あゆみデイサービス佐倉【通所介護】佐倉３１３３番地１", "url": "https://www.kaigokensaku.mhlw.go.jp/08/index.php?action_kouhyou_detail_004_kani=true&JigyosyoCd=0872900584-00&ServiceCd=150&Type=search", "url2": null }, "geometry": { "type": "Point", "coordinates": [ 140.324070869202131, 35.977400803556378 ] } },
{ "type": "Feature", "properties": { "内容": "デイサービスはあとりんく【通所介護】茨城県稲敷市八筋川593", "url": "https://www.kaigokensaku.mhlw.go.jp/08/index.php?action_kouhyou_detail_004_kani=true&JigyosyoCd=0872900378-00&ServiceCd=150&Type=search", "url2": "http://heart-link.co.jp/" }, "geometry": { "type": "Point", "coordinates": [ 140.489685720936507, 35.947637639229889 ] } },
{ "type": "Feature", "properties": { "内容": "ヤックスデイサービス新利根【通所介護】茨城県稲敷市角崎1672", "url": "https://www.kaigokensaku.mhlw.go.jp/08/index.php?action_kouhyou_detail_004_kani=true&JigyosyoCd=0872900519-00&ServiceCd=150&Type=search", "url2": "https://care-yacs.co.jp/" }, "geometry": { "type": "Point", "coordinates": [ 140.2867089, 35.9058262 ] } },
{ "type": "Feature", "properties": { "内容": "通所介護事業所　筑水苑かすみがうら【通所介護】茨城県かすみがうら市宍倉6150-5", "url": "https://www.kaigokensaku.mhlw.go.jp/08/index.php?action_kouhyou_detail_004_kani=true&JigyosyoCd=0873000392-00&ServiceCd=150&Type=search", "url2": "http://www.tikusuien.jp/kasumigaura/about/" }, "geometry": { "type": "Point", "coordinates": [ 140.260799300000031, 36.1233378 ] } },
{ "type": "Feature", "properties": { "内容": "デイサービス　若葉【通所介護】茨城県かすみがうら市牛渡3275-15", "url": "https://www.kaigokensaku.mhlw.go.jp/08/index.php?action_kouhyou_detail_004_kani=true&JigyosyoCd=0873000186-00&ServiceCd=150&Type=search", "url2": "https://www.aoba-wakaba.net/" }, "geometry": { "type": "Point", "coordinates": [ 140.349990120901452, 36.066221307637306 ] } },
{ "type": "Feature", "properties": { "内容": "一生の杜デイリハビリセンター【通所介護】茨城県かすみがうら市宍倉5696-3", "url": "https://www.kaigokensaku.mhlw.go.jp/08/index.php?action_kouhyou_detail_004_kani=true&JigyosyoCd=0873000459-00&ServiceCd=150&Type=search", "url2": "https://www.meigakukai.net" }, "geometry": { "type": "Point", "coordinates": [ 140.270978500000012, 36.130474 ] } },
{ "type": "Feature", "properties": { "内容": "デイサービスセンター　プルミエールひたち野２号館【通所介護】茨城県かすみがうら市稲吉二丁目２１番７号", "url": "https://www.kaigokensaku.mhlw.go.jp/08/index.php?action_kouhyou_detail_004_kani=true&JigyosyoCd=0873900567-00&ServiceCd=150&Type=search", "url2": "http://www.premierehitachino2.com/" }, "geometry": { "type": "Point", "coordinates": [ 140.245504271164009, 36.122344772076389 ] } },
{ "type": "Feature", "properties": { "内容": "社会福祉法人　聖隷会　デイサービス　霞ヶ浦の里【通所介護】茨城県かすみがうら市男神356番地１", "url": "https://www.kaigokensaku.mhlw.go.jp/08/index.php?action_kouhyou_detail_004_kani=true&JigyosyoCd=0873900492-00&ServiceCd=150&Type=search", "url2": "https://www.seireikai.jp/" }, "geometry": { "type": "Point", "coordinates": [ 140.345545899999934, 36.0883939 ] } },
{ "type": "Feature", "properties": { "内容": "株式会社デイステーションにこにこ【通所介護】茨城県桜川市明日香2-28", "url": "https://www.kaigokensaku.mhlw.go.jp/08/index.php?action_kouhyou_detail_004_kani=true&JigyosyoCd=0875100349-00&ServiceCd=150&Type=search", "url2": null }, "geometry": { "type": "Point", "coordinates": [ 140.109452855308234, 36.365210360263077 ] } },
{ "type": "Feature", "properties": { "内容": "桜川市社協岩瀬指定通所介護事業所【通所介護】茨城県桜川市鍬田６１２番地岩瀬福祉センター内", "url": "https://www.kaigokensaku.mhlw.go.jp/08/index.php?action_kouhyou_detail_004_kani=true&JigyosyoCd=0875100083-00&ServiceCd=150&Type=search", "url2": "http://sakuragawa-syakyo.com/hoken.html" }, "geometry": { "type": "Point", "coordinates": [ 140.099870199999941, 36.3617902 ] } },
{ "type": "Feature", "properties": { "内容": "岩瀬ケアセンターそよ風【通所介護】桜川市岩瀬30-2", "url": "https://www.kaigokensaku.mhlw.go.jp/08/index.php?action_kouhyou_detail_004_kani=true&JigyosyoCd=0873200356-00&ServiceCd=150&Type=search", "url2": null }, "geometry": { "type": "Point", "coordinates": [ 140.1120774, 36.3605288 ] } },
{ "type": "Feature", "properties": { "内容": "デイサービスセンターひばり【通所介護】茨城県桜川市友部951-1", "url": "https://www.kaigokensaku.mhlw.go.jp/08/index.php?action_kouhyou_detail_004_kani=true&JigyosyoCd=0875100372-00&ServiceCd=150&Type=search", "url2": "https://www.kantoshigen.co.jp/hibari/" }, "geometry": { "type": "Point", "coordinates": [ 140.143137700000011, 36.3582788 ] } },
{ "type": "Feature", "properties": { "内容": "スミハツサービス株式会社【通所介護】茨城県桜川市阿部田323番地", "url": "https://www.kaigokensaku.mhlw.go.jp/08/index.php?action_kouhyou_detail_004_kani=true&JigyosyoCd=0874100407-00&ServiceCd=150&Type=search", "url2": "http://hp.kaipoke.biz/x6v/index.html" }, "geometry": { "type": "Point", "coordinates": [ 140.0956827, 36.322776 ] } },
{ "type": "Feature", "properties": { "内容": "がじゅまるデイサービス【通所介護】茨城県桜川市真壁町桜井765番地2", "url": "https://www.kaigokensaku.mhlw.go.jp/08/index.php?action_kouhyou_detail_004_kani=true&JigyosyoCd=0875100422-00&ServiceCd=150&Type=search", "url2": "https://ajyuga-sakuragawa.co.jp/" }, "geometry": { "type": "Point", "coordinates": [ 140.107008500000035, 36.2779316 ] } },
{ "type": "Feature", "properties": { "内容": "Re笑サービス　レストーレ岩瀬【通所介護】茨城県桜川市東桜川3-33", "url": "https://www.kaigokensaku.mhlw.go.jp/08/index.php?action_kouhyou_detail_004_kani=true&JigyosyoCd=0875100299-00&ServiceCd=150&Type=search", "url2": "http://www.jahos.jp/restaurer/" }, "geometry": { "type": "Point", "coordinates": [ 140.116518199999973, 36.3616017 ] } },
{ "type": "Feature", "properties": { "内容": "アンダンテ神栖通所介護【通所介護】茨城県神栖市土合南1-8-21", "url": "https://www.kaigokensaku.mhlw.go.jp/08/index.php?action_kouhyou_detail_004_kani=true&JigyosyoCd=0875200859-00&ServiceCd=150&Type=search", "url2": null }, "geometry": { "type": "Point", "coordinates": [ 140.773609299999947, 35.7856918 ] } },
{ "type": "Feature", "properties": { "内容": "デイサービス　おざいしょひばり【通所介護】茨城県神栖市知手5171-2", "url": "https://www.kaigokensaku.mhlw.go.jp/08/index.php?action_kouhyou_detail_004_kani=true&JigyosyoCd=0875200875-00&ServiceCd=150&Type=search", "url2": null }, "geometry": { "type": "Point", "coordinates": [ 140.683147177775055, 35.869954424692935 ] } },
{ "type": "Feature", "properties": { "内容": "デイサービス碧の郷【通所介護】息栖3079-782", "url": "https://www.kaigokensaku.mhlw.go.jp/08/index.php?action_kouhyou_detail_004_kani=true&JigyosyoCd=0875200453-00&ServiceCd=150&Type=search", "url2": "http://harvestseason.jp/" }, "geometry": { "type": "Point", "coordinates": [ 140.622370199999978, 35.8827735 ] } },
{ "type": "Feature", "properties": { "内容": "デイサービス喜多村【通所介護】茨城県神栖市柳川3484-2", "url": "https://www.kaigokensaku.mhlw.go.jp/08/index.php?action_kouhyou_detail_004_kani=true&JigyosyoCd=0875200750-00&ServiceCd=150&Type=search", "url2": "https://union-care.info/" }, "geometry": { "type": "Point", "coordinates": [ 140.725422966864812, 35.874684537109665 ] } },
{ "type": "Feature", "properties": { "内容": "ふくふく波崎【通所介護】茨城県神栖市波崎7505番3", "url": "https://www.kaigokensaku.mhlw.go.jp/08/index.php?action_kouhyou_detail_004_kani=true&JigyosyoCd=0875201006-00&ServiceCd=150&Type=search", "url2": "http://ns-group.co.jp/kaigohasaki/" }, "geometry": { "type": "Point", "coordinates": [ 140.828242499999988, 35.7485363 ] } },
{ "type": "Feature", "properties": { "内容": "デイサービスセンター　オレンジノート【通所介護】茨城県神栖市堀割2-26-31", "url": "https://www.kaigokensaku.mhlw.go.jp/08/index.php?action_kouhyou_detail_004_kani=true&JigyosyoCd=0875200040-00&ServiceCd=150&Type=search", "url2": "http://www.koujikai.or.jp/" }, "geometry": { "type": "Point", "coordinates": [ 140.634095399999978, 35.9255885 ] } },
{ "type": "Feature", "properties": { "内容": "デイサービスセンター白寿荘【通所介護】神栖市賀2148-112", "url": "https://www.kaigokensaku.mhlw.go.jp/08/index.php?action_kouhyou_detail_004_kani=true&JigyosyoCd=0873600266-00&ServiceCd=150&Type=search", "url2": "http://www.hakujuji.or.jp/shsetu/kasima-hakujuso.html" }, "geometry": { "type": "Point", "coordinates": [ 140.624006206745918, 35.901083831790224 ] } },
{ "type": "Feature", "properties": { "内容": "デイサービスセンター　母里【通所介護】茨城県神栖市太田568-27", "url": "https://www.kaigokensaku.mhlw.go.jp/08/index.php?action_kouhyou_detail_004_kani=true&JigyosyoCd=0875200024-00&ServiceCd=150&Type=search", "url2": "http://fglow.jp/" }, "geometry": { "type": "Point", "coordinates": [ 140.71633989999998, 35.8363075 ] } },
{ "type": "Feature", "properties": { "内容": "デイサービスセンターやすべー【通所介護】平泉903-30", "url": "https://www.kaigokensaku.mhlw.go.jp/08/index.php?action_kouhyou_detail_004_kani=true&JigyosyoCd=0875200370-00&ServiceCd=150&Type=search", "url2": "https://www.kawano2011.com/" }, "geometry": { "type": "Point", "coordinates": [ 140.631707199999937, 35.9143261 ] } },
{ "type": "Feature", "properties": { "内容": "デイサービスセンター菜の花【通所介護】矢田部8867-1", "url": "https://www.kaigokensaku.mhlw.go.jp/08/index.php?action_kouhyou_detail_004_kani=true&JigyosyoCd=0875200693-00&ServiceCd=150&Type=search", "url2": "https://h-tanpopo.jp/" }, "geometry": { "type": "Point", "coordinates": [ 140.784700199999946, 35.7864962 ] } },
{ "type": "Feature", "properties": { "内容": "すみれデイサービスセンター【通所介護】茨城県神栖市矢田部12678-7特別養護老人ホーム　マリンピア神栖内", "url": "https://www.kaigokensaku.mhlw.go.jp/08/index.php?action_kouhyou_detail_004_kani=true&JigyosyoCd=0875200149-00&ServiceCd=150&Type=search", "url2": "http://www.welfara-marinepia.or.jp/" }, "geometry": { "type": "Point", "coordinates": [ 140.762870600000042, 35.8249027 ] } },
{ "type": "Feature", "properties": { "内容": "ケアサポート　のどか【通所介護】神栖市知手中央8-4-30", "url": "https://www.kaigokensaku.mhlw.go.jp/08/index.php?action_kouhyou_detail_004_kani=true&JigyosyoCd=0875200156-00&ServiceCd=150&Type=search", "url2": null }, "geometry": { "type": "Point", "coordinates": [ 140.703977320072738, 35.868865438357581 ] } },
{ "type": "Feature", "properties": { "内容": "デイサービスセンターみのり【通所介護】神栖市矢田部　12642-11", "url": "https://www.kaigokensaku.mhlw.go.jp/08/index.php?action_kouhyou_detail_004_kani=true&JigyosyoCd=0873600738-00&ServiceCd=150&Type=search", "url2": "http://www.kql.co.jp" }, "geometry": { "type": "Point", "coordinates": [ 140.762201199999936, 35.8230974 ] } },
{ "type": "Feature", "properties": { "内容": "健康サポートうらら【通所介護】茨城県神栖市大野原中央３丁目１-５0", "url": "https://www.kaigokensaku.mhlw.go.jp/08/index.php?action_kouhyou_detail_004_kani=true&JigyosyoCd=0875200297-00&ServiceCd=150&Type=search", "url2": "https://sanpou-ulala.com/" }, "geometry": { "type": "Point", "coordinates": [ 140.636938200000031, 35.8863739 ] } },
{ "type": "Feature", "properties": { "内容": "ふくふく神栖【通所介護】茨城県神栖市若松中央2-20", "url": "https://www.kaigokensaku.mhlw.go.jp/08/index.php?action_kouhyou_detail_004_kani=true&JigyosyoCd=0875200115-00&ServiceCd=150&Type=search", "url2": "http://www.ns-group.co.jp" }, "geometry": { "type": "Point", "coordinates": [ 140.734058369311441, 35.835201985416077 ] } },
{ "type": "Feature", "properties": { "内容": "ヤックスデイサービスかみす【通所介護】茨城県神栖市大野原4-8-67-4ヤックスドラッグオークビレッジかみす店内", "url": "https://www.kaigokensaku.mhlw.go.jp/08/index.php?action_kouhyou_detail_004_kani=true&JigyosyoCd=0875201014-00&ServiceCd=150&Type=search", "url2": null }, "geometry": { "type": "Point", "coordinates": [ 140.63506, 35.899890699999986 ] } },
{ "type": "Feature", "properties": { "内容": "きたうらディサービスセンター【通所介護】茨城県行方市山田３３３９－６", "url": "https://www.kaigokensaku.mhlw.go.jp/08/index.php?action_kouhyou_detail_004_kani=true&JigyosyoCd=0873700330-00&ServiceCd=150&Type=search", "url2": "http://www.doaikai.com" }, "geometry": { "type": "Point", "coordinates": [ 140.517508099999986, 36.081449 ] } },
{ "type": "Feature", "properties": { "内容": "デイサービスセンター　ひまわり【通所介護】茨城県行方市玉造甲422", "url": "https://www.kaigokensaku.mhlw.go.jp/08/index.php?action_kouhyou_detail_004_kani=true&JigyosyoCd=0873700447-00&ServiceCd=150&Type=search", "url2": null }, "geometry": { "type": "Point", "coordinates": [ 140.414073199999962, 36.1037828 ] } },
{ "type": "Feature", "properties": { "内容": "玉寿荘デイサービスセンター【通所介護】茨城県行方市手賀1854-1", "url": "https://www.kaigokensaku.mhlw.go.jp/08/index.php?action_kouhyou_detail_004_kani=true&JigyosyoCd=0873700280-00&ServiceCd=150&Type=search", "url2": "care-net.biz/08/gyokujyusou/" }, "geometry": { "type": "Point", "coordinates": [ 140.433533799999964, 36.0847135 ] } },
{ "type": "Feature", "properties": { "内容": "デイサービスセンターあそうの郷【通所介護】行方市青沼９８１番地２", "url": "https://www.kaigokensaku.mhlw.go.jp/08/index.php?action_kouhyou_detail_004_kani=true&JigyosyoCd=0873700553-00&ServiceCd=150&Type=search", "url2": "http://www.ai-wa-kai.com" }, "geometry": { "type": "Point", "coordinates": [ 140.51322719999996, 36.0261425 ] } },
{ "type": "Feature", "properties": { "内容": "デイサービス　ぽっかぽか【通所介護】茨城県行方市繁昌642-1", "url": "https://www.kaigokensaku.mhlw.go.jp/08/index.php?action_kouhyou_detail_004_kani=true&JigyosyoCd=0875300113-00&ServiceCd=150&Type=search", "url2": "https://www.homehelp-taiyou.co.jp/" }, "geometry": { "type": "Point", "coordinates": [ 140.52132180000001, 36.061228 ] } },
{ "type": "Feature", "properties": { "内容": "通所介護事業所　ケアセンターほこた【通所介護】茨城県鉾田市徳宿3073-5", "url": "https://www.kaigokensaku.mhlw.go.jp/08/index.php?action_kouhyou_detail_004_kani=true&JigyosyoCd=0875400095-00&ServiceCd=150&Type=search", "url2": "https://www.hokota-sogo-hukushi.com" }, "geometry": { "type": "Point", "coordinates": [ 140.4876514, 36.2052675 ] } },
{ "type": "Feature", "properties": { "内容": "デイサービスセンター　うぇるさんて大洋【通所介護】茨城県鉾田市上幡木1512番地４", "url": "https://www.kaigokensaku.mhlw.go.jp/08/index.php?action_kouhyou_detail_004_kani=true&JigyosyoCd=0873600449-00&ServiceCd=150&Type=search", "url2": "http://wellsante.net" }, "geometry": { "type": "Point", "coordinates": [ 140.6042665, 36.0818257 ] } },
{ "type": "Feature", "properties": { "内容": "鉾田サンハウス通所介護事業所【通所介護】鉾田市鳥栖2100-9", "url": "https://www.kaigokensaku.mhlw.go.jp/08/index.php?action_kouhyou_detail_004_kani=true&JigyosyoCd=0873600316-00&ServiceCd=150&Type=search", "url2": "http://hyakurisunhouse.com/" }, "geometry": { "type": "Point", "coordinates": [ 140.479444199999989, 36.1959489 ] } },
{ "type": "Feature", "properties": { "内容": "樅山会　樅山デイサービスセンター【通所介護】鉾田市樅山498", "url": "https://www.kaigokensaku.mhlw.go.jp/08/index.php?action_kouhyou_detail_004_kani=true&JigyosyoCd=0873600183-00&ServiceCd=150&Type=search", "url2": "http://www.momiyama-kai.org/" }, "geometry": { "type": "Point", "coordinates": [ 140.548860699999977, 36.1953425 ] } },
{ "type": "Feature", "properties": { "内容": "通所介護センター東湖園【通所介護】茨城県鉾田市安房１６７０－１２", "url": "https://www.kaigokensaku.mhlw.go.jp/08/index.php?action_kouhyou_detail_004_kani=true&JigyosyoCd=0873600191-00&ServiceCd=150&Type=search", "url2": "http://www.tokoen.hello-net.info/" }, "geometry": { "type": "Point", "coordinates": [ 140.526588537959242, 36.165407461240797 ] } },
{ "type": "Feature", "properties": { "内容": "デイサービスセンター藤の家【通所介護】茨城県鉾田市湯坪2166番8", "url": "https://www.kaigokensaku.mhlw.go.jp/08/index.php?action_kouhyou_detail_004_kani=true&JigyosyoCd=0875400202-00&ServiceCd=150&Type=search", "url2": "fujinoie.com" }, "geometry": { "type": "Point", "coordinates": [ 140.5328946, 36.1780044 ] } },
{ "type": "Feature", "properties": { "内容": "デイサービス　さくらの里【通所介護】福岡3000-1", "url": "https://www.kaigokensaku.mhlw.go.jp/08/index.php?action_kouhyou_detail_004_kani=true&JigyosyoCd=0875500183-00&ServiceCd=150&Type=search", "url2": "http://www.sakuranosato.org" }, "geometry": { "type": "Point", "coordinates": [ 140.031052478659831, 36.032582656581575 ] } },
{ "type": "Feature", "properties": { "内容": "ご長寿くらぶつくばみらい小絹デイサービスセンター【通所介護】茨城県つくばみらい市小絹1284-1", "url": "https://www.kaigokensaku.mhlw.go.jp/08/index.php?action_kouhyou_detail_004_kani=true&JigyosyoCd=0875500431-00&ServiceCd=150&Type=search", "url2": "gochouzyuclub-kokinu@iaa.inkeeper.ne.jp" }, "geometry": { "type": "Point", "coordinates": [ 139.9777537, 35.9864678 ] } },
{ "type": "Feature", "properties": { "内容": "ご長寿くらぶつくばみらい伊奈東デイサービスセンター【通所介護】茨城県つくばみらい市伊奈東33-98", "url": "https://www.kaigokensaku.mhlw.go.jp/08/index.php?action_kouhyou_detail_004_kani=true&JigyosyoCd=0875500407-00&ServiceCd=150&Type=search", "url2": "gochouzyuclub-inahigashi@iaa.itkeeper.ne.jp" }, "geometry": { "type": "Point", "coordinates": [ 140.057487400000014, 35.9920617 ] } },
{ "type": "Feature", "properties": { "内容": "谷和原指定通所介護事業所【通所介護】茨城県つくばみらい市古川1047", "url": "https://www.kaigokensaku.mhlw.go.jp/08/index.php?action_kouhyou_detail_004_kani=true&JigyosyoCd=0874000052-00&ServiceCd=150&Type=search", "url2": "http://nukumorisou.com/" }, "geometry": { "type": "Point", "coordinates": [ 140.013099, 35.9927669 ] } },
{ "type": "Feature", "properties": { "内容": "デイサービスセンター　いなの里【通所介護】つくばみらい市長渡呂新田840番地2", "url": "https://www.kaigokensaku.mhlw.go.jp/08/index.php?action_kouhyou_detail_004_kani=true&JigyosyoCd=0874000102-00&ServiceCd=150&Type=search", "url2": "http://www.inanosato.com/" }, "geometry": { "type": "Point", "coordinates": [ 140.02731, 35.9567133 ] } },
{ "type": "Feature", "properties": { "内容": "株式会社　スマイルケア　指定通所介護事業所【通所介護】つくばみらい市福岡1275-1", "url": "https://www.kaigokensaku.mhlw.go.jp/08/index.php?action_kouhyou_detail_004_kani=true&JigyosyoCd=0874000169-00&ServiceCd=150&Type=search", "url2": "http://www.smile-care.jp/" }, "geometry": { "type": "Point", "coordinates": [ 140.032570299999946, 36.0251747 ] } },
{ "type": "Feature", "properties": { "内容": "ケアステージつくばみらい指定通所介護事業所【通所介護】茨城県つくばみらい市東楢戸872番地7", "url": "https://www.kaigokensaku.mhlw.go.jp/08/index.php?action_kouhyou_detail_004_kani=true&JigyosyoCd=0875500076-00&ServiceCd=150&Type=search", "url2": "http://carewind.co.jp" }, "geometry": { "type": "Point", "coordinates": [ 140.034200201136059, 35.991064987871361 ] } },
{ "type": "Feature", "properties": { "内容": "アプローズみらい平【通所介護】茨城県つくばみらい市紫峰ヶ丘３－２－５", "url": "https://www.kaigokensaku.mhlw.go.jp/08/index.php?action_kouhyou_detail_004_kani=true&JigyosyoCd=0875500365-00&ServiceCd=150&Type=search", "url2": "http://www.smile-one.info" }, "geometry": { "type": "Point", "coordinates": [ 140.034152, 36.0050633 ] } },
{ "type": "Feature", "properties": { "内容": "トヨリハ【通所介護】茨城県つくばみらい市上小目166-1", "url": "https://www.kaigokensaku.mhlw.go.jp/08/index.php?action_kouhyou_detail_004_kani=true&JigyosyoCd=0875500456-00&ServiceCd=150&Type=search", "url2": "https://toyoshima-mirai-kikaku-1661.co.jp/" }, "geometry": { "type": "Point", "coordinates": [ 139.997198200000014, 35.9873157 ] } },
{ "type": "Feature", "properties": { "内容": "在宅老人デイサービスセンター青丘園【通所介護】茨城県小美玉市橋場美13", "url": "https://www.kaigokensaku.mhlw.go.jp/08/index.php?action_kouhyou_detail_004_kani=true&JigyosyoCd=0873100499-00&ServiceCd=150&Type=search", "url2": "http://www.s-seikyu.com/" }, "geometry": { "type": "Point", "coordinates": [ 140.374570695631434, 36.253308736616781 ] } },
{ "type": "Feature", "properties": { "内容": "百里サンハウス通所介護事業所【通所介護】茨城県小美玉市下吉影2437-109", "url": "https://www.kaigokensaku.mhlw.go.jp/08/index.php?action_kouhyou_detail_004_kani=true&JigyosyoCd=0873100309-00&ServiceCd=150&Type=search", "url2": "http://hyakurisunhouse.com/" }, "geometry": { "type": "Point", "coordinates": [ 140.429300399999988, 36.169084 ] } },
{ "type": "Feature", "properties": { "内容": "デイサービスセンターほのか【通所介護】茨城県小美玉市中台145-4", "url": "https://www.kaigokensaku.mhlw.go.jp/08/index.php?action_kouhyou_detail_004_kani=true&JigyosyoCd=0875600595-00&ServiceCd=150&Type=search", "url2": "http://www.kuonkai.or.jp" }, "geometry": { "type": "Point", "coordinates": [ 140.3161887, 36.2240219 ] } },
{ "type": "Feature", "properties": { "内容": "通所介護事業所　サンホーム竹原【通所介護】小美玉市竹原405-6", "url": "https://www.kaigokensaku.mhlw.go.jp/08/index.php?action_kouhyou_detail_004_kani=true&JigyosyoCd=0873100960-00&ServiceCd=150&Type=search", "url2": "http;//www.baikoukai.jp/" }, "geometry": { "type": "Point", "coordinates": [ 140.3303201, 36.2138302 ] } },
{ "type": "Feature", "properties": { "内容": "通所介護事業所　せせらぎ荘【通所介護】茨城県小美玉市中延676-7", "url": "https://www.kaigokensaku.mhlw.go.jp/08/index.php?action_kouhyou_detail_004_kani=true&JigyosyoCd=0875600199-00&ServiceCd=150&Type=search", "url2": null }, "geometry": { "type": "Point", "coordinates": [ 140.365782699999954, 36.1831058 ] } },
{ "type": "Feature", "properties": { "内容": "デイサービスセンター　スマイルハート【通所介護】茨城県小美玉市羽刈６３８番１５", "url": "https://www.kaigokensaku.mhlw.go.jp/08/index.php?action_kouhyou_detail_004_kani=true&JigyosyoCd=0875600140-00&ServiceCd=150&Type=search", "url2": "http://wellness-sp.com" }, "geometry": { "type": "Point", "coordinates": [ 140.3030718, 36.2490809 ] } },
{ "type": "Feature", "properties": { "内容": "デイサービスセンター　スマイルハート　おがわ【通所介護】茨城県小美玉市小川415番地1", "url": "https://www.kaigokensaku.mhlw.go.jp/08/index.php?action_kouhyou_detail_004_kani=true&JigyosyoCd=0875600348-00&ServiceCd=150&Type=search", "url2": "http://www.wellness-sp.com" }, "geometry": { "type": "Point", "coordinates": [ 140.365513800000031, 36.170132 ] } },
{ "type": "Feature", "properties": { "内容": "デイサービスあいおんの里羽鳥【通所介護】羽刈653-7", "url": "https://www.kaigokensaku.mhlw.go.jp/08/index.php?action_kouhyou_detail_004_kani=true&JigyosyoCd=0875600363-00&ServiceCd=150&Type=search", "url2": "https://youkou-kai.or.jp/hatori" }, "geometry": { "type": "Point", "coordinates": [ 140.305997422892773, 36.25081074423489 ] } },
{ "type": "Feature", "properties": { "内容": "デイサービスセンターアークハビリス【通所介護】幡谷204-60", "url": "https://www.kaigokensaku.mhlw.go.jp/08/index.php?action_kouhyou_detail_004_kani=true&JigyosyoCd=0875600546-00&ServiceCd=150&Type=search", "url2": "https://www.midorinokaze.net/" }, "geometry": { "type": "Point", "coordinates": [ 140.37879430000001, 36.1657284 ] } },
{ "type": "Feature", "properties": { "内容": "通所介護事業所　ルミエ・デ・ソレイユ【通所介護】茨城県小美玉市山野707-13特別養護老人ホーム　ルミエ・デ・ソレイユ", "url": "https://www.kaigokensaku.mhlw.go.jp/08/index.php?action_kouhyou_detail_004_kani=true&JigyosyoCd=0875600389-00&ServiceCd=150&Type=search", "url2": "www.syuhaku-lumie.or.jp" }, "geometry": { "type": "Point", "coordinates": [ 140.3739756, 36.1687459 ] } },
{ "type": "Feature", "properties": { "内容": "デイサービスセンター　ウィステリア倶楽部【通所介護】前田1707-349", "url": "https://www.kaigokensaku.mhlw.go.jp/08/index.php?action_kouhyou_detail_004_kani=true&JigyosyoCd=0873101604-00&ServiceCd=150&Type=search", "url2": "http://www.shinaikai.or.jp" }, "geometry": { "type": "Point", "coordinates": [ 140.443267, 36.3201944 ] } },
{ "type": "Feature", "properties": { "内容": "ケアサポート桜ヶ丘【通所介護】茨城県東茨城郡茨城町小堤349-1", "url": "https://www.kaigokensaku.mhlw.go.jp/08/index.php?action_kouhyou_detail_004_kani=true&JigyosyoCd=0873101729-00&ServiceCd=150&Type=search", "url2": "http://www.trust-caresupport.com" }, "geometry": { "type": "Point", "coordinates": [ 140.418141687171925, 36.280185389218914 ] } },
{ "type": "Feature", "properties": { "内容": "ケアステーションあさひ茨城町桜の郷【通所介護】茨城県東茨城郡茨城町桜の郷620番19", "url": "https://www.kaigokensaku.mhlw.go.jp/08/index.php?action_kouhyou_detail_004_kani=true&JigyosyoCd=0873101828-00&ServiceCd=150&Type=search", "url2": "http://www.vati.co.jp/" }, "geometry": { "type": "Point", "coordinates": [ 140.414022199999977, 36.3256368 ] } },
{ "type": "Feature", "properties": { "内容": "デイサービスセンターみどりの杜【通所介護】茨城県東茨城郡茨城町小幡字北山２７６５番４", "url": "https://www.kaigokensaku.mhlw.go.jp/08/index.php?action_kouhyou_detail_004_kani=true&JigyosyoCd=0873101901-00&ServiceCd=150&Type=search", "url2": "https://tsutsumikai.com" }, "geometry": { "type": "Point", "coordinates": [ 140.414230132679762, 36.276334825996734 ] } },
{ "type": "Feature", "properties": { "内容": "デイサービス　桜の郷元気　ひたちの長岡【通所介護】茨城県東茨城郡茨城町長岡3652-32", "url": "https://www.kaigokensaku.mhlw.go.jp/08/index.php?action_kouhyou_detail_004_kani=true&JigyosyoCd=0873101869-00&ServiceCd=150&Type=search", "url2": "https://www.taijinkai.or.jp/" }, "geometry": { "type": "Point", "coordinates": [ 140.4504412, 36.3008071 ] } },
{ "type": "Feature", "properties": { "内容": "デイサービスセンター　ときわ木園【通所介護】茨城県東茨城郡茨城町若宮393-6", "url": "https://www.kaigokensaku.mhlw.go.jp/08/index.php?action_kouhyou_detail_004_kani=true&JigyosyoCd=0873100416-00&ServiceCd=150&Type=search", "url2": "http://tokiwagien.jp/" }, "geometry": { "type": "Point", "coordinates": [ 140.495604, 36.3089682 ] } },
{ "type": "Feature", "properties": { "内容": "デイサービス　桜の郷元気【通所介護】茨城県東茨城郡茨城町桜の郷２３１－７", "url": "https://www.kaigokensaku.mhlw.go.jp/08/index.php?action_kouhyou_detail_004_kani=true&JigyosyoCd=0873101109-00&ServiceCd=150&Type=search", "url2": "https://www.taijinkai.or.jp/publics/index/85/" }, "geometry": { "type": "Point", "coordinates": [ 140.408419699999968, 36.3230825 ] } },
{ "type": "Feature", "properties": { "内容": "ケアレジデンス　デイサービスセンター大洗【通所介護】東茨城郡大洗町磯浜町8227-4", "url": "https://www.kaigokensaku.mhlw.go.jp/08/index.php?action_kouhyou_detail_004_kani=true&JigyosyoCd=0873101380-00&ServiceCd=150&Type=search", "url2": "http://www.cararesi.jp" }, "geometry": { "type": "Point", "coordinates": [ 140.584442599999988, 36.3264132 ] } },
{ "type": "Feature", "properties": { "内容": "デイサービスセンターひぬま苑東光台【通所介護】茨城県東茨城郡大洗町磯浜町8244-34", "url": "https://www.kaigokensaku.mhlw.go.jp/08/index.php?action_kouhyou_detail_004_kani=true&JigyosyoCd=0873101075-00&ServiceCd=150&Type=search", "url2": "http://www6.ocn.ne.jp/~hinumaen/" }, "geometry": { "type": "Point", "coordinates": [ 140.584670599999981, 36.3190197 ] } },
{ "type": "Feature", "properties": { "内容": "フロイデ城里デイサービスセンター【通所介護】茨城県東茨城郡城里町石塚４８１－１", "url": "https://www.kaigokensaku.mhlw.go.jp/08/index.php?action_kouhyou_detail_004_kani=true&JigyosyoCd=0873101471-00&ServiceCd=150&Type=search", "url2": "https://www.hakuyukai-sfg.com/" }, "geometry": { "type": "Point", "coordinates": [ 140.375164, 36.477085 ] } },
{ "type": "Feature", "properties": { "内容": "指定通所介護事業所グリーンなかさい【通所介護】茨城県東茨城郡城里町那珂西　1483-3", "url": "https://www.kaigokensaku.mhlw.go.jp/08/index.php?action_kouhyou_detail_004_kani=true&JigyosyoCd=0873100259-00&ServiceCd=150&Type=search", "url2": null }, "geometry": { "type": "Point", "coordinates": [ 140.398714199999972, 36.4669428 ] } },
{ "type": "Feature", "properties": { "内容": "城里町社会福祉協議会　通所介護事業所【通所介護】東茨城郡城里町小勝１４００　　城里町七会保健福祉センター内", "url": "https://www.kaigokensaku.mhlw.go.jp/08/index.php?action_kouhyou_detail_004_kani=true&JigyosyoCd=0873101265-00&ServiceCd=150&Type=search", "url2": "http://www.shirosato-syakyo.com" }, "geometry": { "type": "Point", "coordinates": [ 140.281777599999941, 36.4710899 ] } },
{ "type": "Feature", "properties": { "内容": "ケアレジデンス　デイサービス城里【通所介護】茨城県東茨城郡城里町石塚２２５４－１", "url": "https://www.kaigokensaku.mhlw.go.jp/08/index.php?action_kouhyou_detail_004_kani=true&JigyosyoCd=0873101281-00&ServiceCd=150&Type=search", "url2": "https://www.careresi.jp/center/ds-shirosato/" }, "geometry": { "type": "Point", "coordinates": [ 140.379418399999963, 36.4763609 ] } },
{ "type": "Feature", "properties": { "内容": "らいおんハートリハビリ温泉デイサービス東海村【通所介護】茨城県那珂郡東海村石神外宿２５０９－１１", "url": "https://www.kaigokensaku.mhlw.go.jp/08/index.php?action_kouhyou_detail_004_kani=true&JigyosyoCd=0873301337-00&ServiceCd=150&Type=search", "url2": "https://lion-heart.co/shops/day_service_tokai/" }, "geometry": { "type": "Point", "coordinates": [ 140.559939977632183, 36.480913878618679 ] } },
{ "type": "Feature", "properties": { "内容": "コミュ二ティガーデンとうかい【通所介護】茨城県那珂郡東海村舟石川607-68コミュ二ティガーデンとうかい", "url": "https://www.kaigokensaku.mhlw.go.jp/08/index.php?action_kouhyou_detail_004_kani=true&JigyosyoCd=0873301246-00&ServiceCd=150&Type=search", "url2": "https://www.communitygarden.jp/tokai/" }, "geometry": { "type": "Point", "coordinates": [ 140.548298211610501, 36.471277253163663 ] } },
{ "type": "Feature", "properties": { "内容": "デイサービスセンターハビリス【通所介護】那珂郡東海村舟石川667-1", "url": "https://www.kaigokensaku.mhlw.go.jp/08/index.php?action_kouhyou_detail_004_kani=true&JigyosyoCd=0873301071-00&ServiceCd=150&Type=search", "url2": "https://olive-olivie.com/" }, "geometry": { "type": "Point", "coordinates": [ 140.551790294449461, 36.465627436959778 ] } },
{ "type": "Feature", "properties": { "内容": "オークス東海デイサービス【通所介護】茨城県那珂郡東海村船場５８８－７", "url": "https://www.kaigokensaku.mhlw.go.jp/08/index.php?action_kouhyou_detail_004_kani=true&JigyosyoCd=0873301105-00&ServiceCd=150&Type=search", "url2": "http://ioaks.com" }, "geometry": { "type": "Point", "coordinates": [ 140.5468065, 36.4499254 ] } },
{ "type": "Feature", "properties": { "内容": "リフレ寿【通所介護】茨城県那珂郡東海村石神内宿２４４８－３", "url": "https://www.kaigokensaku.mhlw.go.jp/08/index.php?action_kouhyou_detail_004_kani=true&JigyosyoCd=0873300750-00&ServiceCd=150&Type=search", "url2": null }, "geometry": { "type": "Point", "coordinates": [ 140.561593876721219, 36.476034257850685 ] } },
{ "type": "Feature", "properties": { "内容": "デイサービス　　すみれ【通所介護】茨城県那珂郡東海村船場703-7", "url": "https://www.kaigokensaku.mhlw.go.jp/08/index.php?action_kouhyou_detail_004_kani=true&JigyosyoCd=0873301006-00&ServiceCd=150&Type=search", "url2": "https://www.seireikai.jp/" }, "geometry": { "type": "Point", "coordinates": [ 140.5450088, 36.4622914 ] } },
{ "type": "Feature", "properties": { "内容": "萬有の森メディック東海【通所介護】那珂郡東海村照沼22－3", "url": "https://www.kaigokensaku.mhlw.go.jp/08/index.php?action_kouhyou_detail_004_kani=true&JigyosyoCd=0873301139-00&ServiceCd=150&Type=search", "url2": null }, "geometry": { "type": "Point", "coordinates": [ 140.593252600000028, 36.434948500000012 ] } },
{ "type": "Feature", "properties": { "内容": "オリーブデイズ【通所介護】豊白1丁目3-37201", "url": "https://www.kaigokensaku.mhlw.go.jp/08/index.php?action_kouhyou_detail_004_kani=true&JigyosyoCd=0873301444-00&ServiceCd=150&Type=search", "url2": "https://olive-olivie.com/" }, "geometry": { "type": "Point", "coordinates": [ 140.572065400000014, 36.468435 ] } },
{ "type": "Feature", "properties": { "内容": "ルアルデイサービスとうかい【通所介護】茨城県那珂郡東海村舟石川駅西4-24-31", "url": "https://www.kaigokensaku.mhlw.go.jp/08/index.php?action_kouhyou_detail_004_kani=true&JigyosyoCd=0873301345-00&ServiceCd=150&Type=search", "url2": "http://rosalith-kaigo.com" }, "geometry": { "type": "Point", "coordinates": [ 140.561687900000038, 36.4680847 ] } },
{ "type": "Feature", "properties": { "内容": "久慈川荘デイサービスセンター【通所介護】久慈郡大子町北田気551-1", "url": "https://www.kaigokensaku.mhlw.go.jp/08/index.php?action_kouhyou_detail_004_kani=true&JigyosyoCd=0873400253-00&ServiceCd=150&Type=search", "url2": "http://kujigawasou.or.jp/dayservice.html" }, "geometry": { "type": "Point", "coordinates": [ 140.3602237, 36.7645884 ] } },
{ "type": "Feature", "properties": { "内容": "特別養護老人ホームエミール通所介護事業所【通所介護】茨城県稲敷郡美浦村信太2842番1特別養護老人ホームエミール", "url": "https://www.kaigokensaku.mhlw.go.jp/08/index.php?action_kouhyou_detail_004_kani=true&JigyosyoCd=0873801450-00&ServiceCd=150&Type=search", "url2": "https://emile-miho.jp" }, "geometry": { "type": "Point", "coordinates": [ 140.3146457, 35.9891532 ] } },
{ "type": "Feature", "properties": { "内容": "社会福祉法人美浦村社会福祉協議会指定通所介護事業所【通所介護】茨城県稲敷郡美浦村受領１５４６番地の１", "url": "https://www.kaigokensaku.mhlw.go.jp/08/index.php?action_kouhyou_detail_004_kani=true&JigyosyoCd=0873800395-00&ServiceCd=150&Type=search", "url2": "http://www.mihoshakyo.jp/" }, "geometry": { "type": "Point", "coordinates": [ 140.301478, 36.005073 ] } },
{ "type": "Feature", "properties": { "内容": "デイ・アクティブホーム潤取手【通所介護】茨城県駒場3丁目7－15", "url": "https://www.kaigokensaku.mhlw.go.jp/08/index.php?action_kouhyou_detail_004_kani=true&JigyosyoCd=0871700233-00&ServiceCd=150&Type=search", "url2": null }, "geometry": { "type": "Point", "coordinates": [ 140.0532928, 35.9175132 ] } },
{ "type": "Feature", "properties": { "内容": "指定通所介護事業所いくり苑那珂【通所介護】茨城県那珂市菅谷3799－6", "url": "https://www.kaigokensaku.mhlw.go.jp/08/index.php?action_kouhyou_detail_004_kani=true&JigyosyoCd=0872600176-00&ServiceCd=150&Type=search", "url2": "http://www.ikurien.com" }, "geometry": { "type": "Point", "coordinates": [ 140.502025300000014, 36.4318777 ] } },
{ "type": "Feature", "properties": { "内容": "梅里ガーデンアクアビラデイサービスセンター【通所介護】茨城県常陸太田市大平町666", "url": "https://www.kaigokensaku.mhlw.go.jp/08/index.php?action_kouhyou_detail_004_kani=true&JigyosyoCd=0873400303-00&ServiceCd=150&Type=search", "url2": null }, "geometry": { "type": "Point", "coordinates": [ 140.500679399999967, 36.5555074 ] } },
{ "type": "Feature", "properties": { "内容": "リハビリ特化型デイサービス　リウォーク【通所介護】茨城県稲敷郡阿見町吉原3628‐6", "url": "https://www.kaigokensaku.mhlw.go.jp/08/index.php?action_kouhyou_detail_004_kani=true&JigyosyoCd=0873801187-00&ServiceCd=150&Type=search", "url2": "http://www.rewalk.jp" }, "geometry": { "type": "Point", "coordinates": [ 140.213611300000053, 35.9994461 ] } },
{ "type": "Feature", "properties": { "内容": "デイサービス奏で阿見店【通所介護】茨城県稲敷郡阿見町中央2-15-22", "url": "https://www.kaigokensaku.mhlw.go.jp/08/index.php?action_kouhyou_detail_004_kani=true&JigyosyoCd=0873801195-00&ServiceCd=150&Type=search", "url2": "http://magokoro-kanade.com/" }, "geometry": { "type": "Point", "coordinates": [ 140.219571500000029, 36.0251293 ] } },
{ "type": "Feature", "properties": { "内容": "すずデイサービス【通所介護】茨城県稲敷郡阿見町小池1631-4", "url": "https://www.kaigokensaku.mhlw.go.jp/08/index.php?action_kouhyou_detail_004_kani=true&JigyosyoCd=0873801500-00&ServiceCd=150&Type=search", "url2": null }, "geometry": { "type": "Point", "coordinates": [ 140.197586699999988, 35.9899475 ] } },
{ "type": "Feature", "properties": { "内容": "デイサービス　ひだまり【通所介護】茨城県稲敷郡阿見町中郷2-3-4", "url": "https://www.kaigokensaku.mhlw.go.jp/08/index.php?action_kouhyou_detail_004_kani=true&JigyosyoCd=0873801245-00&ServiceCd=150&Type=search", "url2": "https://kawachikoseikai.com/facility/hidamari/hidamari-top.html" }, "geometry": { "type": "Point", "coordinates": [ 140.215735600000016, 36.0409856 ] } },
{ "type": "Feature", "properties": { "内容": "阿見ケアコミュニティそよ風【通所介護】稲敷郡阿見町うずら野4-24-5", "url": "https://www.kaigokensaku.mhlw.go.jp/08/index.php?action_kouhyou_detail_004_kani=true&JigyosyoCd=0873800486-00&ServiceCd=150&Type=search", "url2": null }, "geometry": { "type": "Point", "coordinates": [ 140.176839100000052, 36.0283082 ] } },
{ "type": "Feature", "properties": { "内容": "通所介護事業所　セントラル阿見【通所介護】茨城県稲敷郡阿見町荒川本郷179-23", "url": "https://www.kaigokensaku.mhlw.go.jp/08/index.php?action_kouhyou_detail_004_kani=true&JigyosyoCd=0873801427-00&ServiceCd=150&Type=search", "url2": "http://www.wakatake-kai.or.jp" }, "geometry": { "type": "Point", "coordinates": [ 140.160450502345185, 36.013704535869429 ] } },
{ "type": "Feature", "properties": { "内容": "株式会社エステル【通所介護】鈴木2-154", "url": "https://www.kaigokensaku.mhlw.go.jp/08/index.php?action_kouhyou_detail_004_kani=true&JigyosyoCd=0873801005-00&ServiceCd=150&Type=search", "url2": "https://esuteru.jimdofree.com/" }, "geometry": { "type": "Point", "coordinates": [ 140.21536, 36.024174 ] } },
{ "type": "Feature", "properties": { "内容": "デイサービスたくみ【通所介護】稲敷郡阿見町阿見5452-4", "url": "https://www.kaigokensaku.mhlw.go.jp/08/index.php?action_kouhyou_detail_004_kani=true&JigyosyoCd=0873801575-00&ServiceCd=150&Type=search", "url2": null }, "geometry": { "type": "Point", "coordinates": [ 140.192685690737903, 36.030909813699601 ] } },
{ "type": "Feature", "properties": { "内容": "デイサービスセンターさとのこハウス荒川本郷【通所介護】茨城県稲敷郡阿見町本郷３丁目３番１号", "url": "https://www.kaigokensaku.mhlw.go.jp/08/index.php?action_kouhyou_detail_004_kani=true&JigyosyoCd=0873801047-00&ServiceCd=150&Type=search", "url2": "https://www.welcia-kaigo.co.jp" }, "geometry": { "type": "Point", "coordinates": [ 140.174628799999937, 36.0066191 ] } },
{ "type": "Feature", "properties": { "内容": "デイサービス　Do【通所介護】うずら野4-18-15", "url": "https://www.kaigokensaku.mhlw.go.jp/08/index.php?action_kouhyou_detail_004_kani=true&JigyosyoCd=0873801310-00&ServiceCd=150&Type=search", "url2": null }, "geometry": { "type": "Point", "coordinates": [ 140.179391399999986, 36.0309789 ] } },
{ "type": "Feature", "properties": { "内容": "通所介護事業所　桜川陽だまり館【通所介護】水戸市河和田町58", "url": "https://www.kaigokensaku.mhlw.go.jp/08/index.php?action_kouhyou_detail_004_kani=true&JigyosyoCd=0870103074-00&ServiceCd=150&Type=search", "url2": "www.heart-pia.com" }, "geometry": { "type": "Point", "coordinates": [ 140.4273167, 36.3674018 ] } },
{ "type": "Feature", "properties": { "内容": "阿見翔裕園デイサービスセンター【通所介護】茨城県稲敷郡阿見町阿見字阿見原5137番地", "url": "https://www.kaigokensaku.mhlw.go.jp/08/index.php?action_kouhyou_detail_004_kani=true&JigyosyoCd=0873800338-00&ServiceCd=150&Type=search", "url2": "https://www.genkimuragroup.jp/facilitylist/ami/" }, "geometry": { "type": "Point", "coordinates": [ 140.198767024267568, 36.030465103538944 ] } },
{ "type": "Feature", "properties": { "内容": "デイサービスあみ【通所介護】茨城県稲敷郡阿見町よしわら6-8-1", "url": "https://www.kaigokensaku.mhlw.go.jp/08/index.php?action_kouhyou_detail_004_kani=true&JigyosyoCd=0873801328-00&ServiceCd=150&Type=search", "url2": "nsc.ami@plumeria-care.jp" }, "geometry": { "type": "Point", "coordinates": [ 140.2324108, 35.9830209 ] } },
{ "type": "Feature", "properties": { "内容": "デイサービスセンター　阿見こなん【通所介護】茨城県稲敷郡阿見町南平台１－３３－１０", "url": "https://www.kaigokensaku.mhlw.go.jp/08/index.php?action_kouhyou_detail_004_kani=true&JigyosyoCd=0873801021-00&ServiceCd=150&Type=search", "url2": "http://www.seisyuukai.com/" }, "geometry": { "type": "Point", "coordinates": [ 140.255320500000039, 36.0223307 ] } },
{ "type": "Feature", "properties": { "内容": "デイサービス希望～きぼう～【通所介護】茨城県稲敷郡阿見町鈴木59-63", "url": "https://www.kaigokensaku.mhlw.go.jp/08/index.php?action_kouhyou_detail_004_kani=true&JigyosyoCd=0873801070-00&ServiceCd=150&Type=search", "url2": "http://www.ocean-ami.net/" }, "geometry": { "type": "Point", "coordinates": [ 140.2029011, 36.0235853 ] } },
{ "type": "Feature", "properties": { "内容": "指定通所介護事業所あじさい苑【通所介護】茨城県稲敷郡河内町生板字横間8907番地", "url": "https://www.kaigokensaku.mhlw.go.jp/08/index.php?action_kouhyou_detail_004_kani=true&JigyosyoCd=0873800585-00&ServiceCd=150&Type=search", "url2": null }, "geometry": { "type": "Point", "coordinates": [ 140.215853159570855, 35.878787341381475 ] } },
{ "type": "Feature", "properties": { "内容": "デイサービスセンター　千の風・河内【通所介護】茨城県稲敷郡河内町生板4627", "url": "https://www.kaigokensaku.mhlw.go.jp/08/index.php?action_kouhyou_detail_004_kani=true&JigyosyoCd=0873801369-00&ServiceCd=150&Type=search", "url2": "http://www.kenjin.or.jp/sennokaze/kawachi/" }, "geometry": { "type": "Point", "coordinates": [ 140.218709, 35.8901272 ] } },
{ "type": "Feature", "properties": { "内容": "デイサービス『えがお』【通所介護】茨城県結城郡八千代町蕗田161-10", "url": "https://www.kaigokensaku.mhlw.go.jp/08/index.php?action_kouhyou_detail_004_kani=true&JigyosyoCd=0874200421-00&ServiceCd=150&Type=search", "url2": null }, "geometry": { "type": "Point", "coordinates": [ 139.89181, 36.1665981 ] } },
{ "type": "Feature", "properties": { "内容": "デイサービスひなた【通所介護】茨城県結城郡八千代町大字菅谷2126番地1", "url": "https://www.kaigokensaku.mhlw.go.jp/08/index.php?action_kouhyou_detail_004_kani=true&JigyosyoCd=0874200629-00&ServiceCd=150&Type=search", "url2": null }, "geometry": { "type": "Point", "coordinates": [ 139.867165399999976, 36.1950634 ] } },
{ "type": "Feature", "properties": { "内容": "あいざわケアステーション元気ハウス【通所介護】茨城県結城郡八千代町村貫17番地1", "url": "https://www.kaigokensaku.mhlw.go.jp/08/index.php?action_kouhyou_detail_004_kani=true&JigyosyoCd=0874200520-00&ServiceCd=150&Type=search", "url2": "https://peraichi.com/landing_pages/view/aeb59" }, "geometry": { "type": "Point", "coordinates": [ 139.876742299999933, 36.172244700000014 ] } },
{ "type": "Feature", "properties": { "内容": "デイサービスセンター　玉樹【通所介護】茨城県結城郡八千代町大字菅谷字新田山1021-1", "url": "https://www.kaigokensaku.mhlw.go.jp/08/index.php?action_kouhyou_detail_004_kani=true&JigyosyoCd=0874200397-00&ServiceCd=150&Type=search", "url2": "http://www.tamaki.or.jp/" }, "geometry": { "type": "Point", "coordinates": [ 139.891128699999967, 36.1816352 ] } },
{ "type": "Feature", "properties": { "内容": "フィオーレ通所介護ステーション【通所介護】茨城県結城郡八千代町栗山２２９－１", "url": "https://www.kaigokensaku.mhlw.go.jp/08/index.php?action_kouhyou_detail_004_kani=true&JigyosyoCd=0874200173-00&ServiceCd=150&Type=search", "url2": "https://tsukubakinenkai.or.jp/" }, "geometry": { "type": "Point", "coordinates": [ 139.905792499999961, 36.1530441 ] } },
{ "type": "Feature", "properties": { "内容": "デイサービスセンターみらいぞ【通所介護】茨城県猿島郡五霞町大字元栗橋4639-8デイサービスセンターみらいぞ", "url": "https://www.kaigokensaku.mhlw.go.jp/08/index.php?action_kouhyou_detail_004_kani=true&JigyosyoCd=0874301252-00&ServiceCd=150&Type=search", "url2": "https://miraizo.co.jp/" }, "geometry": { "type": "Point", "coordinates": [ 139.7313938, 36.0887512 ] } },
{ "type": "Feature", "properties": { "内容": "通所介護デイサービスセンターきららの杜【通所介護】茨城県猿島郡五霞町元栗橋7331-1", "url": "https://www.kaigokensaku.mhlw.go.jp/08/index.php?action_kouhyou_detail_004_kani=true&JigyosyoCd=0874300791-00&ServiceCd=150&Type=search", "url2": "http://www.kiraranomori.or.jp/" }, "geometry": { "type": "Point", "coordinates": [ 139.728611399999977, 36.1115239 ] } },
{ "type": "Feature", "properties": { "内容": "デイサービスセンターわきあいあい【通所介護】茨城県猿島郡五霞町原宿台1-3-1", "url": "https://www.kaigokensaku.mhlw.go.jp/08/index.php?action_kouhyou_detail_004_kani=true&JigyosyoCd=0874301153-00&ServiceCd=150&Type=search", "url2": "http://keiwakai-grp.or.jp" }, "geometry": { "type": "Point", "coordinates": [ 139.737466600000062, 36.1000699 ] } },
{ "type": "Feature", "properties": { "内容": "エムズライフ通所介護事業所【通所介護】茨城県猿島郡五霞町大字元栗橋5395-2谷野ロジテム2階", "url": "https://www.kaigokensaku.mhlw.go.jp/08/index.php?action_kouhyou_detail_004_kani=true&JigyosyoCd=0874301229-00&ServiceCd=150&Type=search", "url2": "http://www.mslife.info/" }, "geometry": { "type": "Point", "coordinates": [ 139.730626779756449, 36.099498554852921 ] } },
{ "type": "Feature", "properties": { "内容": "JA茨城むつみ　ディサービスセンターぬくもり【通所介護】茨城県猿島郡境町西泉田1278-9", "url": "https://www.kaigokensaku.mhlw.go.jp/08/index.php?action_kouhyou_detail_004_kani=true&JigyosyoCd=0874300486-00&ServiceCd=150&Type=search", "url2": "nukumori" }, "geometry": { "type": "Point", "coordinates": [ 139.805295900000033, 36.1234725 ] } },
{ "type": "Feature", "properties": { "内容": "光風貴楼株式会社【通所介護】1452－15", "url": "https://www.kaigokensaku.mhlw.go.jp/08/index.php?action_kouhyou_detail_004_kani=true&JigyosyoCd=0874301187-00&ServiceCd=150&Type=search", "url2": null }, "geometry": { "type": "Point", "coordinates": [ 137.00152460000001, 36.7384284 ] } },
{ "type": "Feature", "properties": { "内容": "ファミール境　通所介護事業所【通所介護】茨城県猿島郡境町塚崎４８６４", "url": "https://www.kaigokensaku.mhlw.go.jp/08/index.php?action_kouhyou_detail_004_kani=true&JigyosyoCd=0874300239-00&ServiceCd=150&Type=search", "url2": "http://w3.dreams.ne.jp/famille" }, "geometry": { "type": "Point", "coordinates": [ 139.779917699999942, 36.1179163 ] } },
{ "type": "Feature", "properties": { "内容": "デイサービス　ソラスト利根【通所介護】茨城県北相馬郡利根町早尾字早尾台６１０－１", "url": "https://www.kaigokensaku.mhlw.go.jp/08/index.php?action_kouhyou_detail_004_kani=true&JigyosyoCd=0874400518-00&ServiceCd=150&Type=search", "url2": "http://www.solasto.co.jp/" }, "geometry": { "type": "Point", "coordinates": [ 140.141872, 35.877236 ] } },
{ "type": "Feature", "properties": { "内容": "デイサービス　響【通所介護】茨城県北相馬郡利根町横須賀１４７", "url": "https://www.kaigokensaku.mhlw.go.jp/08/index.php?action_kouhyou_detail_004_kani=true&JigyosyoCd=0874400393-00&ServiceCd=150&Type=search", "url2": "http://tone-hibiki.jindofree.com/" }, "geometry": { "type": "Point", "coordinates": [ 140.156987500000014, 35.8767869 ] } },
{ "type": "Feature", "properties": { "内容": "やまなみ園通所介護事業所【通所介護】茨城県北相馬郡利根町立木909", "url": "https://www.kaigokensaku.mhlw.go.jp/08/index.php?action_kouhyou_detail_004_kani=true&JigyosyoCd=0874400211-00&ServiceCd=150&Type=search", "url2": "http://yamanamien.jp/" }, "geometry": { "type": "Point", "coordinates": [ 140.180780700000014, 35.8712743 ] } }
]
}
